timepoint	strain	frequency	weighted_distance_to_present	weighted_distance_to_future	fitness	projected_frequency	y	future_timepoint	model	hemisphere	forecast_year
2012-09-01	A/AKITA/14/2012_EPI393439	0.000976	19.521272000000017	8.943057999999985	0.20546894409409483	0.0010537604318387125	20.43565512817662	2013-02-01	ep_star-ne_star	south	2013
2012-09-01	A/Alabama/02/2012_EPI356607	3.4e-05	19.773058000000013	8.824217999999984	0.20546894409409483	3.6708867502578095e-05	20.70117219468512	2013-02-01	ep_star-ne_star	south	2013
2012-09-01	A/Alabama/05/2012_EPI367490	0.000308	18.954602000000005	9.484892999999976	0.20546894409409483	0.00033253915267041333	19.784558514083585	2013-02-01	ep_star-ne_star	south	2013
2012-09-01	A/Almaty/3277/2012_EPI358871	1e-05	20.512200000000007	7.9017539999999835	0.20546894409409483	1.0796725736052383e-05	21.400909064812797	2013-02-01	ep_star-ne_star	south	2013
2012-09-01	A/Arkansas/01/2012_EPI353504	1.8e-05	22.275348999999995	13.834334999999975	0.20546894409409483	1.9434106324894287e-05	23.109016758937386	2013-02-01	ep_star-ne_star	south	2013
2012-09-01	A/Astrakhan/06/2012_EPI377492	0.006102000000000001	21.378788999999983	12.030843999999984	-0.15288772211217586	0.005674367658197256	22.243134582398223	2013-02-01	ep_star-ne_star	south	2013
2012-09-01	A/Athens_GR/112/2012_EPI358885	6.500000000000001e-05	20.820269999999994	9.936556999999983	0.20546894409409483	7.017871728434048e-05	21.74483689450662	2013-02-01	ep_star-ne_star	south	2013
2012-09-01	A/BRISBANE/1/2012_EPI376859	1.3000000000000001e-05	20.821044999999998	8.140138999999982	0.20546894409409483	1.4035743456868095e-05	21.712320008951146	2013-02-01	ep_star-ne_star	south	2013
2012-09-01	A/BRISBANE/11/2012_EPI376849	0.000127	21.397865999999986	12.021091999999982	-0.15288772211217586	0.00011809975296477406	22.258631109495003	2013-02-01	ep_star-ne_star	south	2013
2012-09-01	A/BRISBANE/26/2012_EPI379388	0.00043200000000000004	24.197706999999994	15.815112999999977	-0.5112443883184465	0.00034600487192078564	25.042719865839317	2013-02-01	ep_star-ne_star	south	2013
2012-09-01	A/BRISBANE/29/2012_EPI379462	0.0012050000000000001	18.97065100000001	6.333528999999976	0.20546894409409483	0.0013010054511943122	19.86614741344407	2013-02-01	ep_star-ne_star	south	2013
2012-09-01	A/BRISBANE/38/2012_EPI379453	0.002434	24.255611999999996	15.833729999999978	-0.15288772211217586	0.0022634236119390555	25.093159859299682	2013-02-01	ep_star-ne_star	south	2013
2012-09-01	A/BRISBANE/39/2012_EPI379592	0.003017	24.404553999999997	15.90585899999998	-0.15288772211217586	0.0028055665723993968	25.17313836572574	2013-02-01	ep_star-ne_star	south	2013
2012-09-01	A/BRISBANE/6/2012_EPI376862	6.9e-05	21.472908999999984	8.966604999999982	-0.869601054524717	4.759932090441853e-05	22.355363367830957	2013-02-01	ep_star-ne_star	south	2013
2012-09-01	A/Bacau/89197/2012_EPI370483	1.1e-05	19.970226999999994	7.333512999999982	-0.15288772211217586	1.0229112461515865e-05	20.865814589709785	2013-02-01	ep_star-ne_star	south	2013
2012-09-01	A/Beograd/1549/2012_EPI392209	0.001308	23.072772000000008	14.819379999999974	0.20546894409409483	0.0014122117262756514	23.89031288406503	2013-02-01	ep_star-ne_star	south	2013
2012-09-01	A/Beograd/1607/2012_EPI392211	0.001419	23.27249900000001	14.834318999999974	-0.15288772211217586	0.0013195555075355466	24.106377647922308	2013-02-01	ep_star-ne_star	south	2013
2012-09-01	A/Brasov/92191/2012_EPI370461	2.9999999999999997e-05	18.97065100000001	6.333528999999976	0.20546894409409483	3.2390177208157145e-05	19.86614741344407	2013-02-01	ep_star-ne_star	south	2013
2012-09-01	A/Brazil/7920/2012_EPI387784	0.00187	23.307942000000008	14.526287999999978	0.20546894409409483	0.0020189877126417953	24.124486182280272	2013-02-01	ep_star-ne_star	south	2013
2012-09-01	A/Brazil/8456/2012_EPI387772	0.006464	23.307942000000008	14.526287999999978	0.20546894409409483	0.006979003515784259	24.124486182280272	2013-02-01	ep_star-ne_star	south	2013
2012-09-01	A/Brazil/8751/2012_EPI387760	0.010338	23.307942000000008	14.526287999999978	0.20546894409409483	0.011161655065930953	24.124486182280272	2013-02-01	ep_star-ne_star	south	2013
2012-09-01	A/Bulgaria/218/2012_EPI368833	0.000102	24.274916999999995	15.831494999999977	-0.5112443883184465	8.169559475907438e-05	25.10868997655833	2013-02-01	ep_star-ne_star	south	2013
2012-09-01	A/CHIBA-C/23/2012_EPI378277	0.000718	21.531285999999994	10.70395799999999	0.20546894409409483	0.0007752049078485609	22.446769655161027	2013-02-01	ep_star-ne_star	south	2013
2012-09-01	A/Caen/539/2012_EPI392216	9.2e-05	18.82110699999999	7.989210999999978	0.20546894409409483	9.93298767716819e-05	19.745633985161543	2013-02-01	ep_star-ne_star	south	2013
2012-09-01	A/California/22/2012_EPI371792	0.000185	25.44748000000001	17.055245999999983	-1.4473388194624888	0.00010031786012640575	26.2143778330398	2013-02-01	ep_star-ne_star	south	2013
2012-09-01	A/California/32/2012_EPI377516	0.0042229999999999	22.275348999999995	13.834334999999975	0.20546894409409483	0.004559457278334812	23.109016758937386	2013-02-01	ep_star-ne_star	south	2013
2012-09-01	A/Catalonia/S4360/2012_EPI348665	1.1e-05	18.82110699999999	7.989210999999978	0.20546894409409483	1.1876398309657619e-05	19.745633985161543	2013-02-01	ep_star-ne_star	south	2013
2012-09-01	A/Catalonia/S4421/2012_EPI350944	2.5e-05	20.416034999999994	9.956384999999981	-0.15288772211217586	2.324798286708151e-05	21.30892501108976	2013-02-01	ep_star-ne_star	south	2013
2012-09-01	A/Catalonia/S4451/2012_EPI352824	2.1e-05	19.935119999999998	7.332276999999982	0.20546894409409483	2.2673124045709998e-05	20.830750160035553	2013-02-01	ep_star-ne_star	south	2013
2012-09-01	A/Catalonia/S4454/2012_EPI352827	2.7000000000000002e-05	19.935119999999998	7.332276999999982	0.20546894409409483	2.915115948734143e-05	20.830750160035553	2013-02-01	ep_star-ne_star	south	2013
2012-09-01	A/Catalonia/S4468/2012_EPI352830	2.8000000000000013e-05	19.935119999999998	7.332276999999982	0.20546894409409483	3.0230832060946683e-05	20.830750160035553	2013-02-01	ep_star-ne_star	south	2013
2012-09-01	A/Colorado/16/2012_EPI377453	0.004361	23.20151899999998	11.761558999999991	-0.5112443883184465	0.00349288714455219	24.065322421486837	2013-02-01	ep_star-ne_star	south	2013
2012-09-01	A/Colorado/17/2012_EPI391250	0.014582	20.503037999999993	7.116074999999976	-0.37226882084367696	0.012375536304368547	21.40284031150801	2013-02-01	ep_star-ne_star	south	2013
2012-09-01	A/Delaware/07/2012_EPI375452	0.0027129999999999997	19.773058000000013	8.824217999999984	0.20546894409409483	0.0029291516921910107	20.70117219468512	2013-02-01	ep_star-ne_star	south	2013
2012-09-01	A/Dominican_Republic/6334/2012_EPI376515	0.00202	18.82110699999999	7.989210999999978	0.20546894409409483	0.0021809385986825813	19.745633985161543	2013-02-01	ep_star-ne_star	south	2013
2012-09-01	A/EHIME/36/2012_EPI377236	0.002346	18.82110699999999	7.989210999999978	0.20546894409409483	0.002532911857677889	19.745633985161543	2013-02-01	ep_star-ne_star	south	2013
2012-09-01	A/ENG/121120006/2012_EPI368499	0.000412	18.82110699999999	7.989210999999978	0.20546894409409483	0.0004448251003253581	19.745633985161543	2013-02-01	ep_star-ne_star	south	2013
2012-09-01	A/England/316/2012_EPI377295	0.000278	19.77013399999999	7.318573999999982	-0.15288772211217586	0.00025851756948194635	20.649750926885325	2013-02-01	ep_star-ne_star	south	2013
2012-09-01	A/Estonia/66837/2012_EPI377319	0.0010630000000000001	21.961934999999986	13.100992999999985	0.20546894409409483	0.0011476919457423683	22.817062244399963	2013-02-01	ep_star-ne_star	south	2013
2012-09-01	A/Ethiopia/141/2012_EPI387757	0.005927	24.318989999999996	14.969700999999976	-0.5112443883184465	0.004747154805265039	25.186273995305733	2013-02-01	ep_star-ne_star	south	2013
2012-09-01	A/Ethiopia/41/2012_EPI371785	0.000976	20.677285999999988	11.072591999999988	0.20546894409409483	0.0010537604318387125	21.553092065624607	2013-02-01	ep_star-ne_star	south	2013
2012-09-01	A/Ethiopia/93/2012_EPI387775	0.003017	18.82110699999999	7.989210999999978	0.20546894409409483	0.0032573721545670034	19.745633985161543	2013-02-01	ep_star-ne_star	south	2013
2012-09-01	A/FUKUOKA-C/10/2012_EPI393435	0.005259000000000001	19.03566699999999	5.736338999999982	0.20546894409409483	0.005677998064589948	19.954113023930542	2013-02-01	ep_star-ne_star	south	2013
2012-09-01	A/FUKUSHIMA/114/2012_EPI378280	0.002098	18.97065100000001	6.333528999999976	0.20546894409409483	0.0022651530594237895	19.86614741344407	2013-02-01	ep_star-ne_star	south	2013
2012-09-01	A/FUKUSHIMA/74/2012_EPI377216	2.9999999999999997e-05	19.970578999999994	7.333512999999982	-0.15288772211217586	2.789757944049781e-05	20.866091618285203	2013-02-01	ep_star-ne_star	south	2013
2012-09-01	A/Georgia/01/2012_EPI355954	2.4e-05	18.82110699999999	7.989210999999978	0.20546894409409483	2.5912141766525716e-05	19.745633985161543	2013-02-01	ep_star-ne_star	south	2013
2012-09-01	A/Georgia/05/2012_EPI367547	0.000356	24.88997199999998	16.670154999999976	-0.15288772211217586	0.0003310512760272407	25.709833059707943	2013-02-01	ep_star-ne_star	south	2013
2012-09-01	A/Georgia/161/2012_EPI392229	9.7e-05	19.820115000000015	8.989194999999983	0.20546894409409483	0.0001047282396397081	20.74457590603942	2013-02-01	ep_star-ne_star	south	2013
2012-09-01	A/Georgia/255/2012_EPI392231	0.000205	19.970228999999996	7.333512999999982	-0.15288772211217586	0.00019063345951006837	20.86576614652506	2013-02-01	ep_star-ne_star	south	2013
2012-09-01	A/Georgia/301/2012_EPI392233	0.000195	20.84822999999999	11.25081399999999	-0.7306254870499477	0.00014253934043506288	21.73076919112006	2013-02-01	ep_star-ne_star	south	2013
2012-09-01	A/Georgia/471/2012_EPI392237	0.0008210000000000001	21.70869199999999	10.484413999999976	-0.37226882084367696	0.0006967710400415979	22.629655890066346	2013-02-01	ep_star-ne_star	south	2013
2012-09-01	A/Georgia/491/2012_EPI392239	0.000976	18.82110699999999	7.989210999999978	0.20546894409409483	0.0010537604318387125	19.745633985161543	2013-02-01	ep_star-ne_star	south	2013
2012-09-01	A/Georgia/491/2012_EPI392241	0.000976	18.82110699999999	7.989210999999978	0.20546894409409483	0.0010537604318387125	19.745633985161543	2013-02-01	ep_star-ne_star	south	2013
2012-09-01	A/Georgia/512/2012_EPI392243	0.000857	19.380641999999995	7.04739499999998	-0.15288772211217586	0.0007969408526835542	20.273879261818117	2013-02-01	ep_star-ne_star	south	2013
2012-09-01	A/Georgia/554/2012_EPI392245	0.001019	18.97065100000001	6.333528999999976	0.20546894409409483	0.0011001863525037375	19.86614741344407	2013-02-01	ep_star-ne_star	south	2013
2012-09-01	A/Georgia/579/2012_EPI392247	0.001419	18.97065100000001	6.333528999999976	0.20546894409409483	0.0015320553819458326	19.86614741344407	2013-02-01	ep_star-ne_star	south	2013
2012-09-01	A/Georgia/606/2012_EPI392248	0.001538	23.649227000000007	12.916520999999982	-0.15288772211217586	0.0014302159059828546	24.462981343196006	2013-02-01	ep_star-ne_star	south	2013
2012-09-01	A/Ghana/ARI_1494/2012_EPI392250	0.014301	20.662525999999986	11.076874999999989	-0.15288772211217586	0.013298776119285307	21.53814676636255	2013-02-01	ep_star-ne_star	south	2013
2012-09-01	A/Ghana/FS-12-0506/2012_EPI392254	0.001477	20.64942399999999	11.022126999999989	-0.15288772211217586	0.0013734908277871758	21.538851533664918	2013-02-01	ep_star-ne_star	south	2013
2012-09-01	A/Ghana/FS-12-0657/2012_EPI392256	0.007429000000000001	19.810221	9.646547999999987	0.20546894409409483	0.008020887549313314	20.69126984066578	2013-02-01	ep_star-ne_star	south	2013
2012-09-01	A/Ghana/FS-12-0677/2012_EPI392258	0.008481	19.691195999999987	10.07703299999998	0.20546894409409483	0.009156703096746025	20.56479322597557	2013-02-01	ep_star-ne_star	south	2013
2012-09-01	A/Ghana/FS-12-758/2012_EPI392260	0.012921	19.691195999999987	10.07703299999998	0.20546894409409483	0.013950449323553282	20.56479322597557	2013-02-01	ep_star-ne_star	south	2013
2012-09-01	A/Glasgow/407666/2012_EPI368911	0.001363	18.97065100000001	6.333528999999976	0.20546894409409483	0.0014715937178239398	19.86614741344407	2013-02-01	ep_star-ne_star	south	2013
2012-09-01	A/Guam/402/2012_EPI358034	2.2e-05	20.51140799999999	8.122068999999982	0.20546894409409483	2.3752796619315237e-05	21.380611108465725	2013-02-01	ep_star-ne_star	south	2013
2012-09-01	A/Guam/403/2012_EPI359605	1.4000000000000001e-05	20.669191999999992	8.287359999999982	-0.15288772211217586	1.3018870405565648e-05	21.554588926395702	2013-02-01	ep_star-ne_star	south	2013
2012-09-01	A/Guangdong-Haizhu/1375/2012_EPI391240	0.007229000000000001	19.03566699999999	5.736338999999982	0.20546894409409483	0.007804953034592268	19.954113023930542	2013-02-01	ep_star-ne_star	south	2013
2012-09-01	A/Guangdong-Liwan/1284/2012_EPI391238	0.007229000000000001	19.03566699999999	5.736338999999982	0.20546894409409483	0.007804953034592268	19.954113023930542	2013-02-01	ep_star-ne_star	south	2013
2012-09-01	A/Guangdong/1078/2012_EPI539341	0.001731	19.03566699999999	5.736338999999982	0.20546894409409483	0.001868913224910667	19.954113023930542	2013-02-01	ep_star-ne_star	south	2013
2012-09-01	A/Guangdong/1154/2012_EPI539345	0.003124	20.029407	6.73632299999998	-0.15288772211217586	0.0029050679390705057	20.94830288805241	2013-02-01	ep_star-ne_star	south	2013
2012-09-01	A/Guangdong/947/2012_EPI539355	0.001019	19.968600999999996	7.333512999999982	-0.15288772211217586	0.0009475877816622423	20.86425223788076	2013-02-01	ep_star-ne_star	south	2013
2012-09-01	A/HAMAMATU-C/157/2012_EPI377228	0.000166	18.97065100000001	6.333528999999976	0.20546894409409483	0.00017922564721846953	19.86614741344407	2013-02-01	ep_star-ne_star	south	2013
2012-09-01	A/HIROSHIMA-C/23/2012_EPI377238	0.001308	18.97065100000001	6.333528999999976	0.20546894409409483	0.0014122117262756514	19.86614741344407	2013-02-01	ep_star-ne_star	south	2013
2012-09-01	A/Hamburg/1/2012_EPI358939	1.6e-05	22.990191000000003	14.154058999999972	-0.15288772211217586	1.4878709034932166e-05	23.82048167615163	2013-02-01	ep_star-ne_star	south	2013
2012-09-01	A/Hong_Kong/8116/2012_EPI391276	0.016009	19.03566699999999	5.736338999999982	0.20546894409409483	0.017284478230846258	19.954113023930542	2013-02-01	ep_star-ne_star	south	2013
2012-09-01	A/Hong_Kong/8117/2012_EPI392264	0.016009	19.989931000000002	6.73623499999998	0.20546894409409483	0.017284478230846258	20.908158911046346	2013-02-01	ep_star-ne_star	south	2013
2012-09-01	A/Hong_Kong/8118/2012_EPI391234	0.016009	20.495665999999993	6.605402999999978	-0.15288772211217586	0.014887078308764314	21.39376178511637	2013-02-01	ep_star-ne_star	south	2013
2012-09-01	A/Hong_Kong/8119/2012_EPI392266	0.016009	20.073798	7.34643199999998	-0.15288772211217586	0.014887078308764314	20.982450599312376	2013-02-01	ep_star-ne_star	south	2013
2012-09-01	A/Hong_Kong/8147/2012_EPI392268	0.016009	19.03566699999999	5.736338999999982	0.20546894409409483	0.017284478230846258	19.954113023930542	2013-02-01	ep_star-ne_star	south	2013
2012-09-01	A/Hong_Kong/8150/2012_EPI392270	0.016297	20.003061	6.73623099999998	-0.15288772211217586	0.015154895071393094	20.923803233787766	2013-02-01	ep_star-ne_star	south	2013
2012-09-01	A/Hong_Kong/8152/2012_EPI392272	0.016009	21.238992000000007	8.656607999999975	-0.5112443883184465	0.012822203691157075	22.130620282980036	2013-02-01	ep_star-ne_star	south	2013
2012-09-01	A/Hunan-Changsha/39/2012_EPI384809	0.000393	19.88006399999999	7.225329999999981	0.20546894409409483	0.0004243113214268586	20.774483512894673	2013-02-01	ep_star-ne_star	south	2013
2012-09-01	A/ISHIKAWA/2/2012_EPI353276	1.3000000000000001e-05	21.531285999999994	10.70395799999999	0.20546894409409483	1.4035743456868095e-05	22.446769655161027	2013-02-01	ep_star-ne_star	south	2013
2012-09-01	A/ISHIKAWA/50/2012_EPI377232	0.000356	22.210848999999985	10.075899999999974	-0.15288772211217586	0.0003310512760272407	23.069970148928732	2013-02-01	ep_star-ne_star	south	2013
2012-09-01	A/IWATE/44/2012_EPI378282	0.002434	19.800173000000015	8.630970999999981	0.20546894409409483	0.00262792304415515	20.7253280932032	2013-02-01	ep_star-ne_star	south	2013
2012-09-01	A/Iceland/24/2012_EPI379788	0.002098	20.517063999999994	9.861217999999976	-0.15288772211217586	0.0019509707222054803	21.4317531867322	2013-02-01	ep_star-ne_star	south	2013
2012-09-01	A/Idaho/04/2012_EPI360933	6.9e-05	18.82110699999999	7.989210999999978	0.20546894409409483	7.449740757876142e-05	19.745633985161543	2013-02-01	ep_star-ne_star	south	2013
2012-09-01	A/Idaho/20/2012_EPI387796	0.011339	19.03566699999999	5.736338999999982	0.20546894409409483	0.012242407312109797	19.954113023930542	2013-02-01	ep_star-ne_star	south	2013
2012-09-01	A/India/1240/2012_EPI387787	5.7999999999999994e-05	18.82110699999999	7.989210999999978	0.20546894409409483	6.26210092691038e-05	19.745633985161543	2013-02-01	ep_star-ne_star	south	2013
2012-09-01	A/Indiana/03/2012_EPI375054	0.001363	20.262019	8.243284999999984	0.20546894409409483	0.0014715937178239398	21.111748253315838	2013-02-01	ep_star-ne_star	south	2013
2012-09-01	A/Indiana/04/2012_EPI375057	0.000976	23.253689000000005	14.833836999999974	0.20546894409409483	0.0010537604318387125	24.093687843468242	2013-02-01	ep_star-ne_star	south	2013
2012-09-01	A/Indiana/05/2012_EPI378106	0.005755	20.414229	10.00580999999999	-0.15288772211217586	0.005351685656002163	21.29702125032865	2013-02-01	ep_star-ne_star	south	2013
2012-09-01	A/Indiana/07/2012_EPI378515	0.02174	56.64719399999997	70.71165099999997	0.20546894409409483	0.023472081750177873	55.5037677211298	2013-02-01	ep_star-ne_star	south	2013
2012-09-01	A/Indiana/16/2012_EPI388362	0.025478	55.889094000000014	69.714459	0.20546894409409483	0.027507897830314255	54.76492756061405	2013-02-01	ep_star-ne_star	south	2013
2012-09-01	A/Indiana/46/2012_EPI392699	0.025693999999999998	56.037655000000015	69.72879599999999	0.20546894409409483	0.027741107106212984	54.92532479782142	2013-02-01	ep_star-ne_star	south	2013
2012-09-01	A/Ireland/12M28563/2012_EPI377338	0.0018	20.48752299999999	11.037288999999987	-0.15288772211217586	0.0016738547664298686	21.345468250274	2013-02-01	ep_star-ne_star	south	2013
2012-09-01	A/Jiangsu-Xinpu/1205/2012_EPI393396	0.004646	26.001541	18.392412999999966	-0.5112443883184465	0.0037211542475554865	26.712680764967388	2013-02-01	ep_star-ne_star	south	2013
2012-09-01	A/KAGAWA/22/2012_EPI377226	0.000127	21.799640999999994	10.630938999999987	-0.5112443883184465	0.00010171902484708281	22.724921217103812	2013-02-01	ep_star-ne_star	south	2013
2012-09-01	A/KAGOSHIMA/2/2012_EPI393443	0.016876	21.55549799999999	9.163473999999978	0.20546894409409483	0.018220554352161994	22.433794964956682	2013-02-01	ep_star-ne_star	south	2013
2012-09-01	A/KANAGAWA/94/2012_EPI393433	0.001363	20.964874999999996	8.333340999999985	-0.5112443883184465	0.0010916774083982194	21.861501728016083	2013-02-01	ep_star-ne_star	south	2013
2012-09-01	A/KAWASAKI/86/2012_EPI393444	0.011084	20.591409	7.7063689999999765	-0.15288772211217586	0.01030722568394926	21.481125218355142	2013-02-01	ep_star-ne_star	south	2013
2012-09-01	A/KOBE/24/2012_EPI377234	0.002346	20.079723000000005	8.235035999999983	-0.7306254870499477	0.0017148579110802952	20.956008452299233	2013-02-01	ep_star-ne_star	south	2013
2012-09-01	A/KOCHI/1/2012_EPI363087	1.7e-05	22.517938999999974	11.628280999999976	-0.15288772211217586	1.5808628349615427e-05	23.433646077519978	2013-02-01	ep_star-ne_star	south	2013
2012-09-01	A/Kentucky/09/2012_EPI377462	0.0051	19.425750999999995	9.005825999999981	0.20546894409409483	0.005506330125386715	20.307724621640666	2013-02-01	ep_star-ne_star	south	2013
2012-09-01	A/Kenya/113/2012_EPI387799	0.000785	20.89959000000001	11.424082999999984	-0.37226882084367696	0.0006662183513187019	21.73461335969414	2013-02-01	ep_star-ne_star	south	2013
2012-09-01	A/Kenya/117/2012_EPI384812	0.0010630000000000001	21.72854299999999	12.615614999999988	-1.2279577207309877	0.0006315941944851465	22.5250595289059	2013-02-01	ep_star-ne_star	south	2013
2012-09-01	A/Kenya/119/2012_EPI384806	0.001363	19.933820000000004	10.447272999999988	0.20546894409409483	0.0014715937178239398	20.763528559470235	2013-02-01	ep_star-ne_star	south	2013
2012-09-01	A/Kenya/120/2012_EPI391279	0.001419	19.933820000000004	10.447272999999988	0.20546894409409483	0.0015320553819458326	20.763528559470235	2013-02-01	ep_star-ne_star	south	2013
2012-09-01	A/Korea/1642/2012_EPI375072	0.000195	21.57764300000001	8.691868999999977	-0.5112443883184465	0.00015618275468646574	22.466913553859065	2013-02-01	ep_star-ne_star	south	2013
2012-09-01	A/Kyrgyzstan/1637/2012_EPI375069	0.00011399999999999999	20.512200000000007	7.9017539999999835	0.20546894409409483	0.00012308267339099715	21.400909064812797	2013-02-01	ep_star-ne_star	south	2013
2012-09-01	A/Leskovac/1701/2012_EPI392274	0.001477	23.354137000000016	14.851414999999978	-0.5112443883184465	0.0011829842495995379	24.182939376958476	2013-02-01	ep_star-ne_star	south	2013
2012-09-01	A/MIYAZAKI/54/2012_EPI377224	0.000102	18.82110699999999	7.989210999999978	0.20546894409409483	0.00011012660250773428	19.745633985161543	2013-02-01	ep_star-ne_star	south	2013
2012-09-01	A/Macedonia/43/2012_EPI377350	0.000185	18.82110699999999	7.989210999999978	0.20546894409409483	0.00019973942611696904	19.745633985161543	2013-02-01	ep_star-ne_star	south	2013
2012-09-01	A/Madagascar/03233/2012_EPI392278	0.005259000000000001	19.94791699999999	7.333512999999982	0.20546894409409483	0.005677998064589948	20.841615093226626	2013-02-01	ep_star-ne_star	south	2013
2012-09-01	A/Madagascar/03294/2012_EPI392280	0.006102000000000001	19.94791699999999	7.333512999999982	0.20546894409409483	0.0065881620441391635	20.841615093226626	2013-02-01	ep_star-ne_star	south	2013
2012-09-01	A/Madagascar/03396/2012_EPI392282	0.0070319999999999	19.763235000000016	8.989134999999983	0.20546894409409483	0.007592257537591927	20.683927871673255	2013-02-01	ep_star-ne_star	south	2013
2012-09-01	A/Madagascar/03401/2012_EPI392284	0.007229000000000001	19.763235000000016	8.989134999999983	0.20546894409409483	0.007804953034592268	20.683927871673255	2013-02-01	ep_star-ne_star	south	2013
2012-09-01	A/Madagascar/03408/2012_EPI392286	0.007229000000000001	20.555605999999994	9.974239999999982	0.20546894409409483	0.007804953034592268	21.45900574933855	2013-02-01	ep_star-ne_star	south	2013
2012-09-01	A/Madagascar/03487/2012_EPI392288	0.009153	20.555605999999994	9.974239999999982	0.20546894409409483	0.009882243066208744	21.45900574933855	2013-02-01	ep_star-ne_star	south	2013
2012-09-01	A/Madagascar/03535/2012_EPI392290	0.010584	19.946394999999992	7.323530999999981	-0.15288772211217586	0.009842266026607628	20.843602449578903	2013-02-01	ep_star-ne_star	south	2013
2012-09-01	A/Madagascar/03619/2012_EPI392294	0.012119	19.763235000000016	8.989134999999983	0.20546894409409483	0.01308455191952188	20.683927871673255	2013-02-01	ep_star-ne_star	south	2013
2012-09-01	A/Malmoe/1/2012_EPI353603	2e-05	22.275348999999995	13.834334999999975	0.20546894409409483	2.1593451472104765e-05	23.109016758937386	2013-02-01	ep_star-ne_star	south	2013
2012-09-01	A/Martinique/201/2012_EPI378090	0.004646	23.184762000000003	14.726135999999979	0.20546894409409483	0.005016158776969936	24.01735285838796	2013-02-01	ep_star-ne_star	south	2013
2012-09-01	A/Maryland/02/2012_EPI376603	2.8000000000000013e-05	22.547562999999975	11.942438999999972	-1.3083632519877193	1.608840647252587e-05	23.481391121327633	2013-02-01	ep_star-ne_star	south	2013
2012-09-01	A/Maryland/09/2012_EPI359571	0.000185	23.274667000000004	14.834318999999974	0.20546894409409483	0.00019973942611696904	24.10833830429074	2013-02-01	ep_star-ne_star	south	2013
2012-09-01	A/Maryland/15/2012_EPI377490	0.005755	19.933820000000004	10.447272999999988	0.20546894409409483	0.006213515661098145	20.763528559470235	2013-02-01	ep_star-ne_star	south	2013
2012-09-01	A/Maryland/18/2012_EPI391268	0.011339	19.521272000000017	8.943057999999985	0.20546894409409483	0.012242407312109797	20.43565512817662	2013-02-01	ep_star-ne_star	south	2013
2012-09-01	A/Michigan/07/2012_EPI377471	0.001363	20.529016999999996	8.16176199999998	-0.15288772211217586	0.0012674800259132842	21.395214955603624	2013-02-01	ep_star-ne_star	south	2013
2012-09-01	A/Minnesota/04/2012_EPI359088	0.0001419999999999	19.41156800000002	8.959075999999985	0.20546894409409483	0.00015331350545183585	20.307296120607912	2013-02-01	ep_star-ne_star	south	2013
2012-09-01	A/Minnesota/05/2012_EPI367529	0.00043200000000000004	19.41156800000002	8.959075999999985	0.20546894409409483	0.0004664185517974629	20.307296120607912	2013-02-01	ep_star-ne_star	south	2013
2012-09-01	A/Mississippi/01/2012_EPI356596	2e-05	22.275348999999995	13.834334999999975	0.20546894409409483	2.1593451472104765e-05	23.109016758937386	2013-02-01	ep_star-ne_star	south	2013
2012-09-01	A/Mississippi/05/2012_EPI375040	0.000166	23.184762000000003	14.726135999999979	0.20546894409409483	0.00017922564721846953	24.01735285838796	2013-02-01	ep_star-ne_star	south	2013
2012-09-01	A/Mississippi/06/2012_EPI377456	0.005755	23.307942000000008	14.526287999999978	0.20546894409409483	0.006213515661098145	24.124486182280272	2013-02-01	ep_star-ne_star	south	2013
2012-09-01	A/Molodechno/1598/2012_EPI379809	0.000718	20.512200000000007	7.9017539999999835	0.20546894409409483	0.0007752049078485609	21.400909064812797	2013-02-01	ep_star-ne_star	south	2013
2012-09-01	A/Montenegro/272/2012_EPI379823	0.000895	18.97065100000001	6.333528999999976	0.20546894409409483	0.000966306953376688	19.86614741344407	2013-02-01	ep_star-ne_star	south	2013
2012-09-01	A/NAGANO-C/33/2012_EPI393440	0.001363	19.963266999999995	7.326561999999982	-0.15288772211217586	0.0012674800259132842	20.8598912991447	2013-02-01	ep_star-ne_star	south	2013
2012-09-01	A/NIIGATA-C/80/2012_EPI393441	0.0055850000000000006	19.919197999999987	8.20048599999998	-0.15288772211217586	0.00519359937250601	20.85180470789337	2013-02-01	ep_star-ne_star	south	2013
2012-09-01	A/NONTHABURI/42/2012_EPI379391	0.000393	19.74660399999999	7.318573999999982	0.20546894409409483	0.0004243113214268586	20.629657637022888	2013-02-01	ep_star-ne_star	south	2013
2012-09-01	A/Nevada/09/2012_EPI368466	0.000308	18.82110699999999	7.989210999999978	0.20546894409409483	0.00033253915267041333	19.745633985161543	2013-02-01	ep_star-ne_star	south	2013
2012-09-01	A/Nevada/25/2012_EPI387790	0.020059	23.235219000000008	14.834124999999974	-0.15288772211217586	0.018653251533231524	24.07171025587092	2013-02-01	ep_star-ne_star	south	2013
2012-09-01	A/New_Hampshire/10/2012_EPI376521	0.004361	20.52919899999999	8.303262999999985	0.20546894409409483	0.004708452093492444	21.398542689727527	2013-02-01	ep_star-ne_star	south	2013
2012-09-01	A/New_Hampshire/10/2012_EPI391256	0.004361	24.261908000000002	12.257443999999978	-0.9500065857814487	0.0029092958442899	25.137077141091194	2013-02-01	ep_star-ne_star	south	2013
2012-09-01	A/New_York/02/2012_EPI408593	2.5e-05	19.82104500000002	8.989194999999983	-0.15288772211217586	2.324798286708151e-05	20.745587489195817	2013-02-01	ep_star-ne_star	south	2013
2012-09-01	A/New_York/04/2012_EPI363022	0.00015	20.574433000000003	9.774864999999984	-0.15288772211217586	0.00013948789720248905	21.507081233739825	2013-02-01	ep_star-ne_star	south	2013
2012-09-01	A/New_York/16/2012_EPI377487	0.005755	19.809553000000022	8.989194999999983	0.20546894409409483	0.006213515661098145	20.733172404316996	2013-02-01	ep_star-ne_star	south	2013
2012-09-01	A/New_York/17/2012_EPI378219	0.0051	23.26501000000001	14.834318999999974	-0.15288772211217586	0.004742588504884628	24.099413482174647	2013-02-01	ep_star-ne_star	south	2013
2012-09-01	A/Norway/176/2012_EPI356160	2.8000000000000013e-05	23.358557000000012	14.851779999999977	-0.15288772211217586	2.6037740811131306e-05	24.186478100594815	2013-02-01	ep_star-ne_star	south	2013
2012-09-01	A/Norway/428/2012_EPI356168	6.2e-05	19.922601999999998	7.168535999999981	0.20546894409409483	6.693969956352477e-05	20.82168562296766	2013-02-01	ep_star-ne_star	south	2013
2012-09-01	A/Norway/624/2012_EPI377358	0.000185	22.51600499999999	10.132445999999975	-0.7306254870499477	0.00013522963066916224	23.383852663238727	2013-02-01	ep_star-ne_star	south	2013
2012-09-01	A/Norway/708/2012_EPI377365	0.000265	20.52179199999999	8.138641999999981	0.20546894409409483	0.00028611323200538805	21.389084034402725	2013-02-01	ep_star-ne_star	south	2013
2012-09-01	A/Ohio/02/2012_EPI376600	0.00043200000000000004	22.290779999999973	11.612059999999975	-0.15288772211217586	0.00040172514394316855	23.188911211113084	2013-02-01	ep_star-ne_star	south	2013
2012-09-01	A/Ohio/14/2012_EPI388305	0.025033	57.44644599999999	71.68199199999997	0.20546894409409483	0.027027443535059925	56.287308304864865	2013-02-01	ep_star-ne_star	south	2013
2012-09-01	A/Ohio/16/2012_EPI388339	0.024802	57.44644599999999	71.68199199999997	0.20546894409409483	0.026778039170557117	56.287308304864865	2013-02-01	ep_star-ne_star	south	2013
2012-09-01	A/Ohio/18/2012_EPI388321	0.024567	58.34245999999998	72.66764699999985	0.20546894409409483	0.026524316115759883	57.17646522148639	2013-02-01	ep_star-ne_star	south	2013
2012-09-01	A/Ohio/20/2012_EPI392681	0.024802	58.34245999999998	72.66764699999985	0.20546894409409483	0.026778039170557117	57.17646522148639	2013-02-01	ep_star-ne_star	south	2013
2012-09-01	A/Omsk/1/2012_EPI368919	0.000935	22.302080999999987	9.870195999999977	-0.15288772211217586	0.0008694745592288484	23.176283490044458	2013-02-01	ep_star-ne_star	south	2013
2012-09-01	A/Oregon/07/2012_EPI375443	0.0016	20.66991199999999	11.034264999999989	-0.37226882084367696	0.0013578972765731503	21.546865112538555	2013-02-01	ep_star-ne_star	south	2013
2012-09-01	A/PERTH/41/2012_EPI379447	0.0016640000000000001	22.356945999999997	13.697819999999977	0.20546894409409483	0.0017965751624791162	23.17732770483297	2013-02-01	ep_star-ne_star	south	2013
2012-09-01	A/Pancevo/1148/2012_EPI392305	0.000547	22.67348299999999	11.92651899999998	0.20546894409409483	0.0005905808977620653	23.485526307061182	2013-02-01	ep_star-ne_star	south	2013
2012-09-01	A/Pennsylvania/09/2012_EPI376527	0.0027129999999999997	19.945976999999996	7.333174999999982	0.20546894409409483	0.0029291516921910107	20.83952052843383	2013-02-01	ep_star-ne_star	south	2013
2012-09-01	A/Perugia/50/2012_EPI392315	0.000393	19.820115000000015	8.989194999999983	0.20546894409409483	0.0004243113214268586	20.74457590603942	2013-02-01	ep_star-ne_star	south	2013
2012-09-01	A/Puerto_Montt/12477/2012_EPI371978	0.00015	24.253006999999993	15.833820999999975	-0.15288772211217586	0.00013948789720248905	25.093009388821592	2013-02-01	ep_star-ne_star	south	2013
2012-09-01	A/Puerto_Rico/04/2012_EPI387763	0.009855	20.915397999999996	8.331922999999986	-0.15288772211217586	0.00916435484620353	21.81242145034314	2013-02-01	ep_star-ne_star	south	2013
2012-09-01	A/Puerto_Rico/08/2012_EPI391271	0.011856	24.815796999999982	16.37538899999997	-0.15288772211217586	0.011025123394884736	25.646694747302615	2013-02-01	ep_star-ne_star	south	2013
2012-09-01	A/Rhode_Island/06/2012_EPI375022	0.002346	24.63976899999998	16.61841599999998	-0.37226882084367696	0.001991016881775382	25.44873111843695	2013-02-01	ep_star-ne_star	south	2013
2012-09-01	A/Rhode_Island/07/2012_EPI375458	0.002434	19.81622700000002	8.989194999999983	-0.15288772211217586	0.0022634236119390555	20.74110713793767	2013-02-01	ep_star-ne_star	south	2013
2012-09-01	A/SAKAI/13/2012_EPI393438	0.015434999999999999	19.514328	7.650687999999983	-0.37226882084367696	0.013099465289941608	20.401646661836732	2013-02-01	ep_star-ne_star	south	2013
2012-09-01	A/SAPPORO/24/2012_EPI363071	3.9e-05	22.31569799999997	11.386908999999974	-0.37226882084367696	3.3098746116470535e-05	23.219852339291165	2013-02-01	ep_star-ne_star	south	2013
2012-09-01	A/SAPPORO/50/2012_EPI375490	8.7e-05	18.97065100000001	6.333528999999976	0.20546894409409483	9.393151390365572e-05	19.86614741344407	2013-02-01	ep_star-ne_star	south	2013
2012-09-01	A/SHIGA/20/2012_EPI393436	0.000453	18.97065100000001	6.333528999999976	0.20546894409409483	0.0004890916758431729	19.86614741344407	2013-02-01	ep_star-ne_star	south	2013
2012-09-01	A/SHIMANE/70/2012_EPI393437	0.00805	21.003443	7.717121999999981	-0.15288772211217586	0.007485850483200246	21.92416962199773	2013-02-01	ep_star-ne_star	south	2013
2012-09-01	A/SHIZUOKA/28/2012_EPI367635	6.500000000000001e-05	18.97065100000001	6.333528999999976	0.20546894409409483	7.017871728434048e-05	19.86614741344407	2013-02-01	ep_star-ne_star	south	2013
2012-09-01	A/SHIZUOKA/56/2012_EPI377220	0.000453	19.969026999999993	7.333512999999982	0.20546894409409483	0.0004890916758431729	20.864567783380636	2013-02-01	ep_star-ne_star	south	2013
2012-09-01	A/SONG_KHLA/8/2012_EPI379385	4.3e-05	19.821009000000018	8.989194999999983	-0.15288772211217586	3.99865305313802e-05	20.745554012100488	2013-02-01	ep_star-ne_star	south	2013
2012-09-01	A/SOUTH_AUSTRALIA/1/2012_EPI370163	9.2e-05	19.814008000000015	8.980344999999984	0.20546894409409483	9.93298767716819e-05	20.739634410170904	2013-02-01	ep_star-ne_star	south	2013
2012-09-01	A/SOUTH_AUSTRALIA/23/2012_EPI379397	0.003703	18.97065100000001	6.333528999999976	0.20546894409409483	0.003998027540060197	19.86614741344407	2013-02-01	ep_star-ne_star	south	2013
2012-09-01	A/SOUTH_AUSTRALIA/26/2012_EPI379479	0.005755	18.97065100000001	6.333528999999976	0.20546894409409483	0.006213515661098145	19.86614741344407	2013-02-01	ep_star-ne_star	south	2013
2012-09-01	A/SOUTH_AUSTRALIA/30/2012_EPI379450	0.0051	19.691195999999987	10.07703299999998	0.20546894409409483	0.005506330125386715	20.56479322597557	2013-02-01	ep_star-ne_star	south	2013
2012-09-01	A/SOUTH_AUSTRALIA/41/2012_EPI379500	0.009382999999999999	18.97065100000001	6.333528999999976	0.20546894409409483	0.010130567758137948	19.86614741344407	2013-02-01	ep_star-ne_star	south	2013
2012-09-01	A/SYDNEY/200/2012_EPI379482	1.6e-05	20.959052999999997	8.333496999999985	0.20546894409409483	1.7274761177683808e-05	21.85365128307717	2013-02-01	ep_star-ne_star	south	2013
2012-09-01	A/SYDNEY/204/2012_EPI379456	0.005755	19.730520000000013	8.881011999999986	0.20546894409409483	0.006213515661098145	20.65397008461213	2013-02-01	ep_star-ne_star	south	2013
2012-09-01	A/SYDNEY/21/2012_EPI379488	0.006464	19.549982999999994	7.299209999999984	0.20546894409409483	0.006979003515784259	20.41293158178561	2013-02-01	ep_star-ne_star	south	2013
2012-09-01	A/SYDNEY/39/2012_EPI379476	0.0040880000000000005	20.982414999999982	11.509181999999985	0.20546894409409483	0.004413701480898214	21.83604455978413	2013-02-01	ep_star-ne_star	south	2013
2012-09-01	A/SYDNEY/4/2012_EPI379394	0.001019	18.97065100000001	6.333528999999976	0.20546894409409483	0.0011001863525037375	19.86614741344407	2013-02-01	ep_star-ne_star	south	2013
2012-09-01	A/Santiago/14696/2012_EPI371795	0.000308	18.82110699999999	7.989210999999978	0.20546894409409483	0.00033253915267041333	19.745633985161543	2013-02-01	ep_star-ne_star	south	2013
2012-09-01	A/Santiago/33977/2012_EPI387802	0.0055850000000000006	24.740659000000004	11.845052999999972	-1.2279577207309877	0.003318394709500981	25.667305989275185	2013-02-01	ep_star-ne_star	south	2013
2012-09-01	A/Santiago/35234/2012_EPI387805	0.006281	23.184762000000003	14.726135999999979	0.20546894409409483	0.0067814234348145	24.01735285838796	2013-02-01	ep_star-ne_star	south	2013
2012-09-01	A/Santiago/3564/2012_EPI371975	1.8e-05	18.82110699999999	7.989210999999978	0.20546894409409483	1.9434106324894287e-05	19.745633985161543	2013-02-01	ep_star-ne_star	south	2013
2012-09-01	A/Santiago/37926/2012_EPI384794	0.008481	26.34905600000001	18.051335999999964	-1.0889821532562183	0.0053394975995558185	27.18447896585627	2013-02-01	ep_star-ne_star	south	2013
2012-09-01	A/Shaanxi-Beilin/13/2012_EPI367532	1.3000000000000001e-05	18.97065100000001	6.333528999999976	0.20546894409409483	1.4035743456868095e-05	19.86614741344407	2013-02-01	ep_star-ne_star	south	2013
2012-09-01	A/Shanghai-Chongming/1205/2012_EPI391236	0.009382999999999999	18.97065100000001	6.333528999999976	0.20546894409409483	0.010130567758137948	19.86614741344407	2013-02-01	ep_star-ne_star	south	2013
2012-09-01	A/Shanghai-Songjiang/154/2012_EPI367496	1.6e-05	20.54993899999999	8.299193999999984	-0.15288772211217586	1.4878709034932166e-05	21.412901824367538	2013-02-01	ep_star-ne_star	south	2013
2012-09-01	A/Sichuan-Wenjiang/258/2012_EPI378102	0.001419	20.931198999999992	8.327581999999985	0.20546894409409483	0.0015320553819458326	21.82357808321197	2013-02-01	ep_star-ne_star	south	2013
2012-09-01	A/Slovenia/435/2012_EPI377394	0.000185	18.97065100000001	6.333528999999976	0.20546894409409483	0.00019973942611696904	19.86614741344407	2013-02-01	ep_star-ne_star	south	2013
2012-09-01	A/Slovenia/9/2012_EPI352713	1.1e-05	22.356945999999997	13.697819999999977	0.20546894409409483	1.1876398309657619e-05	23.17732770483297	2013-02-01	ep_star-ne_star	south	2013
2012-09-01	A/St._Lucia/2073/2012_EPI391259	0.0076319999999999	19.935119999999998	7.332276999999982	0.20546894409409483	0.00824006108175507	20.830750160035553	2013-02-01	ep_star-ne_star	south	2013
2012-09-01	A/St_Petersburg/2/2012_EPI368927	0.000265	19.819744000000014	8.989194999999983	-0.15288772211217586	0.000246428618391064	20.744444356884728	2013-02-01	ep_star-ne_star	south	2013
2012-09-01	A/St_Petersburg/28/2012_EPI377409	0.0025239999999999998	18.82110699999999	7.989210999999978	0.20546894409409483	0.0027250935757796206	19.745633985161543	2013-02-01	ep_star-ne_star	south	2013
2012-09-01	A/Stockholm/19/2012_EPI372967	0.002098	22.356945999999997	13.697819999999977	0.20546894409409483	0.0022651530594237895	23.17732770483297	2013-02-01	ep_star-ne_star	south	2013
2012-09-01	A/Suriname/297/2012_EPI391253	0.008481	21.32472799999999	10.873334999999987	-0.7306254870499477	0.006199364852460351	22.230550751989337	2013-02-01	ep_star-ne_star	south	2013
2012-09-01	A/Sweden/8/2012_EPI359848	0.00015	22.356945999999997	13.697819999999977	0.20546894409409483	0.0001619508860407857	23.17732770483297	2013-02-01	ep_star-ne_star	south	2013
2012-09-01	A/TASMANIA/1/2012_EPI376886	0.000185	18.82110699999999	7.989210999999978	0.20546894409409483	0.00019973942611696904	19.745633985161543	2013-02-01	ep_star-ne_star	south	2013
2012-09-01	A/TASMANIA/2/2012_EPI376856	0.000785	18.97065100000001	6.333528999999976	0.20546894409409483	0.000847542970280112	19.86614741344407	2013-02-01	ep_star-ne_star	south	2013
2012-09-01	A/TOCHIGI/4/2012_EPI364699	2.5e-05	19.970588999999993	7.333512999999982	-0.15288772211217586	2.324798286708151e-05	20.86610091747835	2013-02-01	ep_star-ne_star	south	2013
2012-09-01	A/TOWNSVILLE/1/2012_EPI376894	3.4e-05	18.97065100000001	6.333528999999976	0.20546894409409483	3.6708867502578095e-05	19.86614741344407	2013-02-01	ep_star-ne_star	south	2013
2012-09-01	A/TOWNSVILLE/3/2012_EPI379382	0.000657	18.97065100000001	6.333528999999976	0.20546894409409483	0.0007093448808586414	19.86614741344407	2013-02-01	ep_star-ne_star	south	2013
2012-09-01	A/Taiwan/115/2012_EPI378283	7.3e-05	21.466564999999992	9.180963999999976	-0.15288772211217586	6.7884109971878e-05	22.332252226972127	2013-02-01	ep_star-ne_star	south	2013
2012-09-01	A/Taiwan/194/2012_EPI378284	0.000134	18.97065100000001	6.333528999999976	0.20546894409409483	0.0001446761248631019	19.86614741344407	2013-02-01	ep_star-ne_star	south	2013
2012-09-01	A/Taiwan/216/2012_EPI378285	0.000308	19.970022999999994	7.333512999999982	0.20546894409409483	0.00033253915267041333	20.86548233513874	2013-02-01	ep_star-ne_star	south	2013
2012-09-01	A/Taiwan/285/2012_EPI378266	0.000393	22.396768999999985	10.17838099999998	0.20546894409409483	0.0004243113214268586	23.265691394647636	2013-02-01	ep_star-ne_star	south	2013
2012-09-01	A/Taiwan/285/2012_EPI378272	0.000393	20.615877000000008	8.19839499999998	0.20546894409409483	0.0004243113214268586	21.50075456239671	2013-02-01	ep_star-ne_star	south	2013
2012-09-01	A/Taiwan/426/2012_EPI378268	0.0021780000000000002	20.940674999999995	8.310416999999985	-0.37226882084367696	0.0018484376677352012	21.84096695881594	2013-02-01	ep_star-ne_star	south	2013
2012-09-01	A/Taiwan/426/2012_EPI378274	0.0021780000000000002	21.930669999999985	9.320401999999984	0.20546894409409483	0.002351526865312209	22.827101930837237	2013-02-01	ep_star-ne_star	south	2013
2012-09-01	A/Taiwan/526/2012_EPI378286	0.0032340000000000003	20.873583999999997	8.225313999999981	0.20546894409409483	0.00349166110303934	21.767500190688583	2013-02-01	ep_star-ne_star	south	2013
2012-09-01	A/Taiwan/607/2012_EPI378109	0.0038280000000000002	20.88194	8.275062999999983	-0.15288772211217586	0.003559731136607521	21.778177456991013	2013-02-01	ep_star-ne_star	south	2013
2012-09-01	A/Taiwan/613/2012_EPI378270	0.006102000000000001	20.916417999999993	8.332623999999985	0.20546894409409483	0.0065881620441391635	21.81147753046591	2013-02-01	ep_star-ne_star	south	2013
2012-09-01	A/Taiwan/613/2012_EPI378276	0.006102000000000001	19.932989999999993	7.332639999999981	0.20546894409409483	0.0065881620441391635	20.82935690828481	2013-02-01	ep_star-ne_star	south	2013
2012-09-01	A/Tbilisi/GNCDC0485/2012_EPI369848	0.000976	18.82110699999999	7.989210999999978	0.20546894409409483	0.0010537604318387125	19.745633985161543	2013-02-01	ep_star-ne_star	south	2013
2012-09-01	A/Tbilisi/GNCDC0557/2012_EPI369850	0.0010630000000000001	21.629331999999984	10.694242999999986	-0.7306254870499477	0.0007770221481152404	22.565061960612304	2013-02-01	ep_star-ne_star	south	2013
2012-09-01	A/Tbilisi/GNCDC0577/2012_EPI369852	0.001419	19.13452100000001	8.722552999999987	-0.15288772211217586	0.0013195555075355466	20.03758849969896	2013-02-01	ep_star-ne_star	south	2013
2012-09-01	A/Texas/10/2012_EPI355984	2.5e-05	21.632394	9.610941999999987	-0.7306254870499477	1.8274274414751656e-05	22.50457220241844	2013-02-01	ep_star-ne_star	south	2013
2012-09-01	A/Texas/50/2012_EPI391247	0.0021780000000000002	22.46456499999999	9.875919999999981	-0.7306254870499477	0.0015920547870131641	23.36830956884363	2013-02-01	ep_star-ne_star	south	2013
2012-09-01	A/Texas/52/2012_EPI393406	0.020059	20.740792999999993	9.970645999999983	-0.5112443883184465	0.016065999365414443	21.681319772056895	2013-02-01	ep_star-ne_star	south	2013
2012-09-01	A/Turkey/51/2011_EPI359053	1.1e-05	18.82110699999999	7.989210999999978	0.20546894409409483	1.1876398309657619e-05	19.745633985161543	2013-02-01	ep_star-ne_star	south	2013
2012-09-01	A/Ukraine/5333/2012_EPI377424	0.000339	23.355322	14.69780399999998	-0.37226882084367696	0.00028770448547393623	24.17574807476954	2013-02-01	ep_star-ne_star	south	2013
2012-09-01	A/Ukraine/5339/2012_EPI377426	0.000205	23.631711000000006	12.871612999999982	-0.15288772211217586	0.00019063345951006837	24.459584614750515	2013-02-01	ep_star-ne_star	south	2013
2012-09-01	A/Ukraine/96/2012_EPI377440	0.000252	23.06984800000001	14.812022999999977	-0.15288772211217586	0.0002343396673001816	23.888662395254556	2013-02-01	ep_star-ne_star	south	2013
2012-09-01	A/Utah/07/2012_EPI358019	5.7999999999999994e-05	23.275091000000007	14.809465999999974	-0.15288772211217586	5.3935320251629094e-05	24.108768530862303	2013-02-01	ep_star-ne_star	south	2013
2012-09-01	A/Utah/12/2012_EPI371996	0.001256	20.512200000000007	7.9017539999999835	0.20546894409409483	0.001356068752448179	21.400909064812797	2013-02-01	ep_star-ne_star	south	2013
2012-09-01	A/Utah/17/2012_EPI378099	0.009382999999999999	21.224470999999987	11.882145999999981	-0.15288772211217586	0.008725432929673033	22.071121666800217	2013-02-01	ep_star-ne_star	south	2013
2012-09-01	A/Utah/23/2012_EPI387793	0.019198	22.65173599999998	11.930600999999974	-1.2279577207309877	0.01140672186803936	23.64325750014845	2013-02-01	ep_star-ne_star	south	2013
2012-09-01	A/VICTORIA/516/2012_EPI379494	0.009618000000000002	19.945976999999996	7.333174999999982	0.20546894409409483	0.010384290812935182	20.83952052843383	2013-02-01	ep_star-ne_star	south	2013
2012-09-01	A/VICTORIA/802/2012_EPI379585	0.004946	22.356945999999997	13.697819999999977	0.20546894409409483	0.005340060549051507	23.17732770483297	2013-02-01	ep_star-ne_star	south	2013
2012-09-01	A/Vaxjo/4/2012_EPI359785	0.000239	23.270279000000006	14.834318999999974	0.20546894409409483	0.00025804174509165193	24.104077814920686	2013-02-01	ep_star-ne_star	south	2013
2012-09-01	A/Virginia/01/2012_EPI353495	2.7000000000000002e-05	20.780800999999993	9.968141999999983	-0.15288772211217586	2.5107821496448034e-05	21.713369378331787	2013-02-01	ep_star-ne_star	south	2013
2012-09-01	A/Virginia/04/2012_EPI358012	6.500000000000001e-05	20.820269999999994	9.936556999999983	0.20546894409409483	7.017871728434048e-05	21.74483689450662	2013-02-01	ep_star-ne_star	south	2013
2012-09-01	A/Virginia/05/2012_EPI376598	0.00015800000000000002	21.457086999999994	10.674853999999986	-0.7306254870499477	0.00011549341430123046	22.36759974083475	2013-02-01	ep_star-ne_star	south	2013
2012-09-01	A/Virginia/08/2012_EPI371954	0.000356	20.40323199999999	11.021107999999991	0.20546894409409483	0.00038436343620346477	21.263609897505823	2013-02-01	ep_star-ne_star	south	2013
2012-09-01	A/Virginia/12/2012_EPI376500	0.005927	23.263483000000008	14.834318999999974	-0.15288772211217586	0.005511631778127684	24.097993495381125	2013-02-01	ep_star-ne_star	south	2013
2012-09-01	A/Washington/01/2012_EPI353480	1.8e-05	19.533143000000017	8.933285999999981	0.20546894409409483	1.9434106324894287e-05	20.444450656691792	2013-02-01	ep_star-ne_star	south	2013
2012-09-01	A/Washington/13/2012_EPI360930	0.000293	19.820509000000015	8.989067999999984	-0.15288772211217586	0.0002724663592021953	20.745089052443145	2013-02-01	ep_star-ne_star	south	2013
2012-09-01	A/Wisconsin/12/2012_EPI376518	0.004646	18.82110699999999	7.989210999999978	0.20546894409409483	0.005016158776969936	19.745633985161543	2013-02-01	ep_star-ne_star	south	2013
2012-09-01	A/Wisconsin/13/2012_EPI376503	0.004361	20.217068	9.990870999999988	-0.15288772211217586	0.004055378131333699	21.08373441395819	2013-02-01	ep_star-ne_star	south	2013
2012-09-01	A/Wisconsin/20/2012_EPI391243	0.023839	19.03566699999999	5.736338999999982	0.20546894409409483	0.025738314482175274	19.954113023930542	2013-02-01	ep_star-ne_star	south	2013
2012-09-01	A/Wisconsin/22/2012_EPI392748	0.027833	55.889094000000014	69.714459	0.20546894409409483	0.03005052674115459	54.76492756061405	2013-02-01	ep_star-ne_star	south	2013
2012-09-01	A/Wyoming/03/2012_EPI362312	8.7e-05	22.275348999999995	13.834334999999975	0.20546894409409483	9.393151390365572e-05	23.109016758937386	2013-02-01	ep_star-ne_star	south	2013
2012-09-01	A/Wyoming/11/2012_EPI378093	0.0051	23.238757000000007	14.834288999999975	-0.15288772211217586	0.004742588504884628	24.071049819435903	2013-02-01	ep_star-ne_star	south	2013
2012-09-01	A/YAMAGATA/127/2012_EPI375486	0.000134	19.970370999999997	7.333512999999982	0.20546894409409483	0.0001446761248631019	20.865858061194356	2013-02-01	ep_star-ne_star	south	2013
2012-09-01	A/YAMAGATA/257/2012_EPI378279	0.003124	18.97065100000001	6.333528999999976	0.20546894409409483	0.0033728971199427638	19.86614741344407	2013-02-01	ep_star-ne_star	south	2013
2012-09-01	A/YAMAGUCHI/23/2012_EPI393434	0.005755	20.024145	6.73632299999998	0.20546894409409483	0.006213515661098145	20.941685992608353	2013-02-01	ep_star-ne_star	south	2013
2012-09-01	A/YOKOSUKA/1/2012_EPI364691	2.5e-05	20.51140799999999	8.122068999999982	0.20546894409409483	2.6991814340130955e-05	21.380611108465725	2013-02-01	ep_star-ne_star	south	2013
2013-09-01	A/AUCKLAND/5/2013_EPI466059	0.000365	23.028831	3.704610999999998	0.16606809816315202	0.0003879471173891124	24.01869773016911	2014-02-01	ep_star-ne_star	south	2014
2013-09-01	A/AUCKLAND/500/2013_EPI466062	0.0066170000000000005	23.028831	3.704610999999998	0.16606809816315202	0.007033002947297965	24.01869773016911	2014-02-01	ep_star-ne_star	south	2014
2013-09-01	A/AUCKLAND/502/2013_EPI466065	0.011873	24.121347	6.220167999999991	-0.5359215600821688	0.009419131671666919	25.10466197529232	2014-02-01	ep_star-ne_star	south	2014
2013-09-01	A/Alabama/07/2013_EPI462823	0.0072	23.361244999999986	4.561251999999996	0.16606809816315202	0.007652655466305779	24.394372353681806	2014-02-01	ep_star-ne_star	south	2014
2013-09-01	A/Alaska/03/2013_EPI454460	0.0014529999999999999	22.457735	3.683586999999996	0.16606809816315202	0.0015443483878530965	23.446479755802212	2014-02-01	ep_star-ne_star	south	2014
2013-09-01	A/Alaska/05/2013_EPI459850	0.002879	23.698643000000004	5.318944999999996	-0.26681594394979247	0.00255498497270135	24.699411312082656	2014-02-01	ep_star-ne_star	south	2014
2013-09-01	A/Alaska/06/2013_EPI462828	0.0070019999999999995	23.707897000000003	5.205778999999996	0.16606809816315202	0.007442207440982369	24.70943900203733	2014-02-01	ep_star-ne_star	south	2014
2013-09-01	A/Almaty/2838/2013_EPI438661	1.7e-05	22.457735	3.683586999999996	0.16606809816315202	1.8068769850999756e-05	23.446479755802212	2014-02-01	ep_star-ne_star	south	2014
2013-09-01	A/Almaty/2848/2013_EPI438663	2.4e-05	23.457572	4.683577999999995	0.16606809816315202	2.5508851554352596e-05	24.446322451217615	2014-02-01	ep_star-ne_star	south	2014
2013-09-01	A/Almaty/2958/2013_EPI461953	5e-05	23.457572	4.683577999999995	0.16606809816315202	5.314344073823458e-05	24.446322451217615	2014-02-01	ep_star-ne_star	south	2014
2013-09-01	A/American_Samoa/4786/2013_EPI466905	0.00021	25.360375000000005	6.529709999999994	-0.26681594394979247	0.0001863656979045792	26.393626890890168	2014-02-01	ep_star-ne_star	south	2014
2013-09-01	A/American_Samoa/4789/2013_EPI445980	0.000271	23.361244999999986	4.561251999999996	0.16606809816315202	0.00028803744880123136	24.394372353681806	2014-02-01	ep_star-ne_star	south	2014
2013-09-01	A/American_Samoa/8097/2013_EPI462834	0.006068	23.999325999999993	5.450186999999996	0.16606809816315202	0.006449487967992148	25.023506663760287	2014-02-01	ep_star-ne_star	south	2014
2013-09-01	A/Argentina/206/2013_EPI465510	0.010584	24.04649699999999	5.537780999999994	-0.5359215600821688	0.00839653748950751	25.068340879289288	2014-02-01	ep_star-ne_star	south	2014
2013-09-01	A/Argentina/433/2013_EPI465513	0.01214	23.028831	3.704610999999998	0.16606809816315202	0.012903227411243355	24.01869773016911	2014-02-01	ep_star-ne_star	south	2014
2013-09-01	A/Argentina/45/2013_EPI465957	0.0024010000000000004	23.361244999999986	4.561251999999996	0.16606809816315202	0.002551948024250025	24.394372353681806	2014-02-01	ep_star-ne_star	south	2014
2013-09-01	A/Argentina/555/2013_EPI465528	0.012409	25.256801000000006	6.486318999999992	-0.6996999860627369	0.009194973677862857	26.305106502460177	2014-02-01	ep_star-ne_star	south	2014
2013-09-01	A/Argolida.GR/316/2013_EPI446177	0.00011100000000000001	23.028831	3.704610999999998	0.16606809816315202	0.00011797843843888077	24.01869773016911	2014-02-01	ep_star-ne_star	south	2014
2013-09-01	A/Athens.GR/451/2013_EPI446173	0.000199	23.028831	3.704610999999998	0.16606809816315202	0.00021151089413817362	24.01869773016911	2014-02-01	ep_star-ne_star	south	2014
2013-09-01	A/BRISBANE/3/2013_EPI450496	1.4999999999999999e-05	23.12830099999999	5.249729999999997	0.16606809816315202	1.594303222147037e-05	24.106926368393985	2014-02-01	ep_star-ne_star	south	2014
2013-09-01	A/Bangladesh/6404/2013_EPI465196	0.0024010000000000004	23.452918	4.683577999999995	-0.26681594394979247	0.0021307811460423557	24.442218193510115	2014-02-01	ep_star-ne_star	south	2014
2013-09-01	A/Bangladesh/9269/2013_EPI465296	0.005384000000000001	26.280571999999975	7.358199999999999	-1.4016896443080578	0.0029777586331948018	27.331434570628026	2014-02-01	ep_star-ne_star	south	2014
2013-09-01	A/Bangladesh/9334/2013_EPI466927	0.00461	22.457735	3.683586999999996	0.16606809816315202	0.004899825236065228	23.446479755802212	2014-02-01	ep_star-ne_star	south	2014
2013-09-01	A/Belgium/G0528/2013_EPI464673	7.900000000000001e-05	23.028831	3.704610999999998	0.16606809816315202	8.396663636641065e-05	24.01869773016911	2014-02-01	ep_star-ne_star	south	2014
2013-09-01	A/Belgium/G1067/2013_EPI464677	0.000917	23.028831	3.704610999999998	0.16606809816315202	0.0009746507031392221	24.01869773016911	2014-02-01	ep_star-ne_star	south	2014
2013-09-01	A/Bratislava/811/2013_EPI461959	0.00040199999999999996	23.256672999999985	5.632651999999996	0.16606809816315202	0.00042727326353540594	24.180755399900956	2014-02-01	ep_star-ne_star	south	2014
2013-09-01	A/Bratislava/887/2013_EPI461961	0.00056	24.027696000000006	4.704549999999998	-0.26681594394979247	0.0004969751944122112	25.01770377978029	2014-02-01	ep_star-ne_star	south	2014
2013-09-01	A/Brazil/0289/2013_EPI465535	0.003426	32.54208599999999	18.845118999999986	-0.26681594394979247	0.003040423242957563	33.298205163437586	2014-02-01	ep_star-ne_star	south	2014
2013-09-01	A/Brazil/0328/2013_EPI462839	0.0072	24.01881999999999	5.554767999999994	0.16606809816315202	0.007652655466305779	25.037518312217347	2014-02-01	ep_star-ne_star	south	2014
2013-09-01	A/Brazil/0328/2013_EPI466845	0.0072	24.01881999999999	5.554767999999994	0.16606809816315202	0.007652655466305779	25.037518312217347	2014-02-01	ep_star-ne_star	south	2014
2013-09-01	A/Brazil/265/2013_EPI466920	0.0024010000000000004	23.361244999999986	4.561251999999996	0.16606809816315202	0.002551948024250025	24.394372353681806	2014-02-01	ep_star-ne_star	south	2014
2013-09-01	A/CHIBA-C/39/2013_EPI460871	0.0019149999999999998	24.31924799999999	5.558906999999993	-0.26681594394979247	0.0016994776737489007	25.362885887302863	2014-02-01	ep_star-ne_star	south	2014
2013-09-01	A/CHIBA-C/44/2013_EPI463622	0.004051	23.931026000000006	4.300979999999996	0.16606809816315202	0.004305681568611766	24.924716787236793	2014-02-01	ep_star-ne_star	south	2014
2013-09-01	A/CHRISTCHURCH/507/2013_EPI466070	0.007815	23.028831	3.704610999999998	0.16606809816315202	0.008306319787386066	24.01869773016911	2014-02-01	ep_star-ne_star	south	2014
2013-09-01	A/Cairo/152/2013_EPI445838	1.1e-05	28.745411999999988	13.135934999999991	0.16606809816315202	1.1691556962411606e-05	29.601944880815452	2014-02-01	ep_star-ne_star	south	2014
2013-09-01	A/Cairo/158/2013_EPI445842	1.7e-05	30.083062999999996	15.017902999999993	-0.9688056021951132	1.1260724726960793e-05	30.926274881292343	2014-02-01	ep_star-ne_star	south	2014
2013-09-01	A/Cairo/162/2013_EPI445844	1.7e-05	27.756921000000013	12.180051999999996	0.16606809816315202	1.8068769850999756e-05	28.610966097493634	2014-02-01	ep_star-ne_star	south	2014
2013-09-01	A/Cairo/162/2013_EPI445846	1.7e-05	27.756921000000013	12.180051999999996	0.16606809816315202	1.8068769850999756e-05	28.610966097493634	2014-02-01	ep_star-ne_star	south	2014
2013-09-01	A/Cairo/171/2013_EPI445848	2.3e-05	25.545875999999996	9.162376000000002	0.16606809816315202	2.4445982739587906e-05	26.470028353871694	2014-02-01	ep_star-ne_star	south	2014
2013-09-01	A/California/22/2013_EPI460801	0.004758	24.35171399999999	5.561242999999995	-0.26681594394979247	0.00422251424109518	25.38592732519961	2014-02-01	ep_star-ne_star	south	2014
2013-09-01	A/California/3407/2013_EPI462199	0.00040199999999999996	23.028831	3.704610999999998	0.16606809816315202	0.00042727326353540594	24.01869773016911	2014-02-01	ep_star-ne_star	south	2014
2013-09-01	A/California/3413/2013_EPI462205	0.001234	23.028831	3.704610999999998	0.16606809816315202	0.0013115801174196295	24.01869773016911	2014-02-01	ep_star-ne_star	south	2014
2013-09-01	A/Catalonia/5742S/2013_EPI445880	3.9e-05	23.028831	3.704610999999998	0.16606809816315202	4.1451883775822964e-05	24.01869773016911	2014-02-01	ep_star-ne_star	south	2014
2013-09-01	A/Choibalsan/483/2013_EPI461838	3.7e-05	22.748757999999995	4.365416999999996	0.16606809816315202	3.932614614629359e-05	23.751651011012324	2014-02-01	ep_star-ne_star	south	2014
2013-09-01	A/Denmark/20/2013_EPI426049	1.8e-05	23.028831	3.704610999999998	0.16606809816315202	1.913163866576445e-05	24.01869773016911	2014-02-01	ep_star-ne_star	south	2014
2013-09-01	A/Denmark/88/2012_EPI416251	1e-05	23.986939000000003	4.702265999999997	-0.26681594394979247	8.8745570430752e-06	24.987752373264364	2014-02-01	ep_star-ne_star	south	2014
2013-09-01	A/Dnipro/509/2013_EPI465525	0.00134	24.058626999999984	5.547715999999994	-0.26681594394979247	0.0011891906437720768	25.075860181079875	2014-02-01	ep_star-ne_star	south	2014
2013-09-01	A/Dnipropetrovsk/361/2013_EPI461965	0.000383	22.748757999999995	4.365416999999996	0.16606809816315202	0.00040707875605487686	23.751651011012324	2014-02-01	ep_star-ne_star	south	2014
2013-09-01	A/Dnipropetrovsk/390/2013_EPI461969	0.000586	22.748757999999995	4.365416999999996	0.16606809816315202	0.0006228411254521093	23.751651011012324	2014-02-01	ep_star-ne_star	south	2014
2013-09-01	A/EHIME/29/2013_EPI463623	0.003198	24.022386000000004	4.704601999999997	-0.26681594394979247	0.002838083342375449	25.013000527654803	2014-02-01	ep_star-ne_star	south	2014
2013-09-01	A/Ecuador/440/2013_EPI466917	0.0014529999999999999	23.028831	3.704610999999998	0.16606809816315202	0.0015443483878530965	24.01869773016911	2014-02-01	ep_star-ne_star	south	2014
2013-09-01	A/El_Salvador/433/2013_EPI459841	0.000672	22.457735	3.683586999999996	0.16606809816315202	0.0007142478435218727	23.446479755802212	2014-02-01	ep_star-ne_star	south	2014
2013-09-01	A/Esteli/816/2013_EPI465947	0.00461	23.447803999999998	4.683548999999995	-0.26681594394979247	0.004091170796857668	24.437836386890254	2014-02-01	ep_star-ne_star	south	2014
2013-09-01	A/Estonia/76676/2013_EPI466754	0.000534	23.153795999999996	4.673649999999994	-0.5359215600821688	0.00042363482798535627	24.12828188581791	2014-02-01	ep_star-ne_star	south	2014
2013-09-01	A/Estonia/77060/2013_EPI466756	0.000917	24.32038399999999	5.401613999999995	0.16606809816315202	0.0009746507031392221	25.352160344706775	2014-02-01	ep_star-ne_star	south	2014
2013-09-01	A/FUKUI/64/2013_EPI463631	0.008242	23.92016999999999	4.901218999999996	0.16606809816315202	0.008760164771290586	24.956862031514543	2014-02-01	ep_star-ne_star	south	2014
2013-09-01	A/FUKUSHIMA/95/2013_EPI463632	0.002314	23.361244999999986	4.561251999999996	0.16606809816315202	0.0024594784373654964	24.394372353681806	2014-02-01	ep_star-ne_star	south	2014
2013-09-01	A/Florida/08/2013_EPI447151	0.000769	23.028831	3.704610999999998	0.16606809816315202	0.0008173461185540478	24.01869773016911	2014-02-01	ep_star-ne_star	south	2014
2013-09-01	A/Florida/09/2013_EPI447148	0.001234	23.441102000000004	4.691835999999997	-0.26681594394979247	0.0010951203391154796	24.399604564651735	2014-02-01	ep_star-ne_star	south	2014
2013-09-01	A/Florida/12/2013_EPI459847	0.0037920000000000002	23.727059999999998	5.277638999999996	0.16606809816315202	0.004030398545587711	24.734906786210782	2014-02-01	ep_star-ne_star	south	2014
2013-09-01	A/Franche_Comte/988/2013_EPI465764	0.00018	24.128941999999988	6.113608999999994	-0.26681594394979247	0.00015974202677535363	25.106345791187692	2014-02-01	ep_star-ne_star	south	2014
2013-09-01	A/GIFU-C/15/2013_EPI439001	9.4e-05	25.360839000000006	6.561233999999994	-0.26681594394979247	8.342083620490687e-05	26.39403867033697	2014-02-01	ep_star-ne_star	south	2014
2013-09-01	A/Ghana/DARI-0063/2013_EPI466760	0.001395	25.40276399999999	6.5889059999999935	-1.6707952604404344	0.0006897033950080246	26.37121427397073	2014-02-01	ep_star-ne_star	south	2014
2013-09-01	A/Ghana/DARI-0098/2013_EPI466762	0.01847	23.56231500000001	5.356191999999996	0.16606809816315202	0.019631187008703855	24.58253214169617	2014-02-01	ep_star-ne_star	south	2014
2013-09-01	A/Ghana/DILI-0319/2013_EPI466764	0.0024920000000000003	23.56231500000001	5.356191999999996	0.16606809816315202	0.0026486690863936116	24.58253214169617	2014-02-01	ep_star-ne_star	south	2014
2013-09-01	A/Ghana/DILI-0321/2013_EPI466766	0.002778	23.56231500000001	5.356191999999996	0.16606809816315202	0.0029526495674163135	24.58253214169617	2014-02-01	ep_star-ne_star	south	2014
2013-09-01	A/Ghana/DILI-0443/2013_EPI466768	0.012409	23.937253000000005	4.611675999999998	0.16606809816315202	0.013189139122415058	24.92188328722782	2014-02-01	ep_star-ne_star	south	2014
2013-09-01	A/Ghana/DILI-0467/2013_EPI466770	0.014356	23.937253000000005	4.611675999999998	0.16606809816315202	0.015258544704761913	24.92188328722782	2014-02-01	ep_star-ne_star	south	2014
2013-09-01	A/Ghana/DILI-495/2013_EPI466772	0.016686000000000003	25.118276999999996	6.6646979999999925	-0.6996999860627369	0.012364197823258895	26.163942424198797	2014-02-01	ep_star-ne_star	south	2014
2013-09-01	A/Ghana/DILI-498/2013_EPI466774	0.017577000000000002	23.937253000000005	4.611675999999998	0.16606809816315202	0.018682045157118986	24.92188328722782	2014-02-01	ep_star-ne_star	south	2014
2013-09-01	A/Ghana/DILI-515/2013_EPI466776	0.019656	25.118276999999996	6.6646979999999925	-0.6996999860627369	0.0145649450086286	26.163942424198797	2014-02-01	ep_star-ne_star	south	2014
2013-09-01	A/Ghana/DILI-518/2013_EPI466778	0.019951	23.028831	3.704610999999998	0.16606809816315202	0.021205295723370363	24.01869773016911	2014-02-01	ep_star-ne_star	south	2014
2013-09-01	A/Ghana/FS-0373/2013_EPI466780	0.001395	23.56231500000001	5.356191999999996	0.16606809816315202	0.0014827019965967447	24.58253214169617	2014-02-01	ep_star-ne_star	south	2014
2013-09-01	A/Gothenburg/2/2013_EPI442985	0.000672	25.02515599999998	5.667793999999994	-0.6996999860627369	0.0004979468379018324	26.015856647708464	2014-02-01	ep_star-ne_star	south	2014
2013-09-01	A/Guam/3415/2013_EPI462207	0.001843	24.05969499999999	5.5348449999999945	-0.26681594394979247	0.0016355808630387594	25.078298061876144	2014-02-01	ep_star-ne_star	south	2014
2013-09-01	A/Guam/5676/2013_EPI454466	0.0009570000000000001	24.358643999999988	5.487644999999994	-0.26681594394979247	0.0008492951090222967	25.392175816625855	2014-02-01	ep_star-ne_star	south	2014
2013-09-01	A/Haute_Normandie/1349/2013_EPI465785	0.000586	23.028831	3.704610999999998	0.16606809816315202	0.0006228411254521093	24.01869773016911	2014-02-01	ep_star-ne_star	south	2014
2013-09-01	A/Hawaii/02/2013_EPI460792	0.008461	24.016334999999998	5.498833999999997	-0.26681594394979247	0.007508762714145927	25.004853531256373	2014-02-01	ep_star-ne_star	south	2014
2013-09-01	A/Hawaii/3416/2013_EPI462208	0.002147	23.361244999999986	4.561251999999996	0.16606809816315202	0.002281979345299793	24.394372353681806	2014-02-01	ep_star-ne_star	south	2014
2013-09-01	A/Hawaii/3417/2013_EPI462209	0.002147	22.457735	3.683586999999996	0.16606809816315202	0.002281979345299793	23.446479755802212	2014-02-01	ep_star-ne_star	south	2014
2013-09-01	A/Hong_Kong/1036/2013_EPI466782	0.000245	25.555595999999994	7.4300059999999934	-1.8345736864210023	0.00011314035734373044	26.50222674290381	2014-02-01	ep_star-ne_star	south	2014
2013-09-01	A/Hong_Kong/1864/2013_EPI465298	0.001088	23.361244999999986	4.561251999999996	0.16606809816315202	0.0011564012704639844	24.394372353681806	2014-02-01	ep_star-ne_star	south	2014
2013-09-01	A/Hong_Kong/392/2013_EPI464685	5.3e-05	23.741803999999995	5.335854999999995	0.16606809816315202	5.633204718252865e-05	24.749386617910687	2014-02-01	ep_star-ne_star	south	2014
2013-09-01	A/IBARAKI/7/2013_EPI445779	2.4e-05	23.153454999999987	5.310269999999996	0.16606809816315202	2.5508851554352596e-05	24.12575819241462	2014-02-01	ep_star-ne_star	south	2014
2013-09-01	A/Iceland/02/2013_EPI461975	1.1e-05	23.361244999999986	4.561251999999996	0.16606809816315202	1.1691556962411606e-05	24.394372353681806	2014-02-01	ep_star-ne_star	south	2014
2013-09-01	A/Iceland/04311/2013_EPI464689	0.000534	23.987970000000008	4.544972999999999	0.16606809816315202	0.0005675719470843453	24.976485721194088	2014-02-01	ep_star-ne_star	south	2014
2013-09-01	A/Iceland/56/2013_EPI461985	0.003198	23.987970000000008	4.544972999999999	0.16606809816315202	0.0033990544696174832	24.976485721194088	2014-02-01	ep_star-ne_star	south	2014
2013-09-01	A/Iceland/56/2013_EPI464691	0.003198	23.987970000000008	4.544972999999999	0.16606809816315202	0.0033990544696174832	24.976485721194088	2014-02-01	ep_star-ne_star	south	2014
2013-09-01	A/Illinois/01/2013_EPI418029	1.6e-05	23.775951999999993	5.548476999999994	-0.26681594394979247	1.4199291268920318e-05	24.777441030260118	2014-02-01	ep_star-ne_star	south	2014
2013-09-01	A/India/1477/2013_EPI462836	0.0003	23.361244999999986	4.561251999999996	0.16606809816315202	0.0003188606444294074	24.394372353681806	2014-02-01	ep_star-ne_star	south	2014
2013-09-01	A/Indiana/04/2013_EPI464503	0.014356	51.409952999999916	72.22627999999996	0.16606809816315202	0.015258544704761913	50.2419361798087	2014-02-01	ep_star-ne_star	south	2014
2013-09-01	A/Indiana/05/2013_EPI464500	0.014641999999999999	51.409952999999916	72.22627999999996	0.16606809816315202	0.01556252518578461	50.2419361798087	2014-02-01	ep_star-ne_star	south	2014
2013-09-01	A/Indiana/05/2013_EPI465382	0.014641999999999999	51.409952999999916	72.22627999999996	0.16606809816315202	0.01556252518578461	50.2419361798087	2014-02-01	ep_star-ne_star	south	2014
2013-09-01	A/Indiana/05/2013_EPI465394	0.014641999999999999	52.38006799999995	73.22610799999997	-0.26681594394979247	0.012994126422470706	51.21551370546523	2014-02-01	ep_star-ne_star	south	2014
2013-09-01	A/Indiana/05/2013_EPI465422	0.014641999999999999	51.409952999999916	72.22627999999996	0.16606809816315202	0.01556252518578461	50.2419361798087	2014-02-01	ep_star-ne_star	south	2014
2013-09-01	A/Indiana/06/2013_EPI461874	0.01522	51.409952999999916	72.22627999999996	0.16606809816315202	0.016176863360718604	50.2419361798087	2014-02-01	ep_star-ne_star	south	2014
2013-09-01	A/Indiana/07/2013_EPI460760	0.01522	51.409952999999916	72.22627999999996	0.16606809816315202	0.016176863360718604	50.2419361798087	2014-02-01	ep_star-ne_star	south	2014
2013-09-01	A/Indiana/07/2013_EPI465385	0.01522	51.409952999999916	72.22627999999996	0.16606809816315202	0.016176863360718604	50.2419361798087	2014-02-01	ep_star-ne_star	south	2014
2013-09-01	A/Indiana/08/2013_EPI461877	0.015511000000000002	51.409952999999916	72.22627999999996	0.16606809816315202	0.01648615818581513	50.2419361798087	2014-02-01	ep_star-ne_star	south	2014
2013-09-01	A/Indiana/10/2013_EPI464511	0.021978	50.78319799999994	71.23289500000001	0.16606809816315202	0.023359730810898392	49.62666648093152	2014-02-01	ep_star-ne_star	south	2014
2013-09-01	A/Indiana/11/2013_EPI465373	0.026523	51.409952999999916	72.22627999999996	0.16606809816315202	0.028190469574003917	50.2419361798087	2014-02-01	ep_star-ne_star	south	2014
2013-09-01	A/Indiana/15/2013_EPI462227	0.01728	50.78319799999994	71.23289500000001	0.16606809816315202	0.01836637311913387	49.62666648093152	2014-02-01	ep_star-ne_star	south	2014
2013-09-01	A/Indiana/17/2013_EPI462212	0.01728	53.67922100000001	74.23255599999992	0.16606809816315202	0.01836637311913387	52.516244603379214	2014-02-01	ep_star-ne_star	south	2014
2013-09-01	A/Indiana/17/2013_EPI465379	0.01728	50.78319799999994	71.23289500000001	0.16606809816315202	0.01836637311913387	49.62666648093152	2014-02-01	ep_star-ne_star	south	2014
2013-09-01	A/Indiana/17/2013_EPI465420	0.01728	50.78319799999994	71.23289500000001	0.16606809816315202	0.01836637311913387	49.62666648093152	2014-02-01	ep_star-ne_star	south	2014
2013-09-01	A/Indiana/18/2013_EPI462224	0.01728	50.78319799999994	71.23289500000001	0.16606809816315202	0.01836637311913387	49.62666648093152	2014-02-01	ep_star-ne_star	south	2014
2013-09-01	A/Iowa/02/2013_EPI459799	0.00392	24.30416299999999	5.615399999999996	-0.26681594394979247	0.003478826360885478	25.275362163626745	2014-02-01	ep_star-ne_star	south	2014
2013-09-01	A/Israel/24/2013_EPI426079	2.3e-05	24.028770000000005	4.683107999999998	-0.26681594394979247	2.041148119907296e-05	25.01865690720672	2014-02-01	ep_star-ne_star	south	2014
2013-09-01	A/Japan/2013_EPI465106	0.026937	22.748757999999995	4.365416999999996	0.16606809816315202	0.028630497263316495	23.751651011012324	2014-02-01	ep_star-ne_star	south	2014
2013-09-01	A/Japan/3404/2013_EPI462196	0.000348	24.152685999999985	6.310208999999994	-0.26681594394979247	0.00030883458509901694	25.125089050813575	2014-02-01	ep_star-ne_star	south	2014
2013-09-01	A/Japan/3408/2013_EPI462200	0.00042199999999999996	24.027972000000005	4.704601999999997	0.16606809816315202	0.00044853063983069975	25.017800668889453	2014-02-01	ep_star-ne_star	south	2014
2013-09-01	A/KANAGAWA/141/2013_EPI463624	0.004909	22.83829399999999	4.458189999999996	-0.26681594394979247	0.004356520052445616	23.801494020031082	2014-02-01	ep_star-ne_star	south	2014
2013-09-01	A/KOBE/27/2013_EPI460882	0.002778	24.688243999999987	6.362421999999993	-0.26681594394979247	0.0024653519465662904	25.69073409319288	2014-02-01	ep_star-ne_star	south	2014
2013-09-01	A/Kaliningrad/1/2013_EPI460546	0.0005099999999999	24.32038399999999	5.401613999999995	0.16606809816315202	0.0005420630955298863	25.352160344706775	2014-02-01	ep_star-ne_star	south	2014
2013-09-01	A/Kamphaengphet/175/2013_EPI467248	0.004051	23.361244999999986	4.561251999999996	0.16606809816315202	0.004305681568611766	24.394372353681806	2014-02-01	ep_star-ne_star	south	2014
2013-09-01	A/Kansas/04/2013_EPI465186	0.014356	25.519974999999985	6.499426999999993	-0.6996999860627369	0.01063768572160522	26.557594543364356	2014-02-01	ep_star-ne_star	south	2014
2013-09-01	A/Karlstad/1/2013_EPI450825	0.001843	24.35754399999999	5.561242999999995	-0.26681594394979247	0.0016355808630387594	25.391101191955727	2014-02-01	ep_star-ne_star	south	2014
2013-09-01	A/Kenya/108/2013_EPI459826	8.9e-05	24.256479999999993	6.632642999999992	-0.5359215600821688	7.060580466422603e-05	25.180614188291642	2014-02-01	ep_star-ne_star	south	2014
2013-09-01	A/Kenya/117/2013_EPI462820	0.002778	23.256672999999985	5.632651999999996	0.16606809816315202	0.0029526495674163135	24.180755399900956	2014-02-01	ep_star-ne_star	south	2014
2013-09-01	A/Kenya/118/2013_EPI462825	0.0035450000000000004	23.256672999999985	5.632651999999996	0.16606809816315202	0.0037678699483408317	24.180755399900956	2014-02-01	ep_star-ne_star	south	2014
2013-09-01	A/Kenya/253/2013_EPI467938	0.00016999999999999999	26.255010999999993	8.632093999999991	-0.26681594394979247	0.0001508674697322784	27.17929091462456	2014-02-01	ep_star-ne_star	south	2014
2013-09-01	A/Kenya/254/2013_EPI467939	0.00013000000000000002	23.256672999999985	5.632651999999996	0.16606809816315202	0.0001381729459194099	24.180755399900956	2014-02-01	ep_star-ne_star	south	2014
2013-09-01	A/Kenya/255/2013_EPI467940	5.600000000000001e-05	27.239217999999994	9.618365000000002	-0.26681594394979247	4.969751944122113e-05	28.167361797488844	2014-02-01	ep_star-ne_star	south	2014
2013-09-01	A/Kenya/256/2013_EPI467941	5.600000000000001e-05	26.255040999999995	8.618457999999992	0.16606809816315202	5.9520653626822744e-05	27.179288068893136	2014-02-01	ep_star-ne_star	south	2014
2013-09-01	A/Kenya/257/2013_EPI467942	3.9e-05	27.254885999999992	9.618449	-0.26681594394979247	3.461077246799328e-05	28.17917364822869	2014-02-01	ep_star-ne_star	south	2014
2013-09-01	A/Kenya/258/2013_EPI467943	3.5e-05	27.254955999999993	9.618391	-0.26681594394979247	3.10609496507632e-05	28.179225946993803	2014-02-01	ep_star-ne_star	south	2014
2013-09-01	A/Khmelnitsky/480/2013_EPI465294	0.0007030000000000001	23.361244999999986	4.561251999999996	0.16606809816315202	0.0007471967767795783	24.394372353681806	2014-02-01	ep_star-ne_star	south	2014
2013-09-01	A/Korea/3402/2013_EPI462194	0.00018899999999999999	23.361244999999986	4.561251999999996	0.16606809816315202	0.00020088220599052668	24.394372353681806	2014-02-01	ep_star-ne_star	south	2014
2013-09-01	A/Korea/3410/2013_EPI462202	0.000614	23.361244999999986	4.561251999999996	0.16606809816315202	0.0006526014522655207	24.394372353681806	2014-02-01	ep_star-ne_star	south	2014
2013-09-01	A/Korea/3419/2013_EPI462211	0.002314	24.356495999999986	5.561242999999995	-0.26681594394979247	0.0020535724997676015	25.39017113837761	2014-02-01	ep_star-ne_star	south	2014
2013-09-01	A/Lefkada_Island.GR/372/2013_EPI446175	0.000145	23.028831	3.704610999999998	0.16606809816315202	0.00015411597814088027	24.01869773016911	2014-02-01	ep_star-ne_star	south	2014
2013-09-01	A/Lisboa/SU15/2013_EPI417027	1.2e-05	23.028831	3.704610999999998	0.16606809816315202	1.2754425777176298e-05	24.01869773016911	2014-02-01	ep_star-ne_star	south	2014
2013-09-01	A/Louisiana/04/2013_EPI454473	0.001843	24.449798999999995	5.683568999999997	-0.6996999860627369	0.0013656488426385077	25.44062147053369	2014-02-01	ep_star-ne_star	south	2014
2013-09-01	A/MALAYSIA/4/2013_EPI466076	9.4e-05	30.757516999999982	16.580453	-0.6996999860627369	6.965327792079203e-05	31.52567394148297	2014-02-01	ep_star-ne_star	south	2014
2013-09-01	A/Maevatanana/563/2013_EPI466963	0.000245	27.75431400000001	12.212575999999997	-1.2379112183274898	0.00014507320977971228	28.60934292798915	2014-02-01	ep_star-ne_star	south	2014
2013-09-01	A/Maevatanana/974/2013_EPI466784	0.000487	29.04643499999999	13.221658999999997	-1.4016896443080578	0.00026934778127152086	29.91706872301287	2014-02-01	ep_star-ne_star	south	2014
2013-09-01	A/Managua/1083/2013_EPI465956	0.014356	22.457735	3.683586999999996	0.16606809816315202	0.015258544704761913	23.446479755802212	2014-02-01	ep_star-ne_star	south	2014
2013-09-01	A/Maryland/05/2013_EPI459811	0.00134	23.289779	4.915865999999995	-0.5359215600821688	0.001063053688202954	24.27575846219004	2014-02-01	ep_star-ne_star	south	2014
2013-09-01	A/Maryland/06/2013_EPI465189	0.015803	23.378254	4.609898999999994	0.16606809816315202	0.01679651587972642	24.37571922117787	2014-02-01	ep_star-ne_star	south	2014
2013-09-01	A/Massachusetts/12/2013_EPI465943	0.01847	24.601202999999984	5.160448999999994	-0.5359215600821688	0.014652687776946685	25.586846808905968	2014-02-01	ep_star-ne_star	south	2014
2013-09-01	A/Mato_Grosso_do_Sul/13986/2013_EPI460078	0.000365	23.361244999999986	4.561251999999996	0.16606809816315202	0.0003879471173891124	24.394372353681806	2014-02-01	ep_star-ne_star	south	2014
2013-09-01	A/Minsk/1431/2013_EPI466786	0.000383	25.453660999999986	7.352053999999995	-0.9688056021951132	0.00025369750414270495	26.441571649660972	2014-02-01	ep_star-ne_star	south	2014
2013-09-01	A/Missouri/04/2013_EPI442828	0.000586	23.361244999999986	4.561251999999996	0.16606809816315202	0.0006228411254521093	24.394372353681806	2014-02-01	ep_star-ne_star	south	2014
2013-09-01	A/Missouri/04/2013_EPI454482	0.000586	25.331581000000003	6.482551999999993	-0.6996999860627369	0.00043422149852749087	26.36684413540349	2014-02-01	ep_star-ne_star	south	2014
2013-09-01	A/Moldova/326/2013_EPI461990	0.00040199999999999996	22.457735	3.683586999999996	0.16606809816315202	0.00042727326353540594	23.446479755802212	2014-02-01	ep_star-ne_star	south	2014
2013-09-01	A/Montana/01/2013_EPI418026	1.2e-05	22.853395999999993	4.663957999999993	0.16606809816315202	1.2754425777176298e-05	23.81172378303658	2014-02-01	ep_star-ne_star	south	2014
2013-09-01	A/NEWCASTLE/1/2013_EPI450257	2.3e-05	23.457673999999997	4.682379999999995	-0.26681594394979247	2.041148119907296e-05	24.4464389328398	2014-02-01	ep_star-ne_star	south	2014
2013-09-01	A/NIIGATA-C/66/2013_EPI456628	0.000614	22.748757999999995	4.365416999999996	0.16606809816315202	0.0006526014522655207	23.751651011012324	2014-02-01	ep_star-ne_star	south	2014
2013-09-01	A/NIIGATA/656/2013_EPI463625	0.00461	24.72223199999999	7.269813999999994	-0.5359215600821688	0.0036572220168773267	25.69254953801667	2014-02-01	ep_star-ne_star	south	2014
2013-09-01	A/Nanjing/M1/2013_EPI450524	0.003198	25.92425699999999	6.874119999999995	-1.1325840281756814	0.0019786053802687345	26.948661379947247	2014-02-01	ep_star-ne_star	south	2014
2013-09-01	A/Nevada/05/2013_EPI447160	0.000917	23.361244999999986	4.561251999999996	0.16606809816315202	0.0009746507031392221	24.394372353681806	2014-02-01	ep_star-ne_star	south	2014
2013-09-01	A/New_Jersey/03/2013_EPI443727	0.000487	22.457735	3.683586999999996	0.16606809816315202	0.0005176171127904048	23.446479755802212	2014-02-01	ep_star-ne_star	south	2014
2013-09-01	A/New_Jersey/05/2013_EPI460798	0.0058909999999999995	24.010182000000004	4.704549999999997	-0.26681594394979247	0.0052280015540756	25.00216088057505	2014-02-01	ep_star-ne_star	south	2014
2013-09-01	A/New_Mexico/08/2013_EPI447163	0.000534	24.744748999999988	6.354648999999994	-0.6996999860627369	0.0003956898979755633	25.74870260257782	2014-02-01	ep_star-ne_star	south	2014
2013-09-01	A/New_Mexico/11/2013_EPI464413	0.003667	24.105220999999993	5.456718999999996	-0.6996999860627369	0.002717218831229196	25.117275128355974	2014-02-01	ep_star-ne_star	south	2014
2013-09-01	A/New_York/06/2013_EPI459793	0.001772	23.028831	3.704610999999998	0.16606809816315202	0.0018834035397630334	24.01869773016911	2014-02-01	ep_star-ne_star	south	2014
2013-09-01	A/New_York/3215/2013_EPI446564	1.4000000000000001e-05	23.727059999999998	5.277638999999996	0.16606809816315202	1.4880163406705684e-05	24.734906786210782	2014-02-01	ep_star-ne_star	south	2014
2013-09-01	A/Nonthaburi/174/2013_EPI467244	0.0072	23.361244999999986	4.561251999999996	0.16606809816315202	0.007652655466305779	24.394372353681806	2014-02-01	ep_star-ne_star	south	2014
2013-09-01	A/Nonthaburi/263/2013_EPI432623	4.2e-05	24.361145999999987	5.561242999999995	-0.26681594394979247	3.7273139580915836e-05	25.39429780740264	2014-02-01	ep_star-ne_star	south	2014
2013-09-01	A/Nordrhein-Westfalen/1/2013_EPI450670	1.1e-05	23.028831	3.704610999999998	0.16606809816315202	1.1691556962411606e-05	24.01869773016911	2014-02-01	ep_star-ne_star	south	2014
2013-09-01	A/North_Carolina/04/2013_EPI440070	0.00021	22.748757999999995	4.365416999999996	0.16606809816315202	0.00022320245110058523	23.751651011012324	2014-02-01	ep_star-ne_star	south	2014
2013-09-01	A/North_Carolina/05/2013_EPI442834	0.00040199999999999996	27.10516499999999	9.327937999999998	-2.103679302553379	0.0001659515181480765	28.083490918533876	2014-02-01	ep_star-ne_star	south	2014
2013-09-01	A/North_Carolina/06/2013_EPI454479	0.000769	23.666912000000007	4.593545999999998	0.16606809816315202	0.0008173461185540478	24.647832040247604	2014-02-01	ep_star-ne_star	south	2014
2013-09-01	A/North_Dakota/02/2013_EPI447174	0.001135	23.028831	3.704610999999998	0.16606809816315202	0.0012063561047579248	24.01869773016911	2014-02-01	ep_star-ne_star	south	2014
2013-09-01	A/Norway/2010/2013_EPI466790	0.001575	24.164322000000002	5.139297999999996	-0.6996999860627369	0.00116706290133242	25.174135817883496	2014-02-01	ep_star-ne_star	south	2014
2013-09-01	A/Norway/2200/2013_EPI466794	0.001772	22.748757999999995	4.365416999999996	0.16606809816315202	0.0018834035397630334	23.751651011012324	2014-02-01	ep_star-ne_star	south	2014
2013-09-01	A/Norway/2255/2013_EPI466796	0.002879	22.853395999999993	4.663957999999993	0.16606809816315202	0.003059999317707547	23.81172378303658	2014-02-01	ep_star-ne_star	south	2014
2013-09-01	A/Norway/2418/2013_EPI466798	0.004051	24.353127999999987	5.561242999999995	-0.26681594394979247	0.0035950830581497634	25.387182187565504	2014-02-01	ep_star-ne_star	south	2014
2013-09-01	A/NosyBe/429/2013_EPI466971	0.000117	27.048071	11.227628999999988	-0.5359215600821688	9.28188668057803e-05	27.91861622835244	2014-02-01	ep_star-ne_star	south	2014
2013-09-01	A/Novosibirsk/77/2012_EPI450672	0.00018899999999999999	24.021028	4.704549999999998	0.16606809816315202	0.00020088220599052668	25.010900388936154	2014-02-01	ep_star-ne_star	south	2014
2013-09-01	A/Novosibirsk/78/2012_EPI450674	0.00018899999999999999	24.021028	4.704549999999998	0.16606809816315202	0.00020088220599052668	25.010900388936154	2014-02-01	ep_star-ne_star	south	2014
2013-09-01	A/OITA/37/2013_EPI460873	0.002147	23.361244999999986	4.561251999999996	0.16606809816315202	0.002281979345299793	24.394372353681806	2014-02-01	ep_star-ne_star	south	2014
2013-09-01	A/OSAKA/29/2013_EPI460878	0.002314	23.028831	3.704610999999998	0.16606809816315202	0.0024594784373654964	24.01869773016911	2014-02-01	ep_star-ne_star	south	2014
2013-09-01	A/OSAKA/32/2013_EPI463630	0.0037920000000000002	23.366515000000007	5.282689999999997	0.16606809816315202	0.004030398545587711	24.36516948593446	2014-02-01	ep_star-ne_star	south	2014
2013-09-01	A/Ohio/05/2013_EPI465376	0.023627000000000002	50.78319799999994	71.23289500000001	0.16606809816315202	0.02511240148644537	49.62666648093152	2014-02-01	ep_star-ne_star	south	2014
2013-09-01	A/Oklahoma/08/2013_EPI447154	0.000534	23.31711599999999	5.3584139999999945	0.16606809816315202	0.0005675719470843453	24.296589068320692	2014-02-01	ep_star-ne_star	south	2014
2013-09-01	A/Oklahoma/3405/2013_EPI462197	0.000365	23.31711599999999	5.3584139999999945	0.16606809816315202	0.0003879471173891124	24.296589068320692	2014-02-01	ep_star-ne_star	south	2014
2013-09-01	A/Oklahoma/3414/2013_EPI462206	0.00134	23.361244999999986	4.561251999999996	0.16606809816315202	0.0014242442117846867	24.394372353681806	2014-02-01	ep_star-ne_star	south	2014
2013-09-01	A/Oman/39/2013_EPI439445	1.4999999999999999e-05	22.457735	3.683586999999996	0.16606809816315202	1.594303222147037e-05	23.446479755802212	2014-02-01	ep_star-ne_star	south	2014
2013-09-01	A/Paris/422/2013_EPI465754	4.2e-05	26.924755000000008	7.704262999999991	-0.26681594394979247	3.7273139580915836e-05	27.908201306337684	2014-02-01	ep_star-ne_star	south	2014
2013-09-01	A/Pays_de_Loire/1499/2013_EPI465788	0.001088	23.028831	3.704610999999998	0.16606809816315202	0.0011564012704639844	24.01869773016911	2014-02-01	ep_star-ne_star	south	2014
2013-09-01	A/Peru/114/2013_EPI459784	0.00199	23.028831	3.704610999999998	0.16606809816315202	0.002115108941381736	24.01869773016911	2014-02-01	ep_star-ne_star	south	2014
2013-09-01	A/Peru/55/2013_EPI459781	0.00042199999999999996	23.028831	3.704610999999998	0.16606809816315202	0.00044853063983069975	24.01869773016911	2014-02-01	ep_star-ne_star	south	2014
2013-09-01	A/Picardie/1572/2013_EPI465794	0.001843	25.431991999999994	6.611655999999991	-0.26681594394979247	0.0016355808630387594	26.391755039437058	2014-02-01	ep_star-ne_star	south	2014
2013-09-01	A/Rhode_Island/06/2013_EPI460795	0.00134	22.457735	3.683586999999996	0.16606809816315202	0.0014242442117846867	23.446479755802212	2014-02-01	ep_star-ne_star	south	2014
2013-09-01	A/SAKAI/13/2013_EPI460874	0.001704	26.31250699999997	7.547440999999998	-1.1325840281756814	0.001054266281418988	27.359209931651353	2014-02-01	ep_star-ne_star	south	2014
2013-09-01	A/SOUTH_AUCKLAND/9/2013_EPI466091	0.0076069999999999	23.931026000000006	4.300979999999996	0.16606809816315202	0.008085243073914903	24.924716787236793	2014-02-01	ep_star-ne_star	south	2014
2013-09-01	A/SOUTH_AUSTRALIA/2/2013_EPI450293	1.7e-05	29.044673999999986	13.223951999999999	-1.1325840281756814	1.0517914779414788e-05	29.914949893971002	2014-02-01	ep_star-ne_star	south	2014
2013-09-01	A/SOUTH_AUSTRALIA/29/2013_EPI466103	0.01728	22.457735	3.683586999999996	0.16606809816315202	0.01836637311913387	23.446479755802212	2014-02-01	ep_star-ne_star	south	2014
2013-09-01	A/SOUTH_AUSTRALIA/8/2013_EPI450296	0.000383	24.057305999999993	5.551314999999994	0.16606809816315202	0.00040707875605487686	25.076174483697493	2014-02-01	ep_star-ne_star	south	2014
2013-09-01	A/Sainshand/731/2013_EPI439016	8.9e-05	22.457735	3.683586999999996	0.16606809816315202	9.459532451405755e-05	23.446479755802212	2014-02-01	ep_star-ne_star	south	2014
2013-09-01	A/Saint-Petersburg/170/2013_EPI460554	0.000736	24.10087499999998	6.199233999999993	0.16606809816315202	0.000782271447666813	25.078852484446465	2014-02-01	ep_star-ne_star	south	2014
2013-09-01	A/Saint-Petersburg/4/2013_EPI450677	0.00013000000000000002	22.748757999999995	4.365416999999996	0.16606809816315202	0.0001381729459194099	23.751651011012324	2014-02-01	ep_star-ne_star	south	2014
2013-09-01	A/Saint-Petersburg/69/2013_EPI460556	0.0005099999999999	23.144418999999996	5.345787999999995	0.16606809816315202	0.0005420630955298863	24.116895038246724	2014-02-01	ep_star-ne_star	south	2014
2013-09-01	A/Saint-Petersburg/RII18/2013_EPI457317	3.9e-05	23.762175999999986	6.263060999999991	0.16606809816315202	4.1451883775822964e-05	24.730413513168816	2014-02-01	ep_star-ne_star	south	2014
2013-09-01	A/Saint-Petersburg/RII30/2013_EPI457323	5.3e-05	24.13966999999998	6.345778999999995	-0.26681594394979247	4.7035152328298554e-05	25.112693822942536	2014-02-01	ep_star-ne_star	south	2014
2013-09-01	A/Samara/RII01/2013_EPI457331	8.4e-05	23.144418999999996	5.345787999999995	0.16606809816315202	8.928098044023408e-05	24.116895038246724	2014-02-01	ep_star-ne_star	south	2014
2013-09-01	A/Santiago/20181/2013_EPI459814	0.0007030000000000001	25.750464999999984	7.462483999999999	-0.26681594394979247	0.0006238813601281866	26.75300460354131	2014-02-01	ep_star-ne_star	south	2014
2013-09-01	A/Sao_Paulo/11079/2013_EPI460077	0.000199	23.361244999999986	4.561251999999996	0.16606809816315202	0.00021151089413817362	24.394372353681806	2014-02-01	ep_star-ne_star	south	2014
2013-09-01	A/Singapore/H2013.060/2013_EPI467971	3.7e-05	22.748757999999995	4.365416999999996	0.16606809816315202	3.932614614629359e-05	23.751651011012324	2014-02-01	ep_star-ne_star	south	2014
2013-09-01	A/Skopje/DZ_K_33/2013_EPI450689	3.5e-05	24.361159999999987	5.561242999999995	0.16606809816315202	3.72004085167642e-05	25.39429795286477	2014-02-01	ep_star-ne_star	south	2014
2013-09-01	A/Slovenia/549/2013_EPI460566	7.900000000000001e-05	24.775653000000005	6.548467999999994	-0.6996999860627369	5.853839314619758e-05	25.777235275270062	2014-02-01	ep_star-ne_star	south	2014
2013-09-01	A/Smolensk/RII01S/2013_EPI457334	2.7000000000000002e-05	23.748689000000006	5.3650939999999965	-0.26681594394979247	2.396130401630304e-05	24.751603088404323	2014-02-01	ep_star-ne_star	south	2014
2013-09-01	A/South_Africa/1857/2013_EPI466800	0.0024010000000000004	23.361244999999986	4.561251999999996	0.16606809816315202	0.002551948024250025	24.394372353681806	2014-02-01	ep_star-ne_star	south	2014
2013-09-01	A/South_Africa/3941/2013_EPI466973	0.01214	24.01571399999999	5.556452999999993	-0.26681594394979247	0.010773712250293293	25.036530000128096	2014-02-01	ep_star-ne_star	south	2014
2013-09-01	A/South_Africa/4655/2013_EPI466802	0.015803	24.233274999999995	5.674274999999996	-0.26681594394979247	0.01402446249517174	25.24535475073515	2014-02-01	ep_star-ne_star	south	2014
2013-09-01	A/South_Africa/4671/2013_EPI466804	0.015803	23.271291999999995	4.674361999999995	0.16606809816315202	0.01679651587972642	24.277360886486015	2014-02-01	ep_star-ne_star	south	2014
2013-09-01	A/St_Petersburg/22/2013_EPI447169	0.00134	25.003920999999984	5.704401999999993	-0.26681594394979247	0.0011891906437720768	25.997834624407556	2014-02-01	ep_star-ne_star	south	2014
2013-09-01	A/Stockholm/16/2013_EPI450819	0.001772	23.028831	3.704610999999998	0.16606809816315202	0.0018834035397630334	24.01869773016911	2014-02-01	ep_star-ne_star	south	2014
2013-09-01	A/Stockholm/7/2013_EPI464703	0.000221	23.028831	3.704610999999998	0.16606809816315202	0.00023489400806299684	24.01869773016911	2014-02-01	ep_star-ne_star	south	2014
2013-09-01	A/Suzhou/1275/2013_EPI498075	0.001395	22.457735	3.683586999999996	0.16606809816315202	0.0014827019965967447	23.446479755802212	2014-02-01	ep_star-ne_star	south	2014
2013-09-01	A/Sweden/1/2013_EPI438625	6.3e-05	23.028831	3.704610999999998	0.16606809816315202	6.696073533017556e-05	24.01869773016911	2014-02-01	ep_star-ne_star	south	2014
2013-09-01	A/Sweden/4/2013_EPI450813	0.0014529999999999999	24.765355000000007	6.548467999999994	-0.5359215600821688	0.0011526992604170836	25.76775473575248	2014-02-01	ep_star-ne_star	south	2014
2013-09-01	A/Sweden/5/2013_EPI450816	0.0024010000000000004	24.353521999999987	5.561242999999995	0.16606809816315202	0.002551948024250025	25.386963059112468	2014-02-01	ep_star-ne_star	south	2014
2013-09-01	A/Sweden/9/2013_EPI450900	0.002585	23.028831	3.704610999999998	0.16606809816315202	0.0027475158861667275	24.01869773016911	2014-02-01	ep_star-ne_star	south	2014
2013-09-01	A/TOWNSVILLE/16/2013_EPI450305	0.000348	23.361244999999986	4.561251999999996	0.16606809816315202	0.0003698783475381127	24.394372353681806	2014-02-01	ep_star-ne_star	south	2014
2013-09-01	A/TOWNSVILLE/33/2013_EPI466109	0.000769	23.361244999999986	4.561251999999996	0.16606809816315202	0.0008173461185540478	24.394372353681806	2014-02-01	ep_star-ne_star	south	2014
2013-09-01	A/Taraz/2922/2013_EPI438719	2.8999999999999997e-05	25.02025899999999	5.7044889999999935	-0.26681594394979247	2.5736215424918076e-05	26.010231247335103	2014-02-01	ep_star-ne_star	south	2014
2013-09-01	A/Tasmania/1/2013_EPI450299	0.00021	23.163076999999998	5.336907999999996	-0.26681594394979247	0.0001863656979045792	24.134375354777397	2014-02-01	ep_star-ne_star	south	2014
2013-09-01	A/Texas/09/2013_EPI440079	0.000348	23.666912000000007	4.593545999999998	0.16606809816315202	0.0003698783475381127	24.647832040247604	2014-02-01	ep_star-ne_star	south	2014
2013-09-01	A/Texas/11/2013_EPI459787	0.0035450000000000004	23.4439	4.6051289999999945	0.16606809816315202	0.0037678699483408317	24.432814106943425	2014-02-01	ep_star-ne_star	south	2014
2013-09-01	A/Timis/136369/2013_EPI464966	0.004051	22.457735	3.683586999999996	0.16606809816315202	0.004305681568611766	23.446479755802212	2014-02-01	ep_star-ne_star	south	2014
2013-09-01	A/Tunisia/1199/2013_EPI453461	0.00013000000000000002	29.193157000000006	14.998432999999993	-0.26681594394979247	0.00011536924155997761	29.98365062149096	2014-02-01	ep_star-ne_star	south	2014
2013-09-01	A/Tunisia/1987/2013_EPI453465	8.9e-05	23.028831	3.704610999999998	0.16606809816315202	9.459532451405755e-05	24.01869773016911	2014-02-01	ep_star-ne_star	south	2014
2013-09-01	A/Tunisia/2334/2013_EPI453462	0.000221	28.20584099999999	13.999658999999996	0.16606809816315202	0.00023489400806299684	28.993076333651963	2014-02-01	ep_star-ne_star	south	2014
2013-09-01	A/Tunisia/2494/2013_EPI453463	5.600000000000001e-05	25.56127599999998	7.356173999999994	-0.5359215600821688	4.4426124283108535e-05	26.58183018053235	2014-02-01	ep_star-ne_star	south	2014
2013-09-01	A/Tunisia/2635/2013_EPI453464	5.600000000000001e-05	28.20584099999999	13.999658999999996	0.16606809816315202	5.9520653626822744e-05	28.993076333651963	2014-02-01	ep_star-ne_star	south	2014
2013-09-01	A/Ukraine/387/2013_EPI462831	0.001513	22.748757999999995	4.365416999999996	0.16606809816315202	0.0016081205167389784	23.751651011012324	2014-02-01	ep_star-ne_star	south	2014
2013-09-01	A/Ukraine/391/2013_EPI462817	0.002147	24.021028	4.704549999999998	0.16606809816315202	0.002281979345299793	25.010900388936154	2014-02-01	ep_star-ne_star	south	2014
2013-09-01	A/Ukraine/466/2013_EPI462005	0.0024010000000000004	23.361244999999986	4.561251999999996	0.16606809816315202	0.002551948024250025	24.394372353681806	2014-02-01	ep_star-ne_star	south	2014
2013-09-01	A/Ukraine/5840/2013_EPI462009	0.000917	22.748757999999995	4.365416999999996	0.16606809816315202	0.0009746507031392221	23.751651011012324	2014-02-01	ep_star-ne_star	south	2014
2013-09-01	A/Ukraine/5896/2013_EPI462011	0.000348	27.242611	11.153124999999994	-0.9688056021951132	0.0002305136591166092	28.152472495221943	2014-02-01	ep_star-ne_star	south	2014
2013-09-01	A/Ulaanbaatar/702/2013_EPI445806	8.4e-05	24.748391999999985	6.365398999999994	0.16606809816315202	8.928098044023408e-05	25.7512938870906	2014-02-01	ep_star-ne_star	south	2014
2013-09-01	A/Ulaanbaatar/705/2013_EPI461848	7.900000000000001e-05	23.706866000000005	5.363071999999996	0.16606809816315202	8.396663636641065e-05	24.72070565410761	2014-02-01	ep_star-ne_star	south	2014
2013-09-01	A/Utah/07/2013_EPI466829	0.018767	23.931026000000006	4.300979999999996	0.16606809816315202	0.019946859046688966	24.924716787236793	2014-02-01	ep_star-ne_star	south	2014
2013-09-01	A/VICTORIA/500/2013_EPI466112	0.003667	23.028831	3.704610999999998	0.16606809816315202	0.0038975399437421237	24.01869773016911	2014-02-01	ep_star-ne_star	south	2014
2013-09-01	A/VICTORIA/711/2013_EPI450314	7.5e-05	24.942708999999983	7.120038999999993	-0.9688056021951132	4.967966791306232e-05	25.93744704658922	2014-02-01	ep_star-ne_star	south	2014
2013-09-01	A/Valdivia/20596/2013_EPI454476	0.000271	23.999325999999993	5.450186999999996	0.16606809816315202	0.00028803744880123136	25.023506663760287	2014-02-01	ep_star-ne_star	south	2014
2013-09-01	A/Valparaiso/14542/2013_EPI447166	0.000285	23.735623000000007	4.698218999999997	0.16606809816315202	0.00030291761220793706	24.709640432525116	2014-02-01	ep_star-ne_star	south	2014
2013-09-01	A/Venezuela/05/2013_EPI467246	0.010584	23.361244999999986	4.561251999999996	0.16606809816315202	0.011249403535469495	24.394372353681806	2014-02-01	ep_star-ne_star	south	2014
2013-09-01	A/Vietnam/3055/2013_EPI465939	0.00555	23.361244999999986	4.561251999999996	0.16606809816315202	0.005898921921944038	24.394372353681806	2014-02-01	ep_star-ne_star	south	2014
2013-09-01	A/Vietnam/VP13-65/2013_EPI465226	0.004051	24.964946000000005	6.434912999999994	0.16606809816315202	0.004305681568611766	25.9936636597814	2014-02-01	ep_star-ne_star	south	2014
2013-09-01	A/Virginia/06/2013_EPI454469	0.001395	22.457735	3.683586999999996	0.16606809816315202	0.0014827019965967447	23.446479755802212	2014-02-01	ep_star-ne_star	south	2014
2013-09-01	A/Volos.GR/738/2013_EPI446162	0.000534	23.028831	3.704610999999998	0.16606809816315202	0.0005675719470843453	24.01869773016911	2014-02-01	ep_star-ne_star	south	2014
2013-09-01	A/WAIKATO/1/2013_EPI466118	0.00056	24.027696000000006	4.704601999999997	0.16606809816315202	0.0005952065362682272	25.01750731709658	2014-02-01	ep_star-ne_star	south	2014
2013-09-01	A/West_Virginia/06/2013_EPI465959	0.023359	23.356198000000003	4.6783809999999955	0.16606809816315202	0.02482755264408843	24.341903383789198	2014-02-01	ep_star-ne_star	south	2014
2013-09-01	A/West_Virginia/11/2013_EPI465519	0.022815000000000002	23.356198000000003	4.6783809999999955	0.16606809816315202	0.024249352008856438	24.341903383789198	2014-02-01	ep_star-ne_star	south	2014
2013-09-01	A/Wisconsin/06/2013_EPI443700	0.000365	23.075491999999997	4.600859999999995	0.16606809816315202	0.0003879471173891124	24.059998230724304	2014-02-01	ep_star-ne_star	south	2014
2013-09-01	A/Wisconsin/08/2013_EPI447142	0.001638	23.987970000000008	4.544972999999999	0.16606809816315202	0.0017409791185845648	24.976485721194088	2014-02-01	ep_star-ne_star	south	2014
2013-09-01	A/YAMAGATA/141/2013_EPI460880	0.001843	23.366515000000007	5.282689999999997	0.16606809816315202	0.0019588672256113265	24.36516948593446	2014-02-01	ep_star-ne_star	south	2014
2013-09-01	A/YAMAGUCHI/4/2013_EPI431471	1.9e-05	25.152909999999988	7.309983999999995	-0.26681594394979247	1.686165838184288e-05	26.125392622152667	2014-02-01	ep_star-ne_star	south	2014
2013-09-01	A/YOKOHAMA/153/2013_EPI460884	0.0019149999999999998	23.028831	3.704610999999998	0.16606809816315202	0.002035393780274384	24.01869773016911	2014-02-01	ep_star-ne_star	south	2014
2014-09-01	A/Alaska/13/2014_EPI533466	0.024538	6.268589	8.495219999999994	-0.6446958962702274	0.002818312989191172	6.9520198836615235	2015-02-01	ep_star-ne_star	south	2015
2014-09-01	A/Alaska/28/2014_EPI538506	0.009966	6.268589	8.495219999999994	-0.6446958962702274	0.001144645335817068	6.9520198836615235	2015-02-01	ep_star-ne_star	south	2015
2014-09-01	A/Ankara/221/2014_EPI505199	3.8e-05	5.143278000000001	8.553883999999998	-0.6446958962702274	4.364491547365904e-06	6.382996182418264	2015-02-01	ep_star-ne_star	south	2015
2014-09-01	A/Ankara/4236/2013_EPI507855	1.8e-05	5.143278000000001	8.553883999999998	-0.6446958962702274	2.0673907329627962e-06	6.382996182418264	2015-02-01	ep_star-ne_star	south	2015
2014-09-01	A/Aragon/266/2014_EPI505203	3.6e-05	7.6268739999999955	12.282512000000002	5.326469923270841	4.9770390323456614e-05	9.915928933828043	2015-02-01	ep_star-ne_star	south	2015
2014-09-01	A/Austria/790710/2014_EPI536301	0.004141	8.390977999999997	12.817382000000004	-0.6446958962702274	0.0004756147236221633	11.062736548805088	2015-02-01	ep_star-ne_star	south	2015
2014-09-01	A/Belgium/14G0496/2014_EPI539546	0.002897	6.343838000000001	10.26400999999999	-13.99283389791239	1.2784167128560403e-06	8.024572929437916	2015-02-01	ep_star-ne_star	south	2015
2014-09-01	A/Belgium/14G0508/2014_EPI536303	0.0048200000000000005	6.627038000000003	11.283661999999998	-0.6446958962702274	0.0005536012962711488	8.916139075476066	2015-02-01	ep_star-ne_star	south	2015
2014-09-01	A/Belgium/14H0010/2014_EPI532806	0.00028199999999999997	5.794655999999996	9.883213	5.326469923270841	0.0003898680575337434	7.517938204002105	2015-02-01	ep_star-ne_star	south	2015
2014-09-01	A/Bilthoven/4311400337/2014_EPI533321	0.000616	6.498005999999997	10.628950000000003	-0.6446958962702274	7.07507050836157e-05	8.591507073594256	2015-02-01	ep_star-ne_star	south	2015
2014-09-01	A/Bilthoven/4311400375/2014_EPI533327	0.001103	7.051655000000001	7.346288999999995	-0.6446958962702274	0.00012668510991433135	7.497913935028551	2015-02-01	ep_star-ne_star	south	2015
2014-09-01	A/CAPITAL_COAST/004/2014_EPI529596	0.000129	6.865901999999997	10.885560000000003	5.326469923270841	0.00017834389865905285	8.625795784861799	2015-02-01	ep_star-ne_star	south	2015
2014-09-01	A/CHIBA-C/52/2014_EPI537768	0.0048200000000000005	11.196762999999994	6.759380999999995	-0.6446958962702274	0.0005536012962711488	12.300567626904654	2015-02-01	ep_star-ne_star	south	2015
2014-09-01	A/California/02/2014_EPI517095	5.600000000000001e-05	6.268589	8.495219999999994	-0.6446958962702274	6.431882280328701e-06	6.9520198836615235	2015-02-01	ep_star-ne_star	south	2015
2014-09-01	A/California/07/2014_EPI510905	0.000136	7.306687000000001	8.518157999999996	-0.6446958962702274	1.5620285537941127e-05	7.125421168611814	2015-02-01	ep_star-ne_star	south	2015
2014-09-01	A/California/NHRC419606/2014_EPI533979	3.6e-05	5.550296999999995	9.190097999999997	5.326469923270841	4.9770390323456614e-05	7.021268108352804	2015-02-01	ep_star-ne_star	south	2015
2014-09-01	A/California/NHRC421092/2014_EPI527229	0.000239	4.873812000000001	8.885573999999993	-0.6446958962702274	2.745035473211713e-05	6.62735564210654	2015-02-01	ep_star-ne_star	south	2015
2014-09-01	A/California/NHRC423225/2014_EPI533967	0.000239	4.873812000000001	8.885573999999993	-0.6446958962702274	2.745035473211713e-05	6.62735564210654	2015-02-01	ep_star-ne_star	south	2015
2014-09-01	A/California/NHRC423494/2014_EPI533977	0.00010800000000000001	5.873583999999996	9.885567	-0.6446958962702274	1.240434439777678e-05	7.627330833417744	2015-02-01	ep_star-ne_star	south	2015
2014-09-01	A/Colorado/10/2014_EPI520413	0.002559	10.615839999999993	7.181833999999994	-0.6446958962702274	0.00029391404920287755	11.669573584915556	2015-02-01	ep_star-ne_star	south	2015
2014-09-01	A/Connecticut/04/2014_EPI516700	0.001268	12.179810999999996	7.74443799999999	5.326469923270841	0.0017530237480595273	13.27977002879126	2015-02-01	ep_star-ne_star	south	2015
2014-09-01	A/Connecticut/11/2014_EPI537909	0.002455	10.206414999999994	5.759387999999993	-0.6446958962702274	0.0002819691249679814	11.301674829497198	2015-02-01	ep_star-ne_star	south	2015
2014-09-01	A/Connecticut/12/2014_EPI538529	0.0022559999999999998	11.201890999999993	6.759380999999995	5.326469923270841	0.0031189444602699474	12.295436940576659	2015-02-01	ep_star-ne_star	south	2015
2014-09-01	A/Delaware/06/2014_EPI520419	0.0021609999999999997	11.120122999999994	6.758205999999995	5.326469923270841	0.0029876059302497144	12.080910422037338	2015-02-01	ep_star-ne_star	south	2015
2014-09-01	A/Delaware/09/2014_EPI539201	0.012	10.206414999999994	5.759387999999993	-0.6446958962702274	0.0013782604886418642	11.301674829497198	2015-02-01	ep_star-ne_star	south	2015
2014-09-01	A/Delaware/10/2014_EPI537724	0.0046429999999999996	10.206414999999994	5.759387999999993	-0.6446958962702274	0.0005332719540636812	11.301674829497198	2015-02-01	ep_star-ne_star	south	2015
2014-09-01	A/Denmark/99/2013_EPI498255	2e-05	6.268589	8.495219999999994	-0.6446958962702274	2.297100814403107e-06	6.9520198836615235	2015-02-01	ep_star-ne_star	south	2015
2014-09-01	A/Distrito_Federal/21817/2014_EPI516562	0.00159	8.726018999999999	12.507683	5.326469923270841	0.0021981922392860006	9.774120234536687	2015-02-01	ep_star-ne_star	south	2015
2014-09-01	A/Diyarbakir/65/2014_EPI505219	2.6000000000000002e-05	5.894615999999995	10.532997000000002	-0.6446958962702274	2.986231058724039e-06	7.991571236399782	2015-02-01	ep_star-ne_star	south	2015
2014-09-01	A/Dnipro/384/2014_EPI537085	0.0048200000000000005	5.496167999999996	9.175670999999998	-0.6446958962702274	0.0005536012962711488	7.00931917017405	2015-02-01	ep_star-ne_star	south	2015
2014-09-01	A/EHIME/4/2014_EPI520302	2.9999999999999997e-05	5.496167999999996	9.175670999999998	-0.6446958962702274	3.44565122160466e-06	7.00931917017405	2015-02-01	ep_star-ne_star	south	2015
2014-09-01	A/Erzurum/6/2014_EPI505221	2.3e-05	6.681649999999997	10.842689000000005	-0.6446958962702274	2.641665936563573e-06	8.349242132363495	2015-02-01	ep_star-ne_star	south	2015
2014-09-01	A/Erzurum/99/2014_EPI505223	3.4e-05	6.098820000000003	9.093352999999995	5.326469923270841	4.7005368638820134e-05	7.866224627877738	2015-02-01	ep_star-ne_star	south	2015
2014-09-01	A/FUKUSHIMA/94/2014_EPI538860	0.0034049999999999996	6.309624999999997	7.524611000000001	-0.6446958962702274	0.0003910814136521289	6.657078682718084	2015-02-01	ep_star-ne_star	south	2015
2014-09-01	A/Florida/15/2014_EPI516698	0.000267	6.268589	8.495219999999994	-0.6446958962702274	3.0666295872281476e-05	6.9520198836615235	2015-02-01	ep_star-ne_star	south	2015
2014-09-01	A/French_Guiana/4054/2014_EPI538515	0.0018989999999999999	5.356789999999997	9.271674999999998	-0.6446958962702274	0.000218109722327575	7.025389375567281	2015-02-01	ep_star-ne_star	south	2015
2014-09-01	A/French_Guiana/4140/2014_EPI533476	0.002781	5.356789999999997	9.271674999999998	-0.6446958962702274	0.000319411868242752	7.025389375567281	2015-02-01	ep_star-ne_star	south	2015
2014-09-01	A/French_Guiana/4200/2014_EPI538530	0.001052	5.356789999999997	9.271674999999998	-0.6446958962702274	0.00012082750283760342	7.025389375567281	2015-02-01	ep_star-ne_star	south	2015
2014-09-01	A/French_Guiana/8174/2014_EPI537895	0.000557	5.356789999999997	9.271674999999998	-0.6446958962702274	6.397425768112653e-05	7.025389375567281	2015-02-01	ep_star-ne_star	south	2015
2014-09-01	A/French_Guiana/9100/2014_EPI538522	0.002353	6.352036000000001	10.271323999999991	5.326469923270841	0.003253048011974817	8.018833509153001	2015-02-01	ep_star-ne_star	south	2015
2014-09-01	A/GIFU-C/28/2014_EPI520312	0.000181	8.244452999999996	9.327968999999996	5.326469923270841	0.00025023446245960127	8.626591640159129	2015-02-01	ep_star-ne_star	south	2015
2014-09-01	A/Gainesville/01/2014_EPI508918	0.000171	4.681765999999999	8.844988999999995	-0.6446958962702274	1.9640211963146564e-05	6.349252699027242	2015-02-01	ep_star-ne_star	south	2015
2014-09-01	A/Galicia/1786/2014_EPI539568	0.03929	8.650055	12.548696	5.326469923270841	0.054318850994683615	9.669099180910823	2015-02-01	ep_star-ne_star	south	2015
2014-09-01	A/Georgia/584/2014_EPI530611	0.001004	8.996584000000004	9.336162	-8.021668078371324	5.333055987251789e-06	9.493758811178894	2015-02-01	ep_star-ne_star	south	2015
2014-09-01	A/Glasgow/4144/2014_EPI539570	0.016446000000000002	6.268589	8.495219999999994	-0.6446958962702274	0.0018889059996836752	6.9520198836615235	2015-02-01	ep_star-ne_star	south	2015
2014-09-01	A/Glasgow/4165/2014_EPI539572	0.02398	6.892086000000002	8.303058999999994	5.326469923270841	0.033152609998791376	7.17725993864195	2015-02-01	ep_star-ne_star	south	2015
2014-09-01	A/Goias/16069/2014_EPI516491	0.000388	7.729210999999998	11.551057000000005	-0.6446958962702274	4.4563755799420275e-05	8.778516619015255	2015-02-01	ep_star-ne_star	south	2015
2014-09-01	A/Goias/16075/2014_EPI516492	0.000503	6.627038000000003	11.283661999999998	-0.6446958962702274	5.777208548223814e-05	8.916139075476066	2015-02-01	ep_star-ne_star	south	2015
2014-09-01	A/Goias/3910/2014_EPI508870	3.2e-05	4.681765999999999	8.844988999999995	-0.6446958962702274	3.675361303044971e-06	6.349252699027242	2015-02-01	ep_star-ne_star	south	2015
2014-09-01	A/Greece/12/2014_EPI516909	2.8000000000000013e-05	4.873812000000001	8.885573999999993	-0.6446958962702274	3.2159411401643512e-06	6.62735564210654	2015-02-01	ep_star-ne_star	south	2015
2014-09-01	A/Guam/3712/2013_EPI516260	1.4999999999999999e-05	5.6817240000000035	9.844981999999996	-0.6446958962702274	1.72282561080233e-06	7.3492492533760165	2015-02-01	ep_star-ne_star	south	2015
2014-09-01	A/HIROSHIMA-C/5/2014_EPI511054	3.8e-05	7.3095370000000015	8.524603999999998	5.326469923270841	5.253541200809309e-05	7.656973611894072	2015-02-01	ep_star-ne_star	south	2015
2014-09-01	A/HYOGO/1090/2013_EPI511046	1.4999999999999999e-05	7.303088000000001	8.473193999999998	-0.6446958962702274	1.72282561080233e-06	7.648095829146009	2015-02-01	ep_star-ne_star	south	2015
2014-09-01	A/Hong_Kong/101/2014_EPI503921	1.6e-05	5.496167999999996	9.175670999999998	-0.6446958962702274	1.8376806515224855e-06	7.00931917017405	2015-02-01	ep_star-ne_star	south	2015
2014-09-01	A/Hong_Kong/12/2014_EPI500282	1.6e-05	8.239150999999996	9.260304999999997	5.326469923270841	2.2120173477091827e-05	8.62824417668328	2015-02-01	ep_star-ne_star	south	2015
2014-09-01	A/Hong_Kong/4801/2014_EPI539576	0.000557	10.206414999999994	5.759387999999993	-0.6446958962702274	6.397425768112653e-05	11.301674829497198	2015-02-01	ep_star-ne_star	south	2015
2014-09-01	A/Hong_Kong/5383/2014_EPI537094	0.001521	7.625753999999999	12.108391000000003	5.326469923270841	0.002102798991166042	10.13531982055626	2015-02-01	ep_star-ne_star	south	2015
2014-09-01	A/Hong_Kong/5739/2014_EPI539580	0.007664	10.206414999999994	5.759387999999993	-0.6446958962702274	0.0008802490320792706	11.301674829497198	2015-02-01	ep_star-ne_star	south	2015
2014-09-01	A/Iasi/162712/2014_EPI516546	0.0018989999999999999	5.143278000000001	8.553883999999998	-0.6446958962702274	0.000218109722327575	6.382996182418264	2015-02-01	ep_star-ne_star	south	2015
2014-09-01	A/Iceland/08202/2014_EPI536340	0.025102	6.03284	10.581944000000004	-0.6446958962702274	0.0028830912321573397	8.263492451477441	2015-02-01	ep_star-ne_star	south	2015
2014-09-01	A/Illinois/08/2013_EPI508684	1.6e-05	7.411533000000001	9.001068999999994	-0.6446958962702274	1.8376806515224855e-06	7.950317391345754	2015-02-01	ep_star-ne_star	south	2015
2014-09-01	A/Illinois/NHRC431072/2014_EPI533981	0.00121	7.626375999999999	12.108391000000003	5.326469923270841	0.0016728381192050695	10.136179742300182	2015-02-01	ep_star-ne_star	south	2015
2014-09-01	A/India/5658/2014_EPI537112	0.013119	6.268589	8.495219999999994	-0.6446958962702274	0.001506783279207718	6.9520198836615235	2015-02-01	ep_star-ne_star	south	2015
2014-09-01	A/India/5658/2014_EPI541605	0.013119	6.268589	8.495219999999994	-0.6446958962702274	0.001506783279207718	6.9520198836615235	2015-02-01	ep_star-ne_star	south	2015
2014-09-01	A/India/5688/2014_EPI539179	0.014308000000000001	8.159315000000007	10.479448000000005	-8.021668078371324	7.600135962709025e-05	8.934230688783819	2015-02-01	ep_star-ne_star	south	2015
2014-09-01	A/India/5757/2014_EPI537103	4.1e-05	4.873812000000001	8.885573999999993	-0.6446958962702274	4.709056669526369e-06	6.62735564210654	2015-02-01	ep_star-ne_star	south	2015
2014-09-01	A/India/5801/2014_EPI537101	0.005193	5.848708999999995	9.583114999999998	-0.6446958962702274	0.0005964422264597667	7.623490113377791	2015-02-01	ep_star-ne_star	south	2015
2014-09-01	A/India/5801/2014_EPI541606	0.005193	5.848708999999995	9.583114999999998	-0.6446958962702274	0.0005964422264597667	7.623490113377791	2015-02-01	ep_star-ne_star	south	2015
2014-09-01	A/India/6216/2014_EPI539182	0.000192	6.268589	8.495219999999994	-0.6446958962702274	2.2052167818269828e-05	6.9520198836615235	2015-02-01	ep_star-ne_star	south	2015
2014-09-01	A/India/7752/2014_EPI539183	0.022346	6.268589	8.495219999999994	-0.6446958962702274	0.0025665507399325917	6.9520198836615235	2015-02-01	ep_star-ne_star	south	2015
2014-09-01	A/Iowa/06/2014_EPI537089	0.00447	10.296597999999994	6.316141999999997	-13.99283389791239	1.9725656563570937e-06	11.331523092356257	2015-02-01	ep_star-ne_star	south	2015
2014-09-01	A/Ireland/22350/2014_EPI536352	0.0034049999999999996	8.390977999999997	12.817382000000004	-0.6446958962702274	0.0003910814136521289	11.062736548805088	2015-02-01	ep_star-ne_star	south	2015
2014-09-01	A/Ireland/23577/2014_EPI536356	0.004141	4.873812000000001	8.885573999999993	-0.6446958962702274	0.0004756147236221633	6.62735564210654	2015-02-01	ep_star-ne_star	south	2015
2014-09-01	A/Japan/3758/2014_EPI532129	0.000171	7.246280999999999	8.327976	-0.6446958962702274	1.9640211963146564e-05	7.629102279848779	2015-02-01	ep_star-ne_star	south	2015
2014-09-01	A/Japan/3760/2014_EPI532131	0.000181	7.246280999999999	8.327976	-0.6446958962702274	2.078876237034812e-05	7.629102279848779	2015-02-01	ep_star-ne_star	south	2015
2014-09-01	A/Japan/3761/2014_EPI532132	0.000192	7.246280999999999	8.327976	-0.6446958962702274	2.2052167818269828e-05	7.629102279848779	2015-02-01	ep_star-ne_star	south	2015
2014-09-01	A/Japan/3762/2014_EPI532133	0.00020299999999999997	7.246280999999999	8.327976	-0.6446958962702274	2.3315573266191532e-05	7.629102279848779	2015-02-01	ep_star-ne_star	south	2015
2014-09-01	A/Jiangsu-Chongchuan/1830/2014_EPI537596	0.003543	22.729400999999996	23.039353999999985	-0.6446958962702274	0.0004069314092715104	23.504916683088023	2015-02-01	ep_star-ne_star	south	2015
2014-09-01	A/Jordan/20561/2013_EPI515197	1.2e-05	4.895278	9.562779999999998	-0.6446958962702274	1.3782604886418642e-06	6.991645892176248	2015-02-01	ep_star-ne_star	south	2015
2014-09-01	A/Jordan/20564/2013_EPI515199	1.2e-05	5.891698999999995	10.560692000000003	-13.99283389791239	5.29547827209958e-09	7.991238950176022	2015-02-01	ep_star-ne_star	south	2015
2014-09-01	A/KANAGAWA/146/2014_EPI538846	0.001268	7.051655000000001	7.346288999999995	-0.6446958962702274	0.000145636191633157	7.497913935028551	2015-02-01	ep_star-ne_star	south	2015
2014-09-01	A/KANAGAWA/152/2014_EPI537782	0.002353	7.246280999999999	8.327976	-0.6446958962702274	0.00027025391081452556	7.629102279848779	2015-02-01	ep_star-ne_star	south	2015
2014-09-01	A/KITAKYUSYU/28/2014_EPI536480	0.002781	8.46315500000001	10.706743	-8.021668078371324	1.4772140139987278e-05	9.261075099035942	2015-02-01	ep_star-ne_star	south	2015
2014-09-01	A/KITAKYUSYU/5/2014_EPI511052	7.6e-05	6.309624999999997	7.524611000000001	-0.6446958962702274	8.728983094731808e-06	6.657078682718084	2015-02-01	ep_star-ne_star	south	2015
2014-09-01	A/Kaliningrad/01/2014_EPI537068	0.003543	10.310752999999998	9.582205999999994	-2.0505022588302566	0.00022653330874437654	10.851015958539277	2015-02-01	ep_star-ne_star	south	2015
2014-09-01	A/Kansas/06/2014_EPI539186	0.009348	7.604297999999996	12.402117000000002	-8.021668078371324	4.965478821596587e-05	9.924978165672965	2015-02-01	ep_star-ne_star	south	2015
2014-09-01	A/Kenya/110/2014_EPI537859	0.001103	7.517807999999996	11.183403000000002	5.326469923270841	0.0015249094590770178	9.012224058679724	2015-02-01	ep_star-ne_star	south	2015
2014-09-01	A/Kenya/111/2014_EPI537856	0.001052	6.428181999999998	9.591960999999998	-13.99283389791239	4.6423692852072987e-07	7.993208916895814	2015-02-01	ep_star-ne_star	south	2015
2014-09-01	A/Kenya/112/2014_EPI538524	0.001004	6.520025999999998	10.18341	-0.6446958962702274	0.00011531446088303596	8.015273877597874	2015-02-01	ep_star-ne_star	south	2015
2014-09-01	A/Kenya/113/2014_EPI538477	0.001052	6.520025999999998	10.18341	-0.6446958962702274	0.00012082750283760342	8.015273877597874	2015-02-01	ep_star-ne_star	south	2015
2014-09-01	A/Kenya/114/2014_EPI538474	0.001454	6.520025999999998	10.18341	-0.6446958962702274	0.00016699922920710586	8.015273877597874	2015-02-01	ep_star-ne_star	south	2015
2014-09-01	A/Kenya/115/2014_EPI538533	0.001052	6.520025999999998	10.18341	-0.6446958962702274	0.00012082750283760342	8.015273877597874	2015-02-01	ep_star-ne_star	south	2015
2014-09-01	A/Kenya/116/2014_EPI538532	0.001052	6.520025999999998	10.18341	-0.6446958962702274	0.00012082750283760342	8.015273877597874	2015-02-01	ep_star-ne_star	south	2015
2014-09-01	A/Kenya/117/2014_EPI538525	0.001454	6.520025999999998	10.18341	-0.6446958962702274	0.00016699922920710586	8.015273877597874	2015-02-01	ep_star-ne_star	south	2015
2014-09-01	A/Kenya/118/2014_EPI538526	0.001521	5.678712000000002	9.843956999999998	5.326469923270841	0.002102798991166042	7.345047101044906	2015-02-01	ep_star-ne_star	south	2015
2014-09-01	A/Kharkov/203/2014_EPI530615	0.000557	5.356789999999997	9.271674999999998	-0.6446958962702274	6.397425768112653e-05	7.025389375567281	2015-02-01	ep_star-ne_star	south	2015
2014-09-01	A/Korea/3042/2014_EPI537105	0.000171	6.268589	8.495219999999994	-0.6446958962702274	1.9640211963146564e-05	6.9520198836615235	2015-02-01	ep_star-ne_star	south	2015
2014-09-01	A/Korea/3302/2014_EPI537109	0.0007509999999999	6.268589	8.495219999999994	-0.6446958962702274	8.625613558082517e-05	6.9520198836615235	2015-02-01	ep_star-ne_star	south	2015
2014-09-01	A/Korea/3613/2014_EPI537119	0.0021609999999999997	6.268589	8.495219999999994	-0.6446958962702274	0.00024820174299625564	6.9520198836615235	2015-02-01	ep_star-ne_star	south	2015
2014-09-01	A/Korea/3777/2014_EPI532148	0.00043099999999999996	7.492125	9.654635999999993	5.326469923270841	0.000595862173039161	8.260041772826854	2015-02-01	ep_star-ne_star	south	2015
2014-09-01	A/Korea/3784/2014_EPI532155	0.000869	6.268589	8.495219999999994	-0.6446958962702274	9.9809030385815e-05	6.9520198836615235	2015-02-01	ep_star-ne_star	south	2015
2014-09-01	A/Korea/3786/2014_EPI532157	0.001389	6.268589	8.495219999999994	-0.6446958962702274	0.0001595336515602958	6.9520198836615235	2015-02-01	ep_star-ne_star	south	2015
2014-09-01	A/Latvia/03-013033/2014_EPI536362	0.000828	7.051655000000001	7.346288999999995	-0.6446958962702274	9.509997371628863e-05	7.497913935028551	2015-02-01	ep_star-ne_star	south	2015
2014-09-01	A/Latvia/03-026603/2014_EPI536364	0.001103	7.131663999999997	10.43096899999999	5.326469923270841	0.0015249094590770178	8.374912479133451	2015-02-01	ep_star-ne_star	south	2015
2014-09-01	A/Lisboa/2/2014_EPI503318	2.9999999999999997e-05	5.771095999999995	10.399535	-0.6446958962702274	3.44565122160466e-06	7.951608782716699	2015-02-01	ep_star-ne_star	south	2015
2014-09-01	A/Lisboa/MS102/2014_EPI539586	0.001521	5.771095999999995	10.399535	-0.6446958962702274	0.0001746945169353563	7.951608782716699	2015-02-01	ep_star-ne_star	south	2015
2014-09-01	A/Lithuania/13347/2014_EPI539598	0.010286	8.390977999999997	12.817382000000004	-0.6446958962702274	0.0011813989488475179	11.062736548805088	2015-02-01	ep_star-ne_star	south	2015
2014-09-01	A/Lithuania/5009/2014_EPI539600	0.000349	8.390977999999997	12.817382000000004	-0.6446958962702274	4.0084409211334215e-05	11.062736548805088	2015-02-01	ep_star-ne_star	south	2015
2014-09-01	A/Lithuania/8237/2014_EPI539608	0.001521	8.390977999999997	12.817382000000004	-0.6446958962702274	0.0001746945169353563	11.062736548805088	2015-02-01	ep_star-ne_star	south	2015
2014-09-01	A/MIYAGI/11/2014_EPI520330	0.00010800000000000001	5.496167999999996	9.175670999999998	-0.6446958962702274	1.240434439777678e-05	7.00931917017405	2015-02-01	ep_star-ne_star	south	2015
2014-09-01	A/Madagascar/00031/2014_EPI516929	2.4e-05	5.654037999999996	9.077048999999999	-0.6446958962702274	2.7565209772837285e-06	6.228126344791164	2015-02-01	ep_star-ne_star	south	2015
2014-09-01	A/Madagascar/00041/2014_EPI516931	2.9999999999999997e-05	5.654037999999996	9.077048999999999	-0.6446958962702274	3.44565122160466e-06	6.228126344791164	2015-02-01	ep_star-ne_star	south	2015
2014-09-01	A/Madagascar/00147/2014_EPI515205	4.6e-05	5.654037999999996	9.077048999999999	-0.6446958962702274	5.283331873127146e-06	6.228126344791164	2015-02-01	ep_star-ne_star	south	2015
2014-09-01	A/Madagascar/00147/2014_EPI515207	4.6e-05	5.654037999999996	9.077048999999999	-0.6446958962702274	5.283331873127146e-06	6.228126344791164	2015-02-01	ep_star-ne_star	south	2015
2014-09-01	A/Madagascar/00153/2014_EPI515209	4.9e-05	6.650286999999997	10.061271999999997	-0.6446958962702274	5.627896995287612e-06	7.2276969017939106	2015-02-01	ep_star-ne_star	south	2015
2014-09-01	A/Madagascar/00153/2014_EPI515211	4.9e-05	6.650286999999997	10.061271999999997	-0.6446958962702274	5.627896995287612e-06	7.2276969017939106	2015-02-01	ep_star-ne_star	south	2015
2014-09-01	A/Madagascar/04228/2013_EPI515213	1.4000000000000001e-05	5.654037999999996	9.077048999999999	-0.6446958962702274	1.607970570082175e-06	6.228126344791164	2015-02-01	ep_star-ne_star	south	2015
2014-09-01	A/Madagascar/04245/2013_EPI515215	1.4999999999999999e-05	5.654037999999996	9.077048999999999	-0.6446958962702274	1.72282561080233e-06	6.228126344791164	2015-02-01	ep_star-ne_star	south	2015
2014-09-01	A/Madrid/SO12318/2014_EPI539611	0.026247000000000003	8.390977999999997	12.817382000000004	-0.6446958962702274	0.003014600253781918	11.062736548805088	2015-02-01	ep_star-ne_star	south	2015
2014-09-01	A/Malatya/92/2014_EPI505233	3.2e-05	5.894615999999995	10.532997000000002	-0.6446958962702274	3.675361303044971e-06	7.991571236399782	2015-02-01	ep_star-ne_star	south	2015
2014-09-01	A/Maryland/03/2014_EPI508693	4.3e-05	10.206414999999994	5.759387999999993	-0.6446958962702274	4.9387667509666805e-06	11.301674829497198	2015-02-01	ep_star-ne_star	south	2015
2014-09-01	A/Massachusetts/05/2014_EPI531748	0.001004	11.664850999999986	8.14590699999999	-8.021668078371324	5.333055987251789e-06	12.673696710429295	2015-02-01	ep_star-ne_star	south	2015
2014-09-01	A/Massachusetts/06/2014_EPI526041	0.002781	11.200840999999993	6.759380999999995	5.326469923270841	0.003844762652487023	12.293985304192224	2015-02-01	ep_star-ne_star	south	2015
2014-09-01	A/Mato_Grosso/45246/2014_EPI532891	0.007664	4.895278	9.562779999999998	-0.6446958962702274	0.0008802490320792706	6.991645892176248	2015-02-01	ep_star-ne_star	south	2015
2014-09-01	A/Mato_Grosso_do_Sul/41977/2014_EPI531131	0.006005	5.9767699999999975	9.553693	-0.6446958962702274	0.0006897045195245328	7.220250410549064	2015-02-01	ep_star-ne_star	south	2015
2014-09-01	A/Michigan/21/2013_EPI508637	1.2e-05	11.668818999999987	8.17537999999999	11.297635742811908	0.00019969549969873379	12.672919260654448	2015-02-01	ep_star-ne_star	south	2015
2014-09-01	A/Minnesota/02/2014_EPI515622	0.000171	10.206414999999994	5.759387999999993	-0.6446958962702274	1.9640211963146564e-05	11.301674829497198	2015-02-01	ep_star-ne_star	south	2015
2014-09-01	A/Mogilev/1273/2014_EPI539613	0.001521	8.390977999999997	12.817382000000004	-0.6446958962702274	0.0001746945169353563	11.062736548805088	2015-02-01	ep_star-ne_star	south	2015
2014-09-01	A/Mogilev/1484/2014_EPI539615	0.0046429999999999996	4.873812000000001	8.885573999999993	-0.6446958962702274	0.0005332719540636812	6.62735564210654	2015-02-01	ep_star-ne_star	south	2015
2014-09-01	A/Montana/27/2013_EPI508639	1.4999999999999999e-05	10.615839999999993	7.181833999999994	-0.6446958962702274	1.72282561080233e-06	11.669573584915556	2015-02-01	ep_star-ne_star	south	2015
2014-09-01	A/Montana/27/2013_EPI516437	1.4999999999999999e-05	10.615839999999993	7.181833999999994	-0.6446958962702274	1.72282561080233e-06	11.669573584915556	2015-02-01	ep_star-ne_star	south	2015
2014-09-01	A/Moscow/140/2013_EPI505241	1.8e-05	5.143278000000001	8.553883999999998	-0.6446958962702274	2.0673907329627962e-06	6.382996182418264	2015-02-01	ep_star-ne_star	south	2015
2014-09-01	A/Mures/163025/2014_EPI536370	0.002071	5.840793999999994	10.541359000000003	-0.6446958962702274	0.00023786478933144172	7.985389508398141	2015-02-01	ep_star-ne_star	south	2015
2014-09-01	A/NAGANO/2272/2014_EPI537523	0.003143	8.420002	12.161161999999988	-2.0505022588302566	0.00020095799869702946	10.002764542096093	2015-02-01	ep_star-ne_star	south	2015
2014-09-01	A/Nebraska/03/2014_EPI520353	0.002897	10.206414999999994	5.759387999999993	-0.6446958962702274	0.00033273505296629	11.301674829497198	2015-02-01	ep_star-ne_star	south	2015
2014-09-01	A/Nevada/06/2014_EPI509968	0.000192	6.661131999999997	10.706718000000004	11.297635742811908	0.0031951279951797406	8.333795189406851	2015-02-01	ep_star-ne_star	south	2015
2014-09-01	A/New_Hampshire/01/2014_EPI513301	0.000162	10.206414999999994	5.759387999999993	-0.6446958962702274	1.8606516596665166e-05	11.301674829497198	2015-02-01	ep_star-ne_star	south	2015
2014-09-01	A/New_Hampshire/16/2014_EPI539195	0.005004	12.183838999999997	7.75708799999999	5.326469923270841	0.006918084254960468	13.270496444981244	2015-02-01	ep_star-ne_star	south	2015
2014-09-01	A/New_Jersey/11/2014_EPI537733	0.002353	11.201308999999993	6.759380999999995	5.326469923270841	0.003253048011974817	12.294632319266428	2015-02-01	ep_star-ne_star	south	2015
2014-09-01	A/New_Mexico/05/2014_EPI515589	0.00028199999999999997	5.894701999999995	10.562773	5.326469923270841	0.0003898680575337434	7.990866156061182	2015-02-01	ep_star-ne_star	south	2015
2014-09-01	A/New_Mexico/14/2014_EPI538512	0.010614	10.206414999999994	5.759387999999993	-0.6446958962702274	0.0012190714022037288	11.301674829497198	2015-02-01	ep_star-ne_star	south	2015
2014-09-01	A/New_Mexico/16/2014_EPI538211	0.012738	9.18277699999999	11.468584999999997	11.297635742811908	0.2119767729302059	8.667235534726295	2015-02-01	ep_star-ne_star	south	2015
2014-09-01	A/New_Mexico/20/2014_EPI537743	0.0036850000000000003	5.866171999999995	9.885567	-0.6446958962702274	0.00042324082505377245	7.626152472659115	2015-02-01	ep_star-ne_star	south	2015
2014-09-01	A/New_York/04/2014_EPI509986	9.6e-05	10.206414999999994	5.759387999999993	-0.6446958962702274	1.1026083909134914e-05	11.301674829497198	2015-02-01	ep_star-ne_star	south	2015
2014-09-01	A/New_York/05/2014_EPI513297	7.6e-05	6.268589	8.495219999999994	-0.6446958962702274	8.728983094731808e-06	6.9520198836615235	2015-02-01	ep_star-ne_star	south	2015
2014-09-01	A/New_York/07/2014_EPI531705	0.000239	10.206414999999994	5.759387999999993	-0.6446958962702274	2.745035473211713e-05	11.301674829497198	2015-02-01	ep_star-ne_star	south	2015
2014-09-01	A/New_Zealand/0145/2014_EPI537124	0.018775	7.193477	9.490169999999992	-0.6446958962702274	0.0021564033895209167	7.943394270103437	2015-02-01	ep_star-ne_star	south	2015
2014-09-01	A/New_Zealand/0145/2014_EPI537977	0.018775	7.193477	9.490169999999992	-0.6446958962702274	0.0021564033895209167	7.943394270103437	2015-02-01	ep_star-ne_star	south	2015
2014-09-01	A/New_Zealand/0359/2014_EPI537070	0.0034049999999999996	6.492999000000002	8.709042999999994	-0.6446958962702274	0.0003910814136521289	7.261233497172938	2015-02-01	ep_star-ne_star	south	2015
2014-09-01	A/New_Zealand/169/2014_EPI538007	0.001454	5.892176999999995	10.562773	5.326469923270841	0.0020101707647307196	7.987375316184329	2015-02-01	ep_star-ne_star	south	2015
2014-09-01	A/New_Zealand/316/2014_EPI538014	0.0057929999999999995	6.268589	8.495219999999994	-0.6446958962702274	0.0006653552508918599	6.9520198836615235	2015-02-01	ep_star-ne_star	south	2015
2014-09-01	A/New_Zealand/356/2014_EPI539175	0.0062229999999999	6.268589	8.495219999999994	-0.6446958962702274	0.0007147429184015152	6.9520198836615235	2015-02-01	ep_star-ne_star	south	2015
2014-09-01	A/Niedersachsen/1/2014_EPI505247	3.8e-05	5.7496299999999945	9.722329	-0.6446958962702274	4.364491547365904e-06	7.587318532646987	2015-02-01	ep_star-ne_star	south	2015
2014-09-01	A/Norway/1903/2014_EPI539623	0.014721000000000001	7.246280999999999	8.327976	-0.6446958962702274	0.0016907810544414068	7.629102279848779	2015-02-01	ep_star-ne_star	south	2015
2014-09-01	A/Norway/211/2014_EPI530629	6.3e-05	6.03284	10.581944000000004	-0.6446958962702274	7.235867565369787e-06	8.263492451477441	2015-02-01	ep_star-ne_star	south	2015
2014-09-01	A/Norway/389/2014_EPI530643	0.000121	7.585515999999997	12.283579000000001	5.326469923270841	0.00016728381192050693	9.859242900862462	2015-02-01	ep_star-ne_star	south	2015
2014-09-01	A/Norway/58/2014_EPI532834	2.3e-05	6.061735999999999	9.697783999999997	5.326469923270841	3.17977493733195e-05	7.400268366712789	2015-02-01	ep_star-ne_star	south	2015
2014-09-01	A/Norway/86/2014_EPI530649	3.4e-05	5.771095999999995	10.399535	-0.6446958962702274	3.905071384485282e-06	7.951608782716699	2015-02-01	ep_star-ne_star	south	2015
2014-09-01	A/OSAKA/53/2014_EPI536492	0.002781	7.487425	9.709035999999994	-0.6446958962702274	0.000319411868242752	8.260594673436447	2015-02-01	ep_star-ne_star	south	2015
2014-09-01	A/Olt/161727/2014_EPI516547	0.0009570000000000001	8.244354999999997	9.327908999999995	-13.99283389791239	4.2231439219994157e-07	8.629101435219994	2015-02-01	ep_star-ne_star	south	2015
2014-09-01	A/Ontario/RV1795/2014_EPI538518	0.001327	9.812114999999993	11.037859999999993	17.268801562352976	0.26581313676759943	7.907298783914308	2015-02-01	ep_star-ne_star	south	2015
2014-09-01	A/Ontario/RV2051/2014_EPI538510	0.0021609999999999997	6.268589	8.495219999999994	-0.6446958962702274	0.00024820174299625564	6.9520198836615235	2015-02-01	ep_star-ne_star	south	2015
2014-09-01	A/Ontario/RV2071/2014_EPI538483	0.0018170000000000003	6.268589	8.495219999999994	-0.6446958962702274	0.0002086916089885223	6.9520198836615235	2015-02-01	ep_star-ne_star	south	2015
2014-09-01	A/Palau/6720/2014_EPI521881	0.002668	7.987139000000009	9.316890999999998	-0.6446958962702274	0.0003064332486413744	8.701974652174275	2015-02-01	ep_star-ne_star	south	2015
2014-09-01	A/Palau/6720/2014_EPI537717	0.002668	9.33643799999999	11.131628	11.297635742811908	0.04439896609968514	9.867057250269193	2015-02-01	ep_star-ne_star	south	2015
2014-09-01	A/Palau/6726/2014_EPI520383	0.002455	6.268589	8.495219999999994	-0.6446958962702274	0.0002819691249679814	6.9520198836615235	2015-02-01	ep_star-ne_star	south	2015
2014-09-01	A/Palau/6727/2014_EPI520404	0.0022559999999999998	7.245109000000001	9.495212999999993	-0.6446958962702274	0.00025911297186467043	7.861139399863813	2015-02-01	ep_star-ne_star	south	2015
2014-09-01	A/Palau/6759/2014_EPI537038	0.002071	7.245109000000001	9.495212999999993	-0.6446958962702274	0.00023786478933144172	7.861139399863813	2015-02-01	ep_star-ne_star	south	2015
2014-09-01	A/Palau/6775/2014_EPI520381	0.002071	7.245109000000001	9.495212999999993	-0.6446958962702274	0.00023786478933144172	7.861139399863813	2015-02-01	ep_star-ne_star	south	2015
2014-09-01	A/Pennsylvania/32/2014_EPI537749	0.0039840000000000006	10.206414999999994	5.759387999999993	-0.6446958962702274	0.00045758248222909894	11.301674829497198	2015-02-01	ep_star-ne_star	south	2015
2014-09-01	A/Pennsylvania/35/2014_EPI537884	0.006447	10.294620999999996	6.302885999999996	-0.6446958962702274	0.0007404704475228415	11.330784594474391	2015-02-01	ep_star-ne_star	south	2015
2014-09-01	A/Peru/09/2014_EPI539166	0.009654000000000001	7.551155	12.075735000000003	-0.6446958962702274	0.0011088105631123799	10.048727599491158	2015-02-01	ep_star-ne_star	south	2015
2014-09-01	A/Peru/14/2014_EPI538023	0.009654000000000001	7.551155	12.075735000000003	-0.6446958962702274	0.0011088105631123799	10.048727599491158	2015-02-01	ep_star-ne_star	south	2015
2014-09-01	A/Peru/16/2014_EPI538026	0.009654000000000001	7.551155	12.075735000000003	-0.6446958962702274	0.0011088105631123799	10.048727599491158	2015-02-01	ep_star-ne_star	south	2015
2014-09-01	A/Peru/17/2014_EPI538027	0.009654000000000001	7.551155	12.075735000000003	-0.6446958962702274	0.0011088105631123799	10.048727599491158	2015-02-01	ep_star-ne_star	south	2015
2014-09-01	A/Poland/1702/2014_EPI530661	0.003543	6.498005999999997	10.628950000000003	-0.6446958962702274	0.0004069314092715104	8.591507073594256	2015-02-01	ep_star-ne_star	south	2015
2014-09-01	A/Pozarevac/1336/2014_EPI539629	0.00043099999999999996	8.245406999999997	9.327968999999996	5.326469923270841	0.000595862173039161	8.6279105555027	2015-02-01	ep_star-ne_star	south	2015
2014-09-01	A/Puerto_Rico/14/2014_EPI537872	0.00447	5.621630999999995	9.638056999999993	-0.6446958962702274	0.0005134020320190944	7.314441171591568	2015-02-01	ep_star-ne_star	south	2015
2014-09-01	A/Rhode_Island/05/2014_EPI509978	0.000239	10.206414999999994	5.759387999999993	-0.6446958962702274	2.745035473211713e-05	11.301674829497198	2015-02-01	ep_star-ne_star	south	2015
2014-09-01	A/Rhode_Island/18/2014_EPI538491	0.007664	10.293403999999995	6.316141999999997	-13.99283389791239	3.382045456447598e-06	11.331521682876456	2015-02-01	ep_star-ne_star	south	2015
2014-09-01	A/Rwanda/211/2014_EPI520368	0.001004	6.4174359999999995	9.593461999999997	5.326469923270841	0.001388040885687512	7.936335417548262	2015-02-01	ep_star-ne_star	south	2015
2014-09-01	A/SAITAMA/90/2014_EPI537501	0.0039840000000000006	6.268589	8.495219999999994	-0.6446958962702274	0.00045758248222909894	6.9520198836615235	2015-02-01	ep_star-ne_star	south	2015
2014-09-01	A/SAITAMA/92/2014_EPI537792	0.0053869999999999	6.268589	8.495219999999994	-0.6446958962702274	0.0006187241043594654	6.9520198836615235	2015-02-01	ep_star-ne_star	south	2015
2014-09-01	A/SAKAI/72/2014_EPI520318	0.001155	13.187722999999993	8.744160999999993	-13.99283389791239	5.096897836895846e-07	14.297110206038159	2015-02-01	ep_star-ne_star	south	2015
2014-09-01	A/SAPPORO/132/2014_EPI537772	0.006447	6.074418	10.603358000000004	-0.6446958962702274	0.0007404704475228415	8.268267894360509	2015-02-01	ep_star-ne_star	south	2015
2014-09-01	A/SHIGA/37/2014_EPI537794	0.006005	5.143278000000001	8.553883999999998	-0.6446958962702274	0.0006897045195245328	6.382996182418264	2015-02-01	ep_star-ne_star	south	2015
2014-09-01	A/SHIMANE/89/2014_EPI538844	0.003018	7.635179999999996	12.385700000000002	-0.6446958962702274	0.00034663251289342883	9.923819799054533	2015-02-01	ep_star-ne_star	south	2015
2014-09-01	A/SHIZUOKA/129/2013_EPI511036	1.2e-05	5.496167999999996	9.175670999999998	-0.6446958962702274	1.3782604886418642e-06	7.00931917017405	2015-02-01	ep_star-ne_star	south	2015
2014-09-01	A/SYDNEY/8/2014_EPI529599	4.1e-05	5.637307999999997	9.384457999999997	5.326469923270841	5.66829445350478e-05	7.832481144486719	2015-02-01	ep_star-ne_star	south	2015
2014-09-01	A/Saint-Petersburg/80/2014_EPI536380	0.00447	10.206414999999994	5.759387999999993	-0.6446958962702274	0.0005134020320190944	11.301674829497198	2015-02-01	ep_star-ne_star	south	2015
2014-09-01	A/Samsun/177/2014_EPI505259	3.6e-05	5.356789999999997	9.271674999999998	-0.6446958962702274	4.1347814659255925e-06	7.025389375567281	2015-02-01	ep_star-ne_star	south	2015
2014-09-01	A/Samsun/4191/2013_EPI507885	1.4999999999999999e-05	8.051612999999998	8.346281999999995	5.326469923270841	2.0737662634773588e-05	8.497872459703277	2015-02-01	ep_star-ne_star	south	2015
2014-09-01	A/Samsun/87/2014_EPI505261	3.2e-05	5.873735999999996	9.884385	-0.6446958962702274	3.675361303044971e-06	7.627348291383933	2015-02-01	ep_star-ne_star	south	2015
2014-09-01	A/Sao_Paulo/10769/2014_EPI510943	0.000388	4.681765999999999	8.844988999999995	-0.6446958962702274	4.4563755799420275e-05	6.349252699027242	2015-02-01	ep_star-ne_star	south	2015
2014-09-01	A/Sao_Paulo/10770/2014_EPI510942	0.000388	5.678625000000003	9.844981999999996	5.326469923270841	0.0005364142068194768	7.344926822601624	2015-02-01	ep_star-ne_star	south	2015
2014-09-01	A/Sao_Paulo/10774/2014_EPI510944	0.000388	5.680978000000002	9.844981999999996	5.326469923270841	0.0005364142068194768	7.348179870613599	2015-02-01	ep_star-ne_star	south	2015
2014-09-01	A/Sao_Paulo/10775/2014_EPI510945	0.000388	4.681765999999999	8.844988999999995	-0.6446958962702274	4.4563755799420275e-05	6.349252699027242	2015-02-01	ep_star-ne_star	south	2015
2014-09-01	A/Sao_Paulo/10898/2014_EPI510973	0.000388	4.895278	9.562779999999998	-0.6446958962702274	4.4563755799420275e-05	6.991645892176248	2015-02-01	ep_star-ne_star	south	2015
2014-09-01	A/Sao_Paulo/11-10263/2014_EPI532887	0.012	4.895278	9.562779999999998	-0.6446958962702274	0.0013782604886418642	6.991645892176248	2015-02-01	ep_star-ne_star	south	2015
2014-09-01	A/Sao_Paulo/11199/2014_EPI510946	0.00040899999999999997	7.914130999999999	10.941186	17.268801562352976	0.08192733454253817	8.540580627672071	2015-02-01	ep_star-ne_star	south	2015
2014-09-01	A/Sao_Paulo/11562/2014_EPI510974	0.000388	4.681765999999999	8.844988999999995	-0.6446958962702274	4.4563755799420275e-05	6.349252699027242	2015-02-01	ep_star-ne_star	south	2015
2014-09-01	A/Sao_Paulo/12-8700/2014_EPI532888	0.011642	8.672537	12.548852	-0.6446958962702274	0.0013371423840640485	9.666898251609176	2015-02-01	ep_star-ne_star	south	2015
2014-09-01	A/Sao_Paulo/14332/2014_EPI516493	0.000789	4.895278	9.562779999999998	-0.6446958962702274	9.062062712820257e-05	6.991645892176248	2015-02-01	ep_star-ne_star	south	2015
2014-09-01	A/Sao_Paulo/1806/2014_EPI508732	3.8e-05	8.894926000000003	13.561608999999999	-15.39864026047242	9.3350875821611e-09	10.991645817495545	2015-02-01	ep_star-ne_star	south	2015
2014-09-01	A/Sao_Paulo/18819/2014_EPI516561	0.00159	5.675431000000002	9.842695999999998	5.326469923270841	0.0021981922392860006	7.344655356549969	2015-02-01	ep_star-ne_star	south	2015
2014-09-01	A/Sao_Paulo/23630/2014_EPI531129	0.001983	4.895278	9.562779999999998	-0.6446958962702274	0.00022775754574806803	6.991645892176248	2015-02-01	ep_star-ne_star	south	2015
2014-09-01	A/Sao_Paulo/23803/2014_EPI531178	0.002559	4.895278	9.562779999999998	-0.6446958962702274	0.00029391404920287755	6.991645892176248	2015-02-01	ep_star-ne_star	south	2015
2014-09-01	A/Sao_Paulo/24361/2014_EPI531179	0.002559	8.672537	12.548852	-0.6446958962702274	0.00029391404920287755	9.666898251609176	2015-02-01	ep_star-ne_star	south	2015
2014-09-01	A/Sao_Paulo/2932/2014_EPI508733	5.2000000000000004e-05	4.895278	9.562779999999998	-0.6446958962702274	5.972462117448078e-06	6.991645892176248	2015-02-01	ep_star-ne_star	south	2015
2014-09-01	A/Sao_Paulo/3-24386/2014_EPI532893	0.014308000000000001	4.895278	9.562779999999998	-0.6446958962702274	0.001643345922623983	6.991645892176248	2015-02-01	ep_star-ne_star	south	2015
2014-09-01	A/Sao_Paulo/3308/2014_EPI508735	6.3e-05	8.185305	9.361358999999997	11.297635742811908	0.0010484013734183522	8.614944770511693	2015-02-01	ep_star-ne_star	south	2015
2014-09-01	A/Sao_Paulo/34136/2014_EPI531181	0.0048200000000000005	11.409276	15.543078999999993	5.326469923270841	0.006663702259973914	12.58583738703891	2015-02-01	ep_star-ne_star	south	2015
2014-09-01	A/Sao_Paulo/34233/2014_EPI531182	0.005004	6.644096000000002	11.559120999999996	11.297635742811908	0.083273023374372	8.44243819097404	2015-02-01	ep_star-ne_star	south	2015
2014-09-01	A/Sao_Paulo/35816/2014_EPI536200	0.006005	7.7255879999999975	11.550034000000005	-0.6446958962702274	0.0006897045195245328	8.671042709346851	2015-02-01	ep_star-ne_star	south	2015
2014-09-01	A/Sao_Paulo/4343/2014_EPI508867	8e-05	5.681558000000003	9.842695999999998	5.326469923270841	0.00011060086738545914	7.348981726902143	2015-02-01	ep_star-ne_star	south	2015
2014-09-01	A/Sao_Paulo/44383/2014_EPI532886	0.010948999999999999	8.703678	12.550027	5.326469923270841	0.0151371112125424	9.640768486921772	2015-02-01	ep_star-ne_star	south	2015
2014-09-01	A/Sao_Paulo/44541/2014_EPI536201	0.011642	4.895278	9.562779999999998	-0.6446958962702274	0.0013371423840640485	6.991645892176248	2015-02-01	ep_star-ne_star	south	2015
2014-09-01	A/Sao_Paulo/5-1113/2014_EPI536207	0.021291	5.852683999999995	10.562749	5.326469923270841	0.029435038343797633	7.932775815488654	2015-02-01	ep_star-ne_star	south	2015
2014-09-01	A/Sao_Paulo/5-13834/2014_EPI539399	0.046284	4.552733999999998	8.190276999999995	-0.6446958962702274	0.0053159507046916694	6.024620697145426	2015-02-01	ep_star-ne_star	south	2015
2014-09-01	A/Sao_Paulo/5129/2014_EPI508868	0.000121	4.895278	9.562779999999998	-0.6446958962702274	1.3897459927138796e-05	6.991645892176248	2015-02-01	ep_star-ne_star	south	2015
2014-09-01	A/Sao_Paulo/53072/2014_EPI536203	0.021815	4.895278	9.562779999999998	-0.6446958962702274	0.002505562713310189	6.991645892176248	2015-02-01	ep_star-ne_star	south	2015
2014-09-01	A/Sao_Paulo/54274/2014_EPI537876	0.022884	4.895278	9.562779999999998	-0.6446958962702274	0.002628342751840035	6.991645892176248	2015-02-01	ep_star-ne_star	south	2015
2014-09-01	A/Sao_Paulo/6-10266/2014_EPI537541	0.026247000000000003	4.895278	9.562779999999998	-0.6446958962702274	0.003014600253781918	6.991645892176248	2015-02-01	ep_star-ne_star	south	2015
2014-09-01	A/Sao_Paulo/6-11921/2014_EPI539403	0.046284	7.588617999999997	12.555832	-0.6446958962702274	0.0053159507046916694	9.91976797438826	2015-02-01	ep_star-ne_star	south	2015
2014-09-01	A/Sao_Paulo/7-6864/2014_EPI537998	0.024538	4.895278	9.562779999999998	-0.6446958962702274	0.002818312989191172	6.991645892176248	2015-02-01	ep_star-ne_star	south	2015
2014-09-01	A/Serbia/NS-613/2014_EPI532848	5.2000000000000004e-05	4.895278	9.562779999999998	-0.6446958962702274	5.972462117448078e-06	6.991645892176248	2015-02-01	ep_star-ne_star	south	2015
2014-09-01	A/Serbia/NS-669/2014_EPI532854	0.00028199999999999997	6.627038000000003	11.283661999999998	-0.6446958962702274	3.2389121483083803e-05	8.916139075476066	2015-02-01	ep_star-ne_star	south	2015
2014-09-01	A/Slovenia/108/2014_EPI503343	4.9e-05	8.246170999999995	9.327968999999996	5.326469923270841	6.774303127359372e-05	8.628966793786232	2015-02-01	ep_star-ne_star	south	2015
2014-09-01	A/Slovenia/712/2014_EPI536402	0.000388	6.471064999999997	9.873211999999997	5.326469923270841	0.0005364142068194768	8.005453641445296	2015-02-01	ep_star-ne_star	south	2015
2014-09-01	A/South_Carolina/3715/2014_EPI516263	4.6e-05	6.864311999999995	10.790430000000002	11.297635742811908	0.0007654994155118128	8.620790758908852	2015-02-01	ep_star-ne_star	south	2015
2014-09-01	A/Stockholm/13/2014_EPI536408	0.00043099999999999996	5.872937999999996	9.885567	-0.6446958962702274	4.950252255038695e-05	7.627256637061439	2015-02-01	ep_star-ne_star	south	2015
2014-09-01	A/Stockholm/14/2014_EPI520348	0.000267	5.894615999999995	10.532997000000002	-0.6446958962702274	3.0666295872281476e-05	7.991571236399782	2015-02-01	ep_star-ne_star	south	2015
2014-09-01	A/Stockholm/5/2014_EPI515774	0.000192	6.592939000000004	8.969577999999995	5.326469923270841	0.00026544208172510196	7.778446427546277	2015-02-01	ep_star-ne_star	south	2015
2014-09-01	A/TASMANIA/3/2014_EPI529593	2.9999999999999997e-05	6.736677999999996	10.714664000000004	-13.99283389791239	1.323869568024895e-08	8.58650208651763	2015-02-01	ep_star-ne_star	south	2015
2014-09-01	A/TOKYO/32362/2014_EPI537786	0.001389	8.243490999999995	9.326825999999997	5.326469923270841	0.0019203075599800341	8.625261664728818	2015-02-01	ep_star-ne_star	south	2015
2014-09-01	A/TOKYO/34013/2014_EPI538856	0.002781	6.309624999999997	7.524611000000001	-0.6446958962702274	0.000319411868242752	6.657078682718084	2015-02-01	ep_star-ne_star	south	2015
2014-09-01	A/Taiwan/364/2014_EPI536500	0.002353	6.4893639999999975	10.142090000000001	5.326469923270841	0.003253048011974817	7.999948171370045	2015-02-01	ep_star-ne_star	south	2015
2014-09-01	A/Taiwan/466/2014_EPI536504	0.002781	11.222980999999992	12.327904000000004	5.326469923270841	0.003844762652487023	11.596956137743193	2015-02-01	ep_star-ne_star	south	2015
2014-09-01	A/Taiwan/469/2014_EPI536506	0.0034049999999999996	10.225814999999995	11.321066999999992	5.326469923270841	0.004707449418093604	10.600857583340208	2015-02-01	ep_star-ne_star	south	2015
2014-09-01	A/Trabzon/28/2014_EPI505269	2.4e-05	5.895217999999995	10.562773	5.326469923270841	3.3180260215637745e-05	7.991579531655818	2015-02-01	ep_star-ne_star	south	2015
2014-09-01	A/Ukraine/6138/2014_EPI532870	0.001004	5.496167999999996	9.175670999999998	-0.6446958962702274	0.00011531446088303596	7.00931917017405	2015-02-01	ep_star-ne_star	south	2015
2014-09-01	A/V.Novgorod/223/2014_EPI539639	0.003543	7.621709999999998	12.108391000000003	5.326469923270841	0.004898235914333522	10.129728946709927	2015-02-01	ep_star-ne_star	south	2015
2014-09-01	A/VICTORIA/503/2014_EPI538544	0.009348	9.359531999999998	13.791398999999997	5.326469923270841	0.0129237113539909	11.824912353166901	2015-02-01	ep_star-ne_star	south	2015
2014-09-01	A/WAKAYAMA-C/87/2014_EPI538874	0.002071	7.231660999999997	9.945931999999997	5.326469923270841	0.0028631799544410735	8.841171568912435	2015-02-01	ep_star-ne_star	south	2015
2014-09-01	A/Washington/13/2014_EPI533465	0.009966	10.206414999999994	5.759387999999993	-0.6446958962702274	0.001144645335817068	11.301674829497198	2015-02-01	ep_star-ne_star	south	2015
2014-09-01	A/Washington/16/2014_EPI538502	0.00905	11.188302999999994	6.744196999999995	-13.99283389791239	3.9936731968751e-06	12.301666842150803	2015-02-01	ep_star-ne_star	south	2015
2014-09-01	A/West_Virginia/01/2014_EPI503924	2.4e-05	6.496107999999998	10.174521	5.326469923270841	3.3180260215637745e-05	8.009252809653614	2015-02-01	ep_star-ne_star	south	2015
2014-09-01	A/Wisconsin/05/2014_EPI510897	0.000349	4.552733999999998	8.190276999999995	-0.6446958962702274	4.0084409211334215e-05	6.024620697145426	2015-02-01	ep_star-ne_star	south	2015
2014-09-01	A/YAMAGATA/150/2014_EPI538868	0.001052	5.5386859999999976	9.175333999999996	-0.6446958962702274	0.00012082750283760342	7.020058112445521	2015-02-01	ep_star-ne_star	south	2015
2014-09-01	A/YAMAGATA/171/2014_EPI538870	0.001739	8.230710999999998	9.315782999999996	-0.6446958962702274	0.00019973291581235015	8.627635427913825	2015-02-01	ep_star-ne_star	south	2015
2014-09-01	A/YAMAGATA/197/2014_EPI537511	0.002897	8.230710999999998	9.315782999999996	-0.6446958962702274	0.00033273505296629	8.627635427913825	2015-02-01	ep_star-ne_star	south	2015
2015-09-01	A/AICHI/68/2015_EPI623496	0.0002	5.689546000000002	6.205129999999996	-12.51342701098261	2.1925580066460056e-07	5.942555465363875	2016-02-01	ep_star-ne_star	south	2016
2015-09-01	A/AKITA/24/2014_EPI576152	1.3000000000000001e-05	6.685893	6.748777999999993	-7.002433516847337	1.416158865179632e-07	7.235155457257306	2016-02-01	ep_star-ne_star	south	2016
2015-09-01	A/Alaska/03/2015_EPI629574	0.00018899999999999999	5.681720000000002	5.862414000000001	-3.781404757603925	7.879433913156149e-06	6.379176545952607	2016-02-01	ep_star-ne_star	south	2016
2015-09-01	A/Alaska/17/2015_EPI631646	0.013609999999999999	8.556773	8.980528999999995	-6.071369492495787	0.0002185286594732429	9.429049320587161	2016-02-01	ep_star-ne_star	south	2016
2015-09-01	A/Anhui-Qiaocheng/1137/2015_EPI586293	0.000122	10.885816999999996	11.00353399999999	-1.4914400227120639	1.3206142541449247e-05	12.408844214368344	2016-02-01	ep_star-ne_star	south	2016
2015-09-01	A/Behoririka/355/2015_EPI621748	0.00011499999999999999	11.885541000000002	11.984139999999993	-7.002433516847337	1.2527559191973665e-06	13.40884131668943	2016-02-01	ep_star-ne_star	south	2016
2015-09-01	A/Beijing-Huairou/122/2015_EPI586296	1.9e-05	11.884327000000003	11.956285999999993	1.729588736531348	7.87108026120746e-06	13.407315610831969	2016-02-01	ep_star-ne_star	south	2016
2015-09-01	A/Brazil/70/2015_EPI633904	1.9e-05	13.262137000000005	14.425197999999988	-1.4914400227120639	2.0566943302257026e-06	15.0856227797719	2016-02-01	ep_star-ne_star	south	2016
2015-09-01	A/Brazil/8004/2015_EPI639181	0.000161	6.674106000000001	6.756445999999992	1.729588736531348	6.669704852917901e-05	7.248794103198614	2016-02-01	ep_star-ne_star	south	2016
2015-09-01	A/Brisbane/47/2015_EPI630686	0.000976	7.239253	7.215825999999998	-3.781404757603925	4.068956348804445e-05	8.138994354149437	2016-02-01	ep_star-ne_star	south	2016
2015-09-01	A/Bucuresti/179471/2015_EPI599626	0.000976	15.670039	17.28313199999998	1.729588736531348	0.00040432496499676215	18.25418632882498	2016-02-01	ep_star-ne_star	south	2016
2015-09-01	A/CHIBA-C/33/2015_EPI610559	0.000223	5.872348999999999	6.197225999999995	-3.781404757603925	9.296898214993762e-06	5.808541347687045	2016-02-01	ep_star-ne_star	south	2016
2015-09-01	A/California/82/2015_EPI624241	0.004975	5.249701000000002	5.249638999999995	1.729588736531348	0.002060980226289848	5.688271550051132	2016-02-01	ep_star-ne_star	south	2016
2015-09-01	A/Cameroon/15V-2465/2015_EPI630688	0.00122	6.040336000000002	6.045761999999999	-3.781404757603925	5.0861954360055555e-05	6.577472700008179	2016-02-01	ep_star-ne_star	south	2016
2015-09-01	A/Cameroon/15V-3538/2015_EPI624549	0.006278	7.027769999999999	7.045739999999995	-0.560375998360513	0.001001657194200009	7.575469385619777	2016-02-01	ep_star-ne_star	south	2016
2015-09-01	A/Cameroon/15V-57/2015_EPI630690	2e-05	6.248665000000005	6.240603999999998	1.729588736531348	8.285347643376274e-06	6.690518102175636	2016-02-01	ep_star-ne_star	south	2016
2015-09-01	A/Colombia/2473/2015_EPI588918	0.00018899999999999999	4.259661000000002	4.249661000000003	-1.4914400227120639	2.0458696232245145e-05	4.692393510503713	2016-02-01	ep_star-ne_star	south	2016
2015-09-01	A/Colombia/4352/2015_EPI588926	3.7e-05	9.920707999999998	10.49122199999999	-1.4914400227120639	4.005141590439526e-06	11.79743564072176	2016-02-01	ep_star-ne_star	south	2016
2015-09-01	A/Colombia/4468/2015_EPI588910	0.00023500000000000002	10.920227999999996	11.491199999999994	1.729588736531348	9.735283480967123e-05	12.797240935052134	2016-02-01	ep_star-ne_star	south	2016
2015-09-01	A/Czech_Republic/27/2015_EPI620738	3.1e-05	6.899599999999997	7.055905999999995	8.171646255018171	0.00018809255851651407	6.867096658863571	2016-02-01	ep_star-ne_star	south	2016
2015-09-01	A/Czech_Republic/57/2015_EPI620760	6.8e-05	16.235037999999996	18.131130999999993	-3.781404757603925	2.8349286036752283e-06	18.714301881998693	2016-02-01	ep_star-ne_star	south	2016
2015-09-01	A/Delaware/38/2015_EPI626336	0.000674	6.027589000000001	6.3976229999999985	-3.781404757603925	2.8099145277604467e-05	6.729856883932865	2016-02-01	ep_star-ne_star	south	2016
2015-09-01	A/Distrito_Federal/51671/2015_EPI611179	0.004033	16.615028	18.295390999999988	4.95061749577476	0.006394013546507169	18.795098939472773	2016-02-01	ep_star-ne_star	south	2016
2015-09-01	A/Dnipropetrovsk/442/2015_EPI625004	0.0031190000000000002	16.171053999999994	18.001828999999994	-3.781404757603925	0.00013003150463033878	18.82770757200007	2016-02-01	ep_star-ne_star	south	2016
2015-09-01	A/ENG/52840541/2015_EPI626967	0.026389999999999997	7.0417830000000015	7.402886999999993	-9.292398251739199	0.00011071974492385236	7.761575587875894	2016-02-01	ep_star-ne_star	south	2016
2015-09-01	A/Ecuador/1670/2015_EPI639120	0.000248	4.259661000000002	4.249661000000003	-1.4914400227120639	2.684527336294601e-05	4.692393510503713	2016-02-01	ep_star-ne_star	south	2016
2015-09-01	A/Ecuador/1673/2015_EPI639136	0.039406000000000004	4.259661000000002	4.249661000000003	-1.4914400227120639	0.004265584040888107	4.692393510503713	2016-02-01	ep_star-ne_star	south	2016
2015-09-01	A/England/50660076/2015_EPI607975	0.000109	4.259661000000002	4.249661000000003	-1.4914400227120639	1.179893063129482e-05	4.692393510503713	2016-02-01	ep_star-ne_star	south	2016
2015-09-01	A/Estonia/91651/2015_EPI630702	0.000103	4.259661000000002	4.249661000000003	-1.4914400227120639	1.1149448211223546e-05	4.692393510503713	2016-02-01	ep_star-ne_star	south	2016
2015-09-01	A/Estonia/92635/2015_EPI630721	0.000394	14.934934999999998	16.373480999999988	1.729588736531348	0.00016322134857451259	17.296392001857463	2016-02-01	ep_star-ne_star	south	2016
2015-09-01	A/Estonia/93250/2015_EPI630723	0.00238	14.934934999999998	16.373480999999988	1.729588736531348	0.0009859563695617767	17.296392001857463	2016-02-01	ep_star-ne_star	south	2016
2015-09-01	A/Estonia/93283/2015_EPI630725	0.0024760000000000003	14.934934999999998	16.373480999999988	1.729588736531348	0.0010257260382499829	17.296392001857463	2016-02-01	ep_star-ne_star	south	2016
2015-09-01	A/Extremadura/731/2015_EPI589693	0.000109	10.890166999999996	11.026858999999993	-1.4914400227120639	1.179893063129482e-05	12.556056661512839	2016-02-01	ep_star-ne_star	south	2016
2015-09-01	A/FUKUSHIMA/69/2015_EPI624510	0.00433	7.1416160000000035	7.820898999999998	-3.781404757603925	0.0001805182478516726	7.058234167063295	2016-02-01	ep_star-ne_star	south	2016
2015-09-01	A/Finland/525/2015_EPI621756	0.002891	14.934934999999998	16.373480999999988	1.729588736531348	0.0011976470018500403	17.296392001857463	2016-02-01	ep_star-ne_star	south	2016
2015-09-01	A/Finland/526/2015_EPI621758	0.002891	4.259661000000002	4.249661000000003	-1.4914400227120639	0.0003129422794043424	4.692393510503713	2016-02-01	ep_star-ne_star	south	2016
2015-09-01	A/Florida/23/2015_EPI578915	3.1e-05	14.934934999999998	16.373480999999988	1.729588736531348	1.2842288847233224e-05	17.296392001857463	2016-02-01	ep_star-ne_star	south	2016
2015-09-01	A/Florida/49/2015_EPI624083	0.004644	15.925636999999998	17.260646999999977	-3.781404757603925	0.00019360894758040822	18.296004783962296	2016-02-01	ep_star-ne_star	south	2016
2015-09-01	A/Florida/55/2015_EPI631622	0.026822000000000002	4.259661000000002	4.249661000000003	-1.4914400227120639	0.002903402911858621	4.692393510503713	2016-02-01	ep_star-ne_star	south	2016
2015-09-01	A/Gangwon/3/2015_EPI569825	1.2e-05	5.201760000000002	5.241348999999994	-0.560375998360513	1.9146043852182393e-06	5.523490750112199	2016-02-01	ep_star-ne_star	south	2016
2015-09-01	A/Ghana/DARI-15-096/2015_EPI624553	0.002891	5.253869000000002	5.249638999999995	-1.4914400227120639	0.0003129422794043424	5.6917676259449035	2016-02-01	ep_star-ne_star	south	2016
2015-09-01	A/Ghana/DILI-15-0290/2015_EPI624559	0.001648	4.259661000000002	4.249661000000003	-1.4914400227120639	0.00017839117137957673	4.692393510503713	2016-02-01	ep_star-ne_star	south	2016
2015-09-01	A/Ghana/FS-15-0185/2015_EPI624561	0.001068	4.259661000000002	4.249661000000003	-1.4914400227120639	0.00011560787077268685	4.692393510503713	2016-02-01	ep_star-ne_star	south	2016
2015-09-01	A/Giessen/2176/2015_EPI625916	0.000129	6.795079999999997	7.023001999999995	-0.560375998360513	2.0581997141096074e-05	6.805202253850357	2016-02-01	ep_star-ne_star	south	2016
2015-09-01	A/Giessen/2390/2015_EPI625893	0.00016999999999999999	7.806950999999998	8.022979999999993	2.660652760882898	0.00010380333689344688	7.879409449046882	2016-02-01	ep_star-ne_star	south	2016
2015-09-01	A/Glasgow/401673/2014_EPI574603	1.2e-05	5.259627000000002	5.249638999999995	-7.002433516847337	1.3072235678581218e-07	5.692393249058998	2016-02-01	ep_star-ne_star	south	2016
2015-09-01	A/Goias/49684/2015_EPI611177	0.004808	4.259661000000002	4.249661000000003	-1.4914400227120639	0.0005204519126171146	4.692393510503713	2016-02-01	ep_star-ne_star	south	2016
2015-09-01	A/Goias/49695/2015_EPI611178	0.004975	5.237413000000002	5.222774999999995	1.729588736531348	0.002060980226289848	5.613714086855941	2016-02-01	ep_star-ne_star	south	2016
2015-09-01	A/Goias/6394/2015_EPI573607	7.3e-05	15.258090999999999	16.418617999999988	-3.781404757603925	3.0433792362984068e-06	17.085206411695534	2016-02-01	ep_star-ne_star	south	2016
2015-09-01	A/Greece/17/2015_EPI589703	1.4999999999999999e-05	10.533809999999997	11.294090999999993	-7.002433516847337	1.634029459822652e-07	12.388781986961805	2016-02-01	ep_star-ne_star	south	2016
2015-09-01	A/Guangxi-Longan/1100/2015_EPI586311	0.000103	12.612195000000003	12.772302999999994	-1.4914400227120639	1.1149448211223546e-05	14.214476867469054	2016-02-01	ep_star-ne_star	south	2016
2015-09-01	A/Guangxi-Longan/130/2015_EPI586314	2.8999999999999997e-05	12.612195000000003	12.772302999999994	-1.4914400227120639	3.1391650303444933e-06	14.214476867469054	2016-02-01	ep_star-ne_star	south	2016
2015-09-01	A/Guangxi-Xiangshan/1102/2015_EPI586320	0.000129	12.884431999999999	12.948153	1.729588736531348	5.344049229977696e-05	14.408415824767713	2016-02-01	ep_star-ne_star	south	2016
2015-09-01	A/Gunma/14G005/2015_EPI577684	3.1e-05	6.248665000000005	6.240603999999998	1.729588736531348	1.2842288847233224e-05	6.690518102175636	2016-02-01	ep_star-ne_star	south	2016
2015-09-01	A/Gyeongnam/2/2015_EPI569828	1.2e-05	13.687979000000004	13.806215999999988	-3.781404757603925	5.002815182956286e-07	15.24779685720039	2016-02-01	ep_star-ne_star	south	2016
2015-09-01	A/HIROSHIMA-C/22/2015_EPI624504	0.000851	6.860014	7.177523999999996	-0.560375998360513	0.00013577736098506013	6.80028103095469	2016-02-01	ep_star-ne_star	south	2016
2015-09-01	A/HK/454/2015_EPI586275	1.4999999999999999e-05	4.914059000000002	5.079167999999996	1.729588736531348	6.214010732532204e-06	4.880388001172011	2016-02-01	ep_star-ne_star	south	2016
2015-09-01	A/HYOGO/3213/2015_EPI583994	0.00023500000000000002	7.2479619999999985	7.237291999999996	-3.781404757603925	9.797179733289393e-06	7.690489210917953	2016-02-01	ep_star-ne_star	south	2016
2015-09-01	A/Hangzhou/A101/2015_EPI622701	7.3e-05	9.641204000000004	10.082546999999991	8.171646255018171	0.00044292763779695243	11.221057968040457	2016-02-01	ep_star-ne_star	south	2016
2015-09-01	A/Hangzhou/A145/2015_EPI622704	0.00017900000000000001	12.884331999999999	12.967204999999998	1.729588736531348	7.415386140821764e-05	14.408374398029496	2016-02-01	ep_star-ne_star	south	2016
2015-09-01	A/Hangzhou/A154/2015_EPI622706	0.000223	13.881609000000003	13.897300999999988	-3.781404757603925	9.296898214993762e-06	15.40628232749315	2016-02-01	ep_star-ne_star	south	2016
2015-09-01	A/Hangzhou/A161/2015_EPI622708	0.000223	13.881609000000003	13.897300999999988	-3.781404757603925	9.296898214993762e-06	15.40628232749315	2016-02-01	ep_star-ne_star	south	2016
2015-09-01	A/Hangzhou/A166/2015_EPI622710	0.000223	13.882158	13.912814999999988	-3.781404757603925	9.296898214993762e-06	15.406442663221124	2016-02-01	ep_star-ne_star	south	2016
2015-09-01	A/Hangzhou/A243/2015_EPI622711	0.0010220000000000001	11.794420999999998	11.862381999999997	-1.4914400227120639	0.00011062850555214045	13.248361196540987	2016-02-01	ep_star-ne_star	south	2016
2015-09-01	A/Hangzhou/A250/2015_EPI622712	0.00122	11.794420999999998	11.862381999999997	-1.4914400227120639	0.00013206142541449247	13.248361196540987	2016-02-01	ep_star-ne_star	south	2016
2015-09-01	A/Hangzhou/A269/2015_EPI622713	0.00139	4.259661000000002	4.249661000000003	-1.4914400227120639	0.0001504634273165119	4.692393510503713	2016-02-01	ep_star-ne_star	south	2016
2015-09-01	A/Hangzhou/A270/2015_EPI622714	0.00139	6.901568999999998	7.077118999999995	8.171646255018171	0.008433827623804985	6.846364611902508	2016-02-01	ep_star-ne_star	south	2016
2015-09-01	A/Hawaii/38/2015_EPI629666	0.009609999999999999	15.256890000000004	17.131185999999975	-7.002433516847337	0.00010468682072597124	17.845878723435163	2016-02-01	ep_star-ne_star	south	2016
2015-09-01	A/Hong_Kong/11706/2015_EPI630729	0.016482	4.914059000000002	5.079167999999996	1.729588736531348	0.006827954992906388	4.880388001172011	2016-02-01	ep_star-ne_star	south	2016
2015-09-01	A/Hong_Kong/11709/2015_EPI631563	0.016482	5.226687000000002	5.249269999999996	-1.4914400227120639	0.0017841282079357913	5.68882525408784	2016-02-01	ep_star-ne_star	south	2016
2015-09-01	A/Hong_Kong/11743/2015_EPI630733	0.016482	6.666153999999999	6.942534999999994	8.171646255018171	0.10000456611190918	6.37147642110323	2016-02-01	ep_star-ne_star	south	2016
2015-09-01	A/ISHIKAWA/57/2015_EPI624867	0.000776	5.784733000000004	5.90745	-1.4914400227120639	8.399972632921816e-05	6.39556847382547	2016-02-01	ep_star-ne_star	south	2016
2015-09-01	A/Iowa/11/2015_EPI622073	0.00053	4.259661000000002	4.249661000000003	-1.4914400227120639	5.737094710629592e-05	4.692393510503713	2016-02-01	ep_star-ne_star	south	2016
2015-09-01	A/Japan/NHRC_GWA0184/2015_EPI641568	2.3e-05	7.226857999999998	7.240548999999995	1.729588736531348	9.528149789882715e-06	7.558934567517982	2016-02-01	ep_star-ne_star	south	2016
2015-09-01	A/Jiangxi-Donghu/1218/2015_EPI586356	0.00016999999999999999	5.696733000000002	5.7378990000000005	1.729588736531348	7.042545496869833e-05	6.360240156368344	2016-02-01	ep_star-ne_star	south	2016
2015-09-01	A/Jilin-Tiexi/136/2015_EPI586347	2.8999999999999997e-05	11.794420999999998	11.862381999999997	-1.4914400227120639	3.1391650303444933e-06	13.248361196540987	2016-02-01	ep_star-ne_star	south	2016
2015-09-01	A/Jordan/20143/2015_EPI589743	9.7e-05	4.786295000000001	4.907471999999998	-1.4914400227120639	1.049996579115227e-05	5.3957364732781326	2016-02-01	ep_star-ne_star	south	2016
2015-09-01	A/Jordan/30001/2014_EPI589745	1e-05	5.2596310000000015	5.249638999999995	1.729588736531348	4.142673821688137e-06	5.692385225156069	2016-02-01	ep_star-ne_star	south	2016
2015-09-01	A/Jordan/30009/2015_EPI589747	5.400000000000001e-05	4.259661000000002	4.249661000000003	-1.4914400227120639	5.845341780641472e-06	4.692393510503713	2016-02-01	ep_star-ne_star	south	2016
2015-09-01	A/Jordan/30018/2015_EPI589749	9.2e-05	4.259661000000002	4.249661000000003	-1.4914400227120639	9.958730441092875e-06	4.692393510503713	2016-02-01	ep_star-ne_star	south	2016
2015-09-01	A/Jordan/30021/2015_EPI589751	0.00011499999999999999	4.259661000000002	4.249661000000003	-1.4914400227120639	1.2448413051366094e-05	4.692393510503713	2016-02-01	ep_star-ne_star	south	2016
2015-09-01	A/Jordan/30026/2015_EPI589755	0.000144	4.930250000000001	5.205537999999998	-7.002433516847337	1.568668281429746e-06	4.9774441080785605	2016-02-01	ep_star-ne_star	south	2016
2015-09-01	A/Jordan/30052/2015_EPI589761	0.0002	4.259661000000002	4.249661000000003	-1.4914400227120639	2.1649414002375817e-05	4.692393510503713	2016-02-01	ep_star-ne_star	south	2016
2015-09-01	A/KANAGAWA/34/2015_EPI619032	7.7e-05	5.872348999999999	6.197225999999995	-3.781404757603925	3.2101397423969492e-06	5.808541347687045	2016-02-01	ep_star-ne_star	south	2016
2015-09-01	A/KANAGAWA/56/2015_EPI624898	0.0024760000000000003	6.6149819999999995	7.163087999999994	-3.781404757603925	0.00010322475327499803	6.354891204288876	2016-02-01	ep_star-ne_star	south	2016
2015-09-01	A/KANAGAWA/59/2015_EPI630461	0.013609999999999999	5.964990000000006	6.207413999999996	-1.4914400227120639	0.0014732426228616742	6.231623552251851	2016-02-01	ep_star-ne_star	south	2016
2015-09-01	A/Kazakhstan/183/2015_EPI624988	7.3e-05	5.240141000000002	5.249542999999995	-1.4914400227120639	7.902036110867174e-06	5.688474776980919	2016-02-01	ep_star-ne_star	south	2016
2015-09-01	A/Kazakhstan/20/2015_EPI575709	1.9e-05	5.240141000000002	5.249542999999995	-1.4914400227120639	2.0566943302257026e-06	5.688474776980919	2016-02-01	ep_star-ne_star	south	2016
2015-09-01	A/Kazakhstan/26/2015_EPI575797	1.9e-05	11.877832	12.007156999999996	1.729588736531348	7.87108026120746e-06	13.547796344780478	2016-02-01	ep_star-ne_star	south	2016
2015-09-01	A/Kazakhstan/38/2015_EPI578493	2.3e-05	11.877832	12.007156999999996	1.729588736531348	9.528149789882715e-06	13.547796344780478	2016-02-01	ep_star-ne_star	south	2016
2015-09-01	A/Kazakhstan/39/2015_EPI579060	2.3e-05	12.871343000000001	12.708504999999994	4.95061749577476	3.6464743756425705e-05	14.395136287311177	2016-02-01	ep_star-ne_star	south	2016
2015-09-01	A/Khmelnitsky/465/2015_EPI621767	0.002198	5.255255000000002	5.249638999999995	-1.4914400227120639	0.00023792705988611023	5.691917656383939	2016-02-01	ep_star-ne_star	south	2016
2015-09-01	A/Khmelnitsky/466/2015_EPI621769	0.00139	5.953448000000001	5.989735999999998	-12.51342701098261	1.5238278146189738e-06	6.5808280947534135	2016-02-01	ep_star-ne_star	south	2016
2015-09-01	A/Khovd/411/2015_EPI619074	3.1e-05	14.884087999999998	14.412685999999994	11.392675014261583	0.000719840378252452	16.402960103818696	2016-02-01	ep_star-ne_star	south	2016
2015-09-01	A/Kursk/CRIE-31/2015_EPI623748	3.1e-05	5.059856000000002	5.045879999999998	-7.002433516847337	3.3769942169668145e-07	5.581391433530974	2016-02-01	ep_star-ne_star	south	2016
2015-09-01	A/Laos/I024/2015_EPI610567	1.2e-05	11.794681	11.903686999999998	1.729588736531348	4.971208586025765e-06	13.39189459301949	2016-02-01	ep_star-ne_star	south	2016
2015-09-01	A/Laos/I266/2015_EPI630469	0.0007070000000000001	7.647093000000002	7.1054089999999945	1.729588736531348	0.0002928870391933513	8.348326268598937	2016-02-01	ep_star-ne_star	south	2016
2015-09-01	A/Laos/I350/2015_EPI630473	0.002198	5.767507000000003	5.881090000000001	1.729588736531348	0.0009105597060070524	6.384586124947399	2016-02-01	ep_star-ne_star	south	2016
2015-09-01	A/Laos/I412/2015_EPI630475	0.005148	6.209509000000005	6.201609999999998	1.729588736531348	0.0021326484834050525	6.550402162884915	2016-02-01	ep_star-ne_star	south	2016
2015-09-01	A/Laos/I439/2015_EPI630477	0.007585	5.440693000000003	5.736979000000002	1.729588736531348	0.003142218093750452	5.583730963946427	2016-02-01	ep_star-ne_star	south	2016
2015-09-01	A/Luxembourg/14070685/2014_EPI558060	1.2e-05	4.259661000000002	4.249661000000003	-1.4914400227120639	1.298964840142549e-06	4.692393510503713	2016-02-01	ep_star-ne_star	south	2016
2015-09-01	A/Maevatanana/172/2015_EPI621777	4.5e-05	10.885816999999996	11.00353399999999	-1.4914400227120639	4.87111815053456e-06	12.408844214368344	2016-02-01	ep_star-ne_star	south	2016
2015-09-01	A/Manjakaray/612/2015_EPI621779	0.000321	11.794420999999998	11.862381999999997	-1.4914400227120639	3.4747309473813185e-05	13.248361196540987	2016-02-01	ep_star-ne_star	south	2016
2015-09-01	A/Massachusetts/19/2015_EPI624249	0.002891	4.259661000000002	4.249661000000003	-1.4914400227120639	0.0003129422794043424	4.692393510503713	2016-02-01	ep_star-ne_star	south	2016
2015-09-01	A/Mato_Grosso/52531/2015_EPI626972	0.012611	5.234429000000001	4.7073749999999945	1.729588736531348	0.00522432595653091	5.68194485859065	2016-02-01	ep_star-ne_star	south	2016
2015-09-01	A/Mato_Grosso_do_Sul/51673/2015_EPI611181	0.00782	7.795147	7.8464779999999905	-9.292398251739199	3.280895813961825e-05	8.563326941190992	2016-02-01	ep_star-ne_star	south	2016
2015-09-01	A/Mauritius/I-203/2015_EPI630735	0.000356	14.672001	16.295434999999983	-1.4914400227120639	3.853595692422895e-05	17.254994978754976	2016-02-01	ep_star-ne_star	south	2016
2015-09-01	A/Mauritius/I-238/2015_EPI630737	0.000556	5.257047000000002	4.621042999999994	-1.4914400227120639	6.018537092660476e-05	5.691626945077437	2016-02-01	ep_star-ne_star	south	2016
2015-09-01	A/Mexico/1670/2015_EPI639104	0.012288	14.682214	14.800703000000002	8.171646255018171	0.07455746319519112	15.779099458436038	2016-02-01	ep_star-ne_star	south	2016
2015-09-01	A/Mexico/1714/2015_EPI639049	0.019618	13.447309000000008	13.805829999999993	-12.51342701098261	2.1506801487190666e-05	15.212909215048743	2016-02-01	ep_star-ne_star	south	2016
2015-09-01	A/Minnesota/28/2015_EPI624336	0.0038909999999999995	5.155086000000002	5.204602999999997	-3.781404757603925	0.00016221628230735752	5.675833583178188	2016-02-01	ep_star-ne_star	south	2016
2015-09-01	A/Minnesota/30/2015_EPI624296	0.009339	4.872763000000001	5.052529999999996	-7.002433516847337	0.00010173467416855833	5.283739856743766	2016-02-01	ep_star-ne_star	south	2016
2015-09-01	A/Moramanga/50/2015_EPI621781	2.3e-05	11.885761	11.99944999999999	1.729588736531348	9.528149789882715e-06	13.408825158068758	2016-02-01	ep_star-ne_star	south	2016
2015-09-01	A/NAGANO-C/15/2015_EPI586566	0.00018899999999999999	7.158478999999998	7.087921999999997	4.95061749577476	0.00029964506825932427	7.525134503596048	2016-02-01	ep_star-ne_star	south	2016
2015-09-01	A/NAGANO/2175/2015_EPI619036	0.00045700000000000005	5.201029000000001	5.479928999999998	-7.002433516847337	4.978343087593014e-06	5.762368024560841	2016-02-01	ep_star-ne_star	south	2016
2015-09-01	A/NAGANO/2202/2015_EPI588930	0.000741	8.427589000000003	8.544341999999997	4.95061749577476	0.001174798918413541	9.096106956381268	2016-02-01	ep_star-ne_star	south	2016
2015-09-01	A/NAGANO/2203/2015_EPI588932	0.000741	8.427589000000003	8.544341999999997	4.95061749577476	0.001174798918413541	9.096106956381268	2016-02-01	ep_star-ne_star	south	2016
2015-09-01	A/NAGANO/2203/2015_EPI588934	0.000741	8.427589000000003	8.544341999999997	4.95061749577476	0.001174798918413541	9.096106956381268	2016-02-01	ep_star-ne_star	south	2016
2015-09-01	A/NIIGATA-C/40/2015_EPI624883	0.001117	6.398982999999999	6.8550369999999905	-3.781404757603925	4.656787132801808e-05	6.51188431046146	2016-02-01	ep_star-ne_star	south	2016
2015-09-01	A/NIIGATA-C/44/2015_EPI630405	0.0069099999999999995	12.861116999999998	13.00699699999999	-3.781404757603925	0.00028807877428523276	14.546470518791901	2016-02-01	ep_star-ne_star	south	2016
2015-09-01	A/Nagasaki/14N024/2015_EPI580561	1.9e-05	4.259661000000002	4.249661000000003	-1.4914400227120639	2.0566943302257026e-06	4.692393510503713	2016-02-01	ep_star-ne_star	south	2016
2015-09-01	A/Netherlands/1726/2015_EPI624591	0.000223	15.613308000000002	17.396242999999977	-3.781404757603925	9.296898214993762e-06	18.05346753626633	2016-02-01	ep_star-ne_star	south	2016
2015-09-01	A/Netherlands/2221/2015_EPI590382	0.000481	4.259661000000002	4.249661000000003	-1.4914400227120639	5.2066840675713836e-05	4.692393510503713	2016-02-01	ep_star-ne_star	south	2016
2015-09-01	A/Nevada/18/2015_EPI579809	0.000248	5.259155000000002	5.249638999999995	-7.002433516847337	2.7015953735734516e-06	5.692388107312965	2016-02-01	ep_star-ne_star	south	2016
2015-09-01	A/Nevada/21/2015_EPI588494	0.00045700000000000005	4.259661000000002	4.249661000000003	-1.4914400227120639	4.946891099542875e-05	4.692393510503713	2016-02-01	ep_star-ne_star	south	2016
2015-09-01	A/New_Jersey/14/2015_EPI588720	0.000741	4.259661000000002	4.249661000000003	-1.4914400227120639	8.02110788788024e-05	4.692393510503713	2016-02-01	ep_star-ne_star	south	2016
2015-09-01	A/New_Jersey/16/2015_EPI622119	0.000481	6.233779000000005	6.249616999999998	4.95061749577476	0.0007625887716017723	6.4662802245647875	2016-02-01	ep_star-ne_star	south	2016
2015-09-01	A/New_York/03/2015_EPI572063	5.6999999999999996e-05	15.934810999999998	17.373458999999976	4.95061749577476	9.03691475702724e-05	18.296211263562316	2016-02-01	ep_star-ne_star	south	2016
2015-09-01	A/Newcastle/11/2015_EPI636122	0.011045999999999999	15.256890000000004	17.131185999999975	-7.002433516847337	0.00012032992942134008	17.845878723435163	2016-02-01	ep_star-ne_star	south	2016
2015-09-01	A/Niigata/14F197/2015_EPI580529	6.8e-05	6.248665000000005	6.240603999999998	1.729588736531348	2.8170181987479333e-05	6.690518102175636	2016-02-01	ep_star-ne_star	south	2016
2015-09-01	A/Norway/2501/2015_EPI629019	0.013609999999999999	14.672001	16.295434999999983	-1.4914400227120639	0.0014732426228616742	17.254994978754976	2016-02-01	ep_star-ne_star	south	2016
2015-09-01	A/Norway/2504/2015_EPI629020	0.015737	14.672001	16.295434999999983	-1.4914400227120639	0.0017034841407769412	17.254994978754976	2016-02-01	ep_star-ne_star	south	2016
2015-09-01	A/Norway/2533/2015_EPI629025	0.021683	4.914059000000002	5.079167999999996	1.729588736531348	0.008982559647566389	4.880388001172011	2016-02-01	ep_star-ne_star	south	2016
2015-09-01	A/Norway/2554/2015_EPI629034	0.023377000000000002	4.914059000000002	5.079167999999996	1.729588736531348	0.009684328592960359	4.880388001172011	2016-02-01	ep_star-ne_star	south	2016
2015-09-01	A/Norway/2565/2015_EPI629040	0.027254	6.146511	6.459429999999998	-3.781404757603925	0.0011362227083024216	6.760095579144231	2016-02-01	ep_star-ne_star	south	2016
2015-09-01	A/OSAKA-C/2043/2015_EPI624877	0.00158	6.765941	7.1410819999999955	-9.292398251739199	6.628919931022612e-06	6.807978008909485	2016-02-01	ep_star-ne_star	south	2016
2015-09-01	A/Pennsylvania/03/2015_EPI575541	0.000122	4.259661000000002	4.249661000000003	-1.4914400227120639	1.3206142541449247e-05	4.692393510503713	2016-02-01	ep_star-ne_star	south	2016
2015-09-01	A/Perth/37/2015_EPI636135	0.005324000000000001	4.259661000000002	4.249661000000003	-1.4914400227120639	0.0005763074007432442	4.692393510503713	2016-02-01	ep_star-ne_star	south	2016
2015-09-01	A/Peru/27/2015_EPI629582	0.002891	12.195011999999997	12.235241999999989	4.95061749577476	0.0045834597478185525	13.512209893987047	2016-02-01	ep_star-ne_star	south	2016
2015-09-01	A/Petrozavodsk/CRIE-61/2015_EPI623815	0.000481	14.672001	16.295434999999983	-1.4914400227120639	5.2066840675713836e-05	17.254994978754976	2016-02-01	ep_star-ne_star	south	2016
2015-09-01	A/Philippines/2/2015_EPI636141	0.00016999999999999999	4.259661000000002	4.249661000000003	-1.4914400227120639	1.8402001902019443e-05	4.692393510503713	2016-02-01	ep_star-ne_star	south	2016
2015-09-01	A/Poland/1900/2015_EPI630743	0.001945	15.256890000000004	17.131185999999975	-7.002433516847337	2.118791532903372e-05	17.845878723435163	2016-02-01	ep_star-ne_star	south	2016
2015-09-01	A/Rhode_Island/07/2015_EPI633837	4.5e-05	5.2595610000000015	5.249638999999995	1.729588736531348	1.8642032197596615e-05	5.692356226439316	2016-02-01	ep_star-ne_star	south	2016
2015-09-01	A/Rondonia/5266/2015_EPI573606	8.6e-05	16.308523	17.446172999999987	2.660652760882898	5.251227631080254e-05	18.030109361218642	2016-02-01	ep_star-ne_star	south	2016
2015-09-01	A/Rondonia/9097/2015_EPI573608	0.000144	12.309250999999998	13.446260999999998	-1.4914400227120639	1.5587578081710588e-05	14.03052945942913	2016-02-01	ep_star-ne_star	south	2016
2015-09-01	A/SAITAMA-C/10/2015_EPI630459	0.00433	15.722102999999995	15.833812999999997	1.729588736531348	0.001793777764790963	17.228830463141172	2016-02-01	ep_star-ne_star	south	2016
2015-09-01	A/SAKAI/1/2015_EPI576102	2.4e-05	7.788147000000001	8.154658999999997	-0.560375998360513	3.8292087704364786e-06	7.6774712504915925	2016-02-01	ep_star-ne_star	south	2016
2015-09-01	A/SAPPORO/28/2015_EPI619028	0.000223	6.248665000000005	6.240603999999998	1.729588736531348	9.238162622364544e-05	6.690518102175636	2016-02-01	ep_star-ne_star	south	2016
2015-09-01	A/SAPPORO/52/2015_EPI619062	0.0018670000000000002	4.914059000000002	5.079167999999996	1.729588736531348	0.0007734372025091752	4.880388001172011	2016-02-01	ep_star-ne_star	south	2016
2015-09-01	A/Santiago/39170/2015_EPI631571	0.016482	11.857193	12.026806999999994	1.729588736531348	0.006827954992906388	13.542400751527019	2016-02-01	ep_star-ne_star	south	2016
2015-09-01	A/Santiago/42575/2015_EPI639213	0.022525999999999997	5.506442000000003	5.957238999999992	1.729588736531348	0.009331787050734695	5.85729282275067	2016-02-01	ep_star-ne_star	south	2016
2015-09-01	A/Sao_Paulo/11-28129/2014_EPI562796	1.2e-05	6.171211000000003	5.491686	1.729588736531348	4.971208586025765e-06	6.673455793642345	2016-02-01	ep_star-ne_star	south	2016
2015-09-01	A/Sao_Paulo/2-1030/2015_EPI573568	4.5e-05	4.259661000000002	4.249661000000003	-1.4914400227120639	4.87111815053456e-06	4.692393510503713	2016-02-01	ep_star-ne_star	south	2016
2015-09-01	A/Sao_Paulo/28438/2015_EPI586265	0.001719	5.611259000000001	5.620970000000003	-1.4914400227120639	0.00018607671335042016	6.3422148270517775	2016-02-01	ep_star-ne_star	south	2016
2015-09-01	A/Sao_Paulo/28596/2015_EPI585076	0.001648	5.173825000000002	5.120303999999996	-1.4914400227120639	0.00017839117137957673	5.674222359068622	2016-02-01	ep_star-ne_star	south	2016
2015-09-01	A/Sao_Paulo/3-29379/2015_EPI610990	0.005148	4.259661000000002	4.249661000000003	-1.4914400227120639	0.0005572559164211536	4.692393510503713	2016-02-01	ep_star-ne_star	south	2016
2015-09-01	A/Sao_Paulo/48012/2015_EPI610989	0.0073549999999999	5.219195000000002	5.246900999999995	-1.4914400227120639	0.0007961571999373599	5.683462453819368	2016-02-01	ep_star-ne_star	south	2016
2015-09-01	A/Sao_Paulo/52081/2015_EPI621404	0.012611	10.890166999999996	11.026858999999993	-1.4914400227120639	0.0013651037999198071	12.556056661512839	2016-02-01	ep_star-ne_star	south	2016
2015-09-01	A/Sao_Paulo/6-726/2015_EPI562788	3.7e-05	7.871906000000001	8.194221999999996	-6.071369492495787	5.940896693982357e-07	7.808425047798274	2016-02-01	ep_star-ne_star	south	2016
2015-09-01	A/Sao_Paulo/9-1220/2015_EPI573605	8.2e-05	5.173825000000002	5.120303999999996	-1.4914400227120639	8.876259740974085e-06	5.674222359068622	2016-02-01	ep_star-ne_star	south	2016
2015-09-01	A/Schleswig-Holstein/10/2014_EPI558100	1.2e-05	5.259457000000002	5.2372329999999945	1.729588736531348	4.971208586025765e-06	5.692313142631571	2016-02-01	ep_star-ne_star	south	2016
2015-09-01	A/Serbia/NS-1261/2015_EPI598564	0.0013310000000000002	4.259661000000002	4.249661000000003	-1.4914400227120639	0.00014407685018581106	4.692393510503713	2016-02-01	ep_star-ne_star	south	2016
2015-09-01	A/Setif/01/2015_EPI563356	1.8e-05	6.173549000000005	6.1009099999999945	-7.002433516847337	1.9608353517871824e-07	6.674219461389713	2016-02-01	ep_star-ne_star	south	2016
2015-09-01	A/Shaanxi-Wangyi/114/2015_EPI586371	2.1e-05	11.884327000000003	11.956285999999993	1.729588736531348	8.699615025545087e-06	13.407315610831969	2016-02-01	ep_star-ne_star	south	2016
2015-09-01	A/Slovenia/438/2015_EPI630767	5.1e-05	15.256890000000004	17.131185999999975	-7.002433516847337	5.555700163397017e-07	17.845878723435163	2016-02-01	ep_star-ne_star	south	2016
2015-09-01	A/South_Africa/R2490/2015_EPI630775	0.010456	6.057216000000001	6.615123999999991	1.729588736531348	0.004331579747957116	6.5706362001306395	2016-02-01	ep_star-ne_star	south	2016
2015-09-01	A/South_Africa/R2582/2015_EPI630777	0.011656999999999999	4.259661000000002	4.249661000000003	-1.4914400227120639	0.0012618360951284742	4.692393510503713	2016-02-01	ep_star-ne_star	south	2016
2015-09-01	A/South_Africa/R2651/2015_EPI630779	0.011349	6.461282999999999	6.914102999999995	4.95061749577476	0.01799297290833371	6.390867433395304	2016-02-01	ep_star-ne_star	south	2016
2015-09-01	A/South_Africa/R2665/2015_EPI630781	0.011349	6.1783209999999995	6.479906999999996	-3.781404757603925	0.00047314124592809067	6.76142174206898	2016-02-01	ep_star-ne_star	south	2016
2015-09-01	A/South_Africa/R2825/2015_EPI630783	0.013609999999999999	5.961707999999996	6.457084999999993	1.729588736531348	0.005638179071317554	6.532672506692659	2016-02-01	ep_star-ne_star	south	2016
2015-09-01	A/South_Africa/R3276/2015_EPI630787	0.018019999999999998	4.551504000000001	4.957334999999997	-1.4914400227120639	0.0019506122016140607	4.875956396852141	2016-02-01	ep_star-ne_star	south	2016
2015-09-01	A/South_Africa/R3445/2015_EPI631004	0.020849	7.856831	8.857295999999991	8.171646255018171	0.12650134685518713	7.196933721703839	2016-02-01	ep_star-ne_star	south	2016
2015-09-01	A/South_Africa/R3512/2015_EPI631008	0.020436000000000003	6.487586000000003	6.872903999999993	1.729588736531348	0.008465968222001878	6.925018193727172	2016-02-01	ep_star-ne_star	south	2016
2015-09-01	A/South_Africa/R3581/2015_EPI631010	0.021683	7.135250000000002	7.913035999999998	8.171646255018171	0.13156164342947013	6.634748057630713	2016-02-01	ep_star-ne_star	south	2016
2015-09-01	A/South_Africa/R3664/2015_EPI630805	0.021683	4.259661000000002	4.249661000000003	-1.4914400227120639	0.002347121219067574	4.692393510503713	2016-02-01	ep_star-ne_star	south	2016
2015-09-01	A/South_Africa/R3778/2015_EPI630813	0.024664	5.294137000000005	5.923196999999992	-1.4914400227120639	0.0026698057347729854	5.422306253453973	2016-02-01	ep_star-ne_star	south	2016
2015-09-01	A/South_Africa/R3803/2015_EPI630817	0.024664	6.172755	6.893567999999993	4.95061749577476	0.03910288869602102	6.082801217034942	2016-02-01	ep_star-ne_star	south	2016
2015-09-01	A/South_Africa/R3944/2015_EPI630821	0.027686000000000002	6.022756000000001	6.6149759999999915	1.729588736531348	0.011469406742725776	6.556360546141103	2016-02-01	ep_star-ne_star	south	2016
2015-09-01	A/South_Africa/R3949/2015_EPI630823	0.027686000000000002	7.435978000000001	8.536715	4.95061749577476	0.043894038940887045	7.322911735921465	2016-02-01	ep_star-ne_star	south	2016
2015-09-01	A/South_Africa/R3989/2015_EPI630825	0.027686000000000002	5.496122000000003	5.957164999999993	1.729588736531348	0.011469406742725776	5.8530175833666895	2016-02-01	ep_star-ne_star	south	2016
2015-09-01	A/South_Auckland/1/2015_EPI636149	6.500000000000001e-05	15.256890000000004	17.131185999999975	-7.002433516847337	7.08079432589816e-07	17.845878723435163	2016-02-01	ep_star-ne_star	south	2016
2015-09-01	A/South_Australia/21/2015_EPI629830	0.000776	6.220514000000006	6.176282999999997	4.95061749577476	0.0012302887458689718	6.610326907305966	2016-02-01	ep_star-ne_star	south	2016
2015-09-01	A/South_Australia/67/2015_EPI636192	0.009887	6.202292000000006	6.1758209999999965	4.95061749577476	0.015675083544338303	6.581437317709026	2016-02-01	ep_star-ne_star	south	2016
2015-09-01	A/South_Australia/9/2015_EPI629840	0.00017900000000000001	6.623018999999998	6.625073	4.95061749577476	0.00028379083184348707	7.435923958439208	2016-02-01	ep_star-ne_star	south	2016
2015-09-01	A/South_Dakota/15/2015_EPI624027	0.00053	15.666897999999998	17.29541299999998	1.729588736531348	0.00021956171254947126	18.248161841783364	2016-02-01	ep_star-ne_star	south	2016
2015-09-01	A/Sri_Lanka/1/2015_EPI629843	1.4999999999999999e-05	5.927636000000001	5.5769199999999985	1.729588736531348	6.214010732532204e-06	5.976677542652281	2016-02-01	ep_star-ne_star	south	2016
2015-09-01	A/Sri_Lanka/72/2014_EPI629858	1.2e-05	6.927602	6.576897999999992	4.95061749577476	1.902508369900472e-05	6.976639492484883	2016-02-01	ep_star-ne_star	south	2016
2015-09-01	A/Stockholm/20/2015_EPI582104	0.000338	15.613078000000002	17.392974999999975	-0.560375998360513	5.392802351698041e-05	18.053378274015724	2016-02-01	ep_star-ne_star	south	2016
2015-09-01	A/Sweden/1/2015_EPI566325	1.4999999999999999e-05	5.258852000000003	5.2295449999999954	-7.002433516847337	1.634029459822652e-07	5.692223214193059	2016-02-01	ep_star-ne_star	south	2016
2015-09-01	A/Sweden/17/2015_EPI582154	0.00053	14.672001	16.295434999999983	-1.4914400227120639	5.737094710629592e-05	17.254994978754976	2016-02-01	ep_star-ne_star	south	2016
2015-09-01	A/Sydney/1/2015_EPI629864	2.7000000000000002e-05	4.259661000000002	4.249661000000003	-1.4914400227120639	2.9226708903207354e-06	4.692393510503713	2016-02-01	ep_star-ne_star	south	2016
2015-09-01	A/Sydney/10/2015_EPI629867	0.000275	5.259064000000002	5.248158999999995	1.729588736531348	0.00011392353009642377	5.692165069353851	2016-02-01	ep_star-ne_star	south	2016
2015-09-01	A/Sydney/5/2015_EPI629883	6.500000000000001e-05	7.6215410000000015	7.584902999999995	8.171646255018171	0.00039438762269591664	8.435079401804531	2016-02-01	ep_star-ne_star	south	2016
2015-09-01	A/TOKYO/15003/2015_EPI624508	0.0018670000000000002	6.436949000000001	6.7369569999999905	4.95061749577476	0.0029599859388368174	6.577810992068756	2016-02-01	ep_star-ne_star	south	2016
2015-09-01	A/TOKYO/50254/2015_EPI630467	0.011656999999999999	4.914059000000002	5.079167999999996	1.729588736531348	0.0048291148739418605	4.880388001172011	2016-02-01	ep_star-ne_star	south	2016
2015-09-01	A/TOYAMA/100/2015_EPI624904	0.0018670000000000002	5.782551000000004	5.892530999999999	1.729588736531348	0.0007734372025091752	6.394189598873112	2016-02-01	ep_star-ne_star	south	2016
2015-09-01	A/TOYAMA/107/2015_EPI630465	0.008556	7.831447999999998	8.073949999999995	11.392675014261583	0.19867594439767675	6.638795773104672	2016-02-01	ep_star-ne_star	south	2016
2015-09-01	A/Taiwan/315/2015_EPI630429	0.00045700000000000005	5.772595000000005	6.062087999999997	-3.781404757603925	1.905238782175852e-05	5.653030317261511	2016-02-01	ep_star-ne_star	south	2016
2015-09-01	A/Taiwan/482/2015_EPI630435	0.0015140000000000002	5.656692000000006	6.045029999999998	1.729588736531348	0.000627200816603584	5.426737857773841	2016-02-01	ep_star-ne_star	south	2016
2015-09-01	A/Taiwan/504/2015_EPI630437	0.000933	15.256890000000004	17.131185999999975	-7.002433516847337	1.0163663240096896e-05	17.845878723435163	2016-02-01	ep_star-ne_star	south	2016
2015-09-01	A/Taiwan/552/2015_EPI630439	0.001945	8.090012	8.563169	1.729588736531348	0.0008057500583183425	8.02888275550056	2016-02-01	ep_star-ne_star	south	2016
2015-09-01	A/Taiwan/553/2015_EPI630441	0.002575	4.786295000000001	4.907471999999998	-1.4914400227120639	0.00027873620528058867	5.3957364732781326	2016-02-01	ep_star-ne_star	south	2016
2015-09-01	A/Taiwan/581/2015_EPI630443	0.0018670000000000002	6.252027000000004	6.243080999999997	-1.4914400227120639	0.00020209727971217826	6.6915790346263915	2016-02-01	ep_star-ne_star	south	2016
2015-09-01	A/Taiwan/724/2015_EPI630447	0.0055060000000000005	5.440693000000003	5.736979000000002	1.729588736531348	0.0022809562062214885	5.583730963946427	2016-02-01	ep_star-ne_star	south	2016
2015-09-01	A/Taiwan/725/2015_EPI630449	0.0069099999999999995	7.599690999999999	8.006161999999994	8.171646255018171	0.04192643804351974	7.23438904714541	2016-02-01	ep_star-ne_star	south	2016
2015-09-01	A/Taiwan/770/2015_EPI630451	0.00806	5.772595000000005	6.062087999999997	-3.781404757603925	0.0003360224197885638	5.653030317261511	2016-02-01	ep_star-ne_star	south	2016
2015-09-01	A/Taiwan/772/2015_EPI630453	0.009339	5.7431240000000034	5.8707829999999985	1.729588736531348	0.0038688430820745506	6.287240538736734	2016-02-01	ep_star-ne_star	south	2016
2015-09-01	A/Taiwan/775/2015_EPI630455	0.010169	15.256890000000004	17.131185999999975	-7.002433516847337	0.00011077630384624365	17.845878723435163	2016-02-01	ep_star-ne_star	south	2016
2015-09-01	A/Taiwan/805/2015_EPI630457	0.015009999999999999	4.914059000000002	5.079167999999996	1.729588736531348	0.006218153406353893	4.880388001172011	2016-02-01	ep_star-ne_star	south	2016
2015-09-01	A/Tocantins/16261/2015_EPI579956	0.000248	14.250447000000003	15.405922999999994	1.729588736531348	0.0001027383107778658	16.077412901319807	2016-02-01	ep_star-ne_star	south	2016
2015-09-01	A/Tocantins/37342/2015_EPI590424	0.001648	13.262137000000005	14.425197999999988	-1.4914400227120639	0.00017839117137957673	15.0856227797719	2016-02-01	ep_star-ne_star	south	2016
2015-09-01	A/Tocantins/4622/2015_EPI573567	4.5e-05	4.259661000000002	4.249661000000003	-1.4914400227120639	4.87111815053456e-06	4.692393510503713	2016-02-01	ep_star-ne_star	south	2016
2015-09-01	A/Tocantins/49746/2015_EPI621005	0.007585	13.262137000000005	14.425197999999988	-1.4914400227120639	0.0008210540260401028	15.0856227797719	2016-02-01	ep_star-ne_star	south	2016
2015-09-01	A/Tsiroanomandidy/1384/2015_EPI621801	0.001648	10.885816999999996	11.00353399999999	-1.4914400227120639	0.00017839117137957673	12.408844214368344	2016-02-01	ep_star-ne_star	south	2016
2015-09-01	A/Tula/CRIE-128/2015_EPI623920	0.00011499999999999999	4.930250000000001	5.205537999999998	-7.002433516847337	1.2527559191973665e-06	4.9774441080785605	2016-02-01	ep_star-ne_star	south	2016
2015-09-01	A/Ulsan/13/2015_EPI569836	1.2e-05	5.259627000000002	5.214590999999996	-7.002433516847337	1.3072235678581218e-07	5.692393249058998	2016-02-01	ep_star-ne_star	south	2016
2015-09-01	A/Valparaiso/42142/2015_EPI639260	0.022103	4.914059000000002	5.079167999999996	1.729588736531348	0.00915655194807729	4.880388001172011	2016-02-01	ep_star-ne_star	south	2016
2015-09-01	A/Victoria/508/2015_EPI636281	0.004033	15.663924999999999	17.29517099999998	1.729588736531348	0.0016707403522868256	18.2516534980504	2016-02-01	ep_star-ne_star	south	2016
2015-09-01	A/Virginia/03/2015_EPI578681	1.8e-05	4.697095000000004	4.750326999999994	-1.4914400227120639	1.9484472602138235e-06	5.360385978486868	2016-02-01	ep_star-ne_star	south	2016
2015-09-01	A/Xinjiang-Tianshan/113/2015_EPI586377	1.4999999999999999e-05	12.776701	13.037580999999996	4.95061749577476	2.3781354623755892e-05	14.392212092607158	2016-02-01	ep_star-ne_star	south	2016
2015-09-01	A/YAMAGATA/76/2015_EPI624910	0.004485	6.159259000000005	6.090966999999998	-7.002433516847337	4.88574808486973e-05	6.531812494482891	2016-02-01	ep_star-ne_star	south	2016
2015-09-01	A/YAMAGUCHI/26/2015_EPI624894	0.004485	7.300803000000001	7.697261999999995	4.95061749577476	0.007110625032503013	7.462312565605195	2016-02-01	ep_star-ne_star	south	2016
2015-09-01	A/YOKOHAMA/55/2015_EPI576112	0.000103	4.259661000000002	4.249661000000003	-1.4914400227120639	1.1149448211223546e-05	4.692393510503713	2016-02-01	ep_star-ne_star	south	2016
2015-09-01	A/YOKOHAMA/88/2015_EPI624500	0.0037530000000000003	4.930250000000001	5.205537999999998	-7.002433516847337	4.088341708476276e-05	4.9774441080785605	2016-02-01	ep_star-ne_star	south	2016
2016-09-01	A/AICHI/9/2016_EPI726900	4.5e-05	8.811792000000002	7.301126999999985	1.7129757001808694	6.182430637230491e-05	8.393580980297617	2017-02-01	ep_star-ne_star	south	2017
2016-09-01	A/Alaska/06/2016_EPI729922	6.1e-05	6.50218	4.962945999999993	0.6603045618737042	5.404921358671076e-05	6.449143182179448	2017-02-01	ep_star-ne_star	south	2017
2016-09-01	A/Alaska/23/2016_EPI814158	0.02041	12.085549999999982	10.303594999999987	4.870989115102365	0.10453249751544515	10.311152405851649	2017-02-01	ep_star-ne_star	south	2017
2016-09-01	A/Algeria/G0619/2016_EPI758686	0.000787	8.022054	6.061843999999986	-0.720916530803847	0.0003921877149621573	8.280452168227951	2017-02-01	ep_star-ne_star	south	2017
2016-09-01	A/Anhui-Luyang/1311/2016_EPI777975	0.003986	6.9797829999999985	5.761847999999985	0.6603045618737042	0.0035318059894529357	7.064178126367157	2017-02-01	ep_star-ne_star	south	2017
2016-09-01	A/Anhui-Xiangshan/11213/2015_EPI713598	1.2e-05	16.639535999999996	17.372748999999992	0.3317546075033182	9.27230467827615e-06	17.645040883276266	2017-02-01	ep_star-ne_star	south	2017
2016-09-01	A/Argentina/116/2016_EPI814041	0.010503	9.628047999999993	8.157594999999993	-0.720916530803847	0.005233986747455576	9.066153043786535	2017-02-01	ep_star-ne_star	south	2017
2016-09-01	A/Argentina/943/2016_EPI814033	0.011418000000000001	8.369278999999993	6.764968999999989	2.765646838488035	0.02432338263899168	8.091404153300235	2017-02-01	ep_star-ne_star	south	2017
2016-09-01	A/Arges/193894/2016_EPI734088	0.000683	8.668426	7.157607999999984	1.7129757001808694	0.0009383555833840946	8.084812253537931	2017-02-01	ep_star-ne_star	south	2017
2016-09-01	A/Arizona/23/2016_EPI730842	5.1e-05	9.387832999999993	7.594187999999987	1.7129757001808694	7.006754722194556e-05	8.34488623733565	2017-02-01	ep_star-ne_star	south	2017
2016-09-01	A/Arizona/26/2016_EPI718864	5.1e-05	8.523739	6.742981999999985	0.6603045618737042	4.5188686769217194e-05	7.735855224023461	2017-02-01	ep_star-ne_star	south	2017
2016-09-01	A/Arizona/37/2016_EPI747092	0.000145	9.387832999999993	7.594187999999987	1.7129757001808694	0.00019921165386631583	8.34488623733565	2017-02-01	ep_star-ne_star	south	2017
2016-09-01	A/Arizona/50/2016_EPI761367	0.000591	16.929058999999988	18.19099699999997	-3.154808761788564	0.00010682656119672201	17.751501810324577	2017-02-01	ep_star-ne_star	south	2017
2016-09-01	A/Bangkok/175/2016_EPI825071	0.005107	7.326894999999999	5.938466999999986	0.6603045618737042	0.004525071045693965	7.270911937883756	2017-02-01	ep_star-ne_star	south	2017
2016-09-01	A/Barcelona/2045247/2016_EPI824799	0.000359	10.421568999999993	8.493476999999993	1.7129757001808694	0.0004932205775034992	10.065843561610434	2017-02-01	ep_star-ne_star	south	2017
2016-09-01	A/Bari/11/2016_EPI773591	7.3e-05	7.95638	5.979756999999988	-0.720916530803847	3.63782759748888e-05	8.239787703497042	2017-02-01	ep_star-ne_star	south	2017
2016-09-01	A/Belgium/S0012/2016_EPI731462	2.7000000000000002e-05	8.811828000000002	7.301126999999985	1.7129757001808694	3.709458382338295e-05	8.393630439742715	2017-02-01	ep_star-ne_star	south	2017
2016-09-01	A/Berlin/52/2016_EPI745997	0.000171	9.298077000000005	7.629864999999996	-2.1021376234813984	4.792642916439287e-05	9.463853660996946	2017-02-01	ep_star-ne_star	south	2017
2016-09-01	A/Bourgogne/2294/2016_EPI770595	0.002735	8.792152000000002	7.299324999999985	2.765646838488035	0.005826278815698216	8.362460635526322	2017-02-01	ep_star-ne_star	south	2017
2016-09-01	A/Brazil/4182/2016_EPI767201	2e-05	10.643964999999994	9.124970999999992	3.8183179767952	6.606190959391491e-05	10.04476329947274	2017-02-01	ep_star-ne_star	south	2017
2016-09-01	A/Brazil/6359/2016_EPI824886	0.018317	9.332174999999992	7.764895999999993	3.8183179767952	0.06050279990158696	8.969968223845532	2017-02-01	ep_star-ne_star	south	2017
2016-09-01	A/Brisbane/30/2016_EPI813315	7.7e-05	7.811896999999994	6.301139999999994	0.6603045618737042	6.822605649470046e-05	7.3937046289103545	2017-02-01	ep_star-ne_star	south	2017
2016-09-01	A/Brisbane/6/2016_EPI765205	1.9e-05	10.125527999999992	8.822511999999994	-0.720916530803847	9.468318404423112e-06	9.711767982172466	2017-02-01	ep_star-ne_star	south	2017
2016-09-01	A/Bucuresti/191271/2016_EPI712975	0.000153	8.668426	7.157607999999984	1.7129757001808694	0.00021020264166583672	8.084812253537931	2017-02-01	ep_star-ne_star	south	2017
2016-09-01	A/Bulgaria/696/2016_EPI746069	0.000324	7.326894999999999	5.938466999999986	0.6603045618737042	0.00028708106888679163	7.270911937883756	2017-02-01	ep_star-ne_star	south	2017
2016-09-01	A/CHIBA-C/80/2016_EPI773992	0.001678	9.410408000000002	7.510482999999988	1.7129757001808694	0.0023053596909495032	9.064837639242413	2017-02-01	ep_star-ne_star	south	2017
2016-09-01	A/CHIBA-C/86/2016_EPI774000	0.0025280000000000003	8.038822	6.052432999999986	-0.720916530803847	0.0012597846803358752	8.293229237512895	2017-02-01	ep_star-ne_star	south	2017
2016-09-01	A/California/05/2016_EPI711258	1.6e-05	8.823480000000002	7.294466999999987	1.7129757001808694	2.1981975599041747e-05	8.439184125031229	2017-02-01	ep_star-ne_star	south	2017
2016-09-01	A/California/105/2016_EPI775816	0.0025280000000000003	15.868610999999989	17.12456499999999	-4.207479900095729	0.00029470102254342863	16.76191859521869	2017-02-01	ep_star-ne_star	south	2017
2016-09-01	A/California/11/2016_EPI715198	2.1e-05	9.911740999999997	8.301113999999993	2.765646838488035	4.473559602547076e-05	9.522818058977654	2017-02-01	ep_star-ne_star	south	2017
2016-09-01	A/California/131/2015_EPI711274	1.3000000000000001e-05	9.523697999999994	7.7314139999999885	-1.7735876691110124	4.1780671054267465e-06	8.735846867889256	2017-02-01	ep_star-ne_star	south	2017
2016-09-01	A/Canberra/5/2016_EPI793171	0.000277	9.422302000000002	7.49565999999999	0.6603045618737042	0.0002454365928445718	9.066830002765446	2017-02-01	ep_star-ne_star	south	2017
2016-09-01	A/Canberra/7/2016_EPI793168	0.002843	8.016101999999995	6.900306999999988	1.7129757001808694	0.0039059222892547305	8.047634660496357	2017-02-01	ep_star-ne_star	south	2017
2016-09-01	A/Cankiri/2395/2015_87_EPI715826	1.3000000000000001e-05	13.222403000000003	13.534082999999978	0.6603045618737042	1.1518684862741639e-05	14.055267045861566	2017-02-01	ep_star-ne_star	south	2017
2016-09-01	A/Chiang_Mai/67/2016_EPI813849	0.00013700000000000002	7.228524999999998	5.728124999999987	0.6603045618737042	0.0001213892173996619	7.242182515176834	2017-02-01	ep_star-ne_star	south	2017
2016-09-01	A/Colombia/7207/2015_EPI711051	1.2e-05	7.915102999999994	6.296569999999995	1.7129757001808694	1.648648169928131e-05	7.526207736223962	2017-02-01	ep_star-ne_star	south	2017
2016-09-01	A/Connecticut/09/2015_EPI770937	1e-05	8.523739	6.742981999999985	0.6603045618737042	8.860526817493568e-06	7.735855224023461	2017-02-01	ep_star-ne_star	south	2017
2016-09-01	A/Cote_D_Ivoire/544/2016_EPI781596	0.00243	8.802304999999999	7.033874999999995	-3.154808761788564	0.00043923611456520207	8.89743712551014	2017-02-01	ep_star-ne_star	south	2017
2016-09-01	A/Cote_D_Ivoire/591/2016_EPI781598	0.00344	8.26395999999999	6.096004999999989	-4.207479900095729	0.0004010172142204883	8.265412143416897	2017-02-01	ep_star-ne_star	south	2017
2016-09-01	A/Cote_D_Ivoire/695/2016_EPI781614	0.007111	9.164304	6.888678999999996	-3.154808761788564	0.0012853530908119967	9.066156709261724	2017-02-01	ep_star-ne_star	south	2017
2016-09-01	A/Cote_D_Ivoire/697/2016_EPI781616	0.006670000000000001	8.26395999999999	6.096004999999989	-4.207479900095729	0.0007775537264100747	8.265412143416897	2017-02-01	ep_star-ne_star	south	2017
2016-09-01	A/Dnipro/767/2016_EPI775593	0.007111	7.811896999999994	6.301139999999994	0.6603045618737042	0.0063007206199196765	7.3937046289103545	2017-02-01	ep_star-ne_star	south	2017
2016-09-01	A/Dnipro/768/2016_EPI773607	0.005285	9.137130999999997	7.953633999999992	-0.720916530803847	0.0026336875140724283	8.696876939147595	2017-02-01	ep_star-ne_star	south	2017
2016-09-01	A/Ethiopia/1797/2016_EPI730935	3.3e-05	6.915141999999994	5.301152999999992	0.6603045618737042	2.9239738497728775e-05	6.526240709187367	2017-02-01	ep_star-ne_star	south	2017
2016-09-01	A/FUKUI/48/2016_EPI772657	0.000787	6.50218	4.962945999999993	0.6603045618737042	0.0006973234605367438	6.449143182179448	2017-02-01	ep_star-ne_star	south	2017
2016-09-01	A/FUKUOKA-C/17/2015_EPI717516	1.3000000000000001e-05	6.50218	4.962945999999993	0.6603045618737042	1.1518684862741639e-05	6.449143182179448	2017-02-01	ep_star-ne_star	south	2017
2016-09-01	A/FUKUSHIMA/113/2016_EPI774056	0.001984	6.50218	4.962945999999993	0.6603045618737042	0.001757928520590724	6.449143182179448	2017-02-01	ep_star-ne_star	south	2017
2016-09-01	A/FUKUSHIMA/74/2016_EPI765003	0.00020099999999999998	8.042404	6.067335999999986	-4.207479900095729	2.343152908672039e-05	8.295357413974084	2017-02-01	ep_star-ne_star	south	2017
2016-09-01	A/Fes/238/2016_EPI746029	5.1e-05	6.915141999999994	5.301152999999992	0.6603045618737042	4.5188686769217194e-05	6.526240709187367	2017-02-01	ep_star-ne_star	south	2017
2016-09-01	A/Florida/25/2016_EPI727387	0.000263	14.212886999999997	15.382830999999994	0.6603045618737042	0.0002330318553000808	15.285050374387112	2017-02-01	ep_star-ne_star	south	2017
2016-09-01	A/Florida/51/2016_EPI761510	0.0017510000000000002	14.212886999999997	15.382830999999994	0.6603045618737042	0.001551478245743124	15.285050374387112	2017-02-01	ep_star-ne_star	south	2017
2016-09-01	A/Friuli-Venezia_Giulia/10/2016_EPI773609	0.00037799999999999997	8.955608999999995	6.972907999999991	0.3317546075033182	0.00029207759736569864	9.239203548302314	2017-02-01	ep_star-ne_star	south	2017
2016-09-01	A/Gansu-Chengguan/1657/2016_EPI777976	0.0031899999999999997	6.50218	4.962945999999993	0.6603045618737042	0.0028265080547804473	6.449143182179448	2017-02-01	ep_star-ne_star	south	2017
2016-09-01	A/Georgia/1041/2016_EPI769477	0.0025280000000000003	8.345735999999992	6.872556999999987	2.765646838488035	0.00538531365487572	8.313460203998853	2017-02-01	ep_star-ne_star	south	2017
2016-09-01	A/Georgia/1081/2016_EPI769479	0.003071	7.433248999999997	5.961843999999988	1.7129757001808694	0.004219165441541075	7.369421307375371	2017-02-01	ep_star-ne_star	south	2017
2016-09-01	A/Georgia/1139/2016_EPI773613	0.004933	7.433248999999997	5.961843999999988	1.7129757001808694	0.006777317851879558	7.369421307375371	2017-02-01	ep_star-ne_star	south	2017
2016-09-01	A/Georgia/57/2016_EPI787227	0.012055	15.395503999999999	16.434645999999976	-3.154808761788564	0.0021790087905693466	16.679726782848714	2017-02-01	ep_star-ne_star	south	2017
2016-09-01	A/Georgia/864/2016_EPI769475	0.0005099999999999	13.222403000000003	13.534082999999978	0.6603045618737042	0.00045188686769208325	14.055267045861566	2017-02-01	ep_star-ne_star	south	2017
2016-09-01	A/Georgia/NCDC1045/2016_EPI825047	0.00243	7.433248999999997	5.961843999999988	1.7129757001808694	0.003338512544104465	7.369421307375371	2017-02-01	ep_star-ne_star	south	2017
2016-09-01	A/Ghana/DILI-16-0135/2016_EPI769541	0.000103	9.807067999999997	8.225650999999988	1.7129757001808694	0.00014150896791883123	9.277377944504956	2017-02-01	ep_star-ne_star	south	2017
2016-09-01	A/Ghana/DILI-16-0320/2016_EPI769547	0.0017510000000000002	7.402932999999997	5.848211999999986	-1.7735876691110124	0.0005627535001232486	7.365142742210357	2017-02-01	ep_star-ne_star	south	2017
2016-09-01	A/Ghana/FS-16-0203/2016_EPI769543	0.000162	8.649777999999994	7.1132109999999855	-1.7735876691110124	5.206514392916407e-05	8.334385172975193	2017-02-01	ep_star-ne_star	south	2017
2016-09-01	A/Ghana/FS-16-0360/2016_EPI769545	0.001037	8.816017000000002	7.226167999999985	0.6603045618737042	0.0009188366309740829	8.29590447468843	2017-02-01	ep_star-ne_star	south	2017
2016-09-01	A/Guangdong-Zhongshan/1215/2016_EPI777809	0.000651	8.455905999999993	6.8942149999999875	-0.720916530803847	0.00032441448848839185	8.407063563953596	2017-02-01	ep_star-ne_star	south	2017
2016-09-01	A/HOKKAIDO/20/2016_EPI809659	0.001354	8.261567999999999	6.406097999999985	-1.7735876691110124	0.0004351617585190626	7.90611747610835	2017-02-01	ep_star-ne_star	south	2017
2016-09-01	A/Hawaii/16/2016_EPI747624	0.00022400000000000002	8.453567999999997	6.407237999999991	0.6603045618737042	0.00019847580071185594	8.369602626055883	2017-02-01	ep_star-ne_star	south	2017
2016-09-01	A/Hebei-Hejian/1101/2016_EPI769075	0.000236	15.639534999999993	16.375713999999974	0.6603045618737042	0.0002091084328928482	16.64691541734609	2017-02-01	ep_star-ne_star	south	2017
2016-09-01	A/Hebei-Jizhou/1121/2016_EPI769066	0.00019099999999999998	14.952358999999998	15.489750999999993	0.6603045618737042	0.00016923606221412712	15.912569404853324	2017-02-01	ep_star-ne_star	south	2017
2016-09-01	A/Hebei-Lunan/1410/2016_EPI777794	0.000947	7.444333999999996	5.870812999999986	0.6603045618737042	0.0008390918896166409	7.399117094539111	2017-02-01	ep_star-ne_star	south	2017
2016-09-01	A/Hebei-Taocheng/196/2016_EPI769051	0.000109	13.186585999999998	13.526611999999975	1.7129757001808694	0.0001497522087684719	14.073901526386503	2017-02-01	ep_star-ne_star	south	2017
2016-09-01	A/Hebei-Xinhua/1103/2016_EPI769072	5.400000000000001e-05	7.420102999999997	5.9590969999999865	1.7129757001808694	7.418916764676591e-05	7.33637617250283	2017-02-01	ep_star-ne_star	south	2017
2016-09-01	A/Hebei-Yuhua/1128/2016_EPI769063	0.000212	8.183744999999991	6.72476599999999	1.7129757001808694	0.00029126117668730315	8.200341140398313	2017-02-01	ep_star-ne_star	south	2017
2016-09-01	A/Heilongjiang-Gongnong/1115/2016_EPI769093	0.000153	6.9797829999999985	5.761847999999985	0.6603045618737042	0.00013556606030765158	7.064178126367157	2017-02-01	ep_star-ne_star	south	2017
2016-09-01	A/Heilongjiang-Longsha/1274/2016_EPI777686	0.002154	7.402932999999997	5.848211999999986	-1.7735876691110124	0.0006922735803914778	7.365142742210357	2017-02-01	ep_star-ne_star	south	2017
2016-09-01	A/Heilongjiang-Longsha/137/2016_EPI769246	3.1e-05	6.50218	4.962945999999993	0.6603045618737042	2.746763313423006e-05	6.449143182179448	2017-02-01	ep_star-ne_star	south	2017
2016-09-01	A/Heilongjiang-Saertu/1102/2016_EPI769084	7.3e-05	10.227026000000002	8.405993999999993	0.3317546075033182	5.64065201261799e-05	9.89630095876467	2017-02-01	ep_star-ne_star	south	2017
2016-09-01	A/Heilongjiang-Yichun/1634/2016_EPI817112	0.0064569999999999	6.9797829999999985	5.761847999999985	0.6603045618737042	0.0057212421660555075	7.064178126367157	2017-02-01	ep_star-ne_star	south	2017
2016-09-01	A/Henan-Xigong/1691/2015_EPI697006	1.2e-05	8.491147999999992	6.958886999999988	2.765646838488035	2.5563197728840434e-05	8.440715164558277	2017-02-01	ep_star-ne_star	south	2017
2016-09-01	A/Hong_Kong/1704/2016_EPI813993	0.009361	8.016101999999995	6.900306999999988	1.7129757001808694	0.012860829598914362	8.047634660496357	2017-02-01	ep_star-ne_star	south	2017
2016-09-01	A/Hong_Kong/1705/2016_EPI814001	0.009087999999999999	7.309378999999996	5.927617999999987	-1.7735876691110124	0.0029207902964706353	7.372952191066397	2017-02-01	ep_star-ne_star	south	2017
2016-09-01	A/Hong_Kong/1706/2016_EPI814009	0.009087999999999999	6.50218	4.962945999999993	0.6603045618737042	0.008052446771738152	6.449143182179448	2017-02-01	ep_star-ne_star	south	2017
2016-09-01	A/Hong_Kong/4801/2014_15/192_EPI741474	0.0044399999999999995	9.344434999999995	8.09994299999999	1.7129757001808694	0.006099998228734084	9.072693171307586	2017-02-01	ep_star-ne_star	south	2017
2016-09-01	A/Hong_Kong/4801/2014_X-263A_15/188_EPI731467	0.0023350000000000003	10.197562	9.023881999999992	2.765646838488035	0.0049741722247368695	9.786767728800047	2017-02-01	ep_star-ne_star	south	2017
2016-09-01	A/Hong_Kong/50/2016_EPI699736	1.3000000000000001e-05	7.326894999999999	5.938466999999986	0.6603045618737042	1.1518684862741639e-05	7.270911937883756	2017-02-01	ep_star-ne_star	south	2017
2016-09-01	A/Hong_Kong/7127/2014_X-261_15/196_EPI743790	0.004933	9.319694999999994	8.08469299999999	0.6603045618737042	0.004370897879069576	9.065760266329322	2017-02-01	ep_star-ne_star	south	2017
2016-09-01	A/Hong_Kong/98/2016_EPI718988	1.6e-05	8.043845999999998	6.069030999999986	-0.720916530803847	7.973320761619463e-06	8.295732860232043	2017-02-01	ep_star-ne_star	south	2017
2016-09-01	A/ISHIKAWA/84/2016_EPI809639	0.001542	9.373043000000001	7.4184019999999915	0.6603045618737042	0.0013662932352575081	9.024217716615572	2017-02-01	ep_star-ne_star	south	2017
2016-09-01	A/Iceland/59/2016_8561_EPI773617	0.007573000000000001	10.233379999999997	9.095982999999995	-0.720916530803847	0.003773872382984012	9.941575652329881	2017-02-01	ep_star-ne_star	south	2017
2016-09-01	A/Iceland/9348/2016_EPI773962	0.011106999999999999	9.749663	8.286406999999993	2.765646838488035	0.023660869764519223	9.285910804250747	2017-02-01	ep_star-ne_star	south	2017
2016-09-01	A/Idaho/31/2016_EPI814089	0.008822	14.212886999999997	15.382830999999994	0.6603045618737042	0.007816756758392825	15.285050374387112	2017-02-01	ep_star-ne_star	south	2017
2016-09-01	A/Idaho/33/2016_EPI814081	0.01711	18.139905	19.43578199999996	-2.1021376234813984	0.0047954456315951	18.992610393967027	2017-02-01	ep_star-ne_star	south	2017
2016-09-01	A/Illinois/09/2016_EPI752850	0.000162	8.638843000000001	7.155805999999982	1.7129757001808694	0.0002225675029402977	8.04210021966704	2017-02-01	ep_star-ne_star	south	2017
2016-09-01	A/Istanbul/1946182/2016_EPI781620	0.000536	14.220913999999997	14.532374999999982	-1.7735876691110124	0.00017226492065451813	15.054875652962075	2017-02-01	ep_star-ne_star	south	2017
2016-09-01	A/Jiangsu-Chongchuan/18/2016_EPI713670	2e-05	8.911274000000002	7.225634999999983	1.7129757001808694	2.7477469498802183e-05	8.522535610401032	2017-02-01	ep_star-ne_star	south	2017
2016-09-01	A/Jiangsu-Sucheng/1309/2016_EPI777677	0.0038439999999999998	14.897584999999998	15.486123999999998	1.7129757001808694	0.005281169637669779	15.86113204063028	2017-02-01	ep_star-ne_star	south	2017
2016-09-01	A/Jiangxi-Yuehu/1299/2016_EPI777692	0.0031899999999999997	7.488008999999997	5.9588999999999865	1.7129757001808694	0.004382656385058948	7.436409197766399	2017-02-01	ep_star-ne_star	south	2017
2016-09-01	A/Jilin-Longshan/192/2016_EPI769111	0.000109	7.911854999999993	6.301139999999994	0.6603045618737042	9.65797423106799e-05	7.522997001361751	2017-02-01	ep_star-ne_star	south	2017
2016-09-01	A/Jilin-Ningjiang/1222/2016_EPI777821	0.0014140000000000001	7.228524999999998	5.728124999999987	0.6603045618737042	0.0012528784919935904	7.242182515176834	2017-02-01	ep_star-ne_star	south	2017
2016-09-01	A/Jilin-Tiexi/117/2016_EPI769216	2.3e-05	7.491615999999997	5.962932999999986	0.6603045618737042	2.0379211680235205e-05	7.4438684370086285	2017-02-01	ep_star-ne_star	south	2017
2016-09-01	A/Jordan/20080/2016_EPI715846	3.1e-05	6.915141999999994	5.301152999999992	0.6603045618737042	2.746763313423006e-05	6.526240709187367	2017-02-01	ep_star-ne_star	south	2017
2016-09-01	A/Jordan/20113/2016_EPI769489	4e-05	8.816017000000002	7.226167999999985	0.6603045618737042	3.544210726997427e-05	8.29590447468843	2017-02-01	ep_star-ne_star	south	2017
2016-09-01	A/Jordan/20312/2016_EPI769493	0.000536	7.811896999999994	6.301139999999994	0.6603045618737042	0.0004749242374176552	7.3937046289103545	2017-02-01	ep_star-ne_star	south	2017
2016-09-01	A/KANAGAWA/104/2016_EPI809641	0.000103	7.326894999999999	5.938466999999986	0.6603045618737042	9.126342622018375e-05	7.270911937883756	2017-02-01	ep_star-ne_star	south	2017
2016-09-01	A/KANAGAWA/12/2016_EPI726892	2.6000000000000002e-05	6.50218	4.962945999999993	0.6603045618737042	2.3037369725483278e-05	6.449143182179448	2017-02-01	ep_star-ne_star	south	2017
2016-09-01	A/KANAGAWA/147/2016_EPI809643	0.000171	6.50218	4.962945999999993	0.6603045618737042	0.00015151500857914002	6.449143182179448	2017-02-01	ep_star-ne_star	south	2017
2016-09-01	A/KANAGAWA/171/2016_EPI809645	0.000536	11.116995999999986	9.275635999999988	0.6603045618737042	0.0004749242374176552	10.850511379402757	2017-02-01	ep_star-ne_star	south	2017
2016-09-01	A/KANAGAWA/196/2016_EPI778009	0.008822	8.95671399999999	7.776058999999996	1.7129757001808694	0.012120311795921644	8.989160546519113	2017-02-01	ep_star-ne_star	south	2017
2016-09-01	A/KANAGAWA/197/2016_EPI809649	0.013396000000000002	9.20372199999999	7.313964999999992	-1.7735876691110124	0.004305337457253592	8.856091388468018	2017-02-01	ep_star-ne_star	south	2017
2016-09-01	A/KANAGAWA/AC21/2016_EPI743785	0.0008640000000000001	9.168980999999993	7.403522999999991	-0.720916530803847	0.00043055932112745103	8.814340750747377	2017-02-01	ep_star-ne_star	south	2017
2016-09-01	A/KANAGAWA/AC25/2016_EPI743787	0.001037	6.50218	4.962945999999993	0.6603045618737042	0.0009188366309740829	6.449143182179448	2017-02-01	ep_star-ne_star	south	2017
2016-09-01	A/KANAGAWA/ZC18/2016_EPI772663	0.0041329999999999995	9.005610999999993	7.867674999999995	2.765646838488035	0.008804391351108125	9.020660103975969	2017-02-01	ep_star-ne_star	south	2017
2016-09-01	A/KOBE/199/2016_EPI778007	3.3e-05	9.538161000000006	8.066305999999992	0.6603045618737042	2.9239738497728775e-05	9.186685482430759	2017-02-01	ep_star-ne_star	south	2017
2016-09-01	A/Kazakhstan/4700/2016_EPI781622	0.000991	7.493204999999997	5.957682999999986	1.7129757001808694	0.001361508613665648	7.431573318904852	2017-02-01	ep_star-ne_star	south	2017
2016-09-01	A/Kentucky/21/2016_EPI767281	0.0025280000000000003	15.207815999999996	16.38281799999998	1.7129757001808694	0.0034731521446485962	16.278104070097825	2017-02-01	ep_star-ne_star	south	2017
2016-09-01	A/Kentucky/25/2016_EPI771121	0.005468	15.956906999999989	17.23928599999999	-0.720916530803847	0.002724882370283451	16.84046927044721	2017-02-01	ep_star-ne_star	south	2017
2016-09-01	A/Kyiv/640/2016_EPI773633	0.001477	7.043893	5.069043999999989	-1.7735876691110124	0.0004746927011319464	7.295748806873568	2017-02-01	ep_star-ne_star	south	2017
2016-09-01	A/Kyiv/641/2016_EPI775555	0.0014140000000000001	7.811896999999994	6.301139999999994	0.6603045618737042	0.0012528784919935904	7.3937046289103545	2017-02-01	ep_star-ne_star	south	2017
2016-09-01	A/Liaoning-Mingshan/136/2016_EPI769024	3.5e-05	7.420102999999997	5.9590969999999865	1.7129757001808694	4.8085571622903814e-05	7.33637617250283	2017-02-01	ep_star-ne_star	south	2017
2016-09-01	A/Louisiana/13/2016_EPI752898	0.0017510000000000002	14.967858000000005	16.23929899999998	-1.7735876691110124	0.0005627535001232486	15.845919035187785	2017-02-01	ep_star-ne_star	south	2017
2016-09-01	A/MIE/25/2016_EPI824390	0.005285	8.481009999999992	6.944035999999987	1.7129757001808694	0.007260921315058477	8.420099496919216	2017-02-01	ep_star-ne_star	south	2017
2016-09-01	A/MIYAGI/22/2016_EPI743781	3.1e-05	8.236705999999991	6.812866999999988	-0.720916530803847	1.544830897563771e-05	8.25178311354456	2017-02-01	ep_star-ne_star	south	2017
2016-09-01	A/MOROCCO/430/2016_EPI730812	0.000122	8.699810999999995	7.166923999999986	2.765646838488035	0.0002598925102432111	8.377229991524992	2017-02-01	ep_star-ne_star	south	2017
2016-09-01	A/Manjakaray/1043/2016_EPI824070	0.0018260000000000001	7.811896999999994	6.301139999999994	0.6603045618737042	0.0016179321968743257	7.3937046289103545	2017-02-01	ep_star-ne_star	south	2017
2016-09-01	A/Massachusetts/28/2016_EPI761638	0.001678	8.523739	6.742981999999985	0.6603045618737042	0.0014867963999754205	7.735855224023461	2017-02-01	ep_star-ne_star	south	2017
2016-09-01	A/Meknes/168/2016_EPI746035	2.1e-05	7.915084999999993	6.301139999999994	1.7129757001808694	2.885134297374229e-05	7.526183006501413	2017-02-01	ep_star-ne_star	south	2017
2016-09-01	A/Mexico/324/2016_EPI747211	5.400000000000001e-05	15.193644999999997	16.382787999999977	1.7129757001808694	7.418916764676591e-05	16.223686915182476	2017-02-01	ep_star-ne_star	south	2017
2016-09-01	A/Michigan/83/2016_EPI824775	0.042992	34.74954300000002	37.09068499999996	0.7943471122657151	0.04028125581927103	34.83680521776462	2017-02-01	ep_star-ne_star	south	2017
2016-09-01	A/Mississippi/14/2016_EPI775910	0.010209000000000001	12.085549999999982	10.303594999999987	4.870989115102365	0.052286735283448287	10.311152405851649	2017-02-01	ep_star-ne_star	south	2017
2016-09-01	A/Missouri/16/2016_EPI824862	0.031232	16.103056999999993	16.99759799999999	-2.1021376234813984	0.008753439974633438	17.226719224349754	2017-02-01	ep_star-ne_star	south	2017
2016-09-01	A/Moramanga/1942/2016_EPI813969	0.004933	7.811896999999994	6.301139999999994	0.6603045618737042	0.004370897879069576	7.3937046289103545	2017-02-01	ep_star-ne_star	south	2017
2016-09-01	A/Moscow/136/2016_EPI781642	0.00243	8.817680000000003	7.298564999999986	2.765646838488035	0.005176547540090188	8.424110888746212	2017-02-01	ep_star-ne_star	south	2017
2016-09-01	A/NAGANO-C/47/2016_EPI774064	0.0022429999999999998	6.9797829999999985	5.761847999999985	0.6603045618737042	0.0019874161651638068	7.064178126367157	2017-02-01	ep_star-ne_star	south	2017
2016-09-01	A/Nebraska/10/2016_EPI722667	0.00024900000000000004	7.040524999999999	5.900815999999988	0.6603045618737042	0.00022062711775558985	7.081168164272689	2017-02-01	ep_star-ne_star	south	2017
2016-09-01	A/Neimenggu-Kundoulun/1140/2016_EPI769135	7.3e-05	8.228363999999992	6.727999999999989	1.7129757001808694	0.00010029276367062798	8.241981929649492	2017-02-01	ep_star-ne_star	south	2017
2016-09-01	A/Netherlands/3061/2016_EPI817066	0.0025280000000000003	8.806655000000003	7.298284999999986	1.7129757001808694	0.0034731521446485962	8.386523392256851	2017-02-01	ep_star-ne_star	south	2017
2016-09-01	A/Netherlands/379/2016_EPI817049	8.2e-05	8.811673000000003	7.301126999999985	1.7129757001808694	0.00011265762494508895	8.393439441289793	2017-02-01	ep_star-ne_star	south	2017
2016-09-01	A/New_Caledonia/71/2014_X-257A_15/194_EPI746473	0.005657	11.13486899999999	9.988399999999988	1.7129757001808694	0.007772002247736197	10.913692646818768	2017-02-01	ep_star-ne_star	south	2017
2016-09-01	A/New_York/18/2016_EPI758551	0.000129	14.212886999999997	15.382830999999994	0.6603045618737042	0.000114300795945667	15.285050374387112	2017-02-01	ep_star-ne_star	south	2017
2016-09-01	A/New_York/58/2016_EPI761781	0.001187	6.50218	4.962945999999993	0.6603045618737042	0.0010517445332364863	6.449143182179448	2017-02-01	ep_star-ne_star	south	2017
2016-09-01	A/New_York/68/2016_EPI775760	0.00243	8.478858999999995	6.263107999999983	-3.154808761788564	0.00043923611456520207	8.999392920123995	2017-02-01	ep_star-ne_star	south	2017
2016-09-01	A/Newcastle/30/2016_EPI793162	0.0017510000000000002	8.038211	6.039118999999985	-4.207479900095729	0.00020412242502909162	8.29494922614366	2017-02-01	ep_star-ne_star	south	2017
2016-09-01	A/Nonthaburi/183/2016_EPI813873	0.013396000000000002	6.50218	4.962945999999993	0.6603045618737042	0.011869561724714385	6.449143182179448	2017-02-01	ep_star-ne_star	south	2017
2016-09-01	A/North_Carolina/14/2016_EPI776084	0.0007509999999999	14.212886999999997	15.382830999999994	0.6603045618737042	0.0006654255639936782	15.285050374387112	2017-02-01	ep_star-ne_star	south	2017
2016-09-01	A/Norway/3545/2016_EPI773579	0.008822	15.93255499999999	17.025277999999986	-0.720916530803847	0.004396289734937931	16.828333876248028	2017-02-01	ep_star-ne_star	south	2017
2016-09-01	A/Norway/3545/2016_EPI824072	0.008822	15.93255499999999	17.025277999999986	-0.720916530803847	0.004396289734937931	16.828333876248028	2017-02-01	ep_star-ne_star	south	2017
2016-09-01	A/Nosy_Be/1060/2016_EPI813937	0.0018260000000000001	7.043893	5.069043999999989	-1.7735876691110124	0.0005868577334237876	7.295748806873568	2017-02-01	ep_star-ne_star	south	2017
2016-09-01	A/OSAKA-C/2007/2016_EPI809679	0.000212	6.50218	4.962945999999993	0.6603045618737042	0.00018784316853086365	6.449143182179448	2017-02-01	ep_star-ne_star	south	2017
2016-09-01	A/OSAKA-C/2008/2016_EPI809681	0.001187	8.391913999999993	6.953521999999989	2.765646838488035	0.0025286263086778	8.324380021293223	2017-02-01	ep_star-ne_star	south	2017
2016-09-01	A/OSAKA/7/2016_EPI743757	4.5e-05	10.494957999999993	9.065107999999993	0.6603045618737042	3.9872370678721056e-05	10.146190558980813	2017-02-01	ep_star-ne_star	south	2017
2016-09-01	A/Ohio/23/2016_EPI776012	0.006670000000000001	15.139470999999995	16.286265999999976	1.7129757001808694	0.009163736077850529	16.096963710589073	2017-02-01	ep_star-ne_star	south	2017
2016-09-01	A/Ohio/24/2016_EPI776020	0.007573000000000001	14.212886999999997	15.382830999999994	0.6603045618737042	0.006710076958887879	15.285050374387112	2017-02-01	ep_star-ne_star	south	2017
2016-09-01	A/Oklahoma/02/2016_EPI712527	3.5e-05	15.053199999999993	15.403910999999978	-0.720916530803847	1.7441639166042574e-05	16.405851771241352	2017-02-01	ep_star-ne_star	south	2017
2016-09-01	A/Oman/1819/2016_EPI769525	0.00020099999999999998	14.221915999999997	14.400215999999984	1.7129757001808694	0.0002761485684629619	15.054679865446296	2017-02-01	ep_star-ne_star	south	2017
2016-09-01	A/Oman/1833/2016_EPI769523	0.00020099999999999998	6.50218	4.962945999999993	0.6603045618737042	0.0001780965890316207	6.449143182179448	2017-02-01	ep_star-ne_star	south	2017
2016-09-01	A/Oman/2279/2016_EPI769527	0.000359	8.353609999999996	6.407237999999991	-1.7735876691110124	0.00011537893006524629	8.240310253604486	2017-02-01	ep_star-ne_star	south	2017
2016-09-01	A/Oman/2758/2016_EPI769533	0.000824	8.736368999999998	6.766250999999988	-4.207479900095729	9.605761177839603e-05	9.08367320208477	2017-02-01	ep_star-ne_star	south	2017
2016-09-01	A/Oman/4554/2016_EPI814341	0.008057	8.560398999999991	6.9997139999999884	0.3317546075033182	0.006225579899405911	8.912477150321196	2017-02-01	ep_star-ne_star	south	2017
2016-09-01	A/Oman/4726/2016_EPI814333	0.009921	8.820473999999997	6.830962999999991	0.3317546075033182	0.007665877892764805	8.84881871680923	2017-02-01	ep_star-ne_star	south	2017
2016-09-01	A/Oman/4800/2016_EPI814357	0.011418000000000001	7.479328999999997	5.962932999999986	1.7129757001808694	0.015686887336866167	7.417769407505712	2017-02-01	ep_star-ne_star	south	2017
2016-09-01	A/Oman/4909/2016_EPI814349	0.013053	7.483733999999997	5.270199999999989	-4.207479900095729	0.001521650493377917	8.000271392353122	2017-02-01	ep_star-ne_star	south	2017
2016-09-01	A/Oregon/12/2016_EPI752706	0.001085	14.967858000000005	16.23929899999998	-1.7735876691110124	0.00034870790841446303	15.845919035187785	2017-02-01	ep_star-ne_star	south	2017
2016-09-01	A/Papeete/1623/2016_EPI770563	0.000341	6.50218	4.962945999999993	0.6603045618737042	0.00030214396447653065	6.449143182179448	2017-02-01	ep_star-ne_star	south	2017
2016-09-01	A/Parma/38/2016_EPI773653	0.000341	9.865435999999999	8.393089999999992	-0.720916530803847	0.0001699313987320148	8.95992118152336	2017-02-01	ep_star-ne_star	south	2017
2016-09-01	A/Pennsylvania/20/2016_EPI747856	0.000462	8.227585999999992	6.728111999999989	1.7129757001808694	0.0006347295454223305	8.240913056085988	2017-02-01	ep_star-ne_star	south	2017
2016-09-01	A/Pennsylvania/73/2016_EPI824902	0.006670000000000001	16.271843999999994	17.37900399999998	3.8183179767952	0.022031646849570624	17.217529604954244	2017-02-01	ep_star-ne_star	south	2017
2016-09-01	A/Peru/5116/2016_EPI814373	0.0042840000000000005	6.915141999999994	5.301152999999992	0.6603045618737042	0.003795849688614244	6.526240709187367	2017-02-01	ep_star-ne_star	south	2017
2016-09-01	A/Peru/6116/2016_EPI814365	0.00263	12.784781	10.605751999999992	1.384425745810483	0.003151007163671685	12.767920873418085	2017-02-01	ep_star-ne_star	south	2017
2016-09-01	A/Peru/9016/2016_EPI814381	0.0068879999999999	11.249206999999993	9.42399199999999	2.765646838488035	0.014673275496354197	10.7189853317183	2017-02-01	ep_star-ne_star	south	2017
2016-09-01	A/Perugia/25/2016_EPI773657	0.001984	10.281262	8.674730999999998	-1.7735876691110124	0.0006376373182435896	9.98836854297214	2017-02-01	ep_star-ne_star	south	2017
2016-09-01	A/Portugal/SU439/2016_EPI824082	9.2e-05	7.811896999999994	6.301139999999994	0.6603045618737042	8.151684672094082e-05	7.3937046289103545	2017-02-01	ep_star-ne_star	south	2017
2016-09-01	A/Rabat/259/2016_EPI746043	5.400000000000001e-05	7.043893	5.069043999999989	-1.7735876691110124	1.7355047976388025e-05	7.295748806873568	2017-02-01	ep_star-ne_star	south	2017
2016-09-01	A/Rwanda/664/2016_EPI824960	0.014457	7.043893	5.069043999999989	-1.7735876691110124	0.004646332011011882	7.295748806873568	2017-02-01	ep_star-ne_star	south	2017
2016-09-01	A/Rwanda/665/2016_EPI824968	0.014457	7.043893	5.069043999999989	-1.7735876691110124	0.004646332011011882	7.295748806873568	2017-02-01	ep_star-ne_star	south	2017
2016-09-01	A/Rwanda/675/2016_EPI824976	0.014821	8.010024	6.0010719999999855	-4.207479900095729	0.0017277546895237957	8.290633869087381	2017-02-01	ep_star-ne_star	south	2017
2016-09-01	A/SAITAMA/44/2016_EPI774024	0.000263	11.579233999999989	9.58344899999999	-2.1021376234813984	7.371140859786739e-05	11.333249168583803	2017-02-01	ep_star-ne_star	south	2017
2016-09-01	A/SAPPORO/44/2016_EPI809667	0.000162	8.248903999999994	6.864556999999987	-4.207479900095729	1.8885112995267182e-05	8.310810945781993	2017-02-01	ep_star-ne_star	south	2017
2016-09-01	A/SAPPORO/69/2016_EPI809671	0.000341	8.220704999999995	6.821767999999987	-1.7735876691110124	0.00010959391407311694	8.285881427785663	2017-02-01	ep_star-ne_star	south	2017
2016-09-01	A/SAPPORO/76/2016_EPI777987	0.000651	7.278550999999996	5.913900999999987	-1.7735876691110124	0.00020922474504867782	7.335907515425992	2017-02-01	ep_star-ne_star	south	2017
2016-09-01	A/SAPPORO/78/2016_EPI809673	0.0007160000000000001	7.278550999999996	5.913900999999987	-1.7735876691110124	0.00023011508057581157	7.335907515425992	2017-02-01	ep_star-ne_star	south	2017
2016-09-01	A/SAPPORO/80/2016_EPI772659	0.000947	8.248118999999994	6.864511999999987	-4.207479900095729	0.00011039630868221	8.310719434586307	2017-02-01	ep_star-ne_star	south	2017
2016-09-01	A/SAPPORO/86/2016_EPI809675	0.0038439999999999998	7.494476999999997	5.962828999999986	1.7129757001808694	0.005281169637669779	7.438580842904105	2017-02-01	ep_star-ne_star	south	2017
2016-09-01	A/SENDAI/76/2016_EPI778003	0.00263	10.149021999999999	8.526128999999996	2.765646838488035	0.005602600835570862	10.146085154429691	2017-02-01	ep_star-ne_star	south	2017
2016-09-01	A/SHIGA/6/2016_EPI743783	4.5e-05	8.32678999999999	6.938405999999987	1.7129757001808694	6.182430637230491e-05	8.270788289271016	2017-02-01	ep_star-ne_star	south	2017
2016-09-01	A/Sachsen/2/2016_EPI731249	4.5e-05	13.222403000000003	13.534082999999978	0.6603045618737042	3.9872370678721056e-05	14.055267045861566	2017-02-01	ep_star-ne_star	south	2017
2016-09-01	A/Serbia-NS/1517/2016_EPI746057	0.000171	8.523739	6.742981999999985	0.6603045618737042	0.00015151500857914002	7.735855224023461	2017-02-01	ep_star-ne_star	south	2017
2016-09-01	A/Serbia-NS/1665/2016_EPI758690	0.000651	7.326894999999999	5.938466999999986	0.6603045618737042	0.0005768202958188313	7.270911937883756	2017-02-01	ep_star-ne_star	south	2017
2016-09-01	A/Shaanxi-Hantai/1357/2016_EPI777797	0.000651	16.80877699999999	17.46582599999999	0.6603045618737042	0.0005768202958188313	17.77016604145863	2017-02-01	ep_star-ne_star	south	2017
2016-09-01	A/Shanxi-Chengqu/174/2016_EPI769129	7.7e-05	7.482937999999997	5.962902999999987	1.7129757001808694	0.00010578825757038841	7.387779722974797	2017-02-01	ep_star-ne_star	south	2017
2016-09-01	A/Shanxi-Taigu/17/2016_EPI769333	2e-05	6.50218	4.962945999999993	0.6603045618737042	1.7721053634987136e-05	6.449143182179448	2017-02-01	ep_star-ne_star	south	2017
2016-09-01	A/Shanxi-Xinghualing/121/2016_EPI713571	2.3e-05	6.50218	4.962945999999993	0.6603045618737042	2.0379211680235205e-05	6.449143182179448	2017-02-01	ep_star-ne_star	south	2017
2016-09-01	A/Shanxi-Xinghualing/14/2016_EPI769267	1.6e-05	8.121015999999996	6.910247999999989	2.765646838488035	3.408426363845392e-05	8.061593219927465	2017-02-01	ep_star-ne_star	south	2017
2016-09-01	A/Shanxi-Yaodou/1327/2016_EPI769144	0.00022400000000000002	6.50218	4.962945999999993	0.6603045618737042	0.00019847580071185594	6.449143182179448	2017-02-01	ep_star-ne_star	south	2017
2016-09-01	A/Singapore/INFEN-16-0057/2016_EPI780584	8.7e-05	7.326894999999999	5.938466999999986	0.6603045618737042	7.708658331219404e-05	7.270911937883756	2017-02-01	ep_star-ne_star	south	2017
2016-09-01	A/Singapore/INFEN-16-0172/2016_EPI780776	0.000563	7.043893	5.069043999999989	-1.7735876691110124	0.00018094244464271215	7.295748806873568	2017-02-01	ep_star-ne_star	south	2017
2016-09-01	A/Singapore/INFGP-16-0022/2016_EPI780536	2.1e-05	10.322645999999992	8.288333999999992	1.7129757001808694	2.885134297374229e-05	9.86757456861026	2017-02-01	ep_star-ne_star	south	2017
2016-09-01	A/Singapore/INFGP-16-0051/2016_EPI780624	2.4e-05	8.32683199999999	6.938453999999988	1.7129757001808694	3.297296339856262e-05	8.270845991956962	2017-02-01	ep_star-ne_star	south	2017
2016-09-01	A/Singapore/INFGP-16-0067/2016_EPI780552	2.8999999999999997e-05	7.043893	5.069043999999989	-1.7735876691110124	9.320303542875048e-06	7.295748806873568	2017-02-01	ep_star-ne_star	south	2017
2016-09-01	A/Singapore/INFGP-16-0159/2016_EPI780568	5.1e-05	8.261567999999999	6.406097999999985	-1.7735876691110124	1.6390878644366466e-05	7.90611747610835	2017-02-01	ep_star-ne_star	south	2017
2016-09-01	A/Singapore/INFGP-16-0192/2016_EPI780576	7.3e-05	10.283180999999997	8.477821999999994	1.7129757001808694	0.00010029276367062798	9.94241796270725	2017-02-01	ep_star-ne_star	south	2017
2016-09-01	A/Singapore/INFGP-16-0344/2016_EPI780640	0.000171	8.039206	6.0689349999999855	-0.720916530803847	8.521486563980802e-05	8.294795705382588	2017-02-01	ep_star-ne_star	south	2017
2016-09-01	A/Singapore/INFGP-16-0405/2016_EPI780648	0.00024900000000000004	7.453580999999999	5.943156999999986	1.7129757001808694	0.00034209449526008726	7.425894770325761	2017-02-01	ep_star-ne_star	south	2017
2016-09-01	A/Singapore/INFGP-16-0422/2016_EPI780656	0.000263	9.579866	7.506021999999986	0.3317546075033182	0.00020321801086555224	9.331647128564539	2017-02-01	ep_star-ne_star	south	2017
2016-09-01	A/Singapore/INFGP-16-0465/2016_EPI780704	0.000324	8.999574999999995	7.067842999999988	0.3317546075033182	0.000250352226313456	9.254466142149044	2017-02-01	ep_star-ne_star	south	2017
2016-09-01	A/Singapore/INFGP-16-0702/2016_EPI780744	0.0007509999999999	9.033109999999995	7.0539659999999875	-3.154808761788564	0.0001357474576289806	9.293808911197864	2017-02-01	ep_star-ne_star	south	2017
2016-09-01	A/Singapore/INFGP-16-0739/2016_EPI780752	0.000947	7.326894999999999	5.938466999999986	0.6603045618737042	0.0008390918896166409	7.270911937883756	2017-02-01	ep_star-ne_star	south	2017
2016-09-01	A/Singapore/INFGP-16-1134/2016_EPI780167	0.011734	6.942021	5.164101999999989	-1.7735876691110124	0.003771187647313649	7.153665767659002	2017-02-01	ep_star-ne_star	south	2017
2016-09-01	A/Singapore/INFGP-16-1170/2016_EPI780169	0.014098	8.391891999999993	6.946843999999988	1.7129757001808694	0.01936886824970566	8.297638436003423	2017-02-01	ep_star-ne_star	south	2017
2016-09-01	A/Singapore/INFGP-16-1220/2016_EPI780928	0.01791	8.622635999999996	6.26222699999999	-3.154808761788564	0.003237332844387971	9.047385854162272	2017-02-01	ep_star-ne_star	south	2017
2016-09-01	A/Singapore/INFGP-16-1252/2016_EPI780222	0.021272	6.942021	5.164101999999989	-1.7735876691110124	0.006836603343587518	7.153665767659002	2017-02-01	ep_star-ne_star	south	2017
2016-09-01	A/Singapore/INFKK-16-0066/2016_EPI780608	4.8e-05	9.284515000000004	7.0958959999999935	0.6603045618737042	4.253052872396912e-05	8.722989658291338	2017-02-01	ep_star-ne_star	south	2017
2016-09-01	A/Singapore/INFKK-16-0105/2016_EPI780616	8.2e-05	7.043893	5.069043999999989	-1.7735876691110124	2.635396174192255e-05	7.295748806873568	2017-02-01	ep_star-ne_star	south	2017
2016-09-01	A/Singapore/INFKK-16-0123/2016_EPI780672	0.000109	8.523228999999995	6.571548999999987	0.3317546075033182	8.422343416100834e-05	8.726184806759417	2017-02-01	ep_star-ne_star	south	2017
2016-09-01	A/Singapore/INFKK-16-0294/2016_EPI780760	0.000563	7.043893	5.069043999999989	-1.7735876691110124	0.00018094244464271215	7.295748806873568	2017-02-01	ep_star-ne_star	south	2017
2016-09-01	A/Singapore/INFKK-16-0491/2016_EPI780808	0.0042840000000000005	7.483730999999997	5.962882999999986	1.7129757001808694	0.005885673966643429	7.423817198542398	2017-02-01	ep_star-ne_star	south	2017
2016-09-01	A/Singapore/INFKK-16-0498/2016_EPI780816	0.004933	7.483730999999997	5.962882999999986	1.7129757001808694	0.006777317851879558	7.423817198542398	2017-02-01	ep_star-ne_star	south	2017
2016-09-01	A/Singapore/INFKK-16-0529/2016_EPI780171	0.007111	7.95638	5.979756999999988	-0.720916530803847	0.0035436427459922502	8.239787703497042	2017-02-01	ep_star-ne_star	south	2017
2016-09-01	A/Singapore/INFKK-16-0542/2016_EPI780177	0.009637999999999999	8.796836999999993	7.862687999999996	2.765646838488035	0.020531508309213676	8.812286703378748	2017-02-01	ep_star-ne_star	south	2017
2016-09-01	A/Singapore/INFMOH-16-0087/2016_EPI780238	0.027114999999999997	6.942021	5.164101999999989	-1.7735876691110124	0.00871448381258817	7.153665767659002	2017-02-01	ep_star-ne_star	south	2017
2016-09-01	A/Singapore/INFNUH-16-0016/2016_EPI780214	0.026657	7.420102999999997	5.9590969999999865	1.7129757001808694	0.03662334522147849	7.33637617250283	2017-02-01	ep_star-ne_star	south	2017
2016-09-01	A/Singapore/INFSGH-16-0119/2016_EPI780720	0.000398	9.432635999999997	7.938756999999995	3.8183179767952	0.0013146320009189067	9.384765914381815	2017-02-01	ep_star-ne_star	south	2017
2016-09-01	A/Singapore/INFTT-16-0131/2016_EPI780784	0.000171	8.417217999999995	6.956241999999989	1.7129757001808694	0.00023493236421475867	8.332433155629756	2017-02-01	ep_star-ne_star	south	2017
2016-09-01	A/Singapore/INFTT-16-0143/2016_EPI780688	0.000171	7.043893	5.069043999999989	-1.7735876691110124	5.495765192522874e-05	7.295748806873568	2017-02-01	ep_star-ne_star	south	2017
2016-09-01	A/Singapore/INFTT-16-0224/2016_EPI780696	0.000263	7.453580999999999	5.943156999999986	1.7129757001808694	0.0003613287239092487	7.425894770325761	2017-02-01	ep_star-ne_star	south	2017
2016-09-01	A/Singapore/INFTT-16-0252/2016_EPI780728	0.00037799999999999997	10.180054999999998	8.867272999999988	3.8183179767952	0.0012485700913249915	10.08474680119004	2017-02-01	ep_star-ne_star	south	2017
2016-09-01	A/Singapore/INFTT-16-0411/2016_EPI780768	0.0014140000000000001	9.033109999999995	7.0539659999999875	-3.154808761788564	0.0002555884222202452	9.293808911197864	2017-02-01	ep_star-ne_star	south	2017
2016-09-01	A/Singapore/INFTT-16-0499/2016_EPI780832	0.0033130000000000004	6.50218	4.962945999999993	0.6603045618737042	0.0029354925346356197	6.449143182179448	2017-02-01	ep_star-ne_star	south	2017
2016-09-01	A/Singapore/INFTT-16-0576/2016_EPI780327	0.013053	6.50218	4.962945999999993	0.6603045618737042	0.011565645654874352	6.449143182179448	2017-02-01	ep_star-ne_star	south	2017
2016-09-01	A/Singapore/INFTT-16-0648/2016_EPI780220	0.020839	7.399541999999998	5.898747999999986	1.7129757001808694	0.028630149344276934	7.295306205724638	2017-02-01	ep_star-ne_star	south	2017
2016-09-01	A/Singapore/INFTT-16-0736/2016_EPI780226	0.027114999999999997	7.399541999999998	5.898747999999986	1.7129757001808694	0.03725257927300105	7.295306205724638	2017-02-01	ep_star-ne_star	south	2017
2016-09-01	A/Slovenia/105/2016_EPI709651	3.1e-05	9.422302000000002	7.49565999999999	0.6603045618737042	2.746763313423006e-05	9.066830002765446	2017-02-01	ep_star-ne_star	south	2017
2016-09-01	A/Slovenia/113/2016_EPI699744	2.3e-05	9.422302000000002	7.49565999999999	0.6603045618737042	2.0379211680235205e-05	9.066830002765446	2017-02-01	ep_star-ne_star	south	2017
2016-09-01	A/Slovenia/1307/2016_EPI773667	0.00124	9.392781000000001	7.9185729999999905	-1.7735876691110124	0.0003985233239022435	8.878975817850463	2017-02-01	ep_star-ne_star	south	2017
2016-09-01	A/Slovenia/1381/2016_EPI773669	0.001477	10.418490999999992	8.495646999999995	1.7129757001808694	0.0020292111224865413	10.062025524162435	2017-02-01	ep_star-ne_star	south	2017
2016-09-01	A/Slovenia/174/2016_EPI709653	3.5e-05	8.666436000000001	7.1533939999999845	-1.7735876691110124	1.1248642206918163e-05	8.085936484853068	2017-02-01	ep_star-ne_star	south	2017
2016-09-01	A/Slovenia/290/2016_EPI709661	5.6999999999999996e-05	9.665834999999994	8.148836999999991	-0.720916530803847	2.8404955213269334e-05	9.085644461980179	2017-02-01	ep_star-ne_star	south	2017
2016-09-01	A/Slovenia/60/2016_EPI709649	2.4e-05	11.42217599999999	9.495403999999988	2.765646838488035	5.112639545768087e-05	11.066625497183608	2017-02-01	ep_star-ne_star	south	2017
2016-09-01	A/Slovenia/815/2016_EPI773673	0.000236	9.665834999999994	8.148836999999991	-0.720916530803847	0.00011760648123388706	9.085644461980179	2017-02-01	ep_star-ne_star	south	2017
2016-09-01	A/Slovenia/852/2016_EPI773675	0.000263	9.144038999999998	7.952295999999992	-4.207479900095729	3.0659164924415236e-05	8.700971429040779	2017-02-01	ep_star-ne_star	south	2017
2016-09-01	A/South_Africa/2843/2016_EPI813881	0.010503	7.9505740000000005	6.049176999999984	-0.720916530803847	0.005233986747455576	8.259051859100435	2017-02-01	ep_star-ne_star	south	2017
2016-09-01	A/South_Africa/3680/2016_EPI813905	0.019561000000000002	8.911436999999998	7.048903999999987	-3.154808761788564	0.0035357603444485268	9.25198033841154	2017-02-01	ep_star-ne_star	south	2017
2016-09-01	A/South_Africa/VW0036/2016_EPI824100	0.015944	7.9505740000000005	6.049176999999984	-0.720916530803847	0.007945414138953794	8.259051859100435	2017-02-01	ep_star-ne_star	south	2017
2016-09-01	A/South_Australia/1/2016_EPI813321	2.1e-05	7.043893	5.069043999999989	-1.7735876691110124	6.7491853241508975e-06	7.295748806873568	2017-02-01	ep_star-ne_star	south	2017
2016-09-01	A/South_Australia/3/2016_EPI765149	1.7e-05	15.222304999999992	15.534008999999992	-4.207479900095729	1.981771116787297e-06	16.055259118777087	2017-02-01	ep_star-ne_star	south	2017
2016-09-01	A/South_Carolina/21/2016_EPI775664	0.012381999999999999	14.212886999999997	15.382830999999994	0.6603045618737042	0.010971104305420533	15.285050374387112	2017-02-01	ep_star-ne_star	south	2017
2016-09-01	A/South_Dakota/21/2016_EPI771315	0.001187	14.967858000000005	16.23929899999998	-1.7735876691110124	0.0003814896657031959	15.845919035187785	2017-02-01	ep_star-ne_star	south	2017
2016-09-01	A/South_Dakota/22/2016_EPI787219	0.001542	7.043893	5.069043999999989	-1.7735876691110124	0.0004955830366590801	7.295748806873568	2017-02-01	ep_star-ne_star	south	2017
2016-09-01	A/Stockholm/24/2016_EPI781630	0.000324	11.583115999999986	9.954850999999989	0.3317546075033182	0.000250352226313456	10.993457021715416	2017-02-01	ep_star-ne_star	south	2017
2016-09-01	A/Stockholm/26/2016_EPI781634	0.002068	9.002009999999995	7.025289999999988	-0.720916530803847	0.0010305517084393155	9.276348871772202	2017-02-01	ep_star-ne_star	south	2017
2016-09-01	A/Sweden/22/2016_EPI753251	0.0007160000000000001	7.043893	5.069043999999989	-1.7735876691110124	0.00023011508057581157	7.295748806873568	2017-02-01	ep_star-ne_star	south	2017
2016-09-01	A/Sydney/20/2016_EPI813318	6.9e-05	7.811896999999994	6.301139999999994	0.6603045618737042	6.113763504070562e-05	7.3937046289103545	2017-02-01	ep_star-ne_star	south	2017
2016-09-01	A/Sydney/29/2016_EPI765146	2.7000000000000002e-05	13.222403000000003	13.534082999999978	0.6603045618737042	2.3923422407232633e-05	14.055267045861566	2017-02-01	ep_star-ne_star	south	2017
2016-09-01	A/Sydney/30/2016_EPI765143	0.00011599999999999999	7.043893	5.069043999999989	-1.7735876691110124	3.7281214171500194e-05	7.295748806873568	2017-02-01	ep_star-ne_star	south	2017
2016-09-01	A/Sydney/52/2016_EPI793142	0.000324	6.50218	4.962945999999993	0.6603045618737042	0.00028708106888679163	6.449143182179448	2017-02-01	ep_star-ne_star	south	2017
2016-09-01	A/Sydney/9/2016_EPI765134	2.4e-05	7.829094999999994	6.288677999999995	1.7129757001808694	3.297296339856262e-05	7.445612251622021	2017-02-01	ep_star-ne_star	south	2017
2016-09-01	A/TOKYO/15567/2016_EPI743767	4.5e-05	7.447450999999997	5.927334999999986	0.6603045618737042	3.9872370678721056e-05	7.361149061971237	2017-02-01	ep_star-ne_star	south	2017
2016-09-01	A/TOKYO/15705/2016_EPI809653	0.000103	8.430888999999995	6.5105349999999875	0.6603045618737042	9.126342622018375e-05	8.074243804255898	2017-02-01	ep_star-ne_star	south	2017
2016-09-01	A/TOKYO/15716/2016_EPI809655	0.000153	6.50218	4.962945999999993	0.6603045618737042	0.00013556606030765158	6.449143182179448	2017-02-01	ep_star-ne_star	south	2017
2016-09-01	A/TOKYO/16109/2016_EPI778011	0.004933	7.394302999999996	5.953534999999987	1.7129757001808694	0.006777317851879558	7.329437273910575	2017-02-01	ep_star-ne_star	south	2017
2016-09-01	A/Talca/14380/2016_EPI775934	0.00044	6.50218	4.962945999999993	0.6603045618737042	0.000389863179969717	6.449143182179448	2017-02-01	ep_star-ne_star	south	2017
2016-09-01	A/Tanzania/2218/2016_EPI825063	0.0046	7.043893	5.069043999999989	-1.7735876691110124	0.001478392975766387	7.295748806873568	2017-02-01	ep_star-ne_star	south	2017
2016-09-01	A/Tanzania/2220/2016_EPI814457	0.0046	7.175340999999999	5.167470999999994	-0.720916530803847	0.0022923297189655955	7.318335393961477	2017-02-01	ep_star-ne_star	south	2017
2016-09-01	A/Tanzania/2228/2016_EPI814473	0.0046	7.043893	5.069043999999989	-1.7735876691110124	0.001478392975766387	7.295748806873568	2017-02-01	ep_star-ne_star	south	2017
2016-09-01	A/Tanzania/2240/2016_EPI814497	0.0042840000000000005	8.035309999999999	6.0689349999999855	-1.7735876691110124	0.0013768338061267834	8.292995139261313	2017-02-01	ep_star-ne_star	south	2017
2016-09-01	A/Tanzania/2915/2016_EPI824854	0.007111	7.043893	5.069043999999989	-1.7735876691110124	0.00228540270666843	7.295748806873568	2017-02-01	ep_star-ne_star	south	2017
2016-09-01	A/Tanzania/2915/2016_EPI824944	0.007111	7.043893	5.069043999999989	-1.7735876691110124	0.00228540270666843	7.295748806873568	2017-02-01	ep_star-ne_star	south	2017
2016-09-01	A/Tasmania/3/2016_EPI813324	0.00018	8.488089999999993	6.962029999999988	2.765646838488035	0.0003834479659326066	8.403546096616578	2017-02-01	ep_star-ne_star	south	2017
2016-09-01	A/Temara/235/2016_EPI746067	4.2e-05	7.913244999999993	6.301139999999994	1.7129757001808694	5.770268594748458e-05	7.5241424624802695	2017-02-01	ep_star-ne_star	south	2017
2016-09-01	A/Texas/173/2016_EPI776060	0.011106999999999999	15.24943099999999	16.412236999999973	-3.154808761788564	0.0020076524792081068	16.577973370314336	2017-02-01	ep_star-ne_star	south	2017
2016-09-01	A/Texas/173/2016_EPI787358	0.011106999999999999	15.24943099999999	16.412236999999973	-3.154808761788564	0.0020076524792081068	16.577973370314336	2017-02-01	ep_star-ne_star	south	2017
2016-09-01	A/Texas/76/2016_EPI752240	0.000308	16.2488	17.41176199999999	-2.1021376234813984	8.63236267990234e-05	17.577800723060722	2017-02-01	ep_star-ne_star	south	2017
2016-09-01	A/Tianjin-Nankai/1405/2016_EPI777812	0.000683	7.228524999999998	5.728124999999987	0.6603045618737042	0.0006051739816348106	7.242182515176834	2017-02-01	ep_star-ne_star	south	2017
2016-09-01	A/Tunisia/407/2016_EPI769551	2.4e-05	10.407339999999992	8.485398999999996	1.7129757001808694	3.297296339856262e-05	10.035774802057253	2017-02-01	ep_star-ne_star	south	2017
2016-09-01	A/Tunisia/559/2016_EPI715872	3.3e-05	11.407192999999992	9.485385999999988	2.765646838488035	7.02987937543112e-05	11.035493606882232	2017-02-01	ep_star-ne_star	south	2017
2016-09-01	A/Tunisia/559/2016_EPI769553	3.3e-05	11.407192999999992	9.485385999999988	2.765646838488035	7.02987937543112e-05	11.035493606882232	2017-02-01	ep_star-ne_star	south	2017
2016-09-01	A/Turkey/TR-32/2016_EPI715886	3.7e-05	6.915141999999994	5.301152999999992	0.6603045618737042	3.278394922472619e-05	6.526240709187367	2017-02-01	ep_star-ne_star	south	2017
2016-09-01	A/Uganda/1610/2016_EPI787101	0.00019099999999999998	9.331642000000002	7.395800999999988	0.6603045618737042	0.00016923606221412712	8.99024336428682	2017-02-01	ep_star-ne_star	south	2017
2016-09-01	A/Vermont/02/2016_EPI719191	9.2e-05	7.043893	5.069043999999989	-1.7735876691110124	2.9567859515327743e-05	7.295748806873568	2017-02-01	ep_star-ne_star	south	2017
2016-09-01	A/Vermont/27/2016_EPI814113	0.0068879999999999	7.043893	5.069043999999989	-1.7735876691110124	0.0022137327863214623	7.295748806873568	2017-02-01	ep_star-ne_star	south	2017
2016-09-01	A/Virginia/32/2016_EPI761880	0.0022429999999999998	8.712241	7.093813999999986	1.7129757001808694	0.0030815982042906643	8.194449194755183	2017-02-01	ep_star-ne_star	south	2017
2016-09-01	A/Virginia/37/2016_EPI767475	0.0041329999999999995	8.712241	7.093813999999986	1.7129757001808694	0.005678219071927471	8.194449194755183	2017-02-01	ep_star-ne_star	south	2017
2016-09-01	A/Virginia/55/2016_EPI771403	0.0041329999999999995	8.712241	7.093813999999986	1.7129757001808694	0.005678219071927471	8.194449194755183	2017-02-01	ep_star-ne_star	south	2017
2016-09-01	A/Vladivostok/105/2016_EPI814386	8.7e-05	6.50218	4.962945999999993	0.6603045618737042	7.708658331219404e-05	6.449143182179448	2017-02-01	ep_star-ne_star	south	2017
2016-09-01	A/WAKAYAMA-C/56/2016_EPI809661	0.000103	7.811896999999994	6.301139999999994	0.6603045618737042	9.126342622018375e-05	7.3937046289103545	2017-02-01	ep_star-ne_star	south	2017
2016-09-01	A/WAKAYAMA-C/91/2016_EPI772647	0.00037799999999999997	7.811896999999994	6.301139999999994	0.6603045618737042	0.0003349279137012568	7.3937046289103545	2017-02-01	ep_star-ne_star	south	2017
2016-09-01	A/WAKAYAMA/4/2016_EPI743761	3.7e-05	6.50218	4.962945999999993	0.6603045618737042	3.278394922472619e-05	6.449143182179448	2017-02-01	ep_star-ne_star	south	2017
2016-09-01	A/Washington/65/2016_EPI776218	0.0025280000000000003	14.212886999999997	15.382830999999994	0.6603045618737042	0.002239941179462374	15.285050374387112	2017-02-01	ep_star-ne_star	south	2017
2016-09-01	A/Wisconsin/33/2016_EPI761935	0.000462	14.506798999999997	15.431312999999998	1.7129757001808694	0.0006347295454223305	15.549617967552614	2017-02-01	ep_star-ne_star	south	2017
2016-09-01	A/YAMAGATA/11/2016_EPI743769	5.1e-05	6.50218	4.962945999999993	0.6603045618737042	4.5188686769217194e-05	6.449143182179448	2017-02-01	ep_star-ne_star	south	2017
2016-09-01	A/YOKOHAMA/109/2016_EPI764999	0.000683	9.373043000000001	7.4184019999999915	0.6603045618737042	0.0006051739816348106	9.024217716615572	2017-02-01	ep_star-ne_star	south	2017
2016-09-01	A/YOKOHAMA/119/2016_EPI765007	0.002955	6.50218	4.962945999999993	0.6603045618737042	0.0026182856745693493	6.449143182179448	2017-02-01	ep_star-ne_star	south	2017
2016-09-01	A/YOKOHAMA/123/2016_EPI774040	0.014098	8.638843000000001	7.155805999999982	1.7129757001808694	0.01936886824970566	8.04210021966704	2017-02-01	ep_star-ne_star	south	2017
2016-09-01	A/YOKOHAMA/24/2016_EPI717518	3.3e-05	8.811816000000002	7.301126999999985	1.7129757001808694	4.5337824673023605e-05	8.393613953261015	2017-02-01	ep_star-ne_star	south	2017
2016-09-01	A/Yunnan-Linxiang/1718/2016_EPI817115	0.01791	6.915141999999994	5.301152999999992	0.6603045618737042	0.01586920353013098	6.526240709187367	2017-02-01	ep_star-ne_star	south	2017
2017-09-01	A/AICHI/155/2017_EPI990898	0.000113	10.420067999999985	11.116116999999994	8.523342171325346	0.0007318459301489485	11.238635892258632	2018-02-01	ep_star-ne_star	south	2018
2017-09-01	A/AICHI/234/2017_EPI1018269	0.000286	11.419484999999982	12.061649999999982	8.523342171325346	0.0018522826196690203	12.234931327019286	2018-02-01	ep_star-ne_star	south	2018
2017-09-01	A/AICHI/315/2017_EPI1013440	0.001925	10.571313999999981	12.486796999999992	-3.897780538389324	7.048469867313418e-05	12.751957358425665	2018-02-01	ep_star-ne_star	south	2018
2017-09-01	A/AKITA/9/2017_EPI1010345	0.000401	8.667661999999988	9.431819999999986	2.4585991604822977	0.000207507476001666	10.68404828022974	2018-02-01	ep_star-ne_star	south	2018
2017-09-01	A/Acre/145968-IEC/2017_EPI1045800	2.4e-05	9.463392999999979	9.662783999999995	-3.897780538389324	8.787702691715431e-07	11.486476123687098	2018-02-01	ep_star-ne_star	south	2018
2017-09-01	A/Amapa/145955-IEC/2017_EPI1045814	5.1e-05	7.528841999999989	8.248991999999989	2.4585991604822977	2.6391225127393932e-05	8.52202934566412	2018-02-01	ep_star-ne_star	south	2018
2017-09-01	A/Amapa/146414-IEC/2017_EPI1045816	3.6e-05	11.210401999999979	11.597229999999985	-0.8654090329678001	4.663291200997816e-06	13.19568592226265	2018-02-01	ep_star-ne_star	south	2018
2017-09-01	A/Amazonas/146292-IEC/2017_EPI1045834	1e-05	9.392344999999988	10.195799999999991	2.4585991604822977	5.174750024979203e-06	10.20070671886906	2018-02-01	ep_star-ne_star	south	2018
2017-09-01	A/Anhui-Xuanzhou/1179/2017_EPI1030195	0.00034700000000000003	8.678965999999987	7.075016999999984	-0.5737723449392265	5.075664743711169e-05	8.425968937373149	2018-02-01	ep_star-ne_star	south	2018
2017-09-01	A/Anhui-Yaohai/1307/2017_EPI1029994	0.001998	8.713307999999985	7.231344999999984	2.4585991604822977	0.0010339150549908448	8.461798220882706	2018-02-01	ep_star-ne_star	south	2018
2017-09-01	A/Ankara/416/2017_EPI1045261	0.000286	9.599011999999991	10.029241999999984	-6.930152043810848	2.9600852926439096e-06	11.05334097009522	2018-02-01	ep_star-ne_star	south	2018
2017-09-01	A/Antananarivo/1563/2017_EPI1050803	0.0015300000000000001	7.7173149999999815	6.231357999999992	-0.5737723449392265	0.00022379732155268265	7.463866050992686	2018-02-01	ep_star-ne_star	south	2018
2017-09-01	A/Antananarivo/1621/2017_EPI1050805	0.001719	9.596181999999992	10.029241999999984	2.4585991604822977	0.0008895395292939249	11.051572474498418	2018-02-01	ep_star-ne_star	south	2018
2017-09-01	A/Antananarivo/2396/2017_EPI1050809	0.005086	10.578594999999988	10.985739999999991	5.490970665903822	0.00931089979547669	12.015027812779945	2018-02-01	ep_star-ne_star	south	2018
2017-09-01	A/Antananarivo/2450/2017_EPI1038845	0.006389	8.59963099999999	9.029254999999985	-0.5737723449392265	0.0009345366584314308	10.053351553557013	2018-02-01	ep_star-ne_star	south	2018
2017-09-01	A/Argentina/1048/2017_EPI1048076	0.012393000000000001	7.7173149999999815	6.231357999999992	-0.5737723449392265	0.0018127583045767295	7.463866050992686	2018-02-01	ep_star-ne_star	south	2018
2017-09-01	A/Argentina/629/2017_EPI1048013	0.007691	8.661179999999987	9.418156999999987	2.4585991604822977	0.003979900244211505	10.681901293997964	2018-02-01	ep_star-ne_star	south	2018
2017-09-01	A/Argentina/97/2017_EPI1047939	0.002858	8.170806999999987	9.182694999999994	-0.5737723449392265	0.0004180475457500438	9.79945893307193	2018-02-01	ep_star-ne_star	south	2018
2017-09-01	A/Arizona/25/2017_EPI1006206	0.001925	7.956457999999989	8.536772999999993	-3.897780538389324	7.048469867313418e-05	9.722163157329001	2018-02-01	ep_star-ne_star	south	2018
2017-09-01	A/Arizona/35/2017_EPI1026822	0.006045	7.018858999999989	7.544676999999989	-6.930152043810848	6.256543913997355e-05	8.76647192627602	2018-02-01	ep_star-ne_star	south	2018
2017-09-01	A/Arizona/35/2017_EPI1049560	0.006045	7.018858999999989	7.544676999999989	-6.930152043810848	6.256543913997355e-05	8.76647192627602	2018-02-01	ep_star-ne_star	south	2018
2017-09-01	A/Arizona/42/2017_EPI1035167	0.011903	9.619138999999986	10.31470099999999	5.490970665903822	0.02179072753943355	11.595366769919996	2018-02-01	ep_star-ne_star	south	2018
2017-09-01	A/Arkansas/04/2017_EPI911696	2.4e-05	8.018799999999988	8.544263999999993	-3.897780538389324	8.787702691715431e-07	9.76647016873549	2018-02-01	ep_star-ne_star	south	2018
2017-09-01	A/Arkansas/17/2017_EPI1003356	0.000607	10.492161999999988	9.119260999999991	-0.8654090329678001	7.862827108349095e-05	10.407473591293243	2018-02-01	ep_star-ne_star	south	2018
2017-09-01	A/Arvaikheer/198/2017_EPI989359	1.6e-05	6.893494999999996	7.079980999999994	-0.5737723449392265	2.340364146956158e-06	8.17894398820213	2018-02-01	ep_star-ne_star	south	2018
2017-09-01	A/Bangkok/35/2017_EPI1044762	0.0024850000000000002	8.65834299999999	9.434683999999988	-6.930152043810848	2.5719622210559848e-05	10.606867674452838	2018-02-01	ep_star-ne_star	south	2018
2017-09-01	A/Bangladesh/1010/2017_EPI1026726	0.002666	9.65776999999998	11.512149999999991	-6.930152043810848	2.7592962902757562e-05	11.765381751553843	2018-02-01	ep_star-ne_star	south	2018
2017-09-01	A/Bangladesh/2016/2017_EPI1017104	0.00044	9.65776999999998	11.512149999999991	-6.930152043810848	4.553977373298322e-06	11.765381751553843	2018-02-01	ep_star-ne_star	south	2018
2017-09-01	A/Bangladesh/3028/2017_EPI1017112	0.000725	9.387293999999997	10.014705999999984	-6.930152043810848	7.503712717366554e-06	11.001768274009642	2018-02-01	ep_star-ne_star	south	2018
2017-09-01	A/Bangladesh/4024/2017_EPI1048192	0.012393000000000001	8.727544999999985	8.616781999999995	-3.897780538389324	0.00045377499774345556	11.304526470303143	2018-02-01	ep_star-ne_star	south	2018
2017-09-01	A/Beijing-Xicheng/1136/2017_EPI943968	2.2e-05	9.675403999999975	8.079654999999983	2.4585991604822977	1.1384450054954246e-05	9.424630810383519	2018-02-01	ep_star-ne_star	south	2018
2017-09-01	A/Brazil/291/2017_EPI1048806	0.0055520000000000005	6.893494999999996	7.079980999999994	-0.5737723449392265	0.000812106358993787	8.17894398820213	2018-02-01	ep_star-ne_star	south	2018
2017-09-01	A/Brazil/321/2017_EPI1048826	6.1e-05	7.893361999999989	8.079967999999983	2.4585991604822977	3.156597515237314e-05	9.178880856251821	2018-02-01	ep_star-ne_star	south	2018
2017-09-01	A/Brisbane/13/2017_EPI1021915	2.2e-05	15.833314999999976	14.876954999999978	2.4585991604822977	1.1384450054954246e-05	16.343240623442966	2018-02-01	ep_star-ne_star	south	2018
2017-09-01	A/Brisbane/22/2017_EPI1022181	2.1e-05	8.639754999999992	9.019565999999983	2.4585991604822977	1.0866975052456325e-05	9.420347576411372	2018-02-01	ep_star-ne_star	south	2018
2017-09-01	A/Brisbane/47/2017_EPI1031569	0.001254	8.642955999999987	9.432009999999986	2.4585991604822977	0.0006489136531323919	10.638948224998854	2018-02-01	ep_star-ne_star	south	2018
2017-09-01	A/California/5675/2017_EPI1030483	1.2e-05	8.636967999999989	9.442034999999986	-0.5737723449392265	1.7552731102171187e-06	10.67121249854015	2018-02-01	ep_star-ne_star	south	2018
2017-09-01	A/Ceara/146082-IEC/2017_EPI1045848	0.000132	10.588440999999982	11.227397999999985	2.166962472453724	6.049087798411083e-05	11.458905737418394	2018-02-01	ep_star-ne_star	south	2018
2017-09-01	A/Ceara/146225-IEC/2017_EPI1045850	5.400000000000001e-05	8.211267999999992	8.597268999999983	-0.5737723449392265	7.898728995977036e-06	10.195888146320977	2018-02-01	ep_star-ne_star	south	2018
2017-09-01	A/Ceara/146225-IEC/2017_EPI1048480	0.000315	8.211267999999992	8.597268999999983	-0.5737723449392265	4.607591914319937e-05	10.195888146320977	2018-02-01	ep_star-ne_star	south	2018
2017-09-01	A/Ceara/146907-IEC/2017_EPI1045858	0.00019099999999999998	6.419755999999987	7.203947999999987	-0.5737723449392265	2.793809700428914e-05	7.918389353278375	2018-02-01	ep_star-ne_star	south	2018
2017-09-01	A/Christchurch/513/2017_EPI1045501	0.01339	12.557923999999975	14.509642999999976	2.166962472453724	0.006136158001570031	14.721049679501883	2018-02-01	ep_star-ne_star	south	2018
2017-09-01	A/Colombia/3756/2017_EPI1017160	0.002761	10.577109999999985	9.206324999999993	8.523342171325346	0.017881651443727848	10.307462457207102	2018-02-01	ep_star-ne_star	south	2018
2017-09-01	A/Connecticut/15/2017_EPI979294	0.0006349999999999	17.35441599999998	17.03456099999998	5.490970665903822	0.0011624894553926006	18.319351985881042	2018-02-01	ep_star-ne_star	south	2018
2017-09-01	A/Ecuador/1614/2017_EPI1047720	0.001719	7.52550599999999	8.248991999999989	2.4585991604822977	0.0008895395292939249	8.520303049055787	2018-02-01	ep_star-ne_star	south	2018
2017-09-01	A/Ecuador/2323/2017_EPI1035231	0.000664	10.437247999999977	11.170048999999983	-10.254160237260944	1.72031086115076e-06	11.019433086646503	2018-02-01	ep_star-ne_star	south	2018
2017-09-01	A/Ecuador/3602/2017_EPI1035247	0.00048300000000000003	8.32184499999999	8.454855999999983	-6.930152043810848	4.999025162052477e-06	10.484016010071661	2018-02-01	ep_star-ne_star	south	2018
2017-09-01	A/Ecuador/626/2017_EPI1038650	0.0009	9.478635999999984	10.321739	-3.897780538389324	3.295388509393286e-05	10.058577102704268	2018-02-01	ep_star-ne_star	south	2018
2017-09-01	A/Ecuador/6675/2017_EPI1035271	4.3e-05	19.700562999999963	19.63137399999998	5.199333977875247	6.971244807794962e-05	20.784455356666644	2018-02-01	ep_star-ne_star	south	2018
2017-09-01	A/England/70180252/2017_EPI1028828	1e-05	6.528954999999992	7.2490049999999915	-0.5737723449392265	1.462727591847599e-06	7.522082128114377	2018-02-01	ep_star-ne_star	south	2018
2017-09-01	A/England/70740140/2017_EPI1030465	0.00011899999999999999	8.661179999999987	9.418156999999987	2.4585991604822977	6.15795252972525e-05	10.681901293997964	2018-02-01	ep_star-ne_star	south	2018
2017-09-01	A/Erzurum/E5/2017_EPI1045211	1.8e-05	6.631202999999993	7.340608999999989	-0.5737723449392265	2.6329096653256783e-06	7.485575353954216	2018-02-01	ep_star-ne_star	south	2018
2017-09-01	A/FUKUOKA-C/17/2017_EPI1043612	0.008501	10.627264999999985	12.512112999999996	-6.930152043810848	8.798491284183873e-05	12.764711766375175	2018-02-01	ep_star-ne_star	south	2018
2017-09-01	A/Fiji/53/2017_EPI1031686	0.00046100000000000004	7.883759999999988	8.055910999999984	-6.930152043810848	4.771326293387561e-06	9.171942871813313	2018-02-01	ep_star-ne_star	south	2018
2017-09-01	A/Fiji/63/2017_EPI1044717	0.0005549999999999	7.883759999999988	8.055910999999984	-6.930152043810848	5.744221459500258e-06	9.171942871813313	2018-02-01	ep_star-ne_star	south	2018
2017-09-01	A/Finland/768/2017_EPI1001239	0.000331	7.6770169999999895	8.444339999999992	-0.5737723449392265	4.8416283290155527e-05	9.690090853387497	2018-02-01	ep_star-ne_star	south	2018
2017-09-01	A/Finland/784/2017_EPI1001376	0.001998	7.6770169999999895	8.444339999999992	-0.5737723449392265	0.00029225297285115034	9.690090853387497	2018-02-01	ep_star-ne_star	south	2018
2017-09-01	A/Florida/10/2017_EPI970195	8.6e-05	9.304371999999988	9.52084999999999	2.4585991604822977	4.450285021482114e-05	11.417847767991983	2018-02-01	ep_star-ne_star	south	2018
2017-09-01	A/Florida/23/2017_EPI979325	0.000725	9.283520999999988	9.38615599999999	-0.5737723449392265	0.00010604775040895093	11.40576104201792	2018-02-01	ep_star-ne_star	south	2018
2017-09-01	A/Fujian-Fengze/1353/2017_EPI1029976	0.003273	13.621847999999972	12.215950999999981	11.55571367674687	0.07499169079020702	12.546347057765502	2018-02-01	ep_star-ne_star	south	2018
2017-09-01	A/Fujian-Licheng/1327/2017_EPI1030006	0.002574	11.131513999999985	9.828211999999976	5.490970665903822	0.004712201351466181	10.85239647809023	2018-02-01	ep_star-ne_star	south	2018
2017-09-01	A/GIFU/48/2017_EPI1037902	0.002151	10.571313999999981	12.486796999999992	-3.897780538389324	7.875978537449955e-05	12.751957358425665	2018-02-01	ep_star-ne_star	south	2018
2017-09-01	A/GUNMA/89/2017_EPI1010355	0.0005059999999999	10.571313999999981	12.486796999999992	-3.897780538389324	1.8527406508363037e-05	12.751957358425665	2018-02-01	ep_star-ne_star	south	2018
2017-09-01	A/Georgia/168/2017_EPI945615	6.1e-05	6.631202999999993	7.340608999999989	-0.5737723449392265	8.922638310270353e-06	7.485575353954216	2018-02-01	ep_star-ne_star	south	2018
2017-09-01	A/Georgia/169/2017_EPI943379	6.1e-05	6.631202999999993	7.340608999999989	-0.5737723449392265	8.922638310270353e-06	7.485575353954216	2018-02-01	ep_star-ne_star	south	2018
2017-09-01	A/Georgia/238/2017_EPI984999	0.000125	7.605661999999988	8.326345999999985	-0.5737723449392265	1.8284094898094987e-05	8.319256393932497	2018-02-01	ep_star-ne_star	south	2018
2017-09-01	A/Georgia/9/2017_EPI978631	1e-05	6.631202999999993	7.340608999999989	-0.5737723449392265	1.462727591847599e-06	7.485575353954216	2018-02-01	ep_star-ne_star	south	2018
2017-09-01	A/Guangdong-Duanzhou/1359/2017_EPI1030000	0.002666	12.424372999999973	14.28070999999998	-0.8654090329678001	0.0003453426206072271	14.551762320061064	2018-02-01	ep_star-ne_star	south	2018
2017-09-01	A/Guangdong-Maonan/1173/2017_EPI1030339	0.000234	15.638844999999975	15.222687999999964	-0.5737723449392265	3.422782564923381e-05	16.671864269634565	2018-02-01	ep_star-ne_star	south	2018
2017-09-01	A/Guangdong-Zhenjiang/1326/2017_EPI1029916	0.002074	10.581059999999987	9.145452999999991	-3.897780538389324	7.594039742757418e-05	10.148558975403555	2018-02-01	ep_star-ne_star	south	2018
2017-09-01	A/Guatemala/089/2017_EPI1049136	0.012393000000000001	9.15779999999999	9.58731399999999	-0.5737723449392265	0.0018127583045767295	11.491090384602026	2018-02-01	ep_star-ne_star	south	2018
2017-09-01	A/Guyane/006/2017_EPI924991	1e-05	6.522003999999995	7.295551999999992	-0.5737723449392265	1.462727591847599e-06	7.88188257911823	2018-02-01	ep_star-ne_star	south	2018
2017-09-01	A/Guyane/006/2017_EPI976313	1e-05	6.522003999999995	7.295551999999992	-0.5737723449392265	1.462727591847599e-06	7.88188257911823	2018-02-01	ep_star-ne_star	south	2018
2017-09-01	A/HIROSHIMA-C/2/2017_EPI1002862	0.000125	8.211267999999992	8.597268999999983	-0.5737723449392265	1.8284094898094987e-05	10.195888146320977	2018-02-01	ep_star-ne_star	south	2018
2017-09-01	A/HOKKAIDO/HH01/2017_EPI941993	5.7999999999999994e-05	10.654012999999988	9.189642999999993	8.523342171325346	0.0003756377340587523	10.130248030002283	2018-02-01	ep_star-ne_star	south	2018
2017-09-01	A/HYOGO/3107/2017_EPI990878	2.2e-05	7.212713999999993	8.23305699999999	-0.5737723449392265	3.2180007020647177e-06	8.467082233381468	2018-02-01	ep_star-ne_star	south	2018
2017-09-01	A/Hawaii/28/2017_EPI1016327	0.004508	10.341192999999985	11.27154199999999	-0.8654090329678001	0.000583947687058282	12.540716880676467	2018-02-01	ep_star-ne_star	south	2018
2017-09-01	A/Heilongjiang-Yichun/1567/2017_EPI1029988	0.001204	7.48756699999999	8.097314999999986	-0.5737723449392265	0.0001761124020584509	8.482938112056615	2018-02-01	ep_star-ne_star	south	2018
2017-09-01	A/Henan-Shihe/1212/2017_EPI1030345	0.000234	20.36081599999997	19.836701999999974	11.264076988718296	0.004747987633210667	21.438027533070002	2018-02-01	ep_star-ne_star	south	2018
2017-09-01	A/Hessen/48/2017_EPI1010181	0.001204	12.668277999999983	13.549247999999968	-6.930152043810848	1.246133808511632e-05	15.018515356251033	2018-02-01	ep_star-ne_star	south	2018
2017-09-01	A/Honduras/0187/2017_EPI1026926	0.005086	10.571313999999981	12.486796999999992	-3.897780538389324	0.00018622606620860284	12.751957358425665	2018-02-01	ep_star-ne_star	south	2018
2017-09-01	A/Honduras/0188/2017_EPI1026934	0.005086	10.571313999999981	12.486796999999992	-3.897780538389324	0.00018622606620860284	12.751957358425665	2018-02-01	ep_star-ne_star	south	2018
2017-09-01	A/Hong_Kong/120/2017_EPI943226	1e-05	10.129412999999994	11.118632999999992	-3.897780538389324	3.661542788214763e-07	11.71995633027142	2018-02-01	ep_star-ne_star	south	2018
2017-09-01	A/Hong_Kong/2260/2017_EPI1021168	0.005713	6.631202999999993	7.340608999999989	-0.5737723449392265	0.0008356562732225332	7.485575353954216	2018-02-01	ep_star-ne_star	south	2018
2017-09-01	A/Hong_Kong/2274/2017_EPI1044133	0.005877	8.640678999999986	9.428624999999988	2.4585991604822977	0.0030412005896802777	10.664081505083377	2018-02-01	ep_star-ne_star	south	2018
2017-09-01	A/Hong_Kong/2276/2017_EPI1021194	0.005713	8.664992999999987	7.196801999999984	2.4585991604822977	0.002956334689270618	8.150701246656515	2018-02-01	ep_star-ne_star	south	2018
2017-09-01	A/Hong_Kong/2285/2017_EPI1021208	0.006389	8.727544999999985	8.616781999999995	-3.897780538389324	0.00023393596873904116	11.304526470303143	2018-02-01	ep_star-ne_star	south	2018
2017-09-01	A/Hong_Kong/2290/2017_EPI1021218	0.006389	10.038628999999993	9.815982999999983	8.523342171325346	0.041378439360368426	10.155511652868318	2018-02-01	ep_star-ne_star	south	2018
2017-09-01	A/Hong_Kong/2292/2017_EPI1021222	0.006215	9.65776999999998	11.512149999999991	-6.930152043810848	6.43249303978388e-05	11.765381751553843	2018-02-01	ep_star-ne_star	south	2018
2017-09-01	A/Hong_Kong/237/2017_EPI918292	1.3000000000000001e-05	7.882489999999988	8.055749999999984	2.4585991604822977	6.7271750324729635e-06	9.16749734239495	2018-02-01	ep_star-ne_star	south	2018
2017-09-01	A/Hong_Kong/3042/2017_EPI1036313	0.014149	10.629328999999984	12.501713999999996	-3.897780538389324	0.0005180716891045068	12.764285117297652	2018-02-01	ep_star-ne_star	south	2018
2017-09-01	A/Hong_Kong/3055/2017_EPI1036329	0.0144039999999999	8.060241999999992	7.92107299999999	-6.930152043810848	0.00014908065928406492	10.464887525314078	2018-02-01	ep_star-ne_star	south	2018
2017-09-01	A/Hong_Kong/3056/2017_EPI1036331	0.014661000000000002	8.727544999999985	8.616781999999995	-3.897780538389324	0.0005368187881801664	11.304526470303143	2018-02-01	ep_star-ne_star	south	2018
2017-09-01	A/Hong_Kong/3060/2017_EPI1036335	0.014661000000000002	10.038628999999993	9.815982999999983	8.523342171325346	0.09495215205233394	10.155511652868318	2018-02-01	ep_star-ne_star	south	2018
2017-09-01	A/Hong_Kong/3068/2017_EPI1036347	0.014661000000000002	8.656093999999987	7.216780999999984	2.4585991604822977	0.007586701011622009	8.432191406089792	2018-02-01	ep_star-ne_star	south	2018
2017-09-01	A/Hong_Kong/3070/2017_EPI1043847	0.014661000000000002	9.618162999999974	8.196990999999983	5.490970665903822	0.02683977622915528	9.335918038000072	2018-02-01	ep_star-ne_star	south	2018
2017-09-01	A/Hong_Kong/3096/2017_EPI1043895	0.015172999999999999	8.727544999999985	8.616781999999995	-3.897780538389324	0.0005555658872558259	11.304526470303143	2018-02-01	ep_star-ne_star	south	2018
2017-09-01	A/Hong_Kong/3128/2017_EPI1043951	0.015944	8.656093999999987	7.216780999999984	2.4585991604822977	0.00825062143982684	8.432191406089792	2018-02-01	ep_star-ne_star	south	2018
2017-09-01	A/Hong_Kong/3571/2017_EPI1048661	0.019456	9.02108499999999	8.920719999999998	-6.930152043810848	0.00020136859948839128	11.464450560289448	2018-02-01	ep_star-ne_star	south	2018
2017-09-01	A/Hunan-Jishou/1912/2017_EPI1029997	0.002761	8.565349999999988	7.222080999999983	2.4585991604822977	0.0014287484818967578	8.136594171184251	2018-02-01	ep_star-ne_star	south	2018
2017-09-01	A/IPD/Prachuapkhirikhan/174/2017_EPI1045321	0.007691	9.525305999999977	8.155480999999984	5.490970665903822	0.014079852600670708	8.70827718985521	2018-02-01	ep_star-ne_star	south	2018
2017-09-01	A/Illinois/23/2017_EPI970258	0.000331	9.635874999999986	10.44202199999999	-0.5737723449392265	4.8416283290155527e-05	11.671102047137724	2018-02-01	ep_star-ne_star	south	2018
2017-09-01	A/Illinois/NHRC_18513/2017_EPI1030636	4.3e-05	12.744815999999979	13.523561999999977	-0.8654090329678001	5.570042267858502e-06	14.602396890500554	2018-02-01	ep_star-ne_star	south	2018
2017-09-01	A/Iowa/15/2017_EPI973105	0.00046100000000000004	7.363232999999985	7.606545999999992	-0.5737723449392265	6.743174198417431e-05	9.523160026129412	2018-02-01	ep_star-ne_star	south	2018
2017-09-01	A/Istanbul/653/2017_EPI1045249	0.000172	7.8687879999999915	8.992280999999988	-3.897780538389324	6.297853595729392e-06	9.593581305985944	2018-02-01	ep_star-ne_star	south	2018
2017-09-01	A/Jordan/20157/2017_EPI1043038	0.002398	7.3693639999999885	6.889967999999988	-0.5737723449392265	0.0003507620765250542	8.188686692676052	2018-02-01	ep_star-ne_star	south	2018
2017-09-01	A/KAGAWA/191/2017_EPI1037910	0.000758	10.571313999999981	12.486796999999992	-3.897780538389324	2.7754494334667898e-05	12.751957358425665	2018-02-01	ep_star-ne_star	south	2018
2017-09-01	A/KANAGAWA/204/2017_EPI1037862	0.0029579999999999997	11.086829999999983	12.253837999999995	-0.8654090329678001	0.0003831670936819871	12.70183034712309	2018-02-01	ep_star-ne_star	south	2018
2017-09-01	A/KANAGAWA/206/2017_EPI1043596	0.010479	11.543576999999983	13.486741999999987	-0.8654090329678001	0.0013574063470904475	13.73685242189824	2018-02-01	ep_star-ne_star	south	2018
2017-09-01	A/KANAGAWA/AC1618/2017_EPI909590	1.6e-05	7.363232999999985	7.606545999999992	-0.5737723449392265	2.340364146956158e-06	9.523160026129412	2018-02-01	ep_star-ne_star	south	2018
2017-09-01	A/KANAGAWA/AC1619/2017_EPI909598	2e-05	9.639669999999997	10.019552999999982	5.490970665903822	3.661384111473335e-05	10.420256754579068	2018-02-01	ep_star-ne_star	south	2018
2017-09-01	A/KANAGAWA/AC1620/2017_EPI909606	2e-05	7.791719999999987	8.028842999999986	-0.5737723449392265	2.925455183695198e-06	8.747619456219818	2018-02-01	ep_star-ne_star	south	2018
2017-09-01	A/KANAGAWA/IC1613/2017_EPI904206	1.8e-05	8.321869999999993	8.542496999999983	-0.5737723449392265	2.6329096653256783e-06	10.443658155637454	2018-02-01	ep_star-ne_star	south	2018
2017-09-01	A/KANAGAWA/IC1618/2017_EPI917439	2.8000000000000013e-05	9.661008999999977	8.132270999999982	5.490970665903822	5.12593775606267e-05	9.449176174517893	2018-02-01	ep_star-ne_star	south	2018
2017-09-01	A/KANAGAWA/IC1620/2017_EPI917455	2.9999999999999997e-05	8.639754999999992	9.019565999999983	2.4585991604822977	1.5524250074937608e-05	9.420347576411372	2018-02-01	ep_star-ne_star	south	2018
2017-09-01	A/KANAGAWA/IC1624/2017_EPI995638	4.3e-05	11.918076999999965	12.533819999999979	-0.8654090329678001	5.570042267858502e-06	13.306055578576323	2018-02-01	ep_star-ne_star	south	2018
2017-09-01	A/KANAGAWA/IC1633/2017_EPI970848	8.6e-05	10.635682999999982	11.421666999999985	8.523342171325346	0.0005569800884319432	12.611248603938309	2018-02-01	ep_star-ne_star	south	2018
2017-09-01	A/KANAGAWA/IC1634/2017_EPI952585	9e-05	8.23068999999999	8.367656999999996	2.4585991604822977	4.657275022481282e-05	10.419937123145345	2018-02-01	ep_star-ne_star	south	2018
2017-09-01	A/KANAGAWA/IC1645/2017_EPI990908	0.00046100000000000004	9.619505999999996	10.01712599999998	5.490970665903822	0.0008439490376946037	10.41618636386189	2018-02-01	ep_star-ne_star	south	2018
2017-09-01	A/KANAGAWA/ZC1611/2017_EPI917479	4.1e-05	8.642955999999987	9.432009999999986	2.4585991604822977	2.121647510241473e-05	10.638948224998854	2018-02-01	ep_star-ne_star	south	2018
2017-09-01	A/KAWASAKI/115/2017_EPI1010347	0.000863	11.381718999999986	11.959775999999982	8.523342171325346	0.005589230422287988	12.200738778639087	2018-02-01	ep_star-ne_star	south	2018
2017-09-01	A/Kenya/003/2017_EPI1073223	5.7999999999999994e-05	10.156706999999976	10.583134999999993	2.4585991604822977	3.0013550144879368e-05	12.48926190897589	2018-02-01	ep_star-ne_star	south	2018
2017-09-01	A/Kenya/014/2017_EPI1073213	0.00048300000000000003	9.15779999999999	9.58731399999999	-0.5737723449392265	7.064974268623904e-05	11.491090384602026	2018-02-01	ep_star-ne_star	south	2018
2017-09-01	A/Kocaeli/848/2017_EPI1045253	0.0005059999999999	9.390153999999985	10.36169299999999	-3.897780538389324	1.8527406508363037e-05	11.63119276657216	2018-02-01	ep_star-ne_star	south	2018
2017-09-01	A/Latvia/04-003626/2017_EPI1013143	0.0011560000000000001	8.648687999999991	9.341560999999986	-6.930152043810848	1.1964540553483774e-05	10.664368465397773	2018-02-01	ep_star-ne_star	south	2018
2017-09-01	A/Liaoning-Mingshan/1188/2017_EPI1030273	0.000259	9.211480999999976	8.004858999999982	-0.5737723449392265	3.788464462885281e-05	9.047965679594887	2018-02-01	ep_star-ne_star	south	2018
2017-09-01	A/Louisiana/27/2017_EPI993874	0.002313	8.008699999999989	8.524029999999993	-3.897780538389324	8.469148469140746e-05	9.730539240419189	2018-02-01	ep_star-ne_star	south	2018
2017-09-01	A/Louisiana/36/2017_EPI1016803	0.0047909999999999	7.6770169999999895	8.444339999999992	-0.5737723449392265	0.00070079278925417	9.690090853387497	2018-02-01	ep_star-ne_star	south	2018
2017-09-01	A/Louisiana/38/2017_EPI1016811	0.0049369999999999995	7.6770169999999895	8.444339999999992	-0.5737723449392265	0.0007221486120951595	9.690090853387497	2018-02-01	ep_star-ne_star	south	2018
2017-09-01	A/Louisiana/39/2017_EPI1026798	0.0052380000000000005	7.6770169999999895	8.444339999999992	-0.5737723449392265	0.0007661767126097724	9.690090853387497	2018-02-01	ep_star-ne_star	south	2018
2017-09-01	A/Louisiana/41/2017_EPI1016128	0.002761	8.642955999999987	9.432009999999986	2.4585991604822977	0.0014287484818967578	10.638948224998854	2018-02-01	ep_star-ne_star	south	2018
2017-09-01	A/Lund/2/2017_EPI995775	0.001254	9.486376999999987	10.409395999999989	-3.897780538389324	4.5915746564213116e-05	11.559838787569342	2018-02-01	ep_star-ne_star	south	2018
2017-09-01	A/Lund/3/2017_EPI995783	0.00159	9.652955999999989	10.342700999999991	5.490970665903822	0.0029108003686213013	11.674876470434787	2018-02-01	ep_star-ne_star	south	2018
2017-09-01	A/MIE/16/2017_EPI1010359	0.001719	12.564372999999975	14.476453999999983	-3.897780538389324	6.294192052941178e-05	14.751700020701279	2018-02-01	ep_star-ne_star	south	2018
2017-09-01	A/Maldives/158/2017_EPI1003553	0.000181	6.893494999999996	7.079980999999994	-0.5737723449392265	2.647536941244154e-05	8.17894398820213	2018-02-01	ep_star-ne_star	south	2018
2017-09-01	A/Maldives/158/2017_EPI993898	0.000181	6.893494999999996	7.079980999999994	-0.5737723449392265	2.647536941244154e-05	8.17894398820213	2018-02-01	ep_star-ne_star	south	2018
2017-09-01	A/Maldives/175/2017_EPI993906	0.00022200000000000003	7.875996999999989	8.058333999999984	2.4585991604822977	0.00011487945055453831	9.15313360055665	2018-02-01	ep_star-ne_star	south	2018
2017-09-01	A/Maldives/499/2017_EPI993914	0.0006940000000000001	6.893494999999996	7.079980999999994	-0.5737723449392265	0.00010151329487422338	8.17894398820213	2018-02-01	ep_star-ne_star	south	2018
2017-09-01	A/Maldives/505/2017_EPI993922	0.00053	6.893494999999996	7.079980999999994	-0.5737723449392265	7.752456236792274e-05	8.17894398820213	2018-02-01	ep_star-ne_star	south	2018
2017-09-01	A/Maryland/39/2017_EPI1016311	0.005086	15.357445999999975	15.066967999999967	-0.5737723449392265	0.0007439432532136889	16.333497918969034	2018-02-01	ep_star-ne_star	south	2018
2017-09-01	A/Michigan/08/2017_EPI944677	1.6e-05	10.429395999999985	11.027314999999993	5.490970665903822	2.9291072891786673e-05	11.4012780072724	2018-02-01	ep_star-ne_star	south	2018
2017-09-01	A/Michigan/57/2017_EPI1003657	0.001998	9.994923999999976	10.572030999999992	2.4585991604822977	0.0010339150549908448	12.142237036663623	2018-02-01	ep_star-ne_star	south	2018
2017-09-01	A/Michigan/58/2017_EPI1035477	0.003273	9.624384999999988	10.44202199999999	2.4585991604822977	0.001693695683175693	11.664706802808757	2018-02-01	ep_star-ne_star	south	2018
2017-09-01	A/Minas_Gerais/67/2017_EPI1040840	2.5e-05	7.521942999999985	8.295538999999987	2.4585991604822977	1.2936875062448005e-05	8.881856705368087	2018-02-01	ep_star-ne_star	south	2018
2017-09-01	A/Minnesota/16/2017_EPI970322	0.0003	8.642955999999987	9.432009999999986	2.4585991604822977	0.00015524250074937606	10.638948224998854	2018-02-01	ep_star-ne_star	south	2018
2017-09-01	A/Mississippi/16/2017_EPI1003697	0.002313	8.99893099999999	9.58271999999999	-0.5737723449392265	0.00033832889199434963	11.144304866773611	2018-02-01	ep_star-ne_star	south	2018
2017-09-01	A/Moscow/35/2017_EPI1038748	9e-05	6.893494999999996	7.079980999999994	-0.5737723449392265	1.316454832662839e-05	8.17894398820213	2018-02-01	ep_star-ne_star	south	2018
2017-09-01	A/NAGANO-C/49/2017_EPI1013454	0.004371	10.571313999999981	12.486796999999992	-3.897780538389324	0.00016004603527286726	12.751957358425665	2018-02-01	ep_star-ne_star	south	2018
2017-09-01	A/NAGANO/2298/2017_EPI1037886	0.0033840000000000003	12.540153999999978	14.347721999999985	5.490970665903822	0.006195061916612883	14.694670481239688	2018-02-01	ep_star-ne_star	south	2018
2017-09-01	A/NIIGATA/509/2017_EPI1043604	0.008922	11.622059999999978	13.511783999999988	-3.897780538389324	0.00032668284756452113	13.764075020163563	2018-02-01	ep_star-ne_star	south	2018
2017-09-01	A/New_Jersey/27/2017_EPI1039258	0.013642	7.7173149999999815	6.231357999999992	-0.5737723449392265	0.0019954529807984945	7.463866050992686	2018-02-01	ep_star-ne_star	south	2018
2017-09-01	A/Newcastle/23/2017_EPI1021886	0.00020099999999999998	10.474847999999984	11.179475999999985	-0.8654090329678001	2.6036709205571134e-05	12.63408593794944	2018-02-01	ep_star-ne_star	south	2018
2017-09-01	A/Newcastle/28/2017_EPI1022223	0.000364	10.474847999999984	11.179475999999985	-0.8654090329678001	4.715105547675569e-05	12.63408593794944	2018-02-01	ep_star-ne_star	south	2018
2017-09-01	A/Newcastle/38/2017_EPI1022505	0.001204	15.357445999999975	15.066967999999967	-0.5737723449392265	0.0001761124020584509	16.333497918969034	2018-02-01	ep_star-ne_star	south	2018
2017-09-01	A/Niedersachsen/185/2017_EPI1040730	0.0006349999999999	10.341192999999985	11.27154199999999	-0.8654090329678001	8.225527535092074e-05	12.540716880676467	2018-02-01	ep_star-ne_star	south	2018
2017-09-01	A/Nonthaburi/33/2017_EPI1044759	0.001065	11.636954999999977	13.49216399999999	-10.254160237260944	2.7592335348276495e-06	13.6821530541521	2018-02-01	ep_star-ne_star	south	2018
2017-09-01	A/Nord_Pas_de_Calais/814/2017_EPI957681	7.7e-05	7.521838999999985	8.295412999999987	2.4585991604822977	3.984557519233986e-05	8.881802887967828	2018-02-01	ep_star-ne_star	south	2018
2017-09-01	A/Nord_Pas_de_Calais/996/2017_EPI944360	0.000113	7.399057999999991	8.11263899999999	-6.930152043810848	1.1695441890516147e-06	8.910110531239761	2018-02-01	ep_star-ne_star	south	2018
2017-09-01	A/Norway/2171/2017_EPI1036379	0.0011099999999999999	10.341192999999985	11.27154199999999	-0.8654090329678001	0.00014378481203076597	12.540716880676467	2018-02-01	ep_star-ne_star	south	2018
2017-09-01	A/Norway/2603/2017_EPI1043054	0.0033840000000000003	7.872796999999988	7.988671999999983	-0.5737723449392265	0.0004949870170812275	9.170665166163513	2018-02-01	ep_star-ne_star	south	2018
2017-09-01	A/Norway/2629/2017_EPI1043056	0.0036130000000000003	8.653615999999989	9.443075999999989	2.4585991604822977	0.001869637184024986	10.68490395269167	2018-02-01	ep_star-ne_star	south	2018
2017-09-01	A/Novosibirsk/47/2017_EPI1039163	0.00038199999999999996	9.344426999999992	8.873165999999985	-3.897780538389324	1.3987093450980393e-05	10.09511924395779	2018-02-01	ep_star-ne_star	south	2018
2017-09-01	A/OSAKA-C/2075/2017_EPI1043580	0.0049369999999999995	7.6770169999999895	8.444339999999992	-0.5737723449392265	0.0007221486120951595	9.690090853387497	2018-02-01	ep_star-ne_star	south	2018
2017-09-01	A/OSAKA/163/2017_EPI1013442	0.0011560000000000001	10.257979999999977	10.371892999999995	-0.5737723449392265	0.00016909130961758245	12.239442081996181	2018-02-01	ep_star-ne_star	south	2018
2017-09-01	A/OSAKA/175/2017_EPI1037942	0.0046479999999999	9.706846999999987	9.525472999999995	-0.8654090329678001	0.0006020827083954828	12.296247648264535	2018-02-01	ep_star-ne_star	south	2018
2017-09-01	A/Ohio/33/2017_EPI1049711	0.022324	6.893494999999996	7.079980999999994	-0.5737723449392265	0.0032653930760405798	8.17894398820213	2018-02-01	ep_star-ne_star	south	2018
2017-09-01	A/Pakistan/42/2017_EPI959908	3.4e-05	8.63102499999999	9.340582999999992	2.4585991604822977	1.7594150084929288e-05	9.485468363512762	2018-02-01	ep_star-ne_star	south	2018
2017-09-01	A/Para/146006-IEC/2017_EPI1045864	0.000246	8.39239599999999	9.196252999999984	-0.5737723449392265	3.598309875945094e-05	9.200727417869162	2018-02-01	ep_star-ne_star	south	2018
2017-09-01	A/Paraiba/145808-IEC/2017_EPI1045868	0.00011899999999999999	11.629803999999975	12.319625999999987	11.55571367674687	0.002726553988400439	12.458308220178134	2018-02-01	ep_star-ne_star	south	2018
2017-09-01	A/Paraiba/146408-IEC/2017_EPI1045878	0.000181	8.211267999999992	8.597268999999983	-0.5737723449392265	2.647536941244154e-05	10.195888146320977	2018-02-01	ep_star-ne_star	south	2018
2017-09-01	A/Paraiba/146792-IEC/2017_EPI1048540	0.001254	7.604209999999989	8.340529999999983	2.4585991604822977	0.0006489136531323919	7.927554947582794	2018-02-01	ep_star-ne_star	south	2018
2017-09-01	A/Paraiba/147035-IEC/2017_EPI1045884	0.000172	8.514701999999987	9.262455999999995	5.490970665903822	0.00031487903358670677	9.870790077421159	2018-02-01	ep_star-ne_star	south	2018
2017-09-01	A/Paraiba/147746-IEC/2017_EPI1048606	0.0042369999999999994	8.25888499999999	8.536977999999984	2.4585991604822977	0.002192541585583688	10.502242078465429	2018-02-01	ep_star-ne_star	south	2018
2017-09-01	A/Parana/349/2017_EPI1040849	0.005713	6.528954999999992	7.2490049999999915	-0.5737723449392265	0.0008356562732225332	7.522082128114377	2018-02-01	ep_star-ne_star	south	2018
2017-09-01	A/Parana/727/2017_EPI1179671	0.020623	8.662280999999986	7.223163999999984	2.4585991604822977	0.010671886976514609	8.420970956153496	2018-02-01	ep_star-ne_star	south	2018
2017-09-01	A/Parana/98/2017_EPI1040851	7.7e-05	7.521600999999985	8.284937999999988	-6.930152043810848	7.969460403272064e-07	8.87642787724933	2018-02-01	ep_star-ne_star	south	2018
2017-09-01	A/Paris/1232/2017_EPI1040259	0.012147	10.511212999999982	11.320559999999986	11.55571367674687	0.27831471678235403	9.240241603111768	2018-02-01	ep_star-ne_star	south	2018
2017-09-01	A/Perth/40/2017_EPI1022106	9.6e-05	11.292005999999981	10.86424999999999	11.55571367674687	0.002199572965432287	12.11414192983598	2018-02-01	ep_star-ne_star	south	2018
2017-09-01	A/Perth/69/2017_EPI1031542	0.003854	9.29241199999999	8.864275999999983	5.490970665903822	0.007055487182809115	10.122940221697718	2018-02-01	ep_star-ne_star	south	2018
2017-09-01	A/Peru/0517/2017_EPI1038989	0.006566	8.949954999999985	9.565815999999993	-3.897780538389324	0.0002404168994741813	11.39063866433568	2018-02-01	ep_star-ne_star	south	2018
2017-09-01	A/Peru/5417/2017_EPI1039033	0.009137000000000001	8.949954999999985	9.565815999999993	-3.897780538389324	0.0003345551645591829	11.39063866433568	2018-02-01	ep_star-ne_star	south	2018
2017-09-01	A/Peru/8117/2017_EPI1038969	0.005393	8.949954999999985	9.565815999999993	-3.897780538389324	0.00019746700256842214	11.39063866433568	2018-02-01	ep_star-ne_star	south	2018
2017-09-01	A/Philippines/2/2017_EPI1044771	0.001254	9.168287999999988	10.182681999999984	-6.930152043810848	1.2978835513900216e-05	10.799432975400906	2018-02-01	ep_star-ne_star	south	2018
2017-09-01	A/PuntaArenas/39178/2017_EPI1023686	0.006215	10.312519999999974	10.606283999999992	-0.5737723449392265	0.0009090851983332826	12.51156935693784	2018-02-01	ep_star-ne_star	south	2018
2017-09-01	A/Punta_Arenas/23595/2017_EPI1003793	0.000664	7.363232999999985	7.606545999999992	-0.5737723449392265	9.712511209868056e-05	9.523160026129412	2018-02-01	ep_star-ne_star	south	2018
2017-09-01	A/Qatar/10-VI-17-0001208/2017_EPI960118	1.3000000000000001e-05	10.599556999999988	11.02922899999999	5.490970665903822	2.3798996724576672e-05	12.053256357570108	2018-02-01	ep_star-ne_star	south	2018
2017-09-01	A/Rochester/U042/2017_EPI1300038	0.000246	8.39239599999999	9.196252999999984	-0.5737723449392265	3.598309875945094e-05	9.200727417869162	2018-02-01	ep_star-ne_star	south	2018
2017-09-01	A/Roraima/146724-IEC/2017_EPI1048525	0.0009390000000000001	8.39239599999999	9.196252999999984	-0.5737723449392265	0.00013735012087448957	9.200727417869162	2018-02-01	ep_star-ne_star	south	2018
2017-09-01	A/SAITAMA/230/2017_EPI1013448	0.001998	9.65776999999998	11.512149999999991	-6.930152043810848	2.0679197254204656e-05	11.765381751553843	2018-02-01	ep_star-ne_star	south	2018
2017-09-01	A/SAPPORO/36/2017_EPI1010341	0.00048300000000000003	12.62802799999998	14.409321999999982	-3.897780538389324	1.7685251667077305e-05	14.739522410968352	2018-02-01	ep_star-ne_star	south	2018
2017-09-01	A/SAPPORO/38/2017_EPI1013430	0.0011560000000000001	12.392203999999966	13.101840999999977	8.523342171325346	0.007486848630550306	13.05734323497579	2018-02-01	ep_star-ne_star	south	2018
2017-09-01	A/SAPPORO/42/2017_EPI1037894	0.0033840000000000003	11.612641999999978	13.355756999999985	-0.5737723449392265	0.0004949870170812275	13.726494663900123	2018-02-01	ep_star-ne_star	south	2018
2017-09-01	A/SHIZUOKA/27/2017_EPI1002844	0.000113	9.004760999999988	9.416947999999989	-6.930152043810848	1.1695441890516147e-06	11.434539860806025	2018-02-01	ep_star-ne_star	south	2018
2017-09-01	A/Santa_Catarina/121/2017_EPI1016874	0.000272	8.36213399999999	8.606532999999983	-6.930152043810848	2.8151860125844174e-06	10.523153997364272	2018-02-01	ep_star-ne_star	south	2018
2017-09-01	A/Santiago/21171/2017_EPI1003825	0.00048300000000000003	9.641862999999987	10.42783099999999	5.490970665903822	0.0008842242629208104	11.637119749372731	2018-02-01	ep_star-ne_star	south	2018
2017-09-01	A/Santiago/25140/2017_EPI1035546	0.0009	7.7173149999999815	6.231357999999992	-0.5737723449392265	0.0001316454832662839	7.463866050992686	2018-02-01	ep_star-ne_star	south	2018
2017-09-01	A/Santiago/56525/2017_EPI1049402	0.020163999999999998	7.7173149999999815	6.231357999999992	-0.5737723449392265	0.0029494439162014983	7.463866050992686	2018-02-01	ep_star-ne_star	south	2018
2017-09-01	A/Sao_Paulo/537178/2017_EPI1023902	0.009797	8.59963099999999	9.029254999999985	-0.5737723449392265	0.0014330342217330927	10.053351553557013	2018-02-01	ep_star-ne_star	south	2018
2017-09-01	A/Saudi_Arabia/1001498961/2017_EPI1050876	0.0006940000000000001	6.893494999999996	7.079980999999994	-0.5737723449392265	0.00010151329487422338	8.17894398820213	2018-02-01	ep_star-ne_star	south	2018
2017-09-01	A/Saudi_Arabia/1127975090/2017_EPI1050877	0.00042	9.65776999999998	11.512149999999991	-6.930152043810848	4.346978401784762e-06	11.765381751553843	2018-02-01	ep_star-ne_star	south	2018
2017-09-01	A/Saudi_Arabia/255031/2017_EPI1050883	0.000664	7.363232999999985	7.606545999999992	-0.5737723449392265	9.712511209868056e-05	9.523160026129412	2018-02-01	ep_star-ne_star	south	2018
2017-09-01	A/Saudi_Arabia/256339/2017_EPI1050885	0.000758	8.59963099999999	9.029254999999985	-0.5737723449392265	0.000110874751462048	10.053351553557013	2018-02-01	ep_star-ne_star	south	2018
2017-09-01	A/Sergipe/251/2017_EPI1043548	0.0042369999999999994	6.522003999999995	7.295551999999992	-0.5737723449392265	0.0006197576806658276	7.88188257911823	2018-02-01	ep_star-ne_star	south	2018
2017-09-01	A/Shandong-Fushan/1157/2017_EPI1067713	0.00034700000000000003	8.612966999999982	7.161789999999983	2.4585991604822977	0.00017956382586677833	8.442948103328698	2018-02-01	ep_star-ne_star	south	2018
2017-09-01	A/Shandong-Fushan/148/2017_EPI1067694	3.4e-05	7.7173149999999815	6.231357999999992	-0.5737723449392265	4.973273812281836e-06	7.463866050992686	2018-02-01	ep_star-ne_star	south	2018
2017-09-01	A/Shandong-Zhifu/1159/2017_EPI1067711	0.00048300000000000003	7.241445999999986	6.421370999999986	-0.5737723449392265	7.064974268623904e-05	7.454123346518758	2018-02-01	ep_star-ne_star	south	2018
2017-09-01	A/Shandong-Zhifu/1175/2017_EPI1067710	0.00048300000000000003	9.677796999999975	8.223566999999978	5.490970665903822	0.0008842242629208104	9.436690936410072	2018-02-01	ep_star-ne_star	south	2018
2017-09-01	A/Shandong-Zhifu/154/2017_EPI1067704	0.013138	7.241445999999986	6.421370999999986	-0.5737723449392265	0.0019217315101693756	7.454123346518758	2018-02-01	ep_star-ne_star	south	2018
2017-09-01	A/Singapore/EN0019/2017_EPI959265	1.4000000000000001e-05	8.35222799999999	8.582314999999983	2.4585991604822977	7.244650034970884e-06	10.511713380322245	2018-02-01	ep_star-ne_star	south	2018
2017-09-01	A/Singapore/GP0009/2017_EPI957156	1e-05	10.636023999999985	12.511852999999997	-3.897780538389324	3.661542788214763e-07	12.754144049566046	2018-02-01	ep_star-ne_star	south	2018
2017-09-01	A/Singapore/GP0110/2017_EPI957173	3.8e-05	10.657682999999984	12.509040999999996	-3.897780538389324	1.3913862595216098e-06	12.765378968781325	2018-02-01	ep_star-ne_star	south	2018
2017-09-01	A/Singapore/GP0133/2017_EPI957182	6.1e-05	9.65776999999998	11.512149999999991	-6.930152043810848	6.313468631163583e-07	11.765381751553843	2018-02-01	ep_star-ne_star	south	2018
2017-09-01	A/Singapore/GP0138/2017_EPI957190	6.500000000000001e-05	7.7173149999999815	6.231357999999992	-0.5737723449392265	9.507729347009393e-06	7.463866050992686	2018-02-01	ep_star-ne_star	south	2018
2017-09-01	A/Singapore/GP0423/2017_EPI1023522	0.0005549999999999	10.66275099999999	9.166346999999993	8.523342171325346	0.003594464524182241	10.136323388559779	2018-02-01	ep_star-ne_star	south	2018
2017-09-01	A/Singapore/GP0573/2017_EPI1023844	0.0015300000000000001	8.23068999999999	8.367656999999996	2.4585991604822977	0.0007917367538218181	10.419937123145345	2018-02-01	ep_star-ne_star	south	2018
2017-09-01	A/Singapore/KK0016/2017_EPI957266	1.4000000000000001e-05	9.65776999999998	11.512149999999991	-6.930152043810848	1.448992800594921e-07	11.765381751553843	2018-02-01	ep_star-ne_star	south	2018
2017-09-01	A/Singapore/KK0076/2017_EPI957290	5.400000000000001e-05	9.096485999999985	9.278379999999988	-6.930152043810848	5.588972230866124e-07	10.93794090071482	2018-02-01	ep_star-ne_star	south	2018
2017-09-01	A/Singapore/KK0101/2017_EPI957306	7.7e-05	8.361681999999991	8.554658999999981	2.4585991604822977	3.984557519233986e-05	10.522608199403278	2018-02-01	ep_star-ne_star	south	2018
2017-09-01	A/Singapore/MOH0066/2017_EPI1023722	0.0034969999999999997	9.223684999999982	9.367643999999999	5.490970665903822	0.006401930118911125	11.407133262907514	2018-02-01	ep_star-ne_star	south	2018
2017-09-01	A/Singapore/MOH0073/2017_EPI1023730	0.0042369999999999994	9.62319699999999	9.547213999999993	-0.8654090329678001	0.000548843467184104	12.283608522639163	2018-02-01	ep_star-ne_star	south	2018
2017-09-01	A/Singapore/MOH0080/2017_EPI1023732	0.0042369999999999994	9.62319699999999	9.547213999999993	-0.8654090329678001	0.000548843467184104	12.283608522639163	2018-02-01	ep_star-ne_star	south	2018
2017-09-01	A/Singapore/MOH0087/2017_EPI1023750	0.0042369999999999994	9.62319699999999	9.547213999999993	-0.8654090329678001	0.000548843467184104	12.283608522639163	2018-02-01	ep_star-ne_star	south	2018
2017-09-01	A/Singapore/MOH0129/2017_EPI1023800	0.006929	10.306955999999989	10.531265999999995	2.166962472453724	0.0031753128299386664	13.22860862790624	2018-02-01	ep_star-ne_star	south	2018
2017-09-01	A/Singapore/NUH0004/2017_EPI957365	0.000132	8.639754999999992	9.019565999999983	2.4585991604822977	6.830670032972548e-05	9.420347576411372	2018-02-01	ep_star-ne_star	south	2018
2017-09-01	A/Singapore/TT0046/2017_EPI957338	1.6e-05	7.7173149999999815	6.231357999999992	-0.5737723449392265	2.340364146956158e-06	7.463866050992686	2018-02-01	ep_star-ne_star	south	2018
2017-09-01	A/Singapore/TT0052/2017_EPI957216	1.6e-05	7.363232999999985	7.606545999999992	-0.5737723449392265	2.340364146956158e-06	9.523160026129412	2018-02-01	ep_star-ne_star	south	2018
2017-09-01	A/Singapore/TT0150/2017_EPI957250	9e-05	7.496462999999985	8.281288999999989	-0.5737723449392265	1.316454832662839e-05	8.715563619096491	2018-02-01	ep_star-ne_star	south	2018
2017-09-01	A/Singapore/TT0174/2017_EPI957356	9e-05	10.639804999999983	12.508054999999995	-3.897780538389324	3.295388509393287e-06	12.762133752065848	2018-02-01	ep_star-ne_star	south	2018
2017-09-01	A/Singapore/TT0279/2017_EPI1023530	0.000272	10.656670999999985	12.512136999999996	-13.286531742682469	1.991965600677103e-07	12.765375722788699	2018-02-01	ep_star-ne_star	south	2018
2017-09-01	A/Singapore/TT0305/2017_EPI1023554	0.00038199999999999996	6.631202999999993	7.340608999999989	-0.5737723449392265	5.587619400857828e-05	7.485575353954216	2018-02-01	ep_star-ne_star	south	2018
2017-09-01	A/Singapore/TT0439/2017_EPI1023784	0.0016539999999999999	8.23068999999999	8.367656999999996	2.4585991604822977	0.0008559036541315601	10.419937123145345	2018-02-01	ep_star-ne_star	south	2018
2017-09-01	A/Singapore/TT0495/2017_EPI1023820	0.0029579999999999997	9.224762999999982	9.367557999999999	5.490970665903822	0.0054151871008690615	11.409106748943598	2018-02-01	ep_star-ne_star	south	2018
2017-09-01	A/Singapore/TT0555/2017_EPI1023828	0.0046479999999999	7.363232999999985	7.606545999999992	-0.5737723449392265	0.0006798757846907494	9.523160026129412	2018-02-01	ep_star-ne_star	south	2018
2017-09-01	A/Slovenia/81/2017_EPI906155	1.1e-05	8.639754999999992	9.019565999999983	2.4585991604822977	5.692225027477123e-06	9.420347576411372	2018-02-01	ep_star-ne_star	south	2018
2017-09-01	A/South_Auckland/16/2017_EPI1022472	0.00042	12.432277999999972	13.027772999999984	-4.189417226417897	1.3618835857370129e-05	14.594866267936684	2018-02-01	ep_star-ne_star	south	2018
2017-09-01	A/South_Auckland/19/2017_EPI1022517	0.00034700000000000003	7.363232999999985	7.606545999999992	-0.5737723449392265	5.075664743711169e-05	9.523160026129412	2018-02-01	ep_star-ne_star	south	2018
2017-09-01	A/South_Auckland/26/2017_EPI1022493	0.001065	8.727544999999985	8.616781999999995	-3.897780538389324	3.899543069448722e-05	11.304526470303143	2018-02-01	ep_star-ne_star	south	2018
2017-09-01	A/South_Auckland/42/2017_EPI1031452	0.002231	8.59963099999999	9.029254999999985	-0.5737723449392265	0.0003263345257411993	10.053351553557013	2018-02-01	ep_star-ne_star	south	2018
2017-09-01	A/South_Australia/1002/2017_EPI1022268	0.0014140000000000001	7.363232999999985	7.606545999999992	-0.5737723449392265	0.0002068296814872505	9.523160026129412	2018-02-01	ep_star-ne_star	south	2018
2017-09-01	A/South_Australia/104/2017_EPI1031530	0.0055520000000000005	9.167774999999986	9.595855999999992	2.4585991604822977	0.0028730212138684532	11.173387298262366	2018-02-01	ep_star-ne_star	south	2018
2017-09-01	A/South_Australia/115/2017_EPI1031599	0.007304000000000001	9.167774999999986	9.595855999999992	2.4585991604822977	0.00377963741824481	11.173387298262366	2018-02-01	ep_star-ne_star	south	2018
2017-09-01	A/South_Australia/13/2017_EPI919198	2.7000000000000002e-05	7.363232999999985	7.606545999999992	-0.5737723449392265	3.949364497988517e-06	9.523160026129412	2018-02-01	ep_star-ne_star	south	2018
2017-09-01	A/South_Australia/14/2017_EPI1022001	2.2e-05	7.363232999999985	7.606545999999992	-0.5737723449392265	3.2180007020647177e-06	9.523160026129412	2018-02-01	ep_star-ne_star	south	2018
2017-09-01	A/South_Australia/192/2017_EPI1045528	0.014149	11.593009999999984	13.51166599999999	-0.8654090329678001	0.0018328029778588357	13.752885175808451	2018-02-01	ep_star-ne_star	south	2018
2017-09-01	A/South_Australia/41/2017_EPI989652	0.00014	7.7173149999999815	6.231357999999992	-0.5737723449392265	2.0478186285866384e-05	7.463866050992686	2018-02-01	ep_star-ne_star	south	2018
2017-09-01	A/South_Australia/65/2017_EPI1022415	0.0011560000000000001	10.424213999999981	12.054803999999999	-13.286531742682469	8.46585380287769e-07	12.417544263368384	2018-02-01	ep_star-ne_star	south	2018
2017-09-01	A/South_Australia/67/2017_EPI1022418	0.001359	9.624384999999988	10.44202199999999	2.4585991604822977	0.0007032485283946736	11.664706802808757	2018-02-01	ep_star-ne_star	south	2018
2017-09-01	A/South_Australia/71/2017_EPI1022424	0.0016539999999999999	9.624384999999988	10.44202199999999	2.4585991604822977	0.0008559036541315601	11.664706802808757	2018-02-01	ep_star-ne_star	south	2018
2017-09-01	A/South_Australia/82/2017_EPI1031485	0.0033840000000000003	7.363232999999985	7.606545999999992	-0.5737723449392265	0.0004949870170812275	9.523160026129412	2018-02-01	ep_star-ne_star	south	2018
2017-09-01	A/South_Australia/87/2017_EPI1031500	0.0046479999999999	9.167774999999986	9.595855999999992	2.4585991604822977	0.0024052238116102813	11.173387298262366	2018-02-01	ep_star-ne_star	south	2018
2017-09-01	A/South_Australia/88/2017_EPI1031503	0.0042369999999999994	9.167774999999986	9.595855999999992	2.4585991604822977	0.002192541585583688	11.173387298262366	2018-02-01	ep_star-ne_star	south	2018
2017-09-01	A/South_Carolina/13/2017_EPI1003873	0.0016539999999999999	7.363232999999985	7.606545999999992	-0.5737723449392265	0.00024193514369159284	9.523160026129412	2018-02-01	ep_star-ne_star	south	2018
2017-09-01	A/Sri_Lanka/4/2017_EPI1021998	1e-05	9.170755999999988	10.182241999999984	2.4585991604822977	5.174750024979203e-06	10.799438234071834	2018-02-01	ep_star-ne_star	south	2018
2017-09-01	A/Stockholm/8/2017_EPI946108	1.7e-05	8.59963099999999	9.029254999999985	-0.5737723449392265	2.486636906140918e-06	10.053351553557013	2018-02-01	ep_star-ne_star	south	2018
2017-09-01	A/Suriname/2017/2017_EPI1049485	0.001065	9.737500999999995	9.300118999999977	-19.642911441554087	5.518706228494047e-08	11.00045671791148	2018-02-01	ep_star-ne_star	south	2018
2017-09-01	A/Suriname/2171/2017_EPI1049527	0.021715	8.673863999999986	7.230776999999984	2.4585991604822977	0.011236969679242339	8.441391745479924	2018-02-01	ep_star-ne_star	south	2018
2017-09-01	A/Sweden/60/2017_EPI975492	0.000364	7.6770169999999895	8.444339999999992	-0.5737723449392265	5.3243284343252596e-05	9.690090853387497	2018-02-01	ep_star-ne_star	south	2018
2017-09-01	A/Sydney/1003/2017_EPI1031482	0.0034969999999999997	7.363232999999985	7.606545999999992	-0.5737723449392265	0.0005115158388691053	9.523160026129412	2018-02-01	ep_star-ne_star	south	2018
2017-09-01	A/Sydney/126/2017_EPI1044675	0.0009	9.65776999999998	11.512149999999991	-6.930152043810848	9.314953718110206e-06	11.765381751553843	2018-02-01	ep_star-ne_star	south	2018
2017-09-01	A/Sydney/62/2017_EPI1022343	0.000725	7.363232999999985	7.606545999999992	-0.5737723449392265	0.00010604775040895093	9.523160026129412	2018-02-01	ep_star-ne_star	south	2018
2017-09-01	A/Sydney/66/2017_EPI1022349	0.00058	10.616381999999986	12.360459999999996	-0.5737723449392265	8.483820032716075e-05	12.726237735496085	2018-02-01	ep_star-ne_star	south	2018
2017-09-01	A/Sydney/68/2017_EPI1022355	0.000725	7.363232999999985	7.606545999999992	-0.5737723449392265	0.00010604775040895093	9.523160026129412	2018-02-01	ep_star-ne_star	south	2018
2017-09-01	A/Sydney/98/2017_EPI1046801	0.00159	9.65776999999998	11.512149999999991	-6.930152043810848	1.645641823532803e-05	11.765381751553843	2018-02-01	ep_star-ne_star	south	2018
2017-09-01	A/TOKYO/17109/2017_EPI1043572	0.0046479999999999	11.556476999999983	13.486783999999988	-0.8654090329678001	0.0006020827083954828	13.741131114854968	2018-02-01	ep_star-ne_star	south	2018
2017-09-01	A/TOKYO/SH01/2017_EPI941985	6.500000000000001e-05	8.713357999999984	7.231344999999984	2.4585991604822977	3.3635875162364824e-05	8.249872505811574	2018-02-01	ep_star-ne_star	south	2018
2017-09-01	A/Taiwan/489/2017_EPI1046846	0.0067459999999999	11.793234999999987	10.907534999999989	-3.897780538389324	0.00024700767649296423	13.070950395395148	2018-02-01	ep_star-ne_star	south	2018
2017-09-01	A/Taiwan/535/2017_EPI1046854	0.009574	9.21153099999998	9.367102	2.4585991604822977	0.004954305673915088	11.410028511797506	2018-02-01	ep_star-ne_star	south	2018
2017-09-01	A/Taiwan/540/2017_EPI1046856	0.009354000000000001	8.77300099999999	9.028797999999984	-0.5737723449392265	0.0013682353894142443	9.74488298544098	2018-02-01	ep_star-ne_star	south	2018
2017-09-01	A/Tanzania/1753/2017_EPI1016779	0.001204	10.242378999999975	10.590724999999992	5.490970665903822	0.0022041532351069473	12.319405377009248	2018-02-01	ep_star-ne_star	south	2018
2017-09-01	A/Tanzania/2460/2017_EPI1016581	0.001204	9.56918699999999	10.029065999999984	2.4585991604822977	0.000623039903007496	11.041188022911278	2018-02-01	ep_star-ne_star	south	2018
2017-09-01	A/Tanzania/2527/2017_EPI1016597	0.0016539999999999999	9.56918699999999	10.029065999999984	2.4585991604822977	0.0008559036541315601	11.041188022911278	2018-02-01	ep_star-ne_star	south	2018
2017-09-01	A/Tanzania/4345/2017_EPI1016661	0.0006349999999999	6.893494999999996	7.079980999999994	-0.5737723449392265	9.28832020823079e-05	8.17894398820213	2018-02-01	ep_star-ne_star	south	2018
2017-09-01	A/Tanzania/4354/2017_EPI1016685	0.000725	10.562733999999987	11.02879599999999	5.490970665903822	0.0013272517404090836	12.00620276825078	2018-02-01	ep_star-ne_star	south	2018
2017-09-01	A/Tanzania/4365/2017_EPI1016741	0.0009	9.24616899999999	9.590737999999993	5.490970665903822	0.0016476228501630006	11.42970837945247	2018-02-01	ep_star-ne_star	south	2018
2017-09-01	A/Tanzania/4384/2017_EPI1016757	0.00159	9.24616899999999	9.590737999999993	5.490970665903822	0.0029108003686213013	11.42970837945247	2018-02-01	ep_star-ne_star	south	2018
2017-09-01	A/Tanzania/4393/2017_EPI1016773	0.002074	9.56918699999999	10.029065999999984	2.4585991604822977	0.0010732431551806864	11.041188022911278	2018-02-01	ep_star-ne_star	south	2018
2017-09-01	A/Tanzania/745/2017_EPI1016621	0.0006940000000000001	6.893494999999996	7.079980999999994	-0.5737723449392265	0.00010151329487422338	8.17894398820213	2018-02-01	ep_star-ne_star	south	2018
2017-09-01	A/Tanzania/751/2017_EPI1016645	0.000791	9.495282999999992	9.959686999999983	2.4585991604822977	0.00040932272697585494	11.032433605893027	2018-02-01	ep_star-ne_star	south	2018
2017-09-01	A/Tanzania/756/2017_EPI1016653	0.0024850000000000002	9.56918699999999	10.029065999999984	2.4585991604822977	0.0012859253812073318	11.041188022911278	2018-02-01	ep_star-ne_star	south	2018
2017-09-01	A/Tasmania/7/2017_EPI1022235	3.8e-05	8.661179999999987	9.418156999999987	2.4585991604822977	1.9664050094920972e-05	10.681901293997964	2018-02-01	ep_star-ne_star	south	2018
2017-09-01	A/Tekirdag/271/2017_EPI1045241	2.2e-05	8.170806999999987	9.182694999999994	-0.5737723449392265	3.2180007020647177e-06	9.79945893307193	2018-02-01	ep_star-ne_star	south	2018
2017-09-01	A/Tekirdag/631/2017_EPI1045247	0.0001629999999999	10.522298999999988	11.015671999999991	5.490970665903822	0.0002984028050848937	11.778176119929858	2018-02-01	ep_star-ne_star	south	2018
2017-09-01	A/Tennessee/33/2017_EPI989102	0.0006349999999999	9.997649999999977	10.582556999999992	2.4585991604822977	0.0003285966265861276	12.143647673520434	2018-02-01	ep_star-ne_star	south	2018
2017-09-01	A/Tennessee/41/2017_EPI1008418	0.002858	10.341192999999985	11.27154199999999	-0.8654090329678001	0.0003702135070125488	12.540716880676467	2018-02-01	ep_star-ne_star	south	2018
2017-09-01	A/Texas/11/2017_EPI924839	3.2e-05	6.522003999999995	7.295551999999992	-0.5737723449392265	4.680728293912316e-06	7.88188257911823	2018-02-01	ep_star-ne_star	south	2018
2017-09-01	A/Texas/275/2017_EPI1035594	0.014661000000000002	6.893494999999996	7.079980999999994	-0.5737723449392265	0.0021445049224077654	8.17894398820213	2018-02-01	ep_star-ne_star	south	2018
2017-09-01	A/Thailand/CU-B21378/2017_EPI1133583	0.0003	8.760646999999988	8.590919999999993	-10.254160237260944	7.772488830500421e-07	10.377773171437344	2018-02-01	ep_star-ne_star	south	2018
2017-09-01	A/Thailand/CU-B21431/2017_EPI1133565	0.000315	8.459772999999982	6.854446999999988	2.4585991604822977	0.00016300462578684488	8.388152016934251	2018-02-01	ep_star-ne_star	south	2018
2017-09-01	A/Thailand/CU-B21458/2017_EPI1133566	0.00042	8.59963099999999	9.029254999999985	-0.5737723449392265	6.143455885759915e-05	10.053351553557013	2018-02-01	ep_star-ne_star	south	2018
2017-09-01	A/Thailand/CU-B21690/2017_EPI1133567	0.001306	12.245563999999982	10.73365199999998	14.588085182168392	0.10586106009784081	11.001624797876932	2018-02-01	ep_star-ne_star	south	2018
2017-09-01	A/Thailand/CU-B21722/2017_EPI1133568	0.0016539999999999999	10.571313999999981	12.486796999999992	-3.897780538389324	6.0561917717072174e-05	12.751957358425665	2018-02-01	ep_star-ne_star	south	2018
2017-09-01	A/Thailand/CU-B21760/2017_EPI1133569	0.002151	9.525305999999977	8.155480999999984	5.490970665903822	0.003937818611889571	8.70827718985521	2018-02-01	ep_star-ne_star	south	2018
2017-09-01	A/Thailand/CU-B21873/2017_EPI1133571	0.005086	9.62319699999999	9.547213999999993	-0.8654090329678001	0.0006588194180076358	12.283608522639163	2018-02-01	ep_star-ne_star	south	2018
2017-09-01	A/Thailand/CU-C7086/2017_EPI1133563	5.7999999999999994e-05	7.893367999999988	8.079797999999984	2.4585991604822977	3.0013550144879368e-05	9.178883961101835	2018-02-01	ep_star-ne_star	south	2018
2017-09-01	A/Thailand/CU-CN148/2017_EPI1133570	0.002761	8.727544999999985	8.616781999999995	-3.897780538389324	0.00010109519638260959	11.304526470303143	2018-02-01	ep_star-ne_star	south	2018
2017-09-01	A/Thailand/CU-CN220/2017_EPI1133573	0.007691	9.525305999999977	8.155480999999984	5.490970665903822	0.014079852600670708	8.70827718985521	2018-02-01	ep_star-ne_star	south	2018
2017-09-01	A/Thailand/CU-E372/2017_EPI1133574	0.007691	9.525305999999977	8.155480999999984	5.490970665903822	0.014079852600670708	8.70827718985521	2018-02-01	ep_star-ne_star	south	2018
2017-09-01	A/Thailand/CU-E386/2017_EPI1133577	0.012889	10.499516999999985	9.154131999999995	-0.8654090329678001	0.0016695877858239122	9.704938014283567	2018-02-01	ep_star-ne_star	south	2018
2017-09-01	A/Thuringen/52/2017_EPI1040764	0.00046100000000000004	10.341192999999985	11.27154199999999	-0.8654090329678001	5.971603454611092e-05	12.540716880676467	2018-02-01	ep_star-ne_star	south	2018
2017-09-01	A/Toamasina/2755/2017_EPI1038879	0.010945	9.53027999999999	10.021661999999983	2.4585991604822977	0.005663763902339737	10.98386530848157	2018-02-01	ep_star-ne_star	south	2018
2017-09-01	A/Tocantins/448825/2017_EPI1003969	0.000113	11.34645199999998	12.183543999999982	8.523342171325346	0.0007318459301489485	12.186617721756237	2018-02-01	ep_star-ne_star	south	2018
2017-09-01	A/Torino/78/2017_EPI1046453	6.500000000000001e-05	8.661179999999987	9.418156999999987	2.4585991604822977	3.3635875162364824e-05	10.681901293997964	2018-02-01	ep_star-ne_star	south	2018
2017-09-01	A/Trabzon/178/2017_EPI1045217	7.7e-05	8.59963099999999	9.029254999999985	-0.5737723449392265	1.1263002457226512e-05	10.053351553557013	2018-02-01	ep_star-ne_star	south	2018
2017-09-01	A/Tunisia/1029/2017_EPI991718	4.1e-05	10.536244999999989	11.01229799999999	5.490970665903822	7.505837428520336e-05	12.038849478690906	2018-02-01	ep_star-ne_star	south	2018
2017-09-01	A/Tunisia/1037/2017_EPI991724	4.1e-05	8.59963099999999	9.029254999999985	-0.5737723449392265	5.997183126575156e-06	10.053351553557013	2018-02-01	ep_star-ne_star	south	2018
2017-09-01	A/Tunisia/1199/2017_EPI991726	4.6e-05	7.296459999999994	7.7030749999999895	2.4585991604822977	2.380385011490433e-05	8.717776008175827	2018-02-01	ep_star-ne_star	south	2018
2017-09-01	A/Tunisia/1365/2017_EPI991728	6.1e-05	9.894927999999986	10.310454999999987	8.523342171325346	0.0003950672720273085	11.233685627873772	2018-02-01	ep_star-ne_star	south	2018
2017-09-01	A/Tunisia/1375/2017_EPI991730	6.1e-05	11.47420199999998	11.934601999999987	5.490970665903822	0.00011167221539993671	12.748398435010225	2018-02-01	ep_star-ne_star	south	2018
2017-09-01	A/Tunisia/1591/2017_EPI991736	8.1e-05	8.59963099999999	9.029254999999985	-0.5737723449392265	1.184809349396555e-05	10.053351553557013	2018-02-01	ep_star-ne_star	south	2018
2017-09-01	A/Tunisia/1596/2017_EPI991738	8.1e-05	8.59963099999999	9.029254999999985	-0.5737723449392265	1.184809349396555e-05	10.053351553557013	2018-02-01	ep_star-ne_star	south	2018
2017-09-01	A/Tunisia/1709/2017_EPI991742	9e-05	9.57263799999999	10.029175999999984	2.4585991604822977	4.657275022481282e-05	10.495331147185595	2018-02-01	ep_star-ne_star	south	2018
2017-09-01	A/Tunisia/1935/2017_EPI991751	2.2e-05	8.59963099999999	9.029254999999985	-0.5737723449392265	3.2180007020647177e-06	10.053351553557013	2018-02-01	ep_star-ne_star	south	2018
2017-09-01	A/Tunisia/2204/2017_EPI991755	0.000181	9.554160999999992	10.016571999999984	2.4585991604822977	9.366297545212357e-05	11.042169241164679	2018-02-01	ep_star-ne_star	south	2018
2017-09-01	A/Tunisia/2206/2017_EPI991757	0.000181	10.652869999999984	12.512136999999996	-3.897780538389324	6.627392446668721e-06	12.69033089023218	2018-02-01	ep_star-ne_star	south	2018
2017-09-01	A/Tunisia/2240/2017_EPI991759	0.00019099999999999998	7.51411799999999	8.248991999999989	2.4585991604822977	9.883772547710277e-05	8.511255884543697	2018-02-01	ep_star-ne_star	south	2018
2017-09-01	A/Tunisia/2788/2017_EPI991767	0.00038199999999999996	7.296459999999994	7.7030749999999895	2.4585991604822977	0.00019767545095420553	8.717776008175827	2018-02-01	ep_star-ne_star	south	2018
2017-09-01	A/Tunisia/739/2017_EPI991780	2.8000000000000013e-05	9.592496999999987	10.39638999999999	5.490970665903822	5.12593775606267e-05	11.408463849147743	2018-02-01	ep_star-ne_star	south	2018
2017-09-01	A/Tunisia/744/2017_EPI991784	2.8000000000000013e-05	9.554160999999992	10.016571999999984	2.4585991604822977	1.4489300069941772e-05	11.042169241164679	2018-02-01	ep_star-ne_star	south	2018
2017-09-01	A/Uruguay/343/2017_EPI1048951	0.011182	9.388001999999984	10.339840999999991	-3.897780538389324	0.0004094337145781748	11.614010989581137	2018-02-01	ep_star-ne_star	south	2018
2017-09-01	A/Valdivia/55159/2017_EPI1049247	0.015687	10.443160999999977	11.320399999999982	-3.897780538389324	0.0005743862171872498	11.05468545297527	2018-02-01	ep_star-ne_star	south	2018
2017-09-01	A/Victoria/1000/2017_EPI1022118	4.3e-05	8.211267999999992	8.597268999999983	-0.5737723449392265	6.289728644944676e-06	10.195888146320977	2018-02-01	ep_star-ne_star	south	2018
2017-09-01	A/Victoria/500/2017_EPI1045330	0.011182	8.664992999999987	7.196801999999984	2.4585991604822977	0.005786405477931743	8.150701246656515	2018-02-01	ep_star-ne_star	south	2018
2017-09-01	A/Victoria/540/2017_EPI1045561	0.017222	11.58770699999998	13.499792999999986	-0.8654090329678001	0.0022308666962106774	13.754508963725224	2018-02-01	ep_star-ne_star	south	2018
2017-09-01	A/Visby/5/2017_EPI988369	0.000331	9.120357999999989	9.810771999999984	2.4585991604822977	0.0001712842258268116	11.126110481674656	2018-02-01	ep_star-ne_star	south	2018
2017-09-01	A/WAKAYAMA/104/2017_EPI1037878	0.003273	9.648356999999976	8.223388999999981	5.490970665903822	0.005991855098426112	9.407573571848808	2018-02-01	ep_star-ne_star	south	2018
2017-09-01	A/Washington/40/2017_EPI1017383	0.001998	10.956574999999983	11.42636599999999	2.4585991604822977	0.0010339150549908448	13.104339923044089	2018-02-01	ep_star-ne_star	south	2018
2017-09-01	A/West_Virginia/22/2017_EPI1042695	0.014661000000000002	9.698211999999987	9.616650999999994	-0.8654090329678001	0.0018991253416063608	12.300728219619936	2018-02-01	ep_star-ne_star	south	2018
2017-09-01	A/Wisconsin/26/2017_EPI964378	0.000181	8.140357999999987	8.536066999999987	2.166962472453724	8.29458251145762e-05	9.696959207636732	2018-02-01	ep_star-ne_star	south	2018
2017-09-01	A/Wisconsin/318/2017_EPI1049815	0.020848	9.957223999999977	10.582242999999993	2.4585991604822977	0.01078831885207664	12.122728229069452	2018-02-01	ep_star-ne_star	south	2018
2017-09-01	A/Wyoming/18/2017_EPI1049672	0.019456	6.893494999999996	7.079980999999994	-0.5737723449392265	0.0028458828026986884	8.17894398820213	2018-02-01	ep_star-ne_star	south	2018
2017-09-01	A/YAMAGATA/121/2017_EPI1037926	0.002574	10.420067999999985	11.116116999999994	8.523342171325346	0.01667054357702118	11.238635892258632	2018-02-01	ep_star-ne_star	south	2018
2017-09-01	A/YAMANASHI/17122/2017_EPI1010357	0.0011560000000000001	8.675951999999988	7.167308999999984	-6.930152043810848	1.1964540553483774e-05	8.384364180500723	2018-02-01	ep_star-ne_star	south	2018
2017-09-01	A/YOKOHAMA/131/2017_EPI1010361	0.001854	9.67223299999998	8.167295999999984	-3.897780538389324	6.78850032935017e-05	9.38422841049413	2018-02-01	ep_star-ne_star	south	2018
2017-09-01	A/YOKOHAMA/139/2017_EPI1037870	0.005877	12.075064999999983	13.253674999999983	2.166962472453724	0.002693218862974389	13.69644390939716	2018-02-01	ep_star-ne_star	south	2018
2017-09-01	A/Yunnan-Chuxiong/1376/2017_EPI1029991	0.002761	7.523421999999989	8.21498999999999	-0.5737723449392265	0.0004038590881091221	8.521274409938156	2018-02-01	ep_star-ne_star	south	2018
2018-09-01	/AstanaZVL/381/2018_EPI1200857	0.000143	9.151193999999993	11.803198999999992	-2.042178663402046	1.9239293353009805e-05	7.611485790629187	2019-02-01	ep_star-ne_star	south	2019
2018-09-01	A/AICHI/94/2018_EPI1257997	0.00016	9.481235999999992	11.803966999999982	0.6065967428543532	6.490601631975084e-05	7.502472083860028	2019-02-01	ep_star-ne_star	south	2019
2018-09-01	A/AMAGASAKI/3011/2018_EPI1270499	0.002879	11.849274999999983	6.81056199999999	-2.042178663402046	0.0003873421368064002	12.568604149821414	2019-02-01	ep_star-ne_star	south	2019
2018-09-01	A/Aberystwyth/5867/2018_EPI1275605	0.000554	8.308814999999994	10.845157	-2.042178663402046	7.453544417879322e-05	6.639943533759039	2019-02-01	ep_star-ne_star	south	2019
2018-09-01	A/Abu_Dhabi/024/2018_EPI1260949	2.7000000000000002e-05	12.093876999999981	9.180385999999984	0.6065967428543532	1.0952890253957954e-05	11.872507316552719	2019-02-01	ep_star-ne_star	south	2019
2018-09-01	A/Alabama/18/2018_EPI1197189	0.00016	9.308483999999996	11.839512999999991	-2.042178663402046	2.1526482073297683e-05	7.639900480794899	2019-02-01	ep_star-ne_star	south	2019
2018-09-01	A/Alaska/43/2018_EPI1253738	0.0070989999999999	10.213189999999994	12.766790999999989	3.255372149110752	0.008683084770935105	8.295652989537855	2019-02-01	ep_star-ne_star	south	2019
2018-09-01	A/Alaska/46/2018_EPI1273852	0.0135539999999999	10.644447999999988	13.568901999999987	0.6065967428543532	0.005498350907486852	8.627976256926287	2019-02-01	ep_star-ne_star	south	2019
2018-09-01	A/Algeria/418/2018_EPI1177313	3.7e-05	12.630208999999974	7.303121999999986	0.6065967428543532	1.500951627394238e-05	13.468973144457918	2019-02-01	ep_star-ne_star	south	2019
2018-09-01	A/Algeria/418/2018_EPI1223482	3.7e-05	12.630208999999974	7.303121999999986	0.6065967428543532	1.500951627394238e-05	13.468973144457918	2019-02-01	ep_star-ne_star	south	2019
2018-09-01	A/Amazonas/151285-IEC/2018_EPI1268878	0.000199	8.308814999999994	10.845157	-2.042178663402046	2.677356207866399e-05	6.639943533759039	2019-02-01	ep_star-ne_star	south	2019
2018-09-01	A/Ankara/253/2018_EPI1243353	4.2e-05	12.968599999999984	13.989778999999976	-2.042178663402046	5.650701544240641e-06	12.425284863435454	2019-02-01	ep_star-ne_star	south	2019
2018-09-01	A/Ankara/p148/2018_EPI1243357	3.5e-05	13.96851899999998	14.989768999999992	0.6065967428543532	1.4198191069945495e-05	13.425256467053313	2019-02-01	ep_star-ne_star	south	2019
2018-09-01	A/Antofagasta/37837/2018_EPI1260837	0.004788000000000001	13.511199999999986	8.302591999999995	3.255372149110752	0.005856403702385953	14.075748328877498	2019-02-01	ep_star-ne_star	south	2019
2018-09-01	A/Argentina/56/2018_EPI1268536	0.015671	11.609615999999992	13.68657699999998	5.9041475553671505	0.05779436124766843	9.297904553523194	2019-02-01	ep_star-ne_star	south	2019
2018-09-01	A/Arizona/6666/2018_EPI1298905	1.4999999999999999e-05	9.688206999999993	11.254008999999995	3.255372149110752	1.8347129393439698e-05	7.758199931556149	2019-02-01	ep_star-ne_star	south	2019
2018-09-01	A/Astana/ZVL11/2018_EPI1172907	1.4000000000000001e-05	9.457081999999993	11.395983999999986	-2.042178663402046	1.8835671814135474e-06	8.789276034629383	2019-02-01	ep_star-ne_star	south	2019
2018-09-01	A/Bahia/105/2018_EPI1279436	0.00022200000000000003	8.308814999999994	10.845157	-2.042178663402046	2.9867993876700537e-05	6.639943533759039	2019-02-01	ep_star-ne_star	south	2019
2018-09-01	A/Bahia/20/2018_EPI1179692	2.7000000000000002e-05	12.36619699999999	13.793350999999987	-2.042178663402046	3.6325938498689836e-06	12.078804979970874	2019-02-01	ep_star-ne_star	south	2019
2018-09-01	A/Bahia/563/2018_EPI1274004	0.004016	12.36619699999999	13.793350999999987	-2.042178663402046	0.0005403147000397717	12.078804979970874	2019-02-01	ep_star-ne_star	south	2019
2018-09-01	A/Bahrain/274/2018_EPI1259190	0.001384	12.676593999999978	7.908701999999986	0.6065967428543532	0.0005614370411658448	13.497716730830057	2019-02-01	ep_star-ne_star	south	2019
2018-09-01	A/Bahrain/326/2018_EPI1259206	0.002665	12.917410999999975	7.850717999999985	3.255372149110752	0.003259673322234453	13.570315495410792	2019-02-01	ep_star-ne_star	south	2019
2018-09-01	A/Bahrain/340/2018_EPI1259182	0.004162	11.919757999999982	6.908875999999991	-2.042178663402046	0.000559957614931656	12.582234273469869	2019-02-01	ep_star-ne_star	south	2019
2018-09-01	A/Bahrain/RVT0145/2018_EPI1302227	0.00016	9.719960999999996	12.569072999999987	0.6065967428543532	6.490601631975084e-05	7.649876993564618	2019-02-01	ep_star-ne_star	south	2019
2018-09-01	A/Bahrain/RVT0147/2018_EPI1302133	0.00022200000000000003	8.720291999999993	11.569082999999994	-2.042178663402046	2.9867993876700537e-05	6.650006805597262	2019-02-01	ep_star-ne_star	south	2019
2018-09-01	A/Belgium/G0369/2018_EPI1269344	0.00026000000000000003	8.308814999999994	10.845157	-2.042178663402046	3.4980533369108734e-05	6.639943533759039	2019-02-01	ep_star-ne_star	south	2019
2018-09-01	A/Beni_mellal/735/2018_EPI1223484	1.7e-05	12.923200999999974	7.8769219999999835	-6.066520273953737	4.2763486184459723e-07	13.582909215373146	2019-02-01	ep_star-ne_star	south	2019
2018-09-01	A/Brazil/0596/2018_EPI1266261	0.002019	10.18850499999999	12.798342999999987	-10.09086188450543	9.49580095169656e-06	8.617706819117064	2019-02-01	ep_star-ne_star	south	2019
2018-09-01	A/Brazil/128/2018_EPI1262543	0.0085209999999999	10.229974999999996	12.844814999999985	3.255372149110752	0.01042239263743319	8.59783585364455	2019-02-01	ep_star-ne_star	south	2019
2018-09-01	A/Brazil/6029/2018_EPI1262535	0.000554	8.308814999999994	10.845157	-2.042178663402046	7.453544417879322e-05	6.639943533759039	2019-02-01	ep_star-ne_star	south	2019
2018-09-01	A/Brazil/8260/2018_EPI1266181	0.001384	8.308814999999994	10.845157	-2.042178663402046	0.00018620406993402491	6.639943533759039	2019-02-01	ep_star-ne_star	south	2019
2018-09-01	A/Brisbane/01/2018_EPI1179488	1.4999999999999999e-05	9.566511999999996	12.417564999999989	-6.066520273953737	3.7732487809817404e-07	7.6187320365474225	2019-02-01	ep_star-ne_star	south	2019
2018-09-01	A/Brisbane/1000/2018_EPI1251125	0.0019379999999999998	9.48322299999999	11.225764999999992	-2.042178663402046	0.00026073951411281814	8.03788808711205	2019-02-01	ep_star-ne_star	south	2019
2018-09-01	A/Brisbane/32/2018_EPI1272496	0.000773	11.380912999999989	14.362044999999984	-0.7689694614409393	0.00017677769257540583	9.574162859628771	2019-02-01	ep_star-ne_star	south	2019
2018-09-01	A/Brisbane/34/2018_EPI1251158	0.0009289999999999999	16.484440999999975	17.922481999999984	0.6065967428543532	0.00037686055725655326	17.736252550477126	2019-02-01	ep_star-ne_star	south	2019
2018-09-01	A/Brisbane/57/2018_EPI1251868	0.0070989999999999	9.658308999999996	11.970598999999986	0.6065967428543532	0.0028797988115869043	7.596398836397534	2019-02-01	ep_star-ne_star	south	2019
2018-09-01	A/Brisbane/73/2018_EPI1269291	0.017172	9.467321999999989	11.236148999999992	3.255372149110752	0.021003793729609768	7.649032717536393	2019-02-01	ep_star-ne_star	south	2019
2018-09-01	A/Brisbane/89/2018_EPI1274935	0.021176	10.424958999999989	12.235944999999989	5.9041475553671505	0.07809670051564206	8.49283931650511	2019-02-01	ep_star-ne_star	south	2019
2018-09-01	A/CHIBA-C/73/2018_EPI1265717	0.003737	9.641473999999997	12.470758999999989	-2.042178663402046	0.000502777896924459	7.635256766718939	2019-02-01	ep_star-ne_star	south	2019
2018-09-01	A/California/164/2017_EPI1163652	1e-05	8.308814999999994	10.845157	-2.042178663402046	1.3454051295811052e-06	6.639943533759039	2019-02-01	ep_star-ne_star	south	2019
2018-09-01	A/California/169/2017_EPI1181132	1.2e-05	8.308814999999994	10.845157	-2.042178663402046	1.6144861554973259e-06	6.639943533759039	2019-02-01	ep_star-ne_star	south	2019
2018-09-01	A/California/NEPMU5-ILI-0008/2017_EPI1301848	1.1e-05	8.308814999999994	10.845157	-2.042178663402046	1.4799456425392156e-06	6.639943533759039	2019-02-01	ep_star-ne_star	south	2019
2018-09-01	A/Congo/297/2018_EPI1269174	0.0093	12.500875999999993	13.804786999999992	-14.115203495057122	8.17804195568795e-06	12.56516681467725	2019-02-01	ep_star-ne_star	south	2019
2018-09-01	A/Congo/326/2018_EPI1269134	0.012884999999999999	12.500875999999993	13.804786999999992	-14.115203495057122	1.1330545225703141e-05	12.56516681467725	2019-02-01	ep_star-ne_star	south	2019
2018-09-01	A/Congo/330/2018_EPI1269150	0.013217	10.59367599999999	11.885557999999993	-6.066520273953737	0.00033247352758823776	10.56526384062788	2019-02-01	ep_star-ne_star	south	2019
2018-09-01	A/Congo/357/2018_EPI1269158	0.018338	11.531692999999983	12.287073999999995	-3.4177448676973383	0.0013908748126464558	11.511655871428166	2019-02-01	ep_star-ne_star	south	2019
2018-09-01	A/Connecticut/19/2018_EPI1271368	0.000455	10.306449999999995	12.819380999999986	3.255372149110752	0.0005565295916010042	8.629165006671201	2019-02-01	ep_star-ne_star	south	2019
2018-09-01	A/Connecticut/26/2018_EPI1228168	0.0017850000000000001	10.47660399999999	12.131294999999989	0.6065967428543532	0.0007241077445672203	9.035454189739072	2019-02-01	ep_star-ne_star	south	2019
2018-09-01	A/Coyhaique/39731/2018_EPI1256319	0.0082709999999999	11.442686999999992	14.480735999999983	5.9041475553671505	0.0305032966549333	8.7855383482415	2019-02-01	ep_star-ne_star	south	2019
2018-09-01	A/Coyhaique/39731/2018_EPI1260861	0.0082709999999999	11.442686999999992	14.480735999999983	5.9041475553671505	0.0305032966549333	8.7855383482415	2019-02-01	ep_star-ne_star	south	2019
2018-09-01	A/Curico/60608/2018_EPI1273948	0.033783	11.408204999999992	14.480427999999982	5.9041475553671505	0.12459108582923761	8.658369363202759	2019-02-01	ep_star-ne_star	south	2019
2018-09-01	A/Delaware/21/2018_EPI1224527	0.0007379999999999	9.718770999999997	12.537128999999986	-6.066520273953737	1.8564384002427648e-05	7.649968821559529	2019-02-01	ep_star-ne_star	south	2019
2018-09-01	A/Delaware/31/2018_EPI1245084	0.0056689999999999996	8.720291999999993	11.569082999999994	-2.042178663402046	0.0007627101679595283	6.650006805597262	2019-02-01	ep_star-ne_star	south	2019
2018-09-01	A/EHIME/27/2018_EPI1253068	0.00064	10.578341999999992	13.556549999999984	3.255372149110752	0.000782810854120094	8.438110401608016	2019-02-01	ep_star-ne_star	south	2019
2018-09-01	A/Ecuador/103/2018_EPI1181317	2.4e-05	8.308814999999994	10.845157	-2.042178663402046	3.2289723109946518e-06	6.639943533759039	2019-02-01	ep_star-ne_star	south	2019
2018-09-01	A/Ecuador/1898/2018_EPI1268998	0.001064	9.672746999999998	12.43429299999998	0.6065967428543532	0.00043162500852634314	7.628568340443151	2019-02-01	ep_star-ne_star	south	2019
2018-09-01	A/Egypt/278/2018_EPI1256070	2.4e-05	12.595349999999973	7.3031379999999855	-2.042178663402046	3.2289723109946518e-06	13.463572766812877	2019-02-01	ep_star-ne_star	south	2019
2018-09-01	A/England/80120221/2017_EPI1173236	1.2e-05	9.273631999999996	11.844985999999992	0.6065967428543532	4.867951223981313e-06	7.634403169859306	2019-02-01	ep_star-ne_star	south	2019
2018-09-01	A/England/80360537/2018_EPI1188601	4e-05	9.151193999999993	11.803198999999992	-2.042178663402046	5.381620518324421e-06	7.611485790629187	2019-02-01	ep_star-ne_star	south	2019
2018-09-01	A/England/80480600/2018_EPI1189153	6.1e-05	10.483089999999988	12.22070099999999	-6.066520273953737	1.5344545042659078e-06	9.037885018203042	2019-02-01	ep_star-ne_star	south	2019
2018-09-01	A/England/80480635/2018_EPI1200261	4.5e-05	10.237268999999994	12.844238999999986	0.6065967428543532	1.8254817089929925e-05	8.635722692653587	2019-02-01	ep_star-ne_star	south	2019
2018-09-01	A/England/80600014/2018_EPI1199806	9.7e-05	10.481030999999994	12.799753999999988	3.255372149110752	0.00011864477007757672	8.502234794319877	2019-02-01	ep_star-ne_star	south	2019
2018-09-01	A/England/80620419/2018_EPI1204342	6.1e-05	9.308681999999994	11.845146999999992	0.6065967428543532	2.4745418721905006e-05	7.639894042921601	2019-02-01	ep_star-ne_star	south	2019
2018-09-01	A/England/80700360/2018_EPI1204574	0.000143	9.481235999999992	11.803966999999982	0.6065967428543532	5.8009752085777316e-05	7.502472083860028	2019-02-01	ep_star-ne_star	south	2019
2018-09-01	A/England/80720494/2018_EPI1199990	0.000152	10.928092999999985	5.9088859999999945	-2.042178663402046	2.04501579696328e-05	11.583354188699724	2019-02-01	ep_star-ne_star	south	2019
2018-09-01	A/England/80800424/2018_EPI1200078	0.00018899999999999999	8.308814999999994	10.845157	-2.042178663402046	2.542815694908288e-05	6.639943533759039	2019-02-01	ep_star-ne_star	south	2019
2018-09-01	A/England/81080585/2018_EPI1242673	0.00017900000000000001	9.308245999999993	11.845100999999993	0.6065967428543532	7.261360575772125e-05	7.63971717402713	2019-02-01	ep_star-ne_star	south	2019
2018-09-01	A/England/81100469/2018_EPI1242333	0.00011499999999999999	11.63077799999998	6.303177999999992	-2.042178663402046	1.5472158990182707e-05	12.469199504189834	2019-02-01	ep_star-ne_star	south	2019
2018-09-01	A/Espirito_Santo/1059/2017_EPI1188373	1e-05	8.308814999999994	10.845157	-2.042178663402046	1.3454051295811052e-06	6.639943533759039	2019-02-01	ep_star-ne_star	south	2019
2018-09-01	A/Estonia/111435/2018_EPI1177368	2.7000000000000002e-05	10.928092999999985	5.9088859999999945	-2.042178663402046	3.6325938498689836e-06	11.583354188699724	2019-02-01	ep_star-ne_star	south	2019
2018-09-01	A/Fes/1440/2018_EPI1252535	0.000373	11.92472199999998	6.908875999999991	-2.042178663402046	5.018361133337522e-05	12.582947199410878	2019-02-01	ep_star-ne_star	south	2019
2018-09-01	A/Fiji/22/2018_EPI1269259	0.00186	10.440790999999987	7.4711199999999875	-2.042178663402046	0.00025024535410208556	10.444692325003167	2019-02-01	ep_star-ne_star	south	2019
2018-09-01	A/Fiji/33/2018_EPI1269252	0.002102	10.440790999999987	7.4711199999999875	-2.042178663402046	0.0002828041582379483	10.444692325003167	2019-02-01	ep_star-ne_star	south	2019
2018-09-01	A/Fiji/38/2018_EPI1269261	0.002102	10.440790999999987	7.4711199999999875	-2.042178663402046	0.0002828041582379483	10.444692325003167	2019-02-01	ep_star-ne_star	south	2019
2018-09-01	A/Fiji/49/2018_EPI1269249	0.004625	10.440790999999987	7.4711199999999875	-2.042178663402046	0.0006222498724312611	10.444692325003167	2019-02-01	ep_star-ne_star	south	2019
2018-09-01	A/Fiji/56/2018_EPI1269255	0.0093	10.440790999999987	7.4711199999999875	-2.042178663402046	0.0012512267705104276	10.444692325003167	2019-02-01	ep_star-ne_star	south	2019
2018-09-01	A/Finland/920/2018_EPI1270782	0.002102	12.888144999999977	7.8552619999999855	-3.4177448676973383	0.00015942953736409912	13.467074615802268	2019-02-01	ep_star-ne_star	south	2019
2018-09-01	A/Franche_Comte/1802/2018_EPI1252827	0.0064569999999999	12.483128999999977	6.950279999999983	-6.066520273953737	0.00016242578252532482	13.449316114316437	2019-02-01	ep_star-ne_star	south	2019
2018-09-01	A/Goias/898260/2018_EPI1267587	0.001384	8.308814999999994	10.845157	-2.042178663402046	0.00018620406993402491	6.639943533759039	2019-02-01	ep_star-ne_star	south	2019
2018-09-01	A/Guatemala/137/2018_EPI1273670	0.007324	8.720291999999993	11.569082999999994	-2.042178663402046	0.0009853747169052012	6.650006805597262	2019-02-01	ep_star-ne_star	south	2019
2018-09-01	A/Guatemala/138/2018_EPI1274100	0.002879	10.274724999999995	12.844700999999985	3.255372149110752	0.0035214257015808593	8.625606468443138	2019-02-01	ep_star-ne_star	south	2019
2018-09-01	A/Guyane/023/2018_EPI1180660	1.6e-05	8.308814999999994	10.845157	-2.042178663402046	2.1526482073297677e-06	6.639943533759039	2019-02-01	ep_star-ne_star	south	2019
2018-09-01	A/Guyane/499/2018_EPI1273916	0.000455	9.302195999999995	11.750686999999989	-2.042178663402046	6.121593339594028e-05	7.637509636386066	2019-02-01	ep_star-ne_star	south	2019
2018-09-01	A/HK/1078/2018_EPI1267293	0.016041	15.421881999999984	10.899813999999987	1.8798059448154594	0.011060921206447074	16.39491543795157	2019-02-01	ep_star-ne_star	south	2019
2018-09-01	A/HYOGO/1204/2018_EPI1257941	8.1e-05	9.641473999999997	12.470758999999989	-2.042178663402046	1.0897781549606952e-05	7.635256766718939	2019-02-01	ep_star-ne_star	south	2019
2018-09-01	A/HYOGO/3029/2018_EPI1270507	0.011608	12.50428199999999	15.486181999999982	8.55292296162355	0.1290797304530044	9.579415173459232	2019-02-01	ep_star-ne_star	south	2019
2018-09-01	A/Hawaii/13/2018_EPI1197718	9.7e-05	8.720291999999993	11.569082999999994	-2.042178663402046	1.3050429756936718e-05	6.650006805597262	2019-02-01	ep_star-ne_star	south	2019
2018-09-01	A/Hawaii/42/2018_EPI1273734	0.012237	9.268658999999992	11.845134999999992	0.6065967428543532	0.004964093260654943	7.572220985990066	2019-02-01	ep_star-ne_star	south	2019
2018-09-01	A/Hawaii/44/2018_EPI1273766	0.015671	12.093510999999983	9.231203999999984	3.255372149110752	0.019167857648306235	11.94942904486644	2019-02-01	ep_star-ne_star	south	2019
2018-09-01	A/Hawaii/47/2018_EPI1271539	0.031784	12.787531999999977	10.208717999999998	-0.7689694614409393	0.007268696223566234	12.55597773431923	2019-02-01	ep_star-ne_star	south	2019
2018-09-01	A/Hong_Kong/1079/2018_EPI1270786	0.016041	14.45441599999998	9.905795999999983	-0.7689694614409393	0.0036684229839613	15.417341789593701	2019-02-01	ep_star-ne_star	south	2019
2018-09-01	A/Hong_Kong/1100/2018_EPI1270790	0.017557	14.28922399999999	9.02707899999999	-0.7689694614409393	0.004015117656593015	15.353518121106541	2019-02-01	ep_star-ne_star	south	2019
2018-09-01	A/Hong_Kong/1110/2018_EPI1270792	0.016791	15.268749999999985	10.689121999999985	-0.7689694614409393	0.0038399407969387316	16.377593992843874	2019-02-01	ep_star-ne_star	south	2019
2018-09-01	A/Hong_Kong/639/2018_EPI1243189	0.0017850000000000001	12.845693999999977	7.810551999999984	0.6065967428543532	0.0007241077445672203	13.567155934332272	2019-02-01	ep_star-ne_star	south	2019
2018-09-01	A/Hong_Kong/640/2018_EPI1243191	0.002019	8.308814999999994	10.845157	-2.042178663402046	0.00027163729566242507	6.639943533759039	2019-02-01	ep_star-ne_star	south	2019
2018-09-01	A/Hong_Kong/656/2018_EPI1243195	0.002278	10.63690699999999	13.470748999999987	-2.042178663402046	0.00030648328851857576	8.634643800141907	2019-02-01	ep_star-ne_star	south	2019
2018-09-01	A/IWATE/30/2018_EPI1265725	0.006666	9.481235999999992	11.803966999999982	0.6065967428543532	0.002704146904921619	7.502472083860028	2019-02-01	ep_star-ne_star	south	2019
2018-09-01	A/Iceland/136/2017_EPI1169807	1e-05	9.534626	12.352408999999993	-6.066520273953737	2.5154991873211606e-07	7.610259008847417	2019-02-01	ep_star-ne_star	south	2019
2018-09-01	A/Iceland/137/2017_EPI1169809	1e-05	9.281691999999996	11.84501099999999	-2.042178663402046	1.3454051295811052e-06	7.6099720309702334	2019-02-01	ep_star-ne_star	south	2019
2018-09-01	A/Iceland/80/2018_9142_EPI1260054	0.003106	10.089210999999993	12.20471499999999	0.6065967428543532	0.001259988041807163	8.557877821429459	2019-02-01	ep_star-ne_star	south	2019
2018-09-01	A/Illinois/36/2018_EPI1250221	0.000121	17.387518999999962	18.912515999999975	3.255372149110752	0.00014800017710708024	18.67912613188051	2019-02-01	ep_star-ne_star	south	2019
2018-09-01	A/Illinois/6630/2018_EPI1298953	2.3e-05	8.308814999999994	10.845157	-2.042178663402046	3.0944317980365418e-06	6.639943533759039	2019-02-01	ep_star-ne_star	south	2019
2018-09-01	A/India/4658/2018_EPI1274116	9.7e-05	12.629527999999972	7.701887999999991	-6.066520273953737	2.4400342117015254e-06	13.528770244835217	2019-02-01	ep_star-ne_star	south	2019
2018-09-01	A/India/4666/2018_EPI1274108	0.000373	12.668439999999977	7.692031999999984	-2.042178663402046	5.018361133337522e-05	13.533112718269063	2019-02-01	ep_star-ne_star	south	2019
2018-09-01	A/Indiana/19/2018_EPI1221629	0.001017	9.263581999999992	11.845086999999992	0.6065967428543532	0.00041255886623241624	7.639053861846973	2019-02-01	ep_star-ne_star	south	2019
2018-09-01	A/Indiana/27/2018_EPI1272688	0.021594	47.23586999999994	49.712399	-12.841994293096015	3.227708980368513e-05	48.863627698061194	2019-02-01	ep_star-ne_star	south	2019
2018-09-01	A/Indiana/28/2018_EPI1271547	0.029279000000000003	10.42459999999999	12.225194999999989	-6.066520273953737	0.0007365130070557627	9.036407795910238	2019-02-01	ep_star-ne_star	south	2019
2018-09-01	A/Iowa/55/2018_EPI1251887	0.006666	16.420052999999978	17.918497999999985	0.6065967428543532	0.002704146904921619	17.701552483522654	2019-02-01	ep_star-ne_star	south	2019
2018-09-01	A/Iquique/37845/2018_EPI1256445	0.004788000000000001	10.471648999999996	12.803956999999988	3.255372149110752	0.005856403702385953	8.49075927645526	2019-02-01	ep_star-ne_star	south	2019
2018-09-01	A/Jambyl/ZVL434/2018_EPI1200854	4.5e-05	9.48322299999999	11.225764999999992	-2.042178663402046	6.054323083114973e-06	8.03788808711205	2019-02-01	ep_star-ne_star	south	2019
2018-09-01	A/Japan/6631/2018_EPI1298954	2.3e-05	8.308814999999994	10.845157	-2.042178663402046	3.0944317980365418e-06	6.639943533759039	2019-02-01	ep_star-ne_star	south	2019
2018-09-01	A/Japan/FDX70356/2018_EPI1301500	0.00018899999999999999	10.308036999999993	12.845136999999985	0.6065967428543532	7.667023177770567e-05	8.63963685283193	2019-02-01	ep_star-ne_star	south	2019
2018-09-01	A/Jilin-Chaoyang/111/2018_EPI1168476	1.4000000000000001e-05	11.122692999999982	13.62846299999999	-2.042178663402046	1.8835671814135474e-06	9.600101757762737	2019-02-01	ep_star-ne_star	south	2019
2018-09-01	A/Jordan/10773/2018_EPI1270796	0.000234	11.742206999999985	13.030713999999989	-2.042178663402046	3.148248003219786e-05	11.714202952265495	2019-02-01	ep_star-ne_star	south	2019
2018-09-01	A/KANAGAWA/77/2018_EPI1265645	0.0019379999999999998	10.614350999999989	13.470612999999988	0.6065967428543532	0.000786174122672982	8.605285263930133	2019-02-01	ep_star-ne_star	south	2019
2018-09-01	A/KANAGAWA/81/2018_EPI1265741	0.005484	10.64351599999999	13.536889999999985	0.6065967428543532	0.00222465370935946	8.366827998659618	2019-02-01	ep_star-ne_star	south	2019
2018-09-01	A/KANAGAWA/AC1731/2018_EPI1241753	0.000373	8.720291999999993	11.569082999999994	-2.042178663402046	5.018361133337522e-05	6.650006805597262	2019-02-01	ep_star-ne_star	south	2019
2018-09-01	A/KANAGAWA/AC1736/2018_EPI1252964	0.00081	10.440790999999987	7.4711199999999875	-2.042178663402046	0.0001089778154960695	10.444692325003167	2019-02-01	ep_star-ne_star	south	2019
2018-09-01	A/KANAGAWA/AC1740/2018_EPI1265669	0.011608	10.64717499999999	13.568773999999987	3.255372149110752	0.014198231866603201	8.544945640867962	2019-02-01	ep_star-ne_star	south	2019
2018-09-01	A/KANAGAWA/IC1719/2018_EPI1201669	2.7000000000000002e-05	10.440790999999987	7.4711199999999875	-2.042178663402046	3.6325938498689836e-06	10.444692325003167	2019-02-01	ep_star-ne_star	south	2019
2018-09-01	A/KANAGAWA/IC1739/2018_EPI1241761	0.00018899999999999999	12.44189399999999	15.362094999999979	-0.7689694614409393	4.3222488870312674e-05	10.595249097378554	2019-02-01	ep_star-ne_star	south	2019
2018-09-01	A/KAWASAKI/68/2018_EPI1265693	0.002019	10.573357999999986	13.561542999999988	3.255372149110752	0.0024695236163569836	8.095951962192222	2019-02-01	ep_star-ne_star	south	2019
2018-09-01	A/KITAKYUSYU/2/2018_EPI1252972	9.7e-05	9.534626	12.352408999999993	-6.066520273953737	2.4400342117015254e-06	7.610259008847417	2019-02-01	ep_star-ne_star	south	2019
2018-09-01	A/Kazakhstan/038/2018_EPI1210258	2.6000000000000002e-05	9.299783999999995	11.844996999999992	-2.042178663402046	3.4980533369108735e-06	7.637835045167335	2019-02-01	ep_star-ne_star	south	2019
2018-09-01	A/Kazakhstan/128/2018_EPI1245546	9.7e-05	11.174346999999985	13.166727999999992	3.255372149110752	0.00011864477007757672	9.468666979661382	2019-02-01	ep_star-ne_star	south	2019
2018-09-01	A/Kazakhstan/150/2018_EPI1245252	5.6999999999999996e-05	8.308814999999994	10.845157	-2.042178663402046	7.668809238612298e-06	6.639943533759039	2019-02-01	ep_star-ne_star	south	2019
2018-09-01	A/Kazakhstan/KR-46/2018_EPI1274874	0.002278	15.029380999999985	16.98720499999999	7.177356757328257	0.014280301116590172	13.350093024326695	2019-02-01	ep_star-ne_star	south	2019
2018-09-01	A/Kenya/134/2018_EPI1266213	0.000199	14.022182999999988	9.316272999999986	-4.7933110719926315	8.508875036893686e-06	14.832664886275019	2019-02-01	ep_star-ne_star	south	2019
2018-09-01	A/Konya/162/2018_EPI1243345	2.8999999999999997e-05	10.440790999999987	7.4711199999999875	-2.042178663402046	3.901674875785204e-06	10.444692325003167	2019-02-01	ep_star-ne_star	south	2019
2018-09-01	A/LaRioja/2189/2018_EPI1256076	0.001064	11.846572999999983	14.570655999999978	0.6065967428543532	0.00043162500852634314	10.11257284164547	2019-02-01	ep_star-ne_star	south	2019
2018-09-01	A/Lipetsk/160/2018_EPI1270804	0.002189	11.891993999999984	6.906089999999991	-2.042178663402046	0.0002945091828653039	12.544315203190724	2019-02-01	ep_star-ne_star	south	2019
2018-09-01	A/Lithuania/MB10771/2018_EPI1270808	0.002102	10.928092999999985	5.9088859999999945	-2.042178663402046	0.0002828041582379483	11.583354188699724	2019-02-01	ep_star-ne_star	south	2019
2018-09-01	A/Madrid/2175/2018_EPI1260086	0.000554	10.070056999999995	12.80312899999999	0.6065967428543532	0.0002247370815071373	8.336160446743069	2019-02-01	ep_star-ne_star	south	2019
2018-09-01	A/Maine/30/2018_EPI1240001	0.002564	16.420052999999978	17.918497999999985	0.6065967428543532	0.0010401189115240071	17.701552483522654	2019-02-01	ep_star-ne_star	south	2019
2018-09-01	A/Maryland/6636/2018_EPI1298959	1.4999999999999999e-05	14.565855999999972	13.343574999999987	0.6065967428543532	6.084939029976641e-06	14.340090044341194	2019-02-01	ep_star-ne_star	south	2019
2018-09-01	A/Mauritius/2287/2018_EPI1270812	0.007324	11.165187999999985	8.264161999999985	-2.042178663402046	0.0009853747169052012	11.390617323903017	2019-02-01	ep_star-ne_star	south	2019
2018-09-01	A/Meknes/1218/2018_EPI1252553	0.00018899999999999999	12.920270999999975	7.908800999999984	-6.066520273953737	4.754293464036993e-06	13.582392302444799	2019-02-01	ep_star-ne_star	south	2019
2018-09-01	A/Meknes/1299/2018_EPI1255184	0.00032	12.811624999999976	7.897432999999994	-3.4177448676973383	2.427090958920634e-05	13.734665161156366	2019-02-01	ep_star-ne_star	south	2019
2018-09-01	A/Minnesota/13/2018_EPI1197285	9.7e-05	9.990525999999996	12.779326999999988	0.6065967428543532	3.9349272393848944e-05	8.549426580597205	2019-02-01	ep_star-ne_star	south	2019
2018-09-01	A/Montenegro/41/2017_EPI1177411	1.2e-05	9.151193999999993	11.803198999999992	-2.042178663402046	1.6144861554973259e-06	7.611485790629187	2019-02-01	ep_star-ne_star	south	2019
2018-09-01	A/Mozambique/0418/2018_EPI1271283	0.000199	12.259587999999976	7.6228659999999895	0.6065967428543532	8.072685779769012e-05	12.824673141825885	2019-02-01	ep_star-ne_star	south	2019
2018-09-01	A/Mozambique/2118/2018_EPI1271906	0.00022200000000000003	12.259587999999976	7.6228659999999895	0.6065967428543532	9.005709764365429e-05	12.824673141825885	2019-02-01	ep_star-ne_star	south	2019
2018-09-01	A/Mozambique/5118/2018_EPI1269214	6.4e-05	12.259587999999976	7.6228659999999895	0.6065967428543532	2.5962406527900335e-05	12.824673141825885	2019-02-01	ep_star-ne_star	south	2019
2018-09-01	A/Myanmar/18MI025/2018_EPI1260417	0.0034729999999999	10.928092999999985	5.9088859999999945	-2.042178663402046	0.00046725920150350435	11.583354188699724	2019-02-01	ep_star-ne_star	south	2019
2018-09-01	A/Myanmar/18MI026/2018_EPI1257563	0.0034729999999999	10.928092999999985	5.9088859999999945	-2.042178663402046	0.00046725920150350435	11.583354188699724	2019-02-01	ep_star-ne_star	south	2019
2018-09-01	A/Myanmar/18MI027/2018_EPI1257565	0.0034729999999999	10.928092999999985	5.9088859999999945	-2.042178663402046	0.00046725920150350435	11.583354188699724	2019-02-01	ep_star-ne_star	south	2019
2018-09-01	A/NAGANO-C/43/2018_EPI1270491	0.005484	9.654494999999997	12.561612999999985	0.6065967428543532	0.00222465370935946	7.3712773060783325	2019-02-01	ep_star-ne_star	south	2019
2018-09-01	A/NAGANO/2197/2018_EPI1270419	0.0024649999999999997	9.666382999999996	12.50923699999999	-6.066520273953737	6.20070549674666e-05	7.642522637030744	2019-02-01	ep_star-ne_star	south	2019
2018-09-01	A/NIIGATA-C/33/2018_EPI1270475	0.009571	11.391340999999993	14.25401499999998	0.6065967428543532	0.0038825967637270953	9.586823290500323	2019-02-01	ep_star-ne_star	south	2019
2018-09-01	A/NIIGATA/327/2018_EPI1258005	0.00061	9.270526999999994	11.75135399999999	0.6065967428543532	0.0002474541872190501	7.330991209972887	2019-02-01	ep_star-ne_star	south	2019
2018-09-01	A/Nebraska/08/2018_EPI1271555	0.033392000000000005	9.009374999999991	11.797452999999987	0.6065967428543532	0.013545885605932003	7.515975438602073	2019-02-01	ep_star-ne_star	south	2019
2018-09-01	A/Netherlands/01797/18_EPI1227143	0.000848	16.589025999999965	11.173954999999992	-2.042178663402046	0.00011409035498847771	17.338940508158117	2019-02-01	ep_star-ne_star	south	2019
2018-09-01	A/Netherlands/10406/2018_EPI1208776	0.000455	10.84906299999999	6.51132199999999	0.6065967428543532	0.00018457648390929148	11.231191402332806	2019-02-01	ep_star-ne_star	south	2019
2018-09-01	A/New_Caledonia/1/2018_EPI1242721	6.4e-05	8.720291999999993	11.569082999999994	-2.042178663402046	8.610592829319071e-06	6.650006805597262	2019-02-01	ep_star-ne_star	south	2019
2018-09-01	A/New_Jersey/35/2018_EPI1253266	0.0082709999999999	10.428135999999986	13.356286999999984	-6.066520273953737	0.00020805693778333065	8.595515690621545	2019-02-01	ep_star-ne_star	south	2019
2018-09-01	A/New_Jersey/38/2018_EPI1271457	0.029279000000000003	11.440086999999993	14.215824999999985	-3.4177448676973383	0.002220712380819914	9.615188317281394	2019-02-01	ep_star-ne_star	south	2019
2018-09-01	A/Niedersachsen/117/2018_EPI1245004	0.006053	11.63077799999998	6.303177999999992	-2.042178663402046	0.0008143737249354429	12.469199504189834	2019-02-01	ep_star-ne_star	south	2019
2018-09-01	A/North_Carolina/37/2018_EPI1228008	0.002102	17.384624999999964	18.918457999999973	0.6065967428543532	0.0008527027894007267	18.6959257461457	2019-02-01	ep_star-ne_star	south	2019
2018-09-01	A/North_Dakota/15/2018_EPI1261004	0.000528	9.307747999999997	11.845146999999992	0.6065967428543532	0.0002141898538551778	7.639515154051335	2019-02-01	ep_star-ne_star	south	2019
2018-09-01	A/North_Dakota/25/2018_EPI1239771	0.00277	16.420052999999978	17.918497999999985	0.6065967428543532	0.0011236854075356863	17.701552483522654	2019-02-01	ep_star-ne_star	south	2019
2018-09-01	A/North_Dakota/35/2017_EPI1205560	1.2e-05	9.308779999999995	11.79897699999999	0.6065967428543532	4.867951223981313e-06	7.639933797856597	2019-02-01	ep_star-ne_star	south	2019
2018-09-01	A/North_kazakhstan/ZVL454/2018_EPI1200858	0.000143	11.891993999999984	6.906089999999991	-2.042178663402046	1.9239293353009805e-05	12.544315203190724	2019-02-01	ep_star-ne_star	south	2019
2018-09-01	A/Northern_Ireland/13591/2018_EPI1270832	0.00277	8.720291999999993	11.569082999999994	-2.042178663402046	0.00037267722089396607	6.650006805597262	2019-02-01	ep_star-ne_star	south	2019
2018-09-01	A/OITA/1/2018_EPI1241689	5.6999999999999996e-05	10.928092999999985	5.9088859999999945	-2.042178663402046	7.668809238612298e-06	11.583354188699724	2019-02-01	ep_star-ne_star	south	2019
2018-09-01	A/OSAKA-C/2020/2018_EPI1252836	0.001163	10.457207999999994	12.803926999999986	0.6065967428543532	0.00047178560612418894	8.501493795523768	2019-02-01	ep_star-ne_star	south	2019
2018-09-01	A/OSAKA/1/2018_EPI1241697	2.6000000000000002e-05	11.44022199999999	8.471063999999982	0.6065967428543532	1.0547227651959511e-05	11.444465965271258	2019-02-01	ep_star-ne_star	south	2019
2018-09-01	A/OSAKA/73/2018_EPI1257973	0.000392	10.928092999999985	5.9088859999999945	-2.042178663402046	5.2739881079579316e-05	11.583354188699724	2019-02-01	ep_star-ne_star	south	2019
2018-09-01	A/Ohio/22/2018_EPI1268790	0.022012	9.965339999999994	12.786337999999985	3.255372149110752	0.02692380081389298	8.462127836974283	2019-02-01	ep_star-ne_star	south	2019
2018-09-01	A/Ohio/23/2018_EPI1266365	0.029702	15.486309999999962	16.922492	-2.042178663402046	0.0039961223158817985	16.737006271591632	2019-02-01	ep_star-ne_star	south	2019
2018-09-01	A/Ohio/23/2018_EPI1274036	0.029702	15.486309999999962	16.922492	-2.042178663402046	0.0039961223158817985	16.737006271591632	2019-02-01	ep_star-ne_star	south	2019
2018-09-01	A/Ohio/6701/2018_EPI1298869	2.6000000000000002e-05	8.720291999999993	11.569082999999994	-2.042178663402046	3.4980533369108735e-06	6.650006805597262	2019-02-01	ep_star-ne_star	south	2019
2018-09-01	A/Pakistan/718/2018_EPI1198532	6.4e-05	14.366154999999988	8.98195199999999	0.6065967428543532	2.5962406527900335e-05	15.414649743748624	2019-02-01	ep_star-ne_star	south	2019
2018-09-01	A/Pakistan/918/2018_EPI1253630	8.1e-05	11.882098999999982	6.908722999999992	0.6065967428543532	3.285867076187386e-05	12.508264526759238	2019-02-01	ep_star-ne_star	south	2019
2018-09-01	A/Pakistan/918/2018_EPI1253698	8.1e-05	11.882098999999982	6.908722999999992	0.6065967428543532	3.285867076187386e-05	12.508264526759238	2019-02-01	ep_star-ne_star	south	2019
2018-09-01	A/Parana/52/2018_EPI1211167	2.4e-05	9.271779999999996	11.845061999999992	0.6065967428543532	9.735902447962625e-06	7.634682093064958	2019-02-01	ep_star-ne_star	south	2019
2018-09-01	A/Parana/54/2018_EPI1188380	4.5e-05	8.308814999999994	10.845157	-2.042178663402046	6.054323083114973e-06	6.639943533759039	2019-02-01	ep_star-ne_star	south	2019
2018-09-01	A/Paris/1719/2018_EPI1232394	0.0024649999999999997	10.928092999999985	5.9088859999999945	-2.042178663402046	0.00033164236444174235	11.583354188699724	2019-02-01	ep_star-ne_star	south	2019
2018-09-01	A/Parma/9/2018_EPI1177427	1.9e-05	14.318602999999973	15.658550999999976	-3.4177448676973383	1.4410852568591264e-06	14.057363632646256	2019-02-01	ep_star-ne_star	south	2019
2018-09-01	A/Pernambuco/151608-IEC/2018_EPI1254838	0.00022200000000000003	15.486309999999962	16.922492	-2.042178663402046	2.9867993876700537e-05	16.737006271591632	2019-02-01	ep_star-ne_star	south	2019
2018-09-01	A/Perth/16/2018_EPI1274891	0.001163	10.928092999999985	5.9088859999999945	-2.042178663402046	0.0001564706165702825	11.583354188699724	2019-02-01	ep_star-ne_star	south	2019
2018-09-01	A/Peru/0718/2018_EPI1266341	0.002564	9.237369999999995	11.844248999999992	-2.042178663402046	0.0003449618752245953	7.63575920228777	2019-02-01	ep_star-ne_star	south	2019
2018-09-01	A/Peru/1318/2018_EPI1266317	0.0024649999999999997	10.294842999999993	12.844986999999984	0.6065967428543532	0.0009999583139261611	8.63583512853948	2019-02-01	ep_star-ne_star	south	2019
2018-09-01	A/Peru/2118/2018_EPI1266325	0.0024649999999999997	9.303873999999997	11.845146999999992	0.6065967428543532	0.0009999583139261611	7.637943617131192	2019-02-01	ep_star-ne_star	south	2019
2018-09-01	A/Philippines/0334/2018_EPI1266245	0.001384	11.129609999999989	8.233999999999982	0.6065967428543532	0.0005614370411658448	10.988468030375458	2019-02-01	ep_star-ne_star	south	2019
2018-09-01	A/Philippines/0464/2018_EPI1266189	0.0064569999999999	8.720291999999993	11.569082999999994	-2.042178663402046	0.0008687280921705062	6.650006805597262	2019-02-01	ep_star-ne_star	south	2019
2018-09-01	A/Picardie/1688/2018_EPI1232433	0.002019	10.152134999999996	12.492098999999985	-6.066520273953737	5.078792859201422e-05	8.617951655293938	2019-02-01	ep_star-ne_star	south	2019
2018-09-01	A/PuertoMontt/2939/2018_EPI1202711	2.6000000000000002e-05	9.123148999999994	11.62848299999999	-2.042178663402046	3.4980533369108735e-06	7.600195737009205	2019-02-01	ep_star-ne_star	south	2019
2018-09-01	A/PuntaArenas/10965/2018_EPI1202722	6.4e-05	9.698558999999996	12.541997999999984	0.6065967428543532	2.5962406527900335e-05	7.649922603694398	2019-02-01	ep_star-ne_star	south	2019
2018-09-01	A/Rabat/799/2018_EPI1223511	3.7e-05	11.92472199999998	6.908875999999991	-2.042178663402046	4.977998979450088e-06	12.582947199410878	2019-02-01	ep_star-ne_star	south	2019
2018-09-01	A/Rio_Grande_do_Sul/103/2018_EPI1249150	0.000373	8.308814999999994	10.845157	-2.042178663402046	5.018361133337522e-05	6.639943533759039	2019-02-01	ep_star-ne_star	south	2019
2018-09-01	A/SAKAI/23/2018_EPI1260409	0.001017	9.718246999999996	12.569072999999987	0.6065967428543532	0.00041255886623241624	7.649181687864793	2019-02-01	ep_star-ne_star	south	2019
2018-09-01	A/SAPPORO/10/2018_EPI1257909	8.6e-05	10.575676999999988	13.463288999999989	0.6065967428543532	3.488698377186608e-05	8.356527267200017	2019-02-01	ep_star-ne_star	south	2019
2018-09-01	A/SHIMANE/2/2018_EPI1257589	3.7e-05	8.308814999999994	10.845157	-2.042178663402046	4.977998979450088e-06	6.639943533759039	2019-02-01	ep_star-ne_star	south	2019
2018-09-01	A/SHIMANE/30/2018_EPI1270483	0.0135539999999999	10.66605399999999	13.564864999999987	3.255372149110752	0.01657846611991199	8.583692941117615	2019-02-01	ep_star-ne_star	south	2019
2018-09-01	A/SHIZUOKA/10/2018_EPI1241745	5.400000000000001e-05	12.794001999999976	7.894073999999984	-2.042178663402046	7.265187699737969e-06	13.56127453623648	2019-02-01	ep_star-ne_star	south	2019
2018-09-01	A/Santa_Catarina/25/2018_EPI1188377	4e-05	8.308814999999994	10.845157	-2.042178663402046	5.381620518324421e-06	6.639943533759039	2019-02-01	ep_star-ne_star	south	2019
2018-09-01	A/Sao_Paulo/690385/2018_EPI1180602	2.6000000000000002e-05	15.59900999999999	14.383044999999989	3.255372149110752	3.180169094862881e-05	15.214358702489168	2019-02-01	ep_star-ne_star	south	2019
2018-09-01	A/Singapore/GP0077/2018_EPI1272577	2.7000000000000002e-05	13.119945999999977	10.264081999999984	3.255372149110752	3.302483290819146e-05	13.389980670028871	2019-02-01	ep_star-ne_star	south	2019
2018-09-01	A/Singapore/KK0130/2018_EPI1272587	6.4e-05	15.807370999999968	13.026236999999993	-3.4177448676973383	4.854181917841268e-06	15.934070293294942	2019-02-01	ep_star-ne_star	south	2019
2018-09-01	A/South_Africa/R00489/2018_EPI1270687	3.7e-05	12.404972999999979	9.417243999999984	0.6065967428543532	1.500951627394238e-05	12.32870159214788	2019-02-01	ep_star-ne_star	south	2019
2018-09-01	A/South_Australia/1004/2018_EPI1274894	0.028854	12.78860399999998	10.208235999999996	5.9041475553671505	0.10641302402145524	12.351832675021068	2019-02-01	ep_star-ne_star	south	2019
2018-09-01	A/South_Australia/12/2018_EPI1269284	0.012558	12.564520999999973	7.299183999999985	0.6065967428543532	0.005094310955896444	13.43374571612085	2019-02-01	ep_star-ne_star	south	2019
2018-09-01	A/South_Australia/13/2018_EPI1269283	0.012558	9.16116599999999	11.49225899999999	-6.066520273953737	0.0003158963879437913	7.620060143885649	2019-02-01	ep_star-ne_star	south	2019
2018-09-01	A/Sri_Lanka/1/2018_EPI1179464	2.3e-05	10.440790999999987	7.4711199999999875	-2.042178663402046	3.0944317980365418e-06	10.444692325003167	2019-02-01	ep_star-ne_star	south	2019
2018-09-01	A/Sri_Lanka/4/2018_EPI1179467	2.4e-05	12.333166999999982	9.417454999999984	-6.066520273953737	6.037198049570785e-07	12.306552905314712	2019-02-01	ep_star-ne_star	south	2019
2018-09-01	A/Swansea/7582/2018_EPI1227441	0.000528	9.481235999999992	11.803966999999982	0.6065967428543532	0.0002141898538551778	7.502472083860028	2019-02-01	ep_star-ne_star	south	2019
2018-09-01	A/Swansea/8785/2018_EPI1219850	0.000773	12.483128999999977	6.950279999999983	-6.066520273953737	1.944480871799257e-05	13.449316114316437	2019-02-01	ep_star-ne_star	south	2019
2018-09-01	A/Swansea/9497/2018_EPI1227523	0.0008880000000000001	11.787185999999984	6.89636299999999	0.6065967428543532	0.00036022839057461717	12.373445988882267	2019-02-01	ep_star-ne_star	south	2019
2018-09-01	A/Sydney/1002/2018_EPI1269285	0.016041	13.566591999999988	8.303105999999996	3.255372149110752	0.019620420173344415	14.390717823496466	2019-02-01	ep_star-ne_star	south	2019
2018-09-01	A/Sydney/18/2018_EPI1255019	0.000554	8.720291999999993	11.569082999999994	-2.042178663402046	7.453544417879322e-05	6.650006805597262	2019-02-01	ep_star-ne_star	south	2019
2018-09-01	A/Sydney/20/2018_EPI1255025	0.00022200000000000003	10.928092999999985	5.9088859999999945	-2.042178663402046	2.9867993876700537e-05	11.583354188699724	2019-02-01	ep_star-ne_star	south	2019
2018-09-01	A/Sydney/22/2018_EPI1251865	0.000479	12.844383999999977	10.208953999999999	-0.7689694614409393	0.00010954270988825277	12.563253189943426	2019-02-01	ep_star-ne_star	south	2019
2018-09-01	A/Sydney/3/2018_EPI1242826	6.8e-05	14.58492799999999	16.83911199999998	13.850473774136347	0.006874377047153729	12.436927459625082	2019-02-01	ep_star-ne_star	south	2019
2018-09-01	A/Sydney/68/2018_EPI1274888	0.025851	10.429522999999994	12.803846999999989	3.255372149110752	0.031619442796653977	8.439233198266724	2019-02-01	ep_star-ne_star	south	2019
2018-09-01	A/Sydney/8/2018_EPI1242778	5.400000000000001e-05	10.928092999999985	5.9088859999999945	-2.042178663402046	7.265187699737969e-06	11.583354188699724	2019-02-01	ep_star-ne_star	south	2019
2018-09-01	A/TOKYO/18006/2018_EPI1270451	0.00186	15.407279999999972	17.52492799999999	-2.042178663402046	0.00025024535410208556	16.384843485224717	2019-02-01	ep_star-ne_star	south	2019
2018-09-01	A/TOYAMA/27/2018_EPI1270435	0.0049549999999999	10.455807999999989	13.254084999999986	-2.042178663402046	0.0006666482417074241	8.595508969969103	2019-02-01	ep_star-ne_star	south	2019
2018-09-01	A/Tanger/1449/2018_EPI1252575	0.001064	11.92472199999998	6.908875999999991	-2.042178663402046	0.00014315110578742957	12.582947199410878	2019-02-01	ep_star-ne_star	south	2019
2018-09-01	A/Tanzania/2941/2018_EPI1266197	0.0064569999999999	12.361595999999992	13.793415999999986	-2.042178663402046	0.0008687280921705062	12.078163054838294	2019-02-01	ep_star-ne_star	south	2019
2018-09-01	A/Townsville/18/2017_EPI1179485	1.2e-05	10.928092999999985	5.9088859999999945	-2.042178663402046	1.6144861554973259e-06	11.583354188699724	2019-02-01	ep_star-ne_star	south	2019
2018-09-01	A/Vladimir/191/2018_EPI1268655	0.006666	14.45441599999998	9.905795999999983	-0.7689694614409393	0.0015244503217434094	15.417341789593701	2019-02-01	ep_star-ne_star	south	2019
2018-09-01	A/WAKAYAMA-C/37/2018_EPI1253020	8.1e-05	10.928092999999985	5.9088859999999945	-2.042178663402046	1.0897781549606952e-05	11.583354188699724	2019-02-01	ep_star-ne_star	south	2019
2018-09-01	A/WAKAYAMA-C/80/2018_EPI1260369	0.000455	11.262378999999981	13.809231999999989	5.9041475553671505	0.0016780316742830157	9.629242090064077	2019-02-01	ep_star-ne_star	south	2019
2018-09-01	A/WAKAYAMA/62/2018_EPI1253004	9.7e-05	9.481235999999992	11.803966999999982	0.6065967428543532	3.9349272393848944e-05	7.502472083860028	2019-02-01	ep_star-ne_star	south	2019
2018-09-01	A/Washington/93/2018_EPI1262504	0.004162	8.720291999999993	11.569082999999994	-2.042178663402046	0.000559957614931656	6.650006805597262	2019-02-01	ep_star-ne_star	south	2019
2018-09-01	A/West_Virginia/18/2018_EPI1221693	0.001215	17.396017999999966	18.918457999999973	0.6065967428543532	0.0004928800614281079	18.700534446309998	2019-02-01	ep_star-ne_star	south	2019
2018-09-01	A/Wisconsin/91/2018_EPI1245514	0.0051270000000000005	17.372507999999964	18.78370799999998	3.255372149110752	0.00627104882667769	18.680114018368545	2019-02-01	ep_star-ne_star	south	2019
2018-09-01	A/Wisconsin/96/2018_EPI1273702	0.038661	11.851110999999982	9.208963999999987	3.255372149110752	0.04728789129865148	11.570515126766365	2019-02-01	ep_star-ne_star	south	2019
2018-09-01	A/Wisconsin/97/2018_EPI1273694	0.038661	11.851110999999982	9.208963999999987	3.255372149110752	0.04728789129865148	11.570515126766365	2019-02-01	ep_star-ne_star	south	2019
2018-09-01	A/YAMAGATA/164/2018_EPI1261322	0.001446	10.69276399999999	13.566310999999986	-3.4177448676973383	0.00010967417270622613	8.649526123452798	2019-02-01	ep_star-ne_star	south	2019
2018-09-01	A/YAMAGATA/182/2018_EPI1265709	0.002665	9.714950999999996	12.569072999999987	0.6065967428543532	0.00108109083432585	7.647844623928606	2019-02-01	ep_star-ne_star	south	2019
2018-09-01	A/YOKOHAMA/68/2018_EPI1260377	0.0008880000000000001	9.654494999999997	12.561612999999985	0.6065967428543532	0.00036022839057461717	7.3712773060783325	2019-02-01	ep_star-ne_star	south	2019
2018-09-01	A/YOKOHAMA/79/2018_EPI1265677	0.002564	8.720291999999993	11.569082999999994	-2.042178663402046	0.0003449618752245953	6.650006805597262	2019-02-01	ep_star-ne_star	south	2019
2018-09-01	A/YOKOHAMA/85/2018_EPI1265733	0.007324	10.580507999999988	13.561432999999989	0.6065967428543532	0.0029710728970365947	8.36078363239751	2019-02-01	ep_star-ne_star	south	2019
2018-09-01	A/Zhejiang-Jiaojiang/113/2018_EPI1229541	1.4000000000000001e-05	10.717248999999983	12.612417999999993	-2.042178663402046	1.8835671814135474e-06	10.42008899488305	2019-02-01	ep_star-ne_star	south	2019
2019-09-01	A/AKITA/20/2018_EPI1425421	1.1e-05	9.68986699999998	10.184061999999992	-5.418989089859307	3.20055830015024e-07	17.627944106556697	2020-02-01	ep_star-ne_star	south	2020
2019-09-01	A/AOMORI/45/2019_EPI1491220	0.004369	9.140904999999991	9.58244399999999	0.058821322829660794	0.001245827606001471	17.65911471691579	2020-02-01	ep_star-ne_star	south	2020
2019-09-01	A/Abu_Dhabi/001/2019_EPI1448339	1.3000000000000001e-05	9.817851999999995	9.711356999999992	0.058821322829660794	3.70697159029964e-06	17.60306882459268	2020-02-01	ep_star-ne_star	south	2020
2019-09-01	A/Abu_Dhabi/003/2019_EPI1448355	1.3000000000000001e-05	11.852358999999984	10.442105999999987	6.257682787984592	4.906147993317177e-05	19.602662842493245	2020-02-01	ep_star-ne_star	south	2020
2019-09-01	A/Afghanistan/8313/2018_EPI1381856	1e-05	10.131368999999989	10.213230999999983	0.058821322829660794	2.8515166079228e-06	16.722737757118722	2020-02-01	ep_star-ne_star	south	2020
2019-09-01	A/Alaska/28/2019_EPI1508095	0.017107	10.29555799999998	10.91489499999999	-5.418989089859307	0.0004977450076424561	19.334791429407936	2020-02-01	ep_star-ne_star	south	2020
2019-09-01	A/Alsace/987/2019_EPI1374755	0.000139	10.131368999999989	10.213230999999983	0.058821322829660794	3.963608085012691e-05	16.722737757118722	2020-02-01	ep_star-ne_star	south	2020
2019-09-01	A/Anhui-Longzihu/1459/2019_EPI1542648	0.0072299999999999	10.425887999999997	10.514404999999993	0.058821322829660794	0.0020616465075281557	16.177963179897766	2020-02-01	ep_star-ne_star	south	2020
2019-09-01	A/Anhui-Yingzhou/1979/2019_EPI1504847	0.002196	10.425887999999997	10.514404999999993	0.058821322829660794	0.0006261930470998467	16.177963179897766	2020-02-01	ep_star-ne_star	south	2020
2019-09-01	A/Antsirabe/2502/2019_EPI1574931	0.002559	9.817851999999995	9.711356999999992	0.058821322829660794	0.0007297030999674445	17.60306882459268	2020-02-01	ep_star-ne_star	south	2020
2019-09-01	A/Antsirabe/2643/2019_EPI1574933	0.00343	9.817851999999995	9.711356999999992	0.058821322829660794	0.0009780701965175203	17.60306882459268	2020-02-01	ep_star-ne_star	south	2020
2019-09-01	A/Argentina/58/2019_EPI1487409	0.004224	16.724331999999986	17.286966999999976	3.158252055407127	0.004381880285471281	20.563164594350972	2020-02-01	ep_star-ne_star	south	2020
2019-09-01	A/Arizona/27/2019_EPI1479446	0.005321	17.56986299999998	18.722113999999983	0.058821322829660794	0.0015172919870757218	15.25905937240886	2020-02-01	ep_star-ne_star	south	2020
2019-09-01	A/Arkansas/13/2019_EPI1382126	0.0001	17.56986299999998	18.722113999999983	0.058821322829660794	2.8515166079227997e-05	15.25905937240886	2020-02-01	ep_star-ne_star	south	2020
2019-09-01	A/Armenia/467/2019_EPI1582559	0.0001	11.075753999999993	11.161121999999994	-5.418989089859307	2.9095984546820366e-06	17.558486064093806	2020-02-01	ep_star-ne_star	south	2020
2019-09-01	A/Armenia/477/2019_EPI1582561	0.0001	9.140904999999991	9.58244399999999	0.058821322829660794	2.8515166079227997e-05	17.65911471691579	2020-02-01	ep_star-ne_star	south	2020
2019-09-01	A/Armenia/509/2019_EPI1582569	0.00011200000000000001	9.852454999999994	9.317086999999992	0.058821322829660794	3.193698600873536e-05	17.605008926552127	2020-02-01	ep_star-ne_star	south	2020
2019-09-01	A/Armenia/899/2019_EPI1582585	0.003811	9.140904999999991	9.58244399999999	0.058821322829660794	0.001086712979279379	17.65911471691579	2020-02-01	ep_star-ne_star	south	2020
2019-09-01	A/Austria/1121454/2019_EPI1491856	7.5e-05	9.187473999999987	9.324025000000004	0.058821322829660794	2.1386374559420997e-05	15.819548796744344	2020-02-01	ep_star-ne_star	south	2020
2019-09-01	A/Bangkok/26/19_EPI1373432	2.8999999999999997e-05	10.807659000000003	10.711343999999977	3.158252055407127	3.008393188415415e-05	18.59250625237045	2020-02-01	ep_star-ne_star	south	2020
2019-09-01	A/Bangkok/28/2019_EPI1573668	2.7000000000000002e-05	16.94620499999999	17.455081999999976	3.158252055407127	2.8009177961109044e-05	20.878646568031545	2020-02-01	ep_star-ne_star	south	2020
2019-09-01	A/Bangladesh/1029/2019_EPI1548387	0.0085799999999999	12.253925999999991	12.230114999999985	3.158252055407127	0.008900694329863436	18.01186310882326	2020-02-01	ep_star-ne_star	south	2020
2019-09-01	A/Bangladesh/1036/2019_EPI1573846	0.009821	11.35194899999999	11.612676999999989	3.158252055407127	0.010188079139113033	17.52265226641795	2020-02-01	ep_star-ne_star	south	2020
2019-09-01	A/Bangladesh/1190503005/2019_EPI1548295	0.0048270000000000006	11.271096999999996	11.230847999999993	0.058821322829660794	0.0013764270666443356	17.029664497483008	2020-02-01	ep_star-ne_star	south	2020
2019-09-01	A/Bangladesh/2046/2019_EPI1508222	0.004082	11.271096999999996	11.230847999999993	0.058821322829660794	0.0011639890793540867	17.029664497483008	2020-02-01	ep_star-ne_star	south	2020
2019-09-01	A/Bangladesh/3028/2019_EPI1507856	0.006416	12.258173999999991	12.219810999999984	-5.418989089859307	0.00018667983685239945	18.02927137379268	2020-02-01	ep_star-ne_star	south	2020
2019-09-01	A/Bangladesh/3190513018/2019_EPI1548344	0.007885	11.882763999999993	11.938648999999991	3.158252055407127	0.008179717341605362	16.90793223800457	2020-02-01	ep_star-ne_star	south	2020
2019-09-01	A/Bangladesh/7190503005/2019_EPI1548403	0.0085799999999999	11.271096999999996	11.230847999999993	0.058821322829660794	0.002446601249597734	17.029664497483008	2020-02-01	ep_star-ne_star	south	2020
2019-09-01	A/Belgium/S0077/2019_EPI1446248	1.3000000000000001e-05	10.187362999999989	10.324011999999986	0.058821322829660794	3.70697159029964e-06	16.819464616906014	2020-02-01	ep_star-ne_star	south	2020
2019-09-01	A/Bhutan/446/2019_EPI1495688	7.099999999999999e-05	10.131858999999992	10.271915999999985	0.058821322829660794	2.0245767916251875e-05	16.655297103719438	2020-02-01	ep_star-ne_star	south	2020
2019-09-01	A/Bolivia/01/2019_EPI1544965	1.3000000000000001e-05	10.14173099999999	10.259483999999986	0.058821322829660794	3.70697159029964e-06	16.802571277007686	2020-02-01	ep_star-ne_star	south	2020
2019-09-01	A/Bolivia/230/2019_EPI1479771	9.4e-05	15.732790999999972	16.286979999999968	0.058821322829660794	2.6804256114474317e-05	19.571928354921944	2020-02-01	ep_star-ne_star	south	2020
2019-09-01	A/Bolivia/307/2019_EPI1479756	0.000139	15.732790999999972	16.286979999999968	0.058821322829660794	3.963608085012691e-05	19.571928354921944	2020-02-01	ep_star-ne_star	south	2020
2019-09-01	A/Bolivia/32/2019_EPI1557603	2e-05	10.14173099999999	10.259483999999986	0.058821322829660794	5.7030332158456e-06	16.802571277007686	2020-02-01	ep_star-ne_star	south	2020
2019-09-01	A/Bolivia/51/2019_EPI1479687	2.7000000000000002e-05	15.732790999999972	16.286979999999968	0.058821322829660794	7.69909484139156e-06	19.571928354921944	2020-02-01	ep_star-ne_star	south	2020
2019-09-01	A/Bolivia/55/2019_EPI1547151	2.7000000000000002e-05	10.14173099999999	10.259483999999986	0.058821322829660794	7.69909484139156e-06	16.802571277007686	2020-02-01	ep_star-ne_star	south	2020
2019-09-01	A/Bolivia/563/2019_EPI1497446	0.008345	19.379751999999968	20.713509999999992	6.257682787984592	0.03149369615710141	16.594134905253533	2020-02-01	ep_star-ne_star	south	2020
2019-09-01	A/Bolivia/594/2019_EPI1487040	0.00882	19.379751999999968	20.713509999999992	6.257682787984592	0.03328632715465961	16.594134905253533	2020-02-01	ep_star-ne_star	south	2020
2019-09-01	A/Brisbane/16/2019_EPI1550109	0.000699	18.76469199999998	20.26237299999998	6.257682787984592	0.0026379980364066966	18.43712054314959	2020-02-01	ep_star-ne_star	south	2020
2019-09-01	A/Brunei/7/2019_EPI1550139	0.000307	10.10798799999998	10.582206999999995	3.158252055407127	0.000318474727187425	18.613755310466196	2020-02-01	ep_star-ne_star	south	2020
2019-09-01	A/Brunei/9/2019_EPI1550142	0.00045700000000000005	10.678507999999983	11.290556999999989	3.158252055407127	0.0004740812714158086	19.340310520607567	2020-02-01	ep_star-ne_star	south	2020
2019-09-01	A/Bucuresti/241753/2019_EPI1414806	7.5e-05	11.145899999999994	11.301591999999994	3.158252055407127	7.780327211419178e-05	17.562365019703805	2020-02-01	ep_star-ne_star	south	2020
2019-09-01	A/Burkina_Faso/1441/2019_EPI1442591	2.1e-05	11.716626999999972	11.883806999999988	3.158252055407127	2.1784916191973698e-05	17.573171680080385	2020-02-01	ep_star-ne_star	south	2020
2019-09-01	A/Burkina_Faso/1442/2019_EPI1482151	2.2e-05	17.977188999999967	18.69145699999999	0.779872375295624	8.471827905488473e-06	21.106614376652743	2020-02-01	ep_star-ne_star	south	2020
2019-09-01	A/Burkina_Faso/1464/2019_EPI1442567	3.1e-05	10.131368999999989	10.213230999999983	0.058821322829660794	8.83970148456068e-06	16.722737757118722	2020-02-01	ep_star-ne_star	south	2020
2019-09-01	A/Burkina_Faso/2471/2019_EPI1438782	5e-05	11.125792999999994	11.271161999999991	3.158252055407127	5.186884807612786e-05	17.643233386267973	2020-02-01	ep_star-ne_star	south	2020
2019-09-01	A/California/127/2018_EPI1429511	1.1e-05	9.021556999999984	9.211431999999986	-5.418989089859307	3.20055830015024e-07	16.70743067335536	2020-02-01	ep_star-ne_star	south	2020
2019-09-01	A/California/138/2019_EPI1545250	0.0048270000000000006	16.223342999999975	17.295479999999987	0.058821322829660794	0.0013764270666443356	15.135950016235137	2020-02-01	ep_star-ne_star	south	2020
2019-09-01	A/California/140/2019_EPI1482841	0.0030789999999999997	19.537360999999965	20.718331999999986	6.257682787984592	0.011620022824171988	17.191661612060038	2020-02-01	ep_star-ne_star	south	2020
2019-09-01	A/California/141/2019_EPI1482849	0.0085799999999999	16.223342999999975	17.295479999999987	0.058821322829660794	0.002446601249597734	15.135950016235137	2020-02-01	ep_star-ne_star	south	2020
2019-09-01	A/California/145/2019_EPI1482871	0.010081999999999999	11.014224999999982	11.549877999999987	3.158252055407127	0.010458834526070418	19.515312541454396	2020-02-01	ep_star-ne_star	south	2020
2019-09-01	A/Canberra/108/2019_EPI1639382	0.003811	10.29555799999998	10.91489499999999	-5.418989089859307	0.00011088479710793243	19.334791429407936	2020-02-01	ep_star-ne_star	south	2020
2019-09-01	A/Canberra/145/2019_EPI1548935	0.0081129999999999	10.29555799999998	10.91489499999999	-5.418989089859307	0.00023605572262835073	19.334791429407936	2020-02-01	ep_star-ne_star	south	2020
2019-09-01	A/Canberra/40/2019_EPI1493051	0.000183	10.10798799999998	10.582206999999995	3.158252055407127	0.00018983998395862795	18.613755310466196	2020-02-01	ep_star-ne_star	south	2020
2019-09-01	A/Castellon/02_1816_20190311_EPI1543680	0.00058	17.56986299999998	18.722113999999983	0.058821322829660794	0.0001653879632595224	15.25905937240886	2020-02-01	ep_star-ne_star	south	2020
2019-09-01	A/Catalonia/NSVH100987595/2019_EPI1390347	0.00020299999999999997	16.691469999999995	17.43573199999997	0.058821322829660794	5.788578714083283e-05	19.43469185549279	2020-02-01	ep_star-ne_star	south	2020
2019-09-01	A/Chanthaburi/59/2019_EPI1573652	9.4e-05	17.14852	17.618039999999972	6.257682787984592	0.0003547522395167804	21.395602538824672	2020-02-01	ep_star-ne_star	south	2020
2019-09-01	A/Chiang_Rai/197/2019_EPI1573902	0.002862	9.67957999999999	10.302753999999993	0.058821322829660794	0.0008161040531875053	18.348601048888245	2020-02-01	ep_star-ne_star	south	2020
2019-09-01	A/Colombia/2312/2019_EPI1486165	0.001092	11.180974999999995	11.323998999999992	3.158252055407127	0.0011328156419826323	17.720686452573	2020-02-01	ep_star-ne_star	south	2020
2019-09-01	A/Colombia/4015/2019_EPI1480506	0.002657	17.56986299999998	18.722113999999983	0.058821322829660794	0.0007576479627250879	15.25905937240886	2020-02-01	ep_star-ne_star	south	2020
2019-09-01	A/Colombia/4140/2019_EPI1547276	0.003811	9.187473999999987	9.324025000000004	0.058821322829660794	0.001086712979279379	15.819548796744344	2020-02-01	ep_star-ne_star	south	2020
2019-09-01	A/Colombia/4167/2019_EPI1486133	0.003811	9.187473999999987	9.324025000000004	0.058821322829660794	0.001086712979279379	15.819548796744344	2020-02-01	ep_star-ne_star	south	2020
2019-09-01	A/Colorado/02/2019_EPI1407720	1.3000000000000001e-05	18.68383999999997	19.880543999999993	3.158252055407127	1.3485900499793243e-05	17.94413277421463	2020-02-01	ep_star-ne_star	south	2020
2019-09-01	A/Colorado/8729/2019_EPI1502910	0.000503	19.682822999999974	20.88053099999998	6.257682787984592	0.0018983018774142613	18.940336170459826	2020-02-01	ep_star-ne_star	south	2020
2019-09-01	A/Concepcion/48458/2019_EPI1574603	0.00702	10.034449999999982	10.549890999999993	3.158252055407127	0.0072823862698883505	18.536282079354613	2020-02-01	ep_star-ne_star	south	2020
2019-09-01	A/Congo/27/2019_EPI1546845	6.3e-05	16.06012899999998	16.66111699999998	0.058821322829660794	1.796455462991364e-05	19.575107010517126	2020-02-01	ep_star-ne_star	south	2020
2019-09-01	A/Congo/29/2019_EPI1486529	6.3e-05	15.066715999999982	15.667502999999982	0.058821322829660794	1.796455462991364e-05	18.575333218387193	2020-02-01	ep_star-ne_star	south	2020
2019-09-01	A/Congo/737/2018_EPI1385887	1e-05	17.020787	17.666538999999972	3.158252055407127	1.0373769615225572e-05	20.37671500928161	2020-02-01	ep_star-ne_star	south	2020
2019-09-01	A/Connecticut/35/2019_EPI1557585	0.002657	18.68383999999997	19.880543999999993	3.158252055407127	0.002756310586765434	17.94413277421463	2020-02-01	ep_star-ne_star	south	2020
2019-09-01	A/Cote_D_Ivoire/359/2019_EPI1497181	0.00043499999999999995	17.050074999999982	17.709991999999975	-2.319558357281842	4.604505624008504e-05	20.39940746078522	2020-02-01	ep_star-ne_star	south	2020
2019-09-01	A/Cote_D_Ivoire/551/2019_EPI1495958	0.001596	10.131368999999989	10.213230999999983	0.058821322829660794	0.0004551020506244788	16.722737757118722	2020-02-01	ep_star-ne_star	south	2020
2019-09-01	A/Cote_D_Ivoire/643/2019_EPI1508190	0.002657	11.096730999999991	11.182495999999993	3.158252055407127	0.002756310586765434	17.688722372949826	2020-02-01	ep_star-ne_star	south	2020
2019-09-01	A/Cote_D_Ivoire/648/2019_EPI1495915	0.002758	9.852454999999994	9.317086999999992	0.058821322829660794	0.0007864482804651082	17.605008926552127	2020-02-01	ep_star-ne_star	south	2020
2019-09-01	A/Darwin/196/2019_EPI1639393	0.0030789999999999997	10.29555799999998	10.91489499999999	-5.418989089859307	8.95865364196599e-05	19.334791429407936	2020-02-01	ep_star-ne_star	south	2020
2019-09-01	A/Darwin/398/2019_EPI1508631	0.006613	10.29555799999998	10.91489499999999	-5.418989089859307	0.00019241174580812308	19.334791429407936	2020-02-01	ep_star-ne_star	south	2020
2019-09-01	A/Darwin/52/2019_EPI1387373	3.7e-05	10.507457999999986	10.780099999999988	3.158252055407127	3.838294757633461e-05	17.934975578737177	2020-02-01	ep_star-ne_star	south	2020
2019-09-01	A/Delaware/38/2019_EPI1487448	0.006035	11.283476999999987	11.912410000000015	-2.319558357281842	0.00063880899864118	20.333513811410636	2020-02-01	ep_star-ne_star	south	2020
2019-09-01	A/Denmark/2791/2019_EPI1506517	0.000667	10.14173099999999	10.259483999999986	0.058821322829660794	0.00019019615774845073	16.802571277007686	2020-02-01	ep_star-ne_star	south	2020
2019-09-01	A/Denmark/429/2019_EPI1380619	2.7000000000000002e-05	10.131858999999992	10.271915999999985	0.058821322829660794	7.69909484139156e-06	16.655297103719438	2020-02-01	ep_star-ne_star	south	2020
2019-09-01	A/District_Of_Columbia/20/2019_EPI1482102	0.00147	17.56986299999998	18.722113999999983	0.058821322829660794	0.0004191729413646516	15.25905937240886	2020-02-01	ep_star-ne_star	south	2020
2019-09-01	A/EHIME/80/2019_EPI1494550	0.006815000000000001	10.29555799999998	10.91489499999999	-5.418989089859307	0.0001982891346865808	19.334791429407936	2020-02-01	ep_star-ne_star	south	2020
2019-09-01	A/Ecuador/2090/2019_EPI1407785	2.4e-05	9.187473999999987	9.324025000000004	0.058821322829660794	6.84363985901472e-06	15.819548796744344	2020-02-01	ep_star-ne_star	south	2020
2019-09-01	A/Ecuador/3480/2019_EPI1448013	2.8999999999999997e-05	9.187473999999987	9.324025000000004	0.058821322829660794	8.269398162976119e-06	15.819548796744344	2020-02-01	ep_star-ne_star	south	2020
2019-09-01	A/Ecuador/501/2019_EPI1407215	2.2e-05	9.187473999999987	9.324025000000004	0.058821322829660794	6.273336537430159e-06	15.819548796744344	2020-02-01	ep_star-ne_star	south	2020
2019-09-01	A/Ecuador/7649/2019_EPI1409236	2.1e-05	9.187473999999987	9.324025000000004	0.058821322829660794	5.988184876637879e-06	15.819548796744344	2020-02-01	ep_star-ne_star	south	2020
2019-09-01	A/Erzurum/E5/2019_EPI1370187	1.3000000000000001e-05	10.177114999999988	10.321996999999985	-5.418989089859307	3.782477991086648e-07	16.814367229219602	2020-02-01	ep_star-ne_star	south	2020
2019-09-01	A/Espirito_Santo/190/2019_EPI1548691	0.001532	9.187473999999987	9.324025000000004	0.058821322829660794	0.0004368523443337729	15.819548796744344	2020-02-01	ep_star-ne_star	south	2020
2019-09-01	A/FUKUSHIMA/67/2019_EPI1485558	0.000608	10.872061999999985	11.32041399999999	3.158252055407127	0.0006307251926057147	19.11718965325063	2020-02-01	ep_star-ne_star	south	2020
2019-09-01	A/Fianarantsoa/2504/2019_EPI1574949	0.002758	9.817851999999995	9.711356999999992	0.058821322829660794	0.0007864482804651082	17.60306882459268	2020-02-01	ep_star-ne_star	south	2020
2019-09-01	A/Fiji/15/2019_EPI1484780	0.00021400000000000002	9.140904999999991	9.58244399999999	0.058821322829660794	6.1022455409547915e-05	17.65911471691579	2020-02-01	ep_star-ne_star	south	2020
2019-09-01	A/Fiji/30/2019_EPI1484796	0.0005269999999999	9.947674999999983	10.126529999999988	3.158252055407127	0.0005466976587222838	18.106719368731742	2020-02-01	ep_star-ne_star	south	2020
2019-09-01	A/Fiji/31/2019_EPI1484804	0.000553	9.140904999999991	9.58244399999999	0.058821322829660794	0.00015768886841813082	17.65911471691579	2020-02-01	ep_star-ne_star	south	2020
2019-09-01	A/Fiji/36/2019_EPI1484812	0.00058	9.140904999999991	9.58244399999999	0.058821322829660794	0.0001653879632595224	17.65911471691579	2020-02-01	ep_star-ne_star	south	2020
2019-09-01	A/Finland/10/2019_EPI1355449	1.3000000000000001e-05	17.56986299999998	18.722113999999983	0.058821322829660794	3.70697159029964e-06	15.25905937240886	2020-02-01	ep_star-ne_star	south	2020
2019-09-01	A/Finland/123/2019_EPI1447790	0.0056700000000000006	9.140904999999991	9.58244399999999	0.058821322829660794	0.0016168099166922276	17.65911471691579	2020-02-01	ep_star-ne_star	south	2020
2019-09-01	A/Florida/16/2019_EPI1387094	9.4e-05	18.564908999999986	19.722100999999984	0.058821322829660794	2.6804256114474317e-05	16.2215936295194	2020-02-01	ep_star-ne_star	south	2020
2019-09-01	A/Florida/33/2019_EPI1428707	0.000608	19.565694999999966	20.652431999999987	-2.319558357281842	6.435722803211887e-05	17.25813678289496	2020-02-01	ep_star-ne_star	south	2020
2019-09-01	A/Florida/44/2019_EPI1482561	0.001953	10.663426999999984	11.298780999999991	3.158252055407127	0.002025997205853554	19.134992885706357	2020-02-01	ep_star-ne_star	south	2020
2019-09-01	A/Florida/52/2019_EPI1486864	0.002559	19.541684999999962	20.690427999999997	-2.319558357281842	0.0002708719515365003	17.036429426063314	2020-02-01	ep_star-ne_star	south	2020
2019-09-01	A/Florida/71/2019_EPI1486377	0.008345	10.100578999999978	10.552657999999994	3.158252055407127	0.00865691074390574	18.61919873258974	2020-02-01	ep_star-ne_star	south	2020
2019-09-01	A/Fujian-Siming/1192/2019_EPI1503652	0.000414	12.423517999999989	12.514233999999988	6.257682787984592	0.0015624194378717775	18.170181246342466	2020-02-01	ep_star-ne_star	south	2020
2019-09-01	A/GUNMA/69/2019_EPI1498253	0.000414	9.67957999999999	10.302753999999993	0.058821322829660794	0.00011805278756800391	18.348601048888245	2020-02-01	ep_star-ne_star	south	2020
2019-09-01	A/Germany/8912/2019_EPI1501066	0.000106	8.94873999999999	9.13090899999999	0.058821322829660794	3.0226076043981677e-05	17.10781276404919	2020-02-01	ep_star-ne_star	south	2020
2019-09-01	A/Germany/9043/2019_EPI1527324	0.00011200000000000001	18.569627999999987	19.721705999999983	3.158252055407127	0.0001161862196905264	16.25882699996949	2020-02-01	ep_star-ne_star	south	2020
2019-09-01	A/Grozny/88/2019_EPI1511153	0.00033999999999999997	9.187473999999987	9.324025000000004	0.058821322829660794	9.695156466937517e-05	15.819548796744344	2020-02-01	ep_star-ne_star	south	2020
2019-09-01	A/Guangdong-Dongwanbendi/315/2019_EPI1504592	0.0062229999999999	9.140904999999991	9.58244399999999	0.058821322829660794	0.0017744987851103298	17.65911471691579	2020-02-01	ep_star-ne_star	south	2020
2019-09-01	A/Guangdong-Huicheng/324/2019_EPI1504763	0.002862	12.027872999999984	12.407065999999984	6.257682787984592	0.010801073505287508	18.829299949938513	2020-02-01	ep_star-ne_star	south	2020
2019-09-01	A/Guangdong-Lechang/324/2019_EPI1504817	0.005493	10.129907999999979	10.571782999999995	3.158252055407127	0.005698311649643405	18.647718093616486	2020-02-01	ep_star-ne_star	south	2020
2019-09-01	A/Guangdong-Lianzhou/321/2019_EPI1542501	0.012612	10.425887999999997	10.514404999999993	0.058821322829660794	0.003596332745912235	16.177963179897766	2020-02-01	ep_star-ne_star	south	2020
2019-09-01	A/Guangdong-Maonan/1108/2019_EPI1380694	9.4e-05	9.753940999999994	9.970424999999986	-5.418989089859307	2.7350225474011144e-06	17.16676706007544	2020-02-01	ep_star-ne_star	south	2020
2019-09-01	A/Guangdong-Maonan/339/2019_EPI1542516	0.011734	11.399245999999996	11.51321099999999	-5.418989089859307	0.0003414122826723902	17.039335983039383	2020-02-01	ep_star-ne_star	south	2020
2019-09-01	A/Guangdong-Rongcheng/1454/2019_EPI1542591	0.011734	11.402386999999997	11.514391999999988	3.158252055407127	0.012172581266505684	17.149620392356717	2020-02-01	ep_star-ne_star	south	2020
2019-09-01	A/Guangdong-Zhongshan/312/2019_EPI1380655	1.9e-05	10.10798799999998	10.582206999999995	3.158252055407127	1.9710162268928586e-05	18.613755310466196	2020-02-01	ep_star-ne_star	south	2020
2019-09-01	A/Guangxi-Fangcheng/54/2019_EPI1503562	0.002758	11.420360999999998	11.514391999999988	-5.418989089859307	8.024672538013057e-05	17.177802686447006	2020-02-01	ep_star-ne_star	south	2020
2019-09-01	A/Guangxi-Gangbei/190/2019_EPI1503952	4.2e-05	54.20344499999998	54.55975199999994	20.818558875692343	0.06837935073467936	50.00393541826309	2020-02-01	ep_star-ne_star	south	2020
2019-09-01	A/Guangxi-Mashan/32/2019_EPI1504895	0.00585	11.414176999999999	11.513767999999988	3.158252055407127	0.0060686552249069586	17.165825869447954	2020-02-01	ep_star-ne_star	south	2020
2019-09-01	A/Guangxi-Wanxiu/1522/2019_EPI1542558	0.011734	11.271096999999996	11.230847999999993	0.058821322829660794	0.003345969587736613	17.029664497483008	2020-02-01	ep_star-ne_star	south	2020
2019-09-01	A/Guatemala/10/2019_EPI1557659	0.014786	19.146391999999985	20.38659999999999	3.158252055407127	0.01533865575307253	18.320483565478323	2020-02-01	ep_star-ne_star	south	2020
2019-09-01	A/Guatemala/8828/2019_EPI1557667	0.003811	18.176972999999983	19.38666699999998	0.058821322829660794	0.001086712979279379	17.35485340131745	2020-02-01	ep_star-ne_star	south	2020
2019-09-01	A/Guizhou-Kaili/15/2019_EPI1351296	1.2e-05	9.935511999999983	10.111428999999987	-5.418989089859307	3.491518145618444e-07	18.093895331541493	2020-02-01	ep_star-ne_star	south	2020
2019-09-01	A/Guyane/1877/2019_EPI1431332	8e-05	17.56986299999998	18.722113999999983	0.058821322829660794	2.28121328633824e-05	15.25905937240886	2020-02-01	ep_star-ne_star	south	2020
2019-09-01	A/Guyane/1879/2019_EPI1431348	0.000307	17.56986299999998	18.722113999999983	0.058821322829660794	8.754155986322995e-05	15.25905937240886	2020-02-01	ep_star-ne_star	south	2020
2019-09-01	A/Guyane/1888/2019_EPI1431388	0.000323	10.222582999999995	10.641312999999995	3.158252055407127	0.0003350727585717859	17.29555904594262	2020-02-01	ep_star-ne_star	south	2020
2019-09-01	A/Guyane/1894/2019_EPI1431412	0.00043499999999999995	10.648597999999996	10.753360999999993	3.158252055407127	0.00045125897826231226	17.39185064990487	2020-02-01	ep_star-ne_star	south	2020
2019-09-01	A/Guyane/439/2019_EPI1507887	0.004224	11.133187999999993	11.253020999999993	3.158252055407127	0.004381880285471281	17.657048814967368	2020-02-01	ep_star-ne_star	south	2020
2019-09-01	A/HYOGO/1011/2019_EPI1491214	0.002196	11.083284999999984	11.580769999999987	3.158252055407127	0.0022780798075035355	19.524026766485072	2020-02-01	ep_star-ne_star	south	2020
2019-09-01	A/Hainan-Tianya/1339/2019_EPI1542693	0.004224	10.425887999999997	10.514404999999993	0.058821322829660794	0.0012044806151865906	16.177963179897766	2020-02-01	ep_star-ne_star	south	2020
2019-09-01	A/Hainan-Xiuying/1448/2019_EPI1542603	0.010616	10.425887999999997	10.514404999999993	0.058821322829660794	0.003027170030970844	16.177963179897766	2020-02-01	ep_star-ne_star	south	2020
2019-09-01	A/Hawkes_Bay/3/2019_EPI1444334	0.000503	9.67957999999999	10.302753999999993	0.058821322829660794	0.00014343128537851681	18.348601048888245	2020-02-01	ep_star-ne_star	south	2020
2019-09-01	A/Heilongjiang-Taoshan/1145/2019_EPI1380745	0.000147	15.478560999999987	16.048496999999966	0.058821322829660794	4.191729413646515e-05	19.040209513389193	2020-02-01	ep_star-ne_star	south	2020
2019-09-01	A/Henan-Weidou/1320/2019_EPI1504781	0.002657	11.087532999999983	11.580769999999987	3.158252055407127	0.002756310586765434	19.524985867587457	2020-02-01	ep_star-ne_star	south	2020
2019-09-01	A/Honduras/4619/2019_EPI1548755	0.012315999999999999	16.674196999999975	17.757681999999974	3.158252055407127	0.012776334658111812	15.661123838843919	2020-02-01	ep_star-ne_star	south	2020
2019-09-01	A/Hong_Kong/2669/2019_EPI1574951	0.016431	10.425887999999997	10.514404999999993	0.058821322829660794	0.0046853269384779525	16.177963179897766	2020-02-01	ep_star-ne_star	south	2020
2019-09-01	A/Hong_Kong/2670/2019_EPI1543096	0.016097	11.127098999999989	11.524813999999985	0.779872375295624	0.006198682445211271	17.456751676804643	2020-02-01	ep_star-ne_star	south	2020
2019-09-01	A/Hong_Kong/2671/2019_EPI1574954	0.016097	10.425887999999997	10.514404999999993	0.058821322829660794	0.0045900862837733305	16.177963179897766	2020-02-01	ep_star-ne_star	south	2020
2019-09-01	A/Hong_Kong/2675/2019_EPI1543106	0.016431	11.002772999999992	11.190919999999988	3.158252055407127	0.017045140854777135	16.266996415658525	2020-02-01	ep_star-ne_star	south	2020
2019-09-01	A/Hong_Kong/2678/2019_EPI1543110	0.016431	9.291730999999986	9.504313999999987	-5.418989089859307	0.00047807612208880545	17.516405573225864	2020-02-01	ep_star-ne_star	south	2020
2019-09-01	A/IWATE/45/2019_EPI1498255	0.006815000000000001	9.67957999999999	10.302753999999993	0.058821322829660794	0.0019433085682993884	18.348601048888245	2020-02-01	ep_star-ne_star	south	2020
2019-09-01	A/Iasi/245418/2019_EPI1444037	0.002196	10.14173099999999	10.259483999999986	0.058821322829660794	0.0006261930470998467	16.802571277007686	2020-02-01	ep_star-ne_star	south	2020
2019-09-01	A/Iceland/12008/2019_EPI1574971	0.012315999999999999	11.048254999999983	11.545525999999985	6.257682787984592	0.04648009129668795	19.206582882183127	2020-02-01	ep_star-ne_star	south	2020
2019-09-01	A/Iceland/12621/2019_EPI1574973	0.015436000000000002	10.07849399999998	10.575148999999994	3.158252055407127	0.016012950778062193	18.58317807170161	2020-02-01	ep_star-ne_star	south	2020
2019-09-01	A/Iceland/75/2019_11689_EPI1543129	0.010616	10.29555799999998	10.91489499999999	-5.418989089859307	0.000308882971949045	19.334791429407936	2020-02-01	ep_star-ne_star	south	2020
2019-09-01	A/Illinois/9361/2019_EPI1577514	0.001296	19.412468999999966	20.43826799999999	-2.319558357281842	0.00013718251238425337	17.110486324969337	2020-02-01	ep_star-ne_star	south	2020
2019-09-01	A/India/Pun-19533/2019_EPI1521698	0.000106	10.147762999999987	10.301843999999985	0.058821322829660794	3.0226076043981677e-05	16.566765116619617	2020-02-01	ep_star-ne_star	south	2020
2019-09-01	A/Iquique/19400/2019_EPI1440431	0.000155	15.723725999999974	16.28944199999997	0.058821322829660794	4.41985074228034e-05	19.49892766773505	2020-02-01	ep_star-ne_star	south	2020
2019-09-01	A/Iquique/21652/2019_EPI1440439	0.00023799999999999998	15.723725999999974	16.28944199999997	0.058821322829660794	6.786609526856263e-05	19.49892766773505	2020-02-01	ep_star-ne_star	south	2020
2019-09-01	A/Iquique/67262/2019_EPI1574795	0.026188	19.379751999999968	20.713509999999992	6.257682787984592	0.0988324643453771	16.594134905253533	2020-02-01	ep_star-ne_star	south	2020
2019-09-01	A/Iquique/7371/2019_EPI1440399	1.4000000000000001e-05	11.141691999999992	11.259470999999992	0.058821322829660794	3.99212325109192e-06	17.802563292761167	2020-02-01	ep_star-ne_star	south	2020
2019-09-01	A/Iran/168359/2019_EPI1478475	0.00058	11.075753999999993	11.161121999999994	-5.418989089859307	1.687567103715581e-05	17.558486064093806	2020-02-01	ep_star-ne_star	south	2020
2019-09-01	A/Iran/168359/2019_EPI1491888	0.00058	11.075753999999993	11.161121999999994	-5.418989089859307	1.687567103715581e-05	17.558486064093806	2020-02-01	ep_star-ne_star	south	2020
2019-09-01	A/Israel/T-804/2019_EPI1493826	1.9e-05	20.020672999999988	20.665552999999978	1.5009234277615882	9.880674306738724e-06	22.32940553243817	2020-02-01	ep_star-ne_star	south	2020
2019-09-01	A/Italy/8938/2019_EPI1501087	8e-05	10.68033099999999	10.814848999999995	-5.418989089859307	2.3276787637456295e-06	16.691567146759624	2020-02-01	ep_star-ne_star	south	2020
2019-09-01	A/Japan/9070/2019_EPI1528287	0.000608	18.07672999999998	19.21599099999999	3.158252055407127	0.0006307251926057147	15.848338745306068	2020-02-01	ep_star-ne_star	south	2020
2019-09-01	A/Japan/9505/2019_EPI1511803	0.001191	9.560406999999985	9.838709999999987	0.058821322829660794	0.0003396156280036055	16.98608050457075	2020-02-01	ep_star-ne_star	south	2020
2019-09-01	A/Jiangxi-Yushui/383/2019_EPI1503628	0.000414	10.425887999999997	10.514404999999993	0.058821322829660794	0.00011805278756800391	16.177963179897766	2020-02-01	ep_star-ne_star	south	2020
2019-09-01	A/Jiangxi-Zhanggong/1512/2019_EPI1542486	0.014147999999999999	11.271096999999996	11.230847999999993	0.058821322829660794	0.004034325696889177	17.029664497483008	2020-02-01	ep_star-ne_star	south	2020
2019-09-01	A/Jordan/10624/2019_EPI1574983	0.0016640000000000001	11.12802999999999	11.213217999999994	3.158252055407127	0.0017261952639735351	17.719285366590768	2020-02-01	ep_star-ne_star	south	2020
2019-09-01	A/Jordan/20101/2019_EPI1574987	0.00021400000000000002	12.087021999999976	12.204343999999987	6.257682787984592	0.0008076274388999046	18.555495195001388	2020-02-01	ep_star-ne_star	south	2020
2019-09-01	A/Jordan/30121/2019_EPI1506551	0.002758	18.90724299999997	20.09550599999998	-2.319558357281842	0.00029193624163253925	16.530309607632912	2020-02-01	ep_star-ne_star	south	2020
2019-09-01	A/KAGAWA/19195/2019_EPI1520119	0.001191	11.620297999999984	12.216020000000006	-2.319558357281842	0.00012606818846423284	20.182775601237417	2020-02-01	ep_star-ne_star	south	2020
2019-09-01	A/KANAGAWA/AC1833/2019_EPI1494530	3.1e-05	9.140904999999991	9.58244399999999	0.058821322829660794	8.83970148456068e-06	17.65911471691579	2020-02-01	ep_star-ne_star	south	2020
2019-09-01	A/KANAGAWA/AC1847/2019_EPI1498175	4.7e-05	10.679474999999984	11.30274099999999	3.158252055407127	4.8756717191560174e-05	19.34850353545386	2020-02-01	ep_star-ne_star	south	2020
2019-09-01	A/KANAGAWA/AC1865/2019_EPI1384034	0.000106	9.67957999999999	10.302753999999993	0.058821322829660794	3.0226076043981677e-05	18.348601048888245	2020-02-01	ep_star-ne_star	south	2020
2019-09-01	A/KANAGAWA/AC1874/2019_EPI1445310	0.000277	10.29555799999998	10.91489499999999	-5.418989089859307	8.059587719469243e-06	19.334791429407936	2020-02-01	ep_star-ne_star	south	2020
2019-09-01	A/KANAGAWA/AC1878/2019_EPI1444724	0.00058	11.294386999999986	11.907668000000015	-2.319558357281842	6.13934083201134e-05	20.33466864259128	2020-02-01	ep_star-ne_star	south	2020
2019-09-01	A/KANAGAWA/AC1880/2019_EPI1498242	0.002559	12.627018999999988	13.297865999999987	9.35711352056206	0.0351340545697379	20.90814200005798	2020-02-01	ep_star-ne_star	south	2020
2019-09-01	A/KANAGAWA/AC1883/2019_EPI1498246	0.010081999999999999	9.140904999999991	9.58244399999999	0.058821322829660794	0.0028748990441077663	17.65911471691579	2020-02-01	ep_star-ne_star	south	2020
2019-09-01	A/KANAGAWA/IC18102/2019_EPI1384022	7.099999999999999e-05	9.67957999999999	10.302753999999993	0.058821322829660794	2.0245767916251875e-05	18.348601048888245	2020-02-01	ep_star-ne_star	south	2020
2019-09-01	A/KANAGAWA/IC18166/2019_EPI1445301	0.000414	10.140065999999978	10.582430999999994	3.158252055407127	0.00042947406207033856	18.658255768791633	2020-02-01	ep_star-ne_star	south	2020
2019-09-01	A/KANAGAWA/IC1894/2019_EPI1384014	6.7e-05	9.67957999999999	10.302753999999993	0.058821322829660794	1.910516127308276e-05	18.348601048888245	2020-02-01	ep_star-ne_star	south	2020
2019-09-01	A/KANAGAWA/ZC1837/2019_EPI1542315	8e-05	10.679408999999984	11.290556999999989	3.158252055407127	8.299015692180457e-05	19.348435068574403	2020-02-01	ep_star-ne_star	south	2020
2019-09-01	A/KANAGAWA/ZC1857/2019_EPI1445304	0.000414	10.10798799999998	10.582206999999995	3.158252055407127	0.00042947406207033856	18.613755310466196	2020-02-01	ep_star-ne_star	south	2020
2019-09-01	A/KANAGAWA/ZC1858/2019_EPI1445319	0.000479	10.306536999999985	10.985800999999995	-5.418989089859307	1.3936976597926954e-05	18.359403317708946	2020-02-01	ep_star-ne_star	south	2020
2019-09-01	A/Kazakhstan/105/2019_EPI1428249	3.3e-05	16.743796999999986	17.282671999999973	3.158252055407127	3.423343973024438e-05	20.43644098573849	2020-02-01	ep_star-ne_star	south	2020
2019-09-01	A/Kenya/104/2019_EPI1479549	9.4e-05	18.45814799999998	19.57254499999998	3.158252055407127	9.751343438312035e-05	18.23925336486268	2020-02-01	ep_star-ne_star	south	2020
2019-09-01	A/Lebanon/318/2019_EPI1548582	0.000608	12.080105999999976	12.175494999999986	6.257682787984592	0.002294567676874495	18.70639245124343	2020-02-01	ep_star-ne_star	south	2020
2019-09-01	A/Lebanon/432/2019_EPI1548614	0.003811	18.557922999999988	19.721359999999983	3.158252055407127	0.003953443600362465	16.235119702735986	2020-02-01	ep_star-ne_star	south	2020
2019-09-01	A/Llansamlet/9638/2019_EPI1443979	0.002559	10.29555799999998	10.91489499999999	-5.418989089859307	7.445662445531333e-05	19.334791429407936	2020-02-01	ep_star-ne_star	south	2020
2019-09-01	A/Loei/174/2019_EPI1573800	0.000877	17.91921600000001	18.45478699999997	6.257682787984592	0.003309762915491664	21.86935706404287	2020-02-01	ep_star-ne_star	south	2020
2019-09-01	A/Lorraine/1629/2019_EPI1421410	0.00058	18.568691999999988	19.722100999999984	3.158252055407127	0.0006016786376830831	16.257856015133502	2020-02-01	ep_star-ne_star	south	2020
2019-09-01	A/Louisiana/38/2019_EPI1508230	0.024124	10.29555799999998	10.91489499999999	-5.418989089859307	0.0007019115312074945	19.334791429407936	2020-02-01	ep_star-ne_star	south	2020
2019-09-01	A/MIE/18/2019_EPI1566696	0.007663	9.67957999999999	10.302753999999993	0.058821322829660794	0.0021851171766512413	18.348601048888245	2020-02-01	ep_star-ne_star	south	2020
2019-09-01	A/Macau/600114/2019_EPI1360007	1.7e-05	9.67957999999999	10.302753999999993	0.058821322829660794	4.84757823346876e-06	18.348601048888245	2020-02-01	ep_star-ne_star	south	2020
2019-09-01	A/Macedonia/1430/2019_EPI1479454	0.001596	17.56986299999998	18.722113999999983	0.058821322829660794	0.0004551020506244788	15.25905937240886	2020-02-01	ep_star-ne_star	south	2020
2019-09-01	A/Mahasarakham/51/2019_EPI1573854	8e-05	12.423517999999989	12.514233999999988	6.257682787984592	0.0003019167995887493	18.170181246342466	2020-02-01	ep_star-ne_star	south	2020
2019-09-01	A/Maine/26/2019_EPI1548487	0.026188	10.29555799999998	10.91489499999999	-5.418989089859307	0.0007619656433121317	19.334791429407936	2020-02-01	ep_star-ne_star	south	2020
2019-09-01	A/Malaysia/RP0115/2018_EPI1550172	1.1e-05	20.357457999999973	21.281073999999986	15.55597498571699	0.0019988125040203827	22.766359352010262	2020-02-01	ep_star-ne_star	south	2020
2019-09-01	A/Malaysia/RP0571/2019_EPI1550175	0.000147	12.645918999999985	12.853938999999981	12.456544253139526	0.0073423657378471245	18.81535678887574	2020-02-01	ep_star-ne_star	south	2020
2019-09-01	A/Mali/43/2019_EPI1546797	0.0001	11.13115799999999	11.213217999999994	-5.418989089859307	2.9095984546820366e-06	17.722731937921804	2020-02-01	ep_star-ne_star	south	2020
2019-09-01	A/Malta/53409/2019_EPI1394089	4.2e-05	16.74377899999999	17.267571999999973	3.158252055407127	4.3569832383947396e-05	20.43642231295318	2020-02-01	ep_star-ne_star	south	2020
2019-09-01	A/Mexico/1991/2019_EPI1548191	0.0056700000000000006	17.56986299999998	18.722113999999983	0.058821322829660794	0.0016168099166922276	15.25905937240886	2020-02-01	ep_star-ne_star	south	2020
2019-09-01	A/Michigan/30/2019_EPI1382294	2e-05	18.68383999999997	19.880543999999993	3.158252055407127	2.0747539230451144e-05	17.94413277421463	2020-02-01	ep_star-ne_star	south	2020
2019-09-01	A/Michigan/382/2019_EPI1486348	0.006815000000000001	18.919161999999986	20.027321999999987	9.35711352056206	0.09356724575723478	16.50615302966045	2020-02-01	ep_star-ne_star	south	2020
2019-09-01	A/Michigan/411/2019_EPI1564137	0.002113	20.674208000000004	21.876798999999966	6.257682787984592	0.007974377469137841	19.842698200914352	2020-02-01	ep_star-ne_star	south	2020
2019-09-01	A/Minnesota/42/2019_EPI1496297	0.010081999999999999	19.150639999999985	20.38289799999999	3.158252055407127	0.010458834526070418	18.310695686616953	2020-02-01	ep_star-ne_star	south	2020
2019-09-01	A/Minnesota/44/2019_EPI1546925	0.016431	10.131368999999989	10.213230999999983	0.058821322829660794	0.0046853269384779525	16.722737757118722	2020-02-01	ep_star-ne_star	south	2020
2019-09-01	A/Minnesota/48/2019_EPI1548495	0.025166	10.29555799999998	10.91489499999999	-5.418989089859307	0.0007322295471052814	19.334791429407936	2020-02-01	ep_star-ne_star	south	2020
2019-09-01	A/Mississippi/07/2019_EPI1368570	6.3e-05	17.56986299999998	18.722113999999983	0.058821322829660794	1.796455462991364e-05	15.25905937240886	2020-02-01	ep_star-ne_star	south	2020
2019-09-01	A/Missouri/8777/2019_EPI1500457	0.000357	18.07672999999998	19.21599099999999	3.158252055407127	0.00037034357526355286	15.848338745306068	2020-02-01	ep_star-ne_star	south	2020
2019-09-01	A/Montana/03/2019_EPI1407752	1.3000000000000001e-05	16.223342999999975	17.295479999999987	0.058821322829660794	3.70697159029964e-06	15.135950016235137	2020-02-01	ep_star-ne_star	south	2020
2019-09-01	A/Moscow/121/2019_EPI1511201	0.000667	9.140904999999991	9.58244399999999	0.058821322829660794	0.00019019615774845073	17.65911471691579	2020-02-01	ep_star-ne_star	south	2020
2019-09-01	A/Mozambique/206/2019_EPI1495894	0.0008380000000000001	11.847826999999981	11.247404999999983	0.779872375295624	0.0003226996265817882	19.60356965224111	2020-02-01	ep_star-ne_star	south	2020
2019-09-01	A/Mozambique/2731/2019_EPI1496237	0.000916	10.131368999999989	10.213230999999983	0.058821322829660794	0.00026119892128572845	16.722737757118722	2020-02-01	ep_star-ne_star	south	2020
2019-09-01	A/Mozambique/283/2019_EPI1495823	0.000877	11.736987999999979	11.823343999999985	-7.797368769970811	9.472192079360045e-06	18.703746570113694	2020-02-01	ep_star-ne_star	south	2020
2019-09-01	A/NAGANO-C/25/2019_EPI1498251	0.004518	9.140904999999991	9.58244399999999	0.058821322829660794	0.001288315203459521	17.65911471691579	2020-02-01	ep_star-ne_star	south	2020
2019-09-01	A/NAGANO/2291/2019_EPI1485546	0.002283	11.131146999999988	11.611819999999993	6.257682787984592	0.008615950668263933	19.57195133708184	2020-02-01	ep_star-ne_star	south	2020
2019-09-01	A/NAGANO/2410/2019_EPI1566680	0.012612	11.596975999999987	12.250350000000005	-2.319558357281842	0.0013349890788504656	20.17505985187464	2020-02-01	ep_star-ne_star	south	2020
2019-09-01	A/NIIGATA-C/37/2019_EPI1494556	0.006416	11.013106999999982	11.199764999999987	3.158252055407127	0.006655810585128726	19.112695733785266	2020-02-01	ep_star-ne_star	south	2020
2019-09-01	A/Nebraska/8615/2019_EPI1499999	9.4e-05	18.68383999999997	19.880543999999993	3.158252055407127	9.751343438312035e-05	17.94413277421463	2020-02-01	ep_star-ne_star	south	2020
2019-09-01	A/Nepal/19FL1376/2019_EPI1484992	0.000173	11.130325999999995	11.271902999999991	3.158252055407127	0.00017946621434340238	17.5170466541794	2020-02-01	ep_star-ne_star	south	2020
2019-09-01	A/Nepal/19FL1496/2019_EPI1484994	0.00023799999999999998	10.147762999999987	10.301843999999985	0.058821322829660794	6.786609526856263e-05	16.566765116619617	2020-02-01	ep_star-ne_star	south	2020
2019-09-01	A/Netherlands/00626/2019_EPI1393744	0.00023799999999999998	13.591374999999989	14.212067999999984	3.158252055407127	0.00024689571684236857	21.61391394553687	2020-02-01	ep_star-ne_star	south	2020
2019-09-01	A/Netherlands/00876/2019_EPI1413640	0.000766	13.027407999999987	13.167899999999989	0.058821322829660794	0.00021842617216688646	19.698670827004484	2020-02-01	ep_star-ne_star	south	2020
2019-09-01	A/Netherlands/00881/2019_EPI1413650	0.000637	15.95064399999998	16.441699999999983	3.158252055407127	0.0006608091244898688	24.465922395468418	2020-02-01	ep_star-ne_star	south	2020
2019-09-01	A/Netherlands/01133/2019_EPI1431652	0.000801	13.166539999999985	13.826291999999977	-5.418989089859307	2.330588362200311e-05	22.123306817213802	2020-02-01	ep_star-ne_star	south	2020
2019-09-01	A/Netherlands/01203/2019_EPI1436620	0.001732	10.861170999999985	11.114974999999987	0.058821322829660794	0.000493882676492229	18.94375395757279	2020-02-01	ep_star-ne_star	south	2020
2019-09-01	A/Netherlands/01268/2019_EPI1436641	0.0030789999999999997	24.47537099999997	25.126156999999967	0.779872375295624	0.001185670823681773	28.300491804655294	2020-02-01	ep_star-ne_star	south	2020
2019-09-01	A/Netherlands/01387/2019_EPI1520177	0.015436000000000002	18.323735999999982	19.137089999999983	3.87930310787309	0.02162469085491987	26.193586421322703	2020-02-01	ep_star-ne_star	south	2020
2019-09-01	A/New_Hampshire/08/2019_EPI1368047	6.7e-05	17.56986299999998	18.722113999999983	0.058821322829660794	1.910516127308276e-05	15.25905937240886	2020-02-01	ep_star-ne_star	south	2020
2019-09-01	A/New_Mexico/16/2019_EPI1396003	0.000292	18.898587999999986	20.01806699999999	-7.797368769970811	3.153797134747016e-06	17.19932892866946	2020-02-01	ep_star-ne_star	south	2020
2019-09-01	A/Newcastle/11/2019_EPI1387478	2.8999999999999997e-05	11.09165799999999	11.191049999999995	3.158252055407127	3.008393188415415e-05	17.46995407699397	2020-02-01	ep_star-ne_star	south	2020
2019-09-01	A/Newcastle/14/2019_EPI1387394	2.4e-05	9.852454999999994	9.317086999999992	0.058821322829660794	6.84363985901472e-06	17.605008926552127	2020-02-01	ep_star-ne_star	south	2020
2019-09-01	A/Newcastle/51/2019_EPI1435974	0.000766	18.68383999999997	19.880543999999993	3.158252055407127	0.0007946307525262787	17.94413277421463	2020-02-01	ep_star-ne_star	south	2020
2019-09-01	A/Newcastle/610/2019_EPI1387490	3.1e-05	10.881833999999987	11.050483999999987	6.257682787984592	0.00011699275984064037	18.998894357819434	2020-02-01	ep_star-ne_star	south	2020
2019-09-01	A/Niger/6691/2019_EPI1486586	0.00021400000000000002	17.69103099999997	18.43571899999998	3.158252055407127	0.00022199866976582724	20.434247858153288	2020-02-01	ep_star-ne_star	south	2020
2019-09-01	A/Nord_Pas_de_Calais/1803/2019_EPI1582669	0.001141	10.976684999999996	11.42703999999998	-2.319558357281842	0.00012077565326422309	17.771438955655803	2020-02-01	ep_star-ne_star	south	2020
2019-09-01	A/Nordrhein-Westfalen/134/2019_EPI1440668	0.002559	9.140904999999991	9.58244399999999	0.058821322829660794	0.0007297030999674445	17.65911471691579	2020-02-01	ep_star-ne_star	south	2020
2019-09-01	A/Nordrhein-Westfalen/22/2019_EPI1378249	6.3e-05	19.18570399999997	20.331300999999996	-2.319558357281842	6.668594352012317e-06	17.245236415739853	2020-02-01	ep_star-ne_star	south	2020
2019-09-01	A/OSAKA/70/2019_EPI1443533	0.00021400000000000002	10.648268999999985	11.302706999999991	0.058821322829660794	6.1022455409547915e-05	19.30522962226759	2020-02-01	ep_star-ne_star	south	2020
2019-09-01	A/Oman/2163/2019_EPI1438871	0.000277	9.852454999999994	9.317086999999992	0.058821322829660794	7.898701003946155e-05	17.605008926552127	2020-02-01	ep_star-ne_star	south	2020
2019-09-01	A/Pakistan/1065/2019_EPI1439272	0.00011200000000000001	9.852454999999994	9.317086999999992	0.058821322829660794	3.193698600873536e-05	17.605008926552127	2020-02-01	ep_star-ne_star	south	2020
2019-09-01	A/Pakistan/1213/2019_EPI1439264	0.000125	9.852454999999994	9.317086999999992	0.058821322829660794	3.5643957599035e-05	17.605008926552127	2020-02-01	ep_star-ne_star	south	2020
2019-09-01	A/Pakistan/185/2019_EPI1422406	2.2e-05	9.852454999999994	9.317086999999992	0.058821322829660794	6.273336537430159e-06	17.605008926552127	2020-02-01	ep_star-ne_star	south	2020
2019-09-01	A/Pakistan/490/2019_EPI1408809	4.7e-05	11.127348999999992	11.211181999999994	3.158252055407127	4.8756717191560174e-05	17.72007284811055	2020-02-01	ep_star-ne_star	south	2020
2019-09-01	A/Pakistan/490/2019_EPI1438043	4.7e-05	11.127348999999992	11.211181999999994	3.158252055407127	4.8756717191560174e-05	17.72007284811055	2020-02-01	ep_star-ne_star	south	2020
2019-09-01	A/Pakistan/959/2019_EPI1439288	9.4e-05	11.131085999999991	11.204471999999994	3.158252055407127	9.751343438312035e-05	17.585784028780587	2020-02-01	ep_star-ne_star	south	2020
2019-09-01	A/Pakistan/984/2019_EPI1479177	9.4e-05	12.12714999999998	12.211037999999988	6.257682787984592	0.0003547522395167804	18.719363343631546	2020-02-01	ep_star-ne_star	south	2020
2019-09-01	A/Palestine/10/2019_EPI1436532	3.7e-05	9.187473999999987	9.324025000000004	0.058821322829660794	1.0550611449314358e-05	15.819548796744344	2020-02-01	ep_star-ne_star	south	2020
2019-09-01	A/Paris/105/2019_EPI1351714	1.9e-05	10.131858999999992	10.271915999999985	0.058821322829660794	5.417881555053319e-06	16.655297103719438	2020-02-01	ep_star-ne_star	south	2020
2019-09-01	A/Pays_de_Loire/1864/2019_EPI1582688	0.00147	11.138757999999992	11.24148299999999	3.158252055407127	0.0015249441334381588	17.795523763732753	2020-02-01	ep_star-ne_star	south	2020
2019-09-01	A/Perth/5/2019_EPI1387385	2e-05	12.74185799999998	12.568061999999976	9.35711352056206	0.00027459206385101913	20.419716295512117	2020-02-01	ep_star-ne_star	south	2020
2019-09-01	A/Rabat/352/2019_EPI1436536	1.7e-05	17.12993199999997	17.741626999999973	-2.319558357281842	1.7994619680033237e-06	20.147818040064998	2020-02-01	ep_star-ne_star	south	2020
2019-09-01	A/Rancagua/40889/2019_EPI1548723	0.004369	17.942628999999975	19.041789999999974	-5.418989089859307	0.00012712035648505815	16.1354273735126	2020-02-01	ep_star-ne_star	south	2020
2019-09-01	A/Rheinland-Pfalz/34/2019_EPI1449577	0.000357	10.14173099999999	10.259483999999986	0.058821322829660794	0.00010179914290284396	16.802571277007686	2020-02-01	ep_star-ne_star	south	2020
2019-09-01	A/Rhode_Island/14/2019_EPI1438242	0.00033999999999999997	9.140904999999991	9.58244399999999	0.058821322829660794	9.695156466937517e-05	17.65911471691579	2020-02-01	ep_star-ne_star	south	2020
2019-09-01	A/SAPPORO/48/2019_EPI1566706	0.012912	10.847453999999987	11.34140399999999	3.158252055407127	0.013394611327179257	19.091661880981484	2020-02-01	ep_star-ne_star	south	2020
2019-09-01	A/Saint-Petersburg/RII-4545S/2019_EPI1489993	0.00343	10.845500000000001	10.317073999999979	3.158252055407127	0.0035582029780223704	18.46113381912672	2020-02-01	ep_star-ne_star	south	2020
2019-09-01	A/Santiago/21659/2019_EPI1440446	0.00045700000000000005	9.187473999999987	9.324025000000004	0.058821322829660794	0.00013031430898207197	15.819548796744344	2020-02-01	ep_star-ne_star	south	2020
2019-09-01	A/Sao_Paulo/1856758-IAL/2019_EPI1529358	0.014147999999999999	18.96777799999997	20.16957899999999	6.257682787984592	0.053393986007270314	16.584485040409714	2020-02-01	ep_star-ne_star	south	2020
2019-09-01	A/Shandong-Mudan/1181/2019_EPI1380721	0.000139	16.223342999999975	17.295479999999987	0.058821322829660794	3.963608085012691e-05	15.135950016235137	2020-02-01	ep_star-ne_star	south	2020
2019-09-01	A/Shandong-Rencheng/1401/2019_EPI1380775	0.000139	9.943386999999984	10.127176999999989	3.158252055407127	0.00014419539765163543	18.090706296421853	2020-02-01	ep_star-ne_star	south	2020
2019-09-01	A/Shanghai-Jingan/11162/2019_EPI1542489	0.014465	10.631446999999998	10.574189999999987	-10.896799502548276	4.2944608450630734e-05	17.678644474656835	2020-02-01	ep_star-ne_star	south	2020
2019-09-01	A/Shanghai-Pudongxin/11062/2019_EPI1542564	0.021654	12.94794499999998	13.221143999999983	6.257682787984592	0.08172132972868472	17.69407873479294	2020-02-01	ep_star-ne_star	south	2020
2019-09-01	A/Shanghai/1973/2019_EPI1498272	2.7000000000000002e-05	9.140904999999991	9.58244399999999	0.058821322829660794	7.69909484139156e-06	17.65911471691579	2020-02-01	ep_star-ne_star	south	2020
2019-09-01	A/Sichuan-Lizhou/1396/2019_EPI1542669	0.006815000000000001	11.158271999999997	11.27339799999999	0.058821322829660794	0.0019433085682993884	16.637299566617827	2020-02-01	ep_star-ne_star	south	2020
2019-09-01	A/Singapore/GP0008/2019_EPI1388253	0.000139	11.424516999999998	11.514391999999988	3.158252055407127	0.00014419539765163543	17.1739099188174	2020-02-01	ep_star-ne_star	south	2020
2019-09-01	A/Singapore/MOH0015/2019_EPI1387949	1.9e-05	11.054282	11.444290999999975	6.257682787984592	7.170523990232798e-05	17.857133767498432	2020-02-01	ep_star-ne_star	south	2020
2019-09-01	A/Singapore/NTF0019/2019_EPI1380574	9.4e-05	10.10798799999998	10.582206999999995	3.158252055407127	9.751343438312035e-05	18.613755310466196	2020-02-01	ep_star-ne_star	south	2020
2019-09-01	A/Singapore/SGH0085/2019_EPI1388037	3.1e-05	9.817851999999995	9.711356999999992	0.058821322829660794	8.83970148456068e-06	17.60306882459268	2020-02-01	ep_star-ne_star	south	2020
2019-09-01	A/South_Africa/R03804/2019_EPI1582701	0.002283	10.411963999999987	11.061746999999992	0.058821322829660794	0.0006510012415887751	18.807937435608316	2020-02-01	ep_star-ne_star	south	2020
2019-09-01	A/South_Africa/R03985/2019_EPI1582703	0.002657	13.258498999999988	13.87764399999998	-2.319558357281842	0.0002812453205285195	22.305832630565888	2020-02-01	ep_star-ne_star	south	2020
2019-09-01	A/South_Africa/R05176/2019_EPI1582713	0.006815000000000001	10.161064999999986	10.286799999999985	0.058821322829660794	0.0019433085682993884	16.791714979184405	2020-02-01	ep_star-ne_star	south	2020
2019-09-01	A/South_Africa/R05619/2019_EPI1582715	0.0081129999999999	17.56986299999998	18.722113999999983	0.058821322829660794	0.0023134354240077386	15.25905937240886	2020-02-01	ep_star-ne_star	south	2020
2019-09-01	A/South_Africa/R06219/2019_EPI1582727	0.01089	10.69069299999999	10.861101999999997	-5.418989089859307	0.0003168552717148738	16.77140066664858	2020-02-01	ep_star-ne_star	south	2020
2019-09-01	A/South_Africa/R06867/2019_EPI1582737	0.013834	17.56986299999998	18.722113999999983	0.058821322829660794	0.0039447880754004015	15.25905937240886	2020-02-01	ep_star-ne_star	south	2020
2019-09-01	A/South_Australia/109/2019_EPI1436019	0.000292	10.14173099999999	10.259483999999986	0.058821322829660794	8.326428495134574e-05	16.802571277007686	2020-02-01	ep_star-ne_star	south	2020
2019-09-01	A/South_Australia/124/2019_EPI1436028	0.00043499999999999995	10.29555799999998	10.91489499999999	-5.418989089859307	1.2656753277866858e-05	19.334791429407936	2020-02-01	ep_star-ne_star	south	2020
2019-09-01	A/South_Australia/15/2019_EPI1387448	2.8999999999999997e-05	10.09289999999998	10.580782999999995	0.058821322829660794	8.269398162976119e-06	18.598877839495664	2020-02-01	ep_star-ne_star	south	2020
2019-09-01	A/South_Australia/299/2019_EPI1639410	0.001953	10.29555799999998	10.91489499999999	-5.418989089859307	5.682445781994018e-05	19.334791429407936	2020-02-01	ep_star-ne_star	south	2020
2019-09-01	A/South_Australia/39/2019_EPI1440498	0.000118	10.49745499999999	10.732513999999986	0.058821322829660794	3.364789597348904e-05	18.076574857898148	2020-02-01	ep_star-ne_star	south	2020
2019-09-01	A/South_Australia/69/2019_EPI1387286	4.2e-05	9.946096999999982	10.01441599999999	3.158252055407127	4.3569832383947396e-05	17.968410826081872	2020-02-01	ep_star-ne_star	south	2020
2019-09-01	A/South_Australia/94/2019_EPI1436070	0.000323	10.29555799999998	10.91489499999999	-5.418989089859307	9.398003008622979e-06	19.334791429407936	2020-02-01	ep_star-ne_star	south	2020
2019-09-01	A/South_Carolina/13/2019_EPI1546961	0.014465	10.29555799999998	10.91489499999999	-5.418989089859307	0.0004208734164697566	19.334791429407936	2020-02-01	ep_star-ne_star	south	2020
2019-09-01	A/South_Dakota/06/2019_EPI1409036	4.7e-05	18.68383999999997	19.880543999999993	3.158252055407127	4.8756717191560174e-05	17.94413277421463	2020-02-01	ep_star-ne_star	south	2020
2019-09-01	A/South_Korea/8674/2019_EPI1500278	2.1e-05	10.807659000000003	10.711343999999977	3.158252055407127	2.1784916191973698e-05	18.59250625237045	2020-02-01	ep_star-ne_star	south	2020
2019-09-01	A/South_Korea/8825/2019_EPI1500769	0.00043499999999999995	9.67957999999999	10.302753999999993	0.058821322829660794	0.00012404097244464178	18.348601048888245	2020-02-01	ep_star-ne_star	south	2020
2019-09-01	A/South_Korea/8829/2019_EPI1500801	0.00043499999999999995	9.67957999999999	10.302753999999993	0.058821322829660794	0.00012404097244464178	18.348601048888245	2020-02-01	ep_star-ne_star	south	2020
2019-09-01	A/South_Korea/9116/2019_EPI1527339	0.000608	9.67957999999999	10.302753999999993	0.058821322829660794	0.00017337220976170622	18.348601048888245	2020-02-01	ep_star-ne_star	south	2020
2019-09-01	A/South_Korea/9704/2019_EPI1513268	0.002464	10.674556999999986	11.244500999999994	3.158252055407127	0.0025560968331915807	19.275065934654798	2020-02-01	ep_star-ne_star	south	2020
2019-09-01	A/Suriname/500/2019_EPI1507903	0.000958	18.553709999999985	19.71814099999998	3.158252055407127	0.0009938071291386097	16.04545120922698	2020-02-01	ep_star-ne_star	south	2020
2019-09-01	A/Sydney/24/2019_EPI1387271	3.9e-05	10.131368999999989	10.213230999999983	0.058821322829660794	1.1120914770898918e-05	16.722737757118722	2020-02-01	ep_star-ne_star	south	2020
2019-09-01	A/Sydney/52/2019_EPI1435965	0.000503	10.139887999999978	10.578361999999993	3.158252055407127	0.0005218006116458462	18.658071115692483	2020-02-01	ep_star-ne_star	south	2020
2019-09-01	A/Sydney/54/2019_EPI1435971	0.00058	9.67957999999999	10.302753999999993	0.058821322829660794	0.0001653879632595224	18.348601048888245	2020-02-01	ep_star-ne_star	south	2020
2019-09-01	A/Sydney/6/2019_EPI1387349	2.1e-05	8.94873999999999	9.13090899999999	0.058821322829660794	5.988184876637879e-06	17.10781276404919	2020-02-01	ep_star-ne_star	south	2020
2019-09-01	A/Sydney/724/2019_EPI1434608	0.000139	11.919097999999988	12.133680999999985	6.257682787984592	0.000524580439285452	18.022657243425545	2020-02-01	ep_star-ne_star	south	2020
2019-09-01	A/TOKYO/19121/2019_EPI1566708	0.016097	11.387525999999989	12.092969000000005	-2.319558357281842	0.001703878782291147	20.156886260149523	2020-02-01	ep_star-ne_star	south	2020
2019-09-01	A/Tasmania/539/2019_EPI1550121	0.002862	9.67957999999999	10.302753999999993	0.058821322829660794	0.0008161040531875053	18.348601048888245	2020-02-01	ep_star-ne_star	south	2020
2019-09-01	A/Tasmania/8/2019_EPI1548953	0.002372	9.67957999999999	10.302753999999993	0.058821322829660794	0.0006763797393992881	18.348601048888245	2020-02-01	ep_star-ne_star	south	2020
2019-09-01	A/Tehran/167307/2019_EPI1388627	0.000193	10.131368999999989	10.213230999999983	0.058821322829660794	5.503427053291004e-05	16.722737757118722	2020-02-01	ep_star-ne_star	south	2020
2019-09-01	A/Tetouan/671/2019_EPI1436551	5e-05	16.223342999999975	17.295479999999987	0.058821322829660794	1.4257583039613999e-05	15.135950016235137	2020-02-01	ep_star-ne_star	south	2020
2019-09-01	A/Texas/540/2018_EPI1456178	1.1e-05	20.525865000000007	21.497630999999984	9.35711352056206	0.00015102563511806052	18.090780088644873	2020-02-01	ep_star-ne_star	south	2020
2019-09-01	A/Texas/8078/2019_EPI1516981	3.7e-05	11.139357999999996	11.32235099999999	3.158252055407127	3.838294757633461e-05	17.759227739485894	2020-02-01	ep_star-ne_star	south	2020
2019-09-01	A/Togo/170/2019_EPI1497489	7.5e-05	10.131368999999989	10.213230999999983	0.058821322829660794	2.1386374559420997e-05	16.722737757118722	2020-02-01	ep_star-ne_star	south	2020
2019-09-01	A/Togo/278/2019_EPI1486698	0.000277	11.127348999999992	11.211181999999994	3.158252055407127	0.0002873534183417483	17.72007284811055	2020-02-01	ep_star-ne_star	south	2020
2019-09-01	A/Togo/386/2019_EPI1486642	0.0005269999999999	10.131368999999989	10.213230999999983	0.058821322829660794	0.00015027492523750306	16.722737757118722	2020-02-01	ep_star-ne_star	south	2020
2019-09-01	A/Ulaanbaatar/1835/2019_EPI1496253	0.001953	13.04156499999999	13.442249999999994	3.87930310787309	0.0027360081134787835	19.844885180012668	2020-02-01	ep_star-ne_star	south	2020
2019-09-01	A/Valencia/07_1520_20190205_EPI1543830	0.0001	9.140904999999991	9.58244399999999	0.058821322829660794	2.8515166079227997e-05	17.65911471691579	2020-02-01	ep_star-ne_star	south	2020
2019-09-01	A/Valencia/07_1878_20190304_EPI1543910	0.000414	17.22147999999997	18.29522799999998	3.158252055407127	0.00042947406207033856	16.131549919319344	2020-02-01	ep_star-ne_star	south	2020
2019-09-01	A/Van/E7/2019_EPI1370189	1.3000000000000001e-05	10.186225999999985	10.323772999999985	3.158252055407127	1.3485900499793243e-05	16.81616707170153	2020-02-01	ep_star-ne_star	south	2020
2019-09-01	A/Vermont/05/2019_EPI1362385	3.1e-05	16.76508999999999	17.228632999999977	3.158252055407127	3.215868580719927e-05	20.9103608553887	2020-02-01	ep_star-ne_star	south	2020
2019-09-01	A/Victoria/2080/2019_EPI1434563	0.000155	16.691469999999995	17.43573199999997	0.058821322829660794	4.41985074228034e-05	19.43469185549279	2020-02-01	ep_star-ne_star	south	2020
2019-09-01	A/Victoria/2091/2019_EPI1436013	0.000277	10.09289999999998	10.580782999999995	0.058821322829660794	7.898701003946155e-05	18.598877839495664	2020-02-01	ep_star-ne_star	south	2020
2019-09-01	A/Victoria/2095/2019_EPI1436016	0.000307	9.168584999999991	9.24930899999999	0.058821322829660794	8.754155986322995e-05	16.06840740395807	2020-02-01	ep_star-ne_star	south	2020
2019-09-01	A/Victoria/2500/2018_EPI1358910	1.1e-05	9.948606999999983	10.130895999999987	0.058821322829660794	3.1366682687150797e-06	18.107803581114197	2020-02-01	ep_star-ne_star	south	2020
2019-09-01	A/Victoria/2506/2018_EPI1358913	1.1e-05	8.94873999999999	9.13090899999999	0.058821322829660794	3.1366682687150797e-06	17.10781276404919	2020-02-01	ep_star-ne_star	south	2020
2019-09-01	A/Victoria/703/2019_EPI1444936	0.001877	20.557459000000005	21.718005999999978	9.35711352056206	0.025770465192418143	18.103301966150397	2020-02-01	ep_star-ne_star	south	2020
2019-09-01	A/Victoria/725/2019_EPI1639431	0.004369	11.626706999999984	12.297952000000002	-10.896799502548276	1.2970964004203641e-05	20.30083388293079	2020-02-01	ep_star-ne_star	south	2020
2019-09-01	A/WAKAYAMA/23/2019_EPI1444692	0.0001	10.140682999999978	10.582430999999994	-5.418989089859307	2.9095984546820366e-06	18.659105761050593	2020-02-01	ep_star-ne_star	south	2020
2019-09-01	A/Washington/154/2019_EPI1460688	9.4e-05	18.68383999999997	19.880543999999993	3.158252055407127	9.751343438312035e-05	17.94413277421463	2020-02-01	ep_star-ne_star	south	2020
2019-09-01	A/Washington/336/2019_EPI1464337	0.00043499999999999995	18.68383999999997	19.880543999999993	3.158252055407127	0.00045125897826231226	17.94413277421463	2020-02-01	ep_star-ne_star	south	2020
2019-09-01	A/Washington/9764/2019_EPI1527028	0.002113	19.553685999999967	20.721346999999987	6.257682787984592	0.007974377469137841	17.21917094779771	2020-02-01	ep_star-ne_star	south	2020
2019-09-01	A/Wisconsin/101/2019_EPI1460424	0.000164	9.817851999999995	9.711356999999992	0.058821322829660794	4.6764872369933915e-05	17.60306882459268	2020-02-01	ep_star-ne_star	south	2020
2019-09-01	A/Wisconsin/268/2019_EPI1463118	0.000553	17.56986299999998	18.722113999999983	0.058821322829660794	0.00015768886841813082	15.25905937240886	2020-02-01	ep_star-ne_star	south	2020
2019-09-01	A/Wisconsin/535/2019_EPI1562562	0.002283	18.565047999999987	19.709598999999983	3.158252055407127	0.0023683316031559974	16.254075813485713	2020-02-01	ep_star-ne_star	south	2020
2019-09-01	A/Wisconsin/556/2019_EPI1573878	0.0213	10.29555799999998	10.91489499999999	-5.418989089859307	0.0006197444708472738	19.334791429407936	2020-02-01	ep_star-ne_star	south	2020
2019-09-01	A/Xinjiang-Kelamayi/182/2019_EPI1380637	4.7e-05	13.42387199999998	13.51148899999998	0.779872375295624	1.8098905070816282e-05	19.17379147814087	2020-02-01	ep_star-ne_star	south	2020
2019-09-01	A/YAMANASHI/19178/2019_EPI1443537	9.4e-05	10.140705999999978	10.581273999999993	3.158252055407127	9.751343438312035e-05	18.658919690047007	2020-02-01	ep_star-ne_star	south	2020
2019-09-01	A/YOKOHAMA/132/2019_EPI1443556	0.000357	9.67957999999999	10.302753999999993	0.058821322829660794	0.00010179914290284396	18.348601048888245	2020-02-01	ep_star-ne_star	south	2020
2019-09-01	A/YOKOHAMA/158/2019_EPI1494548	0.005493	9.67957999999999	10.302753999999993	0.058821322829660794	0.0015663380727319938	18.348601048888245	2020-02-01	ep_star-ne_star	south	2020
2019-09-01	A/YOKOSUKA/17/2019_EPI1484978	1.9e-05	10.657671999999987	11.169586999999993	-5.418989089859307	5.52823706389587e-07	18.588983741027327	2020-02-01	ep_star-ne_star	south	2020
2019-09-01	A/Yunnan-Gejiu/314/2019_EPI1504640	0.004082	10.425887999999997	10.514404999999993	0.058821322829660794	0.0011639890793540867	16.177963179897766	2020-02-01	ep_star-ne_star	south	2020
2019-09-01	A/Yunnan-Qilin/1622/2019_EPI1504571	0.0085799999999999	13.335888999999984	13.41978399999998	0.779872375295624	0.003304012883140466	18.932116084605603	2020-02-01	ep_star-ne_star	south	2020
2019-09-01	A/Yunnan-Zhaoyang/1243/2019_EPI1503616	0.000608	11.424660999999997	11.514391999999988	3.158252055407127	0.0006307251926057147	17.176701729512555	2020-02-01	ep_star-ne_star	south	2020
2019-09-01	A/Zhejiang-Haishu/1980/2019_EPI1542708	0.009821	9.560406999999985	9.838709999999987	0.058821322829660794	0.002800474460640982	16.98608050457075	2020-02-01	ep_star-ne_star	south	2020
2019-09-01	A/Zhejiang-Kecheng/1128/2019_EPI1380784	6.3e-05	10.425887999999997	10.514404999999993	0.058821322829660794	1.796455462991364e-05	16.177963179897766	2020-02-01	ep_star-ne_star	south	2020
2019-09-01	A/Zhejiang-Yongkang/1235/2019_EPI1504631	0.0008380000000000001	12.395539999999986	12.473447999999987	3.158252055407127	0.0008693218937559029	18.140272145683504	2020-02-01	ep_star-ne_star	south	2020
2020-09-01	A/AICHI/323/2019_EPI1731963	1.1e-05	31.52375800000001	19.769399999999973	0.1483315609134923	1.1295019576153352e-05	25.085494050839937	2021-02-01	ep_star-ne_star	south	2021
2020-09-01	A/AICHI/98/2020_EPI1749644	0.004145	37.30548899999999	27.441088999999987	0.3961763475676263	0.00471919417781496	32.12224632868614	2021-02-01	ep_star-ne_star	south	2021
2020-09-01	A/Alagoas/496/2020_EPI1751895	0.005272	36.220259999999996	18.399432999999974	0.8764629003037683	0.007332118307114755	29.88326595019416	2021-02-01	ep_star-ne_star	south	2021
2020-09-01	A/Alagoas/552/2020_EPI1751919	0.005272	36.70502700000002	19.321984999999973	0.3961763475676263	0.006002314042325807	30.47870069841686	2021-02-01	ep_star-ne_star	south	2021
2020-09-01	A/Algiers/368/2020_EPI1753996	0.001482	31.774067	15.820834999999985	0.6363196239356972	0.0018648628224722872	25.55592752973319	2021-02-01	ep_star-ne_star	south	2021
2020-09-01	A/Anantnag/AG_159/2019_EPI1696367	1.2e-05	34.71311800000002	10.737347999999987	0.6363196239356972	1.5100103825686537e-05	28.488629193942163	2021-02-01	ep_star-ne_star	south	2021
2020-09-01	A/Arizona/11/2020_EPI1723591	0.002644	30.567669999999985	19.36175999999999	0.3961763475676263	0.003010265236705128	24.179243505014252	2021-02-01	ep_star-ne_star	south	2021
2020-09-01	A/Arizona/13/2020_EPI1719308	0.0035770000000000003	30.567669999999985	19.36175999999999	0.3961763475676263	0.004072510874317036	24.179243505014252	2021-02-01	ep_star-ne_star	south	2021
2020-09-01	A/Bahrain/885/2019_EPI1757861	6.9e-05	30.506310999999986	16.49016299999999	0.1483315609134923	7.085057734132557e-05	24.249755284981152	2021-02-01	ep_star-ne_star	south	2021
2020-09-01	A/Beijing-Miyun/51/2019_EPI1753607	0.00010400000000000001	33.279552	17.820317999999983	0.3884748372815632	0.00011802744803923214	27.19873478757601	2021-02-01	ep_star-ne_star	south	2021
2020-09-01	A/Beijing-Miyun/51/2020_EPI1753647	0.000177	34.443926999999974	19.706486999999974	0.6209166033635716	0.0002213016664308946	28.570171534210157	2021-02-01	ep_star-ne_star	south	2021
2020-09-01	A/Beijing-Miyun/53/2020_EPI1753639	0.00018899999999999999	33.279552	17.820317999999983	0.3884748372815632	0.00021449218922514298	27.19873478757601	2021-02-01	ep_star-ne_star	south	2021
2020-09-01	A/Beirut/331/2020_EPI1763579	0.002783	31.877439000000006	15.820834999999985	0.6363196239356972	0.0035019657455738025	25.6854011325435	2021-02-01	ep_star-ne_star	south	2021
2020-09-01	A/Bremen/7/2020_EPI1735284	0.0037579999999999996	36.757251	26.555051999999993	0.6363196239356972	0.004728849181410834	31.652070419635102	2021-02-01	ep_star-ne_star	south	2021
2020-09-01	A/Bretagne/775/2020_EPI1742606	0.00085	38.30811999999993	28.437844999999978	0.6363196239356972	0.0010695906876527963	33.1248446686699	2021-02-01	ep_star-ne_star	south	2021
2020-09-01	A/Brisbane/14/2020_EPI1759260	0.0037579999999999996	37.22944499999999	26.43845199999998	0.6363196239356972	0.004728849181410834	32.02851032696275	2021-02-01	ep_star-ne_star	south	2021
2020-09-01	A/Brisbane/15/2020_EPI1795461	0.0037579999999999996	38.295369999999934	28.441077999999973	0.8764629003037683	0.005226498596004789	33.10654062685067	2021-02-01	ep_star-ne_star	south	2021
2020-09-01	A/Brisbane/17/2020_EPI1797929	0.008736	30.645017999999983	19.29513599999999	0.1483315609134923	0.008970299183388698	24.275122850501322	2021-02-01	ep_star-ne_star	south	2021
2020-09-01	A/Brunei/29/2020_EPI1797797	0.00042199999999999996	36.31378799999999	26.44109999999998	0.3961763475676263	0.0004804583698523313	31.13168471704178	2021-02-01	ep_star-ne_star	south	2021
2020-09-01	A/Bulgaria/738/2020_EPI1735300	0.000638	38.19365399999995	28.441077999999973	0.6363196239356972	0.0008028221867323342	32.98818373000722	2021-02-01	ep_star-ne_star	south	2021
2020-09-01	A/California/241/2019_EPI1685885	7.4e-05	30.885168000000007	14.82084599999999	0.3961763475676263	8.425099376557467e-05	24.69523224857557	2021-02-01	ep_star-ne_star	south	2021
2020-09-01	A/California/49/2020_EPI1725851	0.004352	31.531186999999996	20.22101699999998	0.1483315609134923	0.0044687204723108526	25.135009677858157	2021-02-01	ep_star-ne_star	south	2021
2020-09-01	A/Cambodia/FSS41534/2019_EPI1690268	2e-05	35.792658999999986	18.39288699999998	0.6363196239356972	2.5166839709477562e-05	29.796377537207437	2021-02-01	ep_star-ne_star	south	2021
2020-09-01	A/Cambodia/FSS42361/2020_EPI1797917	0.000397	30.638713999999986	19.295341999999987	0.3961763475676263	0.00045199519628288037	24.219067812395142	2021-02-01	ep_star-ne_star	south	2021
2020-09-01	A/Cambodia/FSS42623/2020_EPI1797914	0.00020099999999999998	30.885168000000007	14.82084599999999	0.3961763475676263	0.00022884391549838525	24.69523224857557	2021-02-01	ep_star-ne_star	south	2021
2020-09-01	A/Cambodia/FSS42930/2020_EPI1797806	0.0057929999999999995	30.638713999999986	19.295341999999987	0.3961763475676263	0.006595486579513163	24.219067812395142	2021-02-01	ep_star-ne_star	south	2021
2020-09-01	A/Cambodia/e0130364/2020_EPI1797887	0.00021400000000000002	31.472881000000005	15.820339999999982	0.6363196239356972	0.00026928518489140993	25.400075410731812	2021-02-01	ep_star-ne_star	south	2021
2020-09-01	A/Cambodia/e0206376/2020_EPI1797851	0.00022799999999999999	30.885168000000007	14.82084599999999	0.3961763475676263	0.0002595841429533922	24.69523224857557	2021-02-01	ep_star-ne_star	south	2021
2020-09-01	A/Cambodia/e0206379/2020_EPI1797854	0.000275	31.146248	19.881619999999987	0.6363196239356972	0.00034604404600531647	24.820837815832885	2021-02-01	ep_star-ne_star	south	2021
2020-09-01	A/Cambodia/e0226365/2020_EPI1797830	0.001836	30.638713999999986	19.295341999999987	0.3961763475676263	0.0020903354669404746	24.219067812395142	2021-02-01	ep_star-ne_star	south	2021
2020-09-01	A/Cambodia/e0304365/2020_EPI1797905	0.002783	32.13234700000001	20.881608999999976	0.8764629003037683	0.003870501754305835	25.800292878727628	2021-02-01	ep_star-ne_star	south	2021
2020-09-01	A/Cambodia/e0304373/2020_EPI1797818	0.0009	31.63690499999999	20.29533099999998	0.6363196239356972	0.0011325077869264902	25.216802796821284	2021-02-01	ep_star-ne_star	south	2021
2020-09-01	A/Cambodia/e0304385/2020_EPI1797866	0.002041	30.638713999999986	19.295341999999987	0.3961763475676263	0.0023237334902099717	24.219067812395142	2021-02-01	ep_star-ne_star	south	2021
2020-09-01	A/Cambodia/e0327360/2020_EPI1797908	0.004145	30.638713999999986	19.295341999999987	0.3961763475676263	0.00471919417781496	24.219067812395142	2021-02-01	ep_star-ne_star	south	2021
2020-09-01	A/Cambodia/e0327364/2020_EPI1797911	0.004145	32.57581	20.995560999999974	1.1166061766718391	0.006371386809861433	26.320678581320962	2021-02-01	ep_star-ne_star	south	2021
2020-09-01	A/Cambodia/e0403360/2020_EPI1797815	0.009132	31.62044099999999	20.29533099999998	0.6363196239356972	0.011491179011347453	25.196085454372444	2021-02-01	ep_star-ne_star	south	2021
2020-09-01	A/Cambodia/e0403374/2020_EPI1797821	0.005028	33.607348999999985	22.29530899999997	1.1166061766718391	0.007728668969839151	27.171073655201365	2021-02-01	ep_star-ne_star	south	2021
2020-09-01	A/Cambodia/e0403386/2020_EPI1797878	0.007989	30.885168000000007	14.82084599999999	0.3961763475676263	0.00909569174585373	24.69523224857557	2021-02-01	ep_star-ne_star	south	2021
2020-09-01	A/Cambodia/e0403387/2020_EPI1797896	0.0076370000000000006	31.146248	19.881619999999987	0.6363196239356972	0.009609957743064007	24.820837815832885	2021-02-01	ep_star-ne_star	south	2021
2020-09-01	A/Cambodia/e0512384/2020_EPI1797839	0.015215000000000001	34.52303000000001	17.329622999999973	0.3884748372815632	0.017267188672278045	28.46919901606535	2021-02-01	ep_star-ne_star	south	2021
2020-09-01	A/Cameroon/9274/2019_EPI1716244	2.4e-05	29.923509999999983	15.557498999999996	0.3961763475676263	2.732464662667287e-05	23.548082002600943	2021-02-01	ep_star-ne_star	south	2021
2020-09-01	A/Cameroon/9285/2019_EPI1716246	1.8e-05	31.913364	17.557476999999967	0.8764629003037683	2.5033787846749925e-05	25.53252452950984	2021-02-01	ep_star-ne_star	south	2021
2020-09-01	A/Canberra/18A/2019_EPI1735138	4.6e-05	33.423805999999985	17.817852999999975	0.6363196239356972	5.7883731331798385e-05	26.95444525853082	2021-02-01	ep_star-ne_star	south	2021
2020-09-01	A/Canberra/21A/2019_EPI1721468	5.3e-05	34.78866200000003	11.118598999999985	0.3961763475676263	6.034192796723592e-05	28.584629053195233	2021-02-01	ep_star-ne_star	south	2021
2020-09-01	A/Canberra/49/2020_EPI1722114	0.000275	36.31378799999999	26.44109999999998	0.3961763475676263	0.00031309490926395995	31.13168471704178	2021-02-01	ep_star-ne_star	south	2021
2020-09-01	A/Canberra/51/2020_EPI1722135	0.00031099999999999997	29.676138999999953	17.42918999999998	0.3961763475676263	0.00035408187920396925	23.07829910270871	2021-02-01	ep_star-ne_star	south	2021
2020-09-01	A/Canberra/58/2020_EPI1722111	0.000331	29.676138999999953	17.42918999999998	0.3961763475676263	0.00037685241805953003	23.07829910270871	2021-02-01	ep_star-ne_star	south	2021
2020-09-01	A/Canberra/59/2020_EPI1722108	0.000352	36.31378799999999	26.44109999999998	0.3961763475676263	0.0004007614838578687	31.13168471704178	2021-02-01	ep_star-ne_star	south	2021
2020-09-01	A/Canberra/62/2020_EPI1722132	0.000397	31.884365000000006	15.820834999999985	0.6363196239356972	0.0004995617682331296	25.69423312503913	2021-02-01	ep_star-ne_star	south	2021
2020-09-01	A/Chile/2482/2019_EPI1650086	1.1e-05	37.31205699999999	27.441088999999987	0.6363196239356972	1.3841761840212657e-05	32.12972153771536	2021-02-01	ep_star-ne_star	south	2021
2020-09-01	A/Chile/3542/2019_EPI1650069	1.4000000000000001e-05	35.548516000000006	17.806588999999992	0.3961763475676263	1.593937719889251e-05	29.274628249804966	2021-02-01	ep_star-ne_star	south	2021
2020-09-01	A/Colombia/7231/2019_EPI1683422	1.7e-05	36.31378799999999	26.44109999999998	0.3961763475676263	1.935495802722662e-05	31.13168471704178	2021-02-01	ep_star-ne_star	south	2021
2020-09-01	A/Colombia/7394/2019_EPI1683434	2.6000000000000002e-05	37.14324099999999	27.441088999999987	0.6363196239356972	3.271689162232083e-05	31.929133086181032	2021-02-01	ep_star-ne_star	south	2021
2020-09-01	A/Connecticut/08/2020_EPI1714101	0.0008029999999999	31.868959000000007	15.820834999999985	0.6363196239356972	0.0010104486143353983	25.67484710841092	2021-02-01	ep_star-ne_star	south	2021
2020-09-01	A/Cyprus/F852/2020_EPI1735339	0.00085	37.309828999999986	27.437855999999986	0.3961763475676263	0.0009677479013613308	32.12698385004521	2021-02-01	ep_star-ne_star	south	2021
2020-09-01	A/Darwin/106/2020_EPI1733840	0.006972	37.22944499999999	26.43845199999998	0.6363196239356972	0.008773160322723877	32.02851032696275	2021-02-01	ep_star-ne_star	south	2021
2020-09-01	A/Darwin/113/2020_EPI1733843	0.006972	35.530015999999975	9.28727499999999	0.8687613900177051	0.00966535491254091	29.646731836125053	2021-02-01	ep_star-ne_star	south	2021
2020-09-01	A/Darwin/845/2019_EPI1690259	6.500000000000001e-05	33.62838199999998	21.246359999999974	0.8764629003037683	9.039978944659695e-05	27.018462654221135	2021-02-01	ep_star-ne_star	south	2021
2020-09-01	A/Darwin/94/2020_EPI1733846	0.004793	36.11728800000001	10.286768999999994	0.8687613900177051	0.006644584924814773	30.350548495684507	2021-02-01	ep_star-ne_star	south	2021
2020-09-01	A/Delaware/11974/2020_EPI1744596	0.0037579999999999996	31.877643000000006	15.820834999999985	0.6363196239356972	0.004728849181410834	25.68577455021278	2021-02-01	ep_star-ne_star	south	2021
2020-09-01	A/Denmark/248/2020_EPI1676200	0.000275	37.309828999999986	27.437855999999986	0.3961763475676263	0.00031309490926395995	32.12698385004521	2021-02-01	ep_star-ne_star	south	2021
2020-09-01	A/England/195200698/2019_EPI1741737	4.3e-05	31.885073000000006	15.820834999999985	0.6363196239356972	5.410870537537676e-05	25.69512403116485	2021-02-01	ep_star-ne_star	south	2021
2020-09-01	A/England/200240787/2020_EPI1746956	0.000113	36.31378799999999	26.44109999999998	0.3961763475676263	0.0001286535445339181	31.13168471704178	2021-02-01	ep_star-ne_star	south	2021
2020-09-01	A/England/819/2019_EPI1733179	2.9999999999999997e-05	37.31248299999999	27.37467099999999	0.6363196239356972	3.775025956421634e-05	32.130201762898565	2021-02-01	ep_star-ne_star	south	2021
2020-09-01	A/England/821/2019_EPI1733195	4e-05	35.847935000000014	25.57444199999998	0.3961763475676263	4.554107771112145e-05	30.57886158468025	2021-02-01	ep_star-ne_star	south	2021
2020-09-01	A/England/931/2019_EPI1750252	4.3e-05	36.31378799999999	26.44109999999998	0.3961763475676263	4.895665853945556e-05	31.13168471704178	2021-02-01	ep_star-ne_star	south	2021
2020-09-01	A/Espirito_Santo/191/2020_EPI1798966	0.002783	33.86255700000001	17.76510899999999	1.1166061766718391	0.004277821349057748	27.66139158728792	2021-02-01	ep_star-ne_star	south	2021
2020-09-01	A/Fes/1017/2020_EPI1716313	0.000602	37.366247000000016	20.39842099999998	0.6286181136496343	0.0007550949119742086	31.26717471035679	2021-02-01	ep_star-ne_star	south	2021
2020-09-01	A/Fes/1085/2020_EPI1716316	0.0009	35.56247	19.26460599999998	0.3884748372815632	0.0010213913772625857	29.70426077846801	2021-02-01	ep_star-ne_star	south	2021
2020-09-01	A/Fujian-Xinluo/1684/2020_EPI1799932	0.025318	34.77970300000001	12.939892999999982	0.3884748372815632	0.028732874321704606	28.7977295293242	2021-02-01	ep_star-ne_star	south	2021
2020-09-01	A/GUNMA/138/2019_EPI1740198	2.3e-05	31.42824400000001	15.820339999999982	0.1483315609134923	2.361685911377519e-05	25.350632412165336	2021-02-01	ep_star-ne_star	south	2021
2020-09-01	A/Gansu-Xifeng/1153/2020_EPI1752758	0.002644	31.629864999999985	19.288435999999987	0.6363196239356972	0.0033270562095929334	25.02182789432453	2021-02-01	ep_star-ne_star	south	2021
2020-09-01	A/Georgia/1275/2019_EPI1674543	7.900000000000001e-05	34.82497800000003	11.259330999999987	0.6363196239356972	9.940901685243637e-05	28.62866406231763	2021-02-01	ep_star-ne_star	south	2021
2020-09-01	A/Guangdong-Liannanyaozuzizhi/312/2020_EPI1752890	0.000166	32.66771799999998	19.550781999999966	-0.09951322574064125	0.00015372814304752557	26.46076073421303	2021-02-01	ep_star-ne_star	south	2021
2020-09-01	A/Guangdong-Rongcheng/881/2020_EPI1752929	0.00085	30.17441200000001	18.42868399999998	0.3961763475676263	0.0009677479013613308	23.67399238980521	2021-02-01	ep_star-ne_star	south	2021
2020-09-01	A/Guangxi-Chengzhong/11200/2020_EPI1752932	0.000676	33.45099299999999	19.95842199999998	-0.34735801239477526	0.0005646027373577934	27.18797341849948	2021-02-01	ep_star-ne_star	south	2021
2020-09-01	A/Guyane/050/2020_EPI1755899	0.00085	37.721232999999955	27.555040999999978	0.3884748372815632	0.0009646474118591087	32.61054067066612	2021-02-01	ep_star-ne_star	south	2021
2020-09-01	A/HIROSHIMA/188/2019_EPI1711322	6.9e-05	38.642770999999996	21.223291999999976	0.3884748372815632	7.830667225679822e-05	32.40788046267116	2021-02-01	ep_star-ne_star	south	2021
2020-09-01	A/Halmstad/3/2020_EPI1753480	0.001564	35.786159000000026	18.398937999999973	0.6363196239356972	0.001968046865281145	29.57111331611092	2021-02-01	ep_star-ne_star	south	2021
2020-09-01	A/Hawaii/08/2020_EPI1716812	0.000676	30.567669999999985	19.36175999999999	0.3961763475676263	0.0007696442133179525	24.179243505014252	2021-02-01	ep_star-ne_star	south	2021
2020-09-01	A/Hawaii/28/2020_EPI1766950	0.202965	38.14543999999996	66.02105899999997	-0.7492330047701707	0.1433823624268284	45.810119642416	2021-02-01	ep_star-ne_star	south	2021
2020-09-01	A/Hawaii/28/2020_EPI1796610	0.202965	38.14543999999996	66.02105899999997	-0.7492330047701707	0.1433823624268284	45.810119642416	2021-02-01	ep_star-ne_star	south	2021
2020-09-01	A/Heilongjiang-Daowai/1601/2019_EPI1692119	2.4e-05	31.62509199999998	19.177027999999982	0.6363196239356972	3.0200207651373075e-05	25.013439987816877	2021-02-01	ep_star-ne_star	south	2021
2020-09-01	A/Heilongjiang-Gongnong/1209/2020_EPI1752773	0.0057929999999999995	32.61142499999999	20.17701699999998	0.8764629003037683	0.008056707388679016	25.99478518671909	2021-02-01	ep_star-ne_star	south	2021
2020-09-01	A/Heilongjiang-Jiguan/1222/2020_EPI1752752	0.007297	35.864571999999974	20.62339299999997	0.6363196239356972	0.009182121468002888	29.875548491318877	2021-02-01	ep_star-ne_star	south	2021
2020-09-01	A/Hong_Kong/4709/2019_EPI1685993	5.3e-05	30.073270000000026	18.42868399999998	0.3961763475676263	6.034192796723592e-05	23.584799009155212	2021-02-01	ep_star-ne_star	south	2021
2020-09-01	A/Human/Moscow/18/2020_EPI1722078	0.00042199999999999996	29.676138999999953	17.42918999999998	0.3961763475676263	0.0004804583698523313	23.07829910270871	2021-02-01	ep_star-ne_star	south	2021
2020-09-01	A/Hunan-Heshan/1116/2020_EPI1752923	0.001007	30.073270000000026	18.42868399999998	0.3961763475676263	0.0011464966313774825	23.584799009155212	2021-02-01	ep_star-ne_star	south	2021
2020-09-01	A/Hunan-Jiahe/323/2019_EPI1692182	1.1e-05	30.073270000000026	18.42868399999998	0.3961763475676263	1.2523796370558398e-05	23.584799009155212	2021-02-01	ep_star-ne_star	south	2021
2020-09-01	A/Hunan-Yongding/11244/2019_EPI1692137	4.9e-05	30.675080000000023	18.429178999999976	0.6363196239356972	6.165875728822002e-05	24.07698168161238	2021-02-01	ep_star-ne_star	south	2021
2020-09-01	A/ISHIKAWA/1/2020_EPI1749614	0.000146	32.81283099999998	13.538281999999986	0.3961763475676263	0.0001662249336455933	26.41798267495524	2021-02-01	ep_star-ne_star	south	2021
2020-09-01	A/ISHIKAWA/149/2019_EPI1731986	2.9999999999999997e-05	33.797059999999995	15.806610999999993	0.3961763475676263	3.4155808283341084e-05	27.57228635723003	2021-02-01	ep_star-ne_star	south	2021
2020-09-01	A/ISHIKAWA/16/2020_EPI1731994	0.00037400000000000004	32.87934599999999	21.668282999999988	0.8764629003037683	0.000520146480815804	26.490618158304773	2021-02-01	ep_star-ne_star	south	2021
2020-09-01	A/IWATE/66/2019_EPI1711316	3.7e-05	33.82514500000001	10.259341999999988	0.3961763475676263	4.212549688278734e-05	27.628862880351324	2021-02-01	ep_star-ne_star	south	2021
2020-09-01	A/Illinois/08/2020_EPI1740498	0.0022649999999999997	35.19522599999997	17.399443999999985	0.3961763475676263	0.0025787635253922514	28.861814134695113	2021-02-01	ep_star-ne_star	south	2021
2020-09-01	A/Indiana/46/2019_EPI1683233	3.2e-05	35.19522599999997	17.399443999999985	0.3961763475676263	3.643286216889716e-05	28.861814134695113	2021-02-01	ep_star-ne_star	south	2021
2020-09-01	A/Jiangsu-Gaoyou/11131/2019_EPI1692233	1.6e-05	30.676098000000025	18.429178999999976	0.3961763475676263	1.821643108444858e-05	24.078262669846513	2021-02-01	ep_star-ne_star	south	2021
2020-09-01	A/Jilin-Dongchang/1574/2019_EPI1648346	2.3e-05	30.073270000000026	18.42868399999998	0.3961763475676263	2.6186119683894834e-05	23.584799009155212	2021-02-01	ep_star-ne_star	south	2021
2020-09-01	A/Jilin-Longshan/12/2020_EPI1692008	0.00011999999999999999	32.185328	20.36224399999998	1.1166061766718391	0.00018445510667873866	25.686871050770538	2021-02-01	ep_star-ne_star	south	2021
2020-09-01	A/KANAGAWA/AC1924/2019_EPI1669751	3.5e-05	32.068318999999995	20.36224399999998	0.8764629003037683	4.8676809702013737e-05	25.577959716991586	2021-02-01	ep_star-ne_star	south	2021
2020-09-01	A/KAWASAKI/13/2020_EPI1732005	0.000293	29.676138999999953	17.42918999999998	0.3961763475676263	0.00033358839423396465	23.07829910270871	2021-02-01	ep_star-ne_star	south	2021
2020-09-01	A/KITAKYUSYU/1/2020_EPI1763489	0.000177	34.78866200000003	11.118598999999985	0.3961763475676263	0.00020151926887171243	28.584629053195233	2021-02-01	ep_star-ne_star	south	2021
2020-09-01	A/Kaliningrad/84/2019_EPI1685707	4.9e-05	31.22642699999999	20.294835999999982	0.6363196239356972	6.165875728822002e-05	24.92391097455134	2021-02-01	ep_star-ne_star	south	2021
2020-09-01	A/Kazakhstan/245/2019_EPI1689482	5.6999999999999996e-05	30.672706000000026	18.429178999999976	0.6363196239356972	7.172549317201105e-05	24.07435262983625	2021-02-01	ep_star-ne_star	south	2021
2020-09-01	A/Kyrgyzstan_Bishkek/35/2020_EPI1749340	0.000397	31.22642699999999	20.294835999999982	0.6363196239356972	0.0004995617682331296	24.92391097455134	2021-02-01	ep_star-ne_star	south	2021
2020-09-01	A/Kyrgyzstan_Bishkek/56/2020_EPI1749346	0.000676	31.406713000000003	21.293834999999973	0.8764629003037683	0.0009401578102446081	25.339492322113223	2021-02-01	ep_star-ne_star	south	2021
2020-09-01	A/Kyrgyzstan_Bishkek/63/2020_EPI1754086	0.00085	31.406713000000003	21.293834999999973	0.8764629003037683	0.0011821510927631906	25.339492322113223	2021-02-01	ep_star-ne_star	south	2021
2020-09-01	A/Kyrgyzstan_Bishkek/71/2020_EPI1749360	0.000676	31.22642699999999	20.294835999999982	0.6363196239356972	0.0008506391821803415	24.92391097455134	2021-02-01	ep_star-ne_star	south	2021
2020-09-01	A/Kyrgyzstan_Bishkek/76/2020_EPI1749364	0.00024300000000000002	31.22642699999999	20.294835999999982	0.6363196239356972	0.0003057771024701524	24.92391097455134	2021-02-01	ep_star-ne_star	south	2021
2020-09-01	A/Kyrgyzstan_Osh/13/2020_EPI1749372	3.2e-05	31.22642699999999	20.294835999999982	0.6363196239356972	4.026694353516409e-05	24.92391097455134	2021-02-01	ep_star-ne_star	south	2021
2020-09-01	A/Kyrgzstan/166/2019_EPI1674588	3.7e-05	31.22642699999999	20.294835999999982	0.6363196239356972	4.6558653462533484e-05	24.92391097455134	2021-02-01	ep_star-ne_star	south	2021
2020-09-01	A/Laos/3874/2019_EPI1719331	6.9e-05	31.97744	20.591067999999982	0.6363196239356972	8.682559699769758e-05	25.611256639769262	2021-02-01	ep_star-ne_star	south	2021
2020-09-01	A/Liaoning-Haizhou/11/2020_EPI1691993	0.00011999999999999999	30.505592000000018	18.429178999999976	0.3961763475676263	0.00013662323313336433	23.875747471847962	2021-02-01	ep_star-ne_star	south	2021
2020-09-01	A/Liaoning-Lianshan/1151/2020_EPI1752917	0.002783	30.505592000000018	18.429178999999976	0.3961763475676263	0.003168520481751275	23.875747471847962	2021-02-01	ep_star-ne_star	south	2021
2020-09-01	A/Liaoning-Xinlongtai/1170/2020_EPI1752911	0.003947	30.068221999999984	18.835333999999982	0.3961763475676263	0.004493765843144909	23.735029459980257	2021-02-01	ep_star-ne_star	south	2021
2020-09-01	A/Liaoning-Xinlongtai/1229/2020_EPI1752767	0.010413	30.655304000000026	18.418856999999978	0.6363196239356972	0.013103115094739493	24.0520928725192	2021-02-01	ep_star-ne_star	south	2021
2020-09-01	A/Liaoning-Xishi/1205/2020_EPI1752947	0.00607	31.16226299999998	19.408028999999985	0.1483315609134923	0.006232797166113713	24.66152679547298	2021-02-01	ep_star-ne_star	south	2021
2020-09-01	A/Louisiana/02/2020_EPI1692386	0.000156	35.19522599999997	17.399443999999985	0.3961763475676263	0.00017761020307337363	28.861814134695113	2021-02-01	ep_star-ne_star	south	2021
2020-09-01	A/Louisiana/06/2020_EPI1705021	0.00042199999999999996	30.885168000000007	14.82084599999999	0.3961763475676263	0.0004804583698523313	24.69523224857557	2021-02-01	ep_star-ne_star	south	2021
2020-09-01	A/MIE/3/2020_EPI1711314	0.00020099999999999998	29.676138999999953	17.42918999999998	0.3961763475676263	0.00022884391549838525	23.07829910270871	2021-02-01	ep_star-ne_star	south	2021
2020-09-01	A/Maine/44/2019_EPI1683777	4e-05	31.818768000000006	15.820834999999985	0.6363196239356972	5.0333679418955125e-05	25.61205108520829	2021-02-01	ep_star-ne_star	south	2021
2020-09-01	A/Malaysia/RP0701/2019_EPI1797926	1.7e-05	33.178090000000005	21.364161999999975	0.14063005062742961	1.7400013667818026e-05	26.686812700079493	2021-02-01	ep_star-ne_star	south	2021
2020-09-01	A/Malaysia/RP_0710/2019_EPI1795458	4.9e-05	30.267590000000016	18.42868399999998	0.6363196239356972	6.165875728822002e-05	23.78825283056725	2021-02-01	ep_star-ne_star	south	2021
2020-09-01	A/Malaysia/RP_0714/2019_EPI1795443	6.500000000000001e-05	34.82490800000003	11.122699999999988	0.3961763475676263	7.400425128057236e-05	28.62860329620838	2021-02-01	ep_star-ne_star	south	2021
2020-09-01	A/Maryland/19/2020_EPI1725795	0.005272	32.49575600000001	21.297248999999976	0.3884748372815632	0.005983083712142612	26.097654008150446	2021-02-01	ep_star-ne_star	south	2021
2020-09-01	A/Mauritius/I-19/2020_EPI1694558	0.00011999999999999999	33.88038500000001	11.129142999999985	0.6363196239356972	0.00015100103825686537	27.695427068704966	2021-02-01	ep_star-ne_star	south	2021
2020-09-01	A/Mauritius/I-19/2020_EPI1716410	0.00011999999999999999	34.44851600000003	12.12863699999999	0.6363196239356972	0.00015100103825686537	28.37927899429422	2021-02-01	ep_star-ne_star	south	2021
2020-09-01	A/Mauritius/I-34/2020_EPI1716415	0.000146	37.302894999999985	27.441088999999987	0.6363196239356972	0.0001837179298791862	32.11699362404268	2021-02-01	ep_star-ne_star	south	2021
2020-09-01	A/Meknes/955/2020_EPI1716423	0.000475	37.44108699999997	21.264583999999978	0.8687613900177051	0.0006584973584992732	31.55008236345347	2021-02-01	ep_star-ne_star	south	2021
2020-09-01	A/Michigan/18/2020_EPI1723535	0.000567	30.885168000000007	14.82084599999999	0.3961763475676263	0.0006455447765551465	24.69523224857557	2021-02-01	ep_star-ne_star	south	2021
2020-09-01	A/Minas_Gerais/70/2020_EPI1751871	0.001482	35.23115199999997	17.399443999999985	0.6363196239356972	0.0018648628224722872	28.89837610480134	2021-02-01	ep_star-ne_star	south	2021
2020-09-01	A/Minnesota/23/2020_EPI1751887	0.008736	35.19522599999997	17.399443999999985	0.3961763475676263	0.009946171372108925	28.861814134695113	2021-02-01	ep_star-ne_star	south	2021
2020-09-01	A/Minnesota/24/2020_EPI1751879	0.010413	32.105786999999985	16.22797999999999	0.6363196239356972	0.013103115094739493	25.94183503798907	2021-02-01	ep_star-ne_star	south	2021
2020-09-01	A/Mississippi/05/2020_EPI1692647	0.000259	36.263649	18.399432999999974	0.6363196239356972	0.0003259105742377344	29.94067604810058	2021-02-01	ep_star-ne_star	south	2021
2020-09-01	A/Missouri/30/2019_EPI1683288	5.3e-05	31.562140000000003	20.36174899999998	0.3961763475676263	6.034192796723592e-05	25.171597914818705	2021-02-01	ep_star-ne_star	south	2021
2020-09-01	A/Montana/07/2020_EPI1696453	0.000275	37.43414499999996	26.442089999999986	0.3961763475676263	0.00031309490926395995	32.08587100928846	2021-02-01	ep_star-ne_star	south	2021
2020-09-01	A/Montana/62/2019_EPI1649478	2.1e-05	33.82514500000001	10.259341999999988	0.3961763475676263	2.390906579833876e-05	27.628862880351324	2021-02-01	ep_star-ne_star	south	2021
2020-09-01	A/NAGANO-C/6/2020_EPI1711324	0.000166	32.132773	21.228406999999976	0.3884748372815632	0.0001883899651395436	25.81313552832391	2021-02-01	ep_star-ne_star	south	2021
2020-09-01	A/NAGANO/2820/2019_EPI1763449	1.7e-05	30.885168000000007	14.82084599999999	0.3961763475676263	1.935495802722662e-05	24.69523224857557	2021-02-01	ep_star-ne_star	south	2021
2020-09-01	A/NIIGATA-C/57/2019_EPI1731960	2.4e-05	32.282241999999975	16.75391099999999	0.3961763475676263	2.732464662667287e-05	26.20167750572885	2021-02-01	ep_star-ne_star	south	2021
2020-09-01	A/NIIGATA/156/2020_EPI1740228	0.001258	32.045948999999986	21.228406999999976	0.3884748372815632	0.0014276781695514809	25.710094975569497	2021-02-01	ep_star-ne_star	south	2021
2020-09-01	A/Neimenggu-Keerqin/1194/2020_EPI1799935	0.00085	35.890156999999995	23.401229999999973	0.3961763475676263	0.0009677479013613308	30.501436460323145	2021-02-01	ep_star-ne_star	south	2021
2020-09-01	A/Neimenggu-Maozhouli/1112/2020_EPI1752944	0.005272	32.506074000000005	21.425671999999974	0.8764629003037683	0.007332118307114755	26.057427469910895	2021-02-01	ep_star-ne_star	south	2021
2020-09-01	A/Neimenggu-Maozhouli/1127/2020_EPI1752761	0.008355	31.777574	19.833828999999973	0.6286181136496343	0.01047976410223341	25.17597725939208	2021-02-01	ep_star-ne_star	south	2021
2020-09-01	A/Neimenggu-Maozhouli/177/2020_EPI1752920	0.001258	31.204673000000007	19.770000999999972	0.6286181136496343	0.0015779225901387949	24.679009004310128	2021-02-01	ep_star-ne_star	south	2021
2020-09-01	A/Netherlands/00461/2020_EPI1716617	0.004145	39.516729000000026	30.852793999999978	1.35674945303991	0.007041891787804759	34.558042066759114	2021-02-01	ep_star-ne_star	south	2021
2020-09-01	A/Netherlands/01696/2019_EPI1647703	2.3e-05	38.00198599999996	28.440582999999965	1.1166061766718391	3.5353895446758245e-05	32.95555811853393	2021-02-01	ep_star-ne_star	south	2021
2020-09-01	A/Netherlands/02468/2019_EPI1672008	5.6999999999999996e-05	37.890939999999944	28.440582999999965	0.6363196239356972	7.172549317201105e-05	32.816324107482416	2021-02-01	ep_star-ne_star	south	2021
2020-09-01	A/Netherlands/10027/2020_EPI1668950	0.000259	36.70502700000002	19.321984999999973	0.3961763475676263	0.0002948784781795114	30.47870069841686	2021-02-01	ep_star-ne_star	south	2021
2020-09-01	A/Netherlands/10067/2020_EPI1679681	0.0007160000000000001	36.31378799999999	26.44109999999998	0.3961763475676263	0.0008151852910290741	31.13168471704178	2021-02-01	ep_star-ne_star	south	2021
2020-09-01	A/Netherlands/10346/2020_EPI1724533	0.007989	36.31378799999999	26.44109999999998	0.3961763475676263	0.00909569174585373	31.13168471704178	2021-02-01	ep_star-ne_star	south	2021
2020-09-01	A/New_Jersey/09/2020_EPI1702818	0.0008029999999999	30.567669999999985	19.36175999999999	0.3961763475676263	0.0009142371350506493	24.179243505014252	2021-02-01	ep_star-ne_star	south	2021
2020-09-01	A/New_Jersey/13/2020_EPI1713934	0.001741	30.567669999999985	19.36175999999999	0.3961763475676263	0.001982175407376561	24.179243505014252	2021-02-01	ep_star-ne_star	south	2021
2020-09-01	A/Niedersachsen/89/2020_EPI1751842	0.0009519999999999999	36.31378799999999	26.44109999999998	0.3961763475676263	0.0010838776495246903	31.13168471704178	2021-02-01	ep_star-ne_star	south	2021
2020-09-01	A/Niger/7296/2019_EPI1651935	5.6999999999999996e-05	31.477763000000007	15.753921999999982	0.6363196239356972	7.172549317201105e-05	25.406628244959872	2021-02-01	ep_star-ne_star	south	2021
2020-09-01	A/Nord_pas_de_Calais/1108/2020_EPI1753516	0.001258	32.474187999999984	16.687492999999993	0.8764629003037683	0.0017495836172895223	26.401469189252765	2021-02-01	ep_star-ne_star	south	2021
2020-09-01	A/Nordrhein-Westfalen/73/2020_EPI1751108	0.004568	34.40420000000002	11.258835999999988	0.6363196239356972	0.005748106189644675	28.32393661916645	2021-02-01	ep_star-ne_star	south	2021
2020-09-01	A/Oregon/10/2020_EPI1714006	0.001564	31.636222999999976	19.288435999999987	0.3884748372815632	0.0017749512378207601	25.03011880268016	2021-02-01	ep_star-ne_star	south	2021
2020-09-01	A/Pakistan/109/2019_EPI1719401	1.4000000000000001e-05	35.41164499999998	12.258824999999986	0.8764629003037683	1.9470723880805495e-05	29.332949239798463	2021-02-01	ep_star-ne_star	south	2021
2020-09-01	A/Pakistan/213/2019_EPI1719385	1.6e-05	34.41917400000002	11.258835999999988	0.3961763475676263	1.821643108444858e-05	28.34206172263551	2021-02-01	ep_star-ne_star	south	2021
2020-09-01	A/Pakistan/228/2019_EPI1719592	6.1e-05	34.825014000000024	11.259330999999987	0.6363196239356972	7.675886111390655e-05	28.6287093626291	2021-02-01	ep_star-ne_star	south	2021
2020-09-01	A/Pakistan/2527/2019_EPI1717035	3.2e-05	37.783446999999974	27.441583999999995	0.8764629003037683	4.450451172755542e-05	32.4945496845861	2021-02-01	ep_star-ne_star	south	2021
2020-09-01	A/Pakistan/2548/2019_EPI1717027	4.6e-05	36.868337	26.43516999999998	0.6363196239356972	5.7883731331798385e-05	31.42140512788045	2021-02-01	ep_star-ne_star	south	2021
2020-09-01	A/Pakistan/260/2019_EPI1719504	8.499999999999999e-05	30.96384799999999	19.768904999999975	0.6363196239356972	0.00010695906876527963	24.63890651221023	2021-02-01	ep_star-ne_star	south	2021
2020-09-01	A/Pakistan/275/2019_EPI1716971	9.1e-05	30.86038099999998	19.295341999999987	0.8764629003037683	0.00012655970522523573	24.500225275014472	2021-02-01	ep_star-ne_star	south	2021
2020-09-01	A/Pakistan/277/2019_EPI1716963	0.00010400000000000001	31.07298799999998	19.428672999999986	0.6363196239356972	0.00013086756648928333	24.584446874232796	2021-02-01	ep_star-ne_star	south	2021
2020-09-01	A/Pakistan/31/2020_EPI1719425	0.00011999999999999999	39.734698	29.435136999999976	0.6363196239356972	0.00015100103825686537	34.254035976727394	2021-02-01	ep_star-ne_star	south	2021
2020-09-01	A/Parana/1990/2020_EPI1798927	0.003947	35.23115199999997	17.399443999999985	0.6363196239356972	0.004966675816665396	28.89837610480134	2021-02-01	ep_star-ne_star	south	2021
2020-09-01	A/Parana/1994/2020_EPI1798938	0.00607	35.23115199999997	17.399443999999985	0.6363196239356972	0.007638135851826439	28.89837610480134	2021-02-01	ep_star-ne_star	south	2021
2020-09-01	A/Parana/41/2020_EPI1798907	0.000676	32.42390700000001	16.817863999999975	0.3961763475676263	0.0007696442133179525	25.95456102599347	2021-02-01	ep_star-ne_star	south	2021
2020-09-01	A/Parana/51/2020_EPI1798918	0.00037400000000000004	35.19522599999997	17.399443999999985	0.3961763475676263	0.0004258090765989856	28.861814134695113	2021-02-01	ep_star-ne_star	south	2021
2020-09-01	A/Paris/647/2020_EPI1695915	0.000567	36.31378799999999	26.44109999999998	0.3961763475676263	0.0006455447765551465	31.13168471704178	2021-02-01	ep_star-ne_star	south	2021
2020-09-01	A/Pays_de_Loire/2718/2019_EPI1645876	2.4e-05	36.31378799999999	26.44109999999998	0.3961763475676263	2.732464662667287e-05	31.13168471704178	2021-02-01	ep_star-ne_star	south	2021
2020-09-01	A/Pennsylvania/09/2020_EPI1702826	0.0009519999999999999	33.86161900000001	17.750446999999987	0.6286181136496343	0.0011941035817266555	27.666486106540766	2021-02-01	ep_star-ne_star	south	2021
2020-09-01	A/Pennsylvania/16/2020_EPI1717042	0.002644	29.676138999999953	17.42918999999998	0.3961763475676263	0.003010265236705128	23.07829910270871	2021-02-01	ep_star-ne_star	south	2021
2020-09-01	A/Perth/20/2020_EPI1733852	0.000638	31.881969	15.820834999999985	0.6363196239356972	0.0008028221867323342	25.691296906830114	2021-02-01	ep_star-ne_star	south	2021
2020-09-01	A/Perth/20/2020_EPI1799111	0.000638	31.881969	15.820834999999985	0.6363196239356972	0.0008028221867323342	25.691296906830114	2021-02-01	ep_star-ne_star	south	2021
2020-09-01	A/Perth/20/2020_EPI1799840	0.000638	32.44092	17.16165699999998	0.3884748372815632	0.0007240529985483663	26.331668009805433	2021-02-01	ep_star-ne_star	south	2021
2020-09-01	A/Perth/45/2020_EPI1752482	0.006659	35.78219699999997	12.126483999999985	0.1483315609134923	0.006837594123418652	29.58121276511892	2021-02-01	ep_star-ne_star	south	2021
2020-09-01	A/Peru/6219/2019_EPI1686121	5.3e-05	36.31378799999999	26.44109999999998	0.3961763475676263	6.034192796723592e-05	31.13168471704178	2021-02-01	ep_star-ne_star	south	2021
2020-09-01	A/Punta_Arenas/13357/2020_EPI1765575	0.00119	36.70502700000002	19.321984999999973	0.3961763475676263	0.0013548470619058632	30.47870069841686	2021-02-01	ep_star-ne_star	south	2021
2020-09-01	A/Quebec/201/2019_EPI1695095	8.499999999999999e-05	36.31378799999999	26.44109999999998	0.3961763475676263	9.677479013613307e-05	31.13168471704178	2021-02-01	ep_star-ne_star	south	2021
2020-09-01	A/Rabat/1124/2020_EPI1716461	0.001065	36.346062000000025	19.393169999999976	0.3884748372815632	0.0012086464630940597	30.24564652861923	2021-02-01	ep_star-ne_star	south	2021
2020-09-01	A/Rabat/954/2020_EPI1716465	0.000567	35.72942900000002	18.805587999999968	0.1483315609134923	0.0005822069181526318	29.69264712603967	2021-02-01	ep_star-ne_star	south	2021
2020-09-01	A/Rabat/994/2020_EPI1716467	0.000676	31.96315800000001	17.745989999999978	0.6286181136496343	0.0008479138878647259	25.997075727493307	2021-02-01	ep_star-ne_star	south	2021
2020-09-01	A/Rheinland-Pfalz/26/2020_EPI1735349	0.0037579999999999996	37.306262999999994	27.441088999999987	0.6363196239356972	0.004728849181410834	32.12222701867894	2021-02-01	ep_star-ne_star	south	2021
2020-09-01	A/Rio_De_Janeiro/406/2020_EPI1751911	0.00215	33.41525700000002	14.533302999999977	0.3961763475676263	0.002447832926972778	26.925611552094423	2021-02-01	ep_star-ne_star	south	2021
2020-09-01	A/Rio_De_Janeiro/428/2020_EPI1751903	0.002041	33.41525700000002	14.533302999999977	0.3961763475676263	0.0023237334902099717	26.925611552094423	2021-02-01	ep_star-ne_star	south	2021
2020-09-01	A/Rio_Grande_do_Sul/26/2020_EPI1798870	0.000567	35.53276999999997	9.28727499999999	0.8687613900177051	0.0007860378995138693	29.649033132211425	2021-02-01	ep_star-ne_star	south	2021
2020-09-01	A/Rio_de_Janeiro/406/2020_EPI1798987	0.00215	33.41525700000002	14.533302999999977	0.3961763475676263	0.002447832926972778	26.925611552094423	2021-02-01	ep_star-ne_star	south	2021
2020-09-01	A/Romania/257811/2020_EPI1798567	0.001007	36.01693600000001	26.440604999999984	0.3884748372815632	0.0011428234632260266	30.981939064104072	2021-02-01	ep_star-ne_star	south	2021
2020-09-01	A/SAITAMA-C/15/2020_EPI1740244	0.00085	37.18216100000003	19.333003999999978	0.6363196239356972	0.0010695906876527963	30.84612353604961	2021-02-01	ep_star-ne_star	south	2021
2020-09-01	A/SAITAMA/273/2019_EPI1711318	5.6999999999999996e-05	30.073270000000026	18.42868399999998	0.3961763475676263	6.489603573834806e-05	23.584799009155212	2021-02-01	ep_star-ne_star	south	2021
2020-09-01	A/Saarland/25/2019_EPI1689574	3.7e-05	33.62969899999999	21.288413999999975	1.1166061766718391	5.68736578926111e-05	27.021600399692986	2021-02-01	ep_star-ne_star	south	2021
2020-09-01	A/Saint-Petersburg/RII-2483S/2020_EPI1747167	0.002041	34.872692000000036	12.129131999999988	0.6363196239356972	0.002568275992352185	28.6857579688886	2021-02-01	ep_star-ne_star	south	2021
2020-09-01	A/Saitama-C/15/2020_EPI1799236	0.00085	37.18216100000003	19.333003999999978	0.6363196239356972	0.0010695906876527963	30.84612353604961	2021-02-01	ep_star-ne_star	south	2021
2020-09-01	A/Santiago/4891/2020_EPI1765568	0.00022799999999999999	35.261673999999985	19.144494999999978	0.6363196239356972	0.0002869019726880442	29.15756542071876	2021-02-01	ep_star-ne_star	south	2021
2020-09-01	A/Sao_Paulo/1425769-IAL/2020_EPI1694527	0.00011999999999999999	35.26445399999997	17.399443999999985	0.6363196239356972	0.00015100103825686537	28.941677688320986	2021-02-01	ep_star-ne_star	south	2021
2020-09-01	A/Shaanxi-Linwei/1135/2020_EPI1752914	0.001836	32.71780200000001	21.287423999999977	0.6363196239356972	0.00231031588533004	26.325226252151577	2021-02-01	ep_star-ne_star	south	2021
2020-09-01	A/Singapore/GP2299/2019_EPI1646190	1.4000000000000001e-05	35.825070999999966	12.259319999999985	0.8764629003037683	1.9470723880805495e-05	29.628784997455796	2021-02-01	ep_star-ne_star	south	2021
2020-09-01	A/Singapore/KK2772/2019_EPI1646424	1.1e-05	30.638713999999986	19.295341999999987	0.3961763475676263	1.2523796370558398e-05	24.219067812395142	2021-02-01	ep_star-ne_star	south	2021
2020-09-01	A/Singapore/SGH0618/2019_EPI1646496	1.6e-05	33.82514500000001	10.259341999999988	0.3961763475676263	1.821643108444858e-05	27.628862880351324	2021-02-01	ep_star-ne_star	south	2021
2020-09-01	A/Singapore/SGH0667/2019_EPI1646448	1.6e-05	30.170539000000005	18.36226599999998	0.3961763475676263	1.821643108444858e-05	23.672743598567735	2021-02-01	ep_star-ne_star	south	2021
2020-09-01	A/Singapore/SGH0668/2019_EPI1646517	1.6e-05	33.82514500000001	10.259341999999988	0.3961763475676263	1.821643108444858e-05	27.628862880351324	2021-02-01	ep_star-ne_star	south	2021
2020-09-01	A/South_Africa/0339/2020_EPI1759257	0.00020099999999999998	31.282299000000016	15.820339999999982	0.3961763475676263	0.00022884391549838525	25.20173215502214	2021-02-01	ep_star-ne_star	south	2021
2020-09-01	A/South_Australia/34/2019_19/228_EPI1639729	4.9e-05	33.715416999999995	14.880079999999987	0.1483315609134923	5.031417811195584e-05	27.462647861857388	2021-02-01	ep_star-ne_star	south	2021
2020-09-01	A/South_Korea/10857/2019_EPI1706843	4e-05	31.63861399999999	20.29533099999998	0.1483315609134923	4.107279845873946e-05	25.218974371778646	2021-02-01	ep_star-ne_star	south	2021
2020-09-01	A/South_Korea/11236/2020_EPI1709720	0.000352	30.567669999999985	19.36175999999999	0.3961763475676263	0.0004007614838578687	24.179243505014252	2021-02-01	ep_star-ne_star	south	2021
2020-09-01	A/South_Korea/11273/2020_EPI1709997	0.000156	34.26470300000001	16.399454999999993	0.3961763475676263	0.00017761020307337363	27.941979690397527	2021-02-01	ep_star-ne_star	south	2021
2020-09-01	A/Sri_Lanka/38/2020_EPI1721452	0.00037400000000000004	34.819743000000024	11.259330999999987	0.6363196239356972	0.00047061990256723046	28.622442132543195	2021-02-01	ep_star-ne_star	south	2021
2020-09-01	A/Sri_Lanka/55/2019_EPI1721436	5.3e-05	33.60553400000002	10.602658999999983	0.1483315609134923	5.442145795782978e-05	27.544708740379225	2021-02-01	ep_star-ne_star	south	2021
2020-09-01	A/Stockholm/16/2020_EPI1749464	0.0009	37.302894999999985	27.441088999999987	0.6363196239356972	0.0011325077869264902	32.11699362404268	2021-02-01	ep_star-ne_star	south	2021
2020-09-01	A/Stockholm/8/2020_EPI1698594	0.000397	31.282299000000016	15.820339999999982	0.3961763475676263	0.00045199519628288037	25.20173215502214	2021-02-01	ep_star-ne_star	south	2021
2020-09-01	A/Sweden/95/2020_EPI1738846	0.0057929999999999995	36.70502700000002	19.321984999999973	0.3961763475676263	0.006595486579513163	30.47870069841686	2021-02-01	ep_star-ne_star	south	2021
2020-09-01	A/Sydney/1005/2020_EPI1722123	0.0016510000000000001	36.31378799999999	26.44109999999998	0.3961763475676263	0.001879707982526538	31.13168471704178	2021-02-01	ep_star-ne_star	south	2021
2020-09-01	A/Sydney/2/2020_EPI1733849	0.00085	36.41993	26.44109999999998	0.6363196239356972	0.0010695906876527963	31.265126745905448	2021-02-01	ep_star-ne_star	south	2021
2020-09-01	A/Taiwan/83734/2019_EPI1723661	2e-05	29.676138999999953	17.42918999999998	0.3961763475676263	2.2770538855560725e-05	23.07829910270871	2021-02-01	ep_star-ne_star	south	2021
2020-09-01	A/Tasmania/503/2020_EPI1796472	0.001741	35.505162	10.629590999999992	0.8610598797316424	0.0024058334777556072	29.998313019026806	2021-02-01	ep_star-ne_star	south	2021
2020-09-01	A/Tasmania/503/2020_EPI1799103	0.001741	34.543969	8.28728599999999	0.6286181136496343	0.0021837545543971714	28.66606254595012	2021-02-01	ep_star-ne_star	south	2021
2020-09-01	A/Thailand/CU-B35602/2019_EPI1901756	1.8e-05	32.98836799999997	20.549762999999977	1.35674945303991	3.057998846332585e-05	26.43018753350813	2021-02-01	ep_star-ne_star	south	2021
2020-09-01	A/Thailand/CU-B36553/2020_EPI1901774	0.0008029999999999	35.26308799999997	17.399443999999985	0.6363196239356972	0.0010104486143353983	28.939958793168827	2021-02-01	ep_star-ne_star	south	2021
2020-09-01	A/Thailand/CU-B36805/2020_EPI1901766	0.002041	30.638713999999986	19.295341999999987	0.3961763475676263	0.0023237334902099717	24.219067812395142	2021-02-01	ep_star-ne_star	south	2021
2020-09-01	A/Thailand/CU-B36847/2020_EPI1901795	0.002386	31.282299000000016	15.820339999999982	0.3961763475676263	0.0027165252854683946	25.20173215502214	2021-02-01	ep_star-ne_star	south	2021
2020-09-01	A/Thailand/CU-B37010/2020_EPI1901765	0.005028	30.638713999999986	19.295341999999987	0.3961763475676263	0.005724513468287966	24.219067812395142	2021-02-01	ep_star-ne_star	south	2021
2020-09-01	A/Thueringen/46/2020_EPI1751091	0.002928	36.888884999999995	20.268727999999975	0.3884748372815632	0.003322926614027612	30.69400939117655	2021-02-01	ep_star-ne_star	south	2021
2020-09-01	A/Tiaret/282/2020_EPI1735391	0.0009519999999999999	32.45000599999998	16.75391099999999	0.8764629003037683	0.0013240092238947735	26.374217819081473	2021-02-01	ep_star-ne_star	south	2021
2020-09-01	A/Togo/1941/2019_EPI1685527	1.4999999999999999e-05	31.885129000000006	15.820834999999985	0.6363196239356972	1.887512978210817e-05	25.69519449831603	2021-02-01	ep_star-ne_star	south	2021
2020-09-01	A/Togo/1942/2019_EPI1757869	1.4999999999999999e-05	31.885129000000006	15.820834999999985	0.3961763475676263	1.7077904141670542e-05	25.695198092767313	2021-02-01	ep_star-ne_star	south	2021
2020-09-01	A/Togo/1973/2019_EPI1757877	2e-05	30.885168000000007	14.82084599999999	0.3961763475676263	2.2770538855560725e-05	24.69523224857557	2021-02-01	ep_star-ne_star	south	2021
2020-09-01	A/Vermont/02/2020_EPI1683829	0.000177	35.41358900000001	16.46362999999999	0.1483315609134923	0.00018174713317992212	28.923765103684868	2021-02-01	ep_star-ne_star	south	2021
2020-09-01	A/Victoria/134/2020_EPI1759266	0.0016510000000000001	36.31378799999999	26.44109999999998	0.3961763475676263	0.001879707982526538	31.13168471704178	2021-02-01	ep_star-ne_star	south	2021
2020-09-01	A/Victoria/22/2020_EPI1721444	0.000535	30.885168000000007	14.82084599999999	0.3961763475676263	0.0006091119143862494	24.69523224857557	2021-02-01	ep_star-ne_star	south	2021
2020-09-01	A/Victoria/2591/2019_EPI1690274	6.9e-05	31.638566999999988	20.29533099999998	0.6363196239356972	8.682559699769758e-05	25.218894161201142	2021-02-01	ep_star-ne_star	south	2021
2020-09-01	A/Victoria/2597/2019_EPI1690292	5.3e-05	38.304855999999994	25.078973999999963	0.6286181136496343	6.647845570537053e-05	32.7819314958325	2021-02-01	ep_star-ne_star	south	2021
2020-09-01	A/Victoria/2867/2019_EPI1690307	4.6e-05	37.30289599999998	27.441088999999987	0.6363196239356972	5.7883731331798385e-05	32.11657456243456	2021-02-01	ep_star-ne_star	south	2021
2020-09-01	A/Victoria/2868/2019_EPI1690310	4.9e-05	34.82490800000003	11.122699999999988	0.3961763475676263	5.578782019612377e-05	28.62860329620838	2021-02-01	ep_star-ne_star	south	2021
2020-09-01	A/Victoria/2873/2019_EPI1690337	9.1e-05	36.31378799999999	26.44109999999998	0.3961763475676263	0.0001036059517928013	31.13168471704178	2021-02-01	ep_star-ne_star	south	2021
2020-09-01	A/Victoria/31/2020_EPI1722129	0.002386	30.645017999999983	19.29513599999999	0.1483315609134923	0.002449992428063809	24.275122850501322	2021-02-01	ep_star-ne_star	south	2021
2020-09-01	A/Victoria/7/2020_EPI1690313	0.00013700000000000002	29.863814000000023	18.295352999999977	0.6363196239356972	0.00017239285200992133	23.504171747886897	2021-02-01	ep_star-ne_star	south	2021
2020-09-01	A/Victoria/79/2020_EPI1733837	0.0035770000000000003	37.22944499999999	26.43845199999998	0.6363196239356972	0.004501089282040062	32.02851032696275	2021-02-01	ep_star-ne_star	south	2021
2020-09-01	A/Virginia/10928/2020_EPI1707367	0.00011999999999999999	37.700393000000034	20.321973999999983	0.6363196239356972	0.00015100103825686537	31.470987894339167	2021-02-01	ep_star-ne_star	south	2021
2020-09-01	A/Virginia/42/2019_EPI1669056	2.3e-05	33.82514500000001	10.259341999999988	0.3961763475676263	2.6186119683894834e-05	27.628862880351324	2021-02-01	ep_star-ne_star	south	2021
2020-09-01	A/WAKAYAMA/118/2019_EPI1708200	2.9999999999999997e-05	30.170539000000005	18.36226599999998	0.3961763475676263	3.4155808283341084e-05	23.672743598567735	2021-02-01	ep_star-ne_star	south	2021
2020-09-01	A/WAKAYAMA/17/2020_EPI1718602	0.00022799999999999999	30.170539000000005	18.36226599999998	0.3961763475676263	0.0002595841429533922	23.672743598567735	2021-02-01	ep_star-ne_star	south	2021
2020-09-01	A/WAKAYAMA/17/2020_EPI1746053	0.00022799999999999999	30.170539000000005	18.36226599999998	0.3961763475676263	0.0002595841429533922	23.672743598567735	2021-02-01	ep_star-ne_star	south	2021
2020-09-01	A/West_Virginia/07/2020_EPI1725771	0.00119	31.876545000000007	15.820834999999985	0.6363196239356972	0.001497426962713915	25.683658707582634	2021-02-01	ep_star-ne_star	south	2021
2020-09-01	A/YOKOHAMA/34/2020_EPI1711312	0.00037400000000000004	32.22317799999999	20.28792999999998	0.3884748372815632	0.0004244448612180079	25.734214279748418	2021-02-01	ep_star-ne_star	south	2021
2020-09-01	A/YOKOHAMA/68/2020_EPI1718596	0.001836	30.885168000000007	14.82084599999999	0.3961763475676263	0.0020903354669404746	24.69523224857557	2021-02-01	ep_star-ne_star	south	2021
2020-09-01	A/YOKOHAMA/68/2020_EPI1763452	0.001836	30.885168000000007	14.82084599999999	0.3961763475676263	0.0020903354669404746	24.69523224857557	2021-02-01	ep_star-ne_star	south	2021
2020-09-01	A/Yunnan-Chuxiong/187/2020_EPI1752926	0.0009519999999999999	30.17441200000001	18.42868399999998	0.3961763475676263	0.0010838776495246903	23.67399238980521	2021-02-01	ep_star-ne_star	south	2021
2020-09-01	A/Yunnan-Longyang/164/2020_EPI1752764	0.0076370000000000006	30.674971999999986	18.948935999999982	0.14063005062742961	0.007816700257713312	24.475365730505374	2021-02-01	ep_star-ne_star	south	2021
2020-09-01	A/Yunnan-Wenshan/1424/2020_EPI1799938	0.06302	30.94722099999998	19.379179999999984	0.1483315609134923	0.06471019397174403	24.45537862121174	2021-02-01	ep_star-ne_star	south	2021
2020-09-01	A/Yunnan-Wenshan/1483/2020_EPI1799941	0.131829	30.58611100000001	18.02197099999998	0.6286181136496343	0.16535449692798662	23.918684025053068	2021-02-01	ep_star-ne_star	south	2021
2020-09-01	A/Zahle/358/2020_EPI1763818	0.002928	31.879303000000004	15.820834999999985	0.6363196239356972	0.003684425333467515	25.68786339790866	2021-02-01	ep_star-ne_star	south	2021
2021-09-01	A.AbuDhabi/390121/2021_EPI1847032	7.3e-05	5.922694999999998	6.135333999999999	0.8586390143178566	3.34388063356494e-05	11.550679713140298	2022-02-01	ep_star-ne_star	south	2022
2021-09-01	A/AbuDhabi/01/2021_EPI1843602	2.9999999999999997e-05	8.476891000000007	8.961544999999992	0.8586390143178566	1.3741975206431262e-05	13.914631900400098	2022-02-01	ep_star-ne_star	south	2022
2021-09-01	A/AbuDhabi/1541032/2021_EPI1881258	0.028799	8.11219	9.212250999999988	0.8586390143178566	0.013191838132333798	13.52331767709142	2022-02-01	ep_star-ne_star	south	2022
2021-09-01	A/AbuDhabi/2375/2021_EPI1847030	8.2e-05	8.476891000000007	8.961544999999992	0.8586390143178566	3.756139889757878e-05	13.914631900400098	2022-02-01	ep_star-ne_star	south	2022
2021-09-01	A/AbuDhabi/383196/2021_EPI1881255	0.000281	8.492844	8.961544999999992	0.8586390143178566	0.0001287165011002395	13.92212318506146	2022-02-01	ep_star-ne_star	south	2022
2021-09-01	A/AbuDhabi/413000/2020_EPI1885010	0.000332	18.821088000000003	21.847338000000004	0.8586390143178566	0.00015207785895117261	15.394213032950448	2022-02-01	ep_star-ne_star	south	2022
2021-09-01	A/Abu_Dhabi/01/2021_EPI1847881	2.9999999999999997e-05	8.476891000000007	8.961544999999992	0.8586390143178566	1.3741975206431262e-05	13.914631900400098	2022-02-01	ep_star-ne_star	south	2022
2021-09-01	A/Abu_Dhabi/2210332924/2021_EPI1885379	0.000281	9.474342000000004	9.961536999999998	0.8586390143178566	0.0001287165011002395	14.913465664770905	2022-02-01	ep_star-ne_star	south	2022
2021-09-01	A/Abu_Dhabi/2210383196/2021/2021_EPI1887889	0.000281	8.492844	8.961544999999992	0.8586390143178566	0.0001287165011002395	13.92212318506146	2022-02-01	ep_star-ne_star	south	2022
2021-09-01	A/Abu_Dhabi/2210622842/2021_EPI1885387	0.000992	9.474342000000004	9.961536999999998	0.8586390143178566	0.00045440131349266044	14.913465664770905	2022-02-01	ep_star-ne_star	south	2022
2021-09-01	A/Abu_Dhabi/2211541032/2021_EPI1885395	0.029516000000000004	8.11219	9.212250999999988	0.8586390143178566	0.013520271339767506	13.52331767709142	2022-02-01	ep_star-ne_star	south	2022
2021-09-01	A/Abu_Dhabi/2375/2021_EPI1847960	8.2e-05	8.476891000000007	8.961544999999992	0.8586390143178566	3.756139889757878e-05	13.914631900400098	2022-02-01	ep_star-ne_star	south	2022
2021-09-01	A/Abu_Dhabi/2375/2021_EPI1852277	8.2e-05	8.476891000000007	8.961544999999992	0.8586390143178566	3.756139889757878e-05	13.914631900400098	2022-02-01	ep_star-ne_star	south	2022
2021-09-01	A/Abu_Dhabi/390121/2021_EPI1847936	7.3e-05	5.922694999999998	6.135333999999999	0.8586390143178566	3.34388063356494e-05	11.550679713140298	2022-02-01	ep_star-ne_star	south	2022
2021-09-01	A/Abu_Dhabi/390121/2021_EPI1852364	7.3e-05	5.922694999999998	6.135333999999999	0.8586390143178566	3.34388063356494e-05	11.550679713140298	2022-02-01	ep_star-ne_star	south	2022
2021-09-01	A/Bahrain/1344/2021_EPI1847816	5.3e-05	6.921859999999997	7.135326	0.8586390143178566	2.4277489531361897e-05	12.550298602361233	2022-02-01	ep_star-ne_star	south	2022
2021-09-01	A/Bahrain/1344/2021_EPI1852317	5.3e-05	6.921859999999997	7.135326	0.8586390143178566	2.4277489531361897e-05	12.550298602361233	2022-02-01	ep_star-ne_star	south	2022
2021-09-01	A/Bahrain/3524/2021_EPI1847832	5.6999999999999996e-05	6.921859999999997	7.135326	0.8586390143178566	2.6109752892219398e-05	12.550298602361233	2022-02-01	ep_star-ne_star	south	2022
2021-09-01	A/Bahrain/3524/2021_EPI1847920	5.6999999999999996e-05	6.921859999999997	7.135326	0.8586390143178566	2.6109752892219398e-05	12.550298602361233	2022-02-01	ep_star-ne_star	south	2022
2021-09-01	A/Bahrain/4981/2021_EPI1847870	5.9999999999999995e-05	6.921859999999997	7.135326	0.8586390143178566	2.7483950412862523e-05	12.550298602361233	2022-02-01	ep_star-ne_star	south	2022
2021-09-01	A/Bahrain/9211/2021_EPI1847840	6.8e-05	6.921859999999997	7.135326	0.8586390143178566	3.114847713457753e-05	12.550298602361233	2022-02-01	ep_star-ne_star	south	2022
2021-09-01	A/Bahrain/9211/2021_EPI1847952	6.8e-05	6.921859999999997	7.135326	0.8586390143178566	3.114847713457753e-05	12.550298602361233	2022-02-01	ep_star-ne_star	south	2022
2021-09-01	A/Brisbane/501/2021_EPI1884994	0.018727	30.70577999999999	33.851131999999964	-6.1602087608776	0.00046056746840399034	29.71532938395883	2022-02-01	ep_star-ne_star	south	2022
2021-09-01	A/Cameroon/16995/2020_EPI1857111	1e-05	18.570554	20.913381999999988	0.8586390143178566	4.580658402143755e-06	13.940707279413479	2022-02-01	ep_star-ne_star	south	2022
2021-09-01	A/Cameroon/16996/2020_EPI1857113	1e-05	18.594264000000003	20.92447399999999	0.8586390143178566	4.580658402143755e-06	13.949906565148769	2022-02-01	ep_star-ne_star	south	2022
2021-09-01	A/Cameroon/16996/2020_EPI1882612	1e-05	18.594264000000003	20.92447399999999	0.8586390143178566	4.580658402143755e-06	13.949906565148769	2022-02-01	ep_star-ne_star	south	2022
2021-09-01	A/Congo/07/2021_EPI1852006	3.6e-05	17.52726799999998	19.920457000000006	2.257236599365831	2.9533510947626836e-05	12.057172590850254	2022-02-01	ep_star-ne_star	south	2022
2021-09-01	A/Congo/15/2021_EPI1852014	3.9e-05	16.636068999999992	18.945117000000007	0.8586390143178566	1.786456776836064e-05	11.969833633514186	2022-02-01	ep_star-ne_star	south	2022
2021-09-01	A/Congo/19/2021_EPI1851971	5.9999999999999995e-05	18.618378	20.76347899999999	2.257236599365831	4.922251824604472e-05	13.96163054263982	2022-02-01	ep_star-ne_star	south	2022
2021-09-01	A/Congo/23/2021_EPI1851987	4.1e-05	16.636068999999992	18.945117000000007	0.8586390143178566	1.878069944878939e-05	11.969833633514186	2022-02-01	ep_star-ne_star	south	2022
2021-09-01	A/Congo/44/2021_EPI1852022	5.9999999999999995e-05	15.755909	17.96732199999998	-11.754599101069497	1.434292110243562e-07	11.452468653654515	2022-02-01	ep_star-ne_star	south	2022
2021-09-01	A/Congo/559/2020_EPI1851963	1e-05	16.636068999999992	18.945117000000007	0.8586390143178566	4.580658402143755e-06	11.969833633514186	2022-02-01	ep_star-ne_star	south	2022
2021-09-01	A/Congo/560/2020_EPI1851979	1e-05	16.636068999999992	18.945117000000007	0.8586390143178566	4.580658402143755e-06	11.969833633514186	2022-02-01	ep_star-ne_star	south	2022
2021-09-01	A/Cote_D_Ivoire/1692/2021_EPI1885426	0.021582	21.007730000000006	23.902071000000003	7.851626939557729	0.1821557797227897	11.933410351121946	2022-02-01	ep_star-ne_star	south	2022
2021-09-01	A/Cote_D_Ivoire/1879/2021_EPI1885442	0.032481	21.007730000000006	23.902071000000003	7.851626939557729	0.27414520809822684	11.933410351121946	2022-02-01	ep_star-ne_star	south	2022
2021-09-01	A/Cote_D_Ivoire/2058/2021_EPI1885434	0.038827999999999994	16.679161999999994	19.023803	0.8586390143178566	0.017785780443843765	12.84496717010872	2022-02-01	ep_star-ne_star	south	2022
2021-09-01	A/Darwin/06/2021_IVR-227_21/204_EPI1885098	0.0018399999999999998	8.585478000000005	7.390353999999999	0.8586390143178566	0.0008428411459944506	14.960027238893515	2022-02-01	ep_star-ne_star	south	2022
2021-09-01	A/Darwin/09/2021_EPI1881253	0.000898	8.155403000000002	7.523532000000002	0.8586390143178566	0.00041134312451250913	14.246846535931752	2022-02-01	ep_star-ne_star	south	2022
2021-09-01	A/Darwin/1/2021_EPI1851811	0.000813	11.485891999999987	13.458130000000006	0.8586390143178566	0.0003724075280942872	13.985649562027357	2022-02-01	ep_star-ne_star	south	2022
2021-09-01	A/Darwin/1/2021_EPI1857934	0.000813	11.485891999999987	13.458130000000006	0.8586390143178566	0.0003724075280942872	13.985649562027357	2022-02-01	ep_star-ne_star	south	2022
2021-09-01	A/Darwin/1/2021_EPI1859990	0.000813	14.536832999999994	16.48554599999999	-8.957403930973548	6.233705045629407e-06	17.464653986377282	2022-02-01	ep_star-ne_star	south	2022
2021-09-01	A/Darwin/1/2021_EPI1877145	0.000813	11.485891999999987	13.458130000000006	0.8586390143178566	0.0003724075280942872	13.985649562027357	2022-02-01	ep_star-ne_star	south	2022
2021-09-01	A/Darwin/11/2021_EPI1859986	0.0005679999999999	6.286834999999998	5.535865999999998	0.8586390143178566	0.0002601813972417194	12.299848070155589	2022-02-01	ep_star-ne_star	south	2022
2021-09-01	A/Darwin/11/2021_EPI1859998	0.0077459999999999	8.254219000000004	7.535850000000004	-10.356001516021523	3.31625962939636e-05	14.29970295236034	2022-02-01	ep_star-ne_star	south	2022
2021-09-01	A/Darwin/12/2021_EPI1859978	0.000598	6.286834999999998	5.535865999999998	0.8586390143178566	0.0002739233724481965	12.299848070155589	2022-02-01	ep_star-ne_star	south	2022
2021-09-01	A/Darwin/2/2021_EPI1851819	0.000813	11.485891999999987	13.458130000000006	0.8586390143178566	0.0003724075280942872	13.985649562027357	2022-02-01	ep_star-ne_star	south	2022
2021-09-01	A/Darwin/2/2021_EPI1857936	0.000698	11.485891999999987	13.458130000000006	0.8586390143178566	0.00031972995646963406	13.985649562027357	2022-02-01	ep_star-ne_star	south	2022
2021-09-01	A/Darwin/2/2021_EPI1859970	0.000698	11.633506999999993	13.487973000000006	2.257236599365831	0.0005726219622623203	14.499923656666756	2022-02-01	ep_star-ne_star	south	2022
2021-09-01	A/Darwin/2/2021_EPI1877147	0.000813	11.485891999999987	13.458130000000006	0.8586390143178566	0.0003724075280942872	13.985649562027357	2022-02-01	ep_star-ne_star	south	2022
2021-09-01	A/Darwin/4/2021_EPI1882534	0.000992	11.485891999999987	13.458130000000006	0.8586390143178566	0.00045440131349266044	13.985649562027357	2022-02-01	ep_star-ne_star	south	2022
2021-09-01	A/Darwin/6/2021_EPI1859988	0.0018399999999999998	6.716910000000006	5.402688	0.8586390143178566	0.0008428411459944506	13.013028773117354	2022-02-01	ep_star-ne_star	south	2022
2021-09-01	A/Darwin/6/2021_EPI1859992	0.0018399999999999998	7.674097000000002	6.400622	0.8586390143178566	0.0008428411459944506	13.994426161648011	2022-02-01	ep_star-ne_star	south	2022
2021-09-01	A/Darwin/6/2021_EPI1859994	0.0018399999999999998	7.674097000000002	6.400622	0.8586390143178566	0.0008428411459944506	13.994426161648011	2022-02-01	ep_star-ne_star	south	2022
2021-09-01	A/Darwin/6/2021_EPI1885402	0.0018399999999999998	6.716910000000006	5.402688	0.8586390143178566	0.0008428411459944506	13.013028773117354	2022-02-01	ep_star-ne_star	south	2022
2021-09-01	A/Darwin/7/2021_EPI1857219	0.002306	6.716910000000006	5.402688	0.8586390143178566	0.0010562998275343498	13.013028773117354	2022-02-01	ep_star-ne_star	south	2022
2021-09-01	A/Darwin/9/2021_EPI1859996	0.0069370000000000005	8.155403000000002	7.523532000000002	0.8586390143178566	0.0031776027335671223	14.246846535931752	2022-02-01	ep_star-ne_star	south	2022
2021-09-01	A/Darwin/9/2021_EPI1883349	0.0069370000000000005	6.286834999999998	5.535865999999998	0.8586390143178566	0.0031776027335671223	12.299848070155589	2022-02-01	ep_star-ne_star	south	2022
2021-09-01	A/Darwin/9/2021_EPI1888006	0.0069370000000000005	8.155403000000002	7.523532000000002	0.8586390143178566	0.0031776027335671223	14.246846535931752	2022-02-01	ep_star-ne_star	south	2022
2021-09-01	A/Darwin/9a/2021_EPI1882545	0.0077459999999999	6.286834999999998	5.535865999999998	0.8586390143178566	0.0035481779983005056	12.299848070155589	2022-02-01	ep_star-ne_star	south	2022
2021-09-01	A/Darwin/9b/2021_EPI1882542	0.008938	6.286834999999998	5.535865999999998	0.8586390143178566	0.0040941924798360875	12.299848070155589	2022-02-01	ep_star-ne_star	south	2022
2021-09-01	A/Delaware/01/2021_EPI1869534	0.006684000000000001	7.259796000000005	6.534615999999994	0.8586390143178566	0.0030617120759928854	13.287601221851626	2022-02-01	ep_star-ne_star	south	2022
2021-09-01	A/Delaware/01/2021_EPI1869542	0.006684000000000001	7.259796000000005	6.534615999999994	0.8586390143178566	0.0030617120759928854	13.287601221851626	2022-02-01	ep_star-ne_star	south	2022
2021-09-01	A/India/Pun-NIV289524/2021_Jan_EPI1850511	4.4e-05	5.9095249999999915	6.767015	0.8586390143178566	2.0154896969432516e-05	11.084333867869463	2022-02-01	ep_star-ne_star	south	2022
2021-09-01	A/India/Pun-NIV290244/2021_Jan_EPI1850512	5.9999999999999995e-05	8.709571000000004	9.750017000000001	-11.754599101069497	1.434292110243562e-07	14.013296801121196	2022-02-01	ep_star-ne_star	south	2022
2021-09-01	A/India/Pun-NIV291000/2021_Jan_EPI1868356	9.9e-05	5.9095249999999915	6.767015	0.8586390143178566	4.5348518181223164e-05	11.084333867869463	2022-02-01	ep_star-ne_star	south	2022
2021-09-01	A/India/Pun-NIV293212/2021_Feb_EPI1858564	0.000314	5.9095249999999915	6.767015	0.8586390143178566	0.00014383267382731387	11.084333867869463	2022-02-01	ep_star-ne_star	south	2022
2021-09-01	A/India/Pun-NIV293238/2021_Feb_EPI1868357	0.000314	5.9095249999999915	6.767015	0.8586390143178566	0.00014383267382731387	11.084333867869463	2022-02-01	ep_star-ne_star	south	2022
2021-09-01	A/India/Pun-NIV293349/2021_Feb_EPI1868358	0.000332	8.476891000000007	8.961544999999992	0.8586390143178566	0.00015207785895117261	13.914631900400098	2022-02-01	ep_star-ne_star	south	2022
2021-09-01	A/India/Pun-NIV293693/2021_Feb_EPI1868359	0.000436	7.486255000000002	8.679248999999995	0.8586390143178566	0.0001997167063334677	12.044711140250872	2022-02-01	ep_star-ne_star	south	2022
2021-09-01	A/India/Pun-NIV295197/2021_Mar_EPI1858565	0.000992	9.474904000000004	9.961536999999998	2.257236599365831	0.0008138123016679396	14.913004275796757	2022-02-01	ep_star-ne_star	south	2022
2021-09-01	A/India/Pun-NIV295198/2021_Mar_EPI1858566	0.000992	8.476891000000007	8.961544999999992	0.8586390143178566	0.00045440131349266044	13.914631900400098	2022-02-01	ep_star-ne_star	south	2022
2021-09-01	A/India/Pun-NIV300178/2021_Apr_EPI1868851	0.00472	7.640326999999999	8.665352000000004	0.8586390143178566	0.002162070765811852	12.961026208210475	2022-02-01	ep_star-ne_star	south	2022
2021-09-01	A/India/Pun-NIV300460/2021_Apr_EPI1868361	0.004911	5.9095249999999915	6.767015	0.8586390143178566	0.002249561341292797	11.084333867869463	2022-02-01	ep_star-ne_star	south	2022
2021-09-01	A/India/Pun-NIV312279/2021_May_EPI1868855	0.016636	7.640326999999999	8.665352000000004	0.8586390143178566	0.0076203833178063495	12.961026208210475	2022-02-01	ep_star-ne_star	south	2022
2021-09-01	A/India/Pun-NIV312615/2021_May_EPI1868861	0.017143000000000002	7.640326999999999	8.665352000000004	0.8586390143178566	0.00785262269879504	12.961026208210475	2022-02-01	ep_star-ne_star	south	2022
2021-09-01	A/India/Pun-NIV313370/2021_May_EPI1868862	0.018727	5.9095249999999915	6.767015	0.8586390143178566	0.008578198989694608	11.084333867869463	2022-02-01	ep_star-ne_star	south	2022
2021-09-01	A/India/Pun-NIV314667/2021_May_EPI1868863	0.020408000000000003	5.9095249999999915	6.767015	0.8586390143178566	0.009348207667094974	11.084333867869463	2022-02-01	ep_star-ne_star	south	2022
2021-09-01	A/India/Pun-NIV318926/2021_Jun_EPI1881229	0.028799	8.582726000000003	9.611437999999989	0.8586390143178566	0.013191838132333798	13.934642531945817	2022-02-01	ep_star-ne_star	south	2022
2021-09-01	A/Inida/Pun-NIV293751/2021_Feb_EPI1868360	0.000459	5.9095249999999915	6.767015	0.8586390143178566	0.0002102522206583983	11.084333867869463	2022-02-01	ep_star-ne_star	south	2022
2021-09-01	A/Kenya/101/2021_EPI1881881	7.3e-05	9.450848000000002	9.943896999999998	0.8586390143178566	3.34388063356494e-05	14.903412745486197	2022-02-01	ep_star-ne_star	south	2022
2021-09-01	A/Kenya/101/2021_EPI1884398	7.3e-05	9.450848000000002	9.943896999999998	0.8586390143178566	3.34388063356494e-05	14.903412745486197	2022-02-01	ep_star-ne_star	south	2022
2021-09-01	A/Kenya/102/2021_EPI1881928	0.00015	10.155735000000004	10.855365	0.8586390143178566	6.87098760321563e-05	15.784605618175188	2022-02-01	ep_star-ne_star	south	2022
2021-09-01	A/Kenya/102/2021_EPI1884430	0.00015	10.155735000000004	10.855365	0.8586390143178566	6.87098760321563e-05	15.784605618175188	2022-02-01	ep_star-ne_star	south	2022
2021-09-01	A/Kenya/103/2021_EPI1881857	0.000168	9.450848000000002	9.943896999999998	0.8586390143178566	7.695506115601506e-05	14.903412745486197	2022-02-01	ep_star-ne_star	south	2022
2021-09-01	A/Kenya/103/2021_EPI1884406	0.000168	9.450848000000002	9.943896999999998	0.8586390143178566	7.695506115601506e-05	14.903412745486197	2022-02-01	ep_star-ne_star	south	2022
2021-09-01	A/Kenya/104/2021_EPI1881952	0.000297	9.450848000000002	9.943896999999998	0.8586390143178566	0.0001360455545436695	14.903412745486197	2022-02-01	ep_star-ne_star	south	2022
2021-09-01	A/Kenya/105/2021_EPI1881873	0.000297	9.450848000000002	9.943896999999998	0.8586390143178566	0.0001360455545436695	14.903412745486197	2022-02-01	ep_star-ne_star	south	2022
2021-09-01	A/Kenya/106/2021_EPI1881944	0.000332	9.450848000000002	9.943896999999998	0.8586390143178566	0.00015207785895117261	14.903412745486197	2022-02-01	ep_star-ne_star	south	2022
2021-09-01	A/Kenya/106/2021_EPI1884422	0.000332	9.450848000000002	9.943896999999998	0.8586390143178566	0.00015207785895117261	14.903412745486197	2022-02-01	ep_star-ne_star	south	2022
2021-09-01	A/Kenya/107/2021_EPI1881968	0.00037	9.450848000000002	9.943896999999998	0.8586390143178566	0.0001694843608793189	14.903412745486197	2022-02-01	ep_star-ne_star	south	2022
2021-09-01	A/Kenya/108/2021_EPI1881865	0.00037	9.450848000000002	9.943896999999998	0.8586390143178566	0.0001694843608793189	14.903412745486197	2022-02-01	ep_star-ne_star	south	2022
2021-09-01	A/Kenya/108/2021_EPI1884382	0.00037	9.450848000000002	9.943896999999998	0.8586390143178566	0.0001694843608793189	14.903412745486197	2022-02-01	ep_star-ne_star	south	2022
2021-09-01	A/Kenya/109/2021_EPI1881976	0.000436	9.450848000000002	9.943896999999998	0.8586390143178566	0.0001997167063334677	14.903412745486197	2022-02-01	ep_star-ne_star	south	2022
2021-09-01	A/Kenya/110/2021_EPI1881920	0.000459	10.284501	10.733037000000005	2.257236599365831	0.0003765522645822422	15.7509126529445	2022-02-01	ep_star-ne_star	south	2022
2021-09-01	A/Kenya/111/2021_EPI1881841	0.0005110000000000001	9.450848000000002	9.943896999999998	0.8586390143178566	0.00023407164434954586	14.903412745486197	2022-02-01	ep_star-ne_star	south	2022
2021-09-01	A/Kenya/111/2021_EPI1884414	0.0005110000000000001	9.450848000000002	9.943896999999998	0.8586390143178566	0.00023407164434954586	14.903412745486197	2022-02-01	ep_star-ne_star	south	2022
2021-09-01	A/Kenya/113/2021_EPI1881936	0.0005110000000000001	9.450848000000002	9.943896999999998	0.8586390143178566	0.00023407164434954586	14.903412745486197	2022-02-01	ep_star-ne_star	south	2022
2021-09-01	A/Kenya/114/2021_EPI1881984	0.0005679999999999	9.450848000000002	9.943896999999998	0.8586390143178566	0.0002601813972417194	14.903412745486197	2022-02-01	ep_star-ne_star	south	2022
2021-09-01	A/Kenya/116/2021_EPI1881960	0.000992	10.448493000000001	10.943889000000002	-11.754599101069497	2.3713629556026896e-06	15.90340795262467	2022-02-01	ep_star-ne_star	south	2022
2021-09-01	A/Kenya/117/2021_EPI1881889	0.000992	9.450848000000002	9.943896999999998	0.8586390143178566	0.00045440131349266044	14.903412745486197	2022-02-01	ep_star-ne_star	south	2022
2021-09-01	A/Kenya/118/2021_EPI1881912	0.001327	11.400676	11.894541999999994	0.8586390143178566	0.0006078533699644762	16.89499000116461	2022-02-01	ep_star-ne_star	south	2022
2021-09-01	A/Kenya/118/2021_EPI1884390	0.001327	11.400676	11.894541999999994	0.8586390143178566	0.0006078533699644762	16.89499000116461	2022-02-01	ep_star-ne_star	south	2022
2021-09-01	A/Kenya/119/2021_EPI1881904	0.001327	6.795898999999999	7.659562999999992	0.8586390143178566	0.0006078533699644762	11.981835564721628	2022-02-01	ep_star-ne_star	south	2022
2021-09-01	A/Kenya/120/2021_EPI1881849	0.0018399999999999998	6.795898999999999	7.659562999999992	0.8586390143178566	0.0008428411459944506	11.981835564721628	2022-02-01	ep_star-ne_star	south	2022
2021-09-01	A/Kenya/121/2021_EPI1881833	0.0018399999999999998	9.450848000000002	9.943896999999998	0.8586390143178566	0.0008428411459944506	14.903412745486197	2022-02-01	ep_star-ne_star	south	2022
2021-09-01	A/Kenya/122/2021_EPI1881896	0.0024100000000000002	6.795898999999999	7.659562999999992	0.8586390143178566	0.0011039386749166448	11.981835564721628	2022-02-01	ep_star-ne_star	south	2022
2021-09-01	A/Kenya/123/2021_EPI1883097	0.0032619999999999997	6.795898999999999	7.659562999999992	0.8586390143178566	0.0014942107707792925	11.981835564721628	2022-02-01	ep_star-ne_star	south	2022
2021-09-01	A/Laos/418/2021_EPI1861047	0.000314	23.813420999999988	26.82054000000002	5.054431769461779	0.0008262501873762226	20.384220774192794	2022-02-01	ep_star-ne_star	south	2022
2021-09-01	A/Laos/469/2021_EPI1861071	0.000297	12.938800999999996	14.626174	2.257236599365831	0.0002436514653179214	15.700334022373438	2022-02-01	ep_star-ne_star	south	2022
2021-09-01	A/Laos/504/2021_EPI1861063	0.000459	12.457718000000002	14.44576899999999	2.257236599365831	0.0003765522645822422	14.995750625504675	2022-02-01	ep_star-ne_star	south	2022
2021-09-01	A/Laos/527/2021_EPI1861055	0.000459	11.477665999999989	13.448441000000008	0.8586390143178566	0.0002102522206583983	13.996964297502247	2022-02-01	ep_star-ne_star	south	2022
2021-09-01	A/Laos/580/2021_EPI1861079	0.000598	12.473954999999998	14.429042999999988	0.8586390143178566	0.0002739233724481965	14.995265789366732	2022-02-01	ep_star-ne_star	south	2022
2021-09-01	A/Laos/694/2021_EPI1861095	0.000698	11.477665999999989	13.448441000000008	0.8586390143178566	0.00031972995646963406	13.996964297502247	2022-02-01	ep_star-ne_star	south	2022
2021-09-01	A/Laos/766/2021_EPI1861039	0.000944	12.475775	14.448432999999989	2.257236599365831	0.0007744342870711037	14.995415428928103	2022-02-01	ep_star-ne_star	south	2022
2021-09-01	A/Laos/785/2021_EPI1861087	0.000898	11.477665999999989	13.448441000000008	0.8586390143178566	0.00041134312451250913	13.996964297502247	2022-02-01	ep_star-ne_star	south	2022
2021-09-01	A/MIYAGI/1/2021_EPI1882448	0.000944	11.518839999999983	13.431431000000005	0.8586390143178566	0.00043241415316237037	13.99997035393474	2022-02-01	ep_star-ne_star	south	2022
2021-09-01	A/MIYAGI/1/2021_EPI1882456	0.000944	12.516880999999996	14.424300999999998	0.8586390143178566	0.00043241415316237037	14.99910547549279	2022-02-01	ep_star-ne_star	south	2022
2021-09-01	A/MIYAGI/2/2021_EPI1882464	0.000944	11.518839999999983	13.431431000000005	0.8586390143178566	0.00043241415316237037	13.99997035393474	2022-02-01	ep_star-ne_star	south	2022
2021-09-01	A/MIYAGI/2/2021_EPI1882472	0.000944	11.518839999999983	13.431431000000005	0.8586390143178566	0.00043241415316237037	13.99997035393474	2022-02-01	ep_star-ne_star	south	2022
2021-09-01	A/Michigan/01/2021_EPI1885363	0.061562	10.485355000000002	9.338931999999998	-7.558806345925574	0.0008453821948348575	17.99612112922066	2022-02-01	ep_star-ne_star	south	2022
2021-09-01	A/Michigan/01/2021_EPI1885371	0.061562	10.485355000000002	9.338931999999998	-7.558806345925574	0.0008453821948348575	17.99612112922066	2022-02-01	ep_star-ne_star	south	2022
2021-09-01	A/Michigan/02/2021_EPI1885410	0.064167	7.370611000000004	8.045991999999993	0.8586390143178566	0.029392710769035827	13.314301742753143	2022-02-01	ep_star-ne_star	south	2022
2021-09-01	A/Michigan/02/2021_EPI1885418	0.064167	7.370611000000004	8.045991999999993	0.8586390143178566	0.029392710769035827	13.314301742753143	2022-02-01	ep_star-ne_star	south	2022
2021-09-01	A/Minnesota/02/2021_EPI1887881	0.040491	7.740555000000001	7.970093999999995	-11.754599101069497	9.67932030597868e-05	13.25160759381948	2022-02-01	ep_star-ne_star	south	2022
2021-09-01	A/Moscow/CRIE/2/2021_EPI1859848	0.012546	11.153535000000003	9.817121000000002	3.6558341844138056	0.018433276339049526	17.469989194623587	2022-02-01	ep_star-ne_star	south	2022
2021-09-01	A/Nepal/20FL2312/2020_EPI1860004	1.3000000000000001e-05	6.795898999999999	7.659562999999992	0.8586390143178566	5.95485592278688e-06	11.981835564721628	2022-02-01	ep_star-ne_star	south	2022
2021-09-01	A/Nepal/21FL0201/2021_EPI1860007	0.0002	5.9095249999999915	6.767015	0.8586390143178566	9.161316804287507e-05	11.084333867869463	2022-02-01	ep_star-ne_star	south	2022
2021-09-01	A/Nepal/NPWR-05637/2021_EPI1882480	0.004911	6.889877999999999	7.767006999999992	0.8586390143178566	0.002249561341292797	12.075335622504303	2022-02-01	ep_star-ne_star	south	2022
2021-09-01	A/Nepal/NPWR-05637/2021_EPI1882488	0.004911	6.889877999999999	7.767006999999992	0.8586390143178566	0.002249561341292797	12.075335622504303	2022-02-01	ep_star-ne_star	south	2022
2021-09-01	A/Netherlands/10000/2021_EPI1859160	0.000598	6.7985670000000065	5.293700999999998	0.8586390143178566	0.0002739233724481965	12.97471376793945	2022-02-01	ep_star-ne_star	south	2022
2021-09-01	A/New_York/01/2021_EPI1887873	0.06672	8.924482999999999	10.073284999999998	3.6558341844138056	0.09802871013401758	14.183705920562746	2022-02-01	ep_star-ne_star	south	2022
2021-09-01	A/Niger/8609/2020_EPI1853540	1.6e-05	16.679161999999994	19.023803	0.8586390143178566	7.329053443430006e-06	12.84496717010872	2022-02-01	ep_star-ne_star	south	2022
2021-09-01	A/Niger/8635/2020_EPI1853510	2.4e-05	16.679161999999994	19.023803	0.8586390143178566	1.099358016514501e-05	12.84496717010872	2022-02-01	ep_star-ne_star	south	2022
2021-09-01	A/Niger/8749/2021_EPI1853354	6.8e-05	16.679161999999994	19.023803	0.8586390143178566	3.114847713457753e-05	12.84496717010872	2022-02-01	ep_star-ne_star	south	2022
2021-09-01	A/Niger/8749/2021_EPI1853518	6.8e-05	16.679161999999994	19.023803	0.8586390143178566	3.114847713457753e-05	12.84496717010872	2022-02-01	ep_star-ne_star	south	2022
2021-09-01	A/Niger/8773/2021_EPI1853533	9.300000000000001e-05	16.679161999999994	19.023803	0.8586390143178566	4.260012313993692e-05	12.84496717010872	2022-02-01	ep_star-ne_star	south	2022
2021-09-01	A/Niger/8776/2021_EPI1853486	9.9e-05	17.67876299999999	20.023323000000012	0.8586390143178566	4.5348518181223164e-05	13.844785776035987	2022-02-01	ep_star-ne_star	south	2022
2021-09-01	A/Niger/8776/2021_EPI1857916	9.9e-05	17.67876299999999	20.023323000000012	0.8586390143178566	4.5348518181223164e-05	13.844785776035987	2022-02-01	ep_star-ne_star	south	2022
2021-09-01	A/Nizhny_Novgorod/360V/2021_EPI1886102	0.070017	9.583166999999996	8.616802	2.257236599365831	0.057440217667221884	15.724036916308863	2022-02-01	ep_star-ne_star	south	2022
2021-09-01	A/Norway/10230/2021_EPI1882616	0.0061979999999999995	8.689958000000003	9.657027999999992	3.6558341844138056	0.009106444025938862	13.476841797595918	2022-02-01	ep_star-ne_star	south	2022
2021-09-01	A/Pennsylvania/01/2021_EPI1858654	0.002109	9.211944999999998	10.210211	0.8586390143178566	0.0009660608570121178	14.56901340917953	2022-02-01	ep_star-ne_star	south	2022
2021-09-01	A/Pennsylvania/01/2021_EPI1858662	0.002109	9.211944999999998	10.210211	0.8586390143178566	0.0009660608570121178	14.56901340917953	2022-02-01	ep_star-ne_star	south	2022
2021-09-01	A/Singapore/INFKK0001/2021_EPI1883806	3.6e-05	7.2288229999999984	8.212259000000003	0.8586390143178566	1.6490370247717515e-05	12.576741896035609	2022-02-01	ep_star-ne_star	south	2022
2021-09-01	A/Singapore/INFKK0002/2021_EPI1883814	0.0002	7.2288229999999984	8.212259000000003	0.8586390143178566	9.161316804287507e-05	12.576741896035609	2022-02-01	ep_star-ne_star	south	2022
2021-09-01	A/Singapore/INFTT0001/2021_EPI1883798	4.4e-05	10.208616000000001	11.208129999999997	0.8586390143178566	2.0154896969432516e-05	15.561391048340248	2022-02-01	ep_star-ne_star	south	2022
2021-09-01	A/South_Auckland/1/2020_EPI1883352	2.2e-05	21.468944000000008	24.750632999999997	0.8586390143178566	1.0077448484716258e-05	18.27394353351071	2022-02-01	ep_star-ne_star	south	2022
2021-09-01	A/South_Auckland/2/2020_EPI1883355	2.2e-05	21.468944000000008	24.750632999999997	0.8586390143178566	1.0077448484716258e-05	18.27394353351071	2022-02-01	ep_star-ne_star	south	2022
2021-09-01	A/South_Australia/1/2021_EPI1853018	0.00015	86.69823700000003	88.222924	-65.10818613253718	7.941894296856957e-17	84.12822721178911	2022-02-01	ep_star-ne_star	south	2022
2021-09-01	A/South_Australia/1/2021_EPI1885005	0.00015	86.69823700000003	88.222924	-65.10818613253718	7.941894296856957e-17	84.12822721178911	2022-02-01	ep_star-ne_star	south	2022
2021-09-01	A/Stockholm/1/2021_EPI1842216	4.7e-05	6.795898999999999	7.659562999999992	0.8586390143178566	2.1529094490075642e-05	11.981835564721628	2022-02-01	ep_star-ne_star	south	2022
2021-09-01	A/Stockholm/1/2021_EPI1882618	4.7e-05	6.795898999999999	7.659562999999992	0.8586390143178566	2.1529094490075642e-05	11.981835564721628	2022-02-01	ep_star-ne_star	south	2022
2021-09-01	A/Stockholm/2/2021_EPI1847684	0.000118	6.795898999999999	7.659562999999992	0.8586390143178566	5.4051769145296296e-05	11.981835564721628	2022-02-01	ep_star-ne_star	south	2022
2021-09-01	A/Stockholm/2/2021_EPI1884883	0.000118	6.795898999999999	7.659562999999992	0.8586390143178566	5.4051769145296296e-05	11.981835564721628	2022-02-01	ep_star-ne_star	south	2022
2021-09-01	A/Stockholm/3/2021_EPI1858894	0.000539	6.914699999999997	7.135326	0.8586390143178566	0.00024689748787554833	12.547018850945296	2022-02-01	ep_star-ne_star	south	2022
2021-09-01	A/Stockholm/3/2021_EPI1884885	0.000539	6.914699999999997	7.135326	0.8586390143178566	0.00024689748787554833	12.547018850945296	2022-02-01	ep_star-ne_star	south	2022
2021-09-01	A/Stockholm/4/2021_EPI1858926	0.001459	6.914699999999997	7.135326	0.8586390143178566	0.0006683180608727738	12.547018850945296	2022-02-01	ep_star-ne_star	south	2022
2021-09-01	A/Stockholm/4/2021_EPI1884887	0.001459	6.914699999999997	7.135326	0.8586390143178566	0.0006683180608727738	12.547018850945296	2022-02-01	ep_star-ne_star	south	2022
2021-09-01	A/Stockholm/5/2021_EPI1860015	0.006684000000000001	7.247656000000006	6.535857999999995	0.8586390143178566	0.0030617120759928854	13.269368178902779	2022-02-01	ep_star-ne_star	south	2022
2021-09-01	A/Stockholm/5/2021_EPI1884889	0.006684000000000001	7.247656000000006	6.535857999999995	0.8586390143178566	0.0030617120759928854	13.269368178902779	2022-02-01	ep_star-ne_star	south	2022
2021-09-01	A/Stockholm/6/2021_EPI1860023	0.008627	7.764056000000001	6.270170999999999	0.8586390143178566	0.003951734003529416	13.958906831925342	2022-02-01	ep_star-ne_star	south	2022
2021-09-01	A/Stockholm/6/2021_EPI1884891	0.008627	7.764056000000001	6.270170999999999	0.8586390143178566	0.003951734003529416	13.958906831925342	2022-02-01	ep_star-ne_star	south	2022
2021-09-01	A/Timor-Leste/12/2021_EPI1882531	0.001459	10.527077000000002	12.458138000000007	0.8586390143178566	0.0006683180608727738	13.004255967483031	2022-02-01	ep_star-ne_star	south	2022
2021-09-01	A/Timor-Leste/19/2021_EPI1882537	0.000698	11.485891999999987	13.458130000000006	0.8586390143178566	0.00031972995646963406	13.985649562027357	2022-02-01	ep_star-ne_star	south	2022
2021-09-01	A/Timor-Leste/19/2021_EPI1883317	0.000698	11.485891999999987	13.458130000000006	0.8586390143178566	0.00031972995646963406	13.985649562027357	2022-02-01	ep_star-ne_star	south	2022
2021-09-01	A/Timor-Leste/20/2021_EPI1883301	0.000735	11.485891999999987	13.458130000000006	0.8586390143178566	0.0003366783925575659	13.985649562027357	2022-02-01	ep_star-ne_star	south	2022
2021-09-01	A/Timor-Leste/21/2021_EPI1883325	0.000735	11.485891999999987	13.458130000000006	0.8586390143178566	0.0003366783925575659	13.985649562027357	2022-02-01	ep_star-ne_star	south	2022
2021-09-01	A/Timor-Leste/21/2021_EPI1883358	0.000735	11.485891999999987	13.458130000000006	0.8586390143178566	0.0003366783925575659	13.985649562027357	2022-02-01	ep_star-ne_star	south	2022
2021-09-01	A/Timor-Leste/23/2021_EPI1883361	0.001265	11.485891999999987	13.458130000000006	0.8586390143178566	0.0005794532878711849	13.985649562027357	2022-02-01	ep_star-ne_star	south	2022
2021-09-01	A/Timor-Leste/25/2021_EPI1883370	0.001265	11.485891999999987	13.458130000000006	0.8586390143178566	0.0005794532878711849	13.985649562027357	2022-02-01	ep_star-ne_star	south	2022
2021-09-01	A/Timor-Leste/27/2021_EPI1883333	0.0034020000000000005	11.485891999999987	13.458130000000006	0.8586390143178566	0.0015583399884093053	13.985649562027357	2022-02-01	ep_star-ne_star	south	2022
2021-09-01	A/Timor-Leste/27/2021_EPI1883367	0.0034020000000000005	11.485891999999987	13.458130000000006	0.8586390143178566	0.0015583399884093053	13.985649562027357	2022-02-01	ep_star-ne_star	south	2022
2021-09-01	A/Timor-Leste/34/2021_EPI1883338	0.0024100000000000002	10.527077000000002	12.458138000000007	0.8586390143178566	0.0011039386749166448	13.004255967483031	2022-02-01	ep_star-ne_star	south	2022
2021-09-01	A/Timor-Leste/43/2021_EPI1883346	0.000178	11.485891999999987	13.458130000000006	0.8586390143178566	8.153571955815881e-05	13.985649562027357	2022-02-01	ep_star-ne_star	south	2022
2021-09-01	A/Timor-Leste/43/2021_EPI1883364	0.000178	11.485891999999987	13.458130000000006	0.8586390143178566	8.153571955815881e-05	13.985649562027357	2022-02-01	ep_star-ne_star	south	2022
2021-09-01	A/Timor-Leste/9/2021_EPI1882539	0.000898	12.480417	14.408783000000001	3.6558341844138056	0.0013193912125351887	14.995625854216234	2022-02-01	ep_star-ne_star	south	2022
2021-09-01	A/Timor-Leste/9/2021_EPI1883309	0.000898	10.527077000000002	12.458138000000007	0.8586390143178566	0.00041134312451250913	13.004255967483031	2022-02-01	ep_star-ne_star	south	2022
2021-09-01	A/Togo/0084/2021_EPI1877190	0.000314	17.547677999999983	19.93384800000001	0.8586390143178566	0.00014383267382731387	12.494092494497702	2022-02-01	ep_star-ne_star	south	2022
2021-09-01	A/Togo/0089/2021_EPI1877168	0.00037	17.547677999999983	19.93384800000001	0.8586390143178566	0.0001694843608793189	12.494092494497702	2022-02-01	ep_star-ne_star	south	2022
2021-09-01	A/Togo/0232/2021_EPI1877174	0.000898	16.556444999999993	18.933856000000006	0.8586390143178566	0.00041134312451250913	11.505585740379944	2022-02-01	ep_star-ne_star	south	2022
2021-09-01	A/Togo/0237/2021_EPI1877182	0.000992	17.687175999999983	19.955196	0.8586390143178566	0.00045440131349266044	13.002960305542842	2022-02-01	ep_star-ne_star	south	2022
2021-09-01	A/Togo/0377/2021_EPI1877160	0.003698	17.772288	20.010104000000005	3.6558341844138056	0.005433305906408828	13.437380472784703	2022-02-01	ep_star-ne_star	south	2022
2021-09-01	A/Tyumen/1V/2021_EPI1887771	0.076825	8.126521000000002	7.681727000000003	3.6558341844138056	0.112875534413158	13.774043273271525	2022-02-01	ep_star-ne_star	south	2022
2021-09-01	A/Wisconsin/01/2021_EPI1843130	6.8e-05	51.75340700000002	52.973012	-14.577654121121027	5.013562476000329e-08	51.02855426587833	2022-02-01	ep_star-ne_star	south	2022
2021-09-01	A/Wisconsin/02/2021_EPI1847792	0.000118	9.450848000000002	9.943896999999998	0.8586390143178566	5.4051769145296296e-05	14.903412745486197	2022-02-01	ep_star-ne_star	south	2022
2021-09-01	A/Wisconsin/02/2021_EPI1847800	0.000118	9.450848000000002	9.943896999999998	0.8586390143178566	5.4051769145296296e-05	14.903412745486197	2022-02-01	ep_star-ne_star	south	2022
2021-09-01	A/YAMAGATA/1/2021_EPI1853975	0.000314	12.473954999999998	14.429042999999988	0.8586390143178566	0.00014383267382731387	14.995265789366732	2022-02-01	ep_star-ne_star	south	2022
2021-09-01	A/YAMAGATA/1/2021_EPI1884211	0.000314	12.473954999999998	14.429042999999988	0.8586390143178566	0.00014383267382731387	14.995265789366732	2022-02-01	ep_star-ne_star	south	2022
2021-09-01	A/YAMAGATA/2/2021_EPI1853983	0.000314	13.472627999999998	15.429035	0.8586390143178566	0.00014383267382731387	15.99469040853582	2022-02-01	ep_star-ne_star	south	2022
2021-09-01	A/YAMAGATA/2/2021_EPI1884214	0.000314	13.472627999999998	15.429035	0.8586390143178566	0.00014383267382731387	15.99469040853582	2022-02-01	ep_star-ne_star	south	2022
2022-09-01	A/Abu_Dhabi/0000613/2022_EPI2127513	0.018528	11.524263999999997	8.353558999999985	2.9746488902868493	0.034247076108063636	9.25263649309748	2023-02-01	ep_star-ne_star	south	2023
2022-09-01	A/Abu_Dhabi/1112067/2022_EPI2093363	0.002203	8.047865	8.730144999999993	1.5480662911776397	0.0022472983065494334	6.33543626902044	2023-02-01	ep_star-ne_star	south	2023
2022-09-01	A/Abu_Dhabi/1503610/2022_EPI2093347	0.007513	13.43915600000001	10.327314999999984	3.9257039563596554	0.020639895717417485	11.101363043208421	2023-02-01	ep_star-ne_star	south	2023
2022-09-01	A/Abu_Dhabi/1732799/2022_EPI2093238	0.012273000000000001	12.499699000000005	9.353147999999987	-6.714170699897378	0.00040040115601474723	10.251835690785455	2023-02-01	ep_star-ne_star	south	2023
2022-09-01	A/Abu_Dhabi/1790567/2022_EPI2136239	0.013718000000000001	11.094221	7.859295999999988	-7.189698232933781	0.0003671012053554035	9.774612618107218	2023-02-01	ep_star-ne_star	south	2023
2022-09-01	A/Abu_Dhabi/1870519/2022_EPI2136263	0.015428	12.988133999999997	9.858801999999992	-6.714170699897378	0.0005033316251116695	11.724680839608732	2023-02-01	ep_star-ne_star	south	2023
2022-09-01	A/Abu_Dhabi/1882631/2022_EPI2127534	0.015916	11.094221	7.859295999999988	-7.189698232933781	0.00042592089112382283	9.774612618107218	2023-02-01	ep_star-ne_star	south	2023
2022-09-01	A/Abu_Dhabi/4002462/2022_EPI2093309	0.009329	11.524263999999997	8.353558999999985	2.9746488902868493	0.01724368377656119	9.25263649309748	2023-02-01	ep_star-ne_star	south	2023
2022-09-01	A/Abu_Dhabi/4201470/2022_EPI2093325	0.011335	12.455121000000007	9.327331999999986	3.4501764233232524	0.02554265619645178	10.143786986398593	2023-02-01	ep_star-ne_star	south	2023
2022-09-01	A/Abu_Dhabi/4299563/2022_EPI2093261	0.012273000000000001	13.343570000000007	10.290532999999986	-6.2386431668609745	0.0004881405646463973	11.112267808224926	2023-02-01	ep_star-ne_star	south	2023
2022-09-01	A/Alaska/25/2022_EPI2127715	0.014449000000000002	10.452988000000005	10.184504999999989	2.4991213572504463	0.0219070132762042	8.617596456878891	2023-02-01	ep_star-ne_star	south	2023
2022-09-01	A/Andalucia/1516/2022_EPI2032496	0.000331	8.047865	8.730144999999993	1.5480662911776397	0.0003376558054779222	6.33543626902044	2023-02-01	ep_star-ne_star	south	2023
2022-09-01	A/Antananarivo/03605/2022_EPI2134611	0.001766	8.510822	8.184706999999994	1.5480662911776397	0.0018015110346646843	6.70522450998371	2023-02-01	ep_star-ne_star	south	2023
2022-09-01	A/Antananarivo/05015/2022_EPI2134624	0.014205	8.510822	8.184706999999994	1.5480662911776397	0.014490636606688473	6.70522450998371	2023-02-01	ep_star-ne_star	south	2023
2022-09-01	A/Antananarivo/50367/2022_EPI2134628	0.009543000000000001	8.510822	8.184706999999994	1.5480662911776397	0.009734892301135382	6.70522450998371	2023-02-01	ep_star-ne_star	south	2023
2022-09-01	A/Antsirabe/03801/2022_EPI2134639	0.002629	8.510822	8.184706999999994	1.5480662911776397	0.00268186438852404	6.70522450998371	2023-02-01	ep_star-ne_star	south	2023
2022-09-01	A/Argentina/0291/2022_EPI2065875	0.00014	10.891480000000005	9.99081399999998	2.0235938242140428	0.0001741100497257645	8.880665974050464	2023-02-01	ep_star-ne_star	south	2023
2022-09-01	A/Argentina/0888/2022_EPI2066116	0.000482	10.891480000000005	9.99081399999998	2.0235938242140428	0.0005994360283415606	8.880665974050464	2023-02-01	ep_star-ne_star	south	2023
2022-09-01	A/Argentina/0961/2022_EPI2066039	0.000661	9.028888	8.06028899999999	1.5480662911776397	0.000674291502782195	6.97244618265432	2023-02-01	ep_star-ne_star	south	2023
2022-09-01	A/Argentina/1941/2022_EPI2064255	0.000933	9.894489000000002	9.01391599999998	1.5480662911776397	0.0009517609260148079	7.884384467255326	2023-02-01	ep_star-ne_star	south	2023
2022-09-01	A/Argentina/1955/2022_EPI2064629	0.000691	10.891480000000005	9.99081399999998	2.0235938242140428	0.0008593574597178806	8.880665974050464	2023-02-01	ep_star-ne_star	south	2023
2022-09-01	A/Argentina/2218/2022_EPI2064279	0.0006320000000000001	9.894489000000002	9.01391599999998	1.5480662911776397	0.0006447083657463651	7.884384467255326	2023-02-01	ep_star-ne_star	south	2023
2022-09-01	A/Argentina/2298/2022_EPI2064605	0.000182	10.891480000000005	9.99081399999998	2.0235938242140428	0.0002263430646434939	8.880665974050464	2023-02-01	ep_star-ne_star	south	2023
2022-09-01	A/Armenia/19/2022_EPI1985548	1.1e-05	25.46452100000001	24.65735099999994	1.5480662911776397	1.1221189910142428e-05	25.092156326561817	2023-02-01	ep_star-ne_star	south	2023
2022-09-01	A/BREST/05762/2022_EPI2012807	2.8999999999999997e-05	10.028779	9.06027199999998	2.0235938242140428	3.606565315747979e-05	7.972314902684606	2023-02-01	ep_star-ne_star	south	2023
2022-09-01	A/BREST/35500/2022_EPI2134925	0.001402	10.876152999999999	11.496897999999975	2.9746488902868493	0.0025914508151719143	9.16002697149266	2023-02-01	ep_star-ne_star	south	2023
2022-09-01	A/Baden-Wuerttemberg/1/2022_EPI1997328	2.4e-05	9.04772	9.703663999999986	-8.140753299006587	4.3212271958814474e-07	7.335433692631988	2023-02-01	ep_star-ne_star	south	2023
2022-09-01	A/Bahrain/7816/2022_EPI2106151	0.004988	11.094221	7.859295999999988	-7.189698232933781	0.0001334816162933921	9.774612618107218	2023-02-01	ep_star-ne_star	south	2023
2022-09-01	A/Bahrain/8484/2022_EPI2106143	0.0047020000000000005	11.094221	7.859295999999988	-7.189698232933781	0.00012582809940086802	9.774612618107218	2023-02-01	ep_star-ne_star	south	2023
2022-09-01	A/Baleares/2810/2022_EPI2130234	0.010424	8.047865	8.730144999999993	1.5480662911776397	0.010633607602120424	6.33543626902044	2023-02-01	ep_star-ne_star	south	2023
2022-09-01	A/Baltimore/JH-211/2022_EPI2126110	6.2e-05	9.862236	10.497320999999989	1.5480662911776397	6.324670676625732e-05	8.121830767780358	2023-02-01	ep_star-ne_star	south	2023
2022-09-01	A/Bay_of_Plenty/11/2022_EPI2118630	0.007324	8.047865	8.730144999999993	1.5480662911776397	0.007471272263807558	6.33543626902044	2023-02-01	ep_star-ne_star	south	2023
2022-09-01	A/Belgium/S0329/2022_EPI2122195	0.00010700000000000001	8.047865	8.730144999999993	1.5480662911776397	0.00010915157458047635	6.33543626902044	2023-02-01	ep_star-ne_star	south	2023
2022-09-01	A/Belgium/S0628/2022_EPI2122231	0.00034700000000000003	8.047865	8.730144999999993	1.5480662911776397	0.0003539775362563112	6.33543626902044	2023-02-01	ep_star-ne_star	south	2023
2022-09-01	A/Bhutan/0442/2022_EPI2015771	1.1e-05	9.949717000000001	9.040018999999981	1.5480662911776397	1.1221189910142428e-05	7.874036159316863	2023-02-01	ep_star-ne_star	south	2023
2022-09-01	A/Bhutan/0452/2022_EPI2040055	1.6e-05	9.949717000000001	9.040018999999981	1.5480662911776397	1.6321730778388986e-05	7.874036159316863	2023-02-01	ep_star-ne_star	south	2023
2022-09-01	A/Bhutan/1149/2022_EPI2015741	1.1e-05	9.949717000000001	9.040018999999981	1.5480662911776397	1.1221189910142428e-05	7.874036159316863	2023-02-01	ep_star-ne_star	south	2023
2022-09-01	A/Bhutan/1254/2022_EPI2015638	1.1e-05	9.949717000000001	9.040018999999981	1.5480662911776397	1.1221189910142428e-05	7.874036159316863	2023-02-01	ep_star-ne_star	south	2023
2022-09-01	A/Bhutan/1255/2022_EPI2015810	1.1e-05	10.949654000000004	10.038515999999978	2.0235938242140428	1.3680075335595783e-05	8.873968134460101	2023-02-01	ep_star-ne_star	south	2023
2022-09-01	A/Bhutan/1256/2022_EPI2015755	1.1e-05	9.949717000000001	9.040018999999981	1.5480662911776397	1.1221189910142428e-05	7.874036159316863	2023-02-01	ep_star-ne_star	south	2023
2022-09-01	A/Bolivia/1321/2022_EPI2093786	6.2e-05	10.759690000000006	9.90190799999998	-8.140753299006587	1.1163170256027074e-06	8.79705407129849	2023-02-01	ep_star-ne_star	south	2023
2022-09-01	A/Bolivia/16493VIR/2022_EPI2093842	0.000754	10.876992000000007	10.012636999999982	2.0235938242140428	0.0009377069820944746	8.865182722811209	2023-02-01	ep_star-ne_star	south	2023
2022-09-01	A/Brisbane/92/2022_EPI2118518	0.007139	9.033568000000002	9.730127999999986	2.0235938242140428	0.008878368892801664	7.317679531234838	2023-02-01	ep_star-ne_star	south	2023
2022-09-01	A/British_Columbia/054/2022_EPI2067793	0.0017	8.047865	8.730144999999993	1.5480662911776397	0.0017341838952038297	6.33543626902044	2023-02-01	ep_star-ne_star	south	2023
2022-09-01	A/British_Columbia/205/2022_EPI2127500	0.014693000000000001	9.751703999999998	8.377624999999984	1.5480662911776397	0.014988449395429338	7.704535616418126	2023-02-01	ep_star-ne_star	south	2023
2022-09-01	A/California/34/2022_EPI2066947	0.00020099999999999998	9.028888	8.06028899999999	1.5480662911776397	0.00020504174290351162	6.97244618265432	2023-02-01	ep_star-ne_star	south	2023
2022-09-01	A/Canberra/1/2022_EPI2030809	0.00045999999999999996	9.028888	8.06028899999999	1.5480662911776397	0.00046924975987868334	6.97244618265432	2023-02-01	ep_star-ne_star	south	2023
2022-09-01	A/CastillaLaMancha/1294/2022_EPI2011959	0.00045999999999999996	9.031900000000002	9.730127999999986	2.0235938242140428	0.000572075877670369	7.293012325830266	2023-02-01	ep_star-ne_star	south	2023
2022-09-01	A/CastillaLaMancha/1637/2022_EPI2032896	0.0010140000000000001	10.025921	9.06027199999998	2.0235938242140428	0.0012610542172994661	7.968779922464379	2023-02-01	ep_star-ne_star	south	2023
2022-09-01	A/CastillaLaMancha/1825/2022_EPI2052091	0.001294	10.032182	10.719150999999988	2.4991213572504463	0.001961912601523167	8.314606700208083	2023-02-01	ep_star-ne_star	south	2023
2022-09-01	A/CastillaLaMancha/2513/2022_EPI2134506	0.0047020000000000005	9.034789000000002	9.719167999999986	2.0235938242140428	0.005847610384361035	7.31853052541113	2023-02-01	ep_star-ne_star	south	2023
2022-09-01	A/Catalonia/NSVH198242516/2022_EPI2035951	0.0034409999999999996	11.092034	7.824369999999989	2.9746488902868493	0.006360329711131637	9.630166804773395	2023-02-01	ep_star-ne_star	south	2023
2022-09-01	A/Catalonia/NSVH534126147/2022_EPI2062211	0.007898	8.758403	9.370297999999988	-8.140753299006587	0.00014220438497113198	7.011855256801005	2023-02-01	ep_star-ne_star	south	2023
2022-09-01	A/Catalonia/NSVH741044176/2022_EPI2045078	0.005136	8.047865	8.730144999999993	1.5480662911776397	0.005239275579862865	6.33543626902044	2023-02-01	ep_star-ne_star	south	2023
2022-09-01	A/Chanchamayo/FPJ01702/2022_H3N2_EPI2052853	0.000148	9.028888	8.06028899999999	1.5480662911776397	0.0001509760097000981	6.97244618265432	2023-02-01	ep_star-ne_star	south	2023
2022-09-01	A/Colombia/2488/2022_EPI2063736	0.000286	10.686316000000007	9.985484999999985	2.0235938242140428	0.0003556819587254904	8.728593526883358	2023-02-01	ep_star-ne_star	south	2023
2022-09-01	A/Congo/010/2022_EPI2016859	1.1e-05	9.894489000000002	9.01391599999998	1.5480662911776397	1.1221189910142428e-05	7.884384467255326	2023-02-01	ep_star-ne_star	south	2023
2022-09-01	A/Connecticut/25/2022_EPI2127763	0.008496	8.047865	8.730144999999993	1.5480662911776397	0.008666839043324551	6.33543626902044	2023-02-01	ep_star-ne_star	south	2023
2022-09-01	A/Croatia/87237/2022_EPI2115766	0.014693000000000001	8.047865	8.730144999999993	1.5480662911776397	0.014988449395429338	6.33543626902044	2023-02-01	ep_star-ne_star	south	2023
2022-09-01	A/Dakar/03/2022_EPI2100851	6.2e-05	11.115103	8.98266899999999	2.4991213572504463	9.400199481795699e-05	8.975202538818415	2023-02-01	ep_star-ne_star	south	2023
2022-09-01	A/Dakar/06/2022_EPI2115828	0.006084	11.146472	9.162348999999995	-7.665225765970184	0.00013354715509682755	8.990451330083921	2023-02-01	ep_star-ne_star	south	2023
2022-09-01	A/Dakar/20/2022_EPI2115773	0.009761	13.48518200000001	10.353366999999984	3.9257039563596554	0.026815655809624927	11.145373869858988	2023-02-01	ep_star-ne_star	south	2023
2022-09-01	A/Dakar/21/2022_EPI2115834	0.009329	10.202134000000004	8.16399799999999	2.0235938242140428	0.011601947527797552	8.00598955476633	2023-02-01	ep_star-ne_star	south	2023
2022-09-01	A/Darwin/2067/2022_EPI2110930	0.008701	9.029891000000001	9.727968999999986	2.0235938242140428	0.010820939590456265	7.313794175589842	2023-02-01	ep_star-ne_star	south	2023
2022-09-01	A/Darwin/2100/2022_EPI2101280	0.008294	8.047865	8.730144999999993	1.5480662911776397	0.00846077719224739	6.33543626902044	2023-02-01	ep_star-ne_star	south	2023
2022-09-01	A/Darwin/2435/2022_EPI2128621	0.014449000000000002	8.047865	8.730144999999993	1.5480662911776397	0.014739543001058905	6.33543626902044	2023-02-01	ep_star-ne_star	south	2023
2022-09-01	A/Delaware/06/2022_EPI1993283	3.9e-05	9.862236	10.497320999999989	1.5480662911776397	3.978421877232316e-05	8.121830767780358	2023-02-01	ep_star-ne_star	south	2023
2022-09-01	A/Denmark/2287/2022_EPI2060949	0.001294	8.047865	8.730144999999993	1.5480662911776397	0.001320019976702209	6.33543626902044	2023-02-01	ep_star-ne_star	south	2023
2022-09-01	A/Denmark/2476/2022_EPI2061469	0.002048	8.047865	8.730144999999993	1.5480662911776397	0.00208918153963379	6.33543626902044	2023-02-01	ep_star-ne_star	south	2023
2022-09-01	A/Denmark/2715/2022_EPI2072783	0.002539	9.034305000000002	9.727249999999987	2.0235938242140428	0.0031576101160979723	7.313803629499341	2023-02-01	ep_star-ne_star	south	2023
2022-09-01	A/Denmark/2826/2022_EPI2073104	0.004035	9.034518000000002	9.729930999999986	2.0235938242140428	0.005018100361738999	7.31886099228655	2023-02-01	ep_star-ne_star	south	2023
2022-09-01	A/Denmark/2859/2022_EPI2072957	0.002048	8.911854000000002	9.729151999999987	2.0235938242140428	0.002546981298845469	7.274971667472053	2023-02-01	ep_star-ne_star	south	2023
2022-09-01	A/Denmark/2959/2022_EPI2089578	0.008095	24.34438000000001	24.25023499999996	-17.829572889190814	2.572541228508081e-06	23.997295789496974	2023-02-01	ep_star-ne_star	south	2023
2022-09-01	A/Denmark/2962/2022_EPI2089437	0.008908	8.047865	8.730144999999993	1.5480662911776397	0.009087123610868067	6.33543626902044	2023-02-01	ep_star-ne_star	south	2023
2022-09-01	A/Denmark/30/2022_EPI1972924	1.1e-05	10.939652999999998	11.71278199999997	2.9746488902868493	2.0332353043431564e-05	9.300864522992446	2023-02-01	ep_star-ne_star	south	2023
2022-09-01	A/Denmark/70/2022_EPI1990788	5.5e-05	9.047648	9.730127999999986	-8.140753299006587	9.902812323894983e-07	7.335432625099243	2023-02-01	ep_star-ne_star	south	2023
2022-09-01	A/Denmark/85/2022_EPI1990694	7.7e-05	8.047865	8.730144999999993	1.5480662911776397	7.854832937099701e-05	6.33543626902044	2023-02-01	ep_star-ne_star	south	2023
2022-09-01	A/District_Of_Columbia/05/2022_EPI2004347	9.1e-05	11.982695000000005	12.178087999999986	-7.189698232933781	2.4352099203485727e-06	10.373868298220494	2023-02-01	ep_star-ne_star	south	2023
2022-09-01	A/District_Of_Columbia/09/2022_EPI2007778	0.000173	9.862236	10.497320999999989	1.5480662911776397	0.0001764787140413309	8.121830767780358	2023-02-01	ep_star-ne_star	south	2023
2022-09-01	A/Dundgobi/61039/2022_EPI2120908	0.002629	8.047865	8.730144999999993	1.5480662911776397	0.00268186438852404	6.33543626902044	2023-02-01	ep_star-ne_star	south	2023
2022-09-01	A/Dundgobi/62325/2022_EPI2112069	0.0034409999999999996	8.047865	8.730144999999993	1.5480662911776397	0.003510192225527281	6.33543626902044	2023-02-01	ep_star-ne_star	south	2023
2022-09-01	A/Dundgobi/62325/2022_EPI2120924	0.0034409999999999996	8.047865	8.730144999999993	1.5480662911776397	0.003510192225527281	6.33543626902044	2023-02-01	ep_star-ne_star	south	2023
2022-09-01	A/El_Salvador/9418/2022_EPI2082343	0.0033299999999999996	9.028888	8.06028899999999	1.5480662911776397	0.003396960218252207	6.97244618265432	2023-02-01	ep_star-ne_star	south	2023
2022-09-01	A/England/220700291/2022_EPI1995740	8.2e-05	8.047865	8.730144999999993	1.5480662911776397	8.364887023924355e-05	6.33543626902044	2023-02-01	ep_star-ne_star	south	2023
2022-09-01	A/England/220820513/2022_EPI2073712	0.000164	8.460948000000002	8.896263999999995	-8.140753299006587	2.952838583852322e-06	6.754599849672459	2023-02-01	ep_star-ne_star	south	2023
2022-09-01	A/England/220840994/2022_EPI2073776	0.00014	8.047865	8.730144999999993	1.5480662911776397	0.0001428151443109036	6.33543626902044	2023-02-01	ep_star-ne_star	south	2023
2022-09-01	A/England/220900375/2022_EPI2133710	0.000182	12.072489	11.058907999999986	2.0235938242140428	0.0002263430646434939	10.757109635898804	2023-02-01	ep_star-ne_star	south	2023
2022-09-01	A/England/220940424/2022_EPI2133750	0.00020099999999999998	10.728883000000005	9.377341999999985	2.0235938242140428	0.00024997228567770474	8.68016213773177	2023-02-01	ep_star-ne_star	south	2023
2022-09-01	A/England/221160513/2022_EPI2074356	0.00041900000000000005	8.047865	8.730144999999993	1.5480662911776397	0.0004274253247590616	6.33543626902044	2023-02-01	ep_star-ne_star	south	2023
2022-09-01	A/England/221180873/2022_EPI2074486	0.000505	9.034789000000002	9.719167999999986	2.0235938242140428	0.0006280398222250792	7.31853052541113	2023-02-01	ep_star-ne_star	south	2023
2022-09-01	A/England/222200507/2022_EPI2132332	0.0055969999999999995	12.452919999999997	12.041176999999971	2.4991213572504463	0.008485954274130729	10.770754285956905	2023-02-01	ep_star-ne_star	south	2023
2022-09-01	A/England/222320484/2022_EPI2132406	0.008908	8.047865	8.730144999999993	1.5480662911776397	0.009087123610868067	6.33543626902044	2023-02-01	ep_star-ne_star	south	2023
2022-09-01	A/Fiji/169/2022_EPI2084291	0.000505	10.859219	11.490652999999979	2.0235938242140428	0.0006280398222250792	9.118359340149864	2023-02-01	ep_star-ne_star	south	2023
2022-09-01	A/Fiji/25/2022_EPI2131425	0.00014	9.028888	8.06028899999999	1.5480662911776397	0.0001428151443109036	6.97244618265432	2023-02-01	ep_star-ne_star	south	2023
2022-09-01	A/Fiji/26/2022_EPI2131428	0.00014	9.028888	8.06028899999999	1.5480662911776397	0.0001428151443109036	6.97244618265432	2023-02-01	ep_star-ne_star	south	2023
2022-09-01	A/Fiji/27/2022_EPI2131431	0.00014	9.980333000000002	10.72339199999999	2.4991213572504463	0.00021226256894377383	8.266223281667724	2023-02-01	ep_star-ne_star	south	2023
2022-09-01	A/Fiji/28/2022_EPI2131434	0.000173	10.859219	11.490652999999979	2.0235938242140428	0.00021515027573255186	9.118359340149864	2023-02-01	ep_star-ne_star	south	2023
2022-09-01	A/Fiji/29/2022_EPI2131437	0.000173	11.858743999999998	12.481575999999992	-7.665225765970184	3.7974454029834264e-06	10.118348801598701	2023-02-01	ep_star-ne_star	south	2023
2022-09-01	A/Fiji/31/2022_EPI2131443	0.000164	9.980333000000002	10.72339199999999	2.4991213572504463	0.00024865043790556364	8.266223281667724	2023-02-01	ep_star-ne_star	south	2023
2022-09-01	A/Fiji/4/2022_EPI2005244	5.5e-05	10.021587000000002	9.06027199999998	2.0235938242140428	6.840037667797891e-05	7.9633899727821555	2023-02-01	ep_star-ne_star	south	2023
2022-09-01	A/Fiji/40/2022_EPI2005252	0.00011899999999999999	9.028888	8.06028899999999	1.5480662911776397	0.00012139287266426807	6.97244618265432	2023-02-01	ep_star-ne_star	south	2023
2022-09-01	A/Fiji/52/2022_EPI2022664	0.00014	10.859219	11.490652999999979	2.0235938242140428	0.0001741100497257645	9.118359340149864	2023-02-01	ep_star-ne_star	south	2023
2022-09-01	A/Fiji/97/2022_EPI2131461	0.00019099999999999998	9.028888	8.06028899999999	1.5480662911776397	0.0001948406611670185	6.97244618265432	2023-02-01	ep_star-ne_star	south	2023
2022-09-01	A/Florida/02/2022_EPI1992805	1.6e-05	9.862236	10.497320999999989	1.5480662911776397	1.6321730778388986e-05	8.121830767780358	2023-02-01	ep_star-ne_star	south	2023
2022-09-01	A/Florida/19/2022_EPI2065506	2.5e-05	9.862236	10.497320999999989	1.5480662911776397	2.5502704341232793e-05	8.121830767780358	2023-02-01	ep_star-ne_star	south	2023
2022-09-01	A/Florida/58/2022_EPI2097099	0.008701	8.811282000000002	9.513275999999985	2.0235938242140428	0.010820939590456265	7.15517226068346	2023-02-01	ep_star-ne_star	south	2023
2022-09-01	A/Fujian-Xiangcheng/1337/2022_EPI2105632	0.001637	16.14311700000001	15.173660999999974	1.5480662911776397	0.001669917080263923	15.306632098275637	2023-02-01	ep_star-ne_star	south	2023
2022-09-01	A/Fujian-xiangcheng/1290/2022_EPI2076422	0.000505	16.14311700000001	15.173660999999974	1.5480662911776397	0.0005151546276929024	15.306632098275637	2023-02-01	ep_star-ne_star	south	2023
2022-09-01	A/Georgia/132/2022_EPI2047007	2.4e-05	9.047798	9.730127999999986	1.5480662911776397	2.448259616758348e-05	7.335387303828107	2023-02-01	ep_star-ne_star	south	2023
2022-09-01	A/Georgia/161/2022_EPI2023771	3.4e-05	9.047648	9.730127999999986	-8.140753299006587	6.121738527498718e-07	7.335432625099243	2023-02-01	ep_star-ne_star	south	2023
2022-09-01	A/Germany/13240/2022_EPI2174453	0.007704000000000001	8.047865	8.730144999999993	1.5480662911776397	0.007858913369794298	6.33543626902044	2023-02-01	ep_star-ne_star	south	2023
2022-09-01	A/Germany/13243/2022_EPI2174469	0.011335	11.690260000000004	10.905089999999984	-7.665225765970184	0.0002488095008255326	9.79296360238855	2023-02-01	ep_star-ne_star	south	2023
2022-09-01	A/Germany/13362/2022_EPI2133176	0.019639	8.968694000000001	9.709874999999986	2.0235938242140428	0.024423909046887782	7.237026245682984	2023-02-01	ep_star-ne_star	south	2023
2022-09-01	A/Germany/13364/2022_EPI2133192	0.019854	8.968694000000001	9.709874999999986	2.0235938242140428	0.02469129233753806	7.237026245682984	2023-02-01	ep_star-ne_star	south	2023
2022-09-01	A/Germany/13370/2022_EPI2133235	0.020065	8.047865	8.730144999999993	1.5480662911776397	0.020468470504273435	6.33543626902044	2023-02-01	ep_star-ne_star	south	2023
2022-09-01	A/Germany/13382/2022_EPI2133330	0.013718000000000001	8.485827999999996	8.466898999999984	-8.140753299006587	0.00024699414447125706	6.731972456956968	2023-02-01	ep_star-ne_star	south	2023
2022-09-01	A/Ghana/195/2022_EPI2047017	1.7e-05	12.150788999999993	10.163489999999983	2.4991213572504463	2.5774740514601106e-05	9.97708039110593	2023-02-01	ep_star-ne_star	south	2023
2022-09-01	A/Guangdong-Huiyang/31/2022_EPI2125314	0.008908	16.173840000000006	15.178736999999977	-8.140753299006587	0.00016038954942046638	15.361754259241904	2023-02-01	ep_star-ne_star	south	2023
2022-09-01	A/Guangdong-Liwan/1448/2022_EPI2125251	0.010424	18.00097399999998	17.168088999999966	2.0235938242140428	0.012963736845295493	17.207357661220435	2023-02-01	ep_star-ne_star	south	2023
2022-09-01	A/Guangdong-Maonan/1383/2022_EPI2125653	0.004035	17.239519000000005	16.236894999999965	1.5480662911776397	0.004116136480674973	16.376614821915993	2023-02-01	ep_star-ne_star	south	2023
2022-09-01	A/Guangdong-Zhongshan/1301/2022_EPI2125599	0.001147	17.051958000000013	16.16502199999996	2.0235938242140428	0.001426458764538942	16.271100445116367	2023-02-01	ep_star-ne_star	south	2023
2022-09-01	A/Guangdong-chikan/1219/2022_EPI2125449	0.000482	16.14311700000001	15.173660999999974	1.5480662911776397	0.0004916921396989683	15.306632098275637	2023-02-01	ep_star-ne_star	south	2023
2022-09-01	A/Guangxi-Bamayaozuzizhi/31/2022_EPI2125437	0.006775	18.008290999999982	17.16811899999997	2.0235938242140428	0.008425682763514675	17.216462576446922	2023-02-01	ep_star-ne_star	south	2023
2022-09-01	A/Guangxi-Jinchengjiang/1403/2022_EPI2125401	0.007324	16.14311700000001	15.173660999999974	1.5480662911776397	0.007471272263807558	15.306632098275637	2023-02-01	ep_star-ne_star	south	2023
2022-09-01	A/Guizhou-Liuzhite/324/2022_EPI2125545	0.000553	16.14311700000001	15.173660999999974	1.5480662911776397	0.0005641198200280693	15.306632098275637	2023-02-01	ep_star-ne_star	south	2023
2022-09-01	A/Guizhou-Liuzhite/325/2022_EPI2125548	0.000553	16.14311700000001	15.173660999999974	1.5480662911776397	0.0005641198200280693	15.306632098275637	2023-02-01	ep_star-ne_star	south	2023
2022-09-01	A/Guizhou-Liuzhite/326/2022_EPI2125218	0.000553	18.485437999999984	17.431687999999973	-17.354045356154412	2.1424968810405957e-07	17.540726233900106	2023-02-01	ep_star-ne_star	south	2023
2022-09-01	A/Guizhou-Liuzhite/327/2022_EPI2125551	0.000553	16.14311700000001	15.173660999999974	1.5480662911776397	0.0005641198200280693	15.306632098275637	2023-02-01	ep_star-ne_star	south	2023
2022-09-01	A/Guizhou-Liuzhite/328/2022_EPI2125554	0.000553	16.14311700000001	15.173660999999974	1.5480662911776397	0.0005641198200280693	15.306632098275637	2023-02-01	ep_star-ne_star	south	2023
2022-09-01	A/Guizhou-Liuzhite/343/2022_EPI2125572	0.001057	16.22518	15.221010999999976	1.5480662911776397	0.0010782543395473224	15.376106079726606	2023-02-01	ep_star-ne_star	south	2023
2022-09-01	A/Guizhou-congjiang/313/2022_EPI2125461	0.001243	16.14311700000001	15.173660999999974	1.5480662911776397	0.0012679944598460943	15.306632098275637	2023-02-01	ep_star-ne_star	south	2023
2022-09-01	A/Guizhou-jinping/322/2022_EPI2125470	0.001402	16.14311700000001	15.173660999999974	1.5480662911776397	0.001430191659456335	15.306632098275637	2023-02-01	ep_star-ne_star	south	2023
2022-09-01	A/Guizhou-kaili/1361/2022_EPI2125488	0.001515	17.14006800000001	16.173643999999964	-8.140753299006587	2.727774667400164e-05	16.306577542782303	2023-02-01	ep_star-ne_star	south	2023
2022-09-01	A/Guizhou-liuzhite/317/2022_EPI2125530	0.000553	16.14311700000001	15.173660999999974	1.5480662911776397	0.0005641198200280693	15.306632098275637	2023-02-01	ep_star-ne_star	south	2023
2022-09-01	A/Guizhou-liuzhite/320/2022_EPI2125536	0.000553	16.14311700000001	15.173660999999974	1.5480662911776397	0.0005641198200280693	15.306632098275637	2023-02-01	ep_star-ne_star	south	2023
2022-09-01	A/Guizhou-liuzhite/321/2022_EPI2125539	0.000553	16.14311700000001	15.173660999999974	1.5480662911776397	0.0005641198200280693	15.306632098275637	2023-02-01	ep_star-ne_star	south	2023
2022-09-01	A/Guizhou-xinyi/1756/2022_EPI2125509	0.001194	16.14311700000001	15.173660999999974	1.5480662911776397	0.0012180091593372781	15.306632098275637	2023-02-01	ep_star-ne_star	south	2023
2022-09-01	A/Guizhou-xinyi/1759/2022_EPI2125512	0.001243	16.14311700000001	15.173660999999974	1.5480662911776397	0.0012679944598460943	15.306632098275637	2023-02-01	ep_star-ne_star	south	2023
2022-09-01	A/Guizhou-xinyi/1766/2022_EPI2125515	0.001515	17.14006800000001	16.173643999999964	2.0235938242140428	0.0018841194666752376	16.3028638593423	2023-02-01	ep_star-ne_star	south	2023
2022-09-01	A/Guyane/160/2022_EPI2107153	6.500000000000001e-05	10.833825000000006	9.897537999999981	2.0235938242140428	8.083680880124781e-05	8.810331241283189	2023-02-01	ep_star-ne_star	south	2023
2022-09-01	A/Guyane/248/2022_EPI2107177	0.00014	9.894489000000002	9.01391599999998	1.5480662911776397	0.0001428151443109036	7.884384467255326	2023-02-01	ep_star-ne_star	south	2023
2022-09-01	A/Guyane/293/2022_EPI2107121	0.00019099999999999998	9.894489000000002	9.01391599999998	1.5480662911776397	0.0001948406611670185	7.884384467255326	2023-02-01	ep_star-ne_star	south	2023
2022-09-01	A/Guyane/330/2022_EPI2107193	0.00034700000000000003	9.894489000000002	9.01391599999998	1.5480662911776397	0.0003539775362563112	7.884384467255326	2023-02-01	ep_star-ne_star	south	2023
2022-09-01	A/Hawaii/25/2022_EPI2127976	0.016643	9.389707999999997	8.951967999999983	2.0235938242140428	0.02069795398275642	7.55736056846585	2023-02-01	ep_star-ne_star	south	2023
2022-09-01	A/Hunan-Yuhua/11022/2022_EPI2125428	0.007324	16.14311700000001	15.173660999999974	1.5480662911776397	0.007471272263807558	15.306632098275637	2023-02-01	ep_star-ne_star	south	2023
2022-09-01	A/Hunan-yanfeng/1246/2022_EPI2125575	0.000933	16.14311700000001	15.173660999999974	1.5480662911776397	0.0009517609260148079	15.306632098275637	2023-02-01	ep_star-ne_star	south	2023
2022-09-01	A/Hunan-yuhua/1610/2022_EPI2125590	0.000857	17.051958000000013	16.16502199999996	2.0235938242140428	0.001065802232964144	16.271100445116367	2023-02-01	ep_star-ne_star	south	2023
2022-09-01	A/Iceland/31438/2022_EPI2061670	0.001147	8.047865	8.730144999999993	1.5480662911776397	0.0011700640751757605	6.33543626902044	2023-02-01	ep_star-ne_star	south	2023
2022-09-01	A/Idaho/03/2022_EPI2007331	0.00011899999999999999	10.861979	11.497265999999977	2.0235938242140428	0.00014799354226689983	9.12153478069583	2023-02-01	ep_star-ne_star	south	2023
2022-09-01	A/Idaho/12975/2022_EPI2173329	0.002048	9.389707999999997	8.951967999999983	2.0235938242140428	0.002546981298845469	7.55736056846585	2023-02-01	ep_star-ne_star	south	2023
2022-09-01	A/Ile_de_France/08440/2022_EPI2012815	5.5e-05	23.648279999999996	23.34127999999998	-7.189698232933781	1.4718301716392474e-06	23.111776382841516	2023-02-01	ep_star-ne_star	south	2023
2022-09-01	A/Illinois/05/2022_EPI2007754	0.000164	8.860125000000002	9.082206999999993	2.0235938242140428	0.00020395748682160985	7.144500748384919	2023-02-01	ep_star-ne_star	south	2023
2022-09-01	A/Indiana/06/2022_EPI2066563	0.00041900000000000005	10.893632000000006	10.002736999999984	-8.140753299006587	7.544142479476361e-06	8.884369378970362	2023-02-01	ep_star-ne_star	south	2023
2022-09-01	A/Israel/R-350/2021_EPI1973557	1.1e-05	8.047865	8.730144999999993	1.5480662911776397	1.1221189910142428e-05	6.33543626902044	2023-02-01	ep_star-ne_star	south	2023
2022-09-01	A/Israel/R-724/2022_EPI1973541	1.6e-05	10.751653000000005	9.377607999999984	2.0235938242140428	1.9898291397230227e-05	8.70449581983533	2023-02-01	ep_star-ne_star	south	2023
2022-09-01	A/Karaganda_region/353/2022_EPI2044680	1.9e-05	13.527136000000006	13.358253999999992	2.9746488902868493	3.511951889319998e-05	11.845753427718469	2023-02-01	ep_star-ne_star	south	2023
2022-09-01	A/Karaganda_region/354/2022_EPI2044681	1.9e-05	13.446976000000005	13.357813999999994	2.9746488902868493	3.511951889319998e-05	11.830242904923198	2023-02-01	ep_star-ne_star	south	2023
2022-09-01	A/Karaganda_region/356/2021_EPI2044690	1.9e-05	11.074477000000002	10.060132999999984	1.5480662911776397	1.9382055299336923e-05	9.75991767083658	2023-02-01	ep_star-ne_star	south	2023
2022-09-01	A/Khovd/60222/2022_EPI2120932	0.001975	8.047865	8.730144999999993	1.5480662911776397	0.002014713642957391	6.33543626902044	2023-02-01	ep_star-ne_star	south	2023
2022-09-01	A/Khovd/60222/2022_EPI2120936	0.001975	8.047865	8.730144999999993	1.5480662911776397	0.002014713642957391	6.33543626902044	2023-02-01	ep_star-ne_star	south	2023
2022-09-01	A/Kosova/954/2022_EPI2023678	1.4999999999999999e-05	8.047865	8.730144999999993	1.5480662911776397	1.5301622604739674e-05	6.33543626902044	2023-02-01	ep_star-ne_star	south	2023
2022-09-01	A/Lisboa/164/2022_EPI2058425	0.00038199999999999996	9.622537	8.883985999999984	-8.140753299006587	6.8779532867779695e-06	7.566344309517104	2023-02-01	ep_star-ne_star	south	2023
2022-09-01	A/Lisboa/317/2022_EPI2115937	0.000787	11.136692	9.163506999999996	2.4991213572504463	0.0011932188697053572	8.985645712706374	2023-02-01	ep_star-ne_star	south	2023
2022-09-01	A/Lithuania/36696/2022_EPI2061682	0.003554	11.566167000000004	11.380818999999992	2.0235938242140428	0.004419907976609765	9.855560402455685	2023-02-01	ep_star-ne_star	south	2023
2022-09-01	A/Louisiana/01/2022_EPI2066627	0.000691	10.860835	11.497303999999977	2.0235938242140428	0.0008593574597178806	9.120112052860927	2023-02-01	ep_star-ne_star	south	2023
2022-09-01	A/Madagascar/2728/2022_EPI2136154	0.000182	13.724641000000009	13.100496999999988	2.4991213572504463	0.000275941339626906	12.380239396904004	2023-02-01	ep_star-ne_star	south	2023
2022-09-01	A/Madagascar/2829/2022_EPI2136146	0.000164	12.725023999999998	12.113208999999982	2.0235938242140428	0.00020395748682160985	11.380791279583262	2023-02-01	ep_star-ne_star	south	2023
2022-09-01	A/Madagascar/3322/2022_EPI2136186	0.0006320000000000001	8.510822	8.184706999999994	1.5480662911776397	0.0006447083657463651	6.70522450998371	2023-02-01	ep_star-ne_star	south	2023
2022-09-01	A/Malaysia/RP0612/2022_EPI2128780	1.6e-05	8.894377	8.147666999999986	-8.140753299006587	2.8808181305876316e-07	7.2483707527068635	2023-02-01	ep_star-ne_star	south	2023
2022-09-01	A/Malaysia/RP0614/2022_EPI2128783	1.6e-05	7.897868999999998	7.147683999999994	1.5480662911776397	1.6321730778388986e-05	6.248372662022708	2023-02-01	ep_star-ne_star	south	2023
2022-09-01	A/Malaysia/RP0616/2022_EPI2119037	1.6e-05	10.878440000000001	10.141993999999988	2.9746488902868493	2.957433169953682e-05	9.222558249854677	2023-02-01	ep_star-ne_star	south	2023
2022-09-01	A/Malaysia/RP0636/2022_EPI2128543	1.1e-05	7.897868999999998	7.147683999999994	1.5480662911776397	1.1221189910142428e-05	6.248372662022708	2023-02-01	ep_star-ne_star	south	2023
2022-09-01	A/Malaysia/RP0643/2022_EPI2119045	1.1e-05	8.897827999999999	8.147666999999986	-8.140753299006587	1.9805624647789967e-07	7.2483722659102146	2023-02-01	ep_star-ne_star	south	2023
2022-09-01	A/Malaysia/RP0678/2022_EPI2119013	3.9e-05	9.852570000000004	9.119148999999993	-7.665225765970184	8.560715070309458e-07	8.233098080723632	2023-02-01	ep_star-ne_star	south	2023
2022-09-01	A/Malaysia/RP0683/2022_EPI2128567	3.9e-05	10.779607	10.105370999999986	-7.189698232933781	1.0436613944351026e-06	9.208382172063658	2023-02-01	ep_star-ne_star	south	2023
2022-09-01	A/Maryland/12982/2022_EPI2172483	0.001637	12.642114999999986	11.250903999999991	-7.189698232933781	4.380701801769905e-05	10.664475990751935	2023-02-01	ep_star-ne_star	south	2023
2022-09-01	A/Mato_Grosso_do_Sul/IAL/C9767/2022_EPI2136026	0.010648999999999999	9.894489000000002	9.01391599999998	1.5480662911776397	0.010863131941191517	7.884384467255326	2023-02-01	ep_star-ne_star	south	2023
2022-09-01	A/Mauritius/32312/2022_EPI2134753	0.005136	10.728883000000005	9.377341999999985	2.0235938242140428	0.006387351538510904	8.68016213773177	2023-02-01	ep_star-ne_star	south	2023
2022-09-01	A/Michigan/33/2022_EPI2096788	0.004162	9.862236	10.497320999999989	1.5480662911776397	0.004245690218728435	8.121830767780358	2023-02-01	ep_star-ne_star	south	2023
2022-09-01	A/Michigan/UOM10045079174/2022_EPI2102838	0.001975	10.213147999999997	7.057108999999996	2.4991213572504463	0.0029944183833139526	8.778030746291257	2023-02-01	ep_star-ne_star	south	2023
2022-09-01	A/Michigan/UOM10045468130/2022_EPI2095311	0.004294	10.213147999999997	7.057108999999996	2.4991213572504463	0.0065103962217468924	8.778030746291257	2023-02-01	ep_star-ne_star	south	2023
2022-09-01	A/Michigan/UOM10045573029/2022_EPI2095039	0.005287	10.213147999999997	7.057108999999996	2.4991213572504463	0.008015944300040946	8.778030746291257	2023-02-01	ep_star-ne_star	south	2023
2022-09-01	A/Missouri/10/2022_EPI2006648	9.6e-05	9.862236	10.497320999999989	1.5480662911776397	9.793038467033392e-05	8.121830767780358	2023-02-01	ep_star-ne_star	south	2023
2022-09-01	A/Moldova/20035/2022_EPI2100859	0.000331	11.074477000000002	10.060132999999984	1.5480662911776397	0.0003376558054779222	9.75991767083658	2023-02-01	ep_star-ne_star	south	2023
2022-09-01	A/Morocco/325/2022_EPI2050509	5.5e-05	12.024790999999999	12.720305999999995	2.0235938242140428	6.840037667797891e-05	10.332852637700167	2023-02-01	ep_star-ne_star	south	2023
2022-09-01	A/Netherlands/00033/2022_EPI1984337	3.2e-05	11.017748	11.730059999999972	2.0235938242140428	3.979658279446045e-05	9.324070029334727	2023-02-01	ep_star-ne_star	south	2023
2022-09-01	A/Netherlands/00038/2022_EPI1984348	3.9e-05	11.092034	7.824369999999989	2.9746488902868493	7.2087433517621e-05	9.630166804773395	2023-02-01	ep_star-ne_star	south	2023
2022-09-01	A/Netherlands/00281/2022_EPI2005555	0.000272	8.047865	8.730144999999993	1.5480662911776397	0.00027746942323261277	6.33543626902044	2023-02-01	ep_star-ne_star	south	2023
2022-09-01	A/Netherlands/01005/2022_EPI2044781	0.0034409999999999996	11.092034	7.824369999999989	2.9746488902868493	0.006360329711131637	9.630166804773395	2023-02-01	ep_star-ne_star	south	2023
2022-09-01	A/Netherlands/10084/2022_EPI1987980	0.00011899999999999999	9.466850999999995	7.797042999999988	1.5480662911776397	0.00012139287266426807	7.368982370590838	2023-02-01	ep_star-ne_star	south	2023
2022-09-01	A/Netherlands/10087/2022_EPI1988004	0.00011899999999999999	10.213147999999997	7.057108999999996	2.4991213572504463	0.00018042318360220777	8.778030746291257	2023-02-01	ep_star-ne_star	south	2023
2022-09-01	A/Netherlands/10426/2022_EPI1998977	0.000482	8.047865	8.730144999999993	1.5480662911776397	0.0004916921396989683	6.33543626902044	2023-02-01	ep_star-ne_star	south	2023
2022-09-01	A/Netherlands/10449/2022_EPI2002617	0.000364	8.047865	8.730144999999993	1.5480662911776397	0.00037131937520834947	6.33543626902044	2023-02-01	ep_star-ne_star	south	2023
2022-09-01	A/Netherlands/10941/2022_EPI2024556	0.001515	11.092034	7.824369999999989	2.9746488902868493	0.0028003195327998926	9.630166804773395	2023-02-01	ep_star-ne_star	south	2023
2022-09-01	A/Nevada/27/2022_EPI2096820	0.008701	9.894489000000002	9.01391599999998	1.5480662911776397	0.008875961218922661	7.884384467255326	2023-02-01	ep_star-ne_star	south	2023
2022-09-01	A/Nevada/30/2022_EPI2106588	0.013475	9.862236	10.497320999999989	1.5480662911776397	0.013745957639924476	8.121830767780358	2023-02-01	ep_star-ne_star	south	2023
2022-09-01	A/New_Caledonia/21/2022_EPI2114485	0.000691	9.028888	8.06028899999999	1.5480662911776397	0.0007048947479916743	6.97244618265432	2023-02-01	ep_star-ne_star	south	2023
2022-09-01	A/New_Caledonia/22/2022_EPI2113534	0.000691	9.028888	8.06028899999999	1.5480662911776397	0.0007048947479916743	6.97244618265432	2023-02-01	ep_star-ne_star	south	2023
2022-09-01	A/New_Caledonia/55/2022_EPI2073348	0.001147	9.028888	8.06028899999999	1.5480662911776397	0.0011700640751757605	6.97244618265432	2023-02-01	ep_star-ne_star	south	2023
2022-09-01	A/New_Jersey/02/2022_EPI1992837	1.8e-05	10.862181	11.497303999999977	2.0235938242140428	2.238557782188401e-05	9.12178599662472	2023-02-01	ep_star-ne_star	south	2023
2022-09-01	A/New_York/PV42675/2021_EPI2055852	9.1e-05	9.028888	8.06028899999999	1.5480662911776397	9.282984380208737e-05	6.97244618265432	2023-02-01	ep_star-ne_star	south	2023
2022-09-01	A/New_York/PV42724/2022_EPI2057584	0.00045999999999999996	10.025921	9.06027199999998	2.0235938242140428	0.000572075877670369	7.968779922464379	2023-02-01	ep_star-ne_star	south	2023
2022-09-01	A/Niger/10289/2022_EPI2066209	1.8e-05	10.202134000000004	8.16399799999999	2.0235938242140428	2.238557782188401e-05	8.00598955476633	2023-02-01	ep_star-ne_star	south	2023
2022-09-01	A/Niger/10322/2022_EPI1993711	1.1e-05	10.202134000000004	8.16399799999999	2.0235938242140428	1.3680075335595783e-05	8.00598955476633	2023-02-01	ep_star-ne_star	south	2023
2022-09-01	A/Nordrhein-Westfalen/1/2022_EPI1997317	2.8999999999999997e-05	8.047865	8.730144999999993	1.5480662911776397	2.9583137035830035e-05	6.33543626902044	2023-02-01	ep_star-ne_star	south	2023
2022-09-01	A/North_Dakota/12602/2022_EPI2166376	1.2e-05	9.862236	10.497320999999989	1.5480662911776397	1.224129808379174e-05	8.121830767780358	2023-02-01	ep_star-ne_star	south	2023
2022-09-01	A/North_Dakota/12620/2022_EPI2166480	4.1e-05	9.862236	10.497320999999989	1.5480662911776397	4.1824435119621775e-05	8.121830767780358	2023-02-01	ep_star-ne_star	south	2023
2022-09-01	A/Nosy_Be/03654/2022_EPI2134687	0.001637	8.510822	8.184706999999994	1.5480662911776397	0.001669917080263923	6.70522450998371	2023-02-01	ep_star-ne_star	south	2023
2022-09-01	A/Oklahoma/12623/2022_EPI2166504	2.4e-05	9.862236	10.497320999999989	1.5480662911776397	2.448259616758348e-05	8.121830767780358	2023-02-01	ep_star-ne_star	south	2023
2022-09-01	A/Orkhon/2187/2022_EPI2120943	3.4e-05	11.042285999999999	11.72767799999997	2.9746488902868493	6.284545486151575e-05	9.327090542219898	2023-02-01	ep_star-ne_star	south	2023
2022-09-01	A/Parana/10637/2022_EPI2042454	0.002816	10.888838000000005	10.013898999999983	2.0235938242140428	0.0035020992859125205	8.877380268683497	2023-02-01	ep_star-ne_star	south	2023
2022-09-01	A/Parana/10640/2022_EPI2042478	0.003222	9.894489000000002	9.01391599999998	1.5480662911776397	0.0032867885354980818	7.884384467255326	2023-02-01	ep_star-ne_star	south	2023
2022-09-01	A/Parana/2859/2022_EPI1986824	1.8e-05	9.894489000000002	9.01391599999998	1.5480662911776397	1.836194712568761e-05	7.884384467255326	2023-02-01	ep_star-ne_star	south	2023
2022-09-01	A/Pennsylvania/04/2022_EPI1992601	1e-05	10.775357	11.48956899999998	2.0235938242140428	1.2436432123268894e-05	9.091266577832029	2023-02-01	ep_star-ne_star	south	2023
2022-09-01	A/Pennsylvania/11/2022_EPI1992625	2e-05	11.862029	12.480544999999989	-7.665225765970184	4.3901102924663893e-07	10.12182740928115	2023-02-01	ep_star-ne_star	south	2023
2022-09-01	A/Pennsylvania/15/2022_EPI2004402	7.3e-05	9.862236	10.497320999999989	1.5480662911776397	7.446789667639975e-05	8.121830767780358	2023-02-01	ep_star-ne_star	south	2023
2022-09-01	A/Perth/104/2022_EPI2111473	0.010201	10.272032000000008	10.893857999999986	-7.189698232933781	0.00027298435601621747	8.581573636969656	2023-02-01	ep_star-ne_star	south	2023
2022-09-01	A/Perth/3/2022_EPI2079555	0.000787	9.028888	8.06028899999999	1.5480662911776397	0.0008028251326620083	6.97244618265432	2023-02-01	ep_star-ne_star	south	2023
2022-09-01	A/Piura/FPP04516/2022_H3N2_EPI2052909	0.000173	9.894489000000002	9.01391599999998	1.5480662911776397	0.0001764787140413309	7.884384467255326	2023-02-01	ep_star-ne_star	south	2023
2022-09-01	A/Piura/FPP04518/2022_H3N2_EPI2052917	0.000182	9.894489000000002	9.01391599999998	1.5480662911776397	0.00018565968760417474	7.884384467255326	2023-02-01	ep_star-ne_star	south	2023
2022-09-01	A/Piura/FPP04523/2022_H3N2_EPI2052933	0.000234	9.894489000000002	9.01391599999998	1.5480662911776397	0.00023870531263393892	7.884384467255326	2023-02-01	ep_star-ne_star	south	2023
2022-09-01	A/Qatar/10-VI-22-1447658/2022_EPI2092207	0.001637	26.25091500000001	26.246126999999955	-17.354045356154412	6.342255685829033e-07	25.96675307943909	2023-02-01	ep_star-ne_star	south	2023
2022-09-01	A/Qatar/10-VI-22-1507146/2022_EPI2092214	0.002816	24.34438000000001	24.25023499999996	-17.829572889190814	8.949074860381414e-07	23.997295789496974	2023-02-01	ep_star-ne_star	south	2023
2022-09-01	A/Qatar/10-VI-22-1562643/2022_EPI2091939	0.0047020000000000005	12.08479800000001	8.859278999999988	-6.714170699897378	0.00015340065473652258	10.774305816797746	2023-02-01	ep_star-ne_star	south	2023
2022-09-01	A/Qatar/10-VI-22-1571444/2022_EPI2091960	0.004988	8.047865	8.730144999999993	1.5480662911776397	0.005088299570162766	6.33543626902044	2023-02-01	ep_star-ne_star	south	2023
2022-09-01	A/Qatar/10-VI-22-1619238/2022_EPI2091950	0.007139	11.524263999999997	8.353558999999985	2.9746488902868493	0.013195697125187087	9.25263649309748	2023-02-01	ep_star-ne_star	south	2023
2022-09-01	A/Rhode_Island/18/2022_EPI2038021	0.000691	10.750303000000004	9.377607999999984	2.0235938242140428	0.0008593574597178806	8.70281690149869	2023-02-01	ep_star-ne_star	south	2023
2022-09-01	A/Rhode_Island/37/2022_EPI2106222	0.012273000000000001	11.188583000000001	8.05704199999999	2.9746488902868493	0.022685360809275967	9.732660024672708	2023-02-01	ep_star-ne_star	south	2023
2022-09-01	A/Romania/515274/2022_EPI2115775	0.001766	8.047865	8.730144999999993	1.5480662911776397	0.0018015110346646843	6.33543626902044	2023-02-01	ep_star-ne_star	south	2023
2022-09-01	A/Santa_Catarina/16/2022_EPI2086248	1.2e-05	9.894489000000002	9.01391599999998	1.5480662911776397	1.224129808379174e-05	7.884384467255326	2023-02-01	ep_star-ne_star	south	2023
2022-09-01	A/Santa_Catarina/9862/2022_EPI2088229	0.002629	10.881142000000006	10.013701999999983	2.0235938242140428	0.003269538005207392	8.86780919052143	2023-02-01	ep_star-ne_star	south	2023
2022-09-01	A/Sao_Paulo/IAL/C8663/2022_EPI1967145	1e-05	10.807610000000006	9.985754999999985	-8.140753299006587	1.8005113316172697e-07	8.853844790068967	2023-02-01	ep_star-ne_star	south	2023
2022-09-01	A/Sao_Paulo/IAL/C8784/2022_EPI1983854	1.1e-05	11.810972999999999	10.84582999999999	-8.140753299006587	1.9805624647789967e-07	9.868785538199026	2023-02-01	ep_star-ne_star	south	2023
2022-09-01	A/Sao_Paulo/IAL/C9024/2022_EPI1997123	9.1e-05	10.894288000000007	9.984887999999986	2.0235938242140428	0.00011317153232174695	8.884158124190678	2023-02-01	ep_star-ne_star	south	2023
2022-09-01	A/Selenge/217/2022_EPI2112077	0.000754	8.047865	8.730144999999993	1.5480662911776397	0.000769161562931581	6.33543626902044	2023-02-01	ep_star-ne_star	south	2023
2022-09-01	A/Selenge/217/2022_EPI2120951	0.000754	8.047865	8.730144999999993	1.5480662911776397	0.000769161562931581	6.33543626902044	2023-02-01	ep_star-ne_star	south	2023
2022-09-01	A/Singapore/GP0280/2022_EPI2084720	0.000164	11.176754	9.768594999999989	2.4991213572504463	0.00024865043790556364	9.092635306443194	2023-02-01	ep_star-ne_star	south	2023
2022-09-01	A/Singapore/GP0313/2022_EPI2085240	0.00019099999999999998	11.176754	9.768594999999989	2.4991213572504463	0.0002895867904875772	9.092635306443194	2023-02-01	ep_star-ne_star	south	2023
2022-09-01	A/Singapore/GP0324/2022_EPI2085728	0.000234	11.176754	9.768594999999989	2.4991213572504463	0.00035478172237745053	9.092635306443194	2023-02-01	ep_star-ne_star	south	2023
2022-09-01	A/Singapore/GP0325/2022_EPI2085736	0.000234	11.176754	9.768594999999989	2.4991213572504463	0.00035478172237745053	9.092635306443194	2023-02-01	ep_star-ne_star	south	2023
2022-09-01	A/Singapore/GP0636/2022_EPI2084736	0.002203	8.047865	8.730144999999993	1.5480662911776397	0.0022472983065494334	6.33543626902044	2023-02-01	ep_star-ne_star	south	2023
2022-09-01	A/Singapore/GP1845/2022_EPI2085008	0.006252000000000001	8.047865	8.730144999999993	1.5480662911776397	0.006377716301655497	6.33543626902044	2023-02-01	ep_star-ne_star	south	2023
2022-09-01	A/Singapore/KK0002/2022_EPI2085464	0.00011899999999999999	11.176754	9.768594999999989	2.4991213572504463	0.00018042318360220777	9.092635306443194	2023-02-01	ep_star-ne_star	south	2023
2022-09-01	A/Singapore/KK0003/2022_EPI2085472	0.00011899999999999999	11.176754	9.768594999999989	2.4991213572504463	0.00018042318360220777	9.092635306443194	2023-02-01	ep_star-ne_star	south	2023
2022-09-01	A/Singapore/KK0009/2022_EPI2085520	0.00019099999999999998	11.176754	9.768594999999989	2.4991213572504463	0.0002895867904875772	9.092635306443194	2023-02-01	ep_star-ne_star	south	2023
2022-09-01	A/Singapore/KK0010/2022_EPI2085528	0.000182	11.176754	9.768594999999989	2.4991213572504463	0.000275941339626906	9.092635306443194	2023-02-01	ep_star-ne_star	south	2023
2022-09-01	A/Singapore/KK0012/2022_EPI2085536	0.000234	11.176754	9.768594999999989	2.4991213572504463	0.00035478172237745053	9.092635306443194	2023-02-01	ep_star-ne_star	south	2023
2022-09-01	A/Singapore/KK0016/2022_EPI2085552	0.000331	11.176754	9.768594999999989	2.4991213572504463	0.0005018493594313511	9.092635306443194	2023-02-01	ep_star-ne_star	south	2023
2022-09-01	A/Singapore/KK0020/2022_EPI2085752	0.000331	11.176754	9.768594999999989	2.4991213572504463	0.0005018493594313511	9.092635306443194	2023-02-01	ep_star-ne_star	south	2023
2022-09-01	A/Singapore/KK0021/2022_EPI2085664	0.000364	11.176754	9.768594999999989	2.4991213572504463	0.000551882679253812	9.092635306443194	2023-02-01	ep_star-ne_star	south	2023
2022-09-01	A/Singapore/KK0023/2022_EPI2085344	0.00038199999999999996	12.131403999999993	10.768103999999985	2.9746488902868493	0.0007060871693264416	10.074527014797948	2023-02-01	ep_star-ne_star	south	2023
2022-09-01	A/Singapore/KK0027/2022_EPI2085360	0.00045999999999999996	11.176754	9.768594999999989	2.4991213572504463	0.000697434155100971	9.092635306443194	2023-02-01	ep_star-ne_star	south	2023
2022-09-01	A/Singapore/KK0029/2022_EPI2085376	0.000553	11.176754	9.768594999999989	2.4991213572504463	0.0008384371473279067	9.092635306443194	2023-02-01	ep_star-ne_star	south	2023
2022-09-01	A/Singapore/KK0032/2022_EPI2084656	0.001515	10.258677999999998	8.768611999999985	2.0235938242140428	0.0018841194666752376	8.213191430218867	2023-02-01	ep_star-ne_star	south	2023
2022-09-01	A/Singapore/KK0033/2022_EPI2084712	0.002539	8.047865	8.730144999999993	1.5480662911776397	0.0025900546528956022	6.33543626902044	2023-02-01	ep_star-ne_star	south	2023
2022-09-01	A/Singapore/SAR24821/2022_EPI2085088	8.6e-05	11.176754	9.768594999999989	2.4991213572504463	0.0001303898637797468	9.092635306443194	2023-02-01	ep_star-ne_star	south	2023
2022-09-01	A/Singapore/SAR28935/2022_EPI2085136	0.00011899999999999999	11.176754	9.768594999999989	2.4991213572504463	0.00018042318360220777	9.092635306443194	2023-02-01	ep_star-ne_star	south	2023
2022-09-01	A/Singapore/SAR28937/2022_EPI2085152	0.00011899999999999999	11.176754	9.768594999999989	2.4991213572504463	0.00018042318360220777	9.092635306443194	2023-02-01	ep_star-ne_star	south	2023
2022-09-01	A/Singapore/SAR29617/2022_EPI2085176	0.000126	11.176754	9.768594999999989	2.4991213572504463	0.00019103631204939645	9.092635306443194	2023-02-01	ep_star-ne_star	south	2023
2022-09-01	A/Singapore/SAR29620/2022_EPI2085200	0.000126	11.176754	9.768594999999989	2.4991213572504463	0.00019103631204939645	9.092635306443194	2023-02-01	ep_star-ne_star	south	2023
2022-09-01	A/Singapore/SAR34120/2022_EPI2085328	0.0003	11.176754	9.768594999999989	2.4991213572504463	0.00045484836202237247	9.092635306443194	2023-02-01	ep_star-ne_star	south	2023
2022-09-01	A/Singapore/SAR36111/2022_EPI2085432	0.000553	11.176754	9.768594999999989	2.4991213572504463	0.0008384371473279067	9.092635306443194	2023-02-01	ep_star-ne_star	south	2023
2022-09-01	A/Singapore/SAR36112/2022_EPI2085440	0.000553	11.176754	9.768594999999989	2.4991213572504463	0.0008384371473279067	9.092635306443194	2023-02-01	ep_star-ne_star	south	2023
2022-09-01	A/Singapore/SAR36281/2022_EPI2084840	0.0005780000000000001	11.176754	9.768594999999989	2.4991213572504463	0.0008763411774964378	9.092635306443194	2023-02-01	ep_star-ne_star	south	2023
2022-09-01	A/Singapore/SAR36426/2022_EPI2084784	0.0006320000000000001	11.176754	9.768594999999989	2.4991213572504463	0.0009582138826604649	9.092635306443194	2023-02-01	ep_star-ne_star	south	2023
2022-09-01	A/Singapore/SAR36579/2022_EPI2084688	0.000661	11.176754	9.768594999999989	2.4991213572504463	0.0010021825576559608	9.092635306443194	2023-02-01	ep_star-ne_star	south	2023
2022-09-01	A/Singapore/SAR36807/2022_EPI2085712	0.000721	11.176754	9.768594999999989	2.4991213572504463	0.0010931522300604353	9.092635306443194	2023-02-01	ep_star-ne_star	south	2023
2022-09-01	A/Singapore/SAR3741/2022_EPI2085032	2.5e-05	11.176754	9.768594999999989	2.4991213572504463	3.7904030168531046e-05	9.092635306443194	2023-02-01	ep_star-ne_star	south	2023
2022-09-01	A/Singapore/SAR38387/2022_EPI2084808	0.001975	11.176754	9.768594999999989	2.4991213572504463	0.0029944183833139526	9.092635306443194	2023-02-01	ep_star-ne_star	south	2023
2022-09-01	A/Singapore/SAR38586/2022_EPI2084816	0.002124	11.176754	9.768594999999989	2.4991213572504463	0.0032203264031183975	9.092635306443194	2023-02-01	ep_star-ne_star	south	2023
2022-09-01	A/Singapore/SAR38698/2022_EPI2084824	0.002203	11.176754	9.768594999999989	2.4991213572504463	0.0033401031384509556	9.092635306443194	2023-02-01	ep_star-ne_star	south	2023
2022-09-01	A/Singapore/SAR39009/2022_EPI2084872	0.002539	11.176754	9.768594999999989	2.4991213572504463	0.0038495333039160126	9.092635306443194	2023-02-01	ep_star-ne_star	south	2023
2022-09-01	A/Singapore/SAR39024/2022_EPI2084880	0.002539	12.128236999999991	10.763041999999986	-7.189698232933781	6.79450328325827e-05	10.077229757835475	2023-02-01	ep_star-ne_star	south	2023
2022-09-01	A/Singapore/SAR39241/2022_EPI2084912	0.002721	11.176754	9.768594999999989	2.4991213572504463	0.004125474643542918	9.092635306443194	2023-02-01	ep_star-ne_star	south	2023
2022-09-01	A/Singapore/SAR39561/2022_EPI2084920	0.0034409999999999996	11.176754	9.768594999999989	2.4991213572504463	0.005217110712396612	9.092635306443194	2023-02-01	ep_star-ne_star	south	2023
2022-09-01	A/Singapore/SAR40233/2022_EPI2084928	0.004563	11.176754	9.768594999999989	2.4991213572504463	0.006918243586360287	9.092635306443194	2023-02-01	ep_star-ne_star	south	2023
2022-09-01	A/Singapore/SAR40868/2022_EPI2085024	0.006252000000000001	12.164230999999992	10.768577999999986	2.4991213572504463	0.009479039864546245	10.073677226714095	2023-02-01	ep_star-ne_star	south	2023
2022-09-01	A/Singapore/TT0015/2022_EPI2084960	0.0034409999999999996	13.088160999999989	11.739472999999977	3.4501764233232524	0.007754060870929913	10.94999409736915	2023-02-01	ep_star-ne_star	south	2023
2022-09-01	A/South_Australia/112/2022_EPI2102200	0.007898	8.047865	8.730144999999993	1.5480662911776397	0.008056814355482264	6.33543626902044	2023-02-01	ep_star-ne_star	south	2023
2022-09-01	A/South_Australia/135/2022_EPI2128714	0.010424	8.047865	8.730144999999993	1.5480662911776397	0.010633607602120424	6.33543626902044	2023-02-01	ep_star-ne_star	south	2023
2022-09-01	A/South_Australia/14/2022_EPI2073216	0.002048	8.047865	8.730144999999993	1.5480662911776397	0.00208918153963379	6.33543626902044	2023-02-01	ep_star-ne_star	south	2023
2022-09-01	A/South_Australia/16/2022_EPI2044377	0.002048	8.047865	8.730144999999993	1.5480662911776397	0.00208918153963379	6.33543626902044	2023-02-01	ep_star-ne_star	south	2023
2022-09-01	A/South_Australia/66/2022_EPI2101968	0.004988	10.003024	10.726914999999988	2.4991213572504463	0.0075626120992253135	8.267362535509546	2023-02-01	ep_star-ne_star	south	2023
2022-09-01	A/South_Australia/8/2022_EPI2044384	0.002283	8.047865	8.730144999999993	1.5480662911776397	0.0023289069604413787	6.33543626902044	2023-02-01	ep_star-ne_star	south	2023
2022-09-01	A/South_Dakota/18/2022_EPI2040063	0.000661	10.275319000000001	10.663439999999996	-8.140753299006587	1.1901379901990154e-05	8.54099434843237	2023-02-01	ep_star-ne_star	south	2023
2022-09-01	A/Sri_Lanka/1/2022_EPI1985626	1.2e-05	11.672489999999998	10.357337999999986	2.0235938242140428	1.4923718547922673e-05	9.606095745643572	2023-02-01	ep_star-ne_star	south	2023
2022-09-01	A/Sri_Lanka/2/2022_EPI1985628	1.8e-05	10.907719000000004	9.82753299999998	2.0235938242140428	2.238557782188401e-05	8.824537469980802	2023-02-01	ep_star-ne_star	south	2023
2022-09-01	A/Sri_Lanka/5/2022_EPI1985630	2.4e-05	10.907707000000004	9.82154099999998	2.0235938242140428	2.9847437095845345e-05	8.824522546262255	2023-02-01	ep_star-ne_star	south	2023
2022-09-01	A/Sukhbaatar/52637/2022_EPI2120959	0.000482	8.047865	8.730144999999993	1.5480662911776397	0.0004916921396989683	6.33543626902044	2023-02-01	ep_star-ne_star	south	2023
2022-09-01	A/Sweden/3/2022_EPI2045699	0.001515	8.956557000000002	9.729179999999985	2.0235938242140428	0.0018841194666752376	7.2985114874473185	2023-02-01	ep_star-ne_star	south	2023
2022-09-01	A/Switzerland/11727/2022_EPI2068608	8.2e-05	11.555971000000003	11.379556999999993	2.0235938242140428	0.00010197874341080493	9.845414867883735	2023-02-01	ep_star-ne_star	south	2023
2022-09-01	A/Switzerland/43079/2022_EPI2121179	0.0008939999999999	8.047865	8.730144999999993	1.5480662911776397	0.0009119767072423826	6.33543626902044	2023-02-01	ep_star-ne_star	south	2023
2022-09-01	A/Sydney/667/2022_EPI2111038	0.006252000000000001	8.047865	8.730144999999993	1.5480662911776397	0.006377716301655497	6.33543626902044	2023-02-01	ep_star-ne_star	south	2023
2022-09-01	A/Sydney/684/2022_EPI2111086	0.005756	9.022474	9.729809999999988	2.0235938242140428	0.007158410330153575	7.301154237884704	2023-02-01	ep_star-ne_star	south	2023
2022-09-01	A/Texas/12706/2022_EPI2041467	0.0003	10.849635	11.46980999999998	2.0235938242140428	0.0003730929636980668	9.12051918509433	2023-02-01	ep_star-ne_star	south	2023
2022-09-01	A/Texas/12716/2022_EPI2041541	0.000439	9.862236	10.497320999999989	1.5480662911776397	0.00044782748823204776	8.121830767780358	2023-02-01	ep_star-ne_star	south	2023
2022-09-01	A/Texas/12811/2022_EPI2167176	0.000691	9.862236	10.497320999999989	1.5480662911776397	0.0007048947479916743	8.121830767780358	2023-02-01	ep_star-ne_star	south	2023
2022-09-01	A/Texas/12847/2022_EPI2170935	0.001147	10.859847	11.497303999999977	2.0235938242140428	0.001426458764538942	9.118837372175713	2023-02-01	ep_star-ne_star	south	2023
2022-09-01	A/Texas/12868/2022_EPI2172351	5.5e-05	11.987508000000002	11.026016999999987	2.0235938242140428	6.840037667797891e-05	10.729241552999127	2023-02-01	ep_star-ne_star	south	2023
2022-09-01	A/Texas/12873/2022_EPI2054863	0.000113	9.028888	8.06028899999999	1.5480662911776397	0.00011527222362237221	6.97244618265432	2023-02-01	ep_star-ne_star	south	2023
2022-09-01	A/Texas/12881/2022_EPI2172375	0.000133	10.849635	11.46980999999998	2.0235938242140428	0.0001654045472394763	9.12051918509433	2023-02-01	ep_star-ne_star	south	2023
2022-09-01	A/Texas/13035/2022_EPI2090425	0.001243	8.510822	8.184706999999994	1.5480662911776397	0.0012679944598460943	6.70522450998371	2023-02-01	ep_star-ne_star	south	2023
2022-09-01	A/Texas/13131/2022_EPI2172543	0.002048	9.962185	9.05979799999998	2.0235938242140428	0.002546981298845469	7.950748578165222	2023-02-01	ep_star-ne_star	south	2023
2022-09-01	A/Texas/13152/2022_EPI2174105	0.001194	9.862236	10.497320999999989	1.5480662911776397	0.0012180091593372781	8.121830767780358	2023-02-01	ep_star-ne_star	south	2023
2022-09-01	A/Texas/13276/2022_EPI2109338	0.002283	9.862236	10.497320999999989	1.5480662911776397	0.0023289069604413787	8.121830767780358	2023-02-01	ep_star-ne_star	south	2023
2022-09-01	A/Texas/13305/2022_EPI2174781	0.0039109999999999995	9.862236	10.497320999999989	1.5480662911776397	0.003989643067142458	8.121830767780358	2023-02-01	ep_star-ne_star	south	2023
2022-09-01	A/Texas/73/2022_EPI2127620	0.015428	10.323415000000004	9.916762999999987	2.4991213572504463	0.02339133509760388	8.470620214338028	2023-02-01	ep_star-ne_star	south	2023
2022-09-01	A/Timor-Leste/124/2022_EPI2113501	0.000721	11.456615	10.930497999999982	-6.714170699897378	2.352230371438383e-05	9.822719514131505	2023-02-01	ep_star-ne_star	south	2023
2022-09-01	A/Timor-Leste/14/2022_EPI2113599	6.500000000000001e-05	14.773950000000012	13.804940999999983	1.5480662911776397	6.630703128720528e-05	13.790437122620457	2023-02-01	ep_star-ne_star	south	2023
2022-09-01	A/Timor-Leste/146/2022_EPI2073384	0.000933	10.436372000000002	9.931776999999993	-7.189698232933781	2.4967591820716684e-05	8.781756209744893	2023-02-01	ep_star-ne_star	south	2023
2022-09-01	A/Timor-Leste/147/2022_EPI2113516	0.000691	11.456615	10.930497999999982	-6.714170699897378	2.2543567082717374e-05	9.822719514131505	2023-02-01	ep_star-ne_star	south	2023
2022-09-01	A/Timor-Leste/161/2022_EPI2113522	0.0008939999999999	11.456615	10.930497999999982	-6.714170699897378	2.916635162365713e-05	9.822719514131505	2023-02-01	ep_star-ne_star	south	2023
2022-09-01	A/Timor-Leste/2/2022_EPI2005169	1.6e-05	14.773950000000012	13.804940999999983	1.5480662911776397	1.6321730778388986e-05	13.790437122620457	2023-02-01	ep_star-ne_star	south	2023
2022-09-01	A/Timor-Leste/20/2022_EPI2113733	6.2e-05	14.773950000000012	13.804940999999983	1.5480662911776397	6.324670676625732e-05	13.790437122620457	2023-02-01	ep_star-ne_star	south	2023
2022-09-01	A/Timor-Leste/29/2022_EPI2059274	4.9e-05	14.773950000000012	13.804940999999983	1.5480662911776397	4.9985300508816267e-05	13.790437122620457	2023-02-01	ep_star-ne_star	south	2023
2022-09-01	A/Timor-Leste/44/2022_EPI2113611	3.9e-05	14.773950000000012	13.804940999999983	1.5480662911776397	3.978421877232316e-05	13.790437122620457	2023-02-01	ep_star-ne_star	south	2023
2022-09-01	A/Timor-Leste/47/2022_EPI2113753	3.9e-05	14.773950000000012	13.804940999999983	1.5480662911776397	3.978421877232316e-05	13.790437122620457	2023-02-01	ep_star-ne_star	south	2023
2022-09-01	A/Timor-Leste/5/2022_EPI2005129	2.7000000000000002e-05	14.773950000000012	13.804940999999983	1.5480662911776397	2.7542920688531417e-05	13.790437122620457	2023-02-01	ep_star-ne_star	south	2023
2022-09-01	A/Timor-Leste/6/2022_EPI2005137	2.5e-05	15.773869999999999	14.791305999999961	2.0235938242140428	3.109108030817223e-05	14.790363719269914	2023-02-01	ep_star-ne_star	south	2023
2022-09-01	A/Timor-Leste/60/2022_EPI2113617	0.000182	9.478743000000001	8.931793999999991	-7.665225765970184	3.995000366144415e-06	7.842071723020457	2023-02-01	ep_star-ne_star	south	2023
2022-09-01	A/Timor-Leste/7/2022_EPI2005121	2.5e-05	14.773950000000012	13.804940999999983	1.5480662911776397	2.5502704341232793e-05	13.790437122620457	2023-02-01	ep_star-ne_star	south	2023
2022-09-01	A/Timor-Leste/8/2022_EPI2005177	2.4e-05	15.686919	14.623611999999968	2.0235938242140428	2.9847437095845345e-05	14.759650106672524	2023-02-01	ep_star-ne_star	south	2023
2022-09-01	A/Togo/1056/2022_EPI2100808	0.002451	12.086465999999994	10.145450999999985	2.9746488902868493	0.004530417937222798	9.928542729262158	2023-02-01	ep_star-ne_star	south	2023
2022-09-01	A/Togo/1108/2022_EPI2098556	0.0033299999999999996	11.091420999999997	9.145467999999994	2.4991213572504463	0.0050488168184483345	8.937655114617638	2023-02-01	ep_star-ne_star	south	2023
2022-09-01	A/Togo/1119/2022_EPI2098562	0.0034409999999999996	12.184874999999995	10.163963999999984	-17.354045356154412	1.333152218383488e-06	10.005908402228059	2023-02-01	ep_star-ne_star	south	2023
2022-09-01	A/Togo/1122/2022_EPI2122091	0.0034409999999999996	11.191792	9.163980999999994	-7.665225765970184	7.553184758188421e-05	9.00583715791895	2023-02-01	ep_star-ne_star	south	2023
2022-09-01	A/Togo/1188/2022_EPI2098525	0.005287	11.091420999999997	9.145467999999994	2.4991213572504463	0.008015944300040946	8.937655114617638	2023-02-01	ep_star-ne_star	south	2023
2022-09-01	A/Togo/530/2022_EPI2115613	0.000331	11.091420999999997	9.145467999999994	2.4991213572504463	0.0005018493594313511	8.937655114617638	2023-02-01	ep_star-ne_star	south	2023
2022-09-01	A/Togo/659/2022_EPI2115640	0.000482	10.202134000000004	8.16399799999999	2.0235938242140428	0.0005994360283415606	8.00598955476633	2023-02-01	ep_star-ne_star	south	2023
2022-09-01	A/Togo/666/2022_EPI2115622	0.000528	11.091420999999997	9.145467999999994	2.4991213572504463	0.0008005331171593757	8.937655114617638	2023-02-01	ep_star-ne_star	south	2023
2022-09-01	A/Togo/744/2022_EPI2115626	0.000553	12.156463999999994	10.163190999999985	-7.189698232933781	1.479858336211825e-05	9.990660701890834	2023-02-01	ep_star-ne_star	south	2023
2022-09-01	A/Togo/852/2022_EPI2115657	0.001147	11.156019	9.163506999999996	2.0235938242140428	0.001426458764538942	8.987160891525884	2023-02-01	ep_star-ne_star	south	2023
2022-09-01	A/Togo/861/2022_EPI2115634	0.000857	10.202134000000004	8.16399799999999	2.0235938242140428	0.001065802232964144	8.00598955476633	2023-02-01	ep_star-ne_star	south	2023
2022-09-01	A/Togo/869/2022_EPI2115636	0.0008939999999999	13.044219	10.906683999999974	2.4991213572504463	0.0013554481188265185	10.834636902396399	2023-02-01	ep_star-ne_star	south	2023
2022-09-01	A/Togo/887/2022_EPI2115619	0.000973	10.202134000000004	8.16399799999999	2.0235938242140428	0.0012100648455940634	8.00598955476633	2023-02-01	ep_star-ne_star	south	2023
2022-09-01	A/Togo/890/2022_EPI2115671	0.001147	10.202134000000004	8.16399799999999	2.0235938242140428	0.001426458764538942	8.00598955476633	2023-02-01	ep_star-ne_star	south	2023
2022-09-01	A/Togo/908/2022_EPI2100829	0.001294	10.202134000000004	8.16399799999999	2.0235938242140428	0.001609274316750995	8.00598955476633	2023-02-01	ep_star-ne_star	south	2023
2022-09-01	A/Togo/993/2022_EPI2100810	0.0017	10.202134000000004	8.16399799999999	2.0235938242140428	0.002114193460955712	8.00598955476633	2023-02-01	ep_star-ne_star	south	2023
2022-09-01	A/Trujillo/TRU02567/2022_H3N2_EPI2053013	6.2e-05	9.894489000000002	9.01391599999998	1.5480662911776397	6.324670676625732e-05	7.884384467255326	2023-02-01	ep_star-ne_star	south	2023
2022-09-01	A/Tunisia/2056/2022_EPI2069144	1.6e-05	8.047865	8.730144999999993	1.5480662911776397	1.6321730778388986e-05	6.33543626902044	2023-02-01	ep_star-ne_star	south	2023
2022-09-01	A/Tunisia/4468/2022_EPI2069146	2e-05	9.0476	9.730127999999986	2.0235938242140428	2.4872864246537788e-05	7.335386443481036	2023-02-01	ep_star-ne_star	south	2023
2022-09-01	A/Tunisia/6177/2022_EPI2134296	3.4e-05	10.202134000000004	8.16399799999999	2.0235938242140428	4.2283869219114236e-05	8.00598955476633	2023-02-01	ep_star-ne_star	south	2023
2022-09-01	A/Tunisia/6181/2022_EPI2069149	3.4e-05	10.460596000000004	10.896229999999994	-17.354045356154412	1.3172675217971112e-08	8.754549997787699	2023-02-01	ep_star-ne_star	south	2023
2022-09-01	A/Tunisia/7459/2022_EPI2069151	4.6e-05	9.047754	9.730127999999986	2.0235938242140428	5.720758776703691e-05	7.335321853844908	2023-02-01	ep_star-ne_star	south	2023
2022-09-01	A/Tunisia/7467/2022_EPI2069153	4.4e-05	8.047865	8.730144999999993	1.5480662911776397	4.488475964056971e-05	6.33543626902044	2023-02-01	ep_star-ne_star	south	2023
2022-09-01	A/Tunisia/8259/2022_EPI2069160	6.9e-05	10.837448	11.558222999999975	-17.354045356154412	2.6732782060000196e-08	9.219059408496028	2023-02-01	ep_star-ne_star	south	2023
2022-09-01	A/Tunisia/8278/2022_EPI2069161	6.500000000000001e-05	12.751256999999988	11.377573999999994	2.9746488902868493	0.00012014572252936836	10.703814742082947	2023-02-01	ep_star-ne_star	south	2023
2022-09-01	A/Ukraine/348/2022_EPI2134701	3.4e-05	12.450861999999995	12.338263999999969	-7.665225765970184	7.463187497192862e-07	10.814621658430438	2023-02-01	ep_star-ne_star	south	2023
2022-09-01	A/Ulaanbaatar/57353/2022_EPI2120971	0.001243	10.042373000000001	10.72769499999999	2.4991213572504463	0.0018845883799793633	8.327216233129615	2023-02-01	ep_star-ne_star	south	2023
2022-09-01	A/Ulaanbaatar/60363/2022_EPI2120987	0.002283	8.047865	8.730144999999993	1.5480662911776397	0.0023289069604413787	6.33543626902044	2023-02-01	ep_star-ne_star	south	2023
2022-09-01	A/Ulaanbaatar/62175/2022_EPI2120995	0.003554	8.047865	8.730144999999993	1.5480662911776397	0.0036254644491496534	6.33543626902044	2023-02-01	ep_star-ne_star	south	2023
2022-09-01	A/United_Kingdom/13313/2022_EPI2109614	0.004427	10.728883000000005	9.377341999999985	2.0235938242140428	0.005505608500971139	8.68016213773177	2023-02-01	ep_star-ne_star	south	2023
2022-09-01	A/United_Kingdom/13400/2022_EPI2133452	0.017123	8.047865	8.730144999999993	1.5480662911776397	0.01746731225739716	6.33543626902044	2023-02-01	ep_star-ne_star	south	2023
2022-09-01	A/Uvs/61060/2022_EPI2121003	0.002629	8.047865	8.730144999999993	1.5480662911776397	0.00268186438852404	6.33543626902044	2023-02-01	ep_star-ne_star	south	2023
2022-09-01	A/Vermont/07/2022_EPI2015428	0.000182	9.862236	10.497320999999989	1.5480662911776397	0.00018565968760417474	8.121830767780358	2023-02-01	ep_star-ne_star	south	2023
2022-09-01	A/Victoria/101/2022_EPI2030595	0.001243	9.022474	9.729809999999988	2.0235938242140428	0.0015458485129223234	7.301154237884704	2023-02-01	ep_star-ne_star	south	2023
2022-09-01	A/Victoria/169/2022_EPI2079724	0.001194	9.028888	8.06028899999999	1.5480662911776397	0.0012180091593372781	6.97244618265432	2023-02-01	ep_star-ne_star	south	2023
2022-09-01	A/Victoria/2/2022_EPI2005145	1.2e-05	9.028888	8.06028899999999	1.5480662911776397	1.224129808379174e-05	6.97244618265432	2023-02-01	ep_star-ne_star	south	2023
2022-09-01	A/Victoria/20/2022_EPI2030666	0.000691	9.022474	9.729809999999988	2.0235938242140428	0.0008593574597178806	7.301154237884704	2023-02-01	ep_star-ne_star	south	2023
2022-09-01	A/Victoria/216/2022_EPI2113804	0.001243	8.047865	8.730144999999993	1.5480662911776397	0.0012679944598460943	6.33543626902044	2023-02-01	ep_star-ne_star	south	2023
2022-09-01	A/Victoria/23/2022_EPI2030674	0.000721	8.047865	8.730144999999993	1.5480662911776397	0.0007354979932011536	6.33543626902044	2023-02-01	ep_star-ne_star	south	2023
2022-09-01	A/Victoria/410/2022_EPI2044314	0.002124	8.047865	8.730144999999993	1.5480662911776397	0.002166709760831138	6.33543626902044	2023-02-01	ep_star-ne_star	south	2023
2022-09-01	A/Victoria/4382/2022_EPI2128585	0.016643	8.047865	8.730144999999993	1.5480662911776397	0.016977660334045495	6.33543626902044	2023-02-01	ep_star-ne_star	south	2023
2022-09-01	A/Victoria/532/2022_EPI2101721	0.002451	8.047865	8.730144999999993	1.5480662911776397	0.002500285133614463	6.33543626902044	2023-02-01	ep_star-ne_star	south	2023
2022-09-01	A/Victoria/6/2022_EPI2022656	0.000102	10.859219	11.490652999999979	2.0235938242140428	0.00012685160765734272	9.118359340149864	2023-02-01	ep_star-ne_star	south	2023
2022-09-01	A/Victoria/6/2022_EPI2059180	0.000102	10.859219	11.490652999999979	2.0235938242140428	0.00012685160765734272	9.118359340149864	2023-02-01	ep_star-ne_star	south	2023
2022-09-01	A/Victoria/67/2022_EPI2030319	0.000973	8.047865	8.730144999999993	1.5480662911776397	0.00099256525296078	6.33543626902044	2023-02-01	ep_star-ne_star	south	2023
2022-09-01	A/Victoria/693/2022_EPI2044284	0.002816	8.047865	8.730144999999993	1.5480662911776397	0.0028726246169964616	6.33543626902044	2023-02-01	ep_star-ne_star	south	2023
2022-09-01	A/Victoria/86/2022_EPI2030774	0.001147	8.047865	8.730144999999993	1.5480662911776397	0.0011700640751757605	6.33543626902044	2023-02-01	ep_star-ne_star	south	2023
2022-09-01	A/Washington/31/2022_EPI2106326	0.010424	8.510822	8.184706999999994	1.5480662911776397	0.010633607602120424	6.70522450998371	2023-02-01	ep_star-ne_star	south	2023
2022-09-01	A/West_Virginia/24/2022_EPI2134146	0.021445	58.01859499999994	60.44163099999989	-1.00784030346054	0.007541635822987978	59.93369020278764	2023-02-01	ep_star-ne_star	south	2023
2022-09-01	A/West_Virginia/26/2022_EPI2134162	0.021975	56.104413000000015	58.46436699999988	-1.00784030346054	0.007728022719056228	57.96385674607963	2023-02-01	ep_star-ne_star	south	2023
2022-09-01	A/Wisconsin/19/2022_EPI2040183	0.000661	9.862236	10.497320999999989	1.5480662911776397	0.000674291502782195	8.121830767780358	2023-02-01	ep_star-ne_star	south	2023
2022-09-01	A/Yunnan-Lushui/1975/2022_EPI2125593	0.000973	16.581080000000007	14.910414999999976	-8.140753299006587	1.7518975256636036e-05	15.703168286212176	2023-02-01	ep_star-ne_star	south	2023
2022-09-01	A/Yunnan-Qilin/1457/2022_EPI2125278	0.00998	17.00710600000001	16.172667999999963	2.0235938242140428	0.012411559259022355	16.24616749672726	2023-02-01	ep_star-ne_star	south	2023
2022-09-01	A/Zhejiang-Yongkang/1576/2022_EPI2125641	0.005756	24.80696599999999	24.40924399999995	-8.140753299006587	0.00010363743224789004	24.389312896837275	2023-02-01	ep_star-ne_star	south	2023
2022-09-01	Karaganda_region/358/2022_EPI2044689	1.9e-05	12.562929999999994	12.372821999999966	2.4991213572504463	2.8807062928083595e-05	10.851537647230856	2023-02-01	ep_star-ne_star	south	2023
2023-09-01	A/AICHI/129/2023_EPI2691077	0.005265	8.418272999999989	10.992660999999991	0.8657246088314394	0.0027463333369514603	8.84757439922943	2024-02-01	ep_star-ne_star	south	2024
2023-09-01	A/AICHI/140/2023_EPI2691093	0.007352	11.00339499999998	13.524714999999974	2.2412635828022567	0.006802561065836827	11.70839419760134	2024-02-01	ep_star-ne_star	south	2024
2023-09-01	A/AICHI/24/2023_EPI2527353	4.2e-05	9.080470999999974	9.313406999999978	-20.038512488635625	3.612903168871153e-09	9.507429387029985	2024-02-01	ep_star-ne_star	south	2024
2023-09-01	A/AKITA/22/2023_EPI2691101	0.0043170000000000005	11.241175999999982	13.949130999999989	2.2412635828022567	0.003994376512679215	11.70639646909614	2024-02-01	ep_star-ne_star	south	2024
2023-09-01	A/Abu_Dhabi/4513/2023_EPI2619498	0.0016469999999999	4.472604999999983	3.5113969999999943	0.8657246088314394	0.000859109402841174	4.901802666198962	2024-02-01	ep_star-ne_star	south	2024
2023-09-01	A/Abu_Dhabi/4626/2023_EPI2619484	0.001773	4.472604999999983	3.5113969999999943	0.8657246088314394	0.0009248336194520304	4.901802666198962	2024-02-01	ep_star-ne_star	south	2024
2023-09-01	A/Abu_Dhabi/5302/2023_EPI2619491	0.003075	6.457347999999979	5.505644999999988	-10.274163426887503	1.5465716102024123e-05	6.8990418002566205	2024-02-01	ep_star-ne_star	south	2024
2023-09-01	A/Abu_Dhabi/6753/2023_EPI2689865	0.007529000000000001	5.457526999999977	4.495687999999991	-10.274163426887503	3.786711431939501e-05	5.901726931970328	2024-02-01	ep_star-ne_star	south	2024
2023-09-01	A/Abu_Dhabi/6867/2023_EPI2689849	0.008447	5.449145999999977	4.51093599999999	2.2412635828022567	0.007815728145147399	5.876509818891374	2024-02-01	ep_star-ne_star	south	2024
2023-09-01	A/Abu_Dhabi/8006/2023_EPI2689896	0.015024000000000001	6.056848999999979	3.248262999999991	-10.274163426887503	7.556322559896275e-05	6.7525358341369435	2024-02-01	ep_star-ne_star	south	2024
2023-09-01	A/Andalucia/815/2023_EPI2519835	5e-05	11.285466999999985	13.969704999999987	2.2412635828022567	4.626333695482065e-05	11.743133374971183	2024-02-01	ep_star-ne_star	south	2024
2023-09-01	A/Aomori/USAFSAM-14147/2023_EPI2527138	0.000157	11.242289999999981	13.949130999999989	2.2412635828022567	0.00014526687803813681	11.707427216243492	2024-02-01	ep_star-ne_star	south	2024
2023-09-01	A/Bangkok/P1119/2023_EPI2588829	0.000417	11.284546999999984	13.969704999999987	2.2412635828022567	0.0003858362302032042	11.742282129571215	2024-02-01	ep_star-ne_star	south	2024
2023-09-01	A/Bangkok/P1567/2023_EPI2589068	0.001773	4.472604999999983	3.5113969999999943	0.8657246088314394	0.0009248336194520304	4.901802666198962	2024-02-01	ep_star-ne_star	south	2024
2023-09-01	A/Bangkok/P160/2023_EPI2312151	1.8e-05	6.62152299999998	6.33773499999999	-10.274163426887503	9.053102108501927e-08	7.030111327807893	2024-02-01	ep_star-ne_star	south	2024
2023-09-01	A/Bangkok/P2741/2023_EPI2713213	0.015635	6.8645219999999805	5.061662999999991	4.992341530743891	0.04551860997480309	6.665110747777429	2024-02-01	ep_star-ne_star	south	2024
2023-09-01	A/Bangkok/P2761/2023_EPI2713221	0.016034	5.440516999999977	4.51122599999999	2.2412635828022567	0.014835726894671884	5.872131212409622	2024-02-01	ep_star-ne_star	south	2024
2023-09-01	A/Bangkok/P623/2023_EPI2534000	9.300000000000001e-05	11.284546999999984	13.969704999999987	2.2412635828022567	8.60498067359664e-05	11.742282129571215	2024-02-01	ep_star-ne_star	south	2024
2023-09-01	A/Bangkok/P747/2023_EPI2534168	0.000135	7.1804069999999856	5.305425999999987	-8.898624452916685	1.204400035507454e-06	7.779777270359612	2024-02-01	ep_star-ne_star	south	2024
2023-09-01	A/Bhutan/0001/2023_EPI2571532	0.0003	9.617610999999982	10.107178999999984	-10.274163426887503	1.5088503514169876e-06	10.026149933265124	2024-02-01	ep_star-ne_star	south	2024
2023-09-01	A/Bhutan/0007/2023_EPI2571508	0.0003	9.617610999999982	10.107178999999984	-10.274163426887503	1.5088503514169876e-06	10.026149933265124	2024-02-01	ep_star-ne_star	south	2024
2023-09-01	A/Bhutan/0013/2023_EPI2677179	0.0043170000000000005	4.472604999999983	3.5113969999999943	0.8657246088314394	0.0022518368500701724	4.901802666198962	2024-02-01	ep_star-ne_star	south	2024
2023-09-01	A/Bhutan/01/2023_EPI2677289	0.00902	4.472604999999983	3.5113969999999943	0.8657246088314394	0.004705019316106776	4.901802666198962	2024-02-01	ep_star-ne_star	south	2024
2023-09-01	A/Bhutan/0489/2023_EPI2677249	0.0012619999999999999	4.472604999999983	3.5113969999999943	0.8657246088314394	0.0006582854076415466	4.901802666198962	2024-02-01	ep_star-ne_star	south	2024
2023-09-01	A/Bhutan/1288/2023_EPI2677273	0.001034	4.472604999999983	3.5113969999999943	0.8657246088314394	0.0005393558728219961	4.901802666198962	2024-02-01	ep_star-ne_star	south	2024
2023-09-01	A/Bhutan/1300/2023_EPI2677305	0.001166	4.472604999999983	3.5113969999999943	0.8657246088314394	0.0006082098140333149	4.901802666198962	2024-02-01	ep_star-ne_star	south	2024
2023-09-01	A/Bhutan/1303/2023_EPI2677257	0.001166	5.4702529999999765	4.51139399999999	2.2412635828022567	0.0010788610177864175	5.899644944163393	2024-02-01	ep_star-ne_star	south	2024
2023-09-01	A/Bhutan/1365/2023_EPI2571562	1.9e-05	7.271308999999983	5.384331999999988	-7.523085478945868	3.0067870397044594e-07	7.8331761321826745	2024-02-01	ep_star-ne_star	south	2024
2023-09-01	A/Bhutan/2115/2023_EPI2571569	7.5e-05	5.472434999999976	4.51139399999999	2.2412635828022567	6.939500543223097e-05	5.901663876188102	2024-02-01	ep_star-ne_star	south	2024
2023-09-01	A/Bolivia/1548/2023_EPI2571728	0.001838	9.414576999999978	11.992657999999977	0.8657246088314394	0.0009587389692909372	9.845656921290853	2024-02-01	ep_star-ne_star	south	2024
2023-09-01	A/Brisbane/265/2023_EPI2642949	0.002121	12.249457999999974	14.936507999999984	4.992341530743891	0.00617492623962631	12.5377430373543	2024-02-01	ep_star-ne_star	south	2024
2023-09-01	A/Brisbane/265/2023_EPI2718678	0.002121	12.249457999999974	14.936507999999984	4.992341530743891	0.00617492623962631	12.5377430373543	2024-02-01	ep_star-ne_star	south	2024
2023-09-01	A/Brunei/7/2023_EPI2611477	0.000807	5.452469999999977	4.474026999999991	-10.274163426887503	4.058807445311697e-06	5.901630050879188	2024-02-01	ep_star-ne_star	south	2024
2023-09-01	A/Burgos/4014/2023_EPI2639530	0.000346	11.01732299999998	13.532478999999975	2.2412635828022567	0.0003201422917273589	11.721359027923752	2024-02-01	ep_star-ne_star	south	2024
2023-09-01	A/California/68/2023_EPI2689844	0.012081	7.8352429999999735	6.052746999999993	-6.14754650497505	0.0003391282981823099	7.663607804876297	2024-02-01	ep_star-ne_star	south	2024
2023-09-01	A/California/74/2023_EPI2716268	0.016425	5.404962999999976	4.41150999999999	-10.274163426887503	8.260955674008007e-05	5.901462561270755	2024-02-01	ep_star-ne_star	south	2024
2023-09-01	A/Cameroon/1742/2023_EPI2721528	0.00011499999999999999	6.005287999999983	6.219036999999989	0.8657246088314394	5.998638817652762e-05	6.420540628947592	2024-02-01	ep_star-ne_star	south	2024
2023-09-01	A/Cameroon/541/2023_EPI2721524	1.4999999999999999e-05	6.986780999999983	7.210015999999987	-10.274163426887503	7.544251757084939e-08	7.420405350996275	2024-02-01	ep_star-ne_star	south	2024
2023-09-01	A/Canberra/30/2023_EPI2542171	0.000213	11.249383999999981	13.949130999999989	2.2412635828022567	0.00019708181542753592	11.713991058490643	2024-02-01	ep_star-ne_star	south	2024
2023-09-01	A/Cantabria/1221/2023_EPI2576780	6.3e-05	11.239270999999983	13.949130999999989	-7.523085478945868	9.969872815862153e-07	11.712554841677777	2024-02-01	ep_star-ne_star	south	2024
2023-09-01	A/Catalonia/NSAV198271299/2023_EPI2538675	0.001076	11.265760999999983	13.969546999999984	2.2412635828022567	0.0009955870112677402	11.724900068610548	2024-02-01	ep_star-ne_star	south	2024
2023-09-01	A/Catalonia/NSVH170119328/2023_EPI2426419	6.7e-05	12.142138999999982	14.926100999999978	3.616802556773074	0.00010996483601516402	12.501553760528962	2024-02-01	ep_star-ne_star	south	2024
2023-09-01	A/Ceara/2023-005474-IEC/2023_EPI2561220	0.0001419999999999	9.734230999999976	11.99794099999998	3.616802556773074	0.00023305980170361631	10.164498073801713	2024-02-01	ep_star-ne_star	south	2024
2023-09-01	A/Chanthaburi/P203/2023_EPI2474726	1.8e-05	6.357790999999979	5.404619999999988	2.2412635828022567	1.665480130373543e-05	6.800352146403009	2024-02-01	ep_star-ne_star	south	2024
2023-09-01	A/Chiang_Rai/P2513/2023_EPI2681777	0.012293	5.445474999999976	4.511331999999991	2.2412635828022567	0.011374304023712204	5.871705866813108	2024-02-01	ep_star-ne_star	south	2024
2023-09-01	A/China/22QD022/2023_EPI3360996	0.000437	5.186237999999976	4.424191999999992	2.2412635828022567	0.0004043415649851324	5.41922813781877	2024-02-01	ep_star-ne_star	south	2024
2023-09-01	A/Chungbuk/669/2023_EPI2404521	1.2e-05	4.472604999999983	3.5113969999999943	0.8657246088314394	6.25944920102897e-06	4.901802666198962	2024-02-01	ep_star-ne_star	south	2024
2023-09-01	A/Chungbuk/736/2023_EPI2454895	6.3e-05	5.468694999999976	4.49054799999999	2.2412635828022567	5.8291804563074016e-05	5.901138935074827	2024-02-01	ep_star-ne_star	south	2024
2023-09-01	A/Chungbuk/793/2023_EPI2470490	0.000273	10.285586999999973	12.969707999999969	0.8657246088314394	0.00014240246932340907	10.743225901645102	2024-02-01	ep_star-ne_star	south	2024
2023-09-01	A/Chungbuk/817/2023_EPI2498298	0.000523	7.372263999999981	6.358056999999989	-8.898624452916685	4.665934952373322e-06	7.838581742008422	2024-02-01	ep_star-ne_star	south	2024
2023-09-01	A/Chungbuk/817/2023_EPI2716064	0.000523	7.372263999999981	6.358056999999989	-8.898624452916685	4.665934952373322e-06	7.838581742008422	2024-02-01	ep_star-ne_star	south	2024
2023-09-01	A/Chungnam/792/2023_EPI2470479	0.000273	11.280680999999984	13.969328999999986	2.2412635828022567	0.00025259781977332075	11.73031973469115	2024-02-01	ep_star-ne_star	south	2024
2023-09-01	A/Colombia/0115/2023_EPI2645327	7.099999999999999e-05	9.40135599999998	11.968678999999979	0.8657246088314394	3.70350744394214e-05	9.832012823413944	2024-02-01	ep_star-ne_star	south	2024
2023-09-01	A/Colorado/45/2023_EPI2599560	0.0012619999999999999	12.984752999999968	15.49919199999998	4.992341530743891	0.003674095669216597	13.675429554786799	2024-02-01	ep_star-ne_star	south	2024
2023-09-01	A/Counties_Manukau/22/2023_EPI2718654	0.000149	4.472604999999983	3.5113969999999943	0.8657246088314394	7.77214942461097e-05	4.901802666198962	2024-02-01	ep_star-ne_star	south	2024
2023-09-01	A/Counties_Manukau/34/2023_EPI2622427	0.000273	4.472604999999983	3.5113969999999943	0.8657246088314394	0.00014240246932340907	4.901802666198962	2024-02-01	ep_star-ne_star	south	2024
2023-09-01	A/Counties_Manukau/61/2023_EPI2719720	0.000598	4.472604999999983	3.5113969999999943	0.8657246088314394	0.00031192921851794366	4.901802666198962	2024-02-01	ep_star-ne_star	south	2024
2023-09-01	A/Czech_Republic/592/2023_EPI2555249	3.2e-05	11.249745999999982	13.925735999999985	2.2412635828022567	2.9608535651085213e-05	11.714326005050196	2024-02-01	ep_star-ne_star	south	2024
2023-09-01	A/Daegu/760/2023_EPI2454898	0.0001419999999999	11.01781499999998	13.532562999999975	2.2412635828022567	0.0001313878769515981	11.72173654397911	2024-02-01	ep_star-ne_star	south	2024
2023-09-01	A/Darwin/10/2023_EPI2542197	5e-05	5.186237999999976	4.424191999999992	2.2412635828022567	4.626333695482065e-05	5.41922813781877	2024-02-01	ep_star-ne_star	south	2024
2023-09-01	A/Darwin/35/2023_EPI2542182	0.00020299999999999997	5.457309999999977	4.51139399999999	2.2412635828022567	0.0001878291480365718	5.887792923369012	2024-02-01	ep_star-ne_star	south	2024
2023-09-01	A/Delaware/49/2023_EPI2607193	0.002121	5.464221999999976	4.49990199999999	2.2412635828022567	0.0019624907536234916	5.896894389966523	2024-02-01	ep_star-ne_star	south	2024
2023-09-01	A/Delaware/50/2023_EPI2619406	0.003075	4.472604999999983	3.5113969999999943	0.8657246088314394	0.0016039838577636737	4.901802666198962	2024-02-01	ep_star-ne_star	south	2024
2023-09-01	A/Delaware/50/2023_EPI2619413	0.003075	4.472604999999983	3.5113969999999943	0.8657246088314394	0.0016039838577636737	4.901802666198962	2024-02-01	ep_star-ne_star	south	2024
2023-09-01	A/Denmark/1195/2023_EPI2574631	0.001076	12.012585999999972	14.51605999999998	3.616802556773074	0.0017660024410793502	12.712983844445988	2024-02-01	ep_star-ne_star	south	2024
2023-09-01	A/Denmark/1415/2023_EPI2649159	0.003385	5.385812999999976	4.404720999999992	0.8657246088314394	0.001765686295456922	5.846285106811582	2024-02-01	ep_star-ne_star	south	2024
2023-09-01	A/Denmark/1442/2023_EPI2649106	0.003176	11.002823999999979	13.532562999999975	2.2412635828022567	0.0029386471633702075	11.70798957690306	2024-02-01	ep_star-ne_star	south	2024
2023-09-01	A/Denmark/1455/2023_EPI2648363	0.003949	10.73175199999998	13.445360999999973	2.2412635828022567	0.003653878352691735	11.239424791352826	2024-02-01	ep_star-ne_star	south	2024
2023-09-01	A/Denmark/1463/2023_EPI2649197	0.0041909999999999	11.002823999999979	13.532562999999975	2.2412635828022567	0.0038777929035529735	11.70798957690306	2024-02-01	ep_star-ne_star	south	2024
2023-09-01	A/Ecuador/5051/2023_EPI2369548	1.4000000000000001e-05	10.285586999999973	12.969707999999969	0.8657246088314394	7.302690734533799e-06	10.743225901645102	2024-02-01	ep_star-ne_star	south	2024
2023-09-01	A/El_Salvador/1108/2023_EPI2599489	0.003385	10.928385999999986	13.175313999999986	3.616802556773074	0.005555686118079555	10.964777052615	2024-02-01	ep_star-ne_star	south	2024
2023-09-01	A/England/232780676/2023_EPI2701011	0.0131389999999999	10.965764999999989	13.367786999999987	3.616802556773074	0.02156459672243625	11.058521969851217	2024-02-01	ep_star-ne_star	south	2024
2023-09-01	A/England/233100280/2023_EPI2701058	0.018397	8.79478599999997	6.202937999999988	-10.274163426887503	9.252773305006107e-05	9.580875125805798	2024-02-01	ep_star-ne_star	south	2024
2023-09-01	A/FUKUOKA/QRTFUK016/2023_EPI2610896	0.003493	6.246873999999977	4.411089999999991	2.2412635828022567	0.0032319567196637702	6.806079189576466	2024-02-01	ep_star-ne_star	south	2024
2023-09-01	A/FUKUOKA/QRTFUK016/2023_EPI2662870	0.003493	6.246873999999977	4.411089999999991	2.2412635828022567	0.0032319567196637702	6.806079189576466	2024-02-01	ep_star-ne_star	south	2024
2023-09-01	A/France/ARA-HCL023013203202/2023_EPI2492593	2.6000000000000002e-05	12.281642999999985	14.969701999999979	3.616802556773074	4.267292143872036e-05	12.742275831313451	2024-02-01	ep_star-ne_star	south	2024
2023-09-01	A/France/ARA-HCL023022898702/2023_EPI2565882	6.7e-05	10.018118999999974	12.532565999999974	0.8657246088314394	3.494859137241175e-05	10.72199931973302	2024-02-01	ep_star-ne_star	south	2024
2023-09-01	A/France/ARA-HCL023023562901/2023_EPI2566010	6.7e-05	10.018118999999974	12.532565999999974	0.8657246088314394	3.494859137241175e-05	10.72199931973302	2024-02-01	ep_star-ne_star	south	2024
2023-09-01	A/France/ARA-HCL023025104301/2023_EPI2566410	7.900000000000001e-05	11.249601999999982	13.940275999999988	-10.274163426887503	3.973305925398068e-07	11.714384175985254	2024-02-01	ep_star-ne_star	south	2024
2023-09-01	A/France/ARA-HCL023054446701/2023_EPI2570075	0.000807	11.014152999999979	13.532562999999975	2.2412635828022567	0.0007466902584508052	11.718348217180539	2024-02-01	ep_star-ne_star	south	2024
2023-09-01	A/France/ARA-HCL123013092201/2023_EPI2571321	0.001166	11.014152999999979	13.532562999999975	2.2412635828022567	0.0010788610177864175	11.718348217180539	2024-02-01	ep_star-ne_star	south	2024
2023-09-01	A/France/OCC-HCL023008079001/2023_EPI2492128	1e-05	11.285546999999983	13.968244999999987	2.2412635828022567	9.252667390964128e-06	11.74320739631031	2024-02-01	ep_star-ne_star	south	2024
2023-09-01	A/Ghana/249/2023_EPI2541999	0.000135	10.018118999999974	12.532565999999974	0.8657246088314394	7.041880351157591e-05	10.72199931973302	2024-02-01	ep_star-ne_star	south	2024
2023-09-01	A/Guangdong-Dongwanbendi/2557/2023_EPI2668513	0.007891	6.170435999999979	5.424188999999986	3.616802556773074	0.01295123165665163	6.393325674505477	2024-02-01	ep_star-ne_star	south	2024
2023-09-01	A/Guangdong-Futian/1938/2023_EPI2668516	0.007352	6.15784399999998	5.417510999999986	3.616802556773074	0.012066589169902772	6.3824465631555265	2024-02-01	ep_star-ne_star	south	2024
2023-09-01	A/Guangdong-Futian/1980/2023_EPI2667823	0.008636	6.1663219999999805	5.423412999999985	3.616802556773074	0.014173974982491885	6.386573505320904	2024-02-01	ep_star-ne_star	south	2024
2023-09-01	A/Guangdong-Zhenjiang/1352/2023_EPI2668618	0.002882	6.039689999999981	5.421988999999987	3.616802556773074	0.004730129214861233	6.277584576986889	2024-02-01	ep_star-ne_star	south	2024
2023-09-01	A/Guatemala/378/2023_EPI2716347	0.0019760000000000003	10.970874999999989	13.383350999999987	3.616802556773074	0.003243142029342748	11.018750314143839	2024-02-01	ep_star-ne_star	south	2024
2023-09-01	A/Guatemala/389/2023_EPI2716323	0.001773	10.970874999999989	13.383350999999987	3.616802556773074	0.002909964988878892	11.018750314143839	2024-02-01	ep_star-ne_star	south	2024
2023-09-01	A/Guatemala/651/2023_EPI2716379	0.006667	11.95179599999998	14.36478499999998	-7.523085478945868	0.00010550657470373488	12.094871384463017	2024-02-01	ep_star-ne_star	south	2024
2023-09-01	A/Guatemala/660/2023_EPI2716291	0.007352	10.977338999999988	13.368112999999987	3.616802556773074	0.012066589169902772	11.077517984956284	2024-02-01	ep_star-ne_star	south	2024
2023-09-01	A/Guatemala/667/2023_EPI2716387	0.0068349999999999	12.028029999999978	14.377895999999982	6.367880504714709	0.035297317557903	12.021932112279934	2024-02-01	ep_star-ne_star	south	2024
2023-09-01	A/Guyane/136/2023_EPI2645461	9.300000000000001e-05	5.275058999999975	3.4121049999999964	0.8657246088314394	4.8510731307974526e-05	5.84230150776203	2024-02-01	ep_star-ne_star	south	2024
2023-09-01	A/Guyane/187/2023_EPI2645501	0.000174	13.260769999999967	15.953968999999985	4.992341530743891	0.0005065710352168684	13.709918551412525	2024-02-01	ep_star-ne_star	south	2024
2023-09-01	A/Gwangju/718/2023_EPI2454907	6.7e-05	4.472604999999983	3.5113969999999943	0.8657246088314394	3.494859137241175e-05	4.901802666198962	2024-02-01	ep_star-ne_star	south	2024
2023-09-01	A/Gwangju/773/2023_EPI2470433	0.00020299999999999997	5.2920579999999795	4.294672999999992	2.2412635828022567	0.0001878291480365718	5.658793879874462	2024-02-01	ep_star-ne_star	south	2024
2023-09-01	A/Gwangju/838/2023_EPI2508562	0.000953	11.146932999999986	13.913922999999988	-10.274163426887503	4.793114616334631e-06	11.51274046942951	2024-02-01	ep_star-ne_star	south	2024
2023-09-01	A/HIROSHIMA/42/2023_EPI2630234	0.000315	12.24701699999998	14.921929999999977	3.616802556773074	0.000516998855892189	12.709833990923446	2024-02-01	ep_star-ne_star	south	2024
2023-09-01	A/HYOGO/1004/2023_EPI2630258	0.001471	12.09548199999998	14.904270999999984	0.8657246088314394	0.0007673041478928012	12.442461098648431	2024-02-01	ep_star-ne_star	south	2024
2023-09-01	A/HYOGO/3041/2023_EPI2528317	6.3e-05	6.62152299999998	6.33773499999999	-10.274163426887503	3.1685857379756745e-07	7.030111327807893	2024-02-01	ep_star-ne_star	south	2024
2023-09-01	A/HYOGO/3071/2023_EPI2591616	0.000273	12.245622999999982	14.949127999999975	2.2412635828022567	0.00025259781977332075	12.713359365126312	2024-02-01	ep_star-ne_star	south	2024
2023-09-01	A/Haidian/Y2534/2023_EPI2552845	0.003385	7.161292999999984	5.305425999999987	-8.898624452916685	3.0199215705131345e-05	7.7746758329472	2024-02-01	ep_star-ne_star	south	2024
2023-09-01	A/Hainan-Wenchang/1212/2023_EPI2667994	0.000437	5.186237999999976	4.424191999999992	2.2412635828022567	0.0004043415649851324	5.41922813781877	2024-02-01	ep_star-ne_star	south	2024
2023-09-01	A/Hawaii/23/2023_EPI2619506	0.004981	7.854539999999973	6.061659999999994	6.367880504714709	0.02572288789406254	7.613664971989304	2024-02-01	ep_star-ne_star	south	2024
2023-09-01	A/Hawaii/27/2023_EPI2677156	0.010417000000000001	7.8432119999999745	6.060933999999994	6.367880504714709	0.05379548749095552	7.556771355404131	2024-02-01	ep_star-ne_star	south	2024
2023-09-01	A/Hawaii/32/2023_EPI2716283	0.016996	8.439643999999973	7.495842999999984	-8.898624452916685	0.0001516295037295162	8.772588060825312	2024-02-01	ep_star-ne_star	south	2024
2023-09-01	A/Heilongjiang-Taoshan/186/2023_EPI2509670	3.2e-05	19.182344999999945	22.012665999999985	0.8657246088314394	1.6691864536077252e-05	19.631888271336347	2024-02-01	ep_star-ne_star	south	2024
2023-09-01	A/Henan-Chengxiangyitihuashifan/31/2023_EPI2669081	0.000157	6.18196299999998	5.424188999999986	2.2412635828022567	0.00014526687803813681	6.418870127251228	2024-02-01	ep_star-ne_star	south	2024
2023-09-01	A/Henan-Shihe/1638/2023_EPI2667826	0.007708	10.98502899999998	13.519470999999974	2.2412635828022567	0.007131956024955151	11.707577907844387	2024-02-01	ep_star-ne_star	south	2024
2023-09-01	A/Henan-Shihe/1657/2023_EPI2667832	0.008827	11.959010999999975	14.50114199999998	-8.898624452916685	7.874991935869849e-05	12.707268088953558	2024-02-01	ep_star-ne_star	south	2024
2023-09-01	A/Honduras/2675/2023_EPI2645454	0.002788	11.01248099999998	13.532562999999975	2.2412635828022567	0.0025796436686007992	11.716840028782908	2024-02-01	ep_star-ne_star	south	2024
2023-09-01	A/HongKong/1536/2023_EPI2721532	0.013772999999999999	5.186237999999976	4.424191999999992	2.2412635828022567	0.012743698797574895	5.41922813781877	2024-02-01	ep_star-ne_star	south	2024
2023-09-01	A/HongKong/1544/2023_EPI2721536	0.013983	6.15821599999998	5.424090999999986	3.616802556773074	0.02294982540298565	6.373295177410201	2024-02-01	ep_star-ne_star	south	2024
2023-09-01	A/Hong_Kong/1522/2023_EPI2716228	0.013772999999999999	6.9265199999999805	5.91621299999999	4.992341530743891	0.040097717632424874	6.791001865235167	2024-02-01	ep_star-ne_star	south	2024
2023-09-01	A/Hong_Kong/1529/2023_EPI2716218	0.014193	6.947497999999981	5.9428829999999895	3.616802556773074	0.023294491306913773	6.902002290069772	2024-02-01	ep_star-ne_star	south	2024
2023-09-01	A/Hong_Kong/1533/2023_EPI2716236	0.014402000000000002	6.9265199999999805	5.91621299999999	4.992341530743891	0.041928942811455976	6.791001865235167	2024-02-01	ep_star-ne_star	south	2024
2023-09-01	A/Hubei-Echeng/1529/2023_EPI2667835	0.0012619999999999999	6.16021999999998	5.405862999999986	-8.898624452916685	1.1258909961558569e-05	6.418918318927944	2024-02-01	ep_star-ne_star	south	2024
2023-09-01	A/Hubei-Jianli/2560/2023_EPI2668489	0.007352	7.1735429999999845	5.305425999999987	-8.898624452916685	6.559073378556149e-05	7.78665276690707	2024-02-01	ep_star-ne_star	south	2024
2023-09-01	A/Hubei-Jianli/2583/2023_EPI2667841	0.008636	6.16716399999998	5.4241669999999855	2.2412635828022567	0.007990603558836622	6.398058944581818	2024-02-01	ep_star-ne_star	south	2024
2023-09-01	A/Hubei-Maojian/14502/2023_EPI2668630	0.002977	6.379838999999979	5.4047179999999875	2.2412635828022567	0.0027545190822900216	6.840776068647007	2024-02-01	ep_star-ne_star	south	2024
2023-09-01	A/Hubei-Wujiagang/355/2023_EPI2669048	0.00037999999999999997	5.186237999999976	4.424191999999992	2.2412635828022567	0.0003516013608566369	5.41922813781877	2024-02-01	ep_star-ne_star	south	2024
2023-09-01	A/Hubei-Xinshan/259/2023_EPI2668528	0.0026969999999999997	7.051308999999982	6.152550999999991	-7.523085478945868	4.26805507688575e-05	7.183824086123421	2024-02-01	ep_star-ne_star	south	2024
2023-09-01	A/Hunan-Chenxi/34/2023_EPI2668765	0.00045700000000000005	6.274124999999977	4.41210199999999	0.8657246088314394	0.0002383806904058533	6.841824746381223	2024-02-01	ep_star-ne_star	south	2024
2023-09-01	A/IWATE/5/2023_EPI2647245	0.000953	11.264029999999982	13.968818999999987	2.2412635828022567	0.0008817792023588813	11.716087391465347	2024-02-01	ep_star-ne_star	south	2024
2023-09-01	A/Illinois/07/2023_EPI2370223	1.2e-05	10.396671999999974	12.989305999999974	3.616802556773074	1.9695194510178628e-05	10.820396498660667	2024-02-01	ep_star-ne_star	south	2024
2023-09-01	A/India/GIHSN-HCL023021278401/2023_EPI2386957	1.4999999999999999e-05	5.275058999999975	3.4121049999999964	0.8657246088314394	7.824311501286211e-06	5.84230150776203	2024-02-01	ep_star-ne_star	south	2024
2023-09-01	A/India/GIHSN-HCL023127037801/2023_EPI2701686	5.3e-05	4.472604999999983	3.5113969999999943	0.8657246088314394	2.764590063787795e-05	4.901802666198962	2024-02-01	ep_star-ne_star	south	2024
2023-09-01	A/India/GIHSN-HCL023127093101/2023_EPI2701732	0.000157	5.472270999999976	4.51139399999999	2.2412635828022567	0.00014526687803813681	5.90151213244289	2024-02-01	ep_star-ne_star	south	2024
2023-09-01	A/India/Pun-NIVCOV23239/Jan2023_EPI2414175	1.2e-05	4.472604999999983	3.5113969999999943	0.8657246088314394	6.25944920102897e-06	4.901802666198962	2024-02-01	ep_star-ne_star	south	2024
2023-09-01	A/Iowa/31/2023_EPI2619514	0.007529000000000001	5.404962999999976	4.41150999999999	-10.274163426887503	3.786711431939501e-05	5.901462561270755	2024-02-01	ep_star-ne_star	south	2024
2023-09-01	A/Ireland/21983/2023_EPI2603008	0.0009140000000000001	10.018118999999974	12.532565999999974	0.8657246088314394	0.0004767613808117066	10.72199931973302	2024-02-01	ep_star-ne_star	south	2024
2023-09-01	A/Ireland/9047/2023_EPI2660375	5.600000000000001e-05	10.018118999999974	12.532565999999974	0.8657246088314394	2.9210762938135197e-05	10.72199931973302	2024-02-01	ep_star-ne_star	south	2024
2023-09-01	A/Japan/14105/2023_EPI2457249	3.4e-05	6.62152299999998	6.33773499999999	-10.274163426887503	1.7100303982725861e-07	7.030111327807893	2024-02-01	ep_star-ne_star	south	2024
2023-09-01	A/Japan/USAFSAM-14105/2023_EPI2470202	3.4e-05	6.62152299999998	6.33773499999999	-10.274163426887503	1.7100303982725861e-07	7.030111327807893	2024-02-01	ep_star-ne_star	south	2024
2023-09-01	A/Japan/USAFSAM-14172/2023_EPI2570630	0.000624	11.264029999999982	13.968818999999987	2.2412635828022567	0.0005773664451961617	11.716087391465347	2024-02-01	ep_star-ne_star	south	2024
2023-09-01	A/Jeju/767/2023_EPI2454916	0.000135	5.472314999999976	4.51139399999999	2.2412635828022567	0.00012491100977801576	5.9015528441794105	2024-02-01	ep_star-ne_star	south	2024
2023-09-01	A/Jeonbuk/750/2023_EPI2454922	9.300000000000001e-05	6.45081899999998	5.510664999999987	3.616802556773074	0.00015263775745388437	6.792714856434289	2024-02-01	ep_star-ne_star	south	2024
2023-09-01	A/Jeonbuk/764/2023_EPI2454931	0.000135	6.45081899999998	5.510664999999987	3.616802556773074	0.00022157093823950956	6.792714856434289	2024-02-01	ep_star-ne_star	south	2024
2023-09-01	A/Jeonbuk/832/2023_EPI2508561	0.000681	9.379136999999979	11.524987999999977	0.8657246088314394	0.00035522374215839404	9.975050108869812	2024-02-01	ep_star-ne_star	south	2024
2023-09-01	A/Jeonbuk/899/2023_EPI2538811	0.0016469999999999	9.379136999999979	11.524987999999977	0.8657246088314394	0.000859109402841174	9.975050108869812	2024-02-01	ep_star-ne_star	south	2024
2023-09-01	A/Jeonbuk/899/2023_EPI2716096	0.0016469999999999	11.351845999999975	13.524981999999973	0.8657246088314394	0.000859109402841174	11.959827269035335	2024-02-01	ep_star-ne_star	south	2024
2023-09-01	A/Jiangsu-Qingjiangpu/1128/2023_EPI2509724	2.8000000000000013e-05	19.20331599999994	22.026410999999978	2.2412635828022567	2.5907468694699572e-05	19.632777520284645	2024-02-01	ep_star-ne_star	south	2024
2023-09-01	A/Jiangxi-Xihu/1243/2023_EPI2668798	0.0003	7.273186999999982	5.403243999999988	-8.898624452916685	2.6764445233498976e-06	7.8422391506391955	2024-02-01	ep_star-ne_star	south	2024
2023-09-01	A/Jiangxi-Zhanggong/1418/2023_EPI2668621	0.0016469999999999	6.248084999999976	4.41210199999999	2.2412635828022567	0.0015239143192916995	6.830193392334591	2024-02-01	ep_star-ne_star	south	2024
2023-09-01	A/Jilin-Tiexi/1267/2023_EPI2667958	0.000742	5.186237999999976	4.424191999999992	2.2412635828022567	0.0006865479204095384	5.41922813781877	2024-02-01	ep_star-ne_star	south	2024
2023-09-01	A/KANAGAWA/IC2204/2022_EPI2467836	1e-05	7.621482999999976	7.337731999999986	-8.898624452916685	8.92148174449966e-08	8.030111149378257	2024-02-01	ep_star-ne_star	south	2024
2023-09-01	A/KANAGAWA/IC2206/2023_EPI2467908	1.6e-05	7.621470999999976	7.334103999999985	-10.274163426887503	8.047201874223935e-08	8.030111166863854	2024-02-01	ep_star-ne_star	south	2024
2023-09-01	A/KANAGAWA/IC2224/2023_EPI2528389	0.00045700000000000005	12.106695999999978	14.922009999999986	2.2412635828022567	0.00042284689976706077	12.435790751208478	2024-02-01	ep_star-ne_star	south	2024
2023-09-01	A/KANAGAWA/IC2233/2023_EPI2591496	0.000877	8.418272999999989	10.992660999999991	0.8657246088314394	0.0004574614124418672	8.84757439922943	2024-02-01	ep_star-ne_star	south	2024
2023-09-01	A/KANAGAWA/IC2233/2023_EPI2591504	0.000877	8.418272999999989	10.992660999999991	0.8657246088314394	0.0004574614124418672	8.84757439922943	2024-02-01	ep_star-ne_star	south	2024
2023-09-01	A/KANAGAWA/IC2236/2023_EPI2591536	0.001312	8.418272999999989	10.992660999999991	0.8657246088314394	0.0006843664459791674	8.84757439922943	2024-02-01	ep_star-ne_star	south	2024
2023-09-01	A/KANAGAWA/IC2239/2023_EPI2647253	0.011661	10.942688999999978	13.529360999999973	2.2412635828022567	0.01078953544460327	11.654080355290187	2024-02-01	ep_star-ne_star	south	2024
2023-09-01	A/KANAGAWA/IC2241/2023_EPI2647269	0.011871	10.942688999999978	13.529360999999973	2.2412635828022567	0.010983841459813518	11.654080355290187	2024-02-01	ep_star-ne_star	south	2024
2023-09-01	A/KANAGAWA/IC2242/2023_EPI2691045	0.0131389999999999	10.942688999999978	13.529360999999973	2.2412635828022567	0.012157079684987677	11.654080355290187	2024-02-01	ep_star-ne_star	south	2024
2023-09-01	A/KAWASAKI/20/2023_EPI2647205	0.003385	10.401115999999972	12.992654999999974	0.8657246088314394	0.001765686295456922	10.84047930697347	2024-02-01	ep_star-ne_star	south	2024
2023-09-01	A/Lebanon/2787/2023_EPI2599397	0.000742	10.278114999999973	12.936872999999974	0.8657246088314394	0.0003870426089302913	10.616314881795985	2024-02-01	ep_star-ne_star	south	2024
2023-09-01	A/Lipetsk/CRIE/670/2023_EPI2576163	0.004445	4.807328999999982	4.383535999999989	0.8657246088314394	0.002318604308214481	5.220335283875805	2024-02-01	ep_star-ne_star	south	2024
2023-09-01	A/Lusaka/04-NIC-464/2023_EPI2722052	0.013772999999999999	5.392100999999976	4.50060199999999	2.2412635828022567	0.012743698797574895	5.805015910089808	2024-02-01	ep_star-ne_star	south	2024
2023-09-01	A/Luxembourg/LNS1465249/2023_EPI2517678	6.3e-05	12.247919999999981	14.946601999999974	2.2412635828022567	5.8291804563074016e-05	12.714027313805758	2024-02-01	ep_star-ne_star	south	2024
2023-09-01	A/MIE/5/2023_EPI2527345	9.8e-05	5.4387869999999765	4.499170999999991	0.8657246088314394	5.111883514173659e-05	5.87852834224701	2024-02-01	ep_star-ne_star	south	2024
2023-09-01	A/MIYAZAKI/27/2023_EPI2670282	0.001363	11.23578699999998	13.949130999999989	-10.274163426887503	6.855210096604515e-06	11.707622628791963	2024-02-01	ep_star-ne_star	south	2024
2023-09-01	A/Madrid/702/2023_EPI2478257	9.300000000000001e-05	11.264954999999985	13.968628999999988	2.2412635828022567	8.60498067359664e-05	11.683587020621623	2024-02-01	ep_star-ne_star	south	2024
2023-09-01	A/Maldives/1074/2023_EPI2689789	0.012928	6.281232999999981	5.487156999999987	3.616802556773074	0.021218289552299107	6.699699378477415	2024-02-01	ep_star-ne_star	south	2024
2023-09-01	A/Maldives/787/2023_EPI2689701	0.00556	5.341110999999976	4.50125299999999	2.2412635828022567	0.005144483069376055	5.742448469256855	2024-02-01	ep_star-ne_star	south	2024
2023-09-01	A/Maldives/817/2023_EPI2689741	0.006178	5.341110999999976	4.50125299999999	2.2412635828022567	0.005716297914137639	5.742448469256855	2024-02-01	ep_star-ne_star	south	2024
2023-09-01	A/Maldives/823/2023_EPI2689749	0.006178	5.786998999999987	5.44844399999999	3.616802556773074	0.010139742640323631	6.200420899556005	2024-02-01	ep_star-ne_star	south	2024
2023-09-01	A/Maldives/833/2023_EPI2689733	0.006501000000000001	5.341110999999976	4.50125299999999	2.2412635828022567	0.006015159070865781	5.742448469256855	2024-02-01	ep_star-ne_star	south	2024
2023-09-01	A/Maldives/851/2023_EPI2689717	0.0068349999999999	5.341110999999976	4.50125299999999	2.2412635828022567	0.006324198161723889	5.742448469256855	2024-02-01	ep_star-ne_star	south	2024
2023-09-01	A/Maldives/948/2023_EPI2689829	0.009412	6.322266999999979	5.501221999999987	3.616802556773074	0.01544759756081677	6.711553274135229	2024-02-01	ep_star-ne_star	south	2024
2023-09-01	A/Maldives/991/2023_EPI2689781	0.010417000000000001	5.341110999999976	4.50125299999999	2.2412635828022567	0.009638503621167334	5.742448469256855	2024-02-01	ep_star-ne_star	south	2024
2023-09-01	A/Manitoba/RV00375/2023_EPI2645430	0.000523	11.00886599999998	13.517045999999974	2.2412635828022567	0.00048391450454742397	11.713492660068448	2024-02-01	ep_star-ne_star	south	2024
2023-09-01	A/Massachusetts/USAFSAM-14175/2023_EPI2570674	0.000286	13.241620999999972	15.940864999999983	4.992341530743891	0.00083263974754037	13.70302580178564	2024-02-01	ep_star-ne_star	south	2024
2023-09-01	A/Mauritius/P08894/2023_EPI2465698	1.1e-05	6.7055989999999825	7.219347999999987	0.8657246088314394	5.737828434276555e-06	7.084643112806332	2024-02-01	ep_star-ne_star	south	2024
2023-09-01	A/Michigan/HFHSL361136452/2023_EPI2623770	1e-05	9.38830899999998	11.983851999999981	2.2412635828022567	9.252667390964128e-06	9.826185974838626	2024-02-01	ep_star-ne_star	south	2024
2023-09-01	A/Michigan/HFHSL362013637/2023_EPI2625199	4.8e-05	9.350630999999977	11.892773999999978	-10.274163426887503	2.4141605622671804e-07	9.847234294301224	2024-02-01	ep_star-ne_star	south	2024
2023-09-01	A/Michigan/HFHSL362114839/2023_EPI2625276	6.3e-05	9.418126999999979	11.990471999999977	2.2412635828022567	5.8291804563074016e-05	9.84745781562031	2024-02-01	ep_star-ne_star	south	2024
2023-09-01	A/Michigan/HFHSL362163508/2023_EPI2625397	6.7e-05	10.24982999999997	12.949133999999976	0.8657246088314394	3.494859137241175e-05	10.714385222121505	2024-02-01	ep_star-ne_star	south	2024
2023-09-01	A/Michigan/MISAPPHIREL364077968/2023_EPI2687274	0.000992	10.32907899999997	12.962918999999973	-8.898624452916685	8.850109890543662e-06	10.77758466973566	2024-02-01	ep_star-ne_star	south	2024
2023-09-01	A/Michigan/MISAPPHIREL364091621/2023_EPI2687282	0.001034	10.24982999999997	12.949133999999976	0.8657246088314394	0.0005393558728219961	10.714385222121505	2024-02-01	ep_star-ne_star	south	2024
2023-09-01	A/Michigan/MISAPPHIREL364133215/2023_EPI2687290	0.001076	5.4639559999999765	4.5113569999999905	2.2412635828022567	0.0009955870112677402	5.894140503038379	2024-02-01	ep_star-ne_star	south	2024
2023-09-01	A/Michigan/UOM10050482899/2023_EPI2605041	0.000624	5.275058999999975	3.4121049999999964	0.8657246088314394	0.0003254913584535064	5.84230150776203	2024-02-01	ep_star-ne_star	south	2024
2023-09-01	A/Michigan/UOM10051068175/2023_EPI2605136	0.002522	10.32907899999997	12.962918999999973	-8.898624452916685	2.2499976959628138e-05	10.77758466973566	2024-02-01	ep_star-ne_star	south	2024
2023-09-01	A/Michigan/UOM10052748334/2023_EPI2721783	0.019574	6.6244639999999855	6.298466999999989	-7.523085478945868	0.0003097623658693426	7.09906243893696	2024-02-01	ep_star-ne_star	south	2024
2023-09-01	A/Montana/23/2023_EPI2498927	0.000149	10.414339999999973	12.969911999999974	3.616802556773074	0.00024454866516805126	10.846512360703915	2024-02-01	ep_star-ne_star	south	2024
2023-09-01	A/Mozambique/4846/2023_EPI2677094	0.000523	9.63903999999998	10.188844999999985	2.2412635828022567	0.00048391450454742397	10.004566906191393	2024-02-01	ep_star-ne_star	south	2024
2023-09-01	A/NARA/20/2023_EPI2630482	0.000572	14.120023999999962	16.500099999999975	-7.523085478945868	9.052011509005004e-06	14.745663778894148	2024-02-01	ep_star-ne_star	south	2024
2023-09-01	A/NIIGATA-C/23066/2023_EPI2716025	0.009809	11.216011999999983	13.93690799999999	0.8657246088314394	0.005116578101074431	11.691110898169542	2024-02-01	ep_star-ne_star	south	2024
2023-09-01	A/Nakhon_Phanom/P675/2023_EPI2534056	9.300000000000001e-05	4.472604999999983	3.5113969999999943	0.8657246088314394	4.8510731307974526e-05	4.901802666198962	2024-02-01	ep_star-ne_star	south	2024
2023-09-01	A/Nakhon_Phanom/P710/2023_EPI2534136	0.000109	4.472604999999983	3.5113969999999943	0.8657246088314394	5.685666357601314e-05	4.901802666198962	2024-02-01	ep_star-ne_star	south	2024
2023-09-01	A/Nakhon_Phanom/P785/2023_EPI2534200	0.000135	4.472604999999983	3.5113969999999943	0.8657246088314394	7.041880351157591e-05	4.901802666198962	2024-02-01	ep_star-ne_star	south	2024
2023-09-01	A/Nakhon_Phanom/P827/2023_EPI2534272	0.000166	4.472604999999983	3.5113969999999943	0.8657246088314394	8.658904728090075e-05	4.901802666198962	2024-02-01	ep_star-ne_star	south	2024
2023-09-01	A/Nakhon_Phanom/P972/2023_EPI2545233	0.00023500000000000002	4.472604999999983	3.5113969999999943	0.8657246088314394	0.00012258088018681732	4.901802666198962	2024-02-01	ep_star-ne_star	south	2024
2023-09-01	A/Nakonde/11-NIC-378/2023_EPI2580977	0.001709	6.1435649999999775	4.401960999999991	-8.898624452916685	1.5246812301349917e-05	6.682947310819925	2024-02-01	ep_star-ne_star	south	2024
2023-09-01	A/Neimenggu-Erlianhaote/174/2023_EPI2509715	2.3e-05	5.275058999999975	3.4121049999999964	0.8657246088314394	1.1997277635305525e-05	5.84230150776203	2024-02-01	ep_star-ne_star	south	2024
2023-09-01	A/Neimenggu-Erlianhaote/176/2023_EPI2509712	2.9999999999999997e-05	6.274978999999975	4.410225999999991	0.8657246088314394	1.5648623002572423e-05	6.84227021051603	2024-02-01	ep_star-ne_star	south	2024
2023-09-01	A/Neimenggu-Erlianhaote/187/2023_EPI2509709	3.8e-05	6.209244999999978	4.40484699999999	2.2412635828022567	3.5160136085663695e-05	6.762571669086852	2024-02-01	ep_star-ne_star	south	2024
2023-09-01	A/Nepal/424/2023_EPI2691349	0.000149	4.472604999999983	3.5113969999999943	0.8657246088314394	7.77214942461097e-05	4.901802666198962	2024-02-01	ep_star-ne_star	south	2024
2023-09-01	A/Nepal/425/2023_EPI2691364	0.000183	6.260689999999977	4.388136999999989	2.2412635828022567	0.00016932381325464356	6.81901303473254	2024-02-01	ep_star-ne_star	south	2024
2023-09-01	A/Nepal/428/2023_EPI2691388	0.00045700000000000005	5.275058999999975	3.4121049999999964	0.8657246088314394	0.0002383806904058533	5.84230150776203	2024-02-01	ep_star-ne_star	south	2024
2023-09-01	A/Nepal/433/2023_EPI2715265	0.00022400000000000002	6.188266999999978	4.305428999999989	-10.274163426887503	1.1266082623913509e-06	6.78678394837465	2024-02-01	ep_star-ne_star	south	2024
2023-09-01	A/Nepal/434/2023_EPI2715273	0.000953	4.472604999999983	3.5113969999999943	0.8657246088314394	0.0004971045907150507	4.901802666198962	2024-02-01	ep_star-ne_star	south	2024
2023-09-01	A/Nepal/435/2023_EPI2715281	0.00037999999999999997	5.4685309999999765	4.3485699999999925	2.2412635828022567	0.0003516013608566369	5.891509549741596	2024-02-01	ep_star-ne_star	south	2024
2023-09-01	A/Nepal/436/2023_EPI2715289	0.000183	4.472604999999983	3.5113969999999943	0.8657246088314394	9.545660031569179e-05	4.901802666198962	2024-02-01	ep_star-ne_star	south	2024
2023-09-01	A/Nepal/437/2023_EPI2715297	0.001471	5.4696429999999765	4.51139399999999	-10.274163426887503	7.39839622311463e-06	5.90178786940652	2024-02-01	ep_star-ne_star	south	2024
2023-09-01	A/Nepal/438/2023_EPI2715305	0.0015279999999999	4.472604999999983	3.5113969999999943	0.8657246088314394	0.0007970365315976367	4.901802666198962	2024-02-01	ep_star-ne_star	south	2024
2023-09-01	A/Netherlands/01617/2023_EPI2686830	0.005265	11.00747099999998	13.532525999999974	2.2412635828022567	0.004871529381342614	11.712205142135186	2024-02-01	ep_star-ne_star	south	2024
2023-09-01	A/Netherlands/10081/2023_EPI2302884	1.2e-05	11.285542999999985	13.969704999999987	2.2412635828022567	1.1103200869156956e-05	11.743203695243356	2024-02-01	ep_star-ne_star	south	2024
2023-09-01	A/Netherlands/10522/2023_EPI2577693	0.003279	11.01154099999998	13.532478999999975	2.2412635828022567	0.0030339496374971377	11.71593142045802	2024-02-01	ep_star-ne_star	south	2024
2023-09-01	A/New_Caledonia/69/2023_EPI2662595	0.0019760000000000003	10.018118999999974	12.532565999999974	0.8657246088314394	0.0010307226351027705	10.72199931973302	2024-02-01	ep_star-ne_star	south	2024
2023-09-01	A/New_Hampshire/05/2023_EPI2677011	0.009809	5.404962999999976	4.41150999999999	-10.274163426887503	4.9334376990164115e-05	5.901462561270755	2024-02-01	ep_star-ne_star	south	2024
2023-09-01	A/New_Jersey/31/2023_EPI2535146	0.000523	6.467846999999981	5.489335999999987	3.616802556773074	0.000858382227401952	6.890961127522222	2024-02-01	ep_star-ne_star	south	2024
2023-09-01	A/New_York/25/2023_EPI2535013	0.00023500000000000002	6.2745689999999765	4.41210199999999	2.2412635828022567	0.00021743768368765706	6.84186663239466	2024-02-01	ep_star-ne_star	south	2024
2023-09-01	A/New_York/PV86815/2023_EPI2618673	0.001076	4.918492999999981	4.458587999999989	2.2412635828022567	0.0009955870112677402	5.35977509649811	2024-02-01	ep_star-ne_star	south	2024
2023-09-01	A/Newcastle/139/2023_EPI2686106	0.005265	4.472604999999983	3.5113969999999943	0.8657246088314394	0.0027463333369514603	4.901802666198962	2024-02-01	ep_star-ne_star	south	2024
2023-09-01	A/Niigata/22FS103/2022_EPI2622724	0.000273	10.24982999999997	12.949133999999976	0.8657246088314394	0.00014240246932340907	10.714385222121505	2024-02-01	ep_star-ne_star	south	2024
2023-09-01	A/Norway/03937/2023_EPI2507742	0.00037999999999999997	8.418272999999989	10.992660999999991	0.8657246088314394	0.00019821589136591734	8.84757439922943	2024-02-01	ep_star-ne_star	south	2024
2023-09-01	A/Norway/03984/2023_EPI2507748	0.00037999999999999997	10.018118999999974	12.532565999999974	0.8657246088314394	0.00019821589136591734	10.72199931973302	2024-02-01	ep_star-ne_star	south	2024
2023-09-01	A/Norway/05074/2023_EPI2573829	0.001121	11.015856999999981	13.522701999999972	2.2412635828022567	0.001037224014527079	11.71992487170396	2024-02-01	ep_star-ne_star	south	2024
2023-09-01	A/Norway/05797/2023_EPI2573745	0.001363	11.876445999999973	14.451547999999981	-21.414051462606444	6.609837914555597e-08	12.491512382266855	2024-02-01	ep_star-ne_star	south	2024
2023-09-01	A/Norway/06667/2023_EPI2619148	0.003279	10.285586999999973	12.969707999999969	0.8657246088314394	0.0017103944941811659	10.743225901645102	2024-02-01	ep_star-ne_star	south	2024
2023-09-01	A/Norway/3384/2023_EPI2649456	0.00022400000000000002	9.41763199999998	11.991227999999976	0.8657246088314394	0.00011684305175254079	9.847180641980069	2024-02-01	ep_star-ne_star	south	2024
2023-09-01	A/Norway/3809/2023_EPI2659782	0.000273	10.24982999999997	12.949133999999976	0.8657246088314394	0.00014240246932340907	10.714385222121505	2024-02-01	ep_star-ne_star	south	2024
2023-09-01	A/OKINAWA/218/2023_EPI2527409	9.300000000000001e-05	8.418272999999989	10.992660999999991	0.8657246088314394	4.8510731307974526e-05	8.84757439922943	2024-02-01	ep_star-ne_star	south	2024
2023-09-01	A/OKINAWA/233/2023_EPI2630370	0.0036030000000000003	9.41104699999998	11.992657999999977	0.8657246088314394	0.0018793996226089483	9.843815599984218	2024-02-01	ep_star-ne_star	south	2024
2023-09-01	A/OKINAWA/234/2023_EPI2670258	0.0068349999999999	11.324659999999982	13.94728799999999	2.2412635828022567	0.006324198161723889	11.769419829935522	2024-02-01	ep_star-ne_star	south	2024
2023-09-01	A/OSAKA/34/2023_EPI2630242	5e-05	11.13590599999998	13.518535999999974	2.2412635828022567	4.626333695482065e-05	11.773676326673868	2024-02-01	ep_star-ne_star	south	2024
2023-09-01	A/OSAKA/37/2023_EPI2630250	0.001363	11.01534699999998	13.532562999999975	0.8657246088314394	0.0007109691050835405	11.720534708601408	2024-02-01	ep_star-ne_star	south	2024
2023-09-01	A/Ontario/RV00530/2023_EPI2645423	0.002977	4.472604999999983	3.5113969999999943	0.8657246088314394	0.001552865022621937	4.901802666198962	2024-02-01	ep_star-ne_star	south	2024
2023-09-01	A/PAKISTAN/GIHSN/ICT/1029/2023_EPI2414299	0.000135	7.705308999999977	8.219240999999988	0.8657246088314394	7.041880351157591e-05	8.08450227519932	2024-02-01	ep_star-ne_star	south	2024
2023-09-01	A/Pakistan/GIHSN-ICT-610/2023_EPI2310044	2.5e-05	11.249601999999982	13.940275999999988	-10.274163426887503	1.2573752928474897e-07	11.714384175985254	2024-02-01	ep_star-ne_star	south	2024
2023-09-01	A/Pakistan/GIHSN/ICT/1234/2023_EPI2505316	0.00023500000000000002	9.701744999999983	10.207754999999986	0.8657246088314394	0.00012258088018681732	10.081189685238323	2024-02-01	ep_star-ne_star	south	2024
2023-09-01	A/Pakistan/GIHSN/ICT/1314/2023_EPI2505315	0.000286	9.701744999999983	10.207754999999986	0.8657246088314394	0.00014918353929119045	10.081189685238323	2024-02-01	ep_star-ne_star	south	2024
2023-09-01	A/Pakistan/GIHSN/ICT/905/2023_EPI2505319	9.8e-05	17.022494999999953	17.27995499999998	0.8657246088314394	5.111883514173659e-05	17.40469939532365	2024-02-01	ep_star-ne_star	south	2024
2023-09-01	A/Panama/M270653/2023_EPI2718232	0.007891	10.976260999999988	13.391616999999988	3.616802556773074	0.01295123165665163	11.075748699982785	2024-02-01	ep_star-ne_star	south	2024
2023-09-01	A/Paraguay/7346/2023_EPI2677332	0.008074	11.10315899999998	13.534790999999975	-8.898624452916685	7.203204360509025e-05	11.810837424258924	2024-02-01	ep_star-ne_star	south	2024
2023-09-01	A/Paraguay/8455/2023_EPI2677340	0.004575	8.418272999999989	10.992660999999991	0.8657246088314394	0.0023864150078922947	8.84757439922943	2024-02-01	ep_star-ne_star	south	2024
2023-09-01	A/Pennsylvania/35/2023_EPI2499122	0.00011499999999999999	11.966771999999981	14.36352699999998	-8.898624452916685	1.0259704006174608e-06	12.528399735795324	2024-02-01	ep_star-ne_star	south	2024
2023-09-01	A/Perth/23/2023_EPI2600645	1e-05	11.249789999999981	13.949130999999989	2.2412635828022567	9.252667390964128e-06	11.714366716786715	2024-02-01	ep_star-ne_star	south	2024
2023-09-01	A/Perth/26/2023_EPI2600652	1e-05	5.275058999999975	3.4121049999999964	0.8657246088314394	5.2162076675241415e-06	5.84230150776203	2024-02-01	ep_star-ne_star	south	2024
2023-09-01	A/Perth/34/2023_EPI2600648	4.2e-05	5.4104409999999765	4.50448999999999	2.2412635828022567	3.886120304204934e-05	5.844781391113214	2024-02-01	ep_star-ne_star	south	2024
2023-09-01	A/Perth/75/2023_EPI2669796	0.000128	4.918492999999981	4.458587999999989	2.2412635828022567	0.00011843414260434085	5.35977509649811	2024-02-01	ep_star-ne_star	south	2024
2023-09-01	A/Perth/80/2023_EPI2642933	0.0001419999999999	5.4104409999999765	4.50448999999999	2.2412635828022567	0.0001313878769515981	5.844781391113214	2024-02-01	ep_star-ne_star	south	2024
2023-09-01	A/Peru/07638/2023_EPI2677051	0.005411	6.175395999999981	5.417752999999986	3.616802556773074	0.008880891457881379	6.401466354903018	2024-02-01	ep_star-ne_star	south	2024
2023-09-01	A/Peru/1910/2023_EPI2645382	0.0021969999999999997	11.12093699999997	11.425321999999982	4.992341530743891	0.006396187151560114	11.107528136021601	2024-02-01	ep_star-ne_star	south	2024
2023-09-01	A/Peru/2013/2023_EPI2645391	0.003831	7.6450439999999755	8.21301299999999	0.8657246088314394	0.0019983291574284987	8.006652170998532	2024-02-01	ep_star-ne_star	south	2024
2023-09-01	A/Peru/2024/2023_EPI2645335	0.001906	12.139358999999962	12.415021999999976	-6.14754650497505	5.3503727864869016e-05	12.174911199035131	2024-02-01	ep_star-ne_star	south	2024
2023-09-01	A/Peru/2090/2023_EPI2645399	0.003075	11.12093699999997	11.425321999999982	4.992341530743891	0.008952332949953278	11.107528136021601	2024-02-01	ep_star-ne_star	south	2024
2023-09-01	A/Peru/5443/2023_EPI2645366	0.006501000000000001	11.12093699999997	11.425321999999982	4.992341530743891	0.018926541953706102	11.107528136021601	2024-02-01	ep_star-ne_star	south	2024
2023-09-01	A/Peru/5791/2023_EPI2645374	0.000417	11.143728999999972	11.425321999999982	4.992341530743891	0.0012140236878473226	11.170426599056386	2024-02-01	ep_star-ne_star	south	2024
2023-09-01	A/Peru/6669/2023_EPI2645476	0.001034	11.721252999999962	12.572456999999979	-6.14754650497505	2.9025632010637236e-05	11.880972892602074	2024-02-01	ep_star-ne_star	south	2024
2023-09-01	A/Peru/UPCH_3886/2023_EPI2582864	0.0003	10.14812899999997	10.425324999999987	3.616802556773074	0.0004923798627544657	10.176135642288918	2024-02-01	ep_star-ne_star	south	2024
2023-09-01	A/Phra_Nakhon_Si_Ayutthaya/BOE47/2023_EPI2588805	0.00037999999999999997	4.472604999999983	3.5113969999999943	0.8657246088314394	0.00019821589136591734	4.901802666198962	2024-02-01	ep_star-ne_star	south	2024
2023-09-01	A/ROMANIA/544773/2023_EPI2436295	1.2e-05	11.018074999999982	13.532562999999975	-10.274163426887503	6.035401405667951e-08	11.721999199024985	2024-02-01	ep_star-ne_star	south	2024
2023-09-01	A/Reunion/HCL023041560101/2023_EPI2569070	4.5e-05	10.018118999999974	12.532565999999974	0.8657246088314394	2.3472934503858636e-05	10.72199931973302	2024-02-01	ep_star-ne_star	south	2024
2023-09-01	A/Rhineland-Palatinate/USAFSAM-14182/2023_EPI2609791	0.000478	10.24982999999997	12.949133999999976	0.8657246088314394	0.000249334726507654	10.714385222121505	2024-02-01	ep_star-ne_star	south	2024
2023-09-01	A/Rio_Grande_do_Sul/4047/2023_EPI2677234	1.4999999999999999e-05	10.418172999999973	12.992654999999974	0.8657246088314394	7.824311501286211e-06	10.847543101983426	2024-02-01	ep_star-ne_star	south	2024
2023-09-01	A/Rio_Grande_do_Sul/4053/2023_EPI2581264	0.000681	11.222855999999982	13.949130999999989	0.8657246088314394	0.00035522374215839404	11.702277106694055	2024-02-01	ep_star-ne_star	south	2024
2023-09-01	A/Rio_Grande_do_Sul/6786/2023_EPI2682709	0.002882	11.00212199999998	13.496501999999973	2.2412635828022567	0.002666618742075862	11.686932691543863	2024-02-01	ep_star-ne_star	south	2024
2023-09-01	A/Romania/548281/2023_EPI2546114	0.000398	10.018118999999974	12.532565999999974	0.8657246088314394	0.00020760506516746084	10.72199931973302	2024-02-01	ep_star-ne_star	south	2024
2023-09-01	A/SAITAMA-C/8/2023_EPI2589696	6.7e-05	10.44535199999997	12.526740999999971	-8.898624452916685	5.977392768814772e-07	11.083305149489613	2024-02-01	ep_star-ne_star	south	2024
2023-09-01	A/SAKAI/1/2023_EPI2528413	1.9e-05	11.001201999999981	13.508583999999974	0.8657246088314394	9.910794568295868e-06	11.706437743917522	2024-02-01	ep_star-ne_star	south	2024
2023-09-01	A/SAPPORO/9/2023_EPI2589776	9.8e-05	6.62152299999998	6.33773499999999	-10.274163426887503	4.92891114796216e-07	7.030111327807893	2024-02-01	ep_star-ne_star	south	2024
2023-09-01	A/SENDAI/18/2023_EPI2611048	0.0012619999999999999	12.261137999999983	14.953971999999977	3.616802556773074	0.0020712779559871187	12.710931693482959	2024-02-01	ep_star-ne_star	south	2024
2023-09-01	A/SHIZUOKA/31/2023_EPI2715987	0.003279	12.257451999999981	14.961814999999977	3.616802556773074	0.005381711899906309	12.705323967665555	2024-02-01	ep_star-ne_star	south	2024
2023-09-01	A/SHIZUOKA/35/2023_EPI2670218	0.007529000000000001	9.39429599999998	11.992657999999977	0.8657246088314394	0.0039272827528789266	9.83406977820065	2024-02-01	ep_star-ne_star	south	2024
2023-09-01	A/Sejong/789/2023_EPI2470466	0.000273	5.470675999999976	4.4953569999999905	-10.274163426887503	1.373053819789459e-06	5.901799853992947	2024-02-01	ep_star-ne_star	south	2024
2023-09-01	A/Sejong/807/2023_EPI2716112	0.000547	8.367988999999975	7.358053999999987	-8.898624452916685	4.880050514241313e-06	8.838223731440875	2024-02-01	ep_star-ne_star	south	2024
2023-09-01	A/Sejong/807/2023_EPI2716120	0.000547	7.372263999999981	6.358056999999989	-8.898624452916685	4.880050514241313e-06	7.838581742008422	2024-02-01	ep_star-ne_star	south	2024
2023-09-01	A/Seoul/697/2023_EPI2454937	4.2e-05	6.46859099999998	5.490456999999988	3.616802556773074	6.89331807856252e-05	6.901001068713262	2024-02-01	ep_star-ne_star	south	2024
2023-09-01	A/Seoul/776/2023_EPI2470453	0.000193	5.468694999999976	4.49054799999999	2.2412635828022567	0.00017857648064560768	5.901138935074827	2024-02-01	ep_star-ne_star	south	2024
2023-09-01	A/Seoul/842/2023_EPI2508579	0.000953	10.018118999999974	12.532565999999974	0.8657246088314394	0.0004971045907150507	10.72199931973302	2024-02-01	ep_star-ne_star	south	2024
2023-09-01	A/Seoul/888/2023_EPI2538807	0.0016469999999999	13.139708999999971	15.893070999999985	-7.523085478945868	2.6064096075752334e-05	13.512024610113231	2024-02-01	ep_star-ne_star	south	2024
2023-09-01	A/Shaanxi-Linwei/1287/2023_EPI2668042	0.000523	6.266675999999976	4.400609999999991	2.2412635828022567	0.00048391450454742397	6.837393231529592	2024-02-01	ep_star-ne_star	south	2024
2023-09-01	A/Shandong-Donggang/363/2023_EPI2668867	0.00023500000000000002	6.248084999999976	4.41210199999999	2.2412635828022567	0.00021743768368765706	6.830193392334591	2024-02-01	ep_star-ne_star	south	2024
2023-09-01	A/Shandong-Lanshan/1608/2023_EPI2667838	0.0016469999999999	8.251684999999977	6.2491869999999885	4.992341530743891	0.0047949568678283426	8.802199374461036	2024-02-01	ep_star-ne_star	south	2024
2023-09-01	A/Shanghai-Hongkou/1359/2023_EPI2668540	0.0041909999999999	6.266656999999976	4.41210199999999	-10.274163426887503	2.1078639409294813e-05	6.842259350483216	2024-02-01	ep_star-ne_star	south	2024
2023-09-01	A/Shanghai-Minxing/1155/2023_EPI2668843	0.000183	6.249040999999977	4.393775999999989	-10.274163426887503	9.203987143643626e-07	6.841991688871198	2024-02-01	ep_star-ne_star	south	2024
2023-09-01	A/Sichuan-Bazhou/1313/2023_EPI2667868	0.0012619999999999999	6.16932099999998	5.400209999999985	2.2412635828022567	0.001167686624739673	6.4036665620032895	2024-02-01	ep_star-ne_star	south	2024
2023-09-01	A/Sichuan-Pengzhou/31/2023_EPI2509646	0.000135	6.47017299999998	5.508928999999989	3.616802556773074	0.00022157093823950956	6.897190924173723	2024-02-01	ep_star-ne_star	south	2024
2023-09-01	A/Sichuan-Pengzhou/31/2023_EPI2669328	0.000135	7.457952999999979	6.5089149999999885	4.992341530743891	0.00039302925146136343	7.878824348376298	2024-02-01	ep_star-ne_star	south	2024
2023-09-01	A/Sichuan-Pidou/54/2023_EPI2509652	0.000157	6.152419999999981	5.411965999999985	2.2412635828022567	0.00014526687803813681	6.395953813866824	2024-02-01	ep_star-ne_star	south	2024
2023-09-01	A/Singapore/CGH0010/2023_EPI2616377	0.000437	6.40707999999998	5.487986999999989	3.616802556773074	0.0007172333334123384	6.839297920708346	2024-02-01	ep_star-ne_star	south	2024
2023-09-01	A/Singapore/CGH0034/2023_EPI2616489	0.002121	5.185048999999976	3.9661409999999933	2.2412635828022567	0.0019624907536234916	5.386364862481211	2024-02-01	ep_star-ne_star	south	2024
2023-09-01	A/Singapore/EN0338/2023_EPI2616714	0.002121	5.440234999999976	4.478200999999992	-8.898624452916685	1.8922462780083778e-05	5.855632110665731	2024-02-01	ep_star-ne_star	south	2024
2023-09-01	A/Singapore/EN0344/2023_EPI2617418	0.0021969999999999997	6.268120999999977	4.411392999999991	-10.274163426887503	1.1049814073543738e-05	6.842266713672932	2024-02-01	ep_star-ne_star	south	2024
2023-09-01	A/Singapore/GP5137/2023_EPI2616524	0.001906	7.701668999999977	8.219344999999988	2.2412635828022567	0.0017635584047177627	8.081064877161763	2024-02-01	ep_star-ne_star	south	2024
2023-09-01	A/Singapore/GP7270/2023_EPI2617360	0.005411	5.4104409999999765	4.50448999999999	2.2412635828022567	0.00500661832525069	5.844781391113214	2024-02-01	ep_star-ne_star	south	2024
2023-09-01	A/Singapore/GP8377/2023_EPI2617466	0.008827	7.685772999999977	8.219186999999987	2.2412635828022567	0.008167329506004036	8.066317279771795	2024-02-01	ep_star-ne_star	south	2024
2023-09-01	A/Singapore/KK0129/2023_EPI2614838	1.9e-05	10.436937999999973	12.975169999999972	-10.274163426887503	9.556052225640923e-08	10.913831499218341	2024-02-01	ep_star-ne_star	south	2024
2023-09-01	A/Singapore/KK0221/2023_EPI2614910	4.8e-05	4.472604999999983	3.5113969999999943	0.8657246088314394	2.503779680411588e-05	4.901802666198962	2024-02-01	ep_star-ne_star	south	2024
2023-09-01	A/Singapore/KK0517/2023_EPI2615086	0.000273	4.472604999999983	3.5113969999999943	0.8657246088314394	0.00014240246932340907	4.901802666198962	2024-02-01	ep_star-ne_star	south	2024
2023-09-01	A/Singapore/KK0996/2023_EPI2616293	0.001076	5.4104409999999765	4.50448999999999	2.2412635828022567	0.0009955870112677402	5.844781391113214	2024-02-01	ep_star-ne_star	south	2024
2023-09-01	A/Singapore/KK1016/2023_EPI2616650	0.0012619999999999999	6.268120999999977	4.411392999999991	-10.274163426887503	6.347230478294127e-06	6.842266713672932	2024-02-01	ep_star-ne_star	south	2024
2023-09-01	A/Singapore/KK1089/2023_EPI2616300	0.001312	6.449774999999979	5.508878999999988	3.616802556773074	0.0021533412664461967	6.864226750978504	2024-02-01	ep_star-ne_star	south	2024
2023-09-01	A/Singapore/SAR0857/2023_EPI2615078	3.2e-05	5.468912999999977	4.49043199999999	2.2412635828022567	2.9608535651085213e-05	5.892677891977018	2024-02-01	ep_star-ne_star	south	2024
2023-09-01	A/Singapore/TT0417/2023_EPI2617394	0.004069	5.464446999999977	4.51139399999999	0.8657246088314394	0.002122474899915573	5.897557716399135	2024-02-01	ep_star-ne_star	south	2024
2023-09-01	A/Singapore/TT0430/2023_EPI2617402	0.0047079999999999995	6.17634499999998	5.424188999999986	3.616802556773074	0.007727081312826747	6.40335112829336	2024-02-01	ep_star-ne_star	south	2024
2023-09-01	A/Slovakia/23-795/2023_EPI2469121	1.4000000000000001e-05	10.24982999999997	12.949133999999976	0.8657246088314394	7.302690734533799e-06	10.714385222121505	2024-02-01	ep_star-ne_star	south	2024
2023-09-01	A/Solna/1/2023_EPI2644689	0.000363	11.017372999999981	13.531874999999975	-10.274163426887503	1.825708925214555e-06	11.721995668315163	2024-02-01	ep_star-ne_star	south	2024
2023-09-01	A/SouthAfrica/PET27107/2023_EPI2701254	5e-05	12.112217999999979	14.922009999999986	2.2412635828022567	4.626333695482065e-05	12.444270999646927	2024-02-01	ep_star-ne_star	south	2024
2023-09-01	A/SouthAfrica/PET27422/2023_EPI2699745	0.000166	12.21776399999998	14.927953999999982	-7.523085478945868	2.6269823610049482e-06	12.546741963127964	2024-02-01	ep_star-ne_star	south	2024
2023-09-01	A/SouthAfrica/PET28055/2023_EPI2699833	0.000711	5.456395999999977	4.51139399999999	2.2412635828022567	0.0006578646514975496	5.886823522959734	2024-02-01	ep_star-ne_star	south	2024
2023-09-01	A/SouthAfrica/PET28103/2023_EPI2699817	0.000711	7.978975999999976	5.830756999999988	-7.523085478945868	1.1251713606473003e-05	8.326210142942804	2024-02-01	ep_star-ne_star	south	2024
2023-09-01	A/SouthAfrica/PET28234/2023_EPI2700593	0.0016469999999999	12.21776399999998	14.927953999999982	-7.523085478945868	2.6064096075752334e-05	12.546741963127964	2024-02-01	ep_star-ne_star	south	2024
2023-09-01	A/SouthAfrica/PET28963/2023_EPI2700745	0.007891	4.472604999999983	3.5113969999999943	0.8657246088314394	0.0041161094704433	4.901802666198962	2024-02-01	ep_star-ne_star	south	2024
2023-09-01	A/SouthAfrica/PET28969/2023_EPI2700697	0.007352	5.456395999999977	4.51139399999999	2.2412635828022567	0.006802561065836827	5.886823522959734	2024-02-01	ep_star-ne_star	south	2024
2023-09-01	A/South_Africa/R03006/2023_EPI2610082	0.0007740000000000001	10.018118999999974	12.532565999999974	0.8657246088314394	0.0004037344734663686	10.72199931973302	2024-02-01	ep_star-ne_star	south	2024
2023-09-01	A/South_Africa/R03828/2023_EPI2610211	0.001773	11.01371899999998	13.532562999999975	2.2412635828022567	0.00164049792841794	11.716290276500484	2024-02-01	ep_star-ne_star	south	2024
2023-09-01	A/South_Africa/R04061/23_EPI2649534	0.001906	4.472604999999983	3.5113969999999943	0.8657246088314394	0.0009942091814301014	4.901802666198962	2024-02-01	ep_star-ne_star	south	2024
2023-09-01	A/South_Africa/R04080/2023_EPI2610259	0.002121	4.472604999999983	3.5113969999999943	0.8657246088314394	0.0011063576462818706	4.901802666198962	2024-02-01	ep_star-ne_star	south	2024
2023-09-01	A/South_Africa/R04358/2023_EPI2610299	0.002437	7.975819999999976	5.830830999999987	-6.14754650497505	6.840954082197576e-05	8.326271975646343	2024-02-01	ep_star-ne_star	south	2024
2023-09-01	A/South_Africa/R04556/2023_EPI2610368	0.002882	4.472604999999983	3.5113969999999943	0.8657246088314394	0.0015033110497804575	4.901802666198962	2024-02-01	ep_star-ne_star	south	2024
2023-09-01	A/South_Africa/R04809/2023_EPI2610512	0.003493	4.472604999999983	3.5113969999999943	0.8657246088314394	0.0018220213382661827	4.901802666198962	2024-02-01	ep_star-ne_star	south	2024
2023-09-01	A/South_Africa/R04819/2023_EPI2610536	0.0036030000000000003	5.465064999999976	4.51139399999999	2.2412635828022567	0.0033337360609643762	5.894844660320961	2024-02-01	ep_star-ne_star	south	2024
2023-09-01	A/South_Africa/R05043/2023_EPI2687882	0.0036030000000000003	4.472604999999983	3.5113969999999943	0.8657246088314394	0.0018793996226089483	4.901802666198962	2024-02-01	ep_star-ne_star	south	2024
2023-09-01	A/South_Africa/R05313/2023_EPI2653019	0.0043170000000000005	4.472604999999983	3.5113969999999943	0.8657246088314394	0.0022518368500701724	4.901802666198962	2024-02-01	ep_star-ne_star	south	2024
2023-09-01	A/South_Africa/R05887/2023_EPI2688454	0.005711	4.472604999999983	3.5113969999999943	0.8657246088314394	0.0029789761989230373	4.901802666198962	2024-02-01	ep_star-ne_star	south	2024
2023-09-01	A/South_Africa/R05906/2023_EPI2688522	0.005265	4.472604999999983	3.5113969999999943	0.8657246088314394	0.0027463333369514603	4.901802666198962	2024-02-01	ep_star-ne_star	south	2024
2023-09-01	A/South_Africa/R06506/2023_EPI2689110	0.0068349999999999	10.251224999999973	12.930194999999971	2.2412635828022567	0.006324198161723889	10.58030739235059	2024-02-01	ep_star-ne_star	south	2024
2023-09-01	A/South_Africa/R06564/2023_EPI2689264	6.3e-05	5.275058999999975	3.4121049999999964	0.8657246088314394	3.286210830540209e-05	5.84230150776203	2024-02-01	ep_star-ne_star	south	2024
2023-09-01	A/South_Australia/104/2023_EPI2622289	0.001213	10.018118999999974	12.532565999999974	0.8657246088314394	0.0006327259900706784	10.72199931973302	2024-02-01	ep_star-ne_star	south	2024
2023-09-01	A/South_Australia/33/2023_EPI2542194	8.8e-05	4.472604999999983	3.5113969999999943	0.8657246088314394	4.590262747421244e-05	4.901802666198962	2024-02-01	ep_star-ne_star	south	2024
2023-09-01	A/South_Australia/48/2023_EPI2542163	0.000149	7.974756999999978	5.830793999999988	-6.14754650497505	4.1826104154593305e-06	8.318966135142684	2024-02-01	ep_star-ne_star	south	2024
2023-09-01	A/South_Australia/62/2023_EPI2600627	0.00026000000000000003	4.472604999999983	3.5113969999999943	0.8657246088314394	0.0001356213993556277	4.901802666198962	2024-02-01	ep_star-ne_star	south	2024
2023-09-01	A/South_Dakota/22/2023_EPI2498586	0.000166	9.39671599999998	11.991771999999978	2.2412635828022567	0.00015359427869000454	9.820435889049692	2024-02-01	ep_star-ne_star	south	2024
2023-09-01	A/St_Kitts/2054/2023_EPI2571736	1.2e-05	10.018118999999974	12.532565999999974	0.8657246088314394	6.25944920102897e-06	10.72199931973302	2024-02-01	ep_star-ne_star	south	2024
2023-09-01	A/Surat_Thani/P278/2023_EPI2474809	2.3e-05	9.41790799999998	11.991652999999978	2.2412635828022567	2.1281134999217495e-05	9.847345598902251	2024-02-01	ep_star-ne_star	south	2024
2023-09-01	A/Sydney/250/2023_EPI2719713	0.005265	5.275058999999975	3.4121049999999964	0.8657246088314394	0.0027463333369514603	5.84230150776203	2024-02-01	ep_star-ne_star	south	2024
2023-09-01	A/Sydney/332/2023_EPI2643073	0.00902	5.275058999999975	3.4121049999999964	0.8657246088314394	0.004705019316106776	5.84230150776203	2024-02-01	ep_star-ne_star	south	2024
2023-09-01	A/Sydney/363/2023_EPI2686167	0.007529000000000001	5.4104409999999765	4.50448999999999	2.2412635828022567	0.006966333278656894	5.844781391113214	2024-02-01	ep_star-ne_star	south	2024
2023-09-01	A/Sydney/420/2023_EPI2686128	0.008636	5.275058999999975	3.4121049999999964	0.8657246088314394	0.004504716941673848	5.84230150776203	2024-02-01	ep_star-ne_star	south	2024
2023-09-01	A/Sydney/555/2023_EPI2719453	0.013772999999999999	6.039689999999981	5.421988999999987	3.616802556773074	0.022605159499057517	6.277584576986889	2024-02-01	ep_star-ne_star	south	2024
2023-09-01	A/Sydney/639/2023_EPI2719479	0.013983	7.3252739999999825	6.359219999999988	3.616802556773074	0.02294982540298565	7.7540455766591165	2024-02-01	ep_star-ne_star	south	2024
2023-09-01	A/Sydney/669/2023_EPI2719535	0.015835	5.4104409999999765	4.50448999999999	2.2412635828022567	0.014651598813591698	5.844781391113214	2024-02-01	ep_star-ne_star	south	2024
2023-09-01	A/Sydney/86/2023_EPI2622305	0.0015279999999999	5.4695289999999765	4.50260899999999	2.2412635828022567	0.0014138075773392266	5.898975051044288	2024-02-01	ep_star-ne_star	south	2024
2023-09-01	A/TOKYO/22173/2023_EPI2611136	0.00037999999999999997	12.247125999999982	14.937951999999974	2.2412635828022567	0.0003516013608566369	12.712960712655065	2024-02-01	ep_star-ne_star	south	2024
2023-09-01	A/TOKYO/23019/2023_EPI2647237	0.002121	12.116941999999984	14.695818999999977	2.2412635828022567	0.0019624907536234916	12.465786368288216	2024-02-01	ep_star-ne_star	south	2024
2023-09-01	A/Tianjin-Jinnan/1278/2023_EPI2667967	0.000992	5.275058999999975	3.4121049999999964	0.8657246088314394	0.0005174478006183949	5.84230150776203	2024-02-01	ep_star-ne_star	south	2024
2023-09-01	A/Timor-Leste/25/2023_EPI2643101	2.3e-05	4.472604999999983	3.5113969999999943	0.8657246088314394	1.1997277635305525e-05	4.901802666198962	2024-02-01	ep_star-ne_star	south	2024
2023-09-01	A/Togo/159/2023_EPI2619420	5.3e-05	7.679872999999974	7.291522999999987	-21.414051462606444	2.5702231069071653e-09	8.098097935689706	2024-02-01	ep_star-ne_star	south	2024
2023-09-01	A/Togo/28/2023_EPI2619436	1.2e-05	6.7000079999999835	6.32889299999999	-10.274163426887503	6.035401405667951e-08	7.098270551009472	2024-02-01	ep_star-ne_star	south	2024
2023-09-01	A/Townsville/37/2023_EPI2718651	0.0007740000000000001	4.472604999999983	3.5113969999999943	0.8657246088314394	0.0004037344734663686	4.901802666198962	2024-02-01	ep_star-ne_star	south	2024
2023-09-01	A/Townsville/42/2023_EPI2686084	0.0016469999999999	4.472604999999983	3.5113969999999943	0.8657246088314394	0.000859109402841174	4.901802666198962	2024-02-01	ep_star-ne_star	south	2024
2023-09-01	A/Uaq/7615/2023_EPI2689888	0.010213	10.586545999999974	11.172299999999991	4.992341530743891	0.02973339070499929	10.82472428963827	2024-02-01	ep_star-ne_star	south	2024
2023-09-01	A/Ulsan/603/2023_EPI2404485	1.2e-05	4.472604999999983	3.5113969999999943	0.8657246088314394	6.25944920102897e-06	4.901802666198962	2024-02-01	ep_star-ne_star	south	2024
2023-09-01	A/Uppsala/1/2023_EPI2645185	0.0037159999999999997	5.275058999999975	3.4121049999999964	0.8657246088314394	0.0019383427692519707	5.84230150776203	2024-02-01	ep_star-ne_star	south	2024
2023-09-01	A/Utah/33/2023_EPI2677149	0.011243000000000001	4.472604999999983	3.5113969999999943	0.8657246088314394	0.005864582280597393	4.901802666198962	2024-02-01	ep_star-ne_star	south	2024
2023-09-01	A/Victoria/1033/2023_EPI2686112	0.005864	5.452469999999977	4.474026999999991	-10.274163426887503	2.9492994869030722e-05	5.901630050879188	2024-02-01	ep_star-ne_star	south	2024
2023-09-01	A/Victoria/1215/2023_EPI2686111	0.0068349999999999	5.452247999999977	4.5090559999999895	2.2412635828022567	0.006324198161723889	5.889048763300815	2024-02-01	ep_star-ne_star	south	2024
2023-09-01	A/Victoria/163/2023_EPI2542291	0.000363	11.258332999999984	13.93669899999999	3.616802556773074	0.0005957796339329034	11.562746458967714	2024-02-01	ep_star-ne_star	south	2024
2023-09-01	A/Victoria/163/2023_EPI2662781	0.000363	11.258332999999984	13.93669899999999	3.616802556773074	0.0005957796339329034	11.562746458967714	2024-02-01	ep_star-ne_star	south	2024
2023-09-01	A/Victoria/1933/2023_EPI2686213	0.013772999999999999	7.568325999999977	6.0537499999999955	-6.14754650497505	0.000386624786926989	7.404606502779354	2024-02-01	ep_star-ne_star	south	2024
2023-09-01	A/Victoria/194/2023_EPI2542157	0.00045700000000000005	4.472604999999983	3.5113969999999943	0.8657246088314394	0.0002383806904058533	4.901802666198962	2024-02-01	ep_star-ne_star	south	2024
2023-09-01	A/Victoria/23/2023_EPI2397580	1.6e-05	10.018118999999974	12.532565999999974	0.8657246088314394	8.345932268038626e-06	10.72199931973302	2024-02-01	ep_star-ne_star	south	2024
2023-09-01	A/Victoria/33/2023_EPI2384231	2.5e-05	11.018048999999982	13.532562999999975	2.2412635828022567	2.3131668477410324e-05	11.721953056396059	2024-02-01	ep_star-ne_star	south	2024
2023-09-01	A/Victoria/502/2023_EPI2622281	0.000953	4.472604999999983	3.5113969999999943	0.8657246088314394	0.0004971045907150507	4.901802666198962	2024-02-01	ep_star-ne_star	south	2024
2023-09-01	A/Victoria/54/2023_EPI2397623	1.7e-05	4.472604999999983	3.5113969999999943	0.8657246088314394	8.86755303479104e-06	4.901802666198962	2024-02-01	ep_star-ne_star	south	2024
2023-09-01	A/Victoria/77/2023_EPI2486999	6.3e-05	5.464395999999977	4.51139399999999	2.2412635828022567	5.8291804563074016e-05	5.894225656872505	2024-02-01	ep_star-ne_star	south	2024
2023-09-01	A/Washington/18/2023_EPI2486751	4.8e-05	11.366648999999976	13.521462999999974	3.616802556773074	7.878077804071451e-05	11.947089333922873	2024-02-01	ep_star-ne_star	south	2024
2023-09-01	A/Wellington/06/2023_EPI2642919	0.000157	7.452545999999981	6.503757999999989	4.992341530743891	0.0004570784628106226	7.898922050655115	2024-02-01	ep_star-ne_star	south	2024
2023-09-01	A/Wisconsin/22/2023_EPI2464158	7.5e-05	10.396074999999975	12.990338999999972	2.2412635828022567	6.939500543223097e-05	10.82004213180032	2024-02-01	ep_star-ne_star	south	2024
2023-09-01	A/Wisconsin/29/2023_EPI2534851	0.00033	11.249149999999982	13.949130999999989	2.2412635828022567	0.0003053380239018163	11.713774546073694	2024-02-01	ep_star-ne_star	south	2024
2023-09-01	A/Xinjiang-Kelamayi/1176/2023_EPI2669319	0.000193	5.275058999999975	3.4121049999999964	0.8657246088314394	0.00010067280798321594	5.84230150776203	2024-02-01	ep_star-ne_star	south	2024
2023-09-01	A/YOKOHAMA/13/2023_EPI2591576	1.9e-05	7.333966999999976	6.7924789999999895	-8.898624452916685	1.6950815314549354e-07	7.514673524090141	2024-02-01	ep_star-ne_star	south	2024
2023-09-01	A/YOKOHAMA/51/2023_EPI2543333	5.3e-05	6.62152299999998	6.33773499999999	-10.274163426887503	2.6656356208366783e-07	7.030111327807893	2024-02-01	ep_star-ne_star	south	2024
2023-09-01	A/Yamaguchi/22FS212_2/2022_EPI2632278	0.007529000000000001	11.222855999999982	13.949130999999989	0.8657246088314394	0.0039272827528789266	11.702277106694055	2024-02-01	ep_star-ne_star	south	2024
2023-09-01	A/Zhejiang-Nanhu/1420/2023_EPI2668624	0.0021969999999999997	5.186237999999976	4.424191999999992	2.2412635828022567	0.002032811025794819	5.41922813781877	2024-02-01	ep_star-ne_star	south	2024
