timepoint	strain	frequency	weighted_distance_to_present	weighted_distance_to_future	fitness	projected_frequency	y	future_timepoint	model	hemisphere	forecast_year
2013-02-01	A/Alabama/17/2012_EPI397564	0.0014039999999999999	6.605402999999978	22.457735	0.05222575342677381	0.001444036707245592	6.576972198611131	2013-09-01	cTiterSub_x-ne_star	north	2013
2013-02-01	A/Alabama/17/2012_EPI399657	0.0014039999999999999	6.605402999999978	22.457735	0.05222575342677381	0.001444036707245592	6.576972198611131	2013-09-01	cTiterSub_x-ne_star	north	2013
2013-02-01	A/Alaska/22/2012_EPI404924	0.0035549999999999996	14.52050799999998	30.31343499999999	0.14768933062810694	0.0038657638883375332	14.643432072572994	2013-09-01	cTiterSub_x-ne_star	north	2013
2013-02-01	A/Arges/126697/2012_EPI416328	0.007885	8.231376999999982	24.027972000000005	0.1543916705259772	0.008607863624916903	8.178613429662247	2013-09-01	cTiterSub_x-ne_star	north	2013
2013-02-01	A/Arizona/09/2012_EPI404980	0.006591	5.736338999999982	22.748757999999995	-0.08318438055267979	0.0062640879073054675	5.773973681341623	2013-09-01	cTiterSub_x-ne_star	north	2013
2013-02-01	A/Attecoube/GR_619/2012_EPI405870	1.4999999999999999e-05	10.600894999999984	27.140078000000013	-0.06786699197498375	1.4383953639906103e-05	10.740304569417226	2013-09-01	cTiterSub_x-ne_star	north	2013
2013-02-01	A/Attecoube/GR_741/2012_EPI405872	7.8e-05	10.600894999999984	27.140078000000013	-0.06786699197498375	7.479655892751174e-05	10.740304569417226	2013-09-01	cTiterSub_x-ne_star	north	2013
2013-02-01	A/Bangladesh/1621/2012_EPI406063	0.002916	9.927437999999983	26.971807000000016	-0.10120739741208662	0.0027423831301139154	10.066310280974246	2013-09-01	cTiterSub_x-ne_star	north	2013
2013-02-01	A/Bangladesh/2596/2012_EPI397570	0.00031600000000000004	7.406915999999979	24.154569999999985	-0.10834221202615178	0.0002959512432915444	7.456170631027304	2013-09-01	cTiterSub_x-ne_star	north	2013
2013-02-01	A/Belem/119244/2012_EPI395227	1.4000000000000001e-05	15.526243999999972	32.54885399999999	-0.033315625473532895	1.3698349443475483e-05	15.736084519723505	2013-09-01	cTiterSub_x-ne_star	north	2013
2013-02-01	A/Bermuda/1915/2012_EPI394812	2e-05	18.739503999999975	35.20022700000001	-0.10875590764961945	1.8726571660139646e-05	18.94359707323069	2013-09-01	cTiterSub_x-ne_star	north	2013
2013-02-01	A/Brazil/8751/2012_EPI387760	1.2e-05	14.526287999999978	31.548953000000008	-0.04265688198048571	1.167763648135009e-05	14.736111916422399	2013-09-01	cTiterSub_x-ne_star	north	2013
2013-02-01	A/Bretagne/1867/2012_EPI416323	0.015609999999999999	12.432123999999991	29.433552999999986	-0.07633818330842583	0.014895114299812816	12.592898802048062	2013-09-01	cTiterSub_x-ne_star	north	2013
2013-02-01	A/British_Columbia/RV2820/2012_EPI394796	4.9e-05	7.298225999999979	24.444709999999986	-0.23760746155017232	4.2558009632302634e-05	7.354321547478009	2013-09-01	cTiterSub_x-ne_star	north	2013
2013-02-01	A/Buenos_Aires/1004423/2012_EPI405878	0.000202	6.333528999999976	23.444819000000003	-0.25628974428012224	0.00017354162407259805	6.387127505980048	2013-09-01	cTiterSub_x-ne_star	north	2013
2013-02-01	A/Buenos_Aires/10435982/2012_EPI405880	0.00023500000000000002	7.071121999999981	24.057305999999993	-0.11969501083400243	0.0002186375982774979	7.1200903996536296	2013-09-01	cTiterSub_x-ne_star	north	2013
2013-02-01	A/CAMBODIA/10/2012_EPI394253	0.000156	9.586024999999982	26.731889000000006	-0.11023573933032069	0.0001459412229644998	9.74199792154003	2013-09-01	cTiterSub_x-ne_star	north	2013
2013-02-01	A/CAMBODIA/31/2012_EPI394322	4.6e-05	8.58635299999998	25.733607999999975	-0.1195769958372735	4.28000932429585e-05	8.742289803985965	2013-09-01	cTiterSub_x-ne_star	north	2013
2013-02-01	A/CAMBODIA/5/2012_EPI394250	6.9e-05	8.536268999999983	25.48332499999999	-0.2672398233670181	5.890162856142175e-05	8.61988078270074	2013-09-01	cTiterSub_x-ne_star	north	2013
2013-02-01	A/CHIBA-C/30/2012_EPI413253	0.014155000000000001	6.473931999999979	23.361244999999986	0.04919063726391303	0.014532893379989992	6.506936575015216	2013-09-01	cTiterSub_x-ne_star	north	2013
2013-02-01	A/CHIBA/19/2012_EPI413257	0.016334	7.441247999999983	24.36122999999999	0.058531893770865845	0.016861696358196506	7.473213182298819	2013-09-01	cTiterSub_x-ne_star	north	2013
2013-02-01	A/CHRISTCHURCH/9/2012_EPI394161	1.8e-05	7.685148999999981	24.701356999999987	-0.046180467709004774	1.748048793910784e-05	7.725421815520919	2013-09-01	cTiterSub_x-ne_star	north	2013
2013-02-01	A/Cairo/136/2012_EPI417003	0.02114	11.39513499999998	28.745411999999988	0.05237516658480494	0.021744727039818515	11.549741497017123	2013-09-01	cTiterSub_x-ne_star	north	2013
2013-02-01	A/Cairo/140/2012_EPI417005	0.02114	8.71671399999998	26.04982199999998	-0.14000723652539504	0.019436412206307013	8.868816078801485	2013-09-01	cTiterSub_x-ne_star	north	2013
2013-02-01	A/Cairo/47/2012_EPI417007	0.014883	9.473127999999985	26.502331999999985	-0.22154052274570113	0.013048064161198698	9.605467229801764	2013-09-01	cTiterSub_x-ne_star	north	2013
2013-02-01	A/Cairo/5/2012_EPI417009	0.012236	8.58132699999998	25.545875999999996	-0.22154052274570113	0.010727414706472302	8.708152180340289	2013-09-01	cTiterSub_x-ne_star	north	2013
2013-02-01	A/Cairo/59/2012_EPI417011	0.0165729999999999	12.545592999999982	29.750631999999996	-0.10264221049758379	0.01557321380442684	12.705200352711103	2013-09-01	cTiterSub_x-ne_star	north	2013
2013-02-01	A/Cairo/81/2012_EPI417013	0.017752	10.601293999999985	28.049668000000015	-0.12132472351148942	0.01650028349856946	10.757399365024325	2013-09-01	cTiterSub_x-ne_star	north	2013
2013-02-01	A/Chanthaburi/324/2012_EPI406048	0.004841	6.55901899999998	23.737249	-0.07384312404572697	0.004626026477897134	6.6003011424453275	2013-09-01	cTiterSub_x-ne_star	north	2013
2013-02-01	A/Clermont-Ferrand/14/2013_EPI416488	0.020368999999999998	7.247162999999978	23.028831	0.14505041401902435	0.022115506431881905	7.195829156912082	2013-09-01	cTiterSub_x-ne_star	north	2013
2013-02-01	A/Colorado/17/2012_EPI391250	3.3e-05	7.116074999999976	23.218248000000003	0.041760649658805896	3.3734466943866175e-05	7.114340686836782	2013-09-01	cTiterSub_x-ne_star	north	2013
2013-02-01	A/Colorado/18/2012_EPI402258	0.005132	8.428045999999984	25.068172000000008	0.04919063726391303	0.005269008041406474	8.459251552936253	2013-09-01	cTiterSub_x-ne_star	north	2013
2013-02-01	A/Costa_Rica/9093/2012_EPI397057	0.0001409999999999	8.950012999999979	25.82480699999999	0.05679525751212709	0.00014540785536023025	9.012650930416708	2013-09-01	cTiterSub_x-ne_star	north	2013
2013-02-01	A/Curico/51369/2012_EPI395236	0.000192	19.96410999999999	36.150240999999994	-0.26100055649464665	0.00016449779726800633	20.15883189645966	2013-09-01	cTiterSub_x-ne_star	north	2013
2013-02-01	A/Dakar/04/2012_EPI417015	0.00379	7.247162999999978	23.028831	0.14505041401902435	0.004114967321755238	7.195829156912082	2013-09-01	cTiterSub_x-ne_star	north	2013
2013-02-01	A/Dakar/15/2012_EPI417021	0.004841	7.247162999999978	23.028831	0.14505041401902435	0.005256083589608734	7.195829156912082	2013-09-01	cTiterSub_x-ne_star	north	2013
2013-02-01	A/Dakar/16/2012_EPI417023	0.0039109999999999995	8.19123799999998	23.646588	0.14505041401902435	0.004246342267911539	8.137174384304252	2013-09-01	cTiterSub_x-ne_star	north	2013
2013-02-01	A/Delaware/10/2012_EPI399645	0.006246	5.736338999999982	22.748757999999995	-0.08318438055267979	0.00593619982840691	5.773973681341623	2013-09-01	cTiterSub_x-ne_star	north	2013
2013-02-01	A/Delaware/15/2012_EPI417237	0.010847	5.736338999999982	22.748757999999995	-0.08318438055267979	0.010308991280616357	5.773973681341623	2013-09-01	cTiterSub_x-ne_star	north	2013
2013-02-01	A/Denmark/67/2012_EPI408103	0.003118	7.685148999999981	24.701356999999987	-0.046180467709004774	0.0030280089663410137	7.725421815520919	2013-09-01	cTiterSub_x-ne_star	north	2013
2013-02-01	A/Denmark/68/2012_EPI408105	0.002916	7.650232999999981	24.706850999999986	0.013221694749825583	0.002931685758145426	7.683387354232288	2013-09-01	cTiterSub_x-ne_star	north	2013
2013-02-01	A/Denmark/71/2012_EPI406237	0.009956	8.613890999999978	25.56217299999998	0.3413745957368511	0.012121281357193649	8.625622733370212	2013-09-01	cTiterSub_x-ne_star	north	2013
2013-02-01	A/Denmark/71/2012_EPI408107	0.009956	8.613890999999978	25.56217299999998	0.3413745957368511	0.012121281357193649	8.625622733370212	2013-09-01	cTiterSub_x-ne_star	north	2013
2013-02-01	A/Denmark/72/2012_EPI406235	0.011304	6.473931999999979	23.361244999999986	0.04919063726391303	0.011605780767743332	6.506936575015216	2013-09-01	cTiterSub_x-ne_star	north	2013
2013-02-01	A/Denmark/74/2012_EPI416256	0.013430000000000001	7.247162999999978	23.028831	0.14505041401902435	0.014581533279992833	7.195829156912082	2013-09-01	cTiterSub_x-ne_star	north	2013
2013-02-01	A/Denmark/75/2012_EPI416249	0.01319	6.5713459999999815	23.727059999999998	-0.07384312404572697	0.012604273754072136	6.613121796904895	2013-09-01	cTiterSub_x-ne_star	north	2013
2013-02-01	A/Denmark/88/2012_EPI416251	0.021847	8.192256999999982	23.986939000000003	0.1543916705259772	0.02384984104166894	8.136702137091644	2013-09-01	cTiterSub_x-ne_star	north	2013
2013-02-01	A/Dominican_Republic/6524/2012_EPI395233	1.1e-05	8.964551999999983	26.061426999999977	-0.0918661409051338	1.0401591495420912e-05	9.1038931376739	2013-09-01	cTiterSub_x-ne_star	north	2013
2013-02-01	A/ENG/570/2012_EPI407285	0.0067670000000000004	9.19113199999998	24.862401999999996	0.056091565172449134	0.006975681780060712	9.168623763486247	2013-09-01	cTiterSub_x-ne_star	north	2013
2013-02-01	A/England/568/2012_EPI405892	0.000663	6.473931999999979	23.361244999999986	0.04919063726391303	0.00068069998664312	6.506936575015216	2013-09-01	cTiterSub_x-ne_star	north	2013
2013-02-01	A/England/569/2012_EPI405894	0.000663	7.703412999999981	24.746884999999985	0.013221694749825583	0.0006665664120886204	7.740852245634013	2013-09-01	cTiterSub_x-ne_star	north	2013
2013-02-01	A/England/575/2012_EPI408111	0.0067670000000000004	7.219091999999979	22.862431999999995	0.0374090521585435	0.0069000726227523256	7.197451437605591	2013-09-01	cTiterSub_x-ne_star	north	2013
2013-02-01	A/England/586/2012_EPI408113	0.008683	7.219091999999979	22.862431999999995	0.0374090521585435	0.008853750640366254	7.197451437605591	2013-09-01	cTiterSub_x-ne_star	north	2013
2013-02-01	A/England/587/2012_EPI408115	0.008279	7.219091999999979	22.862431999999995	0.0374090521585435	0.008441806006172085	7.197451437605591	2013-09-01	cTiterSub_x-ne_star	north	2013
2013-02-01	A/GUNMA/61/2012_EPI406989	0.001702	6.62813999999998	23.705214	-0.08318438055267979	0.0016175811892328788	6.671288730803094	2013-09-01	cTiterSub_x-ne_star	north	2013
2013-02-01	A/GUNMA/64/2012_EPI406202	0.001517	5.736338999999982	22.748757999999995	-0.08318438055267979	0.0014417571469249573	5.773973681341623	2013-09-01	cTiterSub_x-ne_star	north	2013
2013-02-01	A/Georgia/15/2012_EPI397640	0.0012460000000000001	17.172659999999972	33.468371000000005	0.23189041169319333	0.001423131833282371	17.3599874941467	2013-09-01	cTiterSub_x-ne_star	north	2013
2013-02-01	A/Georgia/16/2012_EPI397568	0.0012460000000000001	17.172659999999972	33.468371000000005	0.23189041169319333	0.001423131833282371	17.3599874941467	2013-09-01	cTiterSub_x-ne_star	north	2013
2013-02-01	A/Georgia/3058/2012_EPI407619	0.003016	14.526287999999978	31.548953000000008	-0.04265688198048571	0.0029349793023126557	14.736111916422399	2013-09-01	cTiterSub_x-ne_star	north	2013
2013-02-01	A/Ghana/ARI_1494/2012_EPI392250	3.1e-05	11.076874999999989	27.83779199999999	-0.05852573546803093	2.9889263163037167e-05	11.237442723198534	2013-09-01	cTiterSub_x-ne_star	north	2013
2013-02-01	A/Ghana/FS-12-758/2012_EPI392260	2.3e-05	10.07703299999998	26.83780700000002	-0.06786699197498375	2.205539558118936e-05	10.237579874853262	2013-09-01	cTiterSub_x-ne_star	north	2013
2013-02-01	A/Gothenburg/7/2012_EPI397115	0.00040199999999999996	6.73544999999998	23.696593000000004	-0.07384312404572697	0.0003841484495175889	6.773138650119347	2013-09-01	cTiterSub_x-ne_star	north	2013
2013-02-01	A/Gothenburg/8/2012_EPI399564	0.004841	7.449272999999979	24.06860699999999	0.058531893770865845	0.004997396355456671	7.480379892846807	2013-09-01	cTiterSub_x-ne_star	north	2013
2013-02-01	A/Guam/3057/2012_EPI407616	0.00086	10.387024999999984	26.774464999999974	0.12883185618443319	0.0009249469990966847	10.418786704367811	2013-09-01	cTiterSub_x-ne_star	north	2013
2013-02-01	A/HIROSHIMA/21/2012_EPI413251	0.00808	6.473931999999979	23.361244999999986	0.04919063726391303	0.00829571024445914	6.506936575015216	2013-09-01	cTiterSub_x-ne_star	north	2013
2013-02-01	A/HYOGO/3056/2012_EPI406191	0.000365	5.736338999999982	22.748757999999995	-0.08318438055267979	0.00034689608347238587	5.773973681341623	2013-09-01	cTiterSub_x-ne_star	north	2013
2013-02-01	A/HYOGO/3059/2012_EPI407006	0.00379	7.497203999999978	23.414191	0.05222575342677381	0.0038980762966244974	7.474287248072604	2013-09-01	cTiterSub_x-ne_star	north	2013
2013-02-01	A/Hawaii/22/2012_EPI397362	9.2e-05	9.856994999999982	26.625036999999978	-0.02720001933653074	9.033943096080088e-05	9.886977082224009	2013-09-01	cTiterSub_x-ne_star	north	2013
2013-02-01	A/Hawaii/24/2012_EPI397567	0.0011970000000000001	7.596939999999982	24.705198999999986	0.003880438242872767	0.0011968991225475218	7.639829423514195	2013-09-01	cTiterSub_x-ne_star	north	2013
2013-02-01	A/Hawaii/25/2012_EPI398016	0.001297	8.867998999999985	25.824880999999998	-0.02720001933653074	0.0012735895864799862	8.89533307561183	2013-09-01	cTiterSub_x-ne_star	north	2013
2013-02-01	A/Hawaii/25/2012_EPI398022	0.001297	10.842164999999977	27.821022999999983	-0.017858762829577924	0.0012805484028775922	10.86963368035746	2013-09-01	cTiterSub_x-ne_star	north	2013
2013-02-01	A/Hawaii/26/2012_EPI398019	0.001297	10.863506999999975	27.915940999999986	-0.02720001933653074	0.0012735895864799862	10.895494287749187	2013-09-01	cTiterSub_x-ne_star	north	2013
2013-02-01	A/Hawaii/26/2012_EPI398033	0.001297	7.893448999999982	24.91811	-0.02720001933653074	0.0012735895864799862	7.925025348000673	2013-09-01	cTiterSub_x-ne_star	north	2013
2013-02-01	A/Hawaii/27/2012_EPI405001	0.00086	14.751668999999968	31.675751999999974	0.0807047464420609	0.0008993410156042677	14.912881771928758	2013-09-01	cTiterSub_x-ne_star	north	2013
2013-02-01	A/Hawaii/27/2012_EPI406919	0.00086	13.756175999999995	30.676396999999977	0.09004600294901371	0.0009042549604675606	13.916898201314424	2013-09-01	cTiterSub_x-ne_star	north	2013
2013-02-01	A/Hawaii/28/2012_EPI401752	0.0035549999999999996	7.893448999999982	24.91811	-0.02720001933653074	0.0034908334463657287	7.925025348000673	2013-09-01	cTiterSub_x-ne_star	north	2013
2013-02-01	A/Hawaii/30/2012_EPI404923	0.005752	8.829927999999983	25.875301999999998	-0.017858762829577924	0.005679039640209646	8.864460556906323	2013-09-01	cTiterSub_x-ne_star	north	2013
2013-02-01	A/Hong_Kong/8116/2012_EPI391276	4.4e-05	5.736338999999982	22.748757999999995	-0.08318438055267979	4.1817610062424605e-05	5.773973681341623	2013-09-01	cTiterSub_x-ne_star	north	2013
2013-02-01	A/Hong_Kong/8117/2012_EPI392264	4.4e-05	6.73623499999998	23.748256000000005	-0.08318438055267979	4.1817610062424605e-05	6.773890046121502	2013-09-01	cTiterSub_x-ne_star	north	2013
2013-02-01	A/Hong_Kong/8118/2012_EPI391234	4.4e-05	6.605402999999978	22.457735	0.05222575342677381	4.525471162308123e-05	6.576972198611131	2013-09-01	cTiterSub_x-ne_star	north	2013
2013-02-01	A/Hong_Kong/8119/2012_EPI392266	4.4e-05	7.34643199999998	24.153439999999986	-0.08921939869427799	4.167065303599667e-05	7.391017871530288	2013-09-01	cTiterSub_x-ne_star	north	2013
2013-02-01	A/Hong_Kong/8147/2012_EPI392268	4.4e-05	5.736338999999982	22.748757999999995	-0.08318438055267979	4.1817610062424605e-05	5.773973681341623	2013-09-01	cTiterSub_x-ne_star	north	2013
2013-02-01	A/Hong_Kong/8150/2012_EPI392270	4.6e-05	6.73623099999998	23.747977000000002	-0.07384312404572697	4.395728526818182e-05	6.773885766771092	2013-09-01	cTiterSub_x-ne_star	north	2013
2013-02-01	A/Hong_Kong/8152/2012_EPI392272	4.4e-05	8.656607999999975	24.799094999999994	0.20365821212968302	4.9434194935497955e-05	8.687445089798329	2013-09-01	cTiterSub_x-ne_star	north	2013
2013-02-01	A/Idaho/20/2012_EPI387796	1.6e-05	5.736338999999982	22.748757999999995	-0.08318438055267979	1.520640365906349e-05	5.773973681341623	2013-09-01	cTiterSub_x-ne_star	north	2013
2013-02-01	A/Indiana/07/2012_EPI378515	0.000134	70.71165099999997	52.91087099999997	0.18623073588489586	0.0001490268555247474	70.67790480565867	2013-09-01	cTiterSub_x-ne_star	north	2013
2013-02-01	A/Indiana/114/2012_EPI397912	0.000365	70.69625199999997	52.91077699999997	0.18623073588489586	0.0004059313601980059	70.66403462185725	2013-09-01	cTiterSub_x-ne_star	north	2013
2013-02-01	A/Indiana/125/2012_EPI396246	0.000332	69.06006099999995	51.793995999999964	0.17688947937794305	0.00036722422573553484	69.01657478755969	2013-09-01	cTiterSub_x-ne_star	north	2013
2013-02-01	A/Indiana/132/2012_EPI394913	0.000332	69.714459	51.91088599999991	0.17688947937794305	0.00036722422573553484	69.68104649814856	2013-09-01	cTiterSub_x-ne_star	north	2013
2013-02-01	A/Indiana/133/2012_EPI396270	0.000332	69.714459	51.91088599999991	0.17688947937794305	0.00036722422573553484	69.68104649814856	2013-09-01	cTiterSub_x-ne_star	north	2013
2013-02-01	A/Indiana/150/2012_EPI397340	0.000421	69.714459	51.91088599999991	0.17688947937794305	0.0004656668645622294	69.68104649814856	2013-09-01	cTiterSub_x-ne_star	north	2013
2013-02-01	A/Indiana/152/2012_EPI395251	0.000462	69.714459	51.91088599999991	0.17688947937794305	0.0005110168442464371	69.68104649814856	2013-09-01	cTiterSub_x-ne_star	north	2013
2013-02-01	A/Indiana/158/2012_EPI394900	0.000332	14.526287999999978	31.548953000000008	-0.04265688198048571	0.00032308127598401913	14.736111916422399	2013-09-01	cTiterSub_x-ne_star	north	2013
2013-02-01	A/Indiana/16/2012_EPI388362	0.00028700000000000004	69.714459	51.91088599999991	0.17688947937794305	0.0003174498577894534	69.68104649814856	2013-09-01	cTiterSub_x-ne_star	north	2013
2013-02-01	A/Indiana/162/2012_EPI404956	0.009956	8.181493999999983	25.041235000000015	0.020904356133501632	0.010054514367968444	8.225182575693982	2013-09-01	cTiterSub_x-ne_star	north	2013
2013-02-01	A/Indiana/21/2012_EPI397204	0.00028700000000000004	71.69083399999997	53.910226000000016	0.17688947937794305	0.0003174498577894534	71.65728641576156	2013-09-01	cTiterSub_x-ne_star	north	2013
2013-02-01	A/Indiana/46/2012_EPI392699	0.000301	69.72879599999999	52.203508999999904	0.17688947937794305	0.000332935216706012	69.69692171398965	2013-09-01	cTiterSub_x-ne_star	north	2013
2013-02-01	A/Indiana/60/2012_EPI394066	0.00031600000000000004	71.04505700000001	53.76409599999997	0.19557199239184866	0.000353356692837625	71.00243969214262	2013-09-01	cTiterSub_x-ne_star	north	2013
2013-02-01	A/Indiana/77/2012_EPI396183	0.00031600000000000004	69.714459	51.91088599999991	0.17688947937794305	0.00034952667268803924	69.68104649814856	2013-09-01	cTiterSub_x-ne_star	north	2013
2013-02-01	A/Indiana/93/2012_EPI397396	0.000383	69.714459	51.91088599999991	0.17688947937794305	0.00042363517607442723	69.68104649814856	2013-09-01	cTiterSub_x-ne_star	north	2013
2013-02-01	A/Japan/3060/2012_EPI407625	0.005752	6.685666999999979	23.163496999999996	-0.05480948712104946	0.005557940087971092	6.720811630452678	2013-09-01	cTiterSub_x-ne_star	north	2013
2013-02-01	A/Jiangsu-Danyang/1647/2012_EPI417216	0.004841	18.392412999999966	32.86855700000002	-0.39621193016922224	0.0038330077843284575	18.579781331137696	2013-09-01	cTiterSub_x-ne_star	north	2013
2013-02-01	A/Jiangsu-Donghai/57/2012_EPI417213	0.001297	19.37980199999996	33.86833200000001	-0.39621193016922224	0.0010269388754955606	19.567577672504346	2013-09-01	cTiterSub_x-ne_star	north	2013
2013-02-01	A/Jiangsu-Xinpu/1385/2012_EPI417219	0.000789	19.130005999999963	33.48104400000002	-0.24689846256691736	0.0006815668576026625	19.312744224811293	2013-09-01	cTiterSub_x-ne_star	north	2013
2013-02-01	A/Johannesburg/3224/2012_EPI405934	1.1e-05	11.484647999999982	27.844461999999975	-0.05321009981503061	1.0638805155030127e-05	11.63163858634066	2013-09-01	cTiterSub_x-ne_star	north	2013
2013-02-01	A/Johannesburg/3303/2012_EPI405936	2.7000000000000002e-05	11.046890999999983	27.237945999999987	-0.05852573546803093	2.603258404522592e-05	11.2042812938728	2013-09-01	cTiterSub_x-ne_star	north	2013
2013-02-01	A/Johannesburg/3392/2012_EPI405938	4.1e-05	10.674174999999984	27.217349999999993	-0.08618459626222878	3.889827289787307e-05	10.849419858996928	2013-09-01	cTiterSub_x-ne_star	north	2013
2013-02-01	A/Johannesburg/3495/2012_EPI405940	6.9e-05	11.48412999999998	27.792311999999974	-0.05321009981503061	6.673432324518897e-05	11.63114224685496	2013-09-01	cTiterSub_x-ne_star	north	2013
2013-02-01	A/Johannesburg/5903/2012_EPI405948	6.6e-05	10.07703299999998	26.83780700000002	-0.06786699197498375	6.328939601558687e-05	10.237579874853262	2013-09-01	cTiterSub_x-ne_star	north	2013
2013-02-01	A/KAGOSHIMA/2/2012_EPI393443	5.2000000000000004e-05	9.163473999999978	26.004975999999985	-0.25628974428012224	4.467408144443118e-05	9.219250225150201	2013-09-01	cTiterSub_x-ne_star	north	2013
2013-02-01	A/KAGOSHIMA/3/2012_EPI396310	4.9e-05	6.333528999999976	23.444819000000003	-0.25628974428012224	4.209673059186784e-05	6.387127505980048	2013-09-01	cTiterSub_x-ne_star	north	2013
2013-02-01	A/KAGOSHIMA/4/2012_EPI396312	4.9e-05	6.333528999999976	23.444819000000003	-0.25628974428012224	4.209673059186784e-05	6.387127505980048	2013-09-01	cTiterSub_x-ne_star	north	2013
2013-02-01	A/KAWASAKI/86/2012_EPI393444	1.4999999999999999e-05	7.7063689999999765	24.163196999999986	-0.07384312404572697	1.4333897370059288e-05	7.740834173203135	2013-09-01	cTiterSub_x-ne_star	north	2013
2013-02-01	A/KUMAMOTO-C/14/2012_EPI394961	4.4e-05	8.551518999999978	25.322955999999984	-0.07384312404572697	4.204609895217391e-05	8.589899423728188	2013-09-01	cTiterSub_x-ne_star	north	2013
2013-02-01	A/KYOTO-C/1/2012_EPI406192	0.000484	6.680413999999977	23.366515000000007	-0.08318438055267979	0.00045999371068667066	6.715318908733791	2013-09-01	cTiterSub_x-ne_star	north	2013
2013-02-01	A/Kentucky/12/2012_EPI394837	0.000332	5.736338999999982	22.748757999999995	-0.08318438055267979	0.00031553287592556747	5.773973681341623	2013-09-01	cTiterSub_x-ne_star	north	2013
2013-02-01	A/Kentucky/17/2012_EPI407309	0.012473	15.655492999999977	32.380506000000004	-0.27968306950855226	0.010570530450684288	15.864705868250097	2013-09-01	cTiterSub_x-ne_star	north	2013
2013-02-01	A/Kenya/125/2012_EPI395230	3.1e-05	11.397550999999984	27.844461999999975	-0.3157979126542803	2.5723986608243997e-05	11.549250688354267	2013-09-01	cTiterSub_x-ne_star	north	2013
2013-02-01	A/Kenya/136/2012_EPI407094	0.000975	13.322059999999983	29.455253000000003	-0.14218084377516163	0.0008952927660625676	13.475270045203604	2013-09-01	cTiterSub_x-ne_star	north	2013
2013-02-01	A/Laos/I669/2012_EPI413264	0.001297	9.525831999999983	26.440970000000004	-0.07633818330842583	0.001237601745474518	9.682269487846927	2013-09-01	cTiterSub_x-ne_star	north	2013
2013-02-01	A/Laos/I726/2012_EPI413265	0.002205	9.525831999999983	26.440970000000004	-0.07633818330842583	0.002104018387641721	9.682269487846927	2013-09-01	cTiterSub_x-ne_star	north	2013
2013-02-01	A/Laos/I763/2012_EPI413266	0.0036710000000000002	10.417632999999984	27.397426000000024	-0.07633818330842583	0.003502880499334584	10.579584537308408	2013-09-01	cTiterSub_x-ne_star	north	2013
2013-02-01	A/Laos/O095/2012_EPI413268	0.0039109999999999995	7.583232999999977	23.165081	0.06156700993372663	0.0040445055962464145	7.552942120507064	2013-09-01	cTiterSub_x-ne_star	north	2013
2013-02-01	A/Linares/52087/2012_EPI394781	0.000202	7.96292299999998	25.013762	-0.11969501083400243	0.0001879352972427854	8.017405449115104	2013-09-01	cTiterSub_x-ne_star	north	2013
2013-02-01	A/Lisboa/SU15/2013_EPI417027	0.022366999999999998	7.247162999999978	23.028831	0.14505041401902435	0.02428482165849588	7.195829156912082	2013-09-01	cTiterSub_x-ne_star	north	2013
2013-02-01	A/Madagascar/03535/2012_EPI392290	1.3000000000000001e-05	7.323530999999981	24.428995999999987	-0.2469484877731694	1.1229544480220356e-05	7.377050532523113	2013-09-01	cTiterSub_x-ne_star	north	2013
2013-02-01	A/Madagascar/03545/2012_EPI395019	1.1e-05	8.989134999999983	26.352351999999982	0.016717351381108962	1.1081745370710692e-05	9.130389373958469	2013-09-01	cTiterSub_x-ne_star	north	2013
2013-02-01	A/Madagascar/03619/2012_EPI392294	1.9e-05	8.989134999999983	26.352351999999982	0.016717351381108962	1.914119654940938e-05	9.130389373958469	2013-09-01	cTiterSub_x-ne_star	north	2013
2013-02-01	A/Maine/08/2012_EPI404950	0.007691	13.145729999999983	28.424197000000014	0.07272079462461123	0.008005456805542986	13.276492538860483	2013-09-01	cTiterSub_x-ne_star	north	2013
2013-02-01	A/Malmoe/5/2012_EPI397368	0.002916	6.473931999999979	23.361244999999986	0.04919063726391303	0.0029938479050548084	6.506936575015216	2013-09-01	cTiterSub_x-ne_star	north	2013
2013-02-01	A/Managua/726.03/2012_EPI396164	9.7e-05	16.446285999999972	32.34900000000002	-0.2803765398606112	8.217163168370084e-05	16.64997638448593	2013-09-01	cTiterSub_x-ne_star	north	2013
2013-02-01	A/Maryland/18/2012_EPI391268	1.6e-05	8.943057999999985	25.99214599999998	0.1570212677484833	1.7493626139788936e-05	9.080537318043675	2013-09-01	cTiterSub_x-ne_star	north	2013
2013-02-01	A/Massachusetts/07/2012_EPI406054	0.009309999999999999	11.546366999999973	27.895988000000003	-0.008517506322625108	0.00924213276901053	11.580089515788682	2013-09-01	cTiterSub_x-ne_star	north	2013
2013-02-01	A/Michigan/19/2012_EPI397344	0.000607	68.78702199999994	51.49617899999995	-0.01580399496396715	0.0006000193629261452	68.76107829906321	2013-09-01	cTiterSub_x-ne_star	north	2013
2013-02-01	A/Michigan/22/2012_EPI397056	0.00053	5.736338999999982	22.748757999999995	-0.08318438055267979	0.0005037121212064781	5.773973681341623	2013-09-01	cTiterSub_x-ne_star	north	2013
2013-02-01	A/Michigan/32/2012_EPI416138	0.012236	6.473931999999979	23.361244999999986	0.04919063726391303	0.012562662196930946	6.506936575015216	2013-09-01	cTiterSub_x-ne_star	north	2013
2013-02-01	A/Micronesia/6310/2012_EPI395003	0.000273	7.630760999999977	24.121604999999985	-0.04546823061409665	0.0002652309067741362	7.661684610632233	2013-09-01	cTiterSub_x-ne_star	north	2013
2013-02-01	A/Minnesota/15/2012_EPI397426	0.0014039999999999999	70.71163499999996	52.90975099999997	0.18623073588489586	0.0015614455608712339	70.67792360702681	2013-09-01	cTiterSub_x-ne_star	north	2013
2013-02-01	A/Mississippi/13/2012_EPI404941	0.011075	14.526287999999978	31.548953000000008	-0.04265688198048571	0.010777485335912686	14.736111916422399	2013-09-01	cTiterSub_x-ne_star	north	2013
2013-02-01	A/Montana/13/2012_EPI407302	0.012001000000000001	7.566445999999978	23.165096999999996	0.06156700993372663	0.01241066521619873	7.535609781904233	2013-09-01	cTiterSub_x-ne_star	north	2013
2013-02-01	A/NAGANO/2376/2012_EPI406201	0.001297	6.73372899999998	23.748743000000005	-0.07384312404572697	0.0012394043259311264	6.7714948726897655	2013-09-01	cTiterSub_x-ne_star	north	2013
2013-02-01	A/NEWCASTLE/57/2012_EPI394316	0.00011399999999999999	7.989210999999978	25.354064999999988	-0.10120739741208662	0.00010721250920198433	8.130449819842303	2013-09-01	cTiterSub_x-ne_star	north	2013
2013-02-01	A/NIIGATA-C/83/2012_EPI407000	0.0012460000000000001	6.685666999999979	23.163496999999996	-0.05480948712104946	0.0012039626824777439	6.720811630452678	2013-09-01	cTiterSub_x-ne_star	north	2013
2013-02-01	A/NIIGATA/1421/2012_EPI413256	0.013671	7.5092969999999815	24.737233999999983	-0.06450186753877415	0.013135294498625284	7.552634024029045	2013-09-01	cTiterSub_x-ne_star	north	2013
2013-02-01	A/Nevada/25/2012_EPI387790	9.7e-05	14.834124999999974	31.57434500000002	-0.27968306950855226	8.220487883559497e-05	15.038885325934762	2013-09-01	cTiterSub_x-ne_star	north	2013
2013-02-01	A/Nevada/26/2012_EPI404935	0.008279	15.41808899999997	32.50540899999999	-0.04265688198048571	0.008056596035758116	15.633426965883864	2013-09-01	cTiterSub_x-ne_star	north	2013
2013-02-01	A/Nevada/27/2012_EPI407304	0.012236	6.9375949999999795	22.853395999999993	0.06492242360401204	0.012678478786579274	6.934823901267187	2013-09-01	cTiterSub_x-ne_star	north	2013
2013-02-01	A/New_Hampshire/11/2012_EPI397604	0.002205	7.893448999999982	24.91811	-0.02720001933653074	0.0021652004920496297	7.925025348000673	2013-09-01	cTiterSub_x-ne_star	north	2013
2013-02-01	A/New_Hampshire/11/2012_EPI397886	0.002205	8.867214999999984	25.902280999999995	-0.017858762829577924	0.002177031016457279	8.900917441898823	2013-09-01	cTiterSub_x-ne_star	north	2013
2013-02-01	A/New_York/35/2012_EPI398025	0.001349	6.7336249999999795	23.748743000000005	-0.07384312404572697	0.0012890951701473319	6.771395491001333	2013-09-01	cTiterSub_x-ne_star	north	2013
2013-02-01	A/Niedersachsen/29/2012_EPI408126	0.009309999999999999	6.605402999999978	22.457735	0.05222575342677381	0.009575485572974688	6.576972198611131	2013-09-01	cTiterSub_x-ne_star	north	2013
2013-02-01	A/North_Dakota/07/2012_EPI407336	0.010847	11.509181999999985	28.195651999999995	-0.08618459626222878	0.010290965027395833	11.688567974560192	2013-09-01	cTiterSub_x-ne_star	north	2013
2013-02-01	A/Norway/1443/2012_EPI405954	1.4000000000000001e-05	15.495390999999971	31.929512	-0.033315625473532895	1.3698349443475483e-05	15.702107054408438	2013-09-01	cTiterSub_x-ne_star	north	2013
2013-02-01	A/Norway/2097/2012_EPI417186	0.0035549999999999996	7.564219999999981	24.727044999999986	-0.07384312404572697	0.003397133676704051	7.606327529551483	2013-09-01	cTiterSub_x-ne_star	north	2013
2013-02-01	A/Norway/2108/2012_EPI417184	0.0035549999999999996	6.5713459999999815	23.727059999999998	-0.07384312404572697	0.003397133676704051	6.613121796904895	2013-09-01	cTiterSub_x-ne_star	north	2013
2013-02-01	A/Norway/2181/2012_EPI417189	0.008683	7.456549999999983	24.36122999999999	0.058531893770865845	0.008963518395874878	7.489009538223463	2013-09-01	cTiterSub_x-ne_star	north	2013
2013-02-01	A/Norway/2247/2012_EPI417187	0.010176000000000001	6.5713459999999815	23.727059999999998	-0.07384312404572697	0.009724115975848224	6.613121796904895	2013-09-01	cTiterSub_x-ne_star	north	2013
2013-02-01	A/Norway/2294/2012_EPI417182	0.009956	7.671356999999982	24.74093999999998	0.013221694749825583	0.010009555352570598	7.711412236312732	2013-09-01	cTiterSub_x-ne_star	north	2013
2013-02-01	A/OKINAWA/39/2012_EPI406173	4.9e-05	6.680413999999977	23.366515000000007	-0.08318438055267979	4.656961120588194e-05	6.715318908733791	2013-09-01	cTiterSub_x-ne_star	north	2013
2013-02-01	A/OKINAWA/41/2012_EPI406176	6.6e-05	5.736338999999982	22.748757999999995	-0.08318438055267979	6.272641509363691e-05	5.773973681341623	2013-09-01	cTiterSub_x-ne_star	north	2013
2013-02-01	A/OKINAWA/59/2012_EPI406179	0.0006929999999999	6.730407999999979	23.734702000000006	-0.08318438055267979	0.0006586273584830924	6.7674361236581495	2013-09-01	cTiterSub_x-ne_star	north	2013
2013-02-01	A/OSAKA-C/69/2012_EPI407004	0.001702	6.73274299999998	23.748743000000005	-0.07384312404572697	0.0016264195549227272	6.77053863253584	2013-09-01	cTiterSub_x-ne_star	north	2013
2013-02-01	A/OSAKA-C/71/2012_EPI407005	0.007501000000000001	5.736338999999982	22.748757999999995	-0.08318438055267979	0.007128952115414704	5.773973681341623	2013-09-01	cTiterSub_x-ne_star	north	2013
2013-02-01	A/OSAKA/58/2012_EPI406185	0.00040199999999999996	9.115479999999982	26.355386999999986	-0.08252488439818098	0.0003822079013617935	9.25434076528706	2013-09-01	cTiterSub_x-ne_star	north	2013
2013-02-01	A/Ohio/14/2012_EPI388305	0.00026000000000000003	71.68199199999997	53.872568000000015	0.19557199239184866	0.0002907365194233624	71.65128568801215	2013-09-01	cTiterSub_x-ne_star	north	2013
2013-02-01	A/Ohio/16/2012_EPI388339	0.00024700000000000004	71.68199199999997	53.872568000000015	0.19557199239184866	0.00027619969345219424	71.65128568801215	2013-09-01	cTiterSub_x-ne_star	north	2013
2013-02-01	A/Ohio/18/2012_EPI388321	0.00023500000000000002	72.66764699999985	54.84268299999997	0.2049132488988015	0.00026421690480239035	72.63786680790304	2013-09-01	cTiterSub_x-ne_star	north	2013
2013-02-01	A/Ohio/20/2012_EPI392681	0.00024700000000000004	72.66764699999985	54.84268299999997	0.2049132488988015	0.00027770883185612944	72.63786680790304	2013-09-01	cTiterSub_x-ne_star	north	2013
2013-02-01	A/Ohio/23/2012_EPI393688	0.000273	72.68116599999986	54.87240499999998	0.23818847840184343	0.00031295743988753194	72.65038171002095	2013-09-01	cTiterSub_x-ne_star	north	2013
2013-02-01	A/Ohio/34/2012_EPI397206	0.000332	70.72805399999997	53.20349399999998	0.18623073588489586	0.0003692307166732547	70.69611066155636	2013-09-01	cTiterSub_x-ne_star	north	2013
2013-02-01	A/Ohio/63/2012_EPI396291	0.000462	70.71351899999998	52.91087099999997	0.17688947937794305	0.0005110168442464371	70.68002446446008	2013-09-01	cTiterSub_x-ne_star	north	2013
2013-02-01	A/Ohio/75/2012_EPI394937	0.000607	69.714459	51.91088599999991	0.17688947937794305	0.0006714009187393664	69.68104649814856	2013-09-01	cTiterSub_x-ne_star	north	2013
2013-02-01	A/Ohio/83/2012_EPI397677	0.001349	70.72941899999998	53.496116999999984	0.2049132488988015	0.0015167174662911681	70.69741554196044	2013-09-01	cTiterSub_x-ne_star	north	2013
2013-02-01	A/Ohio/88/2012_EPI397961	0.001702	69.732133	52.49613199999991	0.19557199239184866	0.0019032059848406258	69.70044897689303	2013-09-01	cTiterSub_x-ne_star	north	2013
2013-02-01	A/Ohio/97/2012_EPI412140	0.017285	7.438388999999982	24.36122999999999	0.058531893770865845	0.017843419955395283	7.47025375701895	2013-09-01	cTiterSub_x-ne_star	north	2013
2013-02-01	A/Oklahoma/04/2012_EPI401749	0.004425	19.16639699999997	35.47776100000001	0.2577760332452639	0.005130954803622861	19.34517331172331	2013-09-01	cTiterSub_x-ne_star	north	2013
2013-02-01	A/Oklahoma/3059/2012_EPI407622	0.004035	7.247162999999978	23.028831	0.14505041401902435	0.004380974444137832	7.195829156912082	2013-09-01	cTiterSub_x-ne_star	north	2013
2013-02-01	A/Ostersund/2/2012_EPI397815	0.004699	6.333480999999979	23.12830099999999	-0.1014629138844629	0.004418565750511512	6.385813665485291	2013-09-01	cTiterSub_x-ne_star	north	2013
2013-02-01	A/Ostersund/3/2012_EPI399537	0.006079	14.526287999999978	31.548953000000008	-0.04265688198048571	0.005915696014177267	14.736111916422399	2013-09-01	cTiterSub_x-ne_star	north	2013
2013-02-01	A/Ostersund/4/2012_EPI399560	0.0067670000000000004	14.526287999999978	31.548953000000008	-0.04265688198048571	0.006585213839108006	14.736111916422399	2013-09-01	cTiterSub_x-ne_star	north	2013
2013-02-01	A/PHILIPPINES/15/2012_EPI394274	0.00028700000000000004	7.45081999999998	24.693704999999984	-0.07384312404572697	0.00027425523634713446	7.4976161919067925	2013-09-01	cTiterSub_x-ne_star	north	2013
2013-02-01	A/PHILIPPINES/26/2012_EPI394277	0.00028700000000000004	5.736338999999982	22.748757999999995	-0.08318438055267979	0.00027276486563445143	5.773973681341623	2013-09-01	cTiterSub_x-ne_star	north	2013
2013-02-01	A/Paraguay/32/2012_EPI394831	6.2e-05	14.526287999999978	31.548953000000008	-0.04265688198048571	6.0334455153642134e-05	14.736111916422399	2013-09-01	cTiterSub_x-ne_star	north	2013
2013-02-01	A/Paris/1651/2012_EPI417031	0.007885	5.736338999999982	22.748757999999995	-0.08318438055267979	0.007493905803232227	5.773973681341623	2013-09-01	cTiterSub_x-ne_star	north	2013
2013-02-01	A/Paris/1966/2012_EPI417061	0.017983000000000002	9.175060999999982	24.959512999999987	0.14505041401902435	0.019524922782882436	9.117610259846833	2013-09-01	cTiterSub_x-ne_star	north	2013
2013-02-01	A/Pennsylvania/11/2012_EPI394069	0.0005059999999999	70.69314399999995	52.910450999999966	0.17688947937794305	0.0005596851151269394	70.65971999750832	2013-09-01	cTiterSub_x-ne_star	north	2013
2013-02-01	A/Pennsylvania/11/2012_EPI395270	0.0005059999999999	69.714459	51.91088599999991	0.17688947937794305	0.0005596851151269394	69.68104649814856	2013-09-01	cTiterSub_x-ne_star	north	2013
2013-02-01	A/Pennsylvania/20/2012_EPI404938	0.0069459999999999	7.247162999999978	23.028831	0.14505041401902435	0.007541573355385612	7.195829156912082	2013-09-01	cTiterSub_x-ne_star	north	2013
2013-02-01	A/Pennsylvania/21/2012_EPI407118	0.010176000000000001	7.893448999999982	24.91811	-0.02720001933653074	0.009992326624533802	7.925025348000673	2013-09-01	cTiterSub_x-ne_star	north	2013
2013-02-01	A/Peru/1026/2012_EPI401743	0.00379	13.27256399999998	29.137187999999995	-0.1699090983285185	0.0034243254747661775	13.439702267784838	2013-09-01	cTiterSub_x-ne_star	north	2013
2013-02-01	A/Peru/1339/2012_EPI396162	2.7000000000000002e-05	7.989210999999978	25.354064999999988	-0.10120739741208662	2.539243638994366e-05	8.130449819842303	2013-09-01	cTiterSub_x-ne_star	north	2013
2013-02-01	A/Poitiers/2407/2012_EPI416516	0.0069459999999999	7.247162999999978	23.028831	0.14505041401902435	0.007541573355385612	7.195829156912082	2013-09-01	cTiterSub_x-ne_star	north	2013
2013-02-01	A/Prachuapkhirikhan/328/2012_EPI406057	0.005437	7.949441999999979	25.100859999999987	-0.08010781011943709	0.005176607994711524	8.01878721746972	2013-09-01	cTiterSub_x-ne_star	north	2013
2013-02-01	A/Puerto_Montt/51699/2012_EPI394821	0.000183	7.071121999999981	24.057305999999993	-0.11969501083400243	0.00017025821482886006	7.1200903996536296	2013-09-01	cTiterSub_x-ne_star	north	2013
2013-02-01	A/Puerto_Rico/04/2012_EPI387763	1.1e-05	8.331922999999986	25.444788999999982	-0.2469484877731694	9.501922252494148e-06	8.385536102872349	2013-09-01	cTiterSub_x-ne_star	north	2013
2013-02-01	A/Puerto_Rico/08/2012_EPI391271	1.8e-05	16.37538899999997	32.709164000000015	-0.07191210377157821	1.7220063093133373e-05	16.580590716693283	2013-09-01	cTiterSub_x-ne_star	north	2013
2013-02-01	A/Puerto_Rico/23/2012_EPI394787	2.1e-05	7.333174999999982	24.444803999999987	-0.2469484877731694	1.814003339112519e-05	7.3868312577564295	2013-09-01	cTiterSub_x-ne_star	north	2013
2013-02-01	A/Puerto_Rico/34/2012_EPI394790	4.4e-05	7.989210999999978	25.354064999999988	-0.10120739741208662	4.138026670953781e-05	8.130449819842303	2013-09-01	cTiterSub_x-ne_star	north	2013
2013-02-01	A/Puerto_Rico/36/2012_EPI397054	4.6e-05	18.361687999999976	34.693906000000034	-0.07191210377157821	4.400682790467417e-05	18.567935098529958	2013-09-01	cTiterSub_x-ne_star	north	2013
2013-02-01	A/Puerto_Rico/36/2012_EPI397068	4.6e-05	17.37528099999997	33.70914900000001	-0.07191210377157821	4.400682790467417e-05	17.580502703037475	2013-09-01	cTiterSub_x-ne_star	north	2013
2013-02-01	A/Puerto_Rico/36/2012_EPI402249	4.6e-05	18.34902499999998	34.70701000000004	-0.07191210377157821	4.400682790467417e-05	18.554438460823196	2013-09-01	cTiterSub_x-ne_star	north	2013
2013-02-01	A/Punta_Arenas/52090/2012_EPI394810	0.000165	6.333528999999976	23.444819000000003	-0.25628974428012224	0.00014175429689098354	6.387127505980048	2013-09-01	cTiterSub_x-ne_star	north	2013
2013-02-01	A/SAITAMA-C/27/2012_EPI406998	0.0032240000000000003	6.695114999999979	23.748743000000005	0.12356319990897631	0.003456835206065536	6.7286494772759955	2013-09-01	cTiterSub_x-ne_star	north	2013
2013-02-01	A/SAITAMA/86/2012_EPI406992	0.003118	6.685666999999979	23.163496999999996	-0.05480948712104946	0.0030128054927492814	6.720811630452678	2013-09-01	cTiterSub_x-ne_star	north	2013
2013-02-01	A/SAITAMA/87/2012_EPI407144	0.003016	6.695114999999979	23.748743000000005	0.12356319990897631	0.003233813579867759	6.7286494772759955	2013-09-01	cTiterSub_x-ne_star	north	2013
2013-02-01	A/SAITAMA/89/2012_EPI413254	0.010176000000000001	8.488928999999978	25.73721899999999	-0.06450186753877415	0.009777247956843748	8.533079528115362	2013-09-01	cTiterSub_x-ne_star	north	2013
2013-02-01	A/SAKAI/13/2012_EPI393438	3.9e-05	7.650687999999983	24.547631999999982	-0.20294023387259444	3.456466699831175e-05	7.728368993027599	2013-09-01	cTiterSub_x-ne_star	north	2013
2013-02-01	A/SAPPORO/121/2012_EPI406182	2.4e-05	7.707417999999978	24.456104999999987	-0.07384312404572697	2.2934235792094865e-05	7.7462578310891	2013-09-01	cTiterSub_x-ne_star	north	2013
2013-02-01	A/SAPPORO/122/2012_EPI407001	0.007501000000000001	5.736338999999982	22.748757999999995	-0.08318438055267979	0.007128952115414704	5.773973681341623	2013-09-01	cTiterSub_x-ne_star	north	2013
2013-02-01	A/SAPPORO/124/2012_EPI407002	0.00808	6.72016299999998	23.745317000000004	-0.07384312404572697	0.007721192716671937	6.758531295908283	2013-09-01	cTiterSub_x-ne_star	north	2013
2013-02-01	A/SAPPORO/125/2012_EPI407003	0.00848	5.736338999999982	22.748757999999995	-0.08318438055267979	0.00805939393930365	5.773973681341623	2013-09-01	cTiterSub_x-ne_star	north	2013
2013-02-01	A/SAPPORO/125/2012_EPI413220	0.00848	5.736338999999982	22.748757999999995	-0.08318438055267979	0.00805939393930365	5.773973681341623	2013-09-01	cTiterSub_x-ne_star	north	2013
2013-02-01	A/SAPPORO/126/2012_EPI413252	0.01319	5.736338999999982	22.748757999999995	-0.08318438055267979	0.012535779016440466	5.773973681341623	2013-09-01	cTiterSub_x-ne_star	north	2013
2013-02-01	A/SHIZUOKA/68/2012_EPI407145	0.001517	6.605402999999978	22.457735	0.05222575342677381	0.0015602590348230507	6.576972198611131	2013-09-01	cTiterSub_x-ne_star	north	2013
2013-02-01	A/SINGAPORE/19/2012_EPI394226	1.1e-05	8.318197999999983	25.14294599999998	-0.2469484877731694	9.501922252494148e-06	8.370271167637428	2013-09-01	cTiterSub_x-ne_star	north	2013
2013-02-01	A/SINGAPORE/22/2012_EPI394462	1.3000000000000001e-05	5.736338999999982	22.748757999999995	-0.08318438055267979	1.2355202972989088e-05	5.773973681341623	2013-09-01	cTiterSub_x-ne_star	north	2013
2013-02-01	A/SINGAPORE/25/2012_EPI394220	2.3e-05	5.736338999999982	22.748757999999995	-0.08318438055267979	2.185920525990377e-05	5.773973681341623	2013-09-01	cTiterSub_x-ne_star	north	2013
2013-02-01	A/SOUTH_AUCKLAND/7/2012_EPI394182	2.1e-05	7.989210999999978	25.354064999999988	-0.10120739741208662	1.9749672747733955e-05	8.130449819842303	2013-09-01	cTiterSub_x-ne_star	north	2013
2013-02-01	A/SYDNEY/223/2012_EPI394280	4.6e-05	13.697819999999977	30.555819999999965	-0.2990590528745168	3.854561767480921e-05	13.903863088059087	2013-09-01	cTiterSub_x-ne_star	north	2013
2013-02-01	A/Sachsen/42/2012_EPI408128	0.010847	6.473931999999979	23.361244999999986	0.04919063726391303	0.011136580324461423	6.506936575015216	2013-09-01	cTiterSub_x-ne_star	north	2013
2013-02-01	A/Santiago/45700/2012_EPI394784	4.9e-05	18.042273999999964	33.99360200000002	-0.2890243260155051	4.130051240717472e-05	18.232548779697794	2013-09-01	cTiterSub_x-ne_star	north	2013
2013-02-01	A/Sao_Paulo/49663/2012_EPI408167	0.0001409999999999	14.526287999999978	31.548953000000008	-0.04265688198048571	0.00013721222865576625	14.736111916422399	2013-09-01	cTiterSub_x-ne_star	north	2013
2013-02-01	A/Stockholm/29/2012_EPI397117	0.00023500000000000002	5.736338999999982	22.748757999999995	-0.08318438055267979	0.00022334405374249504	5.773973681341623	2013-09-01	cTiterSub_x-ne_star	north	2013
2013-02-01	A/Stockholm/29/2012_EPI416528	0.00023500000000000002	6.62813999999998	23.705214	-0.08318438055267979	0.00022334405374249504	6.671288730803094	2013-09-01	cTiterSub_x-ne_star	north	2013
2013-02-01	A/Stockholm/30/2012_EPI397365	0.000156	14.526287999999978	31.548953000000008	-0.04265688198048571	0.00015180927425755114	14.736111916422399	2013-09-01	cTiterSub_x-ne_star	north	2013
2013-02-01	A/Stockholm/30/2012_EPI416530	0.00010800000000000001	14.526287999999978	31.548953000000008	-0.04265688198048571	0.00010509872833215082	14.736111916422399	2013-09-01	cTiterSub_x-ne_star	north	2013
2013-02-01	A/Stockholm/31/2012_EPI397809	0.005752	14.526287999999978	31.548953000000008	-0.04265688198048571	0.005597480420060476	14.736111916422399	2013-09-01	cTiterSub_x-ne_star	north	2013
2013-02-01	A/Stockholm/36/2012_EPI405071	0.011767	6.67964299999998	23.742313000000003	-0.07384312404572697	0.01124446469023251	6.720338324352308	2013-09-01	cTiterSub_x-ne_star	north	2013
2013-02-01	A/Stockholm/37/2012_EPI405074	0.011535	14.526287999999978	31.548953000000008	-0.04265688198048571	0.011225128067697775	14.736111916422399	2013-09-01	cTiterSub_x-ne_star	north	2013
2013-02-01	A/Stockholm/38/2012_EPI405061	0.009309999999999999	14.526287999999978	31.548953000000008	-0.04265688198048571	0.009059899636780777	14.736111916422399	2013-09-01	cTiterSub_x-ne_star	north	2013
2013-02-01	A/Stockholm/38/2012_EPI416536	0.009309999999999999	14.526287999999978	31.548953000000008	-0.04265688198048571	0.009059899636780777	14.736111916422399	2013-09-01	cTiterSub_x-ne_star	north	2013
2013-02-01	A/Stockholm/39/2012_EPI416538	0.009956	11.496854999999982	28.20584099999999	-0.07684333975527596	0.009497249546093826	11.675747320100626	2013-09-01	cTiterSub_x-ne_star	north	2013
2013-02-01	A/Stockholm/40/2012_EPI416540	0.011304	14.526287999999978	31.548953000000008	-0.04265688198048571	0.011000333565431784	14.736111916422399	2013-09-01	cTiterSub_x-ne_star	north	2013
2013-02-01	A/TASMANIA/12/2012_EPI394116	3.9e-05	7.333174999999982	24.444803999999987	-0.2469484877731694	3.368863344066107e-05	7.3868312577564295	2013-09-01	cTiterSub_x-ne_star	north	2013
2013-02-01	A/TASMANIA/51/2012_EPI394271	0.000148	5.736338999999982	22.748757999999995	-0.08318438055267979	0.0001406592338463373	5.773973681341623	2013-09-01	cTiterSub_x-ne_star	north	2013
2013-02-01	A/TOKYO/12003/2012_EPI406188	0.000301	7.526995999999977	24.137622999999984	-0.06680186726052802	0.0002888173961233456	7.568378962528784	2013-09-01	cTiterSub_x-ne_star	north	2013
2013-02-01	A/Taiwan/1057/2012_EPI407151	0.0001409999999999	8.330440999999984	25.444788999999982	-0.2469484877731694	0.00012179736705461131	8.383794052845268	2013-09-01	cTiterSub_x-ne_star	north	2013
2013-02-01	A/Taiwan/1058/2012_EPI407321	0.000174	6.333528999999976	23.444819000000003	-0.25628974428012224	0.00014948634944867356	6.387127505980048	2013-09-01	cTiterSub_x-ne_star	north	2013
2013-02-01	A/Taiwan/1059/2012_EPI407152	9.7e-05	6.333528999999976	23.444819000000003	-0.25628974428012224	8.333434423288123e-05	6.387127505980048	2013-09-01	cTiterSub_x-ne_star	north	2013
2013-02-01	A/Taiwan/1061/2012_EPI407153	0.000148	8.255284999999983	24.76955499999999	-0.2469484877731694	0.00012784404485173943	8.305989037635223	2013-09-01	cTiterSub_x-ne_star	north	2013
2013-02-01	A/Taiwan/1064/2012_EPI407154	0.000165	8.287029999999982	25.082884999999987	0.009922435074322394	0.00016556861371295816	8.336883866953992	2013-09-01	cTiterSub_x-ne_star	north	2013
2013-02-01	A/Taiwan/1363/2012_EPI407155	0.000484	9.303586999999986	26.442649999999983	-0.25628974428012224	0.0004158126042135517	9.357596445728559	2013-09-01	cTiterSub_x-ne_star	north	2013
2013-02-01	A/Taiwan/1520/2012_EPI407100	0.002369	7.3287749999999825	24.444803999999987	-0.2469484877731694	0.002046368528741694	7.383034768922559	2013-09-01	cTiterSub_x-ne_star	north	2013
2013-02-01	A/Taiwan/764/2012_EPI407147	1.6e-05	6.73629099999998	23.748743000000005	-0.08318438055267979	1.520640365906349e-05	6.7739432685343095	2013-09-01	cTiterSub_x-ne_star	north	2013
2013-02-01	A/Taiwan/876/2012_EPI407148	4.9e-05	7.225329999999981	24.401274999999988	-0.25628974428012224	4.209673059186784e-05	7.284442555441509	2013-09-01	cTiterSub_x-ne_star	north	2013
2013-02-01	A/Taiwan/878/2012_EPI407296	6.6e-05	6.73619099999998	23.748743000000005	-0.08318438055267979	6.272641509363691e-05	6.773848228511441	2013-09-01	cTiterSub_x-ne_star	north	2013
2013-02-01	A/Taiwan/879/2012_EPI407149	6.6e-05	8.49637799999998	24.414028	0.09299463790356333	6.951577786032055e-05	8.473383270081385	2013-09-01	cTiterSub_x-ne_star	north	2013
2013-02-01	A/Taiwan/880/2012_EPI407150	6.6e-05	7.60457699999998	23.457572	0.09299463790356333	6.951577786032055e-05	7.57606822061992	2013-09-01	cTiterSub_x-ne_star	north	2013
2013-02-01	A/Texas/52/2012_EPI393406	9.7e-05	9.970645999999983	27.354035000000007	-0.0918661409051338	9.172312500507532e-05	10.111335252426423	2013-09-01	cTiterSub_x-ne_star	north	2013
2013-02-01	A/Texas/81/2012_EPI398425	0.002724	6.378098999999982	23.319854	0.0024718058146521536	0.002721533225260498	6.392830639642573	2013-09-01	cTiterSub_x-ne_star	north	2013
2013-02-01	A/Tianjin-Hebei/1212/2012_EPI412147	0.001349	6.62813999999998	23.705214	-0.08318438055267979	0.0012820899085047906	6.671288730803094	2013-09-01	cTiterSub_x-ne_star	north	2013
2013-02-01	A/Tianjin-Hexi/1250/2012_EPI412143	0.004162	5.736338999999982	22.748757999999995	-0.08318438055267979	0.003955565751813891	5.773973681341623	2013-09-01	cTiterSub_x-ne_star	north	2013
2013-02-01	A/Ukraine/551/2012_EPI417035	0.017752	8.71671399999998	26.04982199999998	-0.14000723652539504	0.016321437534832648	8.868816078801485	2013-09-01	cTiterSub_x-ne_star	north	2013
2013-02-01	A/Uppsala/2/2012_EPI399626	0.00889	7.650140999999978	24.408821999999986	-0.055521724215957594	0.008586502634910015	7.686748840264595	2013-09-01	cTiterSub_x-ne_star	north	2013
2013-02-01	A/Uruguay/06/2012_EPI397571	0.000156	6.333528999999976	23.444819000000003	-0.25628974428012224	0.0001340222443332935	6.387127505980048	2013-09-01	cTiterSub_x-ne_star	north	2013
2013-02-01	A/Utah/23/2012_EPI387793	8.2e-05	11.930600999999974	29.31008399999999	-0.07318362789122818	7.838878980117942e-05	12.067801056718263	2013-09-01	cTiterSub_x-ne_star	north	2013
2013-02-01	A/VICTORIA/346/2012_EPI394185	0.00010800000000000001	14.175418999999978	30.884404999999973	-0.3733891364341889	8.665831997939313e-05	14.368234720075758	2013-09-01	cTiterSub_x-ne_star	north	2013
2013-02-01	A/VICTORIA/516/2012_EPI379494	1e-05	7.333174999999982	24.444803999999987	-0.2469484877731694	8.638111138631045e-06	7.3868312577564295	2013-09-01	cTiterSub_x-ne_star	north	2013
2013-02-01	A/VICTORIA/84/2012_EPI394164	6.9e-05	8.297054999999984	25.410144999999986	-0.2469484877731694	5.96029668565542e-05	8.347662206256961	2013-09-01	cTiterSub_x-ne_star	north	2013
2013-02-01	A/VICTORIA/873/2012_EPI394343	0.000607	12.775293999999978	29.676411999999992	0.0807047464420609	0.000634767437757896	12.936641854315758	2013-09-01	cTiterSub_x-ne_star	north	2013
2013-02-01	A/Venezuela/72/2012_EPI395224	4.4e-05	6.69871899999998	23.748743000000005	-0.07384312404572697	4.204609895217391e-05	6.739046988641242	2013-09-01	cTiterSub_x-ne_star	north	2013
2013-02-01	A/Vina_Del_Mar/49586/2012_EPI394902	0.000102	8.68933799999998	25.240852999999984	0.020319404924933053	0.00010297414442651555	8.72147697711858	2013-09-01	cTiterSub_x-ne_star	north	2013
2013-02-01	A/WELLINGTON/36/2012_EPI394334	0.000134	5.736338999999982	22.748757999999995	-0.08318438055267979	0.00012735363064465677	5.773973681341623	2013-09-01	cTiterSub_x-ne_star	north	2013
2013-02-01	A/WELLINGTON/4/2012_EPI394203	1.9e-05	8.684794999999978	25.70134199999998	-0.03683921120205196	1.855244472621553e-05	8.725125567297315	2013-09-01	cTiterSub_x-ne_star	north	2013
2013-02-01	A/Washington/33/2012_EPI394772	0.000301	7.116074999999976	23.218248000000003	0.041760649658805896	0.0003076992287910218	7.114340686836782	2013-09-01	cTiterSub_x-ne_star	north	2013
2013-02-01	A/Washington/50/2012_EPI398030	0.003016	6.9375949999999795	22.853395999999993	0.06492242360401204	0.0031250647286959047	6.934823901267187	2013-09-01	cTiterSub_x-ne_star	north	2013
2013-02-01	A/Wisconsin/20/2012_EPI391243	0.000202	5.736338999999982	22.748757999999995	-0.08318438055267979	0.0001919808461956766	5.773973681341623	2013-09-01	cTiterSub_x-ne_star	north	2013
2013-02-01	A/Wisconsin/22/2012_EPI392748	0.00053	69.714459	51.91088599999991	0.17688947937794305	0.0005862314446982936	69.68104649814856	2013-09-01	cTiterSub_x-ne_star	north	2013
2013-02-01	A/Wisconsin/34/2012_EPI397969	0.0014039999999999999	69.714459	51.91088599999991	0.17688947937794305	0.0015529602799177436	69.68104649814856	2013-09-01	cTiterSub_x-ne_star	north	2013
2013-02-01	A/YAMAGUCHI/30/2012_EPI406995	0.004699	6.605402999999978	22.457735	0.05222575342677381	0.0048329974981104265	6.576972198611131	2013-09-01	cTiterSub_x-ne_star	north	2013
2013-02-01	A/YAMAGUCHI/30/2012_EPI413207	0.004699	6.605402999999978	22.457735	0.05222575342677381	0.0048329974981104265	6.576972198611131	2013-09-01	cTiterSub_x-ne_star	north	2013
2013-02-01	A/YAMAGUCHI/31/2012_EPI407146	0.011767	6.605402999999978	22.457735	0.05222575342677381	0.012102549810654475	6.576972198611131	2013-09-01	cTiterSub_x-ne_star	north	2013
2013-02-01	A/YAMAGUCHI/33/2012_EPI413255	0.016334	6.605402999999978	22.457735	0.05222575342677381	0.016799783173895657	6.576972198611131	2013-09-01	cTiterSub_x-ne_star	north	2013
2013-02-01	A/YAMANASHI/297/2012_EPI406199	0.002916	6.605402999999978	22.457735	0.05222575342677381	0.002999153161202384	6.576972198611131	2013-09-01	cTiterSub_x-ne_star	north	2013
2013-02-01	A/YAMANASHI/300/2012_EPI406200	0.002916	7.59955499999998	23.45772	0.05222575342677381	0.002999153161202384	7.570973892288731	2013-09-01	cTiterSub_x-ne_star	north	2013
2013-02-01	A/YOKOHAMA/148/2012_EPI394963	0.000127	8.988940999999983	26.35401099999998	-0.0918661409051338	0.0001200911018107687	9.130209637638687	2013-09-01	cTiterSub_x-ne_star	north	2013
2013-02-01	A/YOKOHAMA/152/2012_EPI394965	0.000192	6.333528999999976	23.444819000000003	-0.25628974428012224	0.00016495045456405358	6.387127505980048	2013-09-01	cTiterSub_x-ne_star	north	2013
2013-02-01	A/YOKOHAMA/153/2012_EPI406195	0.001517	5.736338999999982	22.748757999999995	-0.08318438055267979	0.0014417571469249573	5.773973681341623	2013-09-01	cTiterSub_x-ne_star	north	2013
2013-02-01	A/YOKOHAMA/155/2012_EPI406198	0.001702	7.60198299999998	23.45772	0.06156700993372663	0.0017600993415523903	7.573451999928031	2013-09-01	cTiterSub_x-ne_star	north	2013
2013-02-01	A/YOKOHAMA/159/2012_EPI406999	0.008279	6.605402999999978	22.457735	0.05222575342677381	0.008515085398352036	6.576972198611131	2013-09-01	cTiterSub_x-ne_star	north	2013
2014-02-01	A/AICHI/116/2013_EPI475366	1.2e-05	4.669183999999997	5.681708000000003	-0.07732738491484278	1.1456076643730577e-05	4.718578482805131	2014-09-01	cTiterSub_x-ne_star	north	2014
2014-02-01	A/AICHI/118/2013_EPI475372	8.2e-05	5.457958999999995	6.496155999999997	-0.049953291773614475	7.954326750361413e-05	5.512353772617253	2014-09-01	cTiterSub_x-ne_star	north	2014
2014-02-01	A/AICHI/122/2013_EPI498013	0.01441	4.458189999999996	5.496167999999996	-0.049953291773614475	0.013978274203988774	4.512568599259651	2014-09-01	cTiterSub_x-ne_star	north	2014
2014-02-01	A/AUCKLAND/502/2013_EPI466065	1.7e-05	6.220167999999991	8.200007999999997	0.03505414412851336	1.732902578587883e-05	6.277792870635654	2014-09-01	cTiterSub_x-ne_star	north	2014
2014-02-01	A/AUCKLAND/503/2013_EPI491333	1.1e-05	3.704610999999998	4.681765999999999	-0.07732738491484278	1.0501403590086364e-05	3.7537787598431747	2014-09-01	cTiterSub_x-ne_star	north	2014
2014-02-01	A/Alaska/14/2013_EPI492723	0.002634	5.295636999999992	5.895265999999995	-0.0479945142901463	0.002558006118845295	5.332524189783441	2014-09-01	cTiterSub_x-ne_star	north	2014
2014-02-01	A/Anhui-Tianjiaan/1523/2013_EPI498717	0.0033350000000000003	4.655645999999995	5.527245999999996	-0.062150933445962675	0.0032121460336370956	4.709118125523938	2014-09-01	cTiterSub_x-ne_star	north	2014
2014-02-01	A/Argentina/206/2013_EPI465510	1.2e-05	5.537780999999994	7.078550000000001	-0.06750481113280006	1.152190648623386e-05	5.590774686988167	2014-09-01	cTiterSub_x-ne_star	north	2014
2014-02-01	A/Argentina/433/2013_EPI465513	1.8e-05	3.704610999999998	4.681765999999999	-0.07732738491484278	1.7184114965595868e-05	3.7537787598431747	2014-09-01	cTiterSub_x-ne_star	north	2014
2014-02-01	A/Argentina/555/2013_EPI465528	1.9e-05	6.486318999999992	8.273727999999998	0.16701971039065633	2.0917548241069e-05	6.5425929225833634	2014-09-01	cTiterSub_x-ne_star	north	2014
2014-02-01	A/Arkansas/13/2013_EPI467408	0.0005549999999999	4.695998999999997	5.681754000000002	-0.07732738491484278	0.0005298435447724437	4.745058281516547	2014-09-01	cTiterSub_x-ne_star	north	2014
2014-02-01	A/Arkansas/13/2013_EPI484516	0.0005549999999999	6.657950999999994	7.680734999999997	-0.07732738491484278	0.0005298435447724437	6.706776906087706	2014-09-01	cTiterSub_x-ne_star	north	2014
2014-02-01	A/BRISBANE/57/2013_EPI491238	0.000174	4.561251999999996	6.309624999999997	-0.03135612768141849	0.00017062796048417678	4.616449353051344	2014-09-01	cTiterSub_x-ne_star	north	2014
2014-02-01	A/Baleares/1498/2013_EPI499590	0.014653	4.583659999999998	5.6817240000000035	-0.07732738491484278	0.013988824255048679	4.635477595958047	2014-09-01	cTiterSub_x-ne_star	north	2014
2014-02-01	A/Bangladesh/8603/2013_EPI492728	0.000484	9.295569	9.757096999999995	0.19240688838658848	0.0005407967689593479	9.330972574962079	2014-09-01	cTiterSub_x-ne_star	north	2014
2014-02-01	A/Beijing-Huairou/11379/2013_EPI498744	0.0015789999999999999	4.458189999999996	5.496167999999996	-0.049953291773614475	0.0015316929193683745	4.512568599259651	2014-09-01	cTiterSub_x-ne_star	north	2014
2014-02-01	A/Bordeaux/2456/2013_EPI499596	0.000936	5.473473999999995	7.051655000000001	-0.03135612768141849	0.0009178607529493647	5.5267907418239055	2014-09-01	cTiterSub_x-ne_star	north	2014
2014-02-01	A/Brazil/3459/2013_EPI477434	0.000302	4.701661999999997	5.681754000000002	-0.0479945142901463	0.0002932869581971447	4.750817255683255	2014-09-01	cTiterSub_x-ne_star	north	2014
2014-02-01	A/Brazil/3873/2013_EPI467419	5.5e-05	5.535570999999993	6.430208999999994	0.18867304931805887	6.132047228083898e-05	5.5732798750882555	2014-09-01	cTiterSub_x-ne_star	north	2014
2014-02-01	A/Bursa/177/2013_EPI500182	0.015381	5.530464999999993	7.309598000000001	-0.03135612768141849	0.015082923334523695	5.58626558407903	2014-09-01	cTiterSub_x-ne_star	north	2014
2014-02-01	A/CHIBA-C/48/2013_EPI498029	0.013683	4.300979999999996	4.895278	-0.07732738491484278	0.013062791393013792	4.337702099974616	2014-09-01	cTiterSub_x-ne_star	north	2014
2014-02-01	A/CHIBA/30/2013_EPI485875	6.9e-05	7.399515999999995	9.185235000000002	0.056795126285487676	7.123314906372884e-05	7.455505347128251	2014-09-01	cTiterSub_x-ne_star	north	2014
2014-02-01	A/CHRISTCHURCH/526/2013_EPI491330	0.000531	5.136826999999996	5.873799999999996	-0.09527176262318329	0.0005016527354471212	5.190188377999452	2014-09-01	cTiterSub_x-ne_star	north	2014
2014-02-01	A/California/36/2013_EPI498477	0.010856999999999999	4.6828879999999975	5.604113000000004	-0.0479945142901463	0.01054376326207417	4.732691233319022	2014-09-01	cTiterSub_x-ne_star	north	2014
2014-02-01	A/California/47/2013_EPI499383	0.013925	5.1100289999999955	5.873799999999996	-0.0659388919984868	0.013382430956383529	5.164415025600161	2014-09-01	cTiterSub_x-ne_star	north	2014
2014-02-01	A/Centre/2484/2013_EPI501198	0.018905	4.666791999999997	5.681754000000002	-0.0479945142901463	0.01835956935336762	4.7170596211364355	2014-09-01	cTiterSub_x-ne_star	north	2014
2014-02-01	A/Chongqing-Yuzhong/11653/2013_EPI498786	0.010185	5.412288999999996	6.491335999999997	0.07979920775170432	0.010656679508046213	5.463545148524091	2014-09-01	cTiterSub_x-ne_star	north	2014
2014-02-01	A/Costa_Rica/4700/2013_EPI485800	0.000213	7.131545999999995	8.780306	-0.02139092938744324	0.0002100898750194346	7.195945475786787	2014-09-01	cTiterSub_x-ne_star	north	2014
2014-02-01	A/Costa_Rica/4700/2013_EPI500190	5.5e-05	8.192107000000002	9.777647000000002	0.00794091898921475	5.51847518131585e-05	8.255081620054254	2014-09-01	cTiterSub_x-ne_star	north	2014
2014-02-01	A/Denmark/96/2013_EPI498258	0.008692	3.9004459999999948	5.143278000000001	0.06224621315961584	0.009001890810104116	3.942863582308962	2014-09-01	cTiterSub_x-ne_star	north	2014
2014-02-01	A/Denmark/99/2013_EPI498255	0.021696	7.400878999999995	6.268589	0.19951254018342365	0.024342688043428335	7.426890495350985	2014-09-01	cTiterSub_x-ne_star	north	2014
2014-02-01	A/England/617/2013_EPI498353	0.001978	6.145375999999991	6.643623000000003	0.17936878874020445	0.0021933703172835133	6.170547246940794	2014-09-01	cTiterSub_x-ne_star	north	2014
2014-02-01	A/England/620/2013_EPI498355	0.005441	4.458189999999996	5.496167999999996	-0.049953291773614475	0.005277986810819078	4.512568599259651	2014-09-01	cTiterSub_x-ne_star	north	2014
2014-02-01	A/FUKUOKA-C/9/2013_EPI497609	0.0084879999999999	5.401613999999995	7.246280999999999	-0.03135612768141849	0.008323506486147561	5.458241150229552	2014-09-01	cTiterSub_x-ne_star	north	2014
2014-02-01	A/FUKUOKA/1/2013_EPI500119	0.014166999999999999	6.386354999999992	8.303075999999999	-0.0020232570567220044	0.01413220697165433	6.4436281343120205	2014-09-01	cTiterSub_x-ne_star	north	2014
2014-02-01	A/Finland/385/2013_EPI502957	0.017535	6.086841999999991	6.627038000000003	0.15934017869336237	0.019218408832441074	6.105484633726016	2014-09-01	cTiterSub_x-ne_star	north	2014
2014-02-01	A/Florida/3441/2013_EPI499505	2.6000000000000002e-05	18.82548299999998	20.651142999999994	-0.027395635837227497	2.5555103500707677e-05	18.887109569240344	2014-09-01	cTiterSub_x-ne_star	north	2014
2014-02-01	A/Florida/3476/2013_EPI499540	0.0017690000000000002	4.365416999999996	5.848113	-0.17330710783387598	0.0015968611068369568	4.427364530585555	2014-09-01	cTiterSub_x-ne_star	north	2014
2014-02-01	A/Florida/87/2013_EPI499369	0.0158659999999999	6.6794879999999965	7.920593	-0.006727691544776945	0.01578366051037835	6.728120702383517	2014-09-01	cTiterSub_x-ne_star	north	2014
2014-02-01	A/Fujian-Fengze/1335/2013_EPI498747	0.001247	6.344621999999991	6.778845999999998	0.2676279819047557	0.0014558330523512983	6.386547289107297	2014-09-01	cTiterSub_x-ne_star	north	2014
2014-02-01	A/Georgia/03/2013_EPI468137	0.00011399999999999999	6.5294819999999945	8.305975999999998	-0.03135612768141849	0.00011179073273101237	6.58428574167169	2014-09-01	cTiterSub_x-ne_star	north	2014
2014-02-01	A/Georgia/03/2013_EPI484565	0.00011399999999999999	7.501489999999998	9.305964000000007	-0.03135612768141849	0.00011179073273101237	7.555407862846047	2014-09-01	cTiterSub_x-ne_star	north	2014
2014-02-01	A/Ghana/DARI-0098/2013_EPI466762	6.6e-05	5.356191999999996	6.838716999999995	-0.14202794459445214	6.067467526493245e-05	5.418137623421326	2014-09-01	cTiterSub_x-ne_star	north	2014
2014-02-01	A/Ghana/DARI-13-111/2013_EPI498357	0.000149	6.493951999999994	7.477550999999996	0.03595639278249085	0.00015196377351156924	6.534584458195032	2014-09-01	cTiterSub_x-ne_star	north	2014
2014-02-01	A/Ghana/DILI-0443/2013_EPI466768	1.9e-05	4.611675999999998	5.627282000000002	0.006623522157794362	1.9049178786116293e-05	4.660102604411651	2014-09-01	cTiterSub_x-ne_star	north	2014
2014-02-01	A/Ghana/DILI-0467/2013_EPI466770	2.8999999999999997e-05	4.611675999999998	5.627282000000002	0.006623522157794362	2.9075062357756442e-05	4.660102604411651	2014-09-01	cTiterSub_x-ne_star	north	2014
2014-02-01	A/Ghana/DILI-13-619/2013_EPI498359	0.000531	6.536997999999993	7.605704999999997	0.03595639278249085	0.0005415621727157267	6.578558585123586	2014-09-01	cTiterSub_x-ne_star	north	2014
2014-02-01	A/Ghana/DILI-13-620/2013_EPI498361	0.000531	5.538068999999994	6.607043999999996	0.006623522157794362	0.0005323744176540923	5.579641709469012	2014-09-01	cTiterSub_x-ne_star	north	2014
2014-02-01	A/Ghana/DILI-13-677/2013_EPI498363	0.001405	3.704610999999998	4.681765999999999	-0.07732738491484278	0.0013413156403701218	3.7537787598431747	2014-09-01	cTiterSub_x-ne_star	north	2014
2014-02-01	A/Ghana/DILI-13-694/2013_EPI498365	0.002207	7.660274999999996	8.535523000000001	0.03213259754244969	0.002245884509313402	7.71397891265282	2014-09-01	cTiterSub_x-ne_star	north	2014
2014-02-01	A/Ghana/DILI-13-701/2013_EPI498367	0.0023710000000000003	4.699859999999997	5.681562000000002	0.0927398032160023	0.002499601495838974	4.748779556851493	2014-09-01	cTiterSub_x-ne_star	north	2014
2014-02-01	A/Ghana/DILI-13-702/2013_EPI498369	0.002634	4.611675999999998	5.627282000000002	0.006623522157794362	0.0026408177327700167	4.660102604411651	2014-09-01	cTiterSub_x-ne_star	north	2014
2014-02-01	A/Ghana/DILI-13-704/2013_EPI498371	0.002726	3.704610999999998	4.681765999999999	-0.07732738491484278	0.0026024387442341295	3.7537787598431747	2014-09-01	cTiterSub_x-ne_star	north	2014
2014-02-01	A/Ghana/DILI-13-726/2013_EPI498373	0.002726	4.611675999999998	5.627282000000002	0.006623522157794362	0.0027330558616291065	4.660102604411651	2014-09-01	cTiterSub_x-ne_star	north	2014
2014-02-01	A/Ghana/DILI-13-758/2013_EPI498375	0.003793	4.892821999999994	6.143136999999997	0.09157908378431233	0.003996023280787725	4.9348433724302065	2014-09-01	cTiterSub_x-ne_star	north	2014
2014-02-01	A/Ghana/DILI-13-775/2013_EPI498377	0.004296	5.596691999999995	6.627231999999995	0.006623522157794362	0.004307119582376611	5.644887261099362	2014-09-01	cTiterSub_x-ne_star	north	2014
2014-02-01	A/Ghana/DILI-13-818/2013_EPI498379	0.005441	3.704610999999998	4.681765999999999	-0.07732738491484278	0.005194376084878173	3.7537787598431747	2014-09-01	cTiterSub_x-ne_star	north	2014
2014-02-01	A/Ghana/DILI-495/2013_EPI466772	4.7e-05	6.6646979999999925	7.535534999999996	0.0027997269177532005	4.70166628509602e-05	6.7184706816714455	2014-09-01	cTiterSub_x-ne_star	north	2014
2014-02-01	A/Ghana/DILI-498/2013_EPI466774	5.5e-05	4.611675999999998	5.627282000000002	0.006623522157794362	5.514235964402085e-05	4.660102604411651	2014-09-01	cTiterSub_x-ne_star	north	2014
2014-02-01	A/Ghana/DILI-515/2013_EPI466776	8.2e-05	6.6646979999999925	7.535534999999996	0.0027997269177532005	8.20290713569944e-05	6.7184706816714455	2014-09-01	cTiterSub_x-ne_star	north	2014
2014-02-01	A/Ghana/DILI-518/2013_EPI466778	8.7e-05	3.704610999999998	4.681765999999999	-0.07732738491484278	8.305655566704669e-05	3.7537787598431747	2014-09-01	cTiterSub_x-ne_star	north	2014
2014-02-01	A/Ghana/FS-13-1031/2013_EPI498381	0.006773	3.704610999999998	4.681765999999999	-0.07732738491484278	0.006466000592332267	3.7537787598431747	2014-09-01	cTiterSub_x-ne_star	north	2014
2014-02-01	A/Ghana/FS-13-1065/2013_EPI498383	0.009106999999999999	3.704610999999998	4.681765999999999	-0.07732738491484278	0.008694207499537863	3.7537787598431747	2014-09-01	cTiterSub_x-ne_star	north	2014
2014-02-01	A/Ghana/FS-13-951/2013_EPI498385	0.0023710000000000003	3.9004459999999948	5.143278000000001	0.06224621315961584	0.0024555318811271126	3.942863582308962	2014-09-01	cTiterSub_x-ne_star	north	2014
2014-02-01	A/Gothenburg/3/2013_EPI468656	0.000724	4.144280999999996	4.873812000000001	-0.09527176262318329	0.0006839860272386359	4.197792787617877	2014-09-01	cTiterSub_x-ne_star	north	2014
2014-02-01	A/Guangdong-Dongguan-Ben-Di/1695/2013_EPI498732	0.0012980000000000001	6.6169199999999915	7.545006999999996	-0.011834805916506097	0.0012874226490912943	6.670800897580475	2014-09-01	cTiterSub_x-ne_star	north	2014
2014-02-01	A/Guizhou-Duyun/1652/2013_EPI498750	0.001198	5.678757999999997	6.447966999999998	-0.09148380407065916	0.0011342926481875256	5.732932508626967	2014-09-01	cTiterSub_x-ne_star	north	2014
2014-02-01	A/Guizhou-Kaili/1641/2013_EPI498678	0.003674	5.412288999999996	6.491335999999997	0.07979920775170432	0.0038441473257301707	5.463545148524091	2014-09-01	cTiterSub_x-ne_star	north	2014
2014-02-01	A/Hong_Kong/12/2014_EPI500282	0.021159999999999998	6.346466999999993	8.239150999999996	-0.005366753055088628	0.021066904309162752	6.402854023109156	2014-09-01	cTiterSub_x-ne_star	north	2014
2014-02-01	A/Hong_Kong/4928/2013_EPI486414	0.002128	5.448964999999996	6.486771999999997	-0.018895855522917514	0.0021019832019641433	5.503341692095427	2014-09-01	cTiterSub_x-ne_star	north	2014
2014-02-01	A/Hong_Kong/5643/2013_EPI499308	0.004845	6.318886999999993	7.886285999999999	-0.03135612768141849	0.004751106141068026	6.370079035070524	2014-09-01	cTiterSub_x-ne_star	north	2014
2014-02-01	A/Hong_Kong/5648/2013_EPI486443	0.005137	6.460635999999993	8.256473999999999	-0.01089779720708115	0.005097924494277035	6.516704463477897	2014-09-01	cTiterSub_x-ne_star	north	2014
2014-02-01	A/Hubei-Hongshan/1437/2013_EPI498720	0.003674	4.458189999999996	5.496167999999996	-0.049953291773614475	0.003563926400100955	4.512568599259651	2014-09-01	cTiterSub_x-ne_star	north	2014
2014-02-01	A/Hunan-Lengshuitan/11016/2013_EPI498726	0.0023710000000000003	5.453438999999996	6.496155999999997	-0.02062042114891799	0.0023396574270548014	5.507889284405545	2014-09-01	cTiterSub_x-ne_star	north	2014
2014-02-01	A/Hunan-Lusong/1532/2013_EPI476769	1.6e-05	6.552404999999992	7.499643999999997	0.19669014095062293	1.792230326449672e-05	6.60856565470646	2014-09-01	cTiterSub_x-ne_star	north	2014
2014-02-01	A/Hunan-Lusong/1532/2013_EPI484527	1.6e-05	5.567826999999996	6.499670999999998	0.19669014095062293	1.792230326449672e-05	5.623684422647514	2014-09-01	cTiterSub_x-ne_star	north	2014
2014-02-01	A/India/2723/2013_EPI486417	6.9e-05	4.300979999999996	4.895278	-0.07732738491484278	6.587244070145082e-05	4.337702099974616	2014-09-01	cTiterSub_x-ne_star	north	2014
2014-02-01	A/India/3543/2013_EPI486422	0.000484	4.300979999999996	4.895278	-0.07732738491484278	0.00046206175796379995	4.337702099974616	2014-09-01	cTiterSub_x-ne_star	north	2014
2014-02-01	A/Indiana/04/2013_EPI464503	2.8999999999999997e-05	72.22627999999996	73.15501499999989	-0.027801278682786403	2.849702538295526e-05	72.23868133116241	2014-09-01	cTiterSub_x-ne_star	north	2014
2014-02-01	A/Indiana/05/2013_EPI464500	3.1e-05	72.22627999999996	73.15501499999989	-0.027801278682786403	3.046233747833149e-05	72.23868133116241	2014-09-01	cTiterSub_x-ne_star	north	2014
2014-02-01	A/Indiana/05/2013_EPI465382	3.1e-05	72.22627999999996	73.15501499999989	-0.027801278682786403	3.046233747833149e-05	72.23868133116241	2014-09-01	cTiterSub_x-ne_star	north	2014
2014-02-01	A/Indiana/05/2013_EPI465394	3.1e-05	73.22610799999997	74.15145999999996	0.0015315919419100852	3.0988058636363555e-05	73.23851905874588	2014-09-01	cTiterSub_x-ne_star	north	2014
2014-02-01	A/Indiana/05/2013_EPI465422	3.1e-05	72.22627999999996	73.15501499999989	-0.027801278682786403	3.046233747833149e-05	72.23868133116241	2014-09-01	cTiterSub_x-ne_star	north	2014
2014-02-01	A/Indiana/06/2013_EPI461874	3.5e-05	72.22627999999996	73.15501499999989	-0.027801278682786403	3.4392961669083937e-05	72.23868133116241	2014-09-01	cTiterSub_x-ne_star	north	2014
2014-02-01	A/Indiana/07/2013_EPI460760	3.5e-05	72.22627999999996	73.15501499999989	-0.027801278682786403	3.4392961669083937e-05	72.23868133116241	2014-09-01	cTiterSub_x-ne_star	north	2014
2014-02-01	A/Indiana/07/2013_EPI465385	3.5e-05	72.22627999999996	73.15501499999989	-0.027801278682786403	3.4392961669083937e-05	72.23868133116241	2014-09-01	cTiterSub_x-ne_star	north	2014
2014-02-01	A/Indiana/08/2013_EPI461877	3.7e-05	72.22627999999996	73.15501499999989	-0.027801278682786403	3.635827376446016e-05	72.23868133116241	2014-09-01	cTiterSub_x-ne_star	north	2014
2014-02-01	A/Indiana/10/2013_EPI464511	0.000127	71.23289500000001	72.15502699999996	-0.027801278682786403	0.0001247973180563903	71.24517487014603	2014-09-01	cTiterSub_x-ne_star	north	2014
2014-02-01	A/Indiana/11/2013_EPI465373	0.000317	72.22627999999996	73.15501499999989	-0.027801278682786403	0.0003115019671171317	72.23868133116241	2014-09-01	cTiterSub_x-ne_star	north	2014
2014-02-01	A/Indiana/11/2013_EPI482814	0.000317	72.22627999999996	73.15501499999989	-0.027801278682786403	0.0003115019671171317	72.23868133116241	2014-09-01	cTiterSub_x-ne_star	north	2014
2014-02-01	A/Indiana/15/2013_EPI462227	5.2000000000000004e-05	71.23289500000001	72.15502699999996	-0.027801278682786403	5.109811447978185e-05	71.24517487014603	2014-09-01	cTiterSub_x-ne_star	north	2014
2014-02-01	A/Indiana/17/2013_EPI462212	5.2000000000000004e-05	74.23255599999992	74.84836699999997	-0.027801278682786403	5.109811447978185e-05	74.24486828145916	2014-09-01	cTiterSub_x-ne_star	north	2014
2014-02-01	A/Indiana/17/2013_EPI465379	5.2000000000000004e-05	71.23289500000001	72.15502699999996	-0.027801278682786403	5.109811447978185e-05	71.24517487014603	2014-09-01	cTiterSub_x-ne_star	north	2014
2014-02-01	A/Indiana/17/2013_EPI465420	5.2000000000000004e-05	71.23289500000001	72.15502699999996	-0.027801278682786403	5.109811447978185e-05	71.24517487014603	2014-09-01	cTiterSub_x-ne_star	north	2014
2014-02-01	A/Indiana/18/2013_EPI462224	5.2000000000000004e-05	71.23289500000001	72.15502699999996	-0.027801278682786403	5.109811447978185e-05	71.24517487014603	2014-09-01	cTiterSub_x-ne_star	north	2014
2014-02-01	A/Indiana/21/2013_EPI467218	0.000724	73.22337499999998	74.15500299999995	-0.027801278682786403	0.0007114429785261935	73.23583555924829	2014-09-01	cTiterSub_x-ne_star	north	2014
2014-02-01	A/Indiana/21/2013_EPI482817	0.000724	73.22337499999998	74.15500299999995	-0.027801278682786403	0.0007114429785261935	73.23583555924829	2014-09-01	cTiterSub_x-ne_star	north	2014
2014-02-01	A/Iowa/04/2013_EPI482825	0.003445	73.17506299999997	74.14219199999995	0.1308669352663941	0.003713534958268079	73.18342183455297	2014-09-01	cTiterSub_x-ne_star	north	2014
2014-02-01	A/JOHANNESBURG/17/2013_EPI491232	2.8999999999999997e-05	5.2971199999999925	5.895136999999995	-0.0479945142901463	2.8163317177871506e-05	5.333649750059471	2014-09-01	cTiterSub_x-ne_star	north	2014
2014-02-01	A/Japan/2013_EPI465106	0.000349	4.365416999999996	5.848113	-0.17330710783387598	0.00031503930259248045	4.427364530585555	2014-09-01	cTiterSub_x-ne_star	north	2014
2014-02-01	A/Jiangsu-Nanjing-Gulou/11776/2013_EPI498711	0.001906	4.874215999999997	6.014234	0.04795931214949882	0.001957570889499033	4.921317826164458	2014-09-01	cTiterSub_x-ne_star	north	2014
2014-02-01	A/KOCHI/31/2013_EPI500127	0.015624	5.420494999999995	6.492612999999997	-0.02062042114891799	0.01541746420932274	5.4750712462211935	2014-09-01	cTiterSub_x-ne_star	north	2014
2014-02-01	A/Kansas/04/2013_EPI465186	2.8999999999999997e-05	6.499426999999993	8.075869000000003	0.011911481657122046	2.9164887013809402e-05	6.54445849093838	2014-09-01	cTiterSub_x-ne_star	north	2014
2014-02-01	A/Kazakhstan/3291/2013_EPI503297	0.010631	4.300979999999996	4.895278	-0.07732738491484278	0.010149129233291648	4.337702099974616	2014-09-01	cTiterSub_x-ne_star	north	2014
2014-02-01	A/Kazakhstan/3371/2013_EPI503306	0.018456999999999998	4.300979999999996	4.895278	-0.07732738491484278	0.017620400551111273	4.337702099974616	2014-09-01	cTiterSub_x-ne_star	north	2014
2014-02-01	A/Kentucky/13/2013_EPI499387	0.014166999999999999	4.583659999999998	5.6817240000000035	-0.07732738491484278	0.01352485315097759	4.635477595958047	2014-09-01	cTiterSub_x-ne_star	north	2014
2014-02-01	A/Kenya/124/2013_EPI484554	6.2e-05	6.67872499999999	7.546573999999995	-0.003485192196569717	6.179501193262019e-05	6.73239079186535	2014-09-01	cTiterSub_x-ne_star	north	2014
2014-02-01	A/Laos/I461/2013_EPI497999	1e-05	5.600830999999994	6.192726999999998	-0.062150933445962675	9.631622289766403e-06	5.64930921836435	2014-09-01	cTiterSub_x-ne_star	north	2014
2014-02-01	A/Laos/I546/2013_EPI498001	3.7e-05	5.414697999999995	7.303088000000001	-0.03135612768141849	3.6282957114451384e-05	5.471892548255327	2014-09-01	cTiterSub_x-ne_star	north	2014
2014-02-01	A/Laos/I856/2013_EPI498003	0.002634	5.414697999999995	7.303088000000001	-0.03135612768141849	0.0025829542983639175	5.471892548255327	2014-09-01	cTiterSub_x-ne_star	north	2014
2014-02-01	A/Laos/I878/2013_EPI498005	0.002634	6.409420999999992	8.303075999999999	-0.0020232570567220044	0.0026275311049154732	6.4666374860454985	2014-09-01	cTiterSub_x-ne_star	north	2014
2014-02-01	A/Laos/I898/2013_EPI498007	0.002919	6.371085999999992	8.050906999999999	-0.03135612768141849	0.0028624311301914483	6.425839601036005	2014-09-01	cTiterSub_x-ne_star	north	2014
2014-02-01	A/Laos/I918/2013_EPI498009	0.0033350000000000003	7.401339999999996	9.277588000000005	0.027309613567974483	0.003384223816417912	7.458355652989655	2014-09-01	cTiterSub_x-ne_star	north	2014
2014-02-01	A/Lisboa/2/2014_EPI503318	0.022682	5.208069999999993	5.771095999999995	-0.0822223068276077	0.021592152488410357	5.246726278199861	2014-09-01	cTiterSub_x-ne_star	north	2014
2014-02-01	A/Lorraine/2485/2013_EPI501201	0.018905	5.473473999999995	7.051655000000001	-0.03135612768141849	0.01853862984455955	5.5267907418239055	2014-09-01	cTiterSub_x-ne_star	north	2014
2014-02-01	A/Lyon/37.477/2013_EPI498389	0.001837	3.9004459999999948	5.143278000000001	0.06224621315961584	0.0019024934903544939	3.942863582308962	2014-09-01	cTiterSub_x-ne_star	north	2014
2014-02-01	A/MIDCENTRAL/4/2013_EPI491389	0.000273	3.704610999999998	4.681765999999999	-0.07732738491484278	0.0002606257436448707	3.7537787598431747	2014-09-01	cTiterSub_x-ne_star	north	2014
2014-02-01	A/MIE/25/2013_EPI498023	0.014166999999999999	6.3517529999999915	8.303075999999999	-0.03135612768141849	0.013892450092984667	6.410176218824111	2014-09-01	cTiterSub_x-ne_star	north	2014
2014-02-01	A/MIE/26/2013_EPI500123	0.017301	5.498306999999994	7.3096130000000015	-0.03135612768141849	0.016965714622624955	5.554733023620122	2014-09-01	cTiterSub_x-ne_star	north	2014
2014-02-01	A/Managua/1083/2013_EPI465956	2.8999999999999997e-05	3.683586999999996	4.552733999999998	-0.09148380407065916	2.7457835390182172e-05	3.7374905967679566	2014-09-01	cTiterSub_x-ne_star	north	2014
2014-02-01	A/Maryland/06/2013_EPI465189	3.9e-05	4.609898999999994	5.548282999999995	-0.09148044053787965	3.692612694147964e-05	4.664810294044646	2014-09-01	cTiterSub_x-ne_star	north	2014
2014-02-01	A/Massachusetts/11/2013_EPI492686	9.2e-05	7.594603999999993	8.460249000000003	-0.09148380407065916	8.710761572057794e-05	7.646902220345389	2014-09-01	cTiterSub_x-ne_star	north	2014
2014-02-01	A/Massachusetts/12/2013_EPI465943	6.6e-05	5.160448999999994	5.647275999999995	0.15934017869336237	7.233618380046258e-05	5.1859455286686496	2014-09-01	cTiterSub_x-ne_star	north	2014
2014-02-01	A/Massachusetts/13/2013_EPI477443	0.0007570000000000001	6.295713999999993	6.895254000000002	-0.018661643665449812	0.0007478471308081429	6.332455838482145	2014-09-01	cTiterSub_x-ne_star	north	2014
2014-02-01	A/Massachusetts/14/2013_EPI484546	0.002456	5.5262739999999955	6.543403999999997	-0.09148380407065916	0.002325394610975428	5.582660061657227	2014-09-01	cTiterSub_x-ne_star	north	2014
2014-02-01	A/Mauritius/571/2013_EPI487696	6.2e-05	3.704610999999998	4.681765999999999	-0.07732738491484278	5.918972932594132e-05	3.7537787598431747	2014-09-01	cTiterSub_x-ne_star	north	2014
2014-02-01	A/Mauritius/610/2013_EPI487698	0.00011999999999999999	4.024667999999996	5.305263000000003	-0.04810703157455615	0.0001165302154629723	4.076127323235754	2014-09-01	cTiterSub_x-ne_star	north	2014
2014-02-01	A/Mauritius/703/2013_EPI487700	0.000664	4.662196999999998	5.644204000000001	0.03478025798274484	0.0006767432302892857	4.7098623691858545	2014-09-01	cTiterSub_x-ne_star	north	2014
2014-02-01	A/Milano/59/2013_EPI503322	0.018905	6.170225999999993	6.8407820000000035	0.06528926340718734	0.01961379475831398	6.204798355026471	2014-09-01	cTiterSub_x-ne_star	north	2014
2014-02-01	A/Missouri/05/2013_EPI467405	0.000531	3.704610999999998	4.681765999999999	-0.07732738491484278	0.000506931391485078	3.7537787598431747	2014-09-01	cTiterSub_x-ne_star	north	2014
2014-02-01	A/NEW_CALEDONIA/29/2013_EPI491327	0.00040199999999999996	5.283708999999992	5.894615999999995	-0.06722236298198629	0.0003860474677787204	5.320991228001969	2014-09-01	cTiterSub_x-ne_star	north	2014
2014-02-01	A/Navarra/1528/2013_EPI498393	0.017301	6.499388999999992	7.530915999999999	0.06411312860744132	0.01793734621674186	6.547590204214606	2014-09-01	cTiterSub_x-ne_star	north	2014
2014-02-01	A/Nepal/0413/2013_EPI475339	2.4e-05	5.283708999999992	5.894615999999995	-0.06722236298198629	2.304761001664003e-05	5.320991228001969	2014-09-01	cTiterSub_x-ne_star	north	2014
2014-02-01	A/Netherlands/2244/13_EPI502795	0.005918	3.704610999999998	4.681765999999999	-0.07732738491484278	0.005649755131466462	3.7537787598431747	2014-09-01	cTiterSub_x-ne_star	north	2014
2014-02-01	A/Netherlands/2244/2013_EPI499600	0.005918	4.593545999999998	4.964455999999998	0.18372408141223642	0.006579062294056254	4.6306691157955235	2014-09-01	cTiterSub_x-ne_star	north	2014
2014-02-01	A/New_Jersey/08/2013_EPI484530	0.002919	5.666980999999996	6.543118999999998	-0.062150933445962675	0.002811470546382813	5.721593925360476	2014-09-01	cTiterSub_x-ne_star	north	2014
2014-02-01	A/New_Jersey/10/2013_EPI492750	0.0041659999999999996	5.283708999999992	5.894615999999995	-0.06722236298198629	0.004000680972055097	5.320991228001969	2014-09-01	cTiterSub_x-ne_star	north	2014
2014-02-01	A/New_York/08/2013_EPI484543	0.002207	4.561251999999996	6.309624999999997	-0.03135612768141849	0.0021642293608538973	4.616449353051344	2014-09-01	cTiterSub_x-ne_star	north	2014
2014-02-01	A/Nimes/2658/2013_EPI499606	0.006773	4.496814999999995	5.356789999999997	0.06224621315961584	0.007014473821541093	4.526786922440403	2014-09-01	cTiterSub_x-ne_star	north	2014
2014-02-01	A/North_Carolina/11/2013_EPI486435	0.003674	4.5822759999999985	6.438656999999998	-0.01742138896757444	0.003632204636400685	4.632737516126556	2014-09-01	cTiterSub_x-ne_star	north	2014
2014-02-01	A/Norway/2916/2013_EPI484987	0.003445	4.458189999999996	5.496167999999996	-0.049953291773614475	0.0033417872749993984	4.512568599259651	2014-09-01	cTiterSub_x-ne_star	north	2014
2014-02-01	A/Norway/2938/2013_EPI482856	0.003793	4.458189999999996	5.496167999999996	-0.049953291773614475	0.003679361141965956	4.512568599259651	2014-09-01	cTiterSub_x-ne_star	north	2014
2014-02-01	A/Norway/2940/2013_EPI484982	0.003674	4.458189999999996	5.496167999999996	-0.049953291773614475	0.003563926400100955	4.512568599259651	2014-09-01	cTiterSub_x-ne_star	north	2014
2014-02-01	A/Norway/2940/2013_EPI499608	0.003674	4.458189999999996	5.496167999999996	-0.049953291773614475	0.003563926400100955	4.512568599259651	2014-09-01	cTiterSub_x-ne_star	north	2014
2014-02-01	A/Norway/2965/2013_EPI492236	0.004296	4.458189999999996	5.496167999999996	-0.049953291773614475	0.004167291185311297	4.512568599259651	2014-09-01	cTiterSub_x-ne_star	north	2014
2014-02-01	A/Norway/2967/2013_EPI492239	0.004565	4.458189999999996	5.496167999999996	-0.049953291773614475	0.004428231904317054	4.512568599259651	2014-09-01	cTiterSub_x-ne_star	north	2014
2014-02-01	A/Norway/3060/2013_EPI492241	0.009318	3.9004459999999948	5.143278000000001	0.06224621315961584	0.009650209223257036	3.942863582308962	2014-09-01	cTiterSub_x-ne_star	north	2014
2014-02-01	A/Norway/3105/2013_EPI492247	0.010407	5.445564999999995	7.256574000000001	-0.005213866083676447	0.010362137382990425	5.502714868143957	2014-09-01	cTiterSub_x-ne_star	north	2014
2014-02-01	A/Norway/3303/2013_EPI503333	0.018905	6.360816999999995	8.123496999999999	-0.006840821779459159	0.018805647992486265	6.41169016969419	2014-09-01	cTiterSub_x-ne_star	north	2014
2014-02-01	A/OSAKA/37/2013_EPI497995	0.0015789999999999999	3.704610999999998	4.681765999999999	-0.07732738491484278	0.0015074287517042153	3.7537787598431747	2014-09-01	cTiterSub_x-ne_star	north	2014
2014-02-01	A/OSAKA/38/2013_EPI491038	0.002207	6.485189999999993	7.313546	-0.07732738491484278	0.0021069634293927825	6.5315802411127	2014-09-01	cTiterSub_x-ne_star	north	2014
2014-02-01	A/Ohio/05/2013_EPI465376	0.000174	71.23289500000001	72.15502699999996	-0.027801278682786403	0.00017098215229773158	71.24517487014603	2014-09-01	cTiterSub_x-ne_star	north	2014
2014-02-01	A/Oklahoma/16/2013_EPI498503	0.0084879999999999	3.683586999999996	4.552733999999998	-0.09148380407065916	0.008036624372133226	3.7374905967679566	2014-09-01	cTiterSub_x-ne_star	north	2014
2014-02-01	A/Ontario/RV2312/2013_EPI499372	0.006422	5.705806999999993	6.262976999999999	0.37432207697744957	0.007978938898031005	5.726025841785335	2014-09-01	cTiterSub_x-ne_star	north	2014
2014-02-01	A/Oregon/02/2013_EPI492734	0.007892	6.407350999999991	7.495712999999996	0.008712449475778497	0.00792207480805953	6.461508501593142	2014-09-01	cTiterSub_x-ne_star	north	2014
2014-02-01	A/PERTH/164/2013_EPI491512	0.001018	5.552254999999994	7.308092000000001	-0.0020232570567220044	0.0010154998727425783	5.6069294883773875	2014-09-01	cTiterSub_x-ne_star	north	2014
2014-02-01	A/PERTH/508/2013_EPI491226	0.000157	6.482470999999993	7.816466999999999	-0.0019090158719372186	0.0001566248576934285	6.532617502287881	2014-09-01	cTiterSub_x-ne_star	north	2014
2014-02-01	A/PERTH/59/2013_EPI491539	0.000149	4.561251999999996	6.309624999999997	-0.03135612768141849	0.00014611244892035824	4.616449353051344	2014-09-01	cTiterSub_x-ne_star	north	2014
2014-02-01	A/PERTH/60/2013_EPI491235	0.00020299999999999997	4.561251999999996	6.309624999999997	-0.03135612768141849	0.0001990659538982062	4.616449353051344	2014-09-01	cTiterSub_x-ne_star	north	2014
2014-02-01	A/Pais_Vasco/1403/2013_EPI498395	0.009747	4.583659999999998	5.6817240000000035	-0.07732738491484278	0.009305198253870162	4.635477595958047	2014-09-01	cTiterSub_x-ne_star	north	2014
2014-02-01	A/Panama/313131/2013_EPI467432	2.4e-05	3.704610999999998	4.681765999999999	-0.07732738491484278	2.2912153287461155e-05	3.7537787598431747	2014-09-01	cTiterSub_x-ne_star	north	2014
2014-02-01	A/Paraguay/06/2013_EPI484533	5.5e-05	6.548218999999995	8.306819999999998	0.1103026617804053	5.858025512130593e-05	6.602983658848776	2014-09-01	cTiterSub_x-ne_star	north	2014
2014-02-01	A/Pennsylvania/08/2013_EPI498480	0.004039	7.242189999999993	7.893596999999996	-0.0378894923572898	0.003945659936472053	7.2793051018881005	2014-09-01	cTiterSub_x-ne_star	north	2014
2014-02-01	A/Pennsylvania/12/2013_EPI492745	0.009965	6.086841999999991	6.627038000000003	0.15934017869336237	0.010921667751084992	6.105484633726016	2014-09-01	cTiterSub_x-ne_star	north	2014
2014-02-01	A/Phuket/186/2013_EPI467242	1.2e-05	4.561251999999996	6.309624999999997	-0.03135612768141849	1.1767445550632881e-05	4.616449353051344	2014-09-01	cTiterSub_x-ne_star	north	2014
2014-02-01	A/Puerto_Rico/19/2013_EPI486428	0.001978	3.704610999999998	4.681765999999999	-0.07732738491484278	0.001888343300108257	3.7537787598431747	2014-09-01	cTiterSub_x-ne_star	north	2014
2014-02-01	A/SAPPORO/112/2013_EPI500125	0.013683	5.561548999999995	6.628690999999995	-0.021006105043943187	0.01349908515700062	5.613046104621784	2014-09-01	cTiterSub_x-ne_star	north	2014
2014-02-01	A/SINGAPORE/GP1046/2013_EPI491268	2.6000000000000002e-05	6.704427999999995	7.671717999999997	0.1549722398126398	2.842355785120124e-05	6.753608218496067	2014-09-01	cTiterSub_x-ne_star	north	2014
2014-02-01	A/SOUTH_AUCKLAND/17/2013_EPI491386	5.9e-05	3.704610999999998	4.681765999999999	-0.07732738491484278	5.632571016500867e-05	3.7537787598431747	2014-09-01	cTiterSub_x-ne_star	north	2014
2014-02-01	A/SOUTH_AUSTRALIA/29/2013_EPI466103	5.2000000000000004e-05	3.683586999999996	4.552733999999998	-0.09148380407065916	4.923473932032666e-05	3.7374905967679566	2014-09-01	cTiterSub_x-ne_star	north	2014
2014-02-01	A/SYDNEY/28/2013_EPI491169	2.7000000000000002e-05	5.561188999999994	7.3096130000000015	0.09587268761161684	2.8516529235267602e-05	5.616392319992871	2014-09-01	cTiterSub_x-ne_star	north	2014
2014-02-01	A/Santiago/36541/2013_EPI467256	1e-05	7.417054999999995	8.592291000000005	0.2853437077505034	1.1795957417776937e-05	7.460106781775037	2014-09-01	cTiterSub_x-ne_star	north	2014
2014-02-01	A/Santiago/46150/2013_EPI467402	8.7e-05	5.552575999999995	7.196379000000001	-0.0020232570567220044	8.678633490039717e-05	5.606786137904739	2014-09-01	cTiterSub_x-ne_star	north	2014
2014-02-01	A/Santiago/47142/2013_EPI467434	0.00011999999999999999	5.561002999999995	7.3076050000000015	-0.0020232570567220044	0.0001197052895177892	5.616209942472305	2014-09-01	cTiterSub_x-ne_star	north	2014
2014-02-01	A/Sao_Paulo/11-29688/2013_EPI500269	0.017301	3.704610999999998	4.681765999999999	-0.07732738491484278	0.01651679850109856	3.7537787598431747	2014-09-01	cTiterSub_x-ne_star	north	2014
2014-02-01	A/Shanghai-Pudongxin/1904/2013_EPI498729	0.002821	6.393871999999991	7.467065999999996	0.2946327479439314	0.0033457196982509853	6.443651500832517	2014-09-01	cTiterSub_x-ne_star	north	2014
2014-02-01	A/Shanghai-Song-Jiang/1632/2013_EPI498708	0.004039	5.528945999999996	6.545322999999998	-0.062150933445962675	0.00389021224283665	5.58515336748627	2014-09-01	cTiterSub_x-ne_star	north	2014
2014-02-01	A/Sichuan-Qingyang/1547/2013_EPI498714	0.002821	5.412288999999996	6.491335999999997	0.07979920775170432	0.0029516438774863396	5.463545148524091	2014-09-01	cTiterSub_x-ne_star	north	2014
2014-02-01	A/Slovenia/108/2014_EPI503343	0.023642	6.354320999999992	8.246170999999995	-0.0020232570567220044	0.023583937123163104	6.411073275983225	2014-09-01	cTiterSub_x-ne_star	north	2014
2014-02-01	A/South_Africa/3941/2013_EPI466973	1.8e-05	5.556452999999993	7.3096130000000015	-0.0020232570567220044	1.7955793427668384e-05	5.611740843171461	2014-09-01	cTiterSub_x-ne_star	north	2014
2014-02-01	A/South_Africa/4655/2013_EPI466802	3.9e-05	5.674274999999996	6.543325999999998	-0.03077103223001869	3.8257253229352644e-05	5.728187175097272	2014-09-01	cTiterSub_x-ne_star	north	2014
2014-02-01	A/South_Africa/4671/2013_EPI466804	3.9e-05	4.674361999999995	5.543337999999997	-0.060103902854715174	3.760820813405069e-05	4.728263689603728	2014-09-01	cTiterSub_x-ne_star	north	2014
2014-02-01	A/St._Petersburg/428/2013_EPI492704	0.009106999999999999	9.353299999999996	10.106457999999998	0.1795776956584018	0.0100998270128953	9.373003448916931	2014-09-01	cTiterSub_x-ne_star	north	2014
2014-02-01	A/St._Petersburg/428/2013_EPI498397	0.00164	9.353299999999996	10.106457999999998	0.1795776956584018	0.0018187895356482147	9.373003448916931	2014-09-01	cTiterSub_x-ne_star	north	2014
2014-02-01	A/Stockholm/17/2013_EPI468675	0.001247	9.295569	9.757096999999995	0.19240688838658848	0.0013933338241576589	9.330972574962079	2014-09-01	cTiterSub_x-ne_star	north	2014
2014-02-01	A/Stockholm/17/2013_EPI499612	0.001247	8.321855999999997	8.876789999999994	0.19240688838658848	0.0013933338241576589	8.358940360424583	2014-09-01	cTiterSub_x-ne_star	north	2014
2014-02-01	A/Stockholm/18/2013_EPI468929	0.0012980000000000001	9.291785	9.668890999999995	0.19240688838658848	0.001450318607663706	9.326744527495672	2014-09-01	cTiterSub_x-ne_star	north	2014
2014-02-01	A/Stockholm/18/2013_EPI499614	0.0012980000000000001	10.145230999999997	10.662353999999993	0.19240688838658848	0.001450318607663706	10.182187722699652	2014-09-01	cTiterSub_x-ne_star	north	2014
2014-02-01	A/Stockholm/22/2013_EPI486040	0.009965	6.107813999999993	6.6412280000000035	0.15934017869336237	0.010921667751084992	6.129056649369245	2014-09-01	cTiterSub_x-ne_star	north	2014
2014-02-01	A/Stockholm/22/2013_EPI499616	0.009965	6.107813999999993	6.6412280000000035	0.15934017869336237	0.010921667751084992	6.129056649369245	2014-09-01	cTiterSub_x-ne_star	north	2014
2014-02-01	A/Stockholm/27/2013_EPI543071	0.0076989999999999	4.588923999999997	5.628715000000002	-0.05033897566863967	0.00746665673233043	4.640044274935787	2014-09-01	cTiterSub_x-ne_star	north	2014
2014-02-01	A/Stockholm/34/2013_EPI497744	0.0158659999999999	4.496814999999995	5.356789999999997	0.06224621315961584	0.01643166125093316	4.526786922440403	2014-09-01	cTiterSub_x-ne_star	north	2014
2014-02-01	A/Sweden/139/2013_EPI492678	0.01441	5.401613999999995	7.246280999999999	-0.03135612768141849	0.014130740865384983	5.458241150229552	2014-09-01	cTiterSub_x-ne_star	north	2014
2014-02-01	A/TOKYO/13084/2013_EPI468496	1e-05	5.614839999999996	6.321758999999997	-0.07732738491484278	9.546730536442149e-06	5.658602437510267	2014-09-01	cTiterSub_x-ne_star	north	2014
2014-02-01	A/TOKYO/31512/2013_EPI497625	0.008088	6.086841999999991	6.627038000000003	0.15934017869336237	0.00886447052391123	6.105484633726016	2014-09-01	cTiterSub_x-ne_star	north	2014
2014-02-01	A/TOKYO/33355/2013_EPI498019	0.006953	5.287064999999992	5.890523999999995	-0.0479945142901463	0.0067523980806117444	5.324197303813391	2014-09-01	cTiterSub_x-ne_star	north	2014
2014-02-01	A/Taiwan/1023/2013_EPI500143	0.009747	5.414697999999995	7.303088000000001	-0.03135612768141849	0.009558107648501558	5.471892548255327	2014-09-01	cTiterSub_x-ne_star	north	2014
2014-02-01	A/Taiwan/1029/2013_EPI500145	0.006953	7.3609769999999966	9.239171000000008	-0.0020232570567220044	0.006935923983476569	7.417256104405374	2014-09-01	cTiterSub_x-ne_star	north	2014
2014-02-01	A/Taiwan/1034/2013_EPI500149	0.008898	5.3754629999999946	6.136172999999998	-0.049953291773614475	0.008631414563989737	5.424406484100627	2014-09-01	cTiterSub_x-ne_star	north	2014
2014-02-01	A/Taiwan/1052/2013_EPI500153	0.015624	5.414697999999995	7.303088000000001	-0.03135612768141849	0.015321214106924011	5.471892548255327	2014-09-01	cTiterSub_x-ne_star	north	2014
2014-02-01	A/Taiwan/692/2013_EPI467041	1.1e-05	6.993654999999993	8.725523999999998	-0.18278034728856052	9.87488529896183e-06	7.060070581444689	2014-09-01	cTiterSub_x-ne_star	north	2014
2014-02-01	A/Taiwan/739/2013_EPI467044	2.4e-05	4.561251999999996	6.309624999999997	-0.03135612768141849	2.3534891101265763e-05	4.616449353051344	2014-09-01	cTiterSub_x-ne_star	north	2014
2014-02-01	A/Taiwan/740/2013_EPI467047	2.8999999999999997e-05	8.14384899999999	8.869251999999994	-0.0659388919984868	2.7870053697315785e-05	8.197410740653288	2014-09-01	cTiterSub_x-ne_star	north	2014
2014-02-01	A/Taiwan/741/2013_EPI467050	3.1e-05	4.697566999999998	5.681754000000002	-0.07732738491484278	2.959486466297066e-05	4.746764552669295	2014-09-01	cTiterSub_x-ne_star	north	2014
2014-02-01	A/Tehran/34891/2013_EPI507255	6.6e-05	12.252622999999998	13.80185099999999	-0.10780957101779842	6.18979534828367e-05	12.315393054517155	2014-09-01	cTiterSub_x-ne_star	north	2014
2014-02-01	A/Texas/14/2013_EPI467413	0.00040199999999999996	5.189914999999993	5.177967999999997	0.21305695203693292	0.00045461758931439425	5.214592455926964	2014-09-01	cTiterSub_x-ne_star	north	2014
2014-02-01	A/Texas/31/2013_EPI492748	0.007508	4.668561999999995	5.552721999999996	-0.062150933445962675	0.007231422015156616	4.723027752737642	2014-09-01	cTiterSub_x-ne_star	north	2014
2014-02-01	A/Texas/93/2013_EPI501410	0.016588	5.558870999999995	6.620183999999996	-0.03688833092007719	0.016214122816001094	5.6082261218912475	2014-09-01	cTiterSub_x-ne_star	north	2014
2014-02-01	A/Thuringen/123/2013_EPI498399	0.013683	4.588923999999997	5.628715000000002	-0.05033897566863967	0.01327006936855158	4.640044274935787	2014-09-01	cTiterSub_x-ne_star	north	2014
2014-02-01	A/Tunisia/14680/2013_EPI500196	0.013201	7.769191999999998	9.093004	0.1502448250337053	0.014391772523736815	7.801248320218427	2014-09-01	cTiterSub_x-ne_star	north	2014
2014-02-01	A/Uruguay/322/2013_EPI467428	4.7e-05	3.704610999999998	4.681765999999999	-0.07732738491484278	4.4869633521278094e-05	3.7537787598431747	2014-09-01	cTiterSub_x-ne_star	north	2014
2014-02-01	A/Uruguay/396/2013_EPI467422	6.2e-05	4.561251999999996	6.309624999999997	-0.03135612768141849	6.079846867826988e-05	4.616449353051344	2014-09-01	cTiterSub_x-ne_star	north	2014
2014-02-01	A/Utah/07/2013_EPI466829	6.9e-05	4.300979999999996	4.895278	-0.07732738491484278	6.587244070145082e-05	4.337702099974616	2014-09-01	cTiterSub_x-ne_star	north	2014
2014-02-01	A/Utah/07/2013_EPI500200	5.5e-05	7.231468999999996	7.8942469999999965	-0.07732738491484278	5.2507017950431815e-05	7.267138095035106	2014-09-01	cTiterSub_x-ne_star	north	2014
2014-02-01	A/VICTORIA/522/2013_EPI491172	0.000102	4.561251999999996	6.309624999999997	-0.03135612768141849	0.00010002328718037948	4.616449353051344	2014-09-01	cTiterSub_x-ne_star	north	2014
2014-02-01	A/VICTORIA/528/2013_EPI491229	0.000149	6.449879999999991	7.5923029999999985	0.25601083712580686	0.00017277795151221168	6.492994153100668	2014-09-01	cTiterSub_x-ne_star	north	2014
2014-02-01	A/VICTORIA/573/2013_EPI491545	0.001247	4.561251999999996	6.309624999999997	-0.03135612768141849	0.001222833716803267	4.616449353051344	2014-09-01	cTiterSub_x-ne_star	north	2014
2014-02-01	A/Venezuela/05/2013_EPI467246	1.2e-05	4.561251999999996	6.309624999999997	-0.03135612768141849	1.1767445550632881e-05	4.616449353051344	2014-09-01	cTiterSub_x-ne_star	north	2014
2014-02-01	A/Victoria/504/2013_EPI489304	2.4e-05	7.513292999999999	9.308594000000006	-0.03135612768141849	2.3534891101265763e-05	7.568115053007729	2014-09-01	cTiterSub_x-ne_star	north	2014
2014-02-01	A/Victoria/505/2013_EPI467448	2.4e-05	6.655950999999993	7.667756999999996	-0.1547673828773051	2.190016451469707e-05	6.704395463119383	2014-09-01	cTiterSub_x-ne_star	north	2014
2014-02-01	A/Victoria/506/2013_EPI497661	2.3e-05	7.4026939999999986	8.779909000000007	-0.031241886496633703	2.2555773720978857e-05	7.453561236274644	2014-09-01	cTiterSub_x-ne_star	north	2014
2014-02-01	A/Victoria/506/2013_EPI498069	2.3e-05	6.482551999999993	7.811586999999999	-0.031241886496633703	2.2555773720978857e-05	6.532699171346121	2014-09-01	cTiterSub_x-ne_star	north	2014
2014-02-01	A/Vietnam/465/2013_EPI498489	0.0033350000000000003	11.113854999999992	12.759597999999995	-0.15908167091121084	0.0030355612396822367	11.1800210836778	2014-09-01	cTiterSub_x-ne_star	north	2014
2014-02-01	A/Vietnam/473/2013_EPI499296	0.0041659999999999996	4.561251999999996	6.309624999999997	-0.03135612768141849	0.004085264846994715	4.616449353051344	2014-09-01	cTiterSub_x-ne_star	north	2014
2014-02-01	A/Vietnam/476/2013_EPI498472	0.003121	4.561251999999996	6.309624999999997	-0.03135612768141849	0.003060516463627102	4.616449353051344	2014-09-01	cTiterSub_x-ne_star	north	2014
2014-02-01	A/Washington/13/2013_EPI498486	0.010631	9.364964999999996	11.020079999999997	0.056642484192670955	0.010974089588371495	9.415875764128778	2014-09-01	cTiterSub_x-ne_star	north	2014
2014-02-01	A/West_Virginia/06/2013_EPI465959	0.000165	4.6783809999999955	5.552721999999996	-0.09148380407065916	0.00015622561515103652	4.732233003698665	2014-09-01	cTiterSub_x-ne_star	north	2014
2014-02-01	A/West_Virginia/11/2013_EPI465519	0.000149	4.6783809999999955	5.552721999999996	-0.09148380407065916	0.000141076464590936	4.732233003698665	2014-09-01	cTiterSub_x-ne_star	north	2014
2014-02-01	A/Wisconsin/14/2013_EPI486411	0.004845	6.4550929999999935	8.043471999999998	-0.0020232570567220044	0.00483310106428074	6.508329364502695	2014-09-01	cTiterSub_x-ne_star	north	2014
2014-02-01	A/Wisconsin/36/2013_EPI499378	0.018000000000000002	5.086777999999996	5.872981999999996	-0.0659388919984868	0.017298654019023595	5.139358246482745	2014-09-01	cTiterSub_x-ne_star	north	2014
2014-02-01	A/YAMAGUCHI/39/2013_EPI497615	0.011314	5.646520999999994	6.681649999999997	-0.0479945142901463	0.010987578294842698	5.696577771111944	2014-09-01	cTiterSub_x-ne_star	north	2014
2014-02-01	A/YAMAGUCHI/40/2013_EPI497617	0.002919	10.285937999999994	10.667288999999995	0.19240688838658848	0.0032615408441990425	10.320221445807269	2014-09-01	cTiterSub_x-ne_star	north	2014
2014-02-01	A/YAMAGUCHI/41/2013_EPI498025	0.013925	4.561251999999996	6.309624999999997	-0.03135612768141849	0.013655139941046904	4.616449353051344	2014-09-01	cTiterSub_x-ne_star	north	2014
2014-02-01	A/YOKOHAMA/154/2013_EPI497601	0.001198	4.583659999999998	5.6817240000000035	-0.07732738491484278	0.0011436983182657695	4.635477595958047	2014-09-01	cTiterSub_x-ne_star	north	2014
2014-02-01	A/YOKOHAMA/155/2013_EPI497603	0.001198	4.583659999999998	5.6817240000000035	-0.07732738491484278	0.0011436983182657695	4.635477595958047	2014-09-01	cTiterSub_x-ne_star	north	2014
2014-02-01	A/YOKOHAMA/157/2013_EPI491041	0.005918	4.561251999999996	6.309624999999997	-0.03135612768141849	0.005803311897387115	4.616449353051344	2014-09-01	cTiterSub_x-ne_star	north	2014
2014-02-01	A/YOKOHAMA/158/2013_EPI491044	0.006251	4.561251999999996	6.309624999999997	-0.03135612768141849	0.006129858511417178	4.616449353051344	2014-09-01	cTiterSub_x-ne_star	north	2014
2014-02-01	A/YOKOHAMA/159/2013_EPI491047	0.006251	4.561251999999996	6.309624999999997	-0.03135612768141849	0.006129858511417178	4.616449353051344	2014-09-01	cTiterSub_x-ne_star	north	2014
2015-02-01	A/AUCKLAND/6/2014_EPI551835	0.001928	9.489070999999992	11.885114000000002	0.03063193053539621	0.001961356921068538	9.52989443659983	2015-09-01	cTiterSub_x-ne_star	north	2015
2015-02-01	A/Alaska/13/2014_EPI533466	1.8e-05	8.495219999999994	10.885816999999996	-0.02901549436211873	1.768524667628256e-05	8.536700801592042	2015-09-01	cTiterSub_x-ne_star	north	2015
2015-02-01	A/Alaska/29/2014_EPI541566	0.000172	9.898526999999994	12.042863999999998	0.035910128988694195	0.00017551539679776788	9.930804752346463	2015-09-01	cTiterSub_x-ne_star	north	2015
2015-02-01	A/Alaska/34/2014_EPI541569	8.499999999999999e-05	5.759387999999993	4.259661000000002	-0.0018276703249673898	8.484871383898235e-05	5.6840370037449315	2015-09-01	cTiterSub_x-ne_star	north	2015
2015-02-01	A/Alborz/72205/2014_EPI557221	0.0066430000000000005	6.636317999999998	5.240141000000002	0.030658066552913404	0.006758035618735709	6.558091579888999	2015-09-01	cTiterSub_x-ne_star	north	2015
2015-02-01	A/Anhui-Tianjiaan/1736/2014_EPI554886	0.001405	8.495219999999994	10.885816999999996	-0.02901549436211873	0.0013804317544542778	8.536700801592042	2015-09-01	cTiterSub_x-ne_star	north	2015
2015-02-01	A/Anhui-Yingzhou/11352/2014_EPI551086	0.0044859999999999995	8.495219999999994	10.885816999999996	-0.02901549436211873	0.004407556477211309	8.536700801592042	2015-09-01	cTiterSub_x-ne_star	north	2015
2015-02-01	A/Argentina/116/2014_EPI540855	7.2e-05	9.562779999999998	11.350593000000003	-0.16196666600481588	6.546203013040718e-05	9.683643577911296	2015-09-01	cTiterSub_x-ne_star	north	2015
2015-02-01	A/Argentina/120/2014_EPI540836	7.2e-05	9.562779999999998	11.350593000000003	-0.16196666600481588	6.546203013040718e-05	9.683643577911296	2015-09-01	cTiterSub_x-ne_star	north	2015
2015-02-01	A/Argentina/142/2014_EPI540858	7.6e-05	7.7559039999999895	6.238952000000006	0.0631438034307942	7.87951891546577e-05	7.680655848830302	2015-09-01	cTiterSub_x-ne_star	north	2015
2015-02-01	A/Argentina/167/2014_EPI540015	9e-05	8.190276999999995	9.920707999999998	-0.16604857314801413	8.163292887487585e-05	8.281271912036452	2015-09-01	cTiterSub_x-ne_star	north	2015
2015-02-01	A/Argentina/177/2014_EPI540019	0.0001	8.190276999999995	9.920707999999998	-0.16604857314801413	9.070325430541761e-05	8.281271912036452	2015-09-01	cTiterSub_x-ne_star	north	2015
2015-02-01	A/Arkansas/01/2014_EPI553536	0.0025989999999999997	11.560918999999995	13.262137000000005	-0.11642944196283009	0.0024266077617054044	11.686731473941496	2015-09-01	cTiterSub_x-ne_star	north	2015
2015-02-01	A/Bangladesh/0862/2014_EPI540023	1e-05	8.775419999999993	10.890166999999996	0.0034702425157620625	1.0013098833252616e-05	8.818635982361815	2015-09-01	cTiterSub_x-ne_star	north	2015
2015-02-01	A/Bangladesh/10009/2014_EPI548900	1.8e-05	8.970590999999995	10.975918999999996	-0.02901549436211873	1.768524667628256e-05	9.016938068340092	2015-09-01	cTiterSub_x-ne_star	north	2015
2015-02-01	A/Bangladesh/1004/2014_EPI540012	1.6e-05	8.775419999999993	10.890166999999996	0.0034702425157620625	1.6020958133204184e-05	8.818635982361815	2015-09-01	cTiterSub_x-ne_star	north	2015
2015-02-01	A/Bangladesh/2008/2014_EPI539992	2.6000000000000002e-05	5.886159000000001	4.697095000000004	-0.0018276703249673898	2.595372423310049e-05	5.827178197688922	2015-09-01	cTiterSub_x-ne_star	north	2015
2015-02-01	A/Bangladesh/3001/2014_EPI540025	1.1e-05	7.7497029999999905	6.219123000000005	0.0631438034307942	1.1404566851332032e-05	7.673753528523695	2015-09-01	cTiterSub_x-ne_star	north	2015
2015-02-01	A/Bangladesh/3014/2014_EPI540006	2.6000000000000002e-05	8.775419999999993	10.890166999999996	0.0034702425157620625	2.60340569664568e-05	8.818635982361815	2015-09-01	cTiterSub_x-ne_star	north	2015
2015-02-01	A/Bangladesh/4007/2014_EPI541577	1.9e-05	6.779213999999996	6.693440999999999	-0.06524506546685249	1.8277377184771634e-05	6.773822705968965	2015-09-01	cTiterSub_x-ne_star	north	2015
2015-02-01	A/Bangladesh/4008/2014_EPI541578	2.2e-05	6.757921999999995	5.238985000000001	0.030658066552913404	2.2380969985275565e-05	6.682661725353509	2015-09-01	cTiterSub_x-ne_star	north	2015
2015-02-01	A/Bangladesh/6666/2014_EPI540002	1e-05	8.775419999999993	10.890166999999996	0.0034702425157620625	1.0013098833252616e-05	8.818635982361815	2015-09-01	cTiterSub_x-ne_star	north	2015
2015-02-01	A/Bangladesh/7551/2014_EPI540004	1e-05	7.972054999999997	9.976002999999999	-0.02901549436211873	9.825137042379203e-06	8.018691435470274	2015-09-01	cTiterSub_x-ne_star	north	2015
2015-02-01	A/Bangladesh/8006/2014_EPI540064	1.8e-05	7.7497029999999905	6.219123000000005	0.0631438034307942	1.8662018483997873e-05	7.673753528523695	2015-09-01	cTiterSub_x-ne_star	north	2015
2015-02-01	A/Belgium/H80/2014_EPI557249	0.003939	13.753870999999995	15.256890000000004	-0.10776748835720114	0.0036963551289001485	13.907304084669928	2015-09-01	cTiterSub_x-ne_star	north	2015
2015-02-01	A/Bolivia/716/2014_EPI547743	3.1e-05	11.560918999999995	13.262137000000005	-0.11642944196283009	2.8943763221572737e-05	11.686731473941496	2015-09-01	cTiterSub_x-ne_star	north	2015
2015-02-01	A/Bolivia/846/2014_EPI540055	6.8e-05	11.560918999999995	13.262137000000005	-0.11642944196283009	6.34895451311918e-05	11.686731473941496	2015-09-01	cTiterSub_x-ne_star	north	2015
2015-02-01	A/Brazil/0214/2014_EPI541591	2.8999999999999997e-05	10.520283	12.350582999999999	-0.16196666600481588	2.6366651024747337e-05	10.640373769008908	2015-09-01	cTiterSub_x-ne_star	north	2015
2015-02-01	A/Brazil/3972/2014_EPI548892	9e-05	11.540288999999996	13.269063000000006	-0.1294809291269351	8.33929560847124e-05	11.662645702704133	2015-09-01	cTiterSub_x-ne_star	north	2015
2015-02-01	A/Brazil/4146/2014_EPI549069	1.6e-05	13.470228999999998	14.746494	-0.03919865886439641	1.5627115148182897e-05	13.558595591964503	2015-09-01	cTiterSub_x-ne_star	north	2015
2015-02-01	A/Buenos_Aires/14156/2014_EPI543088	3.3e-05	8.190276999999995	9.920707999999998	-0.16604857314801413	2.9932073920787816e-05	8.281271912036452	2015-09-01	cTiterSub_x-ne_star	north	2015
2015-02-01	A/CANBERRA/31/2014_EPI551551	0.000132	6.351719999999997	5.0777670000000015	-0.0018276703249673898	0.00013176506149112556	6.285452553307562	2015-09-01	cTiterSub_x-ne_star	north	2015
2015-02-01	A/CHIBA/57/2014_EPI555012	0.007633	10.657207	13.526359000000008	0.03547784072612558	0.0077870420604576294	10.694873544049106	2015-09-01	cTiterSub_x-ne_star	north	2015
2015-02-01	A/California/38/2014_EPI555394	0.015533000000000002	5.759387999999993	4.259661000000002	-0.0018276703249673898	0.015505353788951917	5.6840370037449315	2015-09-01	cTiterSub_x-ne_star	north	2015
2015-02-01	A/Cambodia/653/2014_EPI541600	1.1e-05	8.495219999999994	10.885816999999996	-0.02901549436211873	1.080765074661712e-05	8.536700801592042	2015-09-01	cTiterSub_x-ne_star	north	2015
2015-02-01	A/Cambodia/736/2014_EPI539995	5.1e-05	8.495219999999994	10.885816999999996	-0.02901549436211873	5.0108198916133926e-05	8.536700801592042	2015-09-01	cTiterSub_x-ne_star	north	2015
2015-02-01	A/Cameroon/3878/2014_EPI543100	2e-05	7.972054999999997	9.976002999999999	-0.02901549436211873	1.9650274084758405e-05	8.018691435470274	2015-09-01	cTiterSub_x-ne_star	north	2015
2015-02-01	A/Cameroon/3893/2014_EPI543104	2e-05	8.966675999999994	10.975992999999995	0.0034702425157620625	2.0026197666505232e-05	9.012613384897886	2015-09-01	cTiterSub_x-ne_star	north	2015
2015-02-01	A/Cameroon/3967/2014_EPI543106	2.2e-05	8.972003999999995	10.967396999999997	0.0034702425157620625	2.202881743315575e-05	9.018647377835403	2015-09-01	cTiterSub_x-ne_star	north	2015
2015-02-01	A/Cameroon/4045/2014_EPI543108	2.3e-05	7.972054999999997	9.976002999999999	-0.02901549436211873	2.2597815197472162e-05	8.018691435470274	2015-09-01	cTiterSub_x-ne_star	north	2015
2015-02-01	A/Cameroon/4046/2014_EPI543110	2.3e-05	7.972054999999997	9.976002999999999	-0.02901549436211873	2.2597815197472162e-05	8.018691435470274	2015-09-01	cTiterSub_x-ne_star	north	2015
2015-02-01	A/Cameroon/4427/2014_EPI543112	6.4e-05	7.972054999999997	9.976002999999999	-0.02901549436211873	6.288087707122688e-05	8.018691435470274	2015-09-01	cTiterSub_x-ne_star	north	2015
2015-02-01	A/Cameroon/4680/2014_EPI543114	0.000106	8.971835999999994	10.975992999999995	0.0034702425157620625	0.00010613884763247772	9.018479157775005	2015-09-01	cTiterSub_x-ne_star	north	2015
2015-02-01	A/Colorado/25/2014_EPI558355	0.012166	5.759387999999993	4.259661000000002	-0.0018276703249673898	0.012144346500765403	5.6840370037449315	2015-09-01	cTiterSub_x-ne_star	north	2015
2015-02-01	A/Costa_Rica/2303/2014_EPI547806	0.000106	5.759387999999993	4.259661000000002	-0.0018276703249673898	0.00010581133725802505	5.6840370037449315	2015-09-01	cTiterSub_x-ne_star	north	2015
2015-02-01	A/Dakar/12/2014_EPI541418	9.499999999999999e-05	7.972054999999997	9.976002999999999	-0.02901549436211873	9.33388019026024e-05	8.018691435470274	2015-09-01	cTiterSub_x-ne_star	north	2015
2015-02-01	A/Dakar/13/2014_EPI539794	0.0001	7.972054999999997	9.976002999999999	-0.02901549436211873	9.825137042379201e-05	8.018691435470274	2015-09-01	cTiterSub_x-ne_star	north	2015
2015-02-01	A/Dakar/15/2014_EPI539798	0.000118	8.970668999999994	10.949080999999994	0.019728881414636204	0.00011928049933218012	9.017011048896567	2015-09-01	cTiterSub_x-ne_star	north	2015
2015-02-01	A/Dakar/17/2014_EPI539800	0.000106	7.972054999999997	9.976002999999999	-0.02901549436211873	0.00010414645264921953	8.018691435470274	2015-09-01	cTiterSub_x-ne_star	north	2015
2015-02-01	A/Distrito_Federal/75551/2014_EPI541980	0.001007	10.560419000000003	12.309250999999998	-0.1294809291269351	0.0009330745197478375	10.681446728474123	2015-09-01	cTiterSub_x-ne_star	north	2015
2015-02-01	A/ENG/43860187/2014_EPI551222	0.002416	5.759387999999993	4.259661000000002	-0.0018276703249673898	0.0024116999133527222	5.6840370037449315	2015-09-01	cTiterSub_x-ne_star	north	2015
2015-02-01	A/ENG/43920370/2014_EPI551224	0.002081	11.560918999999995	13.262137000000005	-0.11642944196283009	0.0019429668149707373	11.686731473941496	2015-09-01	cTiterSub_x-ne_star	north	2015
2015-02-01	A/FUKUSHIMA/98/2014_EPI541911	4.5e-05	8.495219999999994	10.885816999999996	-0.02901549436211873	4.4213116690706406e-05	8.536700801592042	2015-09-01	cTiterSub_x-ne_star	north	2015
2015-02-01	A/Finland/463/2014_EPI557062	0.015243000000000001	6.980392999999993	5.748282999999997	0.07207740521896282	0.015886191175744458	6.9227453494608024	2015-09-01	cTiterSub_x-ne_star	north	2015
2015-02-01	A/Finland/466/2014_EPI557065	0.015533000000000002	5.759387999999993	4.259661000000002	-0.0018276703249673898	0.015505353788951917	5.6840370037449315	2015-09-01	cTiterSub_x-ne_star	north	2015
2015-02-01	A/Finland/467/2014_EPI557066	0.016412	6.4140999999999995	4.930250000000001	0.03959166834108202	0.016783439102089636	6.3492512296846515	2015-09-01	cTiterSub_x-ne_star	north	2015
2015-02-01	A/Finland/468/2014_EPI557067	0.0172979999999999	6.4140999999999995	4.930250000000001	0.03959166834108202	0.017689491200825302	6.3492512296846515	2015-09-01	cTiterSub_x-ne_star	north	2015
2015-02-01	A/Florida/26/2014_EPI540820	7.2e-05	5.759387999999993	4.259661000000002	-0.0018276703249673898	7.187185172243212e-05	5.6840370037449315	2015-09-01	cTiterSub_x-ne_star	north	2015
2015-02-01	A/Florida/27/2014_EPI540821	7.2e-05	8.844988999999995	10.591296999999997	-0.15603186453115164	6.568905029440189e-05	8.946486137976162	2015-09-01	cTiterSub_x-ne_star	north	2015
2015-02-01	A/Florida/33/2014_EPI543705	0.000446	7.56185399999999	6.173815000000005	0.030658066552913404	0.00045372330061058645	7.4830741040352535	2015-09-01	cTiterSub_x-ne_star	north	2015
2015-02-01	A/GIFU/46/2014_EPI552556	0.001928	6.729012999999995	5.002294000000004	-0.0018276703249673898	0.0019245684739006821	6.652700787127813	2015-09-01	cTiterSub_x-ne_star	north	2015
2015-02-01	A/GIFU/47/2014_EPI552558	0.001928	5.759387999999993	4.259661000000002	-0.0018276703249673898	0.0019245684739006821	5.6840370037449315	2015-09-01	cTiterSub_x-ne_star	north	2015
2015-02-01	A/GUNMA/81/2014_EPI556477	0.012707	7.65550899999999	6.248665000000005	0.0631438034307942	0.01317434827089783	7.5763522262040714	2015-09-01	cTiterSub_x-ne_star	north	2015
2015-02-01	A/Galicia/1786/2014_EPI539568	7.6e-05	12.548696	13.889847000000008	-0.06627398796105925	7.306564122793405e-05	12.633896948273714	2015-09-01	cTiterSub_x-ne_star	north	2015
2015-02-01	A/Galicia/2054/2014_EPI557280	0.016412	8.190276999999995	9.920707999999998	-0.16604857314801413	0.014886218096605138	8.281271912036452	2015-09-01	cTiterSub_x-ne_star	north	2015
2015-02-01	A/Ghana/DILI-0522/2014_EPI541434	1.1e-05	8.969347999999995	10.975992999999995	0.0034702425157620625	1.1014408716577875e-05	9.016234147971481	2015-09-01	cTiterSub_x-ne_star	north	2015
2015-02-01	A/Ghana/DILI-0659/2014_EPI541438	0.000212	7.972054999999997	9.976002999999999	-0.02901549436211873	0.00020829290529843905	8.018691435470274	2015-09-01	cTiterSub_x-ne_star	north	2015
2015-02-01	A/Ghom/87594/2014_EPI557286	0.021976	5.759387999999993	4.259661000000002	-0.0018276703249673898	0.021936886297946778	5.6840370037449315	2015-09-01	cTiterSub_x-ne_star	north	2015
2015-02-01	A/Glasgow/4165/2014_EPI539572	1.7e-05	8.303058999999994	10.266223	0.0034243921108133963	1.702181274385352e-05	8.326137310878474	2015-09-01	cTiterSub_x-ne_star	north	2015
2015-02-01	A/Goias/82117/2014_EPI551176	0.0034439999999999996	9.562779999999998	11.350593000000003	-0.16196666600481588	0.0031312671079044767	9.683643577911296	2015-09-01	cTiterSub_x-ne_star	north	2015
2015-02-01	A/Goias/85156/2014_EPI545187	0.004344	9.562779999999998	11.350593000000003	-0.16196666600481588	0.0039495424845345664	9.683643577911296	2015-09-01	cTiterSub_x-ne_star	north	2015
2015-02-01	A/Gothenburg/4/2014_EPI552674	0.011376	8.204114999999991	10.242691	0.024482602411718977	0.011531381087256166	8.2296930147848	2015-09-01	cTiterSub_x-ne_star	north	2015
2015-02-01	A/Guangdong-Haizhu/1510/2014_EPI549528	4.8e-05	9.115821999999994	11.147374	0.04143964680799862	4.913928694258715e-05	9.14961257675149	2015-09-01	cTiterSub_x-ne_star	north	2015
2015-02-01	A/Guangxi-Qingxiu/1569/2014_EPI554868	0.000223	8.495219999999994	10.885816999999996	-0.02901549436211873	0.00021910055604505618	8.536700801592042	2015-09-01	cTiterSub_x-ne_star	north	2015
2015-02-01	A/Guangxi-Xiangshan/1704/2014_EPI554916	0.000924	8.495219999999994	10.885816999999996	-0.02901549436211873	0.0009078426627158381	8.536700801592042	2015-09-01	cTiterSub_x-ne_star	north	2015
2015-02-01	A/Guangxi-Youjiang/1910/2014_EPI554742	0.010612	8.495219999999994	10.885816999999996	-0.02901549436211873	0.010426435429372808	8.536700801592042	2015-09-01	cTiterSub_x-ne_star	north	2015
2015-02-01	A/Guizhou-Zhongshan/1722/2014_EPI554901	0.001463	8.495219999999994	10.885816999999996	-0.02901549436211873	0.001437417549300077	8.536700801592042	2015-09-01	cTiterSub_x-ne_star	north	2015
2015-02-01	A/HIROSHIMA/62/2014_EPI557639	0.015533000000000002	5.759387999999993	4.259661000000002	-0.0018276703249673898	0.015505353788951917	5.6840370037449315	2015-09-01	cTiterSub_x-ne_star	north	2015
2015-02-01	A/HYOGO/3049/2014_EPI552574	0.002695	5.759387999999993	4.259661000000002	-0.0018276703249673898	0.0026902033387771465	5.6840370037449315	2015-09-01	cTiterSub_x-ne_star	north	2015
2015-02-01	A/Hawaii/19/2014_EPI540878	2.5e-05	11.557348999999997	13.350573000000006	-0.1294809291269351	2.3164710023531222e-05	11.678715716719834	2015-09-01	cTiterSub_x-ne_star	north	2015
2015-02-01	A/Hawaii/26/2014_EPI540869	5.400000000000001e-05	8.495219999999994	10.885816999999996	-0.02901549436211873	5.3055740028847696e-05	8.536700801592042	2015-09-01	cTiterSub_x-ne_star	north	2015
2015-02-01	A/Hawaii/27/2014_EPI540870	6.8e-05	10.557406	12.350582999999999	-0.16196666600481588	6.182525067871791e-05	10.678762046139871	2015-09-01	cTiterSub_x-ne_star	north	2015
2015-02-01	A/Hawaii/36/2014_EPI547877	0.000491	8.495219999999994	10.885816999999996	-0.02901549436211873	0.00048241422878081875	8.536700801592042	2015-09-01	cTiterSub_x-ne_star	north	2015
2015-02-01	A/Hawaii/40/2014_EPI553882	0.0017850000000000001	6.7301359999999955	5.259651000000002	0.03199652517770006	0.0018173288768644563	6.653281201911608	2015-09-01	cTiterSub_x-ne_star	north	2015
2015-02-01	A/Heilongjiang-Nangang/1539/2014_EPI554679	0.014953999999999999	8.204114999999991	10.242691	0.024482602411718977	0.015158251826549639	8.2296930147848	2015-09-01	cTiterSub_x-ne_star	north	2015
2015-02-01	A/Hong_Kong/6013/2014_EPI551862	1.4000000000000001e-05	5.886159000000001	4.697095000000004	-0.0018276703249673898	1.3975082279361802e-05	5.827178197688922	2015-09-01	cTiterSub_x-ne_star	north	2015
2015-02-01	A/Hong_Kong/6033/2014_EPI551864	1.4000000000000001e-05	8.495219999999994	10.885816999999996	-0.02901549436211873	1.3755191859330882e-05	8.536700801592042	2015-09-01	cTiterSub_x-ne_star	north	2015
2015-02-01	A/Hong_Kong/6315/2014_EPI551866	2.5e-05	9.492101999999992	11.885807000000002	-0.012912192538865209	2.479466305448259e-05	9.533335055593932	2015-09-01	cTiterSub_x-ne_star	north	2015
2015-02-01	A/Hong_Kong/6421/2014_EPI551868	3.3e-05	9.495118999999992	11.885220000000002	0.0034702425157620625	3.304322614973363e-05	9.536604625963204	2015-09-01	cTiterSub_x-ne_star	north	2015
2015-02-01	A/Hong_Kong/7127/2014_EPI551870	0.000302	5.759387999999993	4.259661000000002	-0.0018276703249673898	0.0003014624891690903	5.6840370037449315	2015-09-01	cTiterSub_x-ne_star	north	2015
2015-02-01	A/Hong_Kong/7229/2014_EPI551872	0.000334	8.495219999999994	10.885816999999996	-0.02901549436211873	0.0003281595772154653	8.536700801592042	2015-09-01	cTiterSub_x-ne_star	north	2015
2015-02-01	A/Hong_Kong/7243/2014_EPI551874	0.000368	8.316897999999993	10.249741	0.003451127864195433	0.00036847792843324985	8.34205398851251	2015-09-01	cTiterSub_x-ne_star	north	2015
2015-02-01	A/Hong_Kong/7272/2014_EPI551876	0.00040599999999999995	9.487554999999993	11.876519	-0.042574940743036874	0.00039575783465435854	9.528802742245304	2015-09-01	cTiterSub_x-ne_star	north	2015
2015-02-01	A/Hong_Kong/7276/2014_EPI551878	0.000368	11.484741999999995	13.885787000000004	0.05205928121689638	0.00037907556693265494	11.525738929676937	2015-09-01	cTiterSub_x-ne_star	north	2015
2015-02-01	A/Hong_Kong/7364/2014_EPI551890	0.000775	5.759387999999993	4.259661000000002	-0.0018276703249673898	0.0007736206261789567	5.6840370037449315	2015-09-01	cTiterSub_x-ne_star	north	2015
2015-02-01	A/Hong_Kong/7563/2014_EPI551153	0.005246	9.425240999999993	11.873887000000002	0.0034702425157620625	0.005252871647924322	9.46512786940467	2015-09-01	cTiterSub_x-ne_star	north	2015
2015-02-01	A/Hong_Kong/7622/2014_EPI557294	0.018187000000000002	13.753870999999995	15.256890000000004	-0.10776748835720114	0.017066669390532373	13.907304084669928	2015-09-01	cTiterSub_x-ne_star	north	2015
2015-02-01	A/ISHIKAWA/99/2014_EPI556491	0.023082	12.556394999999997	15.494984999999993	0.028082918522907868	0.023446459753900247	12.592477029555246	2015-09-01	cTiterSub_x-ne_star	north	2015
2015-02-01	A/Iceland/08202/2014_EPI536340	1.9e-05	10.581944000000004	12.322990999999998	-0.14891517884071087	1.7406722976433507e-05	10.706354070757241	2015-09-01	cTiterSub_x-ne_star	north	2015
2015-02-01	A/India/7752/2014_EPI539183	1.4000000000000001e-05	8.495219999999994	10.885816999999996	-0.02901549436211873	1.3755191859330882e-05	8.536700801592042	2015-09-01	cTiterSub_x-ne_star	north	2015
2015-02-01	A/Jiangsu-Chongchuan/12179/2014_EPI551095	0.002081	23.039353999999985	23.850344999999987	-0.14040845995655765	0.0019159782553062334	23.074255710020573	2015-09-01	cTiterSub_x-ne_star	north	2015
2015-02-01	A/Jiangsu-Nanjinggulou/13151/2014_EPI554910	0.001405	8.495219999999994	10.885816999999996	-0.02901549436211873	0.0013804317544542778	8.536700801592042	2015-09-01	cTiterSub_x-ne_star	north	2015
2015-02-01	A/Jiangsu-Quanshan/11567/2014_EPI551089	0.005246	9.461638999999995	11.859625000000001	0.0034702425157620625	0.005252871647924322	9.502748598542293	2015-09-01	cTiterSub_x-ne_star	north	2015
2015-02-01	A/Jiangxi-Donghu/11101/2014_EPI549532	2e-05	8.130427999999993	10.148851999999996	-0.008817243180196378	1.988316909500189e-05	8.165387835739216	2015-09-01	cTiterSub_x-ne_star	north	2015
2015-02-01	A/Jiangxi-Zhushan/1713/2014_EPI551104	0.001715	8.495219999999994	10.885816999999996	-0.02901549436211873	0.001685011002768033	8.536700801592042	2015-09-01	cTiterSub_x-ne_star	north	2015
2015-02-01	A/Jilin-Nanguan/1549/2014_EPI554697	0.016412	9.459164999999992	11.884327000000003	0.0487469503989396	0.016873312195100257	9.4995963733715	2015-09-01	cTiterSub_x-ne_star	north	2015
2015-02-01	A/KANAGAWA/158/2014_EPI540149	1e-05	6.7591109999999945	5.226687000000002	-0.0018276703249673898	9.982201628115573e-06	6.683767484300975	2015-09-01	cTiterSub_x-ne_star	north	2015
2015-02-01	A/KANAGAWA/158/2014_EPI548580	1e-05	6.7591109999999945	5.226687000000002	-0.0018276703249673898	9.982201628115573e-06	6.683767484300975	2015-09-01	cTiterSub_x-ne_star	north	2015
2015-02-01	A/KANAGAWA/158/2014_EPI552622	1e-05	6.7591109999999945	5.226687000000002	-0.0018276703249673898	9.982201628115573e-06	6.683767484300975	2015-09-01	cTiterSub_x-ne_star	north	2015
2015-02-01	A/KANAGAWA/158/2014_EPI552624	1e-05	6.7591109999999945	5.226687000000002	-0.0018276703249673898	9.982201628115573e-06	6.683767484300975	2015-09-01	cTiterSub_x-ne_star	north	2015
2015-02-01	A/KANAGAWA/159/2014_EPI540151	1.9e-05	6.7591109999999945	5.226687000000002	-0.0018276703249673898	1.8966183093419587e-05	6.683767484300975	2015-09-01	cTiterSub_x-ne_star	north	2015
2015-02-01	A/KANAGAWA/159/2014_EPI544740	1.9e-05	6.7591109999999945	5.226687000000002	-0.0018276703249673898	1.8966183093419587e-05	6.683767484300975	2015-09-01	cTiterSub_x-ne_star	north	2015
2015-02-01	A/KANAGAWA/159/2014_EPI548582	1.9e-05	6.7591109999999945	5.226687000000002	-0.0018276703249673898	1.8966183093419587e-05	6.683767484300975	2015-09-01	cTiterSub_x-ne_star	north	2015
2015-02-01	A/KANAGAWA/159/2014_EPI552626	1.9e-05	6.7591109999999945	5.226687000000002	-0.0018276703249673898	1.8966183093419587e-05	6.683767484300975	2015-09-01	cTiterSub_x-ne_star	north	2015
2015-02-01	A/KANAGAWA/159/2014_EPI552628	1.9e-05	6.7591109999999945	5.226687000000002	-0.0018276703249673898	1.8966183093419587e-05	6.683767484300975	2015-09-01	cTiterSub_x-ne_star	north	2015
2015-02-01	A/KANAGAWA/160/2014_EPI541917	0.000181	11.671167000000002	13.924523000000002	-0.01843767206419194	0.0001789356851795766	11.716850768357485	2015-09-01	cTiterSub_x-ne_star	north	2015
2015-02-01	A/KANAGAWA/166/2014_EPI552576	0.002793	10.657207	13.526359000000008	0.03547784072612558	0.0028493657113661942	10.694873544049106	2015-09-01	cTiterSub_x-ne_star	north	2015
2015-02-01	A/KANAGAWA/169/2014_EPI553251	0.009875	7.695356999999991	6.259617000000005	0.030658066552913404	0.010046003572936193	7.618247262599825	2015-09-01	cTiterSub_x-ne_star	north	2015
2015-02-01	A/LaRioja/2052/2014_EPI552657	0.0078409999999999	14.738181999999997	16.256879999999995	-0.10776748835720114	0.007357989481011856	14.892588105707896	2015-09-01	cTiterSub_x-ne_star	north	2015
2015-02-01	A/Laos/I565/2014_EPI541945	1.8e-05	10.557406	12.350582999999999	-0.16196666600481588	1.6365507532601795e-05	10.678762046139871	2015-09-01	cTiterSub_x-ne_star	north	2015
2015-02-01	A/Laos/I666/2014_EPI552590	0.0001	9.482270999999994	11.885807000000002	-0.02901549436211873	9.825137042379201e-05	9.524224090418494	2015-09-01	cTiterSub_x-ne_star	north	2015
2015-02-01	A/Laos/I694/2014_EPI552592	0.000139	11.473141999999998	13.876425000000005	-0.01008920386515608	0.00013808553089364833	11.514572663941578	2015-09-01	cTiterSub_x-ne_star	north	2015
2015-02-01	A/Laos/I710/2014_EPI552594	0.000223	9.482270999999994	11.885807000000002	-0.02901549436211873	0.00021910055604505618	9.524224090418494	2015-09-01	cTiterSub_x-ne_star	north	2015
2015-02-01	A/Laos/I740/2014_EPI552596	0.000302	9.482270999999994	11.885807000000002	-0.02901549436211873	0.00029671913867985187	9.524224090418494	2015-09-01	cTiterSub_x-ne_star	north	2015
2015-02-01	A/Laos/I819/2014_EPI552600	0.00081	8.495219999999994	10.885816999999996	-0.02901549436211873	0.0007958361004327153	8.536700801592042	2015-09-01	cTiterSub_x-ne_star	north	2015
2015-02-01	A/Laos/I863/2014_EPI552602	0.001143	9.482270999999994	11.885807000000002	-0.02901549436211873	0.0011230131639439426	9.524224090418494	2015-09-01	cTiterSub_x-ne_star	north	2015
2015-02-01	A/Laos/I878/2014_EPI552604	0.001405	9.696093999999992	11.966875000000002	-0.08386792134806999	0.001336960918174073	9.741225132819887	2015-09-01	cTiterSub_x-ne_star	north	2015
2015-02-01	A/Laos/I941/2014_EPI552606	0.002506	9.696093999999992	11.966875000000002	-0.08386792134806999	0.0023846434597467802	9.741225132819887	2015-09-01	cTiterSub_x-ne_star	north	2015
2015-02-01	A/Laos/SA376/2014_EPI552588	0.00024700000000000004	9.482270999999994	11.885807000000002	-0.02901549436211873	0.00024268088494676628	9.524224090418494	2015-09-01	cTiterSub_x-ne_star	north	2015
2015-02-01	A/Liaoning-Heping/1430/2014_EPI554928	0.0059159999999999	9.400082999999993	11.8847	-0.02901549436211873	0.005812551074271436	9.439808592516819	2015-09-01	cTiterSub_x-ne_star	north	2015
2015-02-01	A/Luxembourg/14070685/2014_EPI558060	0.026057	5.759387999999993	4.259661000000002	-0.0018276703249673898	0.026010622782380744	5.6840370037449315	2015-09-01	cTiterSub_x-ne_star	north	2015
2015-02-01	A/MIE/38/2014_EPI557635	0.018483000000000003	6.456928999999998	5.168265000000002	0.028658613206655463	0.018781148607403198	6.375822242207794	2015-09-01	cTiterSub_x-ne_star	north	2015
2015-02-01	A/MIYAZAKI/62/2014_EPI553275	0.000884	8.495219999999994	10.885816999999996	-0.02901549436211873	0.0008685421145463214	8.536700801592042	2015-09-01	cTiterSub_x-ne_star	north	2015
2015-02-01	A/Macon/2299/2014_EPI557314	0.007633	6.636317999999998	5.240141000000002	0.030658066552913404	0.0077651792680731085	6.558091579888999	2015-09-01	cTiterSub_x-ne_star	north	2015
2015-02-01	A/Madrid/SO12318/2014_EPI539611	2.2e-05	12.817382000000004	14.672001	-0.14949417415232572	2.014834672175644e-05	12.966896198431186	2015-09-01	cTiterSub_x-ne_star	north	2015
2015-02-01	A/Marseille/2180/2014_EPI557316	0.002081	6.540870999999994	5.367684000000003	0.03959166834108202	0.002128097536646876	6.492392423628642	2015-09-01	cTiterSub_x-ne_star	north	2015
2015-02-01	A/Massachusetts/12/2014_EPI543720	0.00105	12.817382000000004	14.672001	-0.14949417415232572	0.0009616256389929209	12.966896198431186	2015-09-01	cTiterSub_x-ne_star	north	2015
2015-02-01	A/Michigan/07/2014_EPI543696	0.000648	11.560918999999995	13.262137000000005	-0.11642944196283009	0.0006050180183090043	11.686731473941496	2015-09-01	cTiterSub_x-ne_star	north	2015
2015-02-01	A/Michigan/08/2014_EPI547925	0.000648	11.560918999999995	13.262137000000005	-0.11642944196283009	0.0006050180183090043	11.686731473941496	2015-09-01	cTiterSub_x-ne_star	north	2015
2015-02-01	A/Michigan/11/2014_EPI553513	0.0022440000000000003	5.759387999999993	4.259661000000002	-0.0018276703249673898	0.0022400060453491343	5.6840370037449315	2015-09-01	cTiterSub_x-ne_star	north	2015
2015-02-01	A/Minnesota/14/2014_EPI541610	0.00011200000000000001	10.677489000000001	12.966864999999999	-0.05138218447018919	0.00010861512261419473	10.72156931503093	2015-09-01	cTiterSub_x-ne_star	north	2015
2015-02-01	A/Minnesota/16/2014_EPI540809	9.499999999999999e-05	9.775222999999997	11.886422999999999	0.03595597939364286	9.694423642277833e-05	9.818442093888965	2015-09-01	cTiterSub_x-ne_star	north	2015
2015-02-01	A/Minnesota/17/2014_EPI540800	0.00011200000000000001	9.494764999999994	11.885807000000002	0.0034702425157620625	0.0001121467069324293	9.536259277932949	2015-09-01	cTiterSub_x-ne_star	north	2015
2015-02-01	A/Misiones/7091/2014_EPI543128	9.499999999999999e-05	12.817382000000004	14.672001	-0.14949417415232572	8.700422448031188e-05	12.966896198431186	2015-09-01	cTiterSub_x-ne_star	north	2015
2015-02-01	A/Montana/06/2014_EPI540871	1.3000000000000001e-05	5.759387999999993	4.259661000000002	-0.0018276703249673898	1.2976862116550245e-05	5.6840370037449315	2015-09-01	cTiterSub_x-ne_star	north	2015
2015-02-01	A/NEWCASTLE/107/2014_EPI551591	0.000884	12.817382000000004	14.672001	-0.14949417415232572	0.0008095972046378496	12.966896198431186	2015-09-01	cTiterSub_x-ne_star	north	2015
2015-02-01	A/NEWCASTLE/34/2014_EPI551599	3.1e-05	12.817382000000004	14.672001	-0.14949417415232572	2.8390852198838618e-05	12.966896198431186	2015-09-01	cTiterSub_x-ne_star	north	2015
2015-02-01	A/NEW_CALEDONIA/68/2014_EPI551565	0.00040599999999999995	6.757330999999995	5.259651000000002	0.030655186544914125	0.00041302993401728607	6.681958818337487	2015-09-01	cTiterSub_x-ne_star	north	2015
2015-02-01	A/NEW_CALEDONIA/76/2014_EPI551574	0.0008470000000000001	14.729230999999993	16.683466	-0.013883743579568751	0.0008395672346838725	14.863909609781135	2015-09-01	cTiterSub_x-ne_star	north	2015
2015-02-01	A/NIIGATA/1086/2014_EPI553273	0.0005639999999999	10.557406	12.350582999999999	-0.16196666600481588	0.0005127859026880987	10.678762046139871	2015-09-01	cTiterSub_x-ne_star	north	2015
2015-02-01	A/NIIGATA/1109/2014_EPI554574	0.000924	9.149931999999996	11.556406	0.012509274128789449	0.0009301016360573119	9.201915027531754	2015-09-01	cTiterSub_x-ne_star	north	2015
2015-02-01	A/Netherlands/395/2014_EPI557318	0.004344	8.190276999999995	9.920707999999998	-0.16604857314801413	0.00394014936702734	8.281271912036452	2015-09-01	cTiterSub_x-ne_star	north	2015
2015-02-01	A/Netherlands/409/2014_EPI557324	0.013256	7.589805999999991	6.240131000000005	0.030658066552913404	0.01348555173294604	7.510396123304791	2015-09-01	cTiterSub_x-ne_star	north	2015
2015-02-01	A/Netherlands/427/2014_EPI557326	0.008269	8.55042399999999	7.238568999999997	0.0631438034307942	0.008573123935787689	8.469561837839438	2015-09-01	cTiterSub_x-ne_star	north	2015
2015-02-01	A/Netherlands/437/2014_EPI557514	0.0094	6.636317999999998	5.240141000000002	0.030658066552913404	0.00956277808461774	6.558091579888999	2015-09-01	cTiterSub_x-ne_star	north	2015
2015-02-01	A/Nevada/16/2014_EPI540886	1.7e-05	10.581944000000004	12.322990999999998	-0.14891517884071087	1.5574436347335245e-05	10.706354070757241	2015-09-01	cTiterSub_x-ne_star	north	2015
2015-02-01	A/New_Caledonia/71/2014_EPI553999	0.0006190000000000001	8.703286999999992	7.5942240000000005	0.02067539390158618	0.0006260627697062414	8.655747006828909	2015-09-01	cTiterSub_x-ne_star	north	2015
2015-02-01	A/New_Hampshire/18/2014_EPI547969	0.001192	5.759387999999993	4.259661000000002	-0.0018276703249673898	0.0011898784340713762	5.6840370037449315	2015-09-01	cTiterSub_x-ne_star	north	2015
2015-02-01	A/New_Mexico/28/2014_EPI548990	0.006456	6.596142999999997	5.086221000000003	0.02853464942430775	0.006559667142356108	6.526990796497047	2015-09-01	cTiterSub_x-ne_star	north	2015
2015-02-01	A/New_York/20/2014_EPI553866	0.0034439999999999996	14.047008999999997	15.970446999999998	-0.05015811845558246	0.0033423006999584097	14.185386031259323	2015-09-01	cTiterSub_x-ne_star	north	2015
2015-02-01	A/New_York/26/2014_EPI553583	0.006273	6.7468349999999955	5.259651000000002	0.030658066552913404	0.006381628396256074	6.671273746952422	2015-09-01	cTiterSub_x-ne_star	north	2015
2015-02-01	A/Newcastle/22/2014_EPI543134	2.8000000000000013e-05	15.313699999999988	17.50371499999999	-0.049016558547612304	2.7191277336999446e-05	15.45741369258426	2015-09-01	cTiterSub_x-ne_star	north	2015
2015-02-01	A/Newcastle/22/2014_EPI547993	2.8000000000000013e-05	15.313699999999988	17.50371499999999	-0.049016558547612304	2.7191277336999446e-05	15.45741369258426	2015-09-01	cTiterSub_x-ne_star	north	2015
2015-02-01	A/Nordrhein-Westfalen/18/2014_EPI557342	0.024393	12.526276999999999	14.028874999999998	-0.09405168791853408	0.023074253741832945	12.659888411623951	2015-09-01	cTiterSub_x-ne_star	north	2015
2015-02-01	A/North_Carolina/18/2014_EPI540807	8e-05	9.758964999999996	11.877284000000001	0.03595597939364286	8.163725172444491e-05	9.802899665643752	2015-09-01	cTiterSub_x-ne_star	north	2015
2015-02-01	A/North_Carolina/24/2014_EPI553672	0.0033280000000000002	6.7301359999999955	5.259651000000002	0.03199652517770006	0.0033882747911512107	6.653281201911608	2015-09-01	cTiterSub_x-ne_star	north	2015
2015-02-01	A/North_Dakota/03/2014_EPI540883	1.3000000000000001e-05	6.733391999999996	5.243222000000002	0.030658066552913404	1.3225118627662836e-05	6.6570926654021205	2015-09-01	cTiterSub_x-ne_star	north	2015
2015-02-01	A/Norway/2006/2014_EPI543136	2.8999999999999997e-05	10.581944000000004	12.322990999999998	-0.14891517884071087	2.6568156121924827e-05	10.706354070757241	2015-09-01	cTiterSub_x-ne_star	north	2015
2015-02-01	A/Norway/2034/2014_EPI543138	4.2e-05	10.581944000000004	12.322990999999998	-0.14891517884071087	3.847801921106354e-05	10.706354070757241	2015-09-01	cTiterSub_x-ne_star	north	2015
2015-02-01	A/Norway/2156/2014_EPI541082	0.000288	8.495219999999994	10.885816999999996	-0.02901549436211873	0.000282963946820521	8.536700801592042	2015-09-01	cTiterSub_x-ne_star	north	2015
2015-02-01	A/Norway/2178/2014_EPI541083	0.000468	5.759387999999993	4.259661000000002	-0.0018276703249673898	0.0004671670361958087	5.6840370037449315	2015-09-01	cTiterSub_x-ne_star	north	2015
2015-02-01	A/Norway/2178/2014_EPI557344	0.000468	5.759387999999993	4.259661000000002	-0.0018276703249673898	0.0004671670361958087	5.6840370037449315	2015-09-01	cTiterSub_x-ne_star	north	2015
2015-02-01	A/Norway/2199/2014_EPI541080	1.4999999999999999e-05	12.283625000000002	14.149601	-0.1294809291269351	1.389882601411873e-05	12.40976270848748	2015-09-01	cTiterSub_x-ne_star	north	2015
2015-02-01	A/Norway/2200/2014_EPI541081	1.7e-05	9.327934999999997	10.026060000000005	-0.15176511010023938	1.5548565981602176e-05	9.363296922175602	2015-09-01	cTiterSub_x-ne_star	north	2015
2015-02-01	A/OITA/17/2014_EPI555000	0.006093	7.732588999999991	6.258173000000005	0.08072606883735471	0.006382216789209357	7.655497311178781	2015-09-01	cTiterSub_x-ne_star	north	2015
2015-02-01	A/OITA/23/2014_EPI555004	0.010118	5.759387999999993	4.259661000000002	-0.0018276703249673898	0.010099991607327335	5.6840370037449315	2015-09-01	cTiterSub_x-ne_star	north	2015
2015-02-01	A/OITA/26/2014_EPI555016	0.013534000000000001	5.759387999999993	4.259661000000002	-0.0018276703249673898	0.013509911683491615	5.6840370037449315	2015-09-01	cTiterSub_x-ne_star	north	2015
2015-02-01	A/OSAKA/54/2014_EPI553245	0.012436	11.626108000000002	14.526349	0.03547784072612558	0.012686971710186176	11.663182538745703	2015-09-01	cTiterSub_x-ne_star	north	2015
2015-02-01	A/OSAKA/55/2014_EPI553247	0.008938	11.853147	14.607417000000002	-0.019408859292526497	0.008831057185145673	11.894212472080207	2015-09-01	cTiterSub_x-ne_star	north	2015
2015-02-01	A/Ohio/4319/2014_EPI541960	0.001143	67.84225700000002	69.087344	0.3993753741358321	0.0014418255750375246	67.83023390400669	2015-09-01	cTiterSub_x-ne_star	north	2015
2015-02-01	A/Oman/3676/2014_EPI551896	3.5e-05	12.817382000000004	14.672001	-0.14949417415232572	3.205418796643069e-05	12.966896198431186	2015-09-01	cTiterSub_x-ne_star	north	2015
2015-02-01	A/Oman/4289/2014_EPI551898	0.000288	8.775419999999993	10.890166999999996	0.0034702425157620625	0.0002883772463976753	8.818635982361815	2015-09-01	cTiterSub_x-ne_star	north	2015
2015-02-01	A/Oman/4289/2014_EPI551900	0.000288	8.775419999999993	10.890166999999996	0.0034702425157620625	0.0002883772463976753	8.818635982361815	2015-09-01	cTiterSub_x-ne_star	north	2015
2015-02-01	A/Paris/1846/2014_EPI543140	0.000741	8.495219999999994	10.885816999999996	-0.02901549436211873	0.0007280426548402989	8.536700801592042	2015-09-01	cTiterSub_x-ne_star	north	2015
2015-02-01	A/Paris/1984/2014_EPI544215	0.006093	7.6241249999999905	6.240131000000005	0.0631438034307942	0.00631709325683328	7.545457393375329	2015-09-01	cTiterSub_x-ne_star	north	2015
2015-02-01	A/Pennsylvania/42/2014_EPI545686	0.002793	7.556135999999989	6.173815000000005	0.0631438034307942	0.00289572320143367	7.477143575853344	2015-09-01	cTiterSub_x-ne_star	north	2015
2015-02-01	A/Puerto_Rico/25/2014_EPI540032	3.1e-05	9.320622999999998	10.025326000000005	-0.11927937322235858	2.8895685350660792e-05	9.355397046285674	2015-09-01	cTiterSub_x-ne_star	north	2015
2015-02-01	A/Quebec/66/2014_EPI573966	0.021694	6.645220999999997	5.155086000000002	0.026831191848483146	0.02202045890035093	6.572483211770465	2015-09-01	cTiterSub_x-ne_star	north	2015
2015-02-01	A/SAITAMA-C/32/2014_EPI553271	0.000223	9.400082999999993	11.8847	-0.02901549436211873	0.00021910055604505618	9.439808592516819	2015-09-01	cTiterSub_x-ne_star	north	2015
2015-02-01	A/SAITAMA/97/2014_EPI552580	0.002793	5.759387999999993	4.259661000000002	-0.0018276703249673898	0.002788028914732679	5.6840370037449315	2015-09-01	cTiterSub_x-ne_star	north	2015
2015-02-01	A/SHIGA/39/2014_EPI555026	0.0029980000000000002	7.72228599999999	6.259641000000006	0.030658066552913404	0.0030499158189025524	7.646246166803717	2015-09-01	cTiterSub_x-ne_star	north	2015
2015-02-01	A/SHIMANE/94/2014_EPI553269	0.001295	6.7529349999999955	5.255771000000001	0.030658066552913404	0.0013174252786787206	6.677479379539248	2015-09-01	cTiterSub_x-ne_star	north	2015
2015-02-01	A/SHIMANE/96/2014_EPI552560	0.001928	6.7529349999999955	5.255771000000001	0.030658066552913404	0.0019613868241641495	6.677479379539248	2015-09-01	cTiterSub_x-ne_star	north	2015
2015-02-01	A/SOUTH_AFRICA/4952/2014_EPI551630	4.2e-05	9.095139999999997	10.919590999999995	-0.16604857314801413	3.80953668082754e-05	9.184379702961222	2015-09-01	cTiterSub_x-ne_star	north	2015
2015-02-01	A/SOUTH_AUSTRALIA/1007/2014_EPI551645	0.000106	8.811644999999997	9.721740000000004	-0.17511902101018093	9.56380783542749e-05	8.865868646581127	2015-09-01	cTiterSub_x-ne_star	north	2015
2015-02-01	A/SOUTH_AUSTRALIA/91/2014_EPI551657	0.000172	11.024218000000001	12.808435999999995	-0.1334457516127598	0.0001590050304465446	11.116336777281495	2015-09-01	cTiterSub_x-ne_star	north	2015
2015-02-01	A/SRI_LANKA/16/2014_EPI551663	3.3e-05	12.108325000000002	14.001061999999997	-0.11512959221134404	3.083447402954808e-05	12.244837447939233	2015-09-01	cTiterSub_x-ne_star	north	2015
2015-02-01	A/SRI_LANKA/42/2014_EPI551669	1.3000000000000001e-05	11.108398	13.001157000000003	-0.14761532908922484	1.191889711604824e-05	11.244899116887307	2015-09-01	cTiterSub_x-ne_star	north	2015
2015-02-01	A/SYDNEY/1001/2014_EPI551674	0.00024700000000000004	12.817382000000004	14.672001	-0.14949417415232572	0.00022621098364881097	12.966896198431186	2015-09-01	cTiterSub_x-ne_star	north	2015
2015-02-01	A/SYDNEY/108/2014_EPI551701	7.2e-05	9.186205999999999	10.887415999999996	-0.1334457516127598	6.656024530320472e-05	9.276749299394318	2015-09-01	cTiterSub_x-ne_star	north	2015
2015-02-01	A/Sao_Paulo/12-15454/2014_EPI551172	0.005408	7.490665999999991	6.095962000000003	0.0631438034307942	0.005606899775636694	7.4150133428536895	2015-09-01	cTiterSub_x-ne_star	north	2015
2015-02-01	A/Sao_Paulo/12-15655/2014_EPI551173	0.006456	9.384457999999997	10.714516999999997	-0.16200934159936306	0.0058696159144208835	9.48899676483176	2015-09-01	cTiterSub_x-ne_star	north	2015
2015-02-01	A/Sao_Paulo/2-25786/2014_EPI554591	0.012707	9.562779999999998	11.350593000000003	-0.16196666600481588	0.011553139123153946	9.683643577911296	2015-09-01	cTiterSub_x-ne_star	north	2015
2015-02-01	A/Sao_Paulo/3-36419/2014_EPI551906	0.0094	13.056927999999997	14.975390999999998	-0.08264385533346325	0.008951181114739934	13.195769032976866	2015-09-01	cTiterSub_x-ne_star	north	2015
2015-02-01	A/Sao_Paulo/5-1113/2014_EPI536207	1.2e-05	10.562749	12.350582999999999	-0.1294809291269351	1.1119060811294986e-05	10.683621339789678	2015-09-01	cTiterSub_x-ne_star	north	2015
2015-02-01	A/Sao_Paulo/5-13834/2014_EPI539399	0.000139	8.190276999999995	9.920707999999998	-0.16604857314801413	0.00012607752348453048	8.281271912036452	2015-09-01	cTiterSub_x-ne_star	north	2015
2015-02-01	A/Sao_Paulo/53072/2014_EPI536203	1.3000000000000001e-05	9.562779999999998	11.350593000000003	-0.16196666600481588	1.1819533217990186e-05	9.683643577911296	2015-09-01	cTiterSub_x-ne_star	north	2015
2015-02-01	A/Sao_Paulo/54274/2014_EPI537876	1.4999999999999999e-05	9.562779999999998	11.350593000000003	-0.16196666600481588	1.3637922943834829e-05	9.683643577911296	2015-09-01	cTiterSub_x-ne_star	north	2015
2015-02-01	A/Sao_Paulo/6-10266/2014_EPI537541	2.2e-05	9.562779999999998	11.350593000000003	-0.16196666600481588	2.0002286984291084e-05	9.683643577911296	2015-09-01	cTiterSub_x-ne_star	north	2015
2015-02-01	A/Sao_Paulo/6-11921/2014_EPI539403	0.000139	12.555832	14.294534999999994	-0.16196666600481588	0.00012637808594620275	12.676686798026521	2015-09-01	cTiterSub_x-ne_star	north	2015
2015-02-01	A/Sao_Paulo/7-6864/2014_EPI537998	1.8e-05	9.562779999999998	11.350593000000003	-0.16196666600481588	1.6365507532601795e-05	9.683643577911296	2015-09-01	cTiterSub_x-ne_star	north	2015
2015-02-01	A/Sao_Paulo/81060/2014_EPI545188	0.004344	11.560918999999995	13.262137000000005	-0.11642944196283009	0.004055861530145547	11.686731473941496	2015-09-01	cTiterSub_x-ne_star	north	2015
2015-02-01	A/Sao_Paulo/95739/2014_EPI554592	0.020834000000000002	9.562779999999998	11.350593000000003	-0.16196666600481588	0.01894216577412366	9.683643577911296	2015-09-01	cTiterSub_x-ne_star	north	2015
2015-02-01	A/Schleswig-Holstein/10/2014_EPI558100	0.026057	6.704980999999995	5.259457000000002	0.030658066552913404	0.026508224313923884	6.62813690396701	2015-09-01	cTiterSub_x-ne_star	north	2015
2015-02-01	A/Shanghai-Pudongxin/11396/2014_EPI551098	0.001715	8.495219999999994	10.885816999999996	-0.02901549436211873	0.001685011002768033	8.536700801592042	2015-09-01	cTiterSub_x-ne_star	north	2015
2015-02-01	A/Shanxi-Xinghualing/1663/2014_EPI554880	0.000591	8.495219999999994	10.885816999999996	-0.02901549436211873	0.0005806655992046109	8.536700801592042	2015-09-01	cTiterSub_x-ne_star	north	2015
2015-02-01	A/South_Africa/5403/2014_EPI539850	7.2e-05	10.093122000000003	11.919557999999999	-0.13356283627013332	6.655569943472882e-05	10.182373826438013	2015-09-01	cTiterSub_x-ne_star	north	2015
2015-02-01	A/South_Africa/5416/2014_EPI539852	7.2e-05	9.095139999999997	10.919590999999995	-0.16604857314801413	6.530634309990068e-05	9.184379702961222	2015-09-01	cTiterSub_x-ne_star	north	2015
2015-02-01	A/South_Australia/55/2014_EPI541463	2.5e-05	9.495042999999992	11.885807000000002	-0.017532623786746304	2.4727925178257304e-05	9.53653658078673	2015-09-01	cTiterSub_x-ne_star	north	2015
2015-02-01	A/South_Australia/55/2014_EPI544084	5.9999999999999995e-05	12.317541000000002	14.775599999999999	-0.07524050394574554	5.738247747760854e-05	12.370163984247077	2015-09-01	cTiterSub_x-ne_star	north	2015
2015-02-01	A/South_Carolina/03/2014_EPI543672	0.00038700000000000003	8.190276999999995	9.920707999999998	-0.16604857314801413	0.0003510215941619662	8.281271912036452	2015-09-01	cTiterSub_x-ne_star	north	2015
2015-02-01	A/Stockholm/17/2014_EPI542216	0.000223	6.757791999999995	5.245274000000002	0.0674840231615121	0.00023178777027052456	6.6821316026293545	2015-09-01	cTiterSub_x-ne_star	north	2015
2015-02-01	A/Stockholm/18/2014_EPI542224	0.000709	5.759387999999993	4.259661000000002	-0.0018276703249673898	0.000707738095433394	5.6840370037449315	2015-09-01	cTiterSub_x-ne_star	north	2015
2015-02-01	A/Stockholm/19/2014_EPI544071	0.0017850000000000001	13.753870999999995	15.256890000000004	-0.10776748835720114	0.00167504288019466	13.907304084669928	2015-09-01	cTiterSub_x-ne_star	north	2015
2015-02-01	A/Stockholm/20/2014_EPI544078	0.003811	12.247812	14.855118999999997	0.07589711191568393	0.003980668043028236	12.282954628182996	2015-09-01	cTiterSub_x-ne_star	north	2015
2015-02-01	A/Stockholm/20/2014_EPI557356	0.003811	12.247812	14.855118999999997	0.07589711191568393	0.003980668043028236	12.282954628182996	2015-09-01	cTiterSub_x-ne_star	north	2015
2015-02-01	A/Stockholm/22/2014_EPI548094	0.007028	6.636317999999998	5.240141000000002	0.030658066552913404	0.0071497025934780314	6.558091579888999	2015-09-01	cTiterSub_x-ne_star	north	2015
2015-02-01	A/Stockholm/24/2014_EPI548133	0.003563	5.759387999999993	4.259661000000002	-0.0018276703249673898	0.003556658440097578	5.6840370037449315	2015-09-01	cTiterSub_x-ne_star	north	2015
2015-02-01	A/Stockholm/24/2014_EPI557358	0.003563	5.759387999999993	4.259661000000002	-0.0018276703249673898	0.003556658440097578	5.6840370037449315	2015-09-01	cTiterSub_x-ne_star	north	2015
2015-02-01	A/Stockholm/25/2014_EPI557360	0.007633	5.759387999999993	4.259661000000002	-0.0018276703249673898	0.007619414502740616	5.6840370037449315	2015-09-01	cTiterSub_x-ne_star	north	2015
2015-02-01	A/Stockholm/29/2014_EPI552690	0.014666	5.759387999999993	4.259661000000002	-0.0018276703249673898	0.014639896907794298	5.6840370037449315	2015-09-01	cTiterSub_x-ne_star	north	2015
2015-02-01	A/TASMANIA/122/2014_EPI551729	0.0016489999999999999	14.319896999999992	16.505677000000002	-0.011111228554667611	0.001637175026330968	14.463535015108857	2015-09-01	cTiterSub_x-ne_star	north	2015
2015-02-01	A/TOKYO/34254/2014_EPI552636	0.0010960000000000002	10.190562000000005	12.766725000000001	-0.031084874891728117	0.0010755359149385731	10.226334968225029	2015-09-01	cTiterSub_x-ne_star	north	2015
2015-02-01	A/TOKYO/34284/2014_EPI552578	0.001715	10.189176000000007	12.794388000000001	0.001400861986152678	0.0017151747460233161	10.224910339674269	2015-09-01	cTiterSub_x-ne_star	north	2015
2015-02-01	A/TOKYO/40778/2014_EPI541915	0.000288	5.759387999999993	4.259661000000002	-0.0018276703249673898	0.00028748740688972846	5.6840370037449315	2015-09-01	cTiterSub_x-ne_star	north	2015
2015-02-01	A/TOKYO/40778/2014_EPI544742	0.000288	5.759387999999993	4.259661000000002	-0.0018276703249673898	0.00028748740688972846	5.6840370037449315	2015-09-01	cTiterSub_x-ne_star	north	2015
2015-02-01	A/TOKYO/41519/2014_EPI553241	0.006834000000000001	10.657207	13.526359000000008	0.03547784072612558	0.0069719173904319994	10.694873544049106	2015-09-01	cTiterSub_x-ne_star	north	2015
2015-02-01	A/TOYAMA/124/2014_EPI557603	0.012436	10.657207	13.526359000000008	0.03547784072612558	0.012686971710186176	10.694873544049106	2015-09-01	cTiterSub_x-ne_star	north	2015
2015-02-01	A/Tak/1845/2014_EPI545581	0.00019099999999999998	9.465436999999994	11.861072	0.0035524995398884644	0.00019125936474355634	9.506326675585433	2015-09-01	cTiterSub_x-ne_star	north	2015
2015-02-01	A/Texas/26/2014_EPI540837	2e-05	7.523377000000001	9.122496000000002	-0.05324025155435849	1.9374546687463302e-05	7.590776076811014	2015-09-01	cTiterSub_x-ne_star	north	2015
2015-02-01	A/Texas/35/2014_EPI540061	1.9e-05	8.495219999999994	10.885816999999996	-0.02901549436211873	1.8667760380520483e-05	8.536700801592042	2015-09-01	cTiterSub_x-ne_star	north	2015
2015-02-01	A/Texas/39/2014_EPI548054	0.0008470000000000001	5.759387999999993	4.259661000000002	-0.0018276703249673898	0.000845492477901389	5.6840370037449315	2015-09-01	cTiterSub_x-ne_star	north	2015
2015-02-01	A/Thailand/CU-B10282/2014_EPI684841	2.8000000000000013e-05	7.145930999999994	5.951573	-0.07281855622802309	2.6816348953108978e-05	7.09053158814588	2015-09-01	cTiterSub_x-ne_star	north	2015
2015-02-01	A/Thailand/CU-B10283/2014_EPI684840	2.8000000000000013e-05	11.162527	13.217126999999996	0.12458793517830742	3.0089176541134338e-05	11.186526583539747	2015-09-01	cTiterSub_x-ne_star	north	2015
2015-02-01	A/Thailand/CU-B10422/2014_EPI684845	0.000288	9.491475999999992	11.885807000000002	0.0034702425157620625	0.0002883772463976753	9.532849248330882	2015-09-01	cTiterSub_x-ne_star	north	2015
2015-02-01	A/Thailand/CU-B10509/2014_EPI684846	0.00040599999999999995	9.482270999999994	11.885807000000002	-0.02901549436211873	0.0003989005639205955	9.524224090418494	2015-09-01	cTiterSub_x-ne_star	north	2015
2015-02-01	A/Thailand/CU-B10521/2014_EPI684847	0.000426	8.495219999999994	10.885816999999996	-0.02901549436211873	0.000418550838005354	8.536700801592042	2015-09-01	cTiterSub_x-ne_star	north	2015
2015-02-01	A/Thailand/CU-B10557/2014_EPI684849	0.0006190000000000001	6.922766999999994	5.895239	0.06318274395974902	0.0006417806581686964	6.863642175077164	2015-09-01	cTiterSub_x-ne_star	north	2015
2015-02-01	A/Thailand/CU-B10755/2014_EPI684851	0.001523	7.45154999999999	6.168255000000005	0.06114435008453626	0.0015771735134879172	7.3697441916354105	2015-09-01	cTiterSub_x-ne_star	north	2015
2015-02-01	A/Thailand/CU-B10792/2014_EPI684852	0.001928	5.759387999999993	4.259661000000002	-0.0018276703249673898	0.0019245684739006821	5.6840370037449315	2015-09-01	cTiterSub_x-ne_star	north	2015
2015-02-01	A/Thailand/CU-B10828/2014_EPI684853	0.002003	8.366171999999999	8.586066	-0.00940793078575173	0.0019906133654730516	8.357465254612768	2015-09-01	cTiterSub_x-ne_star	north	2015
2015-02-01	A/Thailand/CU-B10952/2014_EPI684854	0.004344	11.469106999999996	13.872177000000004	0.06844171627152364	0.004517707320428019	11.509564468492933	2015-09-01	cTiterSub_x-ne_star	north	2015
2015-02-01	A/Thailand/CU-B10975/2014_EPI684855	0.0049310000000000005	6.456928999999998	5.168265000000002	0.028658613206655463	0.005010541783428294	6.375822242207794	2015-09-01	cTiterSub_x-ne_star	north	2015
2015-02-01	A/Thailand/CU-B11055/2014_EPI684856	0.006093	6.747055999999995	5.254614000000002	0.030658066552913404	0.00619851136910382	6.67151360292078	2015-09-01	cTiterSub_x-ne_star	north	2015
2015-02-01	A/Thailand/CU-B11065/2014_EPI684857	0.006273	8.426312999999992	7.167978999999999	0.058956217234467756	0.0064878458279025945	8.343629403915761	2015-09-01	cTiterSub_x-ne_star	north	2015
2015-02-01	A/Thailand/CU-B11201/2014_EPI684858	0.010118	8.393311999999991	7.168244999999999	0.09363008696241704	0.010678349545375807	8.309577288720407	2015-09-01	cTiterSub_x-ne_star	north	2015
2015-02-01	A/Thailand/CU-B11202/2014_EPI684859	0.010118	5.759387999999993	4.259661000000002	-0.0018276703249673898	0.010099991607327335	5.6840370037449315	2015-09-01	cTiterSub_x-ne_star	north	2015
2015-02-01	A/Thailand/CU-B11284/2014_EPI684861	0.014666	6.456928999999998	5.168265000000002	0.028658613206655463	0.014902576717858315	6.375822242207794	2015-09-01	cTiterSub_x-ne_star	north	2015
2015-02-01	A/Thailand/CU-B11351/2014_EPI684862	0.018483000000000003	7.66789699999999	6.2342490000000055	0.06564449236231665	0.01919075647066166	7.5888292145082366	2015-09-01	cTiterSub_x-ne_star	north	2015
2015-02-01	A/Thailand/CU-H3656/2014_EPI684850	0.001463	9.491143999999991	11.878897	-0.02901549436211873	0.001437417549300077	9.532384140918404	2015-09-01	cTiterSub_x-ne_star	north	2015
2015-02-01	A/Thailand/CU-H3680/2014_EPI684860	0.013256	5.759387999999993	4.259661000000002	-0.0018276703249673898	0.013232406478230003	5.6840370037449315	2015-09-01	cTiterSub_x-ne_star	north	2015
2015-02-01	A/Utah/16/2014_EPI540864	3.1e-05	13.787598999999998	15.647255999999999	-0.11687009460165103	2.893632425940596e-05	13.9365220724246	2015-09-01	cTiterSub_x-ne_star	north	2015
2015-02-01	A/VICTORIA/2082/2014_EPI551843	0.002003	10.557406	12.350582999999999	-0.16196666600481588	0.001821117310433411	10.678762046139871	2015-09-01	cTiterSub_x-ne_star	north	2015
2015-02-01	A/VICTORIA/2131/2014_EPI551855	0.006093	5.886159000000001	4.697095000000004	-0.0018276703249673898	0.006082155452010818	5.827178197688922	2015-09-01	cTiterSub_x-ne_star	north	2015
2015-02-01	A/VICTORIA/285/2014_EPI551768	0.000539	9.186205999999999	10.887415999999996	-0.1334457516127598	0.000498277391922602	9.276749299394318	2015-09-01	cTiterSub_x-ne_star	north	2015
2015-02-01	A/VICTORIA/5070/2014_EPI551788	0.0042060000000000005	6.874116999999993	5.776182	0.03810882762841004	0.004297472008315797	6.814806367860817	2015-09-01	cTiterSub_x-ne_star	north	2015
2015-02-01	A/Valparaiso/43035/2014_EPI540042	8.499999999999999e-05	9.291547	10.787505999999999	-0.1466916064384756	7.797325402541502e-05	9.385970537112348	2015-09-01	cTiterSub_x-ne_star	north	2015
2015-02-01	A/Victoria/5060/2014_EPI554003	0.002793	7.382567999999992	6.528818999999996	0.06578792746414233	0.0029001930276215055	7.317777265674007	2015-09-01	cTiterSub_x-ne_star	north	2015
2015-02-01	A/WAKAYAMA-C/88/2014_EPI543759	3.3e-05	10.899955999999998	12.971559999999995	0.03282891961653591	3.3613994479374364e-05	10.931933048645615	2015-09-01	cTiterSub_x-ne_star	north	2015
2015-02-01	A/WAKAYAMA/145/2014_EPI557621	0.023351	6.4140999999999995	4.930250000000001	0.03959166834108202	0.023879483699298997	6.3492512296846515	2015-09-01	cTiterSub_x-ne_star	north	2015
2015-02-01	A/Wisconsin/21/2014_EPI543693	0.000591	11.555358999999994	13.350573000000006	-0.09699519224905429	0.0005580899815486945	11.675891336678859	2015-09-01	cTiterSub_x-ne_star	north	2015
2015-02-01	A/Wisconsin/23/2014_EPI544530	0.000591	11.555358999999994	13.350573000000006	-0.09699519224905429	0.0005580899815486945	11.675891336678859	2015-09-01	cTiterSub_x-ne_star	north	2015
2015-02-01	A/Wisconsin/25/2014_EPI545604	0.0034439999999999996	13.061952	14.970945	-0.08264385533346325	0.003279560399911099	13.200427673006606	2015-09-01	cTiterSub_x-ne_star	north	2015
2015-02-01	A/Xinjiang-Tianshan/11347/2014_EPI554703	0.014666	11.327802999999996	13.859945000000005	0.03603823641776926	0.014966867314301028	11.36616465760782	2015-09-01	cTiterSub_x-ne_star	north	2015
2015-02-01	A/YAMAGATA/244/2014_EPI553235	0.008938	8.804364999999992	7.697041000000002	0.09696799893346164	0.009451384461128264	8.741707645790457	2015-09-01	cTiterSub_x-ne_star	north	2015
2015-02-01	A/YAMAGUCHI/37/2014_EPI552564	0.003939	7.69709699999999	6.255075000000005	0.0631438034307942	0.004083871711581534	7.6191567950773855	2015-09-01	cTiterSub_x-ne_star	north	2015
2015-02-01	A/YAMAGUCHI/38/2014_EPI552566	0.0042060000000000005	7.69650499999999	6.259409000000005	0.0631438034307942	0.004360691652427503	7.618543022025023	2015-09-01	cTiterSub_x-ne_star	north	2015
2015-02-01	A/YOKOHAMA/119/2014_EPI553267	0.017594	5.759387999999993	4.259661000000002	-0.0018276703249673898	0.01756268554450653	5.6840370037449315	2015-09-01	cTiterSub_x-ne_star	north	2015
2015-02-01	A/YOKOHAMA/91/2014_EPI552586	0.007226000000000001	10.657207	13.526359000000008	0.03547784072612558	0.0073718283674658516	10.694873544049106	2015-09-01	cTiterSub_x-ne_star	north	2015
2015-02-01	A/YOKOHAMA/92/2014_EPI552572	0.007428	10.657207	13.526359000000008	0.03547784072612558	0.007577904942365947	10.694873544049106	2015-09-01	cTiterSub_x-ne_star	north	2015
2015-02-01	A/YOKOHAMA/97/2014_EPI555008	0.013256	9.168631999999992	7.517932000000001	0.0631438034307942	0.013743539834659767	9.09597129680696	2015-09-01	cTiterSub_x-ne_star	north	2015
2015-02-01	A/Yunnan-Guandu/1892/2014_EPI554691	0.01878	11.263062999999994	13.855129000000005	0.0353245322096734	0.019157287067148226	11.298877300355104	2015-09-01	cTiterSub_x-ne_star	north	2015
2016-02-01	A/Alaska/103/2015_EPI670523	6.6e-05	4.249661000000003	6.915141999999994	-0.02132333081607936	6.515519340458035e-05	4.218914640880296	2016-09-01	cTiterSub_x-ne_star	north	2016
2016-02-01	A/Alaska/112/2015_EPI670531	6.6e-05	6.249352999999998	8.915112000000002	0.040328949717761166	6.75410691884846e-05	6.218644476603543	2016-09-01	cTiterSub_x-ne_star	north	2016
2016-02-01	A/Alaska/139/2015_EPI643651	0.000337	5.241514999999995	7.915126999999994	-0.02132333081607936	0.00033268636632338754	5.210711164105264	2016-09-01	cTiterSub_x-ne_star	north	2016
2016-02-01	A/Alaska/155/2015_EPI683419	0.000407	6.071391999999998	8.911840000000002	0.003641290808183307	0.00040768432199718587	6.038177852886568	2016-09-01	cTiterSub_x-ne_star	north	2016
2016-02-01	A/Alaska/159/2015_EPI683537	0.000615	5.535200999999996	6.50218	-0.016586259907867103	0.0006088079300155267	5.4978237120524325	2016-09-01	cTiterSub_x-ne_star	north	2016
2016-02-01	A/Alaska/162/2015_EPI683561	0.000672	5.535200999999996	6.50218	-0.016586259907867103	0.000665234030846234	5.4978237120524325	2016-09-01	cTiterSub_x-ne_star	north	2016
2016-02-01	A/Alaska/192/2015_EPI680185	0.000588	6.045029999999998	8.854009000000001	0.003641290808183307	0.0005889886519271383	6.011591096886267	2016-09-01	cTiterSub_x-ne_star	north	2016
2016-02-01	A/Alaska/197/2015_EPI688456	0.001031	4.249661000000003	6.915141999999994	-0.02132333081607936	0.0010178030969715506	4.218914640880296	2016-09-01	cTiterSub_x-ne_star	north	2016
2016-02-01	A/Alaska/200/2015_EPI688468	0.001538	4.249661000000003	6.915141999999994	-0.02132333081607936	0.0015183134463067362	4.218914640880296	2016-09-01	cTiterSub_x-ne_star	north	2016
2016-02-01	A/Alaska/206/2015_EPI670820	0.00148	6.243628999999998	8.872011000000002	0.040328949717761166	0.0015145573090751094	6.21278611507934	2016-09-01	cTiterSub_x-ne_star	north	2016
2016-02-01	A/Alaska/209/2015_EPI680005	0.00148	4.249661000000003	6.915141999999994	-0.02132333081607936	0.0014610558521027108	4.218914640880296	2016-09-01	cTiterSub_x-ne_star	north	2016
2016-02-01	A/Alaska/216/2015_EPI677041	0.001423	6.532332999999998	7.502164999999997	0.04506602062597342	0.0014602559283154871	6.494903200195798	2016-09-01	cTiterSub_x-ne_star	north	2016
2016-02-01	A/Alaska/224/2015_EPI695570	0.0017929999999999999	6.72883299999999	9.638185000000002	0.06529357134202383	0.0018617818142578786	6.700210590673754	2016-09-01	cTiterSub_x-ne_star	north	2016
2016-02-01	A/Alaska/230/2015_EPI677142	0.0019320000000000001	5.241514999999995	7.915126999999994	-0.02132333081607936	0.0019072702069340794	5.210711164105264	2016-09-01	cTiterSub_x-ne_star	north	2016
2016-02-01	A/Alaska/245/2015_EPI677250	0.001662	5.246261999999995	7.914767999999994	0.040328949717761166	0.0017008069241100216	5.215461171468311	2016-09-01	cTiterSub_x-ne_star	north	2016
2016-02-01	A/Alaska/37/2015_EPI937070	3.1e-05	4.249661000000003	6.915141999999994	-0.02132333081607936	3.060319690215138e-05	4.218914640880296	2016-09-01	cTiterSub_x-ne_star	north	2016
2016-02-01	A/Alaska/75/2015_EPI651632	3.5e-05	4.907471999999998	7.641486999999995	-0.02132333081607936	3.455199650242897e-05	4.88138381801557	2016-09-01	cTiterSub_x-ne_star	north	2016
2016-02-01	A/Alaska/75/2015_EPI662545	3.5e-05	4.907471999999998	7.641486999999995	-0.02132333081607936	3.455199650242897e-05	4.88138381801557	2016-09-01	cTiterSub_x-ne_star	north	2016
2016-02-01	A/Alaska/80/2015_EPI662553	5.3e-05	4.249661000000003	6.915141999999994	-0.02132333081607936	5.232159470367816e-05	4.218914640880296	2016-09-01	cTiterSub_x-ne_star	north	2016
2016-02-01	A/Alaska/90/2015_EPI651640	6.3e-05	4.249661000000003	6.915141999999994	-0.02132333081607936	6.219359370437216e-05	4.218914640880296	2016-09-01	cTiterSub_x-ne_star	north	2016
2016-02-01	A/Alaska/91/2015_EPI651592	6.3e-05	4.249661000000003	6.915141999999994	-0.02132333081607936	6.219359370437216e-05	4.218914640880296	2016-09-01	cTiterSub_x-ne_star	north	2016
2016-02-01	A/Alaska/96/2015_EPI670467	5.3e-05	4.249661000000003	6.915141999999994	-0.02132333081607936	5.232159470367816e-05	4.218914640880296	2016-09-01	cTiterSub_x-ne_star	north	2016
2016-02-01	A/Argentina/104/2015_EPI683641	9.300000000000001e-05	12.894923999999994	14.628246999999995	0.06563800774262624	9.658700550502532e-05	12.919837852312964	2016-09-01	cTiterSub_x-ne_star	north	2016
2016-02-01	A/Argentina/113/2015_EPI668044	0.00011499999999999999	12.762534999999994	14.487550999999998	0.003985727208785705	0.00011521650591233086	12.790449971276445	2016-09-01	cTiterSub_x-ne_star	north	2016
2016-02-01	A/Argentina/11594/2015_EPI683673	0.000109	6.1758209999999965	8.811882000000002	-0.021228901221628335	0.00010761071656549811	6.145379775198577	2016-09-01	cTiterSub_x-ne_star	north	2016
2016-02-01	A/Argentina/11628/2015_EPI683713	0.000264	7.444304999999993	10.353195999999993	-0.022224025421072584	0.0002604838780781815	7.412359348628719	2016-09-01	cTiterSub_x-ne_star	north	2016
2016-02-01	A/Argentina/11639/2015_EPI683734	0.000468	5.052529999999996	7.6701129999999935	-0.02132333081607936	0.00046200955323247886	5.0192046570077045	2016-09-01	cTiterSub_x-ne_star	north	2016
2016-02-01	A/Argentina/11656/2015_EPI683774	0.000468	7.444304999999993	10.353195999999993	-0.022224025421072584	0.00046176687477495805	7.412359348628719	2016-09-01	cTiterSub_x-ne_star	north	2016
2016-02-01	A/Argentina/121/2015_EPI668076	0.000128	13.76190499999999	15.487063999999993	0.0601870762628805	0.00013251492416951508	13.789820525386638	2016-09-01	cTiterSub_x-ne_star	north	2016
2016-02-01	A/Argentina/132/2015_EPI668084	0.000176	13.76190499999999	15.487063999999993	0.0601870762628805	0.00018220802073308325	13.789820525386638	2016-09-01	cTiterSub_x-ne_star	north	2016
2016-02-01	A/Argentina/158/2015_EPI675520	0.000227	12.762534999999994	14.487550999999998	0.003985727208785705	0.00022742736384434004	12.790449971276445	2016-09-01	cTiterSub_x-ne_star	north	2016
2016-02-01	A/Argentina/166/2015_EPI643872	0.000205	12.762534999999994	14.487550999999998	0.003985727208785705	0.0002053859453219811	12.790449971276445	2016-09-01	cTiterSub_x-ne_star	north	2016
2016-02-01	A/Argentina/25/2015_EPI683601	2.2e-05	12.762534999999994	14.487550999999998	0.003985727208785705	2.204141852235895e-05	12.790449971276445	2016-09-01	cTiterSub_x-ne_star	north	2016
2016-02-01	A/Arizona/11/2015_EPI954090	0.00011499999999999999	5.052529999999996	7.6701129999999935	-0.02132333081607936	0.0001135279885079809	5.0192046570077045	2016-09-01	cTiterSub_x-ne_star	north	2016
2016-02-01	A/Arizona/18/2015_EPI676897	0.0033770000000000002	6.071391999999998	8.911840000000002	0.003641290808183307	0.0033826780230577316	6.038177852886568	2016-09-01	cTiterSub_x-ne_star	north	2016
2016-02-01	A/Arizona/21/2015_EPI671054	0.003604	5.236866999999995	7.885391999999993	-0.02132333081607936	0.0035578684398501147	5.206055263192588	2016-09-01	cTiterSub_x-ne_star	north	2016
2016-02-01	A/Arizona/24/2015_EPI680029	0.008598	4.249661000000003	6.915141999999994	-0.02132333081607936	0.008487944740796694	4.218914640880296	2016-09-01	cTiterSub_x-ne_star	north	2016
2016-02-01	A/Auckland/10/2015_EPI676140	0.000122	6.4794449999999975	9.430874000000001	0.03942825511276794	0.00012478306415008322	6.4476928560002476	2016-09-01	cTiterSub_x-ne_star	north	2016
2016-02-01	A/Bangladesh/22014/2015_EPI673607	0.0007019999999999	7.458003999999994	10.408188999999993	0.05783683948013574	0.0007257658506037014	7.424448683985075	2016-09-01	cTiterSub_x-ne_star	north	2016
2016-02-01	A/Bangladesh/3007/2015_EPI670934	0.0007019999999999	6.459429999999998	9.422302000000002	-0.022224025421072584	0.0006926503121623384	6.425900215686289	2016-09-01	cTiterSub_x-ne_star	north	2016
2016-02-01	A/Bangladesh/3937/2015_EPI673663	0.000615	6.459429999999998	9.422302000000002	-0.022224025421072584	0.0006068090341594	6.425900215686289	2016-09-01	cTiterSub_x-ne_star	north	2016
2016-02-01	A/Bangladesh/3937/2015_EPI680201	0.000615	6.459429999999998	9.422302000000002	-0.022224025421072584	0.0006068090341594	6.425900215686289	2016-09-01	cTiterSub_x-ne_star	north	2016
2016-02-01	A/Bangladesh/5968/2015_EPI673591	0.00044699999999999997	5.061498999999997	7.701951999999993	-0.02132333081607936	0.0004412783553310214	5.03285787557517	2016-09-01	cTiterSub_x-ne_star	north	2016
2016-02-01	A/Bangladesh/7006/2015_EPI670894	0.001119	6.059238999999999	8.701936999999994	0.040328949717761166	0.0011451281276047616	6.03056761931996	2016-09-01	cTiterSub_x-ne_star	north	2016
2016-02-01	A/Bangladesh/803003/2015_EPI670926	0.00044699999999999997	6.459429999999998	9.422302000000002	-0.022224025421072584	0.0004410465662914663	6.425900215686289	2016-09-01	cTiterSub_x-ne_star	north	2016
2016-02-01	A/Bangladesh/807002/2015_EPI670878	0.00042699999999999997	7.553146999999994	10.042063999999996	0.26804879790795966	0.0004990477061025184	7.5294659851241255	2016-09-01	cTiterSub_x-ne_star	north	2016
2016-02-01	A/Bangladesh/808002/2015_EPI672308	0.000407	4.249661000000003	6.915141999999994	-0.02132333081607936	0.0004017903593282455	4.218914640880296	2016-09-01	cTiterSub_x-ne_star	north	2016
2016-02-01	A/Bangladesh/9015/2015_EPI670942	0.001031	6.059414999999999	8.602990999999994	0.040328949717761166	0.0010550733686867822	6.030747728837796	2016-09-01	cTiterSub_x-ne_star	north	2016
2016-02-01	A/Bolivia/502/2015_EPI684259	0.000643	5.204602999999997	7.815485999999994	-0.02132333081607936	0.0006347695357446237	5.175504933788949	2016-09-01	cTiterSub_x-ne_star	north	2016
2016-02-01	A/Brandenburg/48/2015_EPI693068	0.011695	4.768391999999996	7.3549829999999945	-0.01084250925041636	0.011616104863638678	4.7435376827476405	2016-09-01	cTiterSub_x-ne_star	north	2016
2016-02-01	A/Brazil/0636/2015_EPI688227	0.004220000000000001	12.762534999999994	14.487550999999998	0.003985727208785705	0.00422794482565249	12.790449971276445	2016-09-01	cTiterSub_x-ne_star	north	2016
2016-02-01	A/Brazil/0640/2015_EPI688235	0.0074140000000000005	5.052529999999996	7.6701129999999935	-0.02132333081607936	0.007319100059114526	5.0192046570077045	2016-09-01	cTiterSub_x-ne_star	north	2016
2016-02-01	A/Brisbane/123/2015_EPI652391	1.9e-05	6.249540999999998	8.893622000000002	0.10198123025160168	2.0155635218271188e-05	6.2188340183394235	2016-09-01	cTiterSub_x-ne_star	north	2016
2016-02-01	A/California/96/2015_EPI679430	0.006332	5.535200999999996	6.50218	-0.016586259907867103	0.006268246850176122	5.4978237120524325	2016-09-01	cTiterSub_x-ne_star	north	2016
2016-02-01	A/Cambodia/Ad05096/2015_EPI676125	2.6000000000000002e-05	6.459429999999998	9.422302000000002	-0.022224025421072584	2.5653715265275448e-05	6.425900215686289	2016-09-01	cTiterSub_x-ne_star	north	2016
2016-02-01	A/Cambodia/Z0709310/2015_EPI652613	5.600000000000001e-05	6.459429999999998	9.422302000000002	-0.022224025421072584	5.52541559559779e-05	6.425900215686289	2016-09-01	cTiterSub_x-ne_star	north	2016
2016-02-01	A/Cambodia/Z0709311/2015_EPI648839	5e-05	6.960095999999997	9.899904999999992	-0.022224025421072584	4.93340678178374e-05	6.935791191053566	2016-09-01	cTiterSub_x-ne_star	north	2016
2016-02-01	A/Cambodia/Z0722380/2015_EPI652604	0.00011499999999999999	7.454958999999992	10.422286999999994	0.03942825511276794	0.0001176233801414719	7.421421078468645	2016-09-01	cTiterSub_x-ne_star	north	2016
2016-02-01	A/Cambodia/Z0727329/2015_EPI652610	5e-05	6.459429999999998	9.422302000000002	-0.022224025421072584	4.93340678178374e-05	6.425900215686289	2016-09-01	cTiterSub_x-ne_star	north	2016
2016-02-01	A/Cambodia/Z0727330/2015_EPI652577	5e-05	7.959973999999999	10.899889999999992	0.03942825511276794	5.114060006150953e-05	7.935688909853445	2016-09-01	cTiterSub_x-ne_star	north	2016
2016-02-01	A/Cambodia/Z0727331/2015_EPI648842	1.4000000000000001e-05	4.249661000000003	6.915141999999994	-0.02132333081607936	1.382079860097159e-05	4.218914640880296	2016-09-01	cTiterSub_x-ne_star	north	2016
2016-02-01	A/Canberra/33/2015_EPI652757	5e-05	5.245353999999995	7.915093999999994	-0.02132333081607936	4.935999500346996e-05	5.2146067047244635	2016-09-01	cTiterSub_x-ne_star	north	2016
2016-02-01	A/Colombia/5215/2015_EPI662466	1.1e-05	11.701455999999995	13.529424999999998	0.1320551574956517	1.1875569784111907e-05	11.717325248635685	2016-09-01	cTiterSub_x-ne_star	north	2016
2016-02-01	A/Colombia/5438/2015_EPI662418	5.3e-05	4.249661000000003	6.915141999999994	-0.02132333081607936	5.232159470367816e-05	4.218914640880296	2016-09-01	cTiterSub_x-ne_star	north	2016
2016-02-01	A/Colombia/5614/2015_EPI644015	0.000167	5.204602999999997	7.815485999999994	-0.02132333081607936	0.00016486238331158966	5.175504933788949	2016-09-01	cTiterSub_x-ne_star	north	2016
2016-02-01	A/Colorado/21/2015_EPI686167	0.012406	5.224826999999996	7.895396999999994	-0.02132333081607936	0.012247201960260967	5.194420236959773	2016-09-01	cTiterSub_x-ne_star	north	2016
2016-02-01	A/Costa_Rica/1906/2015_EPI693528	0.009224	5.079167999999996	7.911854999999993	0.003641290808183307	0.009239509056761774	5.045944890313514	2016-09-01	cTiterSub_x-ne_star	north	2016
2016-02-01	A/Delaware/43/2015_EPI688487	0.006681	5.535200999999996	6.50218	-0.016586259907867103	0.006613732976315015	5.4978237120524325	2016-09-01	cTiterSub_x-ne_star	north	2016
2016-02-01	A/Denmark/38/2015_EPI671489	0.0076040000000000005	7.003379999999994	9.777304999999997	0.05809031467313881	0.00786259200812414	6.968511413882432	2016-09-01	cTiterSub_x-ne_star	north	2016
2016-02-01	A/ENG/52840541/2015_EPI626967	6.3e-05	7.402886999999993	10.317926999999994	0.07630900552747374	6.583846194064206e-05	7.369587529171776	2016-09-01	cTiterSub_x-ne_star	north	2016
2016-02-01	A/Ecuador/1673/2015_EPI639136	0.00037	4.249661000000003	6.915141999999994	-0.02132333081607936	0.0003652639630256777	4.218914640880296	2016-09-01	cTiterSub_x-ne_star	north	2016
2016-02-01	A/Ecuador/1673/2015_EPI649474	0.00037	4.249661000000003	6.915141999999994	-0.02132333081607936	0.0003652639630256777	4.218914640880296	2016-09-01	cTiterSub_x-ne_star	north	2016
2016-02-01	A/England/333/2015_EPI676530	0.001315	4.907471999999998	7.641486999999995	-0.02132333081607936	0.00129816786859126	4.88138381801557	2016-09-01	cTiterSub_x-ne_star	north	2016
2016-02-01	A/England/333/2015_EPI679309	0.001315	4.249661000000003	6.915141999999994	-0.02132333081607936	0.00129816786859126	4.218914640880296	2016-09-01	cTiterSub_x-ne_star	north	2016
2016-02-01	A/England/334/2015_EPI676528	0.001423	4.907471999999998	7.641486999999995	-0.02132333081607936	0.001404785457798755	4.88138381801557	2016-09-01	cTiterSub_x-ne_star	north	2016
2016-02-01	A/England/334/2015_EPI679164	0.001423	5.246792999999995	7.915126999999994	-0.02132333081607936	0.001404785457798755	5.216105069964698	2016-09-01	cTiterSub_x-ne_star	north	2016
2016-02-01	A/England/335/2015_EPI676532	0.003268	14.109417999999986	16.03652200000001	0.060387591906839976	0.0033836674135365864	14.093359080817262	2016-09-01	cTiterSub_x-ne_star	north	2016
2016-02-01	A/England/53340242/2015_EPI679143	0.000291	5.176304999999995	7.811896999999994	-0.021228901221628335	0.0002872909956014674	5.145844562760009	2016-09-01	cTiterSub_x-ne_star	north	2016
2016-02-01	A/England/53820650/2015_EPI679156	0.001423	4.249661000000003	6.915141999999994	-0.02132333081607936	0.001404785457798755	4.218914640880296	2016-09-01	cTiterSub_x-ne_star	north	2016
2016-02-01	A/England/53860135/2015_EPI679172	0.0019320000000000001	5.079167999999996	7.911854999999993	0.003641290808183307	0.0019352484277605974	5.045944890313514	2016-09-01	cTiterSub_x-ne_star	north	2016
2016-02-01	A/England/54020563/2015_EPI679177	0.002761	5.079167999999996	7.911854999999993	0.003641290808183307	0.002765642292467396	5.045944890313514	2016-09-01	cTiterSub_x-ne_star	north	2016
2016-02-01	A/England/54180241/2015_EPI679310	0.0038420000000000004	4.768391999999996	7.3549829999999945	-0.01084250925041636	0.003816081649089338	4.7435376827476405	2016-09-01	cTiterSub_x-ne_star	north	2016
2016-02-01	A/FUKUOKA-C/14/2015_EPI678213	0.005995	4.249661000000003	6.915141999999994	-0.02132333081607936	0.005918263400916049	4.218914640880296	2016-09-01	cTiterSub_x-ne_star	north	2016
2016-02-01	A/FUKUOKA-C/16/2015_EPI678215	0.007227	4.249661000000003	6.915141999999994	-0.02132333081607936	0.007134493677801548	4.218914640880296	2016-09-01	cTiterSub_x-ne_star	north	2016
2016-02-01	A/FUKUSHIMA/78/2015_EPI678221	0.003965	5.232118999999995	7.915114999999994	-0.02132333081607936	0.003914247603775168	5.201459348056592	2016-09-01	cTiterSub_x-ne_star	north	2016
2016-02-01	A/Finland/547/2015_EPI678236	0.0150889999999999	11.026858999999993	13.222403000000003	-0.06494871894679238	0.014521570016333887	11.058009140760634	2016-09-01	cTiterSub_x-ne_star	north	2016
2016-02-01	A/Finland/549/2015_EPI678237	0.015580000000000002	4.7722549999999995	7.581397999999994	-0.022224025421072584	0.015372495532038134	4.744853987510479	2016-09-01	cTiterSub_x-ne_star	north	2016
2016-02-01	A/Finland/551/2015_EPI693047	0.0150889999999999	6.491990999999997	7.493204999999997	-0.003780100335312564	0.015049079485768158	6.454749973247249	2016-09-01	cTiterSub_x-ne_star	north	2016
2016-02-01	A/Finland/552/2015_EPI693049	0.015826	6.970082999999993	9.647925000000003	0.10041907626761368	0.016773291576805408	6.937516589594555	2016-09-01	cTiterSub_x-ne_star	north	2016
2016-02-01	A/Florida/55/2015_EPI631622	6.6e-05	4.249661000000003	6.915141999999994	-0.02132333081607936	6.515519340458035e-05	4.218914640880296	2016-09-01	cTiterSub_x-ne_star	north	2016
2016-02-01	A/Florida/78/2015_EPI676961	0.0065049999999999995	6.065708999999998	8.909312000000002	0.06529357134202383	0.006754540268682376	6.0319367620700435	2016-09-01	cTiterSub_x-ne_star	north	2016
2016-02-01	A/Florida/94/2015_EPI688117	0.011695	4.249661000000003	6.915141999999994	-0.02132333081607936	0.011545302831311624	4.218914640880296	2016-09-01	cTiterSub_x-ne_star	north	2016
2016-02-01	A/French_Guiana/8217/2015_EPI670670	1.4000000000000001e-05	5.752138999999998	8.563421999999994	-0.022224025421072584	1.3813538988994473e-05	5.7247922743882125	2016-09-01	cTiterSub_x-ne_star	north	2016
2016-02-01	A/Guatemala/5848/2015_EPI670715	2.2e-05	5.479928999999998	8.430888999999995	-0.022224025421072584	2.170698983984845e-05	5.448157643561676	2016-09-01	cTiterSub_x-ne_star	north	2016
2016-02-01	A/HYOGO/1041/2015_EPI643100	8.8e-05	7.508116999999996	8.326752999999991	0.04506602062597342	9.030395059154102e-05	7.472185468103636	2016-09-01	cTiterSub_x-ne_star	north	2016
2016-02-01	A/HYOGO/1042/2015_EPI673564	0.001214	6.137739999999994	9.157234000000003	-0.022224025421072584	0.001197831166617092	6.1106268206969565	2016-09-01	cTiterSub_x-ne_star	north	2016
2016-02-01	A/Hangzhou/A477/2015_EPI670276	1.4000000000000001e-05	5.243062999999995	7.915126999999994	-0.015646817189116324	1.3866639260261026e-05	5.212214081418498	2016-09-01	cTiterSub_x-ne_star	north	2016
2016-02-01	A/Hangzhou/A513/2015_EPI670277	4e-05	6.072569999999997	8.911840000000002	0.008754467130073267	4.018694168673867e-05	6.039244330851714	2016-09-01	cTiterSub_x-ne_star	north	2016
2016-02-01	A/Hangzhou/A521/2015_EPI670278	4e-05	5.243062999999995	7.915126999999994	-0.015646817189116324	3.9618969315031506e-05	5.212214081418498	2016-09-01	cTiterSub_x-ne_star	north	2016
2016-02-01	A/Hangzhou/A531/2015_EPI670280	5e-05	6.072569999999997	8.911840000000002	0.008754467130073267	5.023367710842333e-05	6.039244330851714	2016-09-01	cTiterSub_x-ne_star	north	2016
2016-02-01	A/Hangzhou/A533/2015_EPI670281	5e-05	6.072569999999997	8.911840000000002	0.008754467130073267	5.023367710842333e-05	6.039244330851714	2016-09-01	cTiterSub_x-ne_star	north	2016
2016-02-01	A/Hangzhou/A607/2015_EPI670287	0.000227	7.035459999999995	9.453552999999992	0.008754467130073267	0.00022806089407224192	7.002491374859736	2016-09-01	cTiterSub_x-ne_star	north	2016
2016-02-01	A/Hangzhou/A615/2015_EPI670288	0.000264	6.591301000000001	9.35168099999999	0.019145847740959253	0.0002668464493532763	6.563867372719058	2016-09-01	cTiterSub_x-ne_star	north	2016
2016-02-01	A/Hangzhou/A619/2015_EPI670289	0.000264	6.751563000000001	9.613206	0.00785868905247682	0.0002650952567983016	6.721283777537315	2016-09-01	cTiterSub_x-ne_star	north	2016
2016-02-01	A/Hangzhou/A630/2015_EPI670290	0.000321	6.072569999999997	8.911840000000002	0.008754467130073267	0.00032250020703607777	6.039244330851714	2016-09-01	cTiterSub_x-ne_star	north	2016
2016-02-01	A/Hangzhou/A680/2015_EPI670296	0.000615	7.221694999999995	9.897136	0.0460054633447242	0.0006314474164807516	7.190889473463269	2016-09-01	cTiterSub_x-ne_star	north	2016
2016-02-01	A/Hangzhou/A689/2015_EPI670298	0.000672	6.654603999999993	8.731038999999997	0.10743520454257302	0.0007151445993440464	6.621572692701018	2016-09-01	cTiterSub_x-ne_star	north	2016
2016-02-01	A/Hangzhou/A690/2015_EPI670299	0.000672	6.222946999999997	8.897151000000003	-0.015646817189116324	0.0006655986844925292	6.192152368296232	2016-09-01	cTiterSub_x-ne_star	north	2016
2016-02-01	A/Hangzhou/B544/2015_EPI670286	5.9e-05	7.0516719999999955	9.898124999999997	0.07040674766391379	6.144631884250584e-05	7.0178175896014565	2016-09-01	cTiterSub_x-ne_star	north	2016
2016-02-01	A/Hawaii/45/2015_EPI937020	1.4000000000000001e-05	4.249661000000003	6.915141999999994	-0.02132333081607936	1.382079860097159e-05	4.218914640880296	2016-09-01	cTiterSub_x-ne_star	north	2016
2016-02-01	A/Hawaii/67/2015_EPI673869	0.003965	5.479928999999998	8.430888999999995	-0.022224025421072584	0.003912191577954505	5.448157643561676	2016-09-01	cTiterSub_x-ne_star	north	2016
2016-02-01	A/Hawaii/68/2015_EPI673896	0.003965	6.471976999999996	9.430874000000001	0.03942825511276794	0.004055449584877705	6.440046744391924	2016-09-01	cTiterSub_x-ne_star	north	2016
2016-02-01	A/Hebei-Xinhua/1632/2015_EPI696982	0.017524	7.358978999999995	8.040509999999994	0.10748537500105816	0.01864964394750521	7.318287482178552	2016-09-01	cTiterSub_x-ne_star	north	2016
2016-02-01	A/Henan-Jinshui/1374/2015_EPI697600	0.00148	5.246678999999995	7.906192999999993	0.040328949717761166	0.0015145573090751094	5.215885526262145	2016-09-01	cTiterSub_x-ne_star	north	2016
2016-02-01	A/Henan-Ruyang/1639/2015_EPI696988	0.018465000000000002	6.035866999999996	6.9797829999999985	-0.016586259907867103	0.01827908687436862	6.007714687419713	2016-09-01	cTiterSub_x-ne_star	north	2016
2016-02-01	A/Henan-Shancheng/1566/2015_EPI696997	0.016802	6.063470999999999	8.619096000000003	-0.029729976805001	0.016505791561699023	6.037550660201115	2016-09-01	cTiterSub_x-ne_star	north	2016
2016-02-01	A/Henan-Xigong/1691/2015_EPI697006	0.021618000000000002	7.448655999999995	8.491147999999992	0.10671830115981393	0.02299632742309483	7.405807418409668	2016-09-01	cTiterSub_x-ne_star	north	2016
2016-02-01	A/Henan-Zhaoling/1367/2015_EPI697386	0.001538	7.721051999999993	10.608434999999997	0.06529357134202383	0.0015969996822803223	7.692327525336184	2016-09-01	cTiterSub_x-ne_star	north	2016
2016-02-01	A/Hong_Kong/11706/2015_EPI630729	1.4999999999999999e-05	5.079167999999996	7.911854999999993	0.003641290808183307	1.5025220712426997e-05	5.045944890313514	2016-09-01	cTiterSub_x-ne_star	north	2016
2016-02-01	A/Hong_Kong/11709/2015_EPI631563	1.4999999999999999e-05	5.249269999999996	7.915126999999994	-0.02132333081607936	1.4807998501040987e-05	5.21854803143438	2016-09-01	cTiterSub_x-ne_star	north	2016
2016-02-01	A/Hong_Kong/11743/2015_EPI630733	1.4999999999999999e-05	6.942534999999994	9.741642	0.13142787905954526	1.6188034309834157e-05	6.912123279817965	2016-09-01	cTiterSub_x-ne_star	north	2016
2016-02-01	A/Hong_Kong/15609/2015_EPI686112	0.0056700000000000006	5.535200999999996	6.50218	-0.016586259907867103	0.0056129121352651	5.4978237120524325	2016-09-01	cTiterSub_x-ne_star	north	2016
2016-02-01	A/Hong_Kong/15611/2015_EPI686120	0.005995	5.535200999999996	6.50218	-0.016586259907867103	0.005934639903159484	5.4978237120524325	2016-09-01	cTiterSub_x-ne_star	north	2016
2016-02-01	A/Hunan-Yueyanglou/1756/2015_EPI697436	0.001727	4.249661000000003	6.915141999999994	-0.02132333081607936	0.0017048942274198525	4.218914640880296	2016-09-01	cTiterSub_x-ne_star	north	2016
2016-02-01	A/Hunan-Yuhu/1747/2015_EPI697442	0.002157	16.93899499999999	18.816962999999998	0.07122402156325305	0.002247506986456027	16.96573618042226	2016-09-01	cTiterSub_x-ne_star	north	2016
2016-02-01	A/Hunan-Yuhu/1782/2015_EPI697427	0.003268	7.065157999999994	9.911824999999997	0.12694585187586435	0.0035176241576451465	7.030991836972267	2016-09-01	cTiterSub_x-ne_star	north	2016
2016-02-01	A/IBARAKI/52/2015_EPI670305	0.001165	6.137739999999994	9.157234000000003	-0.022224025421072584	0.0011494837801556113	6.1106268206969565	2016-09-01	cTiterSub_x-ne_star	north	2016
2016-02-01	A/IBARAKI/55/2015_EPI670307	0.001214	5.479928999999998	8.430888999999995	-0.022224025421072584	0.001197831166617092	5.448157643561676	2016-09-01	cTiterSub_x-ne_star	north	2016
2016-02-01	A/Iceland/10301/2015_15-10301_EPI672329	0.000227	7.078215999999995	9.911824999999997	0.06529357134202383	0.00023570801552511903	7.045002058251408	2016-09-01	cTiterSub_x-ne_star	north	2016
2016-02-01	A/Idaho/32/2015_EPI689124	0.017043	5.535200999999996	6.50218	-0.016586259907867103	0.016871404148381498	5.4978237120524325	2016-09-01	cTiterSub_x-ne_star	north	2016
2016-02-01	A/Iowa/23/2015_EPI643722	0.000264	4.907471999999998	7.641486999999995	-0.02132333081607936	0.0002606207736183214	4.88138381801557	2016-09-01	cTiterSub_x-ne_star	north	2016
2016-02-01	A/Iowa/28/2015_EPI643983	0.000264	4.907471999999998	7.641486999999995	-0.02132333081607936	0.0002606207736183214	4.88138381801557	2016-09-01	cTiterSub_x-ne_star	north	2016
2016-02-01	A/Iowa/34/2015_EPI936628	0.000264	4.249661000000003	6.915141999999994	-0.02132333081607936	0.0002606207736183214	4.218914640880296	2016-09-01	cTiterSub_x-ne_star	north	2016
2016-02-01	A/Iran/115843/2015_10_EPI693007	0.002668	11.026858999999993	13.222403000000003	-0.06494871894679238	0.0025676684209410207	11.058009140760634	2016-09-01	cTiterSub_x-ne_star	north	2016
2016-02-01	A/Jiangsu-Chongchuan/12714/2015_EPI697363	0.010768000000000002	23.55521799999998	25.634853999999972	-0.092629107925959	0.010197075966052004	23.606430993309946	2016-09-01	cTiterSub_x-ne_star	north	2016
2016-02-01	A/Jiangsu-Chongchuan/12908/2015_EPI697075	0.015826	23.55521799999998	25.634853999999972	-0.092629107925959	0.014986898610581256	23.606430993309946	2016-09-01	cTiterSub_x-ne_star	north	2016
2016-02-01	A/Jiangsu-Gusu/11664/2015_EPI697461	0.0065049999999999995	11.890699999999994	13.780828	-0.0736741695436372	0.0062285925705570875	11.923138896871654	2016-09-01	cTiterSub_x-ne_star	north	2016
2016-02-01	A/Jiangsu-Gusu/11686/2015_EPI697458	0.0065049999999999995	11.890699999999994	13.780828	-0.0736741695436372	0.0062285925705570875	11.923138896871654	2016-09-01	cTiterSub_x-ne_star	north	2016
2016-02-01	A/Jiangsu-Hailing/11782/2015_EPI696905	0.010094	6.0342649999999995	8.868524000000003	0.0034208164945450127	0.010109671569444041	6.00095434973574	2016-09-01	cTiterSub_x-ne_star	north	2016
2016-02-01	A/Jiangsu-Hailing/11782/2015_EPI697366	0.010094	6.0342649999999995	8.868524000000003	0.0034208164945450127	0.010109671569444041	6.00095434973574	2016-09-01	cTiterSub_x-ne_star	north	2016
2016-02-01	A/KANAGAWA/61/2015_EPI672283	7.4e-05	4.768391999999996	7.3549829999999945	-0.01084250925041636	7.350079178360515e-05	4.7435376827476405	2016-09-01	cTiterSub_x-ne_star	north	2016
2016-02-01	A/KANAGAWA/62/2015_EPI670336	7.4e-05	6.767885000000001	9.354952999999993	-0.01084250925041636	7.350079178360515e-05	6.743070973601915	2016-09-01	cTiterSub_x-ne_star	north	2016
2016-02-01	A/KANAGAWA/63/2015_EPI673568	0.001165	5.079167999999996	7.911854999999993	0.003641290808183307	0.0011669588086651635	5.045944890313514	2016-09-01	cTiterSub_x-ne_star	north	2016
2016-02-01	A/KANAGAWA/64/2015_EPI673570	0.001538	5.479928999999998	8.430888999999995	-0.022224025421072584	0.0015175159260766783	5.448157643561676	2016-09-01	cTiterSub_x-ne_star	north	2016
2016-02-01	A/KANAGAWA/65/2015_EPI687107	0.0031609999999999997	8.040516999999994	10.410113999999997	-0.0207596652680074	0.0031215651013079787	8.006832998089914	2016-09-01	cTiterSub_x-ne_star	north	2016
2016-02-01	A/KAWASAKI/52/2015_EPI670334	2.8000000000000013e-05	6.108430999999997	8.453472	0.0411027981255378	2.8666724499291204e-05	6.076620365452432	2016-09-01	cTiterSub_x-ne_star	north	2016
2016-02-01	A/KAWASAKI/53/2015_EPI672281	3.5e-05	5.079167999999996	7.911854999999993	0.003641290808183307	3.5058848328996326e-05	5.045944890313514	2016-09-01	cTiterSub_x-ne_star	north	2016
2016-02-01	A/KAWASAKI/55/2015_EPI672293	4.4e-05	5.079167999999996	7.911854999999993	0.003641290808183307	4.407398075645252e-05	5.045944890313514	2016-09-01	cTiterSub_x-ne_star	north	2016
2016-02-01	A/Kazakhstan/50/2015_EPI688267	0.014106	4.249661000000003	6.915141999999994	-0.02132333081607936	0.013925441790378947	4.218914640880296	2016-09-01	cTiterSub_x-ne_star	north	2016
2016-02-01	A/Laos/351/2015_EPI685871	0.000468	7.144744999999995	9.727053999999999	0.0525479252637895	0.0004823534455784106	7.1077020792008145	2016-09-01	cTiterSub_x-ne_star	north	2016
2016-02-01	A/Laos/375/2015_EPI685927	0.001538	5.479928999999998	8.430888999999995	-0.022224025421072584	0.0015175159260766783	5.448157643561676	2016-09-01	cTiterSub_x-ne_star	north	2016
2016-02-01	A/Laos/383/2015_EPI685934	0.0020050000000000003	6.946341999999998	9.944043999999998	-0.022224025421072584	0.0019782961194952796	6.921381486337386	2016-09-01	cTiterSub_x-ne_star	north	2016
2016-02-01	A/Laos/438/2015_EPI679492	4.4e-05	5.121708999999999	7.261296999999995	-0.02132333081607936	4.343679560305356e-05	5.097663150760914	2016-09-01	cTiterSub_x-ne_star	north	2016
2016-02-01	A/Laos/648/2015_EPI683254	3.3e-05	5.996862000000001	8.765481000000003	0.003641290808183307	3.3055485567339396e-05	5.966845154949096	2016-09-01	cTiterSub_x-ne_star	north	2016
2016-02-01	A/Laos/724/2015_EPI685847	0.000109	5.479928999999998	8.430888999999995	-0.022224025421072584	0.00010754826784288553	5.448157643561676	2016-09-01	cTiterSub_x-ne_star	north	2016
2016-02-01	A/Laos/738/2015_EPI683262	0.000122	6.515593	9.205321999999994	0.014072784287918458	0.000122951018377478	6.491468196816442	2016-09-01	cTiterSub_x-ne_star	north	2016
2016-02-01	A/Laos/769/2015_EPI679500	0.000227	6.459429999999998	9.422302000000002	-0.022224025421072584	0.00022397666789298178	6.425900215686289	2016-09-01	cTiterSub_x-ne_star	north	2016
2016-02-01	A/Laos/808/2015_EPI688038	0.000321	5.223278999999996	7.820483999999992	-0.021324610100405914	0.00031689093144258784	5.19211502325769	2016-09-01	cTiterSub_x-ne_star	north	2016
2016-02-01	A/Laos/844/2015_EPI685855	0.00049	6.515593	9.205321999999994	0.014072784287918458	0.0004938196639751166	6.491468196816442	2016-09-01	cTiterSub_x-ne_star	north	2016
2016-02-01	A/Laos/853/2015_EPI695626	0.00049	5.703691	8.467737999999997	0.02679890867728648	0.0004974992108759957	5.679719155186854	2016-09-01	cTiterSub_x-ne_star	north	2016
2016-02-01	A/Laos/884/2015_EPI688046	0.0008349999999999	4.907471999999998	7.641486999999995	-0.02132333081607936	0.0008243119165578496	4.88138381801557	2016-09-01	cTiterSub_x-ne_star	north	2016
2016-02-01	A/Laos/898/2015_EPI688054	0.0008349999999999	7.071797999999995	10.112666000000003	0.03942825511276794	0.0008540480210271068	7.046817403815379	2016-09-01	cTiterSub_x-ne_star	north	2016
2016-02-01	A/Laos/913/2015_EPI688062	0.001119	4.249661000000003	6.915141999999994	-0.02132333081607936	0.0011046766881776578	4.218914640880296	2016-09-01	cTiterSub_x-ne_star	north	2016
2016-02-01	A/Laos/I660/2015_EPI674432	5e-05	6.654672999999992	9.491826000000001	0.003641290808183307	5.008406904142333e-05	6.629314332084372	2016-09-01	cTiterSub_x-ne_star	north	2016
2016-02-01	A/Laos/I706/2015_EPI674440	7.900000000000001e-05	5.749795000000001	8.392729999999997	-0.02132333081607936	7.798879210548255e-05	5.728294590696315	2016-09-01	cTiterSub_x-ne_star	north	2016
2016-02-01	A/Laos/I730/2015_EPI674448	0.00011499999999999999	6.846678999999992	9.546814000000005	-0.021324610100405914	0.00011352790378784299	6.8163580616394945	2016-09-01	cTiterSub_x-ne_star	north	2016
2016-02-01	A/Laos/I751/2015_EPI674456	0.000176	6.693650999999992	9.293482999999995	0.015541441062992684	0.00017752398352591047	6.6711512175566705	2016-09-01	cTiterSub_x-ne_star	north	2016
2016-02-01	A/Laos/I784/2015_EPI674464	0.000227	6.137739999999994	9.157234000000003	-0.022224025421072584	0.00022397666789298178	6.1106268206969565	2016-09-01	cTiterSub_x-ne_star	north	2016
2016-02-01	A/Laos/I847/2015_EPI674488	0.00044699999999999997	5.278853999999997	7.510038999999993	-0.02132333081607936	0.0004412783553310214	5.250241352528907	2016-09-01	cTiterSub_x-ne_star	north	2016
2016-02-01	A/Laos/I889/2015_EPI674496	0.0008	7.103601999999993	10.099388000000003	-0.022224025421072584	0.0007893450850853984	7.076273027269699	2016-09-01	cTiterSub_x-ne_star	north	2016
2016-02-01	A/Laos/I929/2015_EPI674520	0.0016	7.171571999999998	7.999373999999995	-0.016586259907867103	0.0015838905496338906	7.139055507688547	2016-09-01	cTiterSub_x-ne_star	north	2016
2016-02-01	A/Laos/O587/2015_EPI674560	0.000734	5.278853999999997	7.510038999999993	-0.02132333081607936	0.000724604726650939	5.250241352528907	2016-09-01	cTiterSub_x-ne_star	north	2016
2016-02-01	A/Laos/SA373/2015_EPI674576	0.00148	5.479928999999998	8.430888999999995	-0.022224025421072584	0.001460288407407987	5.448157643561676	2016-09-01	cTiterSub_x-ne_star	north	2016
2016-02-01	A/Liaoning-Baita/1609/2015_EPI697030	0.017524	6.120160999999997	8.71265	0.01556358427280334	0.017675968585551777	6.0887011896203695	2016-09-01	cTiterSub_x-ne_star	north	2016
2016-02-01	A/Liaoning-Guta/11181/2015_EPI697084	0.017524	6.837331999999992	9.641423000000005	-0.02132333081607936	0.017299691048816155	6.8121850538203015	2016-09-01	cTiterSub_x-ne_star	north	2016
2016-02-01	A/Liaoning-Shuangta/1493/2015_EPI697351	0.010316	12.916115999999995	14.970522999999998	-0.0080371208244511	0.01026318941013368	12.945143755916957	2016-09-01	cTiterSub_x-ne_star	north	2016
2016-02-01	A/Liaoning-Shuangta/1499/2015_EPI697348	0.010316	11.092814999999993	13.107050999999995	-0.06563798449103342	0.009924070267016681	11.120133791538624	2016-09-01	cTiterSub_x-ne_star	north	2016
2016-02-01	A/Linares/71226/2015_EPI688133	0.003489	12.762534999999994	14.487550999999998	0.003985727208785705	0.0034955686011141074	12.790449971276445	2016-09-01	cTiterSub_x-ne_star	north	2016
2016-02-01	A/Lund/5/2015_EPI690233	0.011695	11.026858999999993	13.222403000000003	-0.06494871894679238	0.011255203216980975	11.058009140760634	2016-09-01	cTiterSub_x-ne_star	north	2016
2016-02-01	A/MIE/19/2015_EPI670315	0.000239	5.079167999999996	7.911854999999993	0.003641290808183307	0.0002394018500180035	5.045944890313514	2016-09-01	cTiterSub_x-ne_star	north	2016
2016-02-01	A/MIE/21/2015_EPI672299	7.900000000000001e-05	5.736979000000002	8.638199999999994	0.003641290808183307	7.913282908544887e-05	5.708414067448787	2016-09-01	cTiterSub_x-ne_star	north	2016
2016-02-01	A/Macau/611637/2015_EPI676161	1.8e-05	7.201003999999996	9.817747999999998	0.05051593522622273	1.8530078364763436e-05	7.168227550615403	2016-09-01	cTiterSub_x-ne_star	north	2016
2016-02-01	A/Macau/611781/2015_EPI676164	3.5e-05	6.077595999999998	8.911840000000002	0.06529357134202383	3.634264556554699e-05	6.044357647713305	2016-09-01	cTiterSub_x-ne_star	north	2016
2016-02-01	A/Macau/611810/2015_EPI676149	3.7e-05	5.536882000000001	7.771097999999994	0.07013971687640705	3.852813023980268e-05	5.501647275112016	2016-09-01	cTiterSub_x-ne_star	north	2016
2016-02-01	A/Mali/021_SIK/2015_EPI688645	0.000909	4.249661000000003	6.915141999999994	-0.02132333081607936	0.0008973647091630838	4.218914640880296	2016-09-01	cTiterSub_x-ne_star	north	2016
2016-02-01	A/Mali/102_CS/2015_EPI688637	0.0009480000000000001	6.598336999999993	8.554527999999996	0.040328949717761166	0.0009701353574345971	6.565208278371802	2016-09-01	cTiterSub_x-ne_star	north	2016
2016-02-01	A/Mali/179_CH/2015_EPI688589	0.000672	4.621042999999994	6.783693999999993	-0.02132333081607936	0.0006633983328466363	4.587772175393629	2016-09-01	cTiterSub_x-ne_star	north	2016
2016-02-01	A/Mali/206_CI/2015_EPI688669	0.001119	4.621042999999994	6.783693999999993	-0.02132333081607936	0.0011046766881776578	4.587772175393629	2016-09-01	cTiterSub_x-ne_star	north	2016
2016-02-01	A/Mali/208_CI/2015_EPI688677	0.001119	5.594661	7.689035999999994	-0.021324610100405914	0.001104675863813881	5.560972557771024	2016-09-01	cTiterSub_x-ne_star	north	2016
2016-02-01	A/Mali/208_CI/2015_EPI695886	0.001119	5.594661	7.689035999999994	-0.021324610100405914	0.001104675863813881	5.560972557771024	2016-09-01	cTiterSub_x-ne_star	north	2016
2016-02-01	A/Mali/219_CH/2015_EPI688918	0.005055	4.621042999999994	6.783693999999993	-0.02132333081607936	0.004990295494850813	4.587772175393629	2016-09-01	cTiterSub_x-ne_star	north	2016
2016-02-01	A/Mali/229_CI/2015_EPI695815	0.0024879999999999998	4.621042999999994	6.783693999999993	-0.02132333081607936	0.002456153351372665	4.587772175393629	2016-09-01	cTiterSub_x-ne_star	north	2016
2016-02-01	A/Mali/22_SIK/2015_EPI688653	0.000909	4.249661000000003	6.915141999999994	-0.02132333081607936	0.0008973647091630838	4.218914640880296	2016-09-01	cTiterSub_x-ne_star	north	2016
2016-02-01	A/Mali/230_CI/2015_EPI688795	0.0024879999999999998	4.621042999999994	6.783693999999993	-0.02132333081607936	0.002456153351372665	4.587772175393629	2016-09-01	cTiterSub_x-ne_star	north	2016
2016-02-01	A/Mali/231_CI/2015_EPI688803	0.0024879999999999998	4.621042999999994	6.783693999999993	-0.02132333081607936	0.002456153351372665	4.587772175393629	2016-09-01	cTiterSub_x-ne_star	north	2016
2016-02-01	A/Mali/238_CI/2015_EPI695594	0.0031609999999999997	4.621042999999994	6.783693999999993	-0.02132333081607936	0.0031205388841193706	4.587772175393629	2016-09-01	cTiterSub_x-ne_star	north	2016
2016-02-01	A/Mali/244_CI/2015_EPI688870	0.003965	5.594661	7.689035999999994	-0.021324610100405914	0.003914244682772151	5.560972557771024	2016-09-01	cTiterSub_x-ne_star	north	2016
2016-02-01	A/Mali/247_CI/2015_EPI688910	0.005055	5.580873000000001	7.783112999999993	0.0761740622156506	0.005282336953798649	5.547193485276933	2016-09-01	cTiterSub_x-ne_star	north	2016
2016-02-01	A/Mali/29_MOP/2015_EPI688581	0.000468	4.249661000000003	6.915141999999994	-0.02132333081607936	0.00046200955323247886	4.218914640880296	2016-09-01	cTiterSub_x-ne_star	north	2016
2016-02-01	A/Malmoe/5/2015_EPI669992	0.0046240000000000005	5.209490999999996	7.914560999999993	0.014521781681810078	0.004661265851814697	5.178335950763598	2016-09-01	cTiterSub_x-ne_star	north	2016
2016-02-01	A/Mato_Grosso_do_Sul/70736/2015_EPI674309	0.0008710000000000001	6.050765999999994	8.664838000000001	0.040328949717761166	0.0008913374433813651	6.017421982120941	2016-09-01	cTiterSub_x-ne_star	north	2016
2016-02-01	A/Mato_Grosso_do_Sul/85939/2015_EPI685428	0.012406	6.0276959999999935	8.663323	0.040328949717761166	0.01269567430836879	5.9938133083909655	2016-09-01	cTiterSub_x-ne_star	north	2016
2016-02-01	A/Mexico/1714/2015_EPI639049	2.4e-05	13.805829999999993	15.412711999999994	-0.05024330978405463	2.329645296122871e-05	13.831695314108284	2016-09-01	cTiterSub_x-ne_star	north	2016
2016-02-01	A/Michigan/58/2015_EPI677305	0.0038420000000000004	5.535200999999996	6.50218	-0.016586259907867103	0.00380331718230838	5.4978237120524325	2016-09-01	cTiterSub_x-ne_star	north	2016
2016-02-01	A/Michigan/67/2015_EPI677626	0.0046240000000000005	5.079167999999996	7.911854999999993	0.003641290808183307	0.0046317747049508294	5.045944890313514	2016-09-01	cTiterSub_x-ne_star	north	2016
2016-02-01	A/Michigan/78/2015_EPI693544	0.018465000000000002	11.026858999999993	13.222403000000003	-0.06494871894679238	0.01777061371539579	11.058009140760634	2016-09-01	cTiterSub_x-ne_star	north	2016
2016-02-01	A/Montana/16/2015_EPI650009	0.000407	5.079167999999996	7.911854999999993	0.003641290808183307	0.00040768432199718587	5.045944890313514	2016-09-01	cTiterSub_x-ne_star	north	2016
2016-02-01	A/Myanmar/I007/2015_EPI667373	9.300000000000001e-05	6.071391999999998	8.911840000000002	0.003641290808183307	9.31563684170474e-05	6.038177852886568	2016-09-01	cTiterSub_x-ne_star	north	2016
2016-02-01	A/NAGANO/2513/2015_EPI687105	0.009013	5.599727	7.783678999999994	0.040328949717761166	0.009223449342360784	5.565941609295371	2016-09-01	cTiterSub_x-ne_star	north	2016
2016-02-01	A/New_Mexico/30/2015_EPI689132	0.018231999999999998	6.057795	7.168435999999999	-0.017485234320089076	0.018038970664698756	6.023763058682611	2016-09-01	cTiterSub_x-ne_star	north	2016
2016-02-01	A/New_Zealand/381/2015_EPI647900	3.3e-05	6.478360999999997	9.344672000000001	0.04961286924796562	3.395391908968652e-05	6.446575178414425	2016-09-01	cTiterSub_x-ne_star	north	2016
2016-02-01	A/Newcastle/13/2015_EPI652439	1.9e-05	4.249661000000003	6.915141999999994	-0.02132333081607936	1.8756798101318586e-05	4.218914640880296	2016-09-01	cTiterSub_x-ne_star	north	2016
2016-02-01	A/Nigeria/299/2015_EPI680265	0.0024879999999999998	4.249661000000003	6.915141999999994	-0.02132333081607936	0.002456153351372665	4.218914640880296	2016-09-01	cTiterSub_x-ne_star	north	2016
2016-02-01	A/Nonthaburi/333/2015_EPI647860	0.000227	5.479928999999998	8.430888999999995	-0.022224025421072584	0.00022397666789298178	5.448157643561676	2016-09-01	cTiterSub_x-ne_star	north	2016
2016-02-01	A/Nonthaburi/340/2015_EPI647884	0.000176	5.249230999999995	7.914600999999993	-0.02132333081607936	0.00017374718241221424	5.218511863321067	2016-09-01	cTiterSub_x-ne_star	north	2016
2016-02-01	A/Nonthaburi/345/2015_EPI647892	0.000305	5.479928999999998	8.430888999999995	-0.022224025421072584	0.0003009378136888081	5.448157643561676	2016-09-01	cTiterSub_x-ne_star	north	2016
2016-02-01	A/Norway/2475/2015_EPI646061	1.4999999999999999e-05	8.718567999999992	11.310895999999989	0.16178357080868844	1.6477236681458884e-05	8.70138416573113	2016-09-01	cTiterSub_x-ne_star	north	2016
2016-02-01	A/Norway/2504/2015_EPI629020	1.3000000000000001e-05	16.295434999999983	18.530077999999992	-0.15833507885421452	1.1847810833377903e-05	16.32357040919135	2016-09-01	cTiterSub_x-ne_star	north	2016
2016-02-01	A/Norway/2506/2015_EPI646065	1.2e-05	4.907471999999998	7.641486999999995	-0.02132333081607936	1.184639880083279e-05	4.88138381801557	2016-09-01	cTiterSub_x-ne_star	north	2016
2016-02-01	A/Norway/2512/2015_EPI672341	1.8e-05	6.077377999999997	8.911122	0.06529357134202383	1.869050343370988e-05	6.044140372261873	2016-09-01	cTiterSub_x-ne_star	north	2016
2016-02-01	A/Norway/2533/2015_EPI629025	3.3e-05	5.079167999999996	7.911854999999993	0.003641290808183307	3.3055485567339396e-05	5.045944890313514	2016-09-01	cTiterSub_x-ne_star	north	2016
2016-02-01	A/Norway/2537/2015_EPI672359	4e-05	6.165548999999995	8.865103000000007	0.09079488077508355	4.215692719262334e-05	6.1325231754275595	2016-09-01	cTiterSub_x-ne_star	north	2016
2016-02-01	A/Norway/2543/2015_EPI672321	3.3e-05	4.249661000000003	6.915141999999994	-0.02132333081607936	3.2577596702290175e-05	4.218914640880296	2016-09-01	cTiterSub_x-ne_star	north	2016
2016-02-01	A/Norway/2547/2015_EPI672343	5.9e-05	6.425914999999997	9.081312999999998	0.003011258134182796	5.907748537670208e-05	6.405740510542067	2016-09-01	cTiterSub_x-ne_star	north	2016
2016-02-01	A/Norway/2554/2015_EPI629034	4.2e-05	5.079167999999996	7.911854999999993	0.003641290808183307	4.207061799479559e-05	5.045944890313514	2016-09-01	cTiterSub_x-ne_star	north	2016
2016-02-01	A/Norway/2554/2015_EPI672345	4.2e-05	5.079167999999996	7.911854999999993	0.003641290808183307	4.207061799479559e-05	5.045944890313514	2016-09-01	cTiterSub_x-ne_star	north	2016
2016-02-01	A/Norway/2556/2015_EPI672361	3.5e-05	4.768391999999996	7.3549829999999945	-0.01084250925041636	3.476388800575919e-05	4.7435376827476405	2016-09-01	cTiterSub_x-ne_star	north	2016
2016-02-01	A/Norway/2562/2015_EPI672385	7.4e-05	5.7681039999999975	8.354967999999998	0.003011258134182796	7.409718504874498e-05	5.743271333406791	2016-09-01	cTiterSub_x-ne_star	north	2016
2016-02-01	A/Norway/2565/2015_EPI629040	7e-05	6.459429999999998	9.422302000000002	-0.022224025421072584	6.906769494497236e-05	6.425900215686289	2016-09-01	cTiterSub_x-ne_star	north	2016
2016-02-01	A/Norway/2565/2015_EPI672347	7e-05	6.459429999999998	9.422302000000002	-0.022224025421072584	6.906769494497236e-05	6.425900215686289	2016-09-01	cTiterSub_x-ne_star	north	2016
2016-02-01	A/Norway/2571/2015_EPI672381	0.000128	5.249269999999996	7.915126999999994	-0.02132333081607936	0.0001263615872088831	5.21854803143438	2016-09-01	cTiterSub_x-ne_star	north	2016
2016-02-01	A/Norway/2587/2015_EPI651386	0.000388	5.176304999999995	7.811896999999994	-0.021228901221628335	0.0003830546608019565	5.145844562760009	2016-09-01	cTiterSub_x-ne_star	north	2016
2016-02-01	A/Norway/2587/2015_EPI678128	0.000388	5.834115999999999	8.538241999999993	-0.021228901221628335	0.0003830546608019565	5.808313739895285	2016-09-01	cTiterSub_x-ne_star	north	2016
2016-02-01	A/Norway/2588/2015_EPI651388	0.00044699999999999997	5.766581999999996	8.354943999999998	-0.01084250925041636	0.0004439845125306959	5.741761744697519	2016-09-01	cTiterSub_x-ne_star	north	2016
2016-02-01	A/Norway/2588/2015_EPI678130	0.00044699999999999997	5.766581999999996	8.354943999999998	-0.01084250925041636	0.0004439845125306959	5.741761744697519	2016-09-01	cTiterSub_x-ne_star	north	2016
2016-02-01	A/Norway/2590/2015_EPI651390	0.000513	7.404710999999992	10.244128999999992	0.07630900552747374	0.0005361131900880853	7.371495145357134	2016-09-01	cTiterSub_x-ne_star	north	2016
2016-02-01	A/Norway/2629/2015_EPI678140	0.0065049999999999995	6.491990999999997	7.493204999999997	-0.003780100335312564	0.006487789916821692	6.454749973247249	2016-09-01	cTiterSub_x-ne_star	north	2016
2016-02-01	A/OITA/10/2015_EPI643088	4.2e-05	6.073391999999997	8.911840000000002	0.003641290808183307	4.207061799479559e-05	6.040266265786979	2016-09-01	cTiterSub_x-ne_star	north	2016
2016-02-01	A/OKINAWA/12/2015_EPI670319	7.4e-05	6.045029999999998	8.854009000000001	0.003641290808183307	7.412442218130651e-05	6.011591096886267	2016-09-01	cTiterSub_x-ne_star	north	2016
2016-02-01	A/OKINAWA/13/2015_EPI670303	0.001165	6.163510999999996	8.782147	0.04042337931221219	0.001192267879121799	6.132985185072301	2016-09-01	cTiterSub_x-ne_star	north	2016
2016-02-01	A/Ohio/29/2015_EPI684123	0.002157	7.661190999999993	10.503649999999993	0.05809031467313881	0.0022303538876280605	7.630980591017705	2016-09-01	cTiterSub_x-ne_star	north	2016
2016-02-01	A/Ontario/RV2378/2015_EPI676620	0.004220000000000001	6.193011999999995	7.228524999999998	-0.016586259907867103	0.004177511324659387	6.160292889187704	2016-09-01	cTiterSub_x-ne_star	north	2016
2016-02-01	A/Paraguay/6248/2015_EPI647996	0.000321	12.894984999999997	14.633623999999992	-0.05215999158533954	0.00031124187529156435	12.92004538982172	2016-09-01	cTiterSub_x-ne_star	north	2016
2016-02-01	A/Pernambuco/136136-IEC/2015_EPI679573	3.3e-05	5.249542999999995	7.915126999999994	-0.02132333081607936	3.2577596702290175e-05	5.218816531213528	2016-09-01	cTiterSub_x-ne_star	north	2016
2016-02-01	A/Perth/48/2015_EPI675553	2.2e-05	4.249661000000003	6.915141999999994	-0.02132333081607936	2.171839780152678e-05	4.218914640880296	2016-09-01	cTiterSub_x-ne_star	north	2016
2016-02-01	A/Perth/60/2015_EPI676277	9.300000000000001e-05	7.221161999999993	9.915030999999999	-0.02132333081607936	9.180959070645414e-05	7.190413796713378	2016-09-01	cTiterSub_x-ne_star	north	2016
2016-02-01	A/Perth/61/2015_EPI676074	9.300000000000001e-05	6.759618999999996	9.581335000000003	0.03942825511276794	9.512151611440773e-05	6.732271274265818	2016-09-01	cTiterSub_x-ne_star	north	2016
2016-02-01	A/Perth/69/2015_EPI676155	0.000128	6.210778999999996	8.915112000000002	0.040328949717761166	0.00013098874024433375	6.176209364909193	2016-09-01	cTiterSub_x-ne_star	north	2016
2016-02-01	A/Perth/92/2015_EPI676310	0.000321	8.186750999999994	10.915015999999996	-0.02132333081607936	0.00031689116792227713	8.152187657959912	2016-09-01	cTiterSub_x-ne_star	north	2016
2016-02-01	A/Peru/5790/2015_EPI675105	0.003965	12.403143999999994	14.270427000000003	0.09377665425821971	0.004186080212756913	12.420980027976393	2016-09-01	cTiterSub_x-ne_star	north	2016
2016-02-01	A/Peru/71/2015_EPI679590	0.002079	6.467534999999996	9.430874000000001	-0.022224025421072584	0.002051310539865679	6.435875366909234	2016-09-01	cTiterSub_x-ne_star	north	2016
2016-02-01	A/Peru/71/2015_EPI695554	0.002079	6.467534999999996	9.430874000000001	-0.022224025421072584	0.002051310539865679	6.435875366909234	2016-09-01	cTiterSub_x-ne_star	north	2016
2016-02-01	A/Peru/72/2015_EPI695562	0.001727	5.723333999999999	8.255327	-0.01084250925041636	0.0017153495595984606	5.7001279756562955	2016-09-01	cTiterSub_x-ne_star	north	2016
2016-02-01	A/Prachuapkhirikhan/289/2015_EPI649490	5.9e-05	6.7770679999999865	9.540098000000004	-0.02132333081607936	5.8244794104094554e-05	6.751401868449672	2016-09-01	cTiterSub_x-ne_star	north	2016
2016-02-01	A/Puerto_Rico/06/2015_EPI679610	0.000167	4.249661000000003	6.915141999999994	-0.02132333081607936	0.00016486238331158966	4.218914640880296	2016-09-01	cTiterSub_x-ne_star	north	2016
2016-02-01	A/Puerto_Rico/12/2015_EPI686072	0.0008349999999999	5.240926999999995	7.915126999999994	0.040328949717761166	0.0008544968601875438	5.209979278750083	2016-09-01	cTiterSub_x-ne_star	north	2016
2016-02-01	A/Puerto_Rico/26/2015_EPI679734	0.00044699999999999997	5.2422089999999955	7.915126999999994	-0.02132333081607936	0.0004412783553310214	5.210996835854343	2016-09-01	cTiterSub_x-ne_star	north	2016
2016-02-01	A/SAITAMA-C/11/2015_EPI672285	1.6e-05	5.205537999999998	7.821726999999993	-0.00910291275488873	1.5908197976918402e-05	5.1727278355768895	2016-09-01	cTiterSub_x-ne_star	north	2016
2016-02-01	A/SAITAMA/34/2015_EPI670317	0.000615	5.079167999999996	7.911854999999993	0.003641290808183307	0.0006160340492095069	5.045944890313514	2016-09-01	cTiterSub_x-ne_star	north	2016
2016-02-01	A/SAITAMA/35/2015_EPI678207	0.0056700000000000006	8.423024999999997	11.373012999999991	-0.022224025421072584	0.005594483290542761	8.391383846354264	2016-09-01	cTiterSub_x-ne_star	north	2016
2016-02-01	A/SHIZUOKA/34/2015_EPI687099	0.009438	6.193011999999995	7.228524999999998	-0.016586259907867103	0.009342974379652912	6.160292889187704	2016-09-01	cTiterSub_x-ne_star	north	2016
2016-02-01	A/Santiago/39170/2015_EPI631571	1.4999999999999999e-05	12.026806999999994	14.222387999999999	-0.003296438412951866	1.4964536391113044e-05	12.057979211687849	2016-09-01	cTiterSub_x-ne_star	north	2016
2016-02-01	A/Santiago/42575/2015_EPI639213	3.7e-05	5.957238999999992	8.764617999999997	0.040328949717761166	3.786393272687773e-05	5.922142569066041	2016-09-01	cTiterSub_x-ne_star	north	2016
2016-02-01	A/Santiago/70910/2015_EPI688125	0.003604	12.762534999999994	14.487550999999998	0.003985727208785705	0.0036107851070264385	12.790449971276445	2016-09-01	cTiterSub_x-ne_star	north	2016
2016-02-01	A/Sao_Paulo/3-36687/2015_EPI674311	0.0008349999999999	5.052529999999996	7.6701129999999935	-0.02132333081607936	0.0008243119165578496	5.0192046570077045	2016-09-01	cTiterSub_x-ne_star	north	2016
2016-02-01	A/Sao_Paulo/3-37389/2015_EPI680506	0.002668	5.052529999999996	7.6701129999999935	-0.02132333081607936	0.002633849333385157	5.0192046570077045	2016-09-01	cTiterSub_x-ne_star	north	2016
2016-02-01	A/Sao_Paulo/4-21208/2015_EPI680508	0.004765	6.042977999999994	8.670098000000001	0.040328949717761166	0.004876260525501957	6.0094521359567	2016-09-01	cTiterSub_x-ne_star	north	2016
2016-02-01	A/Sao_Paulo/6-15209/2015_EPI647789	5.3e-05	5.205537999999998	7.821726999999993	-0.00910291275488873	5.2695905798542214e-05	5.1727278355768895	2016-09-01	cTiterSub_x-ne_star	north	2016
2016-02-01	A/Sao_Paulo/72317/2015_EPI680511	0.002668	5.052529999999996	7.6701129999999935	-0.02132333081607936	0.002633849333385157	5.0192046570077045	2016-09-01	cTiterSub_x-ne_star	north	2016
2016-02-01	A/Saudi_Arabia/78063/2015_EPI678156	0.002576	7.214494999999995	9.915097	0.1636335107854422	0.002832746036533623	7.180413178765516	2016-09-01	cTiterSub_x-ne_star	north	2016
2016-02-01	A/Saudi_Arabia/78764/2015_EPI678170	0.002857	4.249661000000003	6.915141999999994	-0.02132333081607936	0.0028204301144982738	4.218914640880296	2016-09-01	cTiterSub_x-ne_star	north	2016
2016-02-01	A/Sendai-H/N279/2015_EPI643108	0.000185	5.479928999999998	8.430888999999995	-0.022224025421072584	0.00018253605092599838	5.448157643561676	2016-09-01	cTiterSub_x-ne_star	north	2016
2016-02-01	A/Sendai-H/N280/2015_EPI643110	0.000185	5.479928999999998	8.430888999999995	-0.022224025421072584	0.00018253605092599838	5.448157643561676	2016-09-01	cTiterSub_x-ne_star	north	2016
2016-02-01	A/Shandong-Shibei/1759/2015_EPI697585	0.0020050000000000003	5.079167999999996	7.911854999999993	0.003641290808183307	0.0020083711685610754	5.045944890313514	2016-09-01	cTiterSub_x-ne_star	north	2016
2016-02-01	A/Shanghai-Pudongxin/11809/2015_EPI696915	0.010316	7.172113999999998	8.214809999999991	0.04506602062597342	0.01058608584434474	7.1388661479374464	2016-09-01	cTiterSub_x-ne_star	north	2016
2016-02-01	A/Shanghai-Putuo/1715/2015_EPI697318	0.0076040000000000005	5.535200999999996	6.50218	-0.016586259907867103	0.007527439837135066	5.4978237120524325	2016-09-01	cTiterSub_x-ne_star	north	2016
2016-02-01	A/Sichuan-Lizhou/11218/2015_EPI697339	0.0070420000000000005	6.520259999999999	7.502164999999997	0.04506602062597342	0.007226368409836726	6.482516478372568	2016-09-01	cTiterSub_x-ne_star	north	2016
2016-02-01	A/South_Africa/R3276/2015_EPI630787	1.9e-05	4.957334999999997	7.764632999999997	-0.02132333081607936	1.8756798101318586e-05	4.922218296931495	2016-09-01	cTiterSub_x-ne_star	north	2016
2016-02-01	A/South_Africa/R3445/2015_EPI631004	2.8999999999999997e-05	8.857295999999991	11.59918599999999	0.11420164831279231	3.098395038046139e-05	8.818557434976228	2016-09-01	cTiterSub_x-ne_star	north	2016
2016-02-01	A/South_Africa/R3512/2015_EPI631008	2.8000000000000013e-05	6.872903999999993	9.583100000000004	-0.02132333081607936	2.764159720194319e-05	6.846627247029093	2016-09-01	cTiterSub_x-ne_star	north	2016
2016-02-01	A/South_Africa/R3581/2015_EPI631010	3.3e-05	7.913035999999998	10.671187999999997	0.11420164831279231	3.5257598708800905e-05	7.875890461233247	2016-09-01	cTiterSub_x-ne_star	north	2016
2016-02-01	A/South_Africa/R3664/2015_EPI630805	3.3e-05	4.249661000000003	6.915141999999994	-0.02132333081607936	3.2577596702290175e-05	4.218914640880296	2016-09-01	cTiterSub_x-ne_star	north	2016
2016-02-01	A/South_Africa/R3778/2015_EPI630813	5e-05	5.923196999999992	8.706787	-0.02132333081607936	4.935999500346996e-05	5.887864503504251	2016-09-01	cTiterSub_x-ne_star	north	2016
2016-02-01	A/South_Africa/R3803/2015_EPI630817	5e-05	6.893567999999993	9.635914999999994	0.07147957490591061	5.2105749966431835e-05	6.855741388336649	2016-09-01	cTiterSub_x-ne_star	north	2016
2016-02-01	A/South_Africa/R3944/2015_EPI630821	7.4e-05	6.6149759999999915	9.480027000000002	0.040328949717761166	7.572786545375546e-05	6.584536018335862	2016-09-01	cTiterSub_x-ne_star	north	2016
2016-02-01	A/South_Africa/R3949/2015_EPI630823	7.4e-05	8.536715	11.296709999999988	0.05254936777895179	7.626962608605743e-05	8.503994336083945	2016-09-01	cTiterSub_x-ne_star	north	2016
2016-02-01	A/South_Africa/R3989/2015_EPI630825	7.4e-05	5.957164999999993	8.764617999999997	0.040328949717761166	7.572786545375546e-05	5.9220668412005875	2016-09-01	cTiterSub_x-ne_star	north	2016
2016-02-01	A/South_Australia/1007/2015_EPI675876	0.000251	6.001756999999999	8.647977999999993	0.03876679573377316	0.0002566267734275913	5.971063172748173	2016-09-01	cTiterSub_x-ne_star	north	2016
2016-02-01	A/South_Australia/1009/2015_EPI675562	0.00049	6.001756999999999	8.647977999999993	0.03876679573377316	0.0005009845377670108	5.971063172748173	2016-09-01	cTiterSub_x-ne_star	north	2016
2016-02-01	A/South_Australia/1015/2015_EPI675565	0.000321	6.001756999999999	8.647977999999993	0.03876679573377316	0.00032819599310859285	5.971063172748173	2016-09-01	cTiterSub_x-ne_star	north	2016
2016-02-01	A/South_Australia/133/2015_EPI676251	0.002857	6.001756999999999	8.647977999999993	0.03876679573377316	0.002921046580408878	5.971063172748173	2016-09-01	cTiterSub_x-ne_star	north	2016
2016-02-01	A/Stockholm/40/2015_EPI642560	0.000672	5.052529999999996	7.6701129999999935	-0.02132333081607936	0.0006633983328466363	5.0192046570077045	2016-09-01	cTiterSub_x-ne_star	north	2016
2016-02-01	A/Stockholm/42/2015_EPI662361	0.002956	5.079167999999996	7.911854999999993	0.003641290808183307	0.002960970161728947	5.045944890313514	2016-09-01	cTiterSub_x-ne_star	north	2016
2016-02-01	A/Stockholm/43/2015_EPI669976	0.004220000000000001	4.768391999999996	7.3549829999999945	-0.01084250925041636	0.004191531639551538	4.7435376827476405	2016-09-01	cTiterSub_x-ne_star	north	2016
2016-02-01	A/Stockholm/44/2015_EPI669984	0.0044859999999999995	6.055406999999997	8.816017000000002	0.06529213884398868	0.004658084907792762	6.02152355647432	2016-09-01	cTiterSub_x-ne_star	north	2016
2016-02-01	A/Stockholm/54/2015_EPI674761	0.007994	4.7722549999999995	7.581397999999994	-0.022224025421072584	0.007887530762715842	4.744853987510479	2016-09-01	cTiterSub_x-ne_star	north	2016
2016-02-01	A/Stockholm/58/2015_EPI686791	0.011931	11.026858999999993	13.222403000000003	-0.06494871894679238	0.011482328309687902	11.058009140760634	2016-09-01	cTiterSub_x-ne_star	north	2016
2016-02-01	A/Sydney/1015/2015_EPI675972	0.000537	5.479928999999998	8.430888999999995	-0.022224025421072584	0.0005298478883635736	5.448157643561676	2016-09-01	cTiterSub_x-ne_star	north	2016
2016-02-01	A/Sydney/1026/2015_EPI675954	0.000239	5.479928999999998	8.430888999999995	-0.022224025421072584	0.00023581684416926278	5.448157643561676	2016-09-01	cTiterSub_x-ne_star	north	2016
2016-02-01	A/TOKYO/15250/2015_EPI673089	0.0007019999999999	5.079167999999996	7.911854999999993	0.003641290808183307	0.0007031803293414832	5.045944890313514	2016-09-01	cTiterSub_x-ne_star	north	2016
2016-02-01	A/TOKYO/15272/2015_EPI673091	0.001031	5.079167999999996	7.911854999999993	0.003641290808183307	0.001032733503634149	5.045944890313514	2016-09-01	cTiterSub_x-ne_star	north	2016
2016-02-01	A/Taiwan/1075/2015_EPI688408	0.009438	5.535200999999996	6.50218	-0.016586259907867103	0.009342974379652912	5.4978237120524325	2016-09-01	cTiterSub_x-ne_star	north	2016
2016-02-01	A/Taiwan/1078/2015_EPI688400	0.009654000000000001	6.4605989999999975	9.430348	-0.022224025421072584	0.009525421814268046	6.429106799933143	2016-09-01	cTiterSub_x-ne_star	north	2016
2016-02-01	A/Taiwan/805/2015_EPI630457	1.2e-05	5.079167999999996	7.911854999999993	0.003641290808183307	1.2020176569941597e-05	5.045944890313514	2016-09-01	cTiterSub_x-ne_star	north	2016
2016-02-01	A/Talca/79797/2015_EPI688165	0.009438	13.724760999999988	15.487535999999993	0.01305689849893054	0.009505936517453342	13.75242622520663	2016-09-01	cTiterSub_x-ne_star	north	2016
2016-02-01	A/Talca/79797/2015_EPI696086	0.009438	13.724760999999988	15.487535999999993	0.01305689849893054	0.009505936517453342	13.75242622520663	2016-09-01	cTiterSub_x-ne_star	north	2016
2016-02-01	A/Temuco/75349/2015_EPI688141	0.005055	12.762534999999994	14.487550999999998	0.003985727208785705	0.005064516846842022	12.790449971276445	2016-09-01	cTiterSub_x-ne_star	north	2016
2016-02-01	A/Texas/75/2015_EPI686230	0.017043	6.498090999999997	7.043893	-0.016586259907867103	0.016871404148381498	6.461070756060453	2016-09-01	cTiterSub_x-ne_star	north	2016
2016-02-01	A/Thailand/CU-B12006/2015_EPI940636	2.2e-05	6.214849999999998	9.142739	0.012601279146876011	2.2152471759421815e-05	6.1890921204721385	2016-09-01	cTiterSub_x-ne_star	north	2016
2016-02-01	A/Thailand/CU-B12034/2015_EPI940637	3.5e-05	6.288530999999998	9.217698999999998	-0.022224025421072584	3.453384747248618e-05	6.2589123092021195	2016-09-01	cTiterSub_x-ne_star	north	2016
2016-02-01	A/Thailand/CU-B12081/2015_EPI940638	7.4e-05	4.249661000000003	6.915141999999994	-0.02132333081607936	7.305279260513554e-05	4.218914640880296	2016-09-01	cTiterSub_x-ne_star	north	2016
2016-02-01	A/Thailand/CU-B12888/2015_EPI940648	0.002668	6.474535999999996	9.369535000000003	0.03942825511276794	0.002728862419282148	6.442666753662784	2016-09-01	cTiterSub_x-ne_star	north	2016
2016-02-01	A/Thailand/CU-B13144/2015_EPI940649	0.004220000000000001	7.159173999999991	10.12879	0.03942825511276794	0.004316266645191405	7.133855619502062	2016-09-01	cTiterSub_x-ne_star	north	2016
2016-02-01	A/Thailand/CU-B13201/2015_EPI940650	0.005055	6.469796999999996	9.429938000000003	0.03942825511276794	0.005170314666218612	6.437817014229242	2016-09-01	cTiterSub_x-ne_star	north	2016
2016-02-01	A/Thailand/CU-B13425/2015_EPI940651	0.0074140000000000005	5.234810999999995	7.915126999999994	-0.02132333081607936	0.007319100059114526	5.204276440762066	2016-09-01	cTiterSub_x-ne_star	north	2016
2016-02-01	A/Thailand/CU-B13673/2015_EPI940653	0.009654000000000001	4.249661000000003	6.915141999999994	-0.02132333081607936	0.009530427835269981	4.218914640880296	2016-09-01	cTiterSub_x-ne_star	north	2016
2016-02-01	A/Thailand/CU-B13893/2015_EPI940655	0.012406	6.3976229999999985	9.284515000000004	-0.022224025421072584	0.012240768906961816	6.369057908197264	2016-09-01	cTiterSub_x-ne_star	north	2016
2016-02-01	A/Thailand/CU-B13914/2015_EPI940656	0.012887000000000001	8.510531999999996	11.333899999999986	0.22528579131928272	0.014690362190950922	8.469270405459852	2016-09-01	cTiterSub_x-ne_star	north	2016
2016-02-01	A/Thailand/CU-B14505/2015_EPI940657	0.019372	7.4023969999999935	10.385265999999994	0.04051456993440751	0.0198264738201793	7.368851748280956	2016-09-01	cTiterSub_x-ne_star	north	2016
2016-02-01	A/Thailand/CU-C5942/2015_EPI940641	0.00037	5.479928999999998	8.430888999999995	-0.022224025421072584	0.00036507210185199676	5.448157643561676	2016-09-01	cTiterSub_x-ne_star	north	2016
2016-02-01	A/Thailand/CU-C6062/2015_EPI940646	0.0020050000000000003	7.471864999999994	10.430765999999993	0.20202508434960442	0.0022547698580108284	7.439138564129629	2016-09-01	cTiterSub_x-ne_star	north	2016
2016-02-01	A/Thailand/CU-C6246/2015_EPI940654	0.012406	5.479928999999998	8.430888999999995	-0.022224025421072584	0.012240768906961816	5.448157643561676	2016-09-01	cTiterSub_x-ne_star	north	2016
2016-02-01	A/Uppsala/7/2015_EPI686924	0.007994	5.479928999999998	8.430888999999995	-0.022224025421072584	0.007887530762715842	5.448157643561676	2016-09-01	cTiterSub_x-ne_star	north	2016
2016-02-01	A/Uruguay/55/2015_EPI662514	0.000167	11.383433999999992	13.648644000000003	0.058355842120888644	0.00017270597858948917	11.409766999123825	2016-09-01	cTiterSub_x-ne_star	north	2016
2016-02-01	A/Valparaiso/42142/2015_EPI639260	3.5e-05	5.079167999999996	7.911854999999993	0.003641290808183307	3.5058848328996326e-05	5.045944890313514	2016-09-01	cTiterSub_x-ne_star	north	2016
2016-02-01	A/Victoria/3071/2015_EPI676367	0.00148	8.177038999999997	10.821615999999995	-0.00910291275488873	0.0014715083128649525	8.14422699140997	2016-09-01	cTiterSub_x-ne_star	north	2016
2016-02-01	A/Victoria/3078/2015_EPI676194	0.001662	5.079167999999996	7.911854999999993	0.003641290808183307	0.0016647944549369113	5.045944890313514	2016-09-01	cTiterSub_x-ne_star	north	2016
2016-02-01	A/Victoria/3079/2015_EPI676376	0.001662	9.448083999999998	12.43076299999998	0.03942825511276794	0.0016999135460445767	9.416256972302671	2016-09-01	cTiterSub_x-ne_star	north	2016
2016-02-01	A/Victoria/512/2015_EPI652445	8.3e-05	6.0455489999999985	8.741377999999994	0.02679890867728648	8.427027449532171e-05	6.016940267916877	2016-09-01	cTiterSub_x-ne_star	north	2016
2016-02-01	A/Victoria/517/2015_EPI652454	3.5e-05	17.371850999999978	19.57308099999999	-0.09155489485586937	3.3165060330441176e-05	17.39665135133843	2016-09-01	cTiterSub_x-ne_star	north	2016
2016-02-01	A/Victoria/525/2015_EPI652472	7.4e-05	17.29517099999998	19.39581499999998	-0.15833507885421452	6.744138474384344e-05	17.32334985763584	2016-09-01	cTiterSub_x-ne_star	north	2016
2016-02-01	A/Victoria/530/2015_EPI652481	4.7e-05	17.29517099999998	19.39581499999998	-0.15833507885421452	4.2834393012981646e-05	17.32334985763584	2016-09-01	cTiterSub_x-ne_star	north	2016
2016-02-01	A/Victoria/808/2015_EPI652733	7.900000000000001e-05	6.196696999999998	8.884811000000003	0.0761740622156506	8.255284260140323e-05	6.165476573075892	2016-09-01	cTiterSub_x-ne_star	north	2016
2016-02-01	A/Victoria/857/2015_EPI652703	0.000407	8.186750999999994	10.915015999999996	-0.02132333081607936	0.0004017903593282455	8.152187657959912	2016-09-01	cTiterSub_x-ne_star	north	2016
2016-02-01	A/WAKAYAMA-C/103/2015_EPI672295	4.7e-05	7.1661259999999976	8.053239999999995	-0.016586259907867103	4.652678489549554e-05	7.1348352531400945	2016-09-01	cTiterSub_x-ne_star	north	2016
2016-02-01	A/WAKAYAMA-C/104/2015_EPI674596	0.000513	6.0769439999999975	8.911840000000002	0.003641290808183307	0.0005138625483650033	6.043739187912927	2016-09-01	cTiterSub_x-ne_star	north	2016
2016-02-01	A/WAKAYAMA-C/105/2015_EPI670321	0.000588	6.0769439999999975	8.911840000000002	0.003641290808183307	0.0005889886519271383	6.043739187912927	2016-09-01	cTiterSub_x-ne_star	north	2016
2016-02-01	A/Washington/45/2015_EPI685987	2.3e-05	5.079167999999996	7.911854999999993	0.003641290808183307	2.303867175905473e-05	5.045944890313514	2016-09-01	cTiterSub_x-ne_star	north	2016
2016-02-01	A/Washington/57/2015_EPI677598	0.009654000000000001	5.535200999999996	6.50218	-0.016586259907867103	0.009556799603853488	5.4978237120524325	2016-09-01	cTiterSub_x-ne_star	north	2016
2016-02-01	A/Washington/66/2015_EPI693584	0.015335	6.498893999999997	7.468310999999999	-0.015244560507224334	0.015192486855885508	6.4616328647277825	2016-09-01	cTiterSub_x-ne_star	north	2016
2016-02-01	A/Yunnan-Gejiu/516/2015_EPI697309	0.007994	4.249661000000003	6.915141999999994	-0.02132333081607936	0.007891676001154776	4.218914640880296	2016-09-01	cTiterSub_x-ne_star	north	2016
2016-02-01	A/Yunnan-Hongta/11133/2015_EPI697383	0.009013	7.178400999999995	9.769767999999997	0.040328949717761166	0.009223449342360784	7.146594823703428	2016-09-01	cTiterSub_x-ne_star	north	2016
2016-02-01	A/Yunnan-Qilin/11008/2015_EPI697380	0.009224	6.035866999999996	6.9797829999999985	-0.016586259907867103	0.009131129018639378	6.007714687419713	2016-09-01	cTiterSub_x-ne_star	north	2016
2016-02-01	A/Yunnan-Qilin/11127/2015_EPI697054	0.017762	6.035866999999996	6.9797829999999985	-0.016586259907867103	0.017583164964123228	6.007714687419713	2016-09-01	cTiterSub_x-ne_star	north	2016
2016-02-01	A/Yunnan-Qilin/1902/2015_EPI697603	0.002857	6.035866999999996	6.9797829999999985	-0.016586259907867103	0.002828234562690016	6.007714687419713	2016-09-01	cTiterSub_x-ne_star	north	2016
2016-02-01	A/Yunnan-Qilin/1931/2015_EPI697400	0.003721	6.035866999999996	6.9797829999999985	-0.016586259907867103	0.0036835354594923165	6.007714687419713	2016-09-01	cTiterSub_x-ne_star	north	2016
2017-02-01	A/AICHI/108/2016_EPI867794	0.002482	6.586603999999991	7.363232999999985	-0.04557835223452622	0.002416163606191605	6.589993423191618	2017-09-01	cTiterSub_x-ne_star	north	2017
2017-02-01	A/AICHI/109/2016_EPI867796	0.002482	7.807349999999995	9.169525999999987	0.026063660294075593	0.00251927753900692	7.801877176456856	2017-09-01	cTiterSub_x-ne_star	north	2017
2017-02-01	A/AICHI/110/2016_EPI867798	0.002482	8.802372999999985	10.169514999999992	0.026063660294075593	0.00251927753900692	8.796838621378848	2017-09-01	cTiterSub_x-ne_star	north	2017
2017-02-01	A/Afghanistan/243/2016_EPI840542	1.6e-05	13.534082999999978	14.61299299999999	-0.06006966598571781	1.544448164833954e-05	13.559784728725724	2017-09-01	cTiterSub_x-ne_star	north	2017
2017-02-01	A/Alaska/22/2016_EPI827448	1.2e-05	11.303557999999994	12.776672999999981	0.049088410411466304	1.2344927337457003e-05	11.314317832819151	2017-09-01	cTiterSub_x-ne_star	north	2017
2017-02-01	A/Alaska/23/2016_EPI814158	2.1e-05	10.303594999999987	11.783429999999989	0.010852037783266698	2.112709783318704e-05	10.314342522673824	2017-09-01	cTiterSub_x-ne_star	north	2017
2017-02-01	A/Alaska/24/2016_EPI861902	0.001438	5.270199999999989	6.522003999999995	-0.0022649603348033447	0.0014356758491651535	5.26867004383082	2017-09-01	cTiterSub_x-ne_star	north	2017
2017-02-01	A/Alto_Hospicio/50992/2016_EPI827213	5.600000000000001e-05	8.157370999999992	9.318272999999985	0.041022815280835276	5.73392480934207e-05	8.170224646613516	2017-09-01	cTiterSub_x-ne_star	north	2017
2017-02-01	A/Anhui-Yaohai/1917/2016_EPI885672	0.010514	8.67817499999999	9.608106999999974	0.060031752464817664	0.010885481246400427	8.696452580140775	2017-09-01	cTiterSub_x-ne_star	north	2017
2017-02-01	A/Bangladesh/0009/2016_EPI832309	2.8000000000000013e-05	5.262528999999991	6.82393499999999	0.0186612073381752	2.829807823306451e-05	5.268693323172437	2017-09-01	cTiterSub_x-ne_star	north	2017
2017-02-01	A/Bangladesh/1004/2016_EPI832301	1.6e-05	5.904962999999985	7.424606999999989	-0.02581128703370141	1.5756229628937924e-05	5.90887327639234	2017-09-01	cTiterSub_x-ne_star	north	2017
2017-02-01	A/Bangladesh/1004/2016_EPI886733	1.6e-05	5.904962999999985	7.424606999999989	-0.02581128703370141	1.5756229628937924e-05	5.90887327639234	2017-09-01	cTiterSub_x-ne_star	north	2017
2017-02-01	A/Bangladesh/195/2016_EPI832381	1.4000000000000001e-05	6.088596999999988	7.610504999999987	0.003434988750816822	1.402392435983946e-05	6.0902551317955185	2017-09-01	cTiterSub_x-ne_star	north	2017
2017-02-01	A/Bangladesh/2007/2016_EPI832349	9.300000000000001e-05	4.962945999999993	6.528954999999992	-0.02581128703370141	9.158308471820169e-05	4.966659120300493	2017-09-01	cTiterSub_x-ne_star	north	2017
2017-02-01	A/Bangladesh/2176/2016_EPI861758	8.8e-05	6.913627999999987	8.48758099999999	0.07802436336214105	9.207051099622051e-05	6.9128958227055755	2017-09-01	cTiterSub_x-ne_star	north	2017
2017-02-01	A/Bangladesh/222/2016_EPI832389	0.00010400000000000001	4.962945999999993	6.528954999999992	-0.02581128703370141	0.00010241549258809652	4.966659120300493	2017-09-01	cTiterSub_x-ne_star	north	2017
2017-02-01	A/Bangladesh/222/2016_EPI886741	0.00010400000000000001	4.962945999999993	6.528954999999992	-0.02581128703370141	0.00010241549258809652	4.966659120300493	2017-09-01	cTiterSub_x-ne_star	north	2017
2017-02-01	A/Bangladesh/3001/2016_EPI861942	0.001091	5.270199999999989	6.522003999999995	-0.0022649603348033447	0.0010892366838937291	5.26867004383082	2017-09-01	cTiterSub_x-ne_star	north	2017
2017-02-01	A/Bangladesh/3022/2016_EPI832413	3.8e-05	4.962945999999993	6.528954999999992	-0.02581128703370141	3.742104536872757e-05	4.966659120300493	2017-09-01	cTiterSub_x-ne_star	north	2017
2017-02-01	A/Bangladesh/3075/2016_EPI832461	2.9999999999999997e-05	7.601757999999992	8.383531999999986	-0.03295949537983582	2.9419999267815995e-05	7.611646273882452	2017-09-01	cTiterSub_x-ne_star	north	2017
2017-02-01	A/Bangladesh/4019/2016_EPI832317	3.4e-05	4.962945999999993	6.528954999999992	-0.02581128703370141	3.3481987961493085e-05	4.966659120300493	2017-09-01	cTiterSub_x-ne_star	north	2017
2017-02-01	A/Bangladesh/402/2016_EPI832429	0.000128	4.962945999999993	6.528954999999992	-0.02581128703370141	0.0001260498370315034	4.966659120300493	2017-09-01	cTiterSub_x-ne_star	north	2017
2017-02-01	A/Bangladesh/429/2016_EPI865318	0.000384	6.099903999999986	7.314961999999987	-0.01139451534614492	0.00038134307638194604	6.102647766975758	2017-09-01	cTiterSub_x-ne_star	north	2017
2017-02-01	A/Bangladesh/5009/2016_EPI832293	4.2e-05	5.069043999999989	6.419755999999987	-0.008067537447604427	4.1790424556846085e-05	5.067701598299889	2017-09-01	cTiterSub_x-ne_star	north	2017
2017-02-01	A/Bangladesh/704002/2016_EPI832229	5.600000000000001e-05	4.962945999999993	6.528954999999992	-0.02581128703370141	5.514680370128275e-05	4.966659120300493	2017-09-01	cTiterSub_x-ne_star	north	2017
2017-02-01	A/Bangladesh/708004/2016_EPI832141	0.000109	5.9590969999999865	7.518771999999989	-0.01244722808770223	0.00010817936970874877	5.962786290788572	2017-09-01	cTiterSub_x-ne_star	north	2017
2017-02-01	A/Bangladesh/708004/2016_EPI861622	0.000109	6.945447999999988	8.49685399999999	0.026188808869848555	0.00011064516490367662	6.948595223350835	2017-09-01	cTiterSub_x-ne_star	north	2017
2017-02-01	A/Bangladesh/931/2016_EPI865326	0.002569	5.270199999999989	6.522003999999995	-0.0022649603348033447	0.002564847883522448	5.26867004383082	2017-09-01	cTiterSub_x-ne_star	north	2017
2017-02-01	A/Bangladesh/931/2016_EPI871465	0.002569	5.270199999999989	6.522003999999995	-0.0022649603348033447	0.002564847883522448	5.26867004383082	2017-09-01	cTiterSub_x-ne_star	north	2017
2017-02-01	A/Bangladesh/960/2016_EPI832405	1.7e-05	4.962945999999993	6.528954999999992	-0.02581128703370141	1.6740993980746543e-05	4.966659120300493	2017-09-01	cTiterSub_x-ne_star	north	2017
2017-02-01	A/Bangladesh/987/2016_EPI832397	3.8e-05	6.049367999999987	7.311079999999986	0.007838833507836455	3.8162848634108046e-05	6.050113917327015	2017-09-01	cTiterSub_x-ne_star	north	2017
2017-02-01	A/Beijing-Xicheng/12534/2016_EPI885813	0.00554	7.587588999999993	8.688985999999986	-0.0299127940937488	0.005442557351589433	7.607425854297008	2017-09-01	cTiterSub_x-ne_star	north	2017
2017-02-01	A/Bolivia/1770/2016_EPI862005	6.3e-05	6.358776999999988	7.420542999999989	-0.029154547947642537	6.191927915649036e-05	6.3714224491368245	2017-09-01	cTiterSub_x-ne_star	north	2017
2017-02-01	A/Bolivia/2315/2016_EPI862013	0.002482	15.382830999999994	16.56825099999998	-0.06292833632864955	0.002391833368155355	15.407293438934946	2017-09-01	cTiterSub_x-ne_star	north	2017
2017-02-01	A/Bolivia/2315/2016_EPI865334	0.002482	15.382830999999994	16.56825099999998	-0.06292833632864955	0.002391833368155355	15.407293438934946	2017-09-01	cTiterSub_x-ne_star	north	2017
2017-02-01	A/Brazil/6359/2016_EPI824886	1.4999999999999999e-05	7.764895999999993	9.392384999999988	-0.02581128703370141	1.4771465277129304e-05	7.770251084671283	2017-09-01	cTiterSub_x-ne_star	north	2017
2017-02-01	A/Brazil/6359/2016_EPI886757	1.4999999999999999e-05	7.764895999999993	9.392384999999988	-0.02581128703370141	1.4771465277129304e-05	7.770251084671283	2017-09-01	cTiterSub_x-ne_star	north	2017
2017-02-01	A/Brisbane/1001/2016_EPI831738	0.00010400000000000001	5.898747999999986	7.212713999999993	-0.017154255237635363	0.00010293399228365888	5.901679321444833	2017-09-01	cTiterSub_x-ne_star	north	2017
2017-02-01	A/Brisbane/1014/2016_EPI836771	0.000553	6.027366999999986	7.4169839999999905	-0.008067537447604427	0.0005502405899984734	6.026768322676666	2017-09-01	cTiterSub_x-ne_star	north	2017
2017-02-01	A/Brisbane/288/2016_EPI892942	0.006331	4.962945999999993	6.528954999999992	-0.02581128703370141	0.0062345431113003755	4.966659120300493	2017-09-01	cTiterSub_x-ne_star	north	2017
2017-02-01	A/Brisbane/299/2016_EPI893014	0.007187000000000001	9.406859999999984	10.157788999999976	0.13087514021424398	0.0077548724668025995	9.403314491303343	2017-09-01	cTiterSub_x-ne_star	north	2017
2017-02-01	A/California/120/2016_EPI832261	4.2e-05	5.957682999999986	7.485461999999991	4.4138579586202806e-05	4.198863753145723e-05	5.961394819436529	2017-09-01	cTiterSub_x-ne_star	north	2017
2017-02-01	A/California/120/2016_EPI886765	4.2e-05	5.957682999999986	7.485461999999991	4.4138579586202806e-05	4.198863753145723e-05	5.961394819436529	2017-09-01	cTiterSub_x-ne_star	north	2017
2017-02-01	A/California/121/2016_EPI840615	8.3e-05	6.163874999999987	7.63119199999999	0.0186612073381752	8.388358904801262e-05	6.16741292528019	2017-09-01	cTiterSub_x-ne_star	north	2017
2017-02-01	A/California/124/2016_EPI857238	0.000421	5.962090999999986	7.528943999999989	-0.02581128703370141	0.0004145857921114291	5.965829948716273	2017-09-01	cTiterSub_x-ne_star	north	2017
2017-02-01	A/California/126/2016_EPI870331	0.000421	5.728124999999987	7.490605999999989	-0.02581128703370141	0.0004145857921114291	5.730576909586482	2017-09-01	cTiterSub_x-ne_star	north	2017
2017-02-01	A/California/134/2016_EPI858079	0.003454	5.270199999999989	6.522003999999995	-0.0022649603348033447	0.0034484175125288176	5.26867004383082	2017-09-01	cTiterSub_x-ne_star	north	2017
2017-02-01	A/California/176/2016_EPI874434	0.012902	7.000861999999998	7.791719999999987	0.0008668244460162487	0.012904701039286641	7.008578953083403	2017-09-01	cTiterSub_x-ne_star	north	2017
2017-02-01	A/Canberra/1008/2016_EPI868904	0.00539	4.962945999999993	6.528954999999992	-0.02581128703370141	0.005307879856248463	4.966659120300493	2017-09-01	cTiterSub_x-ne_star	north	2017
2017-02-01	A/Canberra/79/2016_EPI892864	0.002159	6.830962999999991	8.170806999999987	0.026063660294075593	0.002191426352423828	6.826178656240554	2017-09-01	cTiterSub_x-ne_star	north	2017
2017-02-01	A/Canberra/92/2016_EPI892885	0.004157	4.962945999999993	6.528954999999992	-0.02581128703370141	0.004093665410468435	4.966659120300493	2017-09-01	cTiterSub_x-ne_star	north	2017
2017-02-01	A/Chongqing-Yuzhong/11421/2016_EPI885564	0.002938	7.516989999999993	8.678965999999987	-0.032334323920793	0.002882249511734544	7.535635941997799	2017-09-01	cTiterSub_x-ne_star	north	2017
2017-02-01	A/Christchurch/7/2016_EPI831711	1.3000000000000001e-05	17.949772999999976	18.82264299999996	-0.03670540212413149	1.2720839495624417e-05	17.97390201272875	2017-09-01	cTiterSub_x-ne_star	north	2017
2017-02-01	A/Christchurch/9/2016_EPI831714	1.3000000000000001e-05	17.949772999999976	18.82264299999996	-0.03670540212413149	1.2720839495624417e-05	17.97390201272875	2017-09-01	cTiterSub_x-ne_star	north	2017
2017-02-01	A/Colombia/1297/2016_EPI886789	0.008293	6.764968999999989	8.39239599999999	-0.02581128703370141	0.008166650769548887	6.770310170532393	2017-09-01	cTiterSub_x-ne_star	north	2017
2017-02-01	A/Colombia/1368/2016_EPI886797	0.010726000000000001	7.6698139999999935	9.366430999999988	0.020712853080580934	0.010853166482562881	7.671550946152275	2017-09-01	cTiterSub_x-ne_star	north	2017
2017-02-01	A/Colombia/1373/2016_EPI886805	0.010939	6.764968999999989	8.39239599999999	-0.02581128703370141	0.010772337244434499	6.770310170532393	2017-09-01	cTiterSub_x-ne_star	north	2017
2017-02-01	A/Colombia/1408/2016_EPI886813	0.011803	6.764968999999989	8.39239599999999	-0.02581128703370141	0.011623173644397146	6.770310170532393	2017-09-01	cTiterSub_x-ne_star	north	2017
2017-02-01	A/Colombia/9773/2016_EPI836467	0.000204	6.119883999999995	7.020516999999987	0.0073062719164890735	0.00020481060349935106	6.133387007463069	2017-09-01	cTiterSub_x-ne_star	north	2017
2017-02-01	A/Connecticut/37/2016_EPI868290	0.008485	6.586603999999991	7.363232999999985	-0.04557835223452622	0.00825993078103778	6.589993423191618	2017-09-01	cTiterSub_x-ne_star	north	2017
2017-02-01	A/Darwin/1006/2016_EPI869631	0.0018690000000000002	5.927617999999987	7.528943999999989	-0.027825658814333562	0.0018383631349003508	5.933244127814196	2017-09-01	cTiterSub_x-ne_star	north	2017
2017-02-01	A/Delaware/28/2016_EPI868298	0.006836	9.835070999999985	10.635675999999982	0.06840520780879479	0.007112184813830164	9.830189337658643	2017-09-01	cTiterSub_x-ne_star	north	2017
2017-02-01	A/Delaware/32/2016_EPI868010	0.010514	6.201481999999984	7.018858999999989	-0.0022649603348033447	0.010497006869348	6.1997092748341	2017-09-01	cTiterSub_x-ne_star	north	2017
2017-02-01	A/Dijon/2902/2016_EPI861439	0.005693	6.049367999999987	7.311079999999986	0.007838833507836455	0.005717397296683608	6.050113917327015	2017-09-01	cTiterSub_x-ne_star	north	2017
2017-02-01	A/England/62440424/2016_EPI878188	1.7e-05	7.263060999999994	8.515539999999987	0.03597141229339626	1.7355341888346778e-05	7.260979829983965	2017-09-01	cTiterSub_x-ne_star	north	2017
2017-02-01	A/England/62440426/2016_EPI858933	1.7e-05	6.263107999999983	7.521992999999985	-0.0022649603348033447	1.6972523947015026e-05	6.261014540667743	2017-09-01	cTiterSub_x-ne_star	north	2017
2017-02-01	A/England/62440429/2016_EPI829949	1.7e-05	4.962945999999993	6.528954999999992	-0.02581128703370141	1.6740993980746543e-05	4.966659120300493	2017-09-01	cTiterSub_x-ne_star	north	2017
2017-02-01	A/England/62440429/2016_EPI858937	1.7e-05	4.962945999999993	6.528954999999992	-0.02581128703370141	1.6740993980746543e-05	4.966659120300493	2017-09-01	cTiterSub_x-ne_star	north	2017
2017-02-01	A/England/62840631/2016_EPI829956	7.5e-05	6.830962999999991	8.170806999999987	0.026063660294075593	7.612643651310195e-05	6.826178656240554	2017-09-01	cTiterSub_x-ne_star	north	2017
2017-02-01	A/England/62840631/2016_EPI858939	7.5e-05	6.830962999999991	8.170806999999987	0.026063660294075593	7.612643651310195e-05	6.826178656240554	2017-09-01	cTiterSub_x-ne_star	north	2017
2017-02-01	A/England/62920695/2016_EPI831326	0.000109	7.0061879999999865	8.28880699999999	0.03922582534978579	0.00011148982092852453	7.003930318318893	2017-09-01	cTiterSub_x-ne_star	north	2017
2017-02-01	A/England/62960643/2016_EPI878300	0.000128	8.585431999999992	9.36308899999999	0.030894393021872996	0.0001302890800120455	8.588846562790598	2017-09-01	cTiterSub_x-ne_star	north	2017
2017-02-01	A/England/64580215/2016_EPI868779	0.009073999999999999	6.096004999999989	6.893494999999996	0.0008668244460162487	0.009075899645829093	6.1037288685900934	2017-09-01	cTiterSub_x-ne_star	north	2017
2017-02-01	A/Finland/655/2016_EPI879386	0.006836	8.67015399999999	9.711770999999978	0.0059020487074066055	0.006857543641944079	8.691734762186993	2017-09-01	cTiterSub_x-ne_star	north	2017
2017-02-01	A/Florida/103/2016_EPI870793	0.015538999999999999	6.837147999999989	8.567312999999988	-0.019575165290024406	0.01535802021737384	6.840185610621218	2017-09-01	cTiterSub_x-ne_star	north	2017
2017-02-01	A/Florida/80/2016_EPI858356	0.00324	7.452736999999995	8.211267999999992	-0.04557835223452622	0.0031540572457940375	7.4579443665986105	2017-09-01	cTiterSub_x-ne_star	north	2017
2017-02-01	A/Fujian-Gulou/11611/2016_EPI885795	0.002159	7.516989999999993	8.678965999999987	-0.032334323920793	0.0021180315506585706	7.535635941997799	2017-09-01	cTiterSub_x-ne_star	north	2017
2017-02-01	A/GIFU/28/2016_EPI858882	0.00023700000000000001	4.962945999999993	6.528954999999992	-0.02581128703370141	0.00023338915137864302	4.966659120300493	2017-09-01	cTiterSub_x-ne_star	north	2017
2017-02-01	A/Guangdong-Dongwanbendi/5342/2016_EPI885792	0.002159	8.41684599999999	9.523961999999976	0.0059020487074066055	0.0021658040846924027	8.439602453681651	2017-09-01	cTiterSub_x-ne_star	north	2017
2017-02-01	A/Guangdong-Futian/1582/2016_EPI829519	0.00015	7.550712999999992	8.675926999999986	-0.032334323920793	0.00014715365104158663	7.57165151027464	2017-09-01	cTiterSub_x-ne_star	north	2017
2017-02-01	A/Guangdong-Zhongshan/11131/2016_EPI885567	0.015105	7.721489999999996	8.630858999999987	0.0059020487074066055	0.015152603380860932	7.74131103460013	2017-09-01	cTiterSub_x-ne_star	north	2017
2017-02-01	A/Guizhou-Honghuagang/1840/2016_EPI885858	0.00554	8.539619999999992	9.675799999999976	0.0059020487074066055	0.005557459300229696	8.560536591674191	2017-09-01	cTiterSub_x-ne_star	north	2017
2017-02-01	A/Guyane/2773/2016_EPI861463	0.001673	5.270199999999989	6.522003999999995	-0.0022649603348033447	0.0016702960331385964	5.26867004383082	2017-09-01	cTiterSub_x-ne_star	north	2017
2017-02-01	A/Guyane/2774/2016_EPI852935	0.0014939999999999999	6.267198999999984	7.5202549999999855	0.03787477352388242	0.0015269226735965483	6.265616198483628	2017-09-01	cTiterSub_x-ne_star	north	2017
2017-02-01	A/Guyane/2782/2016_EPI852959	0.002236	5.270199999999989	6.522003999999995	-0.0022649603348033447	0.0022323860909132707	5.26867004383082	2017-09-01	cTiterSub_x-ne_star	north	2017
2017-02-01	A/HIROSHIMA/21/2016_EPI873202	0.002236	8.632173999999988	9.601405999999999	0.0008668244460162487	0.002236468107568201	8.640447685776397	2017-09-01	cTiterSub_x-ne_star	north	2017
2017-02-01	A/Hawaii/56/2016_EPI827308	1.6e-05	9.401765999999988	10.783440999999986	0.010852037783266698	1.6096836444332982e-05	9.413100106442373	2017-09-01	cTiterSub_x-ne_star	north	2017
2017-02-01	A/Hawaii/58/2016_EPI827237	3.6e-05	8.670924999999993	10.336573999999983	0.12454292582920494	3.870127942055383e-05	8.672079699152329	2017-09-01	cTiterSub_x-ne_star	north	2017
2017-02-01	A/Hawaii/61/2016_EPI832109	0.000143	9.401765999999988	10.783440999999986	0.010852037783266698	0.00014386547572122605	9.413100106442373	2017-09-01	cTiterSub_x-ne_star	north	2017
2017-02-01	A/Hawaii/63/2016_EPI836475	0.000262	7.604235999999992	9.071422999999987	0.028968930828219656	0.00026638609135449175	7.596890467537697	2017-09-01	cTiterSub_x-ne_star	north	2017
2017-02-01	A/Hong_Kong/2262/2016_EPI858885	0.000226	6.751810999999994	7.7173149999999815	-0.032334323920793	0.00022171150090265722	6.771718152711814	2017-09-01	cTiterSub_x-ne_star	north	2017
2017-02-01	A/Hong_Kong/2298/2016_EPI836491	0.00024900000000000004	7.153974999999994	8.241434999999985	-0.032334323920793	0.0002442750607290339	7.172674032432419	2017-09-01	cTiterSub_x-ne_star	north	2017
2017-02-01	A/Hong_Kong/2302/2016_EPI836499	0.00023700000000000001	6.751810999999994	7.7173149999999815	-0.032334323920793	0.00023250276864570694	6.771718152711814	2017-09-01	cTiterSub_x-ne_star	north	2017
2017-02-01	A/Hong_Kong/2387/2016_EPI858889	0.000384	5.898747999999986	7.212713999999993	-0.017154255237635363	0.00038006397150889437	5.901679321444833	2017-09-01	cTiterSub_x-ne_star	north	2017
2017-02-01	A/Hong_Kong/2389/2016_EPI836507	0.00040199999999999996	5.898747999999986	7.212713999999993	-0.017154255237635363	0.00039787947017337367	5.901679321444833	2017-09-01	cTiterSub_x-ne_star	north	2017
2017-02-01	A/Hong_Kong/2391/2016_EPI836515	0.00040199999999999996	5.898747999999986	7.212713999999993	-0.017154255237635363	0.00039787947017337367	5.901679321444833	2017-09-01	cTiterSub_x-ne_star	north	2017
2017-02-01	A/Hong_Kong/2398/2016_EPI836523	0.000288	5.898747999999986	7.212713999999993	-0.017154255237635363	0.00028504797863167073	5.901679321444833	2017-09-01	cTiterSub_x-ne_star	north	2017
2017-02-01	A/Hubei-Hongshan/1320/2016_EPI885864	0.001737	7.162962999999995	8.237438999999984	0.0059020487074066055	0.0017424741524366392	7.18150608102176	2017-09-01	cTiterSub_x-ne_star	north	2017
2017-02-01	A/Hubei-Wuchang/1678/2016_EPI885429	0.013344	8.04761599999999	9.215893999999984	-0.032334323920793	0.01309078879665955	8.067449707237127	2017-09-01	cTiterSub_x-ne_star	north	2017
2017-02-01	A/Hunan-Suxian/1980/2016_EPI885801	0.004413	8.481994999999992	9.172781999999973	-0.032334323920793	0.004329260413643479	8.50269074127793	2017-09-01	cTiterSub_x-ne_star	north	2017
2017-02-01	A/Hunan-Xiangtan/1577/2016_EPI829531	0.000135	6.16644999999999	7.241445999999986	-0.032334323920793	0.000132438285937428	6.184991029326633	2017-09-01	cTiterSub_x-ne_star	north	2017
2017-02-01	A/Hunan-Yuhu/1884/2016_EPI885687	0.009274	6.931628999999993	8.203096999999984	-0.032334323920793	0.009098019731731164	6.948908818612627	2017-09-01	cTiterSub_x-ne_star	north	2017
2017-02-01	A/Hunan-Yuhua/11939/2016_EPI885558	0.009477	9.059504999999989	10.231001999999988	0.0059020487074066055	0.00950686674878643	9.07964906221875	2017-09-01	cTiterSub_x-ne_star	north	2017
2017-02-01	A/IBARAKI/63/2016_EPI854232	2.6000000000000002e-05	7.018213999999988	8.41697299999999	-0.008067537447604427	2.587026282090472e-05	7.017469971852998	2017-09-01	cTiterSub_x-ne_star	north	2017
2017-02-01	A/IBARAKI/67/2016_EPI869845	0.001438	7.8653029999999955	9.393045999999988	0.08748176843467817	0.0015128389300676794	7.863556563662274	2017-09-01	cTiterSub_x-ne_star	north	2017
2017-02-01	A/Iceland/15954/2016_EPI894036	0.001802	8.736179999999994	10.389100999999979	-0.02581128703370141	0.0017745453619591339	8.74203982634648	2017-09-01	cTiterSub_x-ne_star	north	2017
2017-02-01	A/Iceland/16097/2016_EPI894040	0.0018690000000000002	8.736179999999994	10.389100999999979	-0.02581128703370141	0.0018405245735303116	8.74203982634648	2017-09-01	cTiterSub_x-ne_star	north	2017
2017-02-01	A/Iceland/16457/2016_EPI887379	0.002316	8.736179999999994	10.389100999999979	-0.02581128703370141	0.0022807142387887645	8.74203982634648	2017-09-01	cTiterSub_x-ne_star	north	2017
2017-02-01	A/Iceland/16963/2016_EPI887383	0.002938	11.253293999999991	12.783296999999981	0.010852037783266698	0.002955781592090644	11.263783306803996	2017-09-01	cTiterSub_x-ne_star	north	2017
2017-02-01	A/Iceland/16980/2016_EPI887385	0.002938	11.253293999999991	12.783296999999981	0.010852037783266698	0.002955781592090644	11.263783306803996	2017-09-01	cTiterSub_x-ne_star	north	2017
2017-02-01	A/Idaho/33/2016_EPI814081	1.3000000000000001e-05	19.43578199999996	20.672754999999967	-0.07647941957685045	1.2429094359757047e-05	19.45924127882102	2017-09-01	cTiterSub_x-ne_star	north	2017
2017-02-01	A/Idaho/33/2016_EPI827151	1.3000000000000001e-05	20.435742999999974	21.672743999999955	-0.07647941957685045	1.2429094359757047e-05	20.45921642063228	2017-09-01	cTiterSub_x-ne_star	north	2017
2017-02-01	A/Idaho/33/2016_EPI827158	1.3000000000000001e-05	17.45110499999999	18.711922999999963	-0.04412230984121539	1.266592129653248e-05	17.473598345007865	2017-09-01	cTiterSub_x-ne_star	north	2017
2017-02-01	A/Idaho/37/2016_EPI862109	0.003912	7.872368999999994	8.636967999999989	-0.008067537447604427	0.0038924795444376637	7.868715187069979	2017-09-01	cTiterSub_x-ne_star	north	2017
2017-02-01	A/Idaho/38/2016_EPI862689	0.004679	7.872368999999994	8.636967999999989	-0.008067537447604427	0.004655652297654353	7.868715187069979	2017-09-01	cTiterSub_x-ne_star	north	2017
2017-02-01	A/Idaho/5447/2016_EPI934936	4.5e-05	6.849358999999987	8.19403999999999	-0.017154255237635363	4.4538746661198554e-05	6.852696275038935	2017-09-01	cTiterSub_x-ne_star	north	2017
2017-02-01	A/India/8221/2016_EPI832093	0.000109	7.5863729999999965	8.363221999999991	-0.007341979606326616	0.00010850201472703426	7.589776419162158	2017-09-01	cTiterSub_x-ne_star	north	2017
2017-02-01	A/Iowa/23/2016_EPI836539	0.0006309999999999	6.0596329999999865	7.40875099999999	0.0034505021121930563	0.0006320840250692486	6.057986831609318	2017-09-01	cTiterSub_x-ne_star	north	2017
2017-02-01	A/Iowa/24/2016_EPI861670	0.0011359999999999999	6.071968999999987	7.605661999999988	-0.019575165290024406	0.0011227692236911438	6.0762678213352315	2017-09-01	cTiterSub_x-ne_star	north	2017
2017-02-01	A/Iowa/25/2016_EPI861678	0.0014939999999999999	12.250292999999981	13.783285999999972	0.010852037783266698	0.0015030421029895923	12.260777222598021	2017-09-01	cTiterSub_x-ne_star	north	2017
2017-02-01	A/Iowa/31/2016_EPI865494	0.00539	5.164101999999989	6.631202999999993	-0.019575165290024406	0.005327223693393719	5.167627565831422	2017-09-01	cTiterSub_x-ne_star	north	2017
2017-02-01	A/Israel/R274/2016_EPI942313	0.013344	7.068520999999997	7.893483999999988	0.039103197074215855	0.013647832595874891	7.0756453605877185	2017-09-01	cTiterSub_x-ne_star	north	2017
2017-02-01	A/Jiangsu-Danyang/1516/2016_EPI829537	4.8e-05	70.15369199999992	71.72744799999987	-0.040208425012629195	4.687337313551487e-05	70.15611255600807	2017-09-01	cTiterSub_x-ne_star	north	2017
2017-02-01	A/Jiangxi-Yushui/1822/2016_EPI885639	0.0036780000000000003	8.061841999999992	9.215893999999984	-0.032334323920793	0.0036082075235397055	8.081314287936232	2017-09-01	cTiterSub_x-ne_star	north	2017
2017-02-01	A/Jiangxi-Zhushan/1560/2016_EPI829522	0.000122	8.939143999999986	10.130695999999983	-0.032334323920793	0.00011968496951382381	8.958400136985766	2017-09-01	cTiterSub_x-ne_star	north	2017
2017-02-01	A/Jiangxi-Zhushan/1680/2016_EPI885822	0.000889	8.140241999999994	9.172083999999986	-0.032334323920793	0.0008721306385064703	8.158466779422929	2017-09-01	cTiterSub_x-ne_star	north	2017
2017-02-01	A/Jordan/20531/2016_EPI887387	3.2e-05	5.938466999999986	7.52890099999999	-0.02581128703370141	3.151245925787585e-05	5.942481108288876	2017-09-01	cTiterSub_x-ne_star	north	2017
2017-02-01	A/KANAGAWA/AC1602/2016_EPI858007	0.005097	5.164101999999989	6.631202999999993	-0.019575165290024406	0.0050376362087621125	5.167627565831422	2017-09-01	cTiterSub_x-ne_star	north	2017
2017-02-01	A/KANAGAWA/AC1603/2016_EPI867688	0.010304	5.270199999999989	6.522003999999995	-0.0022649603348033447	0.010287346279414286	5.26867004383082	2017-09-01	cTiterSub_x-ne_star	north	2017
2017-02-01	A/KANAGAWA/AC1606/2016_EPI867834	0.013565	7.471869999999996	8.043109999999993	-0.01742808592931163	0.01342381332522134	7.472479774687208	2017-09-01	cTiterSub_x-ne_star	north	2017
2017-02-01	A/KANAGAWA/AC1607/2016_EPI867744	0.013565	6.751810999999994	7.7173149999999815	-0.032334323920793	0.013307595175860821	6.771718152711814	2017-09-01	cTiterSub_x-ne_star	north	2017
2017-02-01	A/KANAGAWA/AC1609/2016_EPI887544	0.014668	7.471869999999996	8.043109999999993	-0.01742808592931163	0.014515333126011545	7.472479774687208	2017-09-01	cTiterSub_x-ne_star	north	2017
2017-02-01	A/KANAGAWA/AC1613/2016_EPI887592	0.016391	7.452736999999995	8.211267999999992	-0.04557835223452622	0.015956219850558666	7.4579443665986105	2017-09-01	cTiterSub_x-ne_star	north	2017
2017-02-01	A/KANAGAWA/IC1601/2016_EPI867828	0.011803	6.096004999999989	6.893494999999996	0.0008668244460162487	0.011805470963160767	6.1037288685900934	2017-09-01	cTiterSub_x-ne_star	north	2017
2017-02-01	A/KANAGAWA/ZC1601/2016_EPI860536	0.006836	6.096004999999989	6.893494999999996	0.0008668244460162487	0.006837431119560027	6.1037288685900934	2017-09-01	cTiterSub_x-ne_star	north	2017
2017-02-01	A/KANAGAWA/ZC1602/2016_EPI860548	0.007546	6.096004999999989	6.893494999999996	0.0008668244460162487	0.007547579758367461	6.1037288685900934	2017-09-01	cTiterSub_x-ne_star	north	2017
2017-02-01	A/KAWASAKI/109/2016_EPI854236	9.300000000000001e-05	6.751810999999994	7.7173149999999815	-0.032334323920793	9.123526364578374e-05	6.771718152711814	2017-09-01	cTiterSub_x-ne_star	north	2017
2017-02-01	A/KAWASAKI/112/2016_EPI869843	0.002316	5.553090999999989	6.85525799999999	-0.018410450925336764	0.0022905817186834316	5.552608835095274	2017-09-01	cTiterSub_x-ne_star	north	2017
2017-02-01	A/Kentucky/31/2016_EPI879961	0.018002	5.270199999999989	6.522003999999995	-0.0022649603348033447	0.017972904476127326	5.26867004383082	2017-09-01	cTiterSub_x-ne_star	north	2017
2017-02-01	A/Kungalv/1/2016_EPI858651	0.003137	11.253293999999991	12.783296999999981	0.010852037783266698	0.003155985995367036	11.263783306803996	2017-09-01	cTiterSub_x-ne_star	north	2017
2017-02-01	A/Kyrgyzstan/108/2016_EPI891680	0.013344	8.01348499999999	8.59963099999999	0.0085082771114999	0.013406419885950862	8.020182337676372	2017-09-01	cTiterSub_x-ne_star	north	2017
2017-02-01	A/Laos/3158/2016_EPI870219	0.0036780000000000003	6.096004999999989	6.893494999999996	0.0008668244460162487	0.0036787699908925955	6.1037288685900934	2017-09-01	cTiterSub_x-ne_star	north	2017
2017-02-01	A/Liaoning-Xigang/1807/2016_EPI885681	0.004033	7.743731999999996	8.702056999999986	0.0059020487074066055	0.004045709992387431	7.76362673272704	2017-09-01	cTiterSub_x-ne_star	north	2017
2017-02-01	A/Lyon/1993/2016_EPI859003	0.000122	5.728124999999987	7.490605999999989	-0.02581128703370141	0.00012014125092065168	5.730576909586482	2017-09-01	cTiterSub_x-ne_star	north	2017
2017-02-01	A/Lyon/2313/2016_EPI894072	0.012020999999999999	7.727755999999996	8.717077999999985	0.0059020487074066055	0.012058884160299849	7.747600384391216	2017-09-01	cTiterSub_x-ne_star	north	2017
2017-02-01	A/MIE/27/2016_EPI854226	0.0006309999999999	8.542968999999989	9.38120199999999	0.03580179909624916	0.0006441257211805084	8.549620054571822	2017-09-01	cTiterSub_x-ne_star	north	2017
2017-02-01	A/Mato_Grosso/350652/2016_EPI861003	0.0014939999999999999	7.354927999999996	8.41035999999999	0.022331907264619047	0.0015131411373123208	7.367549619624901	2017-09-01	cTiterSub_x-ne_star	north	2017
2017-02-01	A/Michigan/82/2016_EPI881740	0.000303	37.13830799999997	38.29132499999994	0.019905918900799832	0.0003064480578890387	37.154303077104395	2017-09-01	cTiterSub_x-ne_star	north	2017
2017-02-01	A/Michigan/83/2016_EPI824775	0.00040199999999999996	37.09068499999996	38.137735999999926	0.04703173504962257	0.0004130592100099637	37.10548617795204	2017-09-01	cTiterSub_x-ne_star	north	2017
2017-02-01	A/Michigan/87/2016_EPI838251	0.000384	37.09068499999996	38.137735999999926	0.04703173504962257	0.00039456402150205494	37.10548617795204	2017-09-01	cTiterSub_x-ne_star	north	2017
2017-02-01	A/Minnesota/76/2016_EPI886885	0.006497	12.01847299999998	13.744947999999974	0.010852037783266698	0.006536321648676962	12.02770109608999	2017-09-01	cTiterSub_x-ne_star	north	2017
2017-02-01	A/Missouri/16/2016_EPI824862	8.3e-05	16.99759799999999	18.01451199999998	0.053747876866210006	8.561814345150353e-05	17.017674117776266	2017-09-01	cTiterSub_x-ne_star	north	2017
2017-02-01	A/Netherlands/3773/2016_EPI878323	0.018002	6.422324999999986	7.658108999999989	0.019805405254320528	0.018205790390896478	6.422353810000901	2017-09-01	cTiterSub_x-ne_star	north	2017
2017-02-01	A/New_Caledonia/23/2016_EPI831648	1.2e-05	8.469112999999995	9.430329999999982	-0.050918388881376016	1.164536139498092e-05	8.483615747345299	2017-09-01	cTiterSub_x-ne_star	north	2017
2017-02-01	A/New_Caledonia/49/2016_EPI831867	0.00015	9.468595999999987	10.426419999999984	-0.012682016253176411	0.00014885030436118042	9.48311945794704	2017-09-01	cTiterSub_x-ne_star	north	2017
2017-02-01	A/New_Jersey/NHRC_93408/2016_EPI897169	0.00023700000000000001	6.830962999999991	8.170806999999987	0.026063660294075593	0.0002405595393814022	6.826178656240554	2017-09-01	cTiterSub_x-ne_star	north	2017
2017-02-01	A/New_York/81/2016_EPI827370	9.8e-05	14.449128999999981	15.357445999999975	0.07585495598456034	0.000102403396799326	14.462463062586504	2017-09-01	cTiterSub_x-ne_star	north	2017
2017-02-01	A/New_York/82/2016_EPI832077	9.8e-05	14.449128999999981	15.357445999999975	0.07585495598456034	0.000102403396799326	14.462463062586504	2017-09-01	cTiterSub_x-ne_star	north	2017
2017-02-01	A/New_York/85/2016_EPI827386	0.00010400000000000001	14.449128999999981	15.357445999999975	0.07585495598456034	0.00010867299252173374	14.462463062586504	2017-09-01	cTiterSub_x-ne_star	north	2017
2017-02-01	A/New_York/91/2016_EPI843928	0.0007509999999999	14.449128999999981	15.357445999999975	0.07585495598456034	0.0007847443979212611	14.462463062586504	2017-09-01	cTiterSub_x-ne_star	north	2017
2017-02-01	A/New_York/98/2016_EPI857031	0.002316	14.449128999999981	15.357445999999975	0.07585495598456034	0.002420063948849378	14.462463062586504	2017-09-01	cTiterSub_x-ne_star	north	2017
2017-02-01	A/New_York/99/2016_EPI857023	0.002482	14.449128999999981	15.357445999999975	0.07585495598456034	0.002593522763835991	14.462463062586504	2017-09-01	cTiterSub_x-ne_star	north	2017
2017-02-01	A/New_Zealand/0829/2016_EPI841056	0.0006309999999999	18.024002999999976	18.84332999999996	0.0014863504723959912	0.0006313602262864857	18.050011726312082	2017-09-01	cTiterSub_x-ne_star	north	2017
2017-02-01	A/New_Zealand/0874/2016_EPI841086	4.2e-05	17.025277999999986	17.84334099999998	-0.06030795570986854	4.0536129318467846e-05	17.051274446764637	2017-09-01	cTiterSub_x-ne_star	north	2017
2017-02-01	A/New_Zealand/1154/2016_EPI871504	0.002236	18.020792999999976	18.83440799999996	-0.022071583081668938	0.0022067418376273476	18.0468609630894	2017-09-01	cTiterSub_x-ne_star	north	2017
2017-02-01	A/Newcastle/68/2016_EPI836903	0.00024900000000000004	6.163590999999986	7.63115599999999	0.0186612073381752	0.0002516507671440379	6.167124264297132	2017-09-01	cTiterSub_x-ne_star	north	2017
2017-02-01	A/Niger/3990/2016_EPI859033	0.000194	6.096004999999989	6.893494999999996	0.0008668244460162487	0.0001940406139840031	6.1037288685900934	2017-09-01	cTiterSub_x-ne_star	north	2017
2017-02-01	A/North_Carolina/51/2016_EPI861830	0.000927	6.958827999999988	8.528932999999991	0.012425085594498198	0.0009334666280738558	6.962512929420133	2017-09-01	cTiterSub_x-ne_star	north	2017
2017-02-01	A/North_Carolina/54/2016_EPI857398	0.002236	5.957198999999988	7.518959999999988	-0.005881977493405355	0.002227680885513996	5.960918095139123	2017-09-01	cTiterSub_x-ne_star	north	2017
2017-02-01	A/Norway/3798/2016_EPI829339	1.4000000000000001e-05	17.025277999999986	17.84334099999998	-0.06030795570986854	1.351204310615595e-05	17.051274446764637	2017-09-01	cTiterSub_x-ne_star	north	2017
2017-02-01	A/Norway/3806/2016_EPI829341	1.8e-05	6.830962999999991	8.170806999999987	0.026063660294075593	1.8270344763144472e-05	6.826178656240554	2017-09-01	cTiterSub_x-ne_star	north	2017
2017-02-01	A/Norway/3806/2016_EPI829343	1.8e-05	6.830962999999991	8.170806999999987	0.026063660294075593	1.8270344763144472e-05	6.826178656240554	2017-09-01	cTiterSub_x-ne_star	north	2017
2017-02-01	A/Norway/3813/2016_EPI829347	2.2e-05	6.830962999999991	8.170806999999987	0.026063660294075593	2.2330421377176575e-05	6.826178656240554	2017-09-01	cTiterSub_x-ne_star	north	2017
2017-02-01	A/Norway/4097/2016_EPI867128	0.000817	5.270199999999989	6.522003999999995	-0.0022649603348033447	0.0008156795332183105	5.26867004383082	2017-09-01	cTiterSub_x-ne_star	north	2017
2017-02-01	A/Norway/4105/2016_EPI867130	0.0005780000000000001	6.586603999999991	7.363232999999985	-0.04557835223452622	0.0005626682370583192	6.589993423191618	2017-09-01	cTiterSub_x-ne_star	north	2017
2017-02-01	A/Norway/4238/2016_EPI867134	0.0045439999999999	9.765190999999989	11.365599999999974	0.03016883518059518	0.004623305149013486	9.76289454054293	2017-09-01	cTiterSub_x-ne_star	north	2017
2017-02-01	A/Norway/4289/2016_EPI867140	0.006331	6.096004999999989	6.893494999999996	0.0008668244460162487	0.00633232539759136	6.1037288685900934	2017-09-01	cTiterSub_x-ne_star	north	2017
2017-02-01	A/Norway/4293/2016_EPI860229	0.006007	6.751810999999994	7.7173149999999815	-0.032334323920793	0.005893013212045408	6.771718152711814	2017-09-01	cTiterSub_x-ne_star	north	2017
2017-02-01	A/Norway/4693/2016_EPI887415	0.012459999999999999	6.751810999999994	7.7173149999999815	-0.032334323920793	0.012223563279854464	6.771718152711814	2017-09-01	cTiterSub_x-ne_star	north	2017
2017-02-01	A/OSAKA-C/2011/2016_EPI873114	0.002569	5.898747999999986	7.212713999999993	-0.017154255237635363	0.002542667559391535	5.901679321444833	2017-09-01	cTiterSub_x-ne_star	north	2017
2017-02-01	A/Oman/5191/2016_EPI832493	1.3000000000000001e-05	8.601692999999985	9.376774999999984	0.005276877248363787	1.3036214519702285e-05	8.61159412902438	2017-09-01	cTiterSub_x-ne_star	north	2017
2017-02-01	A/Oman/5191/2016_EPI886949	1.3000000000000001e-05	8.601692999999985	9.376774999999984	0.005276877248363787	1.3036214519702285e-05	8.61159412902438	2017-09-01	cTiterSub_x-ne_star	north	2017
2017-02-01	A/Oman/5217/2016_EPI832501	1.9e-05	6.068992999999986	7.40391899999999	0.015538574661728257	1.9167321593515426e-05	6.067663263656701	2017-09-01	cTiterSub_x-ne_star	north	2017
2017-02-01	A/Oman/5449/2016_EPI832054	5.600000000000001e-05	6.962038999999988	8.29022499999999	0.04907410958859978	5.7609180321896226e-05	6.96574975448193	2017-09-01	cTiterSub_x-ne_star	north	2017
2017-02-01	A/Oman/5466/2016_EPI832509	7.099999999999999e-05	6.058782999999984	7.398003999999991	-0.008067537447604427	7.06457177032398e-05	6.0574249283971415	2017-09-01	cTiterSub_x-ne_star	north	2017
2017-02-01	A/Oman/5474/2016_EPI832046	7.5e-05	5.069043999999989	6.419755999999987	-0.008067537447604427	7.462575813722516e-05	5.067701598299889	2017-09-01	cTiterSub_x-ne_star	north	2017
2017-02-01	A/Oman/5477/2016_EPI832061	7.5e-05	5.270199999999989	6.522003999999995	-0.0022649603348033447	7.487878211918394e-05	5.26867004383082	2017-09-01	cTiterSub_x-ne_star	north	2017
2017-02-01	A/Oman/5480/2016_EPI832069	7.900000000000001e-05	4.962945999999993	6.528954999999992	-0.02581128703370141	7.779638379288102e-05	4.966659120300493	2017-09-01	cTiterSub_x-ne_star	north	2017
2017-02-01	A/Ontario/RV3123/2016_EPI868173	0.001939	11.976640999999985	13.719539999999974	0.010852037783266698	0.0019507353665976033	11.98690056746363	2017-09-01	cTiterSub_x-ne_star	north	2017
2017-02-01	A/Orebro/1/2016_EPI833740	0.000719	4.962945999999993	6.528954999999992	-0.02581128703370141	0.000708045568950398	4.966659120300493	2017-09-01	cTiterSub_x-ne_star	north	2017
2017-02-01	A/Orebro/2/2016_EPI836433	0.001091	7.828767999999995	9.170641999999988	0.0643000329222752	0.0011323631591679828	7.823913929922209	2017-09-01	cTiterSub_x-ne_star	north	2017
2017-02-01	A/Pennsylvania/86/2016_EPI861910	0.001802	12.089071999999982	13.754967999999973	0.013226557371050862	0.0018154190668910328	12.099491008389199	2017-09-01	cTiterSub_x-ne_star	north	2017
2017-02-01	A/Perth/75/2016_EPI836687	4.8e-05	4.962945999999993	6.528954999999992	-0.02581128703370141	4.726868888681377e-05	4.966659120300493	2017-09-01	cTiterSub_x-ne_star	north	2017
2017-02-01	A/Peru/0216/2016_EPI827166	1.9e-05	6.742981999999985	7.794163999999986	-0.03544992997556394	1.8605617184181118e-05	6.7571811269910755	2017-09-01	cTiterSub_x-ne_star	north	2017
2017-02-01	A/Peru/0216/2016_EPI868206	1.9e-05	6.742981999999985	7.794163999999986	-0.03544992997556394	1.8605617184181118e-05	6.7571811269910755	2017-09-01	cTiterSub_x-ne_star	north	2017
2017-02-01	A/Peru/1216/2016_EPI861950	0.000288	6.742981999999985	7.794163999999986	-0.03544992997556394	0.000282021986791798	6.7571811269910755	2017-09-01	cTiterSub_x-ne_star	north	2017
2017-02-01	A/Peru/1416/2016_EPI827182	6.7e-05	6.742981999999985	7.794163999999986	-0.03544992997556394	6.560928164948078e-05	6.7571811269910755	2017-09-01	cTiterSub_x-ne_star	north	2017
2017-02-01	A/Peru/1416/2016_EPI868214	6.7e-05	6.742981999999985	7.794163999999986	-0.03544992997556394	6.560928164948078e-05	6.7571811269910755	2017-09-01	cTiterSub_x-ne_star	north	2017
2017-02-01	A/Peru/2716/2016_EPI861989	0.0018690000000000002	6.742981999999985	7.794163999999986	-0.03544992997556394	0.0018302051851176058	6.7571811269910755	2017-09-01	cTiterSub_x-ne_star	north	2017
2017-02-01	A/Peru/3216/2016_EPI861997	0.002236	6.742981999999985	7.794163999999986	-0.03544992997556394	0.002189587369675209	6.7571811269910755	2017-09-01	cTiterSub_x-ne_star	north	2017
2017-02-01	A/Peru/3916/2016_EPI827174	2.6000000000000002e-05	6.742981999999985	7.794163999999986	-0.03544992997556394	2.5460318252037317e-05	6.7571811269910755	2017-09-01	cTiterSub_x-ne_star	north	2017
2017-02-01	A/Peru/3916/2016_EPI868222	2.6000000000000002e-05	6.742981999999985	7.794163999999986	-0.03544992997556394	2.5460318252037317e-05	6.7571811269910755	2017-09-01	cTiterSub_x-ne_star	north	2017
2017-02-01	A/Peru/61016/2016_EPI861981	0.001802	9.140254999999994	10.30548799999999	0.08009860687584315	0.0018876355751567156	9.15246957315664	2017-09-01	cTiterSub_x-ne_star	north	2017
2017-02-01	A/Peru/65116/2016_EPI861958	0.000462	7.155759999999983	8.306529999999984	-0.03544992997556394	0.00045241027047850926	7.168644362523985	2017-09-01	cTiterSub_x-ne_star	north	2017
2017-02-01	A/Peru/65116/2016_EPI886968	0.000462	7.155759999999983	8.306529999999984	-0.03544992997556394	0.00045241027047850926	7.168644362523985	2017-09-01	cTiterSub_x-ne_star	north	2017
2017-02-01	A/Peru/81016/2016_EPI827190	0.00015	6.742981999999985	7.794163999999986	-0.03544992997556394	0.00014688645145406143	6.7571811269910755	2017-09-01	cTiterSub_x-ne_star	north	2017
2017-02-01	A/Peru/81016/2016_EPI868230	0.00015	6.742981999999985	7.794163999999986	-0.03544992997556394	0.00014688645145406143	6.7571811269910755	2017-09-01	cTiterSub_x-ne_star	north	2017
2017-02-01	A/Peru/8116/2016_EPI861966	0.0006309999999999	6.742981999999985	7.794163999999986	-0.03544992997556394	0.0006179023391166538	6.7571811269910755	2017-09-01	cTiterSub_x-ne_star	north	2017
2017-02-01	A/Peru/8316/2016_EPI861973	0.0006309999999999	6.742981999999985	7.794163999999986	-0.03544992997556394	0.0006179023391166538	6.7571811269910755	2017-09-01	cTiterSub_x-ne_star	north	2017
2017-02-01	A/Peru/8316/2016_EPI870204	0.0006309999999999	6.742981999999985	7.794163999999986	-0.03544992997556394	0.0006179023391166538	6.7571811269910755	2017-09-01	cTiterSub_x-ne_star	north	2017
2017-02-01	A/Picardie/2850/2016_EPI861400	0.004815	8.670286999999991	9.59243199999998	0.04413842133560622	0.004939119807102663	8.688660389419502	2017-09-01	cTiterSub_x-ne_star	north	2017
2017-02-01	A/Puerto_Rico/08/2016_EPI832357	8.8e-05	17.025277999999986	17.84334099999998	-0.06030795570986854	8.493284238155169e-05	17.051274446764637	2017-09-01	cTiterSub_x-ne_star	north	2017
2017-02-01	A/Romania/3570-3553/2016_EPI858863	0.007187000000000001	4.962945999999993	6.528954999999992	-0.02581128703370141	0.007077501396448555	4.966659120300493	2017-09-01	cTiterSub_x-ne_star	north	2017
2017-02-01	A/Roraima/141969-IEC/2016_EPI829942	2.2e-05	16.309742999999976	17.35591399999998	-0.06569903538757348	2.1166541355018187e-05	16.334203369239273	2017-09-01	cTiterSub_x-ne_star	north	2017
2017-02-01	A/SAITAMA/112/2016_EPI867810	0.007011	7.816927999999995	9.170795999999987	0.0643000329222752	0.007276808532471794	7.811625039175602	2017-09-01	cTiterSub_x-ne_star	north	2017
2017-02-01	A/SAITAMA/96/2016_EPI858868	0.0013830000000000001	5.270199999999989	6.522003999999995	-0.0022649603348033447	0.001380764742277752	5.26867004383082	2017-09-01	cTiterSub_x-ne_star	north	2017
2017-02-01	A/SAPPORO/89/2016_EPI854220	1e-05	5.069043999999989	6.419755999999987	-0.008067537447604427	9.950101084963355e-06	5.067701598299889	2017-09-01	cTiterSub_x-ne_star	north	2017
2017-02-01	A/SAPPORO/91/2016_EPI873178	0.006836	6.951030999999987	8.602776999999989	0.021071864317776294	0.006918495737560723	6.955073780771159	2017-09-01	cTiterSub_x-ne_star	north	2017
2017-02-01	A/SHIMANE/50/2016_EPI854224	0.000384	6.268491999999984	7.521992999999985	0.1225098980491257	0.00041232436806194766	6.266911928466624	2017-09-01	cTiterSub_x-ne_star	north	2017
2017-02-01	A/Sao_Paulo/348596/2016_EPI861001	0.001091	6.161906999999987	7.63119199999999	0.0186612073381752	0.0011026144054383346	6.165422337020543	2017-09-01	cTiterSub_x-ne_star	north	2017
2017-02-01	A/Saudi_Arabia/191972/2016_EPI867184	0.001552	5.164101999999989	6.631202999999993	-0.019575165290024406	0.001533924150676633	5.167627565831422	2017-09-01	cTiterSub_x-ne_star	north	2017
2017-02-01	A/Saudi_Arabia/192152/2016_EPI867196	0.0016120000000000002	8.01348499999999	8.59963099999999	0.0085082771114999	0.0016195405317860306	8.020182337676372	2017-09-01	cTiterSub_x-ne_star	north	2017
2017-02-01	A/Saudi_Arabia/192485/2016_EPI867218	0.001673	6.096004999999989	6.893494999999996	0.0008668244460162487	0.0016733502432744187	6.1037288685900934	2017-09-01	cTiterSub_x-ne_star	north	2017
2017-02-01	A/Saudi_Arabia/192743/2016_EPI867232	0.001802	6.586603999999991	7.363232999999985	-0.04557835223452622	0.0017542009743582887	6.589993423191618	2017-09-01	cTiterSub_x-ne_star	north	2017
2017-02-01	A/Saudi_Arabia/192868/2016_EPI867242	0.001737	7.604235999999992	9.071422999999987	0.028968930828219656	0.0017660787812318782	7.596890467537697	2017-09-01	cTiterSub_x-ne_star	north	2017
2017-02-01	A/Saudi_Arabia/193221/2016_EPI867254	0.0020829999999999998	10.508881999999995	11.41449799999998	0.0597023495319997	0.0021561823206233148	10.518259847761481	2017-09-01	cTiterSub_x-ne_star	north	2017
2017-02-01	A/Saudi_Arabia/193327/2016_EPI867272	0.0020829999999999998	5.898747999999986	7.212713999999993	-0.017154255237635363	0.0020616490954505906	5.901679321444833	2017-09-01	cTiterSub_x-ne_star	north	2017
2017-02-01	A/Saudi_Arabia/193356/2016_EPI867276	0.0020829999999999998	7.220626999999999	8.065303999999985	0.08318222439192846	0.0021859178465963246	7.228785853394138	2017-09-01	cTiterSub_x-ne_star	north	2017
2017-02-01	A/Scotland/63440574/2016_EPI831429	0.000817	12.248330999999983	13.780777999999973	-0.0024666386111319508	0.0008155835777047901	12.258842931964635	2017-09-01	cTiterSub_x-ne_star	north	2017
2017-02-01	A/Scotland/63440575/2016_EPI831997	0.000817	14.22607799999998	15.760736999999981	-0.0024666386111319508	0.0008155835777047901	14.23640478316422	2017-09-01	cTiterSub_x-ne_star	north	2017
2017-02-01	A/Scotland/63440575/2016_EPI859063	0.000817	12.248330999999983	13.780777999999973	-0.0024666386111319508	0.0008155835777047901	12.258842931964635	2017-09-01	cTiterSub_x-ne_star	north	2017
2017-02-01	A/Scotland/63440576/2016_EPI831430	0.000817	6.058782999999984	7.398003999999991	-0.008067537447604427	0.000812923258641506	6.0574249283971415	2017-09-01	cTiterSub_x-ne_star	north	2017
2017-02-01	A/Scotland/63440579/2016_EPI859067	0.000817	6.058782999999984	7.398003999999991	-0.008067537447604427	0.000812923258641506	6.0574249283971415	2017-09-01	cTiterSub_x-ne_star	north	2017
2017-02-01	A/Scotland/63440581/2016_EPI831434	0.000817	7.0571359999999865	8.397992999999989	0.03016883518059518	0.0008312588703222053	7.055762410656498	2017-09-01	cTiterSub_x-ne_star	north	2017
2017-02-01	A/Scotland/63440582/2016_EPI831435	0.000817	6.058782999999984	7.398003999999991	-0.008067537447604427	0.000812923258641506	6.0574249283971415	2017-09-01	cTiterSub_x-ne_star	north	2017
2017-02-01	A/Scotland/63440582/2016_EPI859069	0.000817	6.058782999999984	7.398003999999991	-0.008067537447604427	0.000812923258641506	6.0574249283971415	2017-09-01	cTiterSub_x-ne_star	north	2017
2017-02-01	A/Scotland/63440583/2016_EPI831436	0.000817	7.0571359999999865	8.397992999999989	0.03016883518059518	0.0008312588703222053	7.055762410656498	2017-09-01	cTiterSub_x-ne_star	north	2017
2017-02-01	A/Seoul/A02035/2016_EPI1536808	0.016391	5.270199999999989	6.522003999999995	-0.0022649603348033447	0.01636450823620725	5.26867004383082	2017-09-01	cTiterSub_x-ne_star	north	2017
2017-02-01	A/Shaanxi-Hanbin/11182/2016_EPI885588	0.015105	7.516989999999993	8.678965999999987	-0.032334323920793	0.014818372659887776	7.535635941997799	2017-09-01	cTiterSub_x-ne_star	north	2017
2017-02-01	A/Shanghai-Pudongxin/11154/2016_EPI829528	0.000204	7.153974999999994	8.241434999999985	-0.032334323920793	0.00020012896541655786	7.172674032432419	2017-09-01	cTiterSub_x-ne_star	north	2017
2017-02-01	A/Sichuan-Jiangyang/11668/2016_EPI885624	0.014228	6.751810999999994	7.7173149999999815	-0.032334323920793	0.013958014313464632	6.771718152711814	2017-09-01	cTiterSub_x-ne_star	north	2017
2017-02-01	A/Sichuan-Wuhou/2202/2016_EPI885807	0.006331	7.718527999999995	8.717303999999984	0.0059020487074066055	0.006350952135334694	7.735690916890617	2017-09-01	cTiterSub_x-ne_star	north	2017
2017-02-01	A/Singapore/ED0056/2016_EPI866367	0.000384	5.898747999999986	7.212713999999993	-0.017154255237635363	0.00038006397150889437	5.901679321444833	2017-09-01	cTiterSub_x-ne_star	north	2017
2017-02-01	A/Singapore/GP1388/2016_EPI864940	5.3e-05	8.495540999999996	9.492719999999984	-0.012682016253176411	5.2593774207617086e-05	8.510498608334643	2017-09-01	cTiterSub_x-ne_star	north	2017
2017-02-01	A/Singapore/GP1489/2016_EPI864948	9.300000000000001e-05	5.898747999999986	7.212713999999993	-0.017154255237635363	9.204674309981036e-05	5.901679321444833	2017-09-01	cTiterSub_x-ne_star	north	2017
2017-02-01	A/Singapore/GP2113/2016_EPI866327	0.000529	5.898747999999986	7.212713999999993	-0.017154255237635363	0.0005235777107505341	5.901679321444833	2017-09-01	cTiterSub_x-ne_star	north	2017
2017-02-01	A/Singapore/GP2196/2016_EPI866391	0.0006309999999999	6.955875999999988	8.503486999999991	0.03235439513479425	0.0006428316951721225	6.959585558375637	2017-09-01	cTiterSub_x-ne_star	north	2017
2017-02-01	A/Singapore/GP2229/2016_EPI866399	0.0007509999999999	7.604235999999992	9.071422999999987	0.028968930828219656	0.0007635723458289947	7.596890467537697	2017-09-01	cTiterSub_x-ne_star	north	2017
2017-02-01	A/Singapore/GP2440/2016_EPI866455	0.0028420000000000003	8.257904999999994	9.725364999999991	0.04689238241554499	0.0029199473939462224	8.255256615006278	2017-09-01	cTiterSub_x-ne_star	north	2017
2017-02-01	A/Singapore/GP2545/2016_EPI873880	0.007915	6.365179999999991	7.410901999999993	0.1007073674513957	0.008391416503666881	6.365380394322889	2017-09-01	cTiterSub_x-ne_star	north	2017
2017-02-01	A/Singapore/GP2573/2016_EPI874064	0.010514	5.164101999999989	6.631202999999993	-0.019575165290024406	0.010391545438282294	5.167627565831422	2017-09-01	cTiterSub_x-ne_star	north	2017
2017-02-01	A/Singapore/GP2601/2016_EPI874120	0.012020999999999999	8.550358999999998	10.03690999999999	0.06720530345641926	0.012497915806592869	8.540892522120007	2017-09-01	cTiterSub_x-ne_star	north	2017
2017-02-01	A/Singapore/GP2605/2016_EPI874104	0.012240000000000001	6.139608999999987	7.62719599999999	0.0285468510684062	0.012441843750737033	6.142743878329946	2017-09-01	cTiterSub_x-ne_star	north	2017
2017-02-01	A/Singapore/GP2636/2016_EPI874112	0.014887000000000001	8.550358999999998	10.03690999999999	0.06720530345641926	0.015477620215684891	8.540892522120007	2017-09-01	cTiterSub_x-ne_star	north	2017
2017-02-01	A/Singapore/INFGP-16-1220/2016_EPI780928	1.4000000000000001e-05	6.26222699999999	7.3844309999999895	-0.018410450925336764	1.3846348903958572e-05	6.261643693072891	2017-09-01	cTiterSub_x-ne_star	north	2017
2017-02-01	A/Singapore/INFGP-16-1252/2016_EPI780222	2.3e-05	5.164101999999989	6.631202999999993	-0.019575165290024406	2.2732123366986184e-05	5.167627565831422	2017-09-01	cTiterSub_x-ne_star	north	2017
2017-02-01	A/Singapore/INFIMH-16-0019/2016_EPI868856	1.9e-05	8.96445799999999	10.201853999999985	0.004675692600603919	1.9046248393336848e-05	8.963273923119099	2017-09-01	cTiterSub_x-ne_star	north	2017
2017-02-01	A/Singapore/INFMOH-16-0087/2016_EPI780238	5e-05	5.164101999999989	6.631202999999993	-0.019575165290024406	4.941765949344823e-05	5.167627565831422	2017-09-01	cTiterSub_x-ne_star	north	2017
2017-02-01	A/Singapore/INFNUH-16-0016/2016_EPI780214	4.8e-05	5.9590969999999865	7.518771999999989	-0.01244722808770223	4.7638621523118725e-05	5.962786290788572	2017-09-01	cTiterSub_x-ne_star	north	2017
2017-02-01	A/Singapore/INFTT-16-0648/2016_EPI780220	2.2e-05	5.898747999999986	7.212713999999993	-0.017154255237635363	2.177449836769707e-05	5.901679321444833	2017-09-01	cTiterSub_x-ne_star	north	2017
2017-02-01	A/Singapore/INFTT-16-0736/2016_EPI780226	5e-05	5.898747999999986	7.212713999999993	-0.017154255237635363	4.948749629022062e-05	5.901679321444833	2017-09-01	cTiterSub_x-ne_star	north	2017
2017-02-01	A/Singapore/KK0871/2016_EPI866407	0.000275	5.164101999999989	6.631202999999993	-0.019575165290024406	0.0002717971272139653	5.167627565831422	2017-09-01	cTiterSub_x-ne_star	north	2017
2017-02-01	A/Singapore/KK0961/2016_EPI866415	0.0005780000000000001	6.897578999999986	8.21270299999999	0.02108211739056424	0.0005849787088330121	6.900509364027161	2017-09-01	cTiterSub_x-ne_star	north	2017
2017-02-01	A/Singapore/KK1005/2016_EPI866463	0.001279	6.939849999999989	8.304895999999985	-0.019575165290024406	0.0012641037298424056	6.944565848482227	2017-09-01	cTiterSub_x-ne_star	north	2017
2017-02-01	A/Singapore/MOH0104/2016_EPI866503	0.00044100000000000004	5.164101999999989	6.631202999999993	-0.019575165290024406	0.0004358637567322134	5.167627565831422	2017-09-01	cTiterSub_x-ne_star	north	2017
2017-02-01	A/Singapore/MOH0133/2016_EPI873864	0.006665000000000001	6.939849999999989	8.304895999999985	-0.019575165290024406	0.00658737401047665	6.944565848482227	2017-09-01	cTiterSub_x-ne_star	north	2017
2017-02-01	A/Singapore/MOH0135/2016_EPI873872	0.006665000000000001	6.939849999999989	8.304895999999985	-0.019575165290024406	0.00658737401047665	6.944565848482227	2017-09-01	cTiterSub_x-ne_star	north	2017
2017-02-01	A/Singapore/SGH0423/2016_EPI865068	0.00015800000000000002	5.9590969999999865	7.518771999999989	-0.01244722808770223	0.00015681046251359915	5.962786290788572	2017-09-01	cTiterSub_x-ne_star	north	2017
2017-02-01	A/Singapore/SGH0443/2016_EPI865993	0.000204	7.586032999999996	8.359891999999991	-0.04557835223452622	0.00019858878954999497	7.5894473953081505	2017-09-01	cTiterSub_x-ne_star	north	2017
2017-02-01	A/Singapore/SGH0723/2016_EPI866285	0.002159	5.898747999999986	7.212713999999993	-0.017154255237635363	0.0021368700898117257	5.901679321444833	2017-09-01	cTiterSub_x-ne_star	north	2017
2017-02-01	A/Singapore/SGH0759/2016_EPI873976	0.004815	8.560241999999992	9.36235499999999	-0.04560469580282702	0.004687207488802061	8.564234737772733	2017-09-01	cTiterSub_x-ne_star	north	2017
2017-02-01	A/Singapore/TT0922/2016_EPI865158	0.000109	5.898747999999986	7.212713999999993	-0.017154255237635363	0.00010788274191268094	5.901679321444833	2017-09-01	cTiterSub_x-ne_star	north	2017
2017-02-01	A/Singapore/TT1150/2016_EPI866181	0.000604	6.868191999999987	8.41090099999999	0.04924539580647857	0.0006214182463066628	6.866582241522407	2017-09-01	cTiterSub_x-ne_star	north	2017
2017-02-01	A/Singapore/TT1312/2016_EPI866359	0.003793	5.164101999999989	6.631202999999993	-0.019575165290024406	0.003748823649172983	5.167627565831422	2017-09-01	cTiterSub_x-ne_star	north	2017
2017-02-01	A/Singapore/TT1329/2016_EPI873968	0.006836	5.164101999999989	6.631202999999993	-0.019575165290024406	0.006756382405944242	5.167627565831422	2017-09-01	cTiterSub_x-ne_star	north	2017
2017-02-01	A/Singapore/TT1370/2016_EPI874024	0.014006999999999999	7.866994999999989	8.639754999999992	0.0008668244460162487	0.01400993237151511	7.876529896490401	2017-09-01	cTiterSub_x-ne_star	north	2017
2017-02-01	A/Singapore/TT1374/2016_EPI874032	0.014006999999999999	7.866994999999989	8.639754999999992	0.0008668244460162487	0.01400993237151511	7.876529896490401	2017-09-01	cTiterSub_x-ne_star	north	2017
2017-02-01	A/South-Africa/R5036/2016_EPI859053	0.000143	6.830962999999991	8.170806999999987	0.026063660294075593	0.00014514773895164774	6.826178656240554	2017-09-01	cTiterSub_x-ne_star	north	2017
2017-02-01	A/South-Africa/VW0048/2016_EPI829355	5e-05	7.49565999999999	8.492730999999988	-0.050918388881376016	4.852233914575384e-05	7.510603795883059	2017-09-01	cTiterSub_x-ne_star	north	2017
2017-02-01	A/South-Africa/VW0073/2016_EPI829365	0.00015800000000000002	9.731186999999988	10.729328999999991	0.08052492683434907	0.00016554972253001723	9.745055870844654	2017-09-01	cTiterSub_x-ne_star	north	2017
2017-02-01	A/South-Africa/VW0105/2016_EPI859059	0.000384	8.494822999999995	9.371330999999982	0.04784750880877785	0.0003947518265858396	8.509756683049565	2017-09-01	cTiterSub_x-ne_star	north	2017
2017-02-01	A/South_Africa/3680/2016_EPI813905	1.8e-05	7.048903999999987	8.399714999999988	-0.008067537447604427	1.7910181952934036e-05	7.04736463255464	2017-09-01	cTiterSub_x-ne_star	north	2017
2017-02-01	A/South_Africa/4989/2016_EPI827284	0.000135	6.830962999999991	8.170806999999987	0.026063660294075593	0.0001370275857235835	6.826178656240554	2017-09-01	cTiterSub_x-ne_star	north	2017
2017-02-01	A/South_Africa/4993/2016_EPI827300	0.000135	6.830962999999991	8.170806999999987	0.026063660294075593	0.0001370275857235835	6.826178656240554	2017-09-01	cTiterSub_x-ne_star	north	2017
2017-02-01	A/South_Africa/5000/2016_EPI858396	0.000135	6.830962999999991	8.170806999999987	0.026063660294075593	0.0001370275857235835	6.826178656240554	2017-09-01	cTiterSub_x-ne_star	north	2017
2017-02-01	A/South_Africa/R4203/2016_EPI836885	4.2e-05	5.069043999999989	6.419755999999987	-0.008067537447604427	4.1790424556846085e-05	5.067701598299889	2017-09-01	cTiterSub_x-ne_star	north	2017
2017-02-01	A/South_Africa/R4336/2016_EPI836873	5e-05	6.951005999999986	8.399714999999988	0.03016883518059518	5.0872635882631906e-05	6.948873883545141	2017-09-01	cTiterSub_x-ne_star	north	2017
2017-02-01	A/South_Africa/VW0036/2016_EPI824100	1e-05	6.049176999999984	7.3997259999999905	-0.008067537447604427	9.950101084963355e-06	6.047631467313676	2017-09-01	cTiterSub_x-ne_star	north	2017
2017-02-01	A/South_Africa/Vw0044/2016_EPI836879	2.9999999999999997e-05	7.49565999999999	8.492730999999988	-0.050918388881376016	2.91134034874523e-05	7.510603795883059	2017-09-01	cTiterSub_x-ne_star	north	2017
2017-02-01	A/South_Auckland/83/2016_EPI893131	0.0013830000000000001	17.949772999999976	18.82264299999996	-0.03670540212413149	0.0013533016171114287	17.97390201272875	2017-09-01	cTiterSub_x-ne_star	north	2017
2017-02-01	A/South_Australia/1009/2016_EPI892924	0.003912	5.164101999999989	6.631202999999993	-0.019575165290024406	0.003866437678767389	5.167627565831422	2017-09-01	cTiterSub_x-ne_star	north	2017
2017-02-01	A/South_Australia/114/2016_EPI869550	0.0018690000000000002	11.253293999999991	12.783296999999981	0.010852037783266698	0.0018803117071536468	11.263783306803996	2017-09-01	cTiterSub_x-ne_star	north	2017
2017-02-01	A/South_Australia/136/2016_EPI892921	0.006665000000000001	17.949772999999976	18.82264299999996	-0.03670540212413149	0.0065218765567951345	17.97390201272875	2017-09-01	cTiterSub_x-ne_star	north	2017
2017-02-01	A/South_Australia/142/2016_EPI892963	0.010095	10.303594999999987	11.783429999999989	0.010852037783266698	0.010156097744096341	10.314342522673824	2017-09-01	cTiterSub_x-ne_star	north	2017
2017-02-01	A/South_Australia/148/2016_EPI892981	0.009681	10.303594999999987	11.783429999999989	0.010852037783266698	0.009739592101099226	10.314342522673824	2017-09-01	cTiterSub_x-ne_star	north	2017
2017-02-01	A/South_Australia/37/2016_EPI831504	4.5e-05	4.962945999999993	6.528954999999992	-0.02581128703370141	4.4314395831387913e-05	4.966659120300493	2017-09-01	cTiterSub_x-ne_star	north	2017
2017-02-01	A/South_Australia/42/2016_EPI831507	4.8e-05	6.0689349999999855	7.4001399999999915	-0.008067537447604427	4.77604852078241e-05	6.067606077329474	2017-09-01	cTiterSub_x-ne_star	north	2017
2017-02-01	A/Sri_Lanka/21/2016_EPI836843	0.000215	4.962945999999993	6.528954999999992	-0.02581128703370141	0.00021172433563885335	4.966659120300493	2017-09-01	cTiterSub_x-ne_star	north	2017
2017-02-01	A/Stockholm/30/2016_EPI832007	0.000135	6.056084999999985	7.41974499999999	-0.008067537447604427	0.00013432636464700526	6.05449234842965	2017-09-01	cTiterSub_x-ne_star	north	2017
2017-02-01	A/Stockholm/31/2016_EPI832015	0.00015800000000000002	4.962945999999993	6.528954999999992	-0.02581128703370141	0.00015559276758576204	4.966659120300493	2017-09-01	cTiterSub_x-ne_star	north	2017
2017-02-01	A/Stockholm/32/2016_EPI836441	0.000184	8.828398999999983	10.170741999999992	0.1025364055504748	0.00019528349860744134	8.82350988667096	2017-09-01	cTiterSub_x-ne_star	north	2017
2017-02-01	A/Sydney/124/2016_EPI831747	0.000109	4.962945999999993	6.528954999999992	-0.02581128703370141	0.00010733931434713961	4.966659120300493	2017-09-01	cTiterSub_x-ne_star	north	2017
2017-02-01	A/Sydney/142/2016_EPI858134	5e-05	21.009627999999992	21.82337299999997	-0.016454305712391065	4.9507706353091576e-05	21.036617574074743	2017-09-01	cTiterSub_x-ne_star	north	2017
2017-02-01	A/Sydney/188/2016_EPI860051	0.000175	4.962945999999993	6.528954999999992	-0.02581128703370141	0.00017233376156650855	4.966659120300493	2017-09-01	cTiterSub_x-ne_star	north	2017
2017-02-01	A/Sydney/95/2016_EPI831612	2.3e-05	4.962945999999993	6.528954999999992	-0.02581128703370141	2.2649580091598268e-05	4.966659120300493	2017-09-01	cTiterSub_x-ne_star	north	2017
2017-02-01	A/TOCHIGI/16153/2016_EPI840963	2.2e-05	6.812822999999988	8.501155999999991	0.012425085594498198	2.2153469058926462e-05	6.816476833634552	2017-09-01	cTiterSub_x-ne_star	north	2017
2017-02-01	A/Tanzania/2176/2016_EPI841135	1.4000000000000001e-05	6.062536999999986	7.41974499999999	-0.008067537447604427	1.3930141518948697e-05	6.061076078152491	2017-09-01	cTiterSub_x-ne_star	north	2017
2017-02-01	A/Tasmania/187/2016_EPI892912	0.005848	5.164101999999989	6.631202999999993	-0.019575165290024406	0.005779889454353704	5.167627565831422	2017-09-01	cTiterSub_x-ne_star	north	2017
2017-02-01	A/Temuco/50233/2016_EPI827198	0.00010400000000000001	8.510092999999996	9.492719999999984	-0.012682016253176411	0.00010320287769041845	8.525367629216289	2017-09-01	cTiterSub_x-ne_star	north	2017
2017-02-01	A/Texas/175/2016_EPI868242	3.2e-05	16.99759799999999	18.01451199999998	0.053747876866210006	3.300940470419413e-05	17.017674117776266	2017-09-01	cTiterSub_x-ne_star	north	2017
2017-02-01	A/Texas/178/2016_EPI832341	0.000317	18.024374999999974	18.84320799999996	-0.022071583081668938	0.0003128520404865247	18.050388164523657	2017-09-01	cTiterSub_x-ne_star	north	2017
2017-02-01	A/Texas/180/2016_EPI836594	0.000927	12.249196999999983	13.783285999999972	0.010852037783266698	0.0009326104614935421	12.259676006437784	2017-09-01	cTiterSub_x-ne_star	north	2017
2017-02-01	A/Texas/182/2016_EPI861814	0.001048	10.303594999999987	11.783429999999989	0.010852037783266698	0.0010543427871038105	10.314342522673824	2017-09-01	cTiterSub_x-ne_star	north	2017
2017-02-01	A/Texas/185/2016_EPI861774	0.001091	12.249196999999983	13.783285999999972	0.010852037783266698	0.0010976030350479554	12.259676006437784	2017-09-01	cTiterSub_x-ne_star	north	2017
2017-02-01	A/Tianjin-Nankai/1774/2016_EPI885825	0.0007509999999999	7.570541999999995	8.23702199999999	0.01230123248588755	0.0007561842410968771	7.591113907120368	2017-09-01	cTiterSub_x-ne_star	north	2017
2017-02-01	A/Tianjin-Nankai/1973/2016_EPI885840	0.006497	8.68182599999999	9.702561999999977	-0.005907300325073815	0.006472732075608944	8.702200504163232	2017-09-01	cTiterSub_x-ne_star	north	2017
2017-02-01	A/Trinidad/8501/2016_EPI871696	0.010304	5.270199999999989	6.522003999999995	-0.0022649603348033447	0.010287346279414286	5.26867004383082	2017-09-01	cTiterSub_x-ne_star	north	2017
2017-02-01	A/Uppsala/9/2016_EPI867302	0.005848	6.830962999999991	8.170806999999987	0.026063660294075593	0.005935832009714936	6.826178656240554	2017-09-01	cTiterSub_x-ne_star	north	2017
2017-02-01	A/Utah/45/2016_EPI862417	0.006665000000000001	6.049367999999987	7.311079999999986	0.007838833507836455	0.006693562793324478	6.050113917327015	2017-09-01	cTiterSub_x-ne_star	north	2017
2017-02-01	A/Utah/49/2016_EPI868266	0.012681	5.270199999999989	6.522003999999995	-0.0022649603348033447	0.012660504480711621	5.26867004383082	2017-09-01	cTiterSub_x-ne_star	north	2017
2017-02-01	A/Valparaiso/50516/2016_EPI827206	0.000143	9.404459999999993	10.73026299999999	-0.03544992997556394	0.00014003175038620525	9.418139911288481	2017-09-01	cTiterSub_x-ne_star	north	2017
2017-02-01	A/Valparaiso/51089/2016_EPI827221	0.00015	7.7314139999999885	8.79415299999999	-0.03544992997556394	0.00014688645145406143	7.745581866498668	2017-09-01	cTiterSub_x-ne_star	north	2017
2017-02-01	A/Vasteras/2/2016_EPI858675	0.003793	5.895834999999986	7.362420999999992	-0.02581128703370141	0.003735211186410097	5.897962370948443	2017-09-01	cTiterSub_x-ne_star	north	2017
2017-02-01	A/Venezuela/13/2016_EPI857590	0.000462	7.764031999999993	9.37852199999999	0.012425085594498198	0.00046522285023745563	7.769379724831917	2017-09-01	cTiterSub_x-ne_star	north	2017
2017-02-01	A/Vermont/35/2016_EPI879618	0.014887000000000001	7.452736999999995	8.211267999999992	-0.04557835223452622	0.014492114264856741	7.4579443665986105	2017-09-01	cTiterSub_x-ne_star	north	2017
2017-02-01	A/Victoria/149/2016_EPI893059	0.004815	5.164101999999989	6.631202999999993	-0.019575165290024406	0.004758920609219065	5.167627565831422	2017-09-01	cTiterSub_x-ne_star	north	2017
2017-02-01	A/Victoria/2108/2016_EPI837002	0.0005780000000000001	5.069043999999989	6.419755999999987	-0.008067537447604427	0.0005751158427108818	5.067701598299889	2017-09-01	cTiterSub_x-ne_star	north	2017
2017-02-01	A/Victoria/48/2016_EPI836660	0.000204	5.069043999999989	6.419755999999987	-0.008067537447604427	0.00020298206213325242	5.067701598299889	2017-09-01	cTiterSub_x-ne_star	north	2017
2017-02-01	A/Victoria/518/2016_EPI831756	0.000109	4.962945999999993	6.528954999999992	-0.02581128703370141	0.00010733931434713961	4.966659120300493	2017-09-01	cTiterSub_x-ne_star	north	2017
2017-02-01	A/Victoria/566/2016_EPI837044	0.000384	7.363309999999987	8.410829999999986	0.1385311407586899	0.000416195901143648	7.3634339312311985	2017-09-01	cTiterSub_x-ne_star	north	2017
2017-02-01	A/Victoria/580/2016_EPI836960	0.00040199999999999996	5.962128999999988	7.528943999999989	0.012425085594498198	0.0004048042982585653	5.965849511703977	2017-09-01	cTiterSub_x-ne_star	north	2017
2017-02-01	A/Victoria/664/2016_EPI893038	0.010304	4.962945999999993	6.528954999999992	-0.02581128703370141	0.010147011881036025	4.966659120300493	2017-09-01	cTiterSub_x-ne_star	north	2017
2017-02-01	A/Victoria/665/2016_EPI893041	0.010726000000000001	5.270199999999989	6.522003999999995	-0.0022649603348033447	0.010708664226804894	5.26867004383082	2017-09-01	cTiterSub_x-ne_star	north	2017
2017-02-01	A/Victoria/805/2016_EPI836927	0.000505	5.164101999999989	6.631202999999993	-0.019575165290024406	0.0004991183608838272	5.167627565831422	2017-09-01	cTiterSub_x-ne_star	north	2017
2017-02-01	A/Victoria/825/2016_EPI869532	0.001552	6.868191999999987	8.41090099999999	0.04924539580647857	0.001596756818324405	6.866582241522407	2017-09-01	cTiterSub_x-ne_star	north	2017
2017-02-01	A/Vina/50464/2016_EPI838927	0.00011499999999999999	8.731170999999994	9.787926999999986	0.0027864426526356643	0.00011515294878813329	8.745351560601103	2017-09-01	cTiterSub_x-ne_star	north	2017
2017-02-01	A/WAKAYAMA/136/2016_EPI873066	0.00554	5.553090999999989	6.85525799999999	-0.018410450925336764	0.005479198066280748	5.552608835095274	2017-09-01	cTiterSub_x-ne_star	north	2017
2017-02-01	A/Washington/77/2016_EPI871744	0.003454	7.872368999999994	8.636967999999989	-0.008067537447604427	0.0034367649147463426	7.868715187069979	2017-09-01	cTiterSub_x-ne_star	north	2017
2017-02-01	A/YAMAGUCHI/34/2016_EPI873130	0.007011	10.246046999999983	11.125383999999979	0.1358264944938554	0.007586847431407952	10.24133655633813	2017-09-01	cTiterSub_x-ne_star	north	2017
2017-02-01	A/YOKOHAMA/124/2016_EPI854228	0.0006309999999999	7.738829999999994	9.145265999999987	0.026063660294075593	0.0006404770858634629	7.734818911744354	2017-09-01	cTiterSub_x-ne_star	north	2017
2017-02-01	A/YOKOHAMA/126/2016_EPI858874	0.004413	7.000861999999998	7.791719999999987	0.0008668244460162487	0.004413923863460855	7.008578953083403	2017-09-01	cTiterSub_x-ne_star	north	2017
2017-02-01	A/YOKOHAMA/133/2016_EPI873707	0.006331	8.150630999999988	9.472146999999989	0.03597141229339626	0.006463333499713144	8.1492867468898	2017-09-01	cTiterSub_x-ne_star	north	2017
2017-02-01	A/YOKOHAMA/135/2016_EPI873709	0.010304	10.436308999999993	12.011054999999974	0.2128404517142331	0.011662665775264449	10.423462683646912	2017-09-01	cTiterSub_x-ne_star	north	2017
2017-02-01	A/YOKOHAMA/146/2016_EPI873713	0.011153	8.121811999999991	9.241423999999984	-0.032334323920793	0.010941364467112106	8.141225571458186	2017-09-01	cTiterSub_x-ne_star	north	2017
2017-02-01	A/Yunnan-Linxiang/1718/2016_EPI817115	1.4000000000000001e-05	5.301152999999992	6.500809999999992	-0.037532489252943765	1.3692757706284628e-05	5.31399125305451	2017-09-01	cTiterSub_x-ne_star	north	2017
2017-02-01	A/Yunnan-Mengzi/1646/2016_EPI829525	9.8e-05	8.136317999999994	9.196327999999983	0.06759798476591478	0.00010191134996371422	8.154991928795123	2017-09-01	cTiterSub_x-ne_star	north	2017
2017-02-01	A/Yunnan-Wenshan/1859/2016_EPI885819	0.006497	6.931628999999993	8.203096999999984	-0.032334323920793	0.006373715138781258	6.948908818612627	2017-09-01	cTiterSub_x-ne_star	north	2017
2017-02-01	A/Zhejiang-Wuxin/1981/2016_EPI885693	0.015105	14.269896999999979	15.56721799999998	-0.10902873780883682	0.014170033228825615	14.303540568720523	2017-09-01	cTiterSub_x-ne_star	north	2017
2018-02-01	A/AKITA/20/2017_EPI1118559	8.4e-05	6.231357999999992	8.308814999999994	0.004281621617771477	8.420691758131768e-05	6.241273383203654	2018-09-01	cTiterSub_x-ne_star	north	2018
2018-02-01	A/Afghanistan/0293/2017_EPI1142438	0.009278	10.455904999999992	12.844448999999976	-0.0035571479536646404	0.009258422393990415	10.461143870072998	2018-09-01	cTiterSub_x-ne_star	north	2018
2018-02-01	A/Afghanistan/0394/2017_EPI1142454	0.010724	8.812151999999998	11.40505799999999	0.0015273882229173003	0.0107331583376612	8.81961271455022	2018-09-01	cTiterSub_x-ne_star	north	2018
2018-02-01	A/Alaska/30/2017_EPI1077504	3.1e-05	6.231357999999992	8.308814999999994	0.004281621617771477	3.1076362440724384e-05	6.241273383203654	2018-09-01	cTiterSub_x-ne_star	north	2018
2018-02-01	A/Alaska/33/2017_EPI1056156	6.3e-05	8.444339999999992	10.784624999999995	0.005254192900735017	6.319102838976314e-05	8.45157363292904	2018-09-01	cTiterSub_x-ne_star	north	2018
2018-02-01	A/Alaska/50/2017_EPI1059819	0.00044100000000000004	6.231357999999992	8.308814999999994	0.004281621617771477	0.0004420863173019179	6.241273383203654	2018-09-01	cTiterSub_x-ne_star	north	2018
2018-02-01	A/Alberta/RV2367/2017_EPI1105083	0.0038880000000000004	8.616781999999995	10.928092999999985	0.01884674079866445	0.003930833467729428	8.621183138735596	2018-09-01	cTiterSub_x-ne_star	north	2018
2018-02-01	A/Argentina/1048/2017_EPI1048076	3.5e-05	6.231357999999992	8.308814999999994	0.004281621617771477	3.508621565888236e-05	6.241273383203654	2018-09-01	cTiterSub_x-ne_star	north	2018
2018-02-01	A/Argentina/1989/2017_EPI1058061	0.00011	6.231357999999992	8.308814999999994	0.004281621617771477	0.00011027096349934457	6.241273383203654	2018-09-01	cTiterSub_x-ne_star	north	2018
2018-02-01	A/Argentina/2134/2017_EPI1077919	5e-05	6.231357999999992	8.308814999999994	0.004281621617771477	5.01231652269748e-05	6.241273383203654	2018-09-01	cTiterSub_x-ne_star	north	2018
2018-02-01	A/Arizona/42/2017_EPI1035167	3.1e-05	10.31470099999999	12.690557999999987	-0.019492382234719267	3.06483648283279e-05	10.32210973856757	2018-09-01	cTiterSub_x-ne_star	north	2018
2018-02-01	A/Astrakhan/32/2017_EPI1148167	0.011747	12.354335999999982	14.588614999999994	-0.030736142950988067	0.011537829230248268	12.359577099336502	2018-09-01	cTiterSub_x-ne_star	north	2018
2018-02-01	A/Bangladesh/0001/2017_EPI1086161	0.000363	9.615432999999996	11.919757999999982	0.01884674079866445	0.0003669991123420222	9.619833087415127	2018-09-01	cTiterSub_x-ne_star	north	2018
2018-02-01	A/Bangladesh/0013/2017_EPI1107695	2e-05	11.512149999999991	13.404661999999988	0.015380234672674926	2.0179489960078376e-05	11.519184782023089	2018-09-01	cTiterSub_x-ne_star	north	2018
2018-02-01	A/Bangladesh/1011/2017_EPI1107703	0.00017900000000000001	7.92107299999999	10.440790999999987	0.0015273882229173003	0.00017915286669538933	7.928613722405307	2018-09-01	cTiterSub_x-ne_star	north	2018
2018-02-01	A/Bangladesh/1011/2017_EPI1123831	0.00017900000000000001	7.92107299999999	10.440790999999987	0.0015273882229173003	0.00017915286669538933	7.928613722405307	2018-09-01	cTiterSub_x-ne_star	north	2018
2018-02-01	A/Bangladesh/2018/2017_EPI1086175	0.000583	9.580412999999997	11.926713999999981	0.04055161733941844	0.0005969330478405464	9.584674412966889	2018-09-01	cTiterSub_x-ne_star	north	2018
2018-02-01	A/Bangladesh/2062/2017_EPI1055981	6.7e-05	9.615274999999993	11.928081999999982	0.04786103816444881	6.889435341257471e-05	9.619696155391686	2018-09-01	cTiterSub_x-ne_star	north	2018
2018-02-01	A/Bangladesh/2062/2017_EPI1106092	6.7e-05	9.615274999999993	11.928081999999982	0.04786103816444881	6.889435341257471e-05	9.619696155391686	2018-09-01	cTiterSub_x-ne_star	north	2018
2018-02-01	A/Bangladesh/2097/2017_EPI1055989	6.7e-05	9.593671999999994	11.928081999999982	0.03363346981516182	6.832493677230185e-05	9.597572266504095	2018-09-01	cTiterSub_x-ne_star	north	2018
2018-02-01	A/Bangladesh/2097/2017_EPI1106100	6.7e-05	9.593671999999994	11.928081999999982	0.03363346981516182	6.832493677230185e-05	9.597572266504095	2018-09-01	cTiterSub_x-ne_star	north	2018
2018-02-01	A/Bangladesh/2130/2017_EPI1055997	2.4e-05	8.616781999999995	10.928092999999985	0.01884674079866445	2.4264404121786592e-05	8.621183138735596	2018-09-01	cTiterSub_x-ne_star	north	2018
2018-02-01	A/Bangladesh/2130/2017_EPI1106108	2.4e-05	8.616781999999995	10.928092999999985	0.01884674079866445	2.4264404121786592e-05	8.621183138735596	2018-09-01	cTiterSub_x-ne_star	north	2018
2018-02-01	A/Bangladesh/2143/2017_EPI1056005	2.3e-05	9.616722999999995	11.871158999999983	-0.005899834336789832	2.2920124158445438e-05	9.62113729848728	2018-09-01	cTiterSub_x-ne_star	north	2018
2018-02-01	A/Bangladesh/2171/2017_EPI1106925	2.3e-05	8.616781999999995	10.928092999999985	0.01884674079866445	2.3253387283378817e-05	8.621183138735596	2018-09-01	cTiterSub_x-ne_star	north	2018
2018-02-01	A/Bangladesh/2178/2017_EPI1056029	1.3000000000000001e-05	12.487628999999997	14.380446999999979	0.015380234672674926	1.3116668474050946e-05	12.495094308663031	2018-09-01	cTiterSub_x-ne_star	north	2018
2018-02-01	A/Bangladesh/2226/2017_EPI1059902	6.7e-05	8.616781999999995	10.928092999999985	0.01884674079866445	6.77381281733209e-05	8.621183138735596	2018-09-01	cTiterSub_x-ne_star	north	2018
2018-02-01	A/Bangladesh/2248/2017_EPI1056060	3.9e-05	13.487537999999986	15.380435999999971	-0.009366340462779357	3.878604862681291e-05	13.49501673656576	2018-09-01	cTiterSub_x-ne_star	north	2018
2018-02-01	A/Bangladesh/3007/2017_EPI1086153	0.00038199999999999996	9.616004999999994	11.928081999999982	0.01884674079866445	0.00038620843227176984	9.620410721871053	2018-09-01	cTiterSub_x-ne_star	north	2018
2018-02-01	A/Bangladesh/3012/2017_EPI1107711	2e-05	8.616781999999995	10.928092999999985	0.01884674079866445	2.0220336768155496e-05	8.621183138735596	2018-09-01	cTiterSub_x-ne_star	north	2018
2018-02-01	A/Bangladesh/4024/2017_EPI1048192	3.5e-05	8.616781999999995	10.928092999999985	0.01884674079866445	3.538558934427211e-05	8.621183138735596	2018-09-01	cTiterSub_x-ne_star	north	2018
2018-02-01	A/Bangladesh/601001/2017_EPI1107719	1.2e-05	12.487628999999997	14.380446999999979	0.015380234672674926	1.2107693976047026e-05	12.495094308663031	2018-09-01	cTiterSub_x-ne_star	north	2018
2018-02-01	A/Beijing-Chaoyang/12911/2017_EPI1136197	0.019122	9.570626999999993	11.858244999999982	0.018611143779469208	0.019330007247759556	9.574659825176038	2018-09-01	cTiterSub_x-ne_star	north	2018
2018-02-01	A/Beijing/PUMCH04/2017_EPI1785569	0.000462	9.600986999999995	11.904143999999981	0.01884674079866445	0.0004670897793443919	9.605413056026562	2018-09-01	cTiterSub_x-ne_star	north	2018
2018-02-01	A/Beijing/PUMCH10/2017_EPI1785571	0.000462	9.600986999999995	11.904143999999981	0.01884674079866445	0.0004670897793443919	9.605413056026562	2018-09-01	cTiterSub_x-ne_star	north	2018
2018-02-01	A/Bolivia/0884/2017_EPI1077272	3.5e-05	8.444339999999992	10.784624999999995	0.005254192900735017	3.510612688320174e-05	8.45157363292904	2018-09-01	cTiterSub_x-ne_star	north	2018
2018-02-01	A/Bolivia/0898/2017_EPI1077288	4.2e-05	7.606545999999992	10.04360199999999	-0.0016766688637797553	4.195737510167129e-05	7.614497542214451	2018-09-01	cTiterSub_x-ne_star	north	2018
2018-02-01	A/Brisbane/1028/2017_EPI1084492	0.000462	7.909226999999986	10.717248999999983	0.011568708903894413	0.0004651109445580787	7.918479300349889	2018-09-01	cTiterSub_x-ne_star	north	2018
2018-02-01	A/Brisbane/116/2017_EPI1060406	0.00027	13.384579999999984	15.226681999999968	0.015290377023567706	0.000272408835243265	13.392078364197832	2018-09-01	cTiterSub_x-ne_star	north	2018
2018-02-01	A/Brisbane/187/2017_EPI1153053	0.004572	8.769382999999994	11.165187999999985	0.0014343602122056306	0.004575656194911281	8.776675327621888	2018-09-01	cTiterSub_x-ne_star	north	2018
2018-02-01	A/California/113/2017_EPI1142132	0.008379000000000001	6.231357999999992	8.308814999999994	0.004281621617771477	0.008399640028736438	6.241273383203654	2018-09-01	cTiterSub_x-ne_star	north	2018
2018-02-01	A/California/75/2017_EPI1079256	0.000314	7.185552999999984	9.308803999999995	0.016761171164336234	0.0003170733067505471	7.19446158836128	2018-09-01	cTiterSub_x-ne_star	north	2018
2018-02-01	A/California/92/2017_EPI1117597	0.006745	7.92107299999999	10.440790999999987	0.0015273882229173003	0.006750760256203357	7.928613722405307	2018-09-01	cTiterSub_x-ne_star	north	2018
2018-02-01	A/California/NHRC_28273/2017_EPI1155455	0.004288	6.231357999999992	8.308814999999994	0.004281621617771477	0.004298562649865359	6.241273383203654	2018-09-01	cTiterSub_x-ne_star	north	2018
2018-02-01	A/California/NHRC_M2921/2017_EPI1155398	3.5e-05	7.909226999999986	10.717248999999983	0.011568708903894413	3.523567761803626e-05	7.918479300349889	2018-09-01	cTiterSub_x-ne_star	north	2018
2018-02-01	A/Canberra/20/2017_EPI1057248	3.3e-05	9.525472999999995	11.880547999999981	0.021189427181789643	3.3409180371038273e-05	9.530289109090674	2018-09-01	cTiterSub_x-ne_star	north	2018
2018-02-01	A/Christchurch/513/2017_EPI1045501	4.4e-05	14.509642999999976	16.37745699999997	-0.034112915598233644	4.3131478757262246e-05	14.516717358588425	2018-09-01	cTiterSub_x-ne_star	north	2018
2018-02-01	A/Colombia/5133/2017_EPI1058293	2.3e-05	18.652020999999976	18.967441999999973	0.05021221228975674	2.3682759497638078e-05	18.656761399128776	2018-09-01	cTiterSub_x-ne_star	north	2018
2018-02-01	A/Colombia/5238/2017_EPI1058317	0.00038199999999999996	9.58271999999999	12.04357999999999	-0.00075572042195249	0.0003818173812182027	9.59070896538518	2018-09-01	cTiterSub_x-ne_star	north	2018
2018-02-01	A/Colombia/5238/2017_EPI1089379	0.00038199999999999996	9.58271999999999	12.04357999999999	-0.00075572042195249	0.0003818173812182027	9.59070896538518	2018-09-01	cTiterSub_x-ne_star	north	2018
2018-02-01	A/Colorado/25/2017_EPI1136587	0.022515	8.140359999999983	10.286607999999994	0.03812686432797864	0.023020499177662922	8.1482673425352	2018-09-01	cTiterSub_x-ne_star	north	2018
2018-02-01	A/Cote_D_Ivoire/870/2017_EPI1125444	6.3e-05	11.120066999999981	13.802465999999981	-0.07820045108285709	6.0188449164510057e-05	11.129047777230818	2018-09-01	cTiterSub_x-ne_star	north	2018
2018-02-01	A/Coyhaique/90055/2017_EPI1127576	0.015909	6.231357999999992	8.308814999999994	0.004281621617771477	0.015948188711918845	6.241273383203654	2018-09-01	cTiterSub_x-ne_star	north	2018
2018-02-01	A/Denmark/67/2017_EPI1148686	0.005178	7.909226999999986	10.717248999999983	0.011568708903894413	0.005212866820176907	7.918479300349889	2018-09-01	cTiterSub_x-ne_star	north	2018
2018-02-01	A/Denmark/74/2017_EPI1148750	0.009986	9.223561999999989	11.54290399999999	0.011568708903894413	0.010053242191248861	9.232592808650782	2018-09-01	cTiterSub_x-ne_star	north	2018
2018-02-01	A/El_Salvador/577/2017_EPI1078118	2.3e-05	6.231357999999992	8.308814999999994	0.004281621617771477	2.3056656004408412e-05	6.241273383203654	2018-09-01	cTiterSub_x-ne_star	north	2018
2018-02-01	A/England/72420554/2017_EPI1112236	1.9e-05	9.367557999999999	11.560395999999981	0.0122656496082048	1.9135717299020063e-05	9.3735571726075	2018-09-01	cTiterSub_x-ne_star	north	2018
2018-02-01	A/England/72480621/2017_EPI1112244	1.1e-05	6.231357999999992	8.308814999999994	0.004281621617771477	1.1027096349934456e-05	6.241273383203654	2018-09-01	cTiterSub_x-ne_star	north	2018
2018-02-01	A/England/72720745/2017_EPI1112268	3.7e-05	7.196801999999984	8.720291999999993	0.004281621617771477	3.7091142267961356e-05	7.206783268600073	2018-09-01	cTiterSub_x-ne_star	north	2018
2018-02-01	A/England/72820665/2017_EPI1112276	8.8e-05	7.92107299999999	10.440790999999987	0.0015273882229173003	8.807515234186736e-05	7.928613722405307	2018-09-01	cTiterSub_x-ne_star	north	2018
2018-02-01	A/England/72840639/2017_EPI1112284	7.900000000000001e-05	7.92107299999999	10.440790999999987	0.0015273882229173003	7.906746630690367e-05	7.928613722405307	2018-09-01	cTiterSub_x-ne_star	north	2018
2018-02-01	A/England/72960597/2017_EPI1112767	0.00016999999999999999	8.920719999999998	11.44077999999999	-0.023219186912536983	0.00016770669228416312	8.928278309020742	2018-09-01	cTiterSub_x-ne_star	north	2018
2018-02-01	A/England/72980505/2017_EPI1112292	0.00017900000000000001	11.02460999999999	13.36989199999998	-0.04490157447153193	0.00017436588585300957	11.034598410257999	2018-09-01	cTiterSub_x-ne_star	north	2018
2018-02-01	A/England/73420564/2017_EPI1112396	0.000611	10.613387999999995	12.927881999999974	-0.026543799780058133	0.0006015897526125036	10.61785494045513	2018-09-01	cTiterSub_x-ne_star	north	2018
2018-02-01	A/England/73520174/2017_EPI1112404	0.0007	11.804752999999987	14.418203999999978	-0.018632898534589833	0.0006924069128849014	11.816434548541473	2018-09-01	cTiterSub_x-ne_star	north	2018
2018-02-01	A/England/73520177/2017_EPI1112420	0.0007	11.804752999999987	14.418203999999978	-0.018632898534589833	0.0006924069128849014	11.816434548541473	2018-09-01	cTiterSub_x-ne_star	north	2018
2018-02-01	A/England/73520490/2017_EPI1112428	0.0008	9.614828999999995	11.86183599999998	0.014468434631396606	0.0008067503871635777	9.619238452257484	2018-09-01	cTiterSub_x-ne_star	north	2018
2018-02-01	A/England/73880605/2017_EPI1112794	0.002566	7.92107299999999	10.440790999999987	0.0015273882229173003	0.002568191373968542	7.928613722405307	2018-09-01	cTiterSub_x-ne_star	north	2018
2018-02-01	A/England/74000492/2017_EPI1139035	0.003285	7.909226999999986	10.717248999999983	0.011568708903894413	0.0033071200278642606	7.918479300349889	2018-09-01	cTiterSub_x-ne_star	north	2018
2018-02-01	A/England/74400479/2017_EPI1139043	0.0075349999999999	8.616781999999995	10.928092999999985	0.01884674079866445	0.007618011877402481	8.621183138735596	2018-09-01	cTiterSub_x-ne_star	north	2018
2018-02-01	A/England/74620549/2017_EPI1139075	0.010476000000000001	9.385170000000004	11.798764999999976	-0.02096468485306732	0.010348278631843816	9.390139585053129	2018-09-01	cTiterSub_x-ne_star	north	2018
2018-02-01	A/England/75180417/2017_EPI1152171	0.023571	6.231357999999992	8.308814999999994	0.004281621617771477	0.023629062551300463	6.241273383203654	2018-09-01	cTiterSub_x-ne_star	north	2018
2018-02-01	A/England/80200460/2017_EPI1152615	0.017075	8.96153699999999	10.451891999999996	-0.0023992129535855174	0.017050482927721017	8.971107016841993	2018-09-01	cTiterSub_x-ne_star	north	2018
2018-02-01	A/Ethiopia/1866/2017_EPI1123951	0.0008730000000000001	10.636400999999985	12.968599999999984	0.004591575799376634	0.0008753087121538622	10.646157497152638	2018-09-01	cTiterSub_x-ne_star	north	2018
2018-02-01	A/Ethiopia/2457/2017_EPI1123983	0.0007650000000000001	9.029254999999985	11.37452099999999	0.004591575799376634	0.0007670230982791577	9.039195938902663	2018-09-01	cTiterSub_x-ne_star	north	2018
2018-02-01	A/Ethiopia/2458/2017_EPI1123975	0.0006389999999999	12.441885999999986	14.729494999999977	-0.001951761007208952	0.0006382490643065482	12.451248352164786	2018-09-01	cTiterSub_x-ne_star	north	2018
2018-02-01	A/FUKUOKA-C/17/2017_EPI1043612	1.2e-05	12.512112999999996	14.40465099999998	0.015380234672674926	1.2107693976047026e-05	12.51916056663514	2018-09-01	cTiterSub_x-ne_star	north	2018
2018-02-01	A/Finland/789/2017_EPI1154808	0.002857	8.235156999999989	10.48321199999999	0.004281621617771477	0.0028640376610693406	8.245621163175244	2018-09-01	cTiterSub_x-ne_star	north	2018
2018-02-01	A/Finland/793/2017_EPI1076414	0.002757	8.235156999999989	10.48321199999999	0.004281621617771477	0.002763791330615391	8.245621163175244	2018-09-01	cTiterSub_x-ne_star	north	2018
2018-02-01	A/Finland/798/2017_EPI1154812	0.01201	8.235156999999989	10.48321199999999	0.004281621617771477	0.01203958428751935	8.245621163175244	2018-09-01	cTiterSub_x-ne_star	north	2018
2018-02-01	A/Florida/101/2017_EPI1136643	0.021133000000000002	6.231357999999992	8.308814999999994	0.004281621617771477	0.021185057014833173	6.241273383203654	2018-09-01	cTiterSub_x-ne_star	north	2018
2018-02-01	A/Florida/52/2017_EPI1077480	0.0004	8.616781999999995	10.928092999999985	0.01884674079866445	0.00040440673536310987	8.621183138735596	2018-09-01	cTiterSub_x-ne_star	north	2018
2018-02-01	A/Florida/55/2017_EPI1056992	0.00033	9.241996999999994	11.682972999999988	-0.019492382234719267	0.0003262567868822002	9.249871472091275	2018-09-01	cTiterSub_x-ne_star	north	2018
2018-02-01	A/Florida/58/2017_EPI1057024	0.0006389999999999	11.330901999999988	13.599135999999977	-0.01973701500070621	0.0006316616321430806	11.338424003051246	2018-09-01	cTiterSub_x-ne_star	north	2018
2018-02-01	A/Georgia/12/2017_EPI1085613	0.0009519999999999999	6.231357999999992	8.308814999999994	0.004281621617771477	0.0009543450659216002	6.241273383203654	2018-09-01	cTiterSub_x-ne_star	north	2018
2018-02-01	A/Ghana/832/2017_EPI1154822	0.0156199999999999	8.959346999999985	11.194382999999993	-0.04467266045139781	0.015217647215769762	8.970245104048933	2018-09-01	cTiterSub_x-ne_star	north	2018
2018-02-01	A/Goias/383452/2017_EPI1091212	0.0009519999999999999	6.231357999999992	8.308814999999994	0.004281621617771477	0.0009543450659216002	6.241273383203654	2018-09-01	cTiterSub_x-ne_star	north	2018
2018-02-01	A/Goias/388285/2017_EPI1122609	0.0034	10.93078299999999	12.920636999999987	-0.002493174658868747	0.0033949320385339775	10.93896141714528	2018-09-01	cTiterSub_x-ne_star	north	2018
2018-02-01	A/Guangdong-Yuancheng/1471/2017_EPI1062970	2.3e-05	8.015618999999985	9.788540999999993	0.021751055232965277	2.329281617703139e-05	8.024223606697523	2018-09-01	cTiterSub_x-ne_star	north	2018
2018-02-01	A/Guangxi-Chengzhong/1672/2017_EPI1062661	0.000161	7.909226999999986	10.717248999999983	0.011568708903894413	0.0001620841170429668	7.918479300349889	2018-09-01	cTiterSub_x-ne_star	north	2018
2018-02-01	A/Guangxi-Gangbei/1482/2017_EPI1062892	1.7e-05	7.075016999999984	9.123148999999994	0.004188815419782551	1.704095360696571e-05	7.085276685681272	2018-09-01	cTiterSub_x-ne_star	north	2018
2018-02-01	A/Guangxi-Wanxiu/1486/2017_EPI1062544	3.9e-05	6.231357999999992	8.308814999999994	0.004281621617771477	3.909606887704035e-05	6.241273383203654	2018-09-01	cTiterSub_x-ne_star	north	2018
2018-02-01	A/Guangxi-Yuzhou/1622/2017_EPI1062667	0.00016999999999999999	7.231004999999983	9.308803999999995	-0.020464953517682807	0.0001679763524829861	7.240937430498685	2018-09-01	cTiterSub_x-ne_star	north	2018
2018-02-01	A/Guatemala/089/2017_EPI1049136	3.5e-05	9.58731399999999	11.96862199999999	0.036860391226512905	3.575938025002218e-05	9.594965133229056	2018-09-01	cTiterSub_x-ne_star	north	2018
2018-02-01	A/HIROSHIMA/70/2017_EPI1126270	0.0009519999999999999	8.907309999999985	11.71723799999999	-0.01317786623155987	0.000944674675151412	8.916589950999594	2018-09-01	cTiterSub_x-ne_star	north	2018
2018-02-01	A/HYOGO/1061/2017_EPI1057840	4.2e-05	11.321641999999981	13.35460099999998	0.008088270889962024	4.2197055311973964e-05	11.328532732589574	2018-09-01	cTiterSub_x-ne_star	north	2018
2018-02-01	A/HYOGO/1067/2017_EPI1126255	0.0038880000000000004	10.568503999999994	12.790651999999975	0.01884674079866445	0.003930833467729428	10.572741561691874	2018-09-01	cTiterSub_x-ne_star	north	2018
2018-02-01	A/Halmstad/3/2017_EPI1140646	0.017075	7.197194999999984	9.280895999999995	-0.020464953517682807	0.016871742462629336	7.207529898278393	2018-09-01	cTiterSub_x-ne_star	north	2018
2018-02-01	A/Hawaii/42/2017_EPI1059942	0.00044100000000000004	10.83745199999999	13.287155999999984	-0.04490157447153193	0.00042958299252054315	10.848374909395599	2018-09-01	cTiterSub_x-ne_star	north	2018
2018-02-01	A/Hawaii/55/2017_EPI1124087	0.007741	7.215642999999983	9.308803999999995	-0.020464953517682807	0.007648852615122326	7.225757577152591	2018-09-01	cTiterSub_x-ne_star	north	2018
2018-02-01	A/Henan-Zhaoling/1467/2017_EPI1136311	0.006372	7.92107299999999	10.440790999999987	0.0015273882229173003	0.006377441712754305	7.928613722405307	2018-09-01	cTiterSub_x-ne_star	north	2018
2018-02-01	A/Hong_Kong/3042/2017_EPI1036313	5.3e-05	12.501713999999996	14.369490999999979	-0.009366340462779357	5.27092455697714e-05	12.508457214091049	2018-09-01	cTiterSub_x-ne_star	north	2018
2018-02-01	A/Hong_Kong/3046/2017_EPI1060844	6.3e-05	6.231357999999992	8.308814999999994	0.004281621617771477	6.315518818598826e-05	6.241273383203654	2018-09-01	cTiterSub_x-ne_star	north	2018
2018-02-01	A/Hong_Kong/3055/2017_EPI1036329	5.600000000000001e-05	7.92107299999999	10.440790999999987	0.0015273882229173003	5.604782421755197e-05	7.928613722405307	2018-09-01	cTiterSub_x-ne_star	north	2018
2018-02-01	A/Hong_Kong/3056/2017_EPI1036331	5.9e-05	8.616781999999995	10.928092999999985	0.01884674079866445	5.9649993466058704e-05	8.621183138735596	2018-09-01	cTiterSub_x-ne_star	north	2018
2018-02-01	A/Hong_Kong/3060/2017_EPI1036335	5.9e-05	9.815982999999983	12.427264999999982	0.006113676600864449	5.9208577300276735e-05	9.827602594217888	2018-09-01	cTiterSub_x-ne_star	north	2018
2018-02-01	A/Hong_Kong/3068/2017_EPI1036347	5.9e-05	7.216780999999984	9.308803999999995	0.004281621617771477	5.914533496783027e-05	7.226673507636337	2018-09-01	cTiterSub_x-ne_star	north	2018
2018-02-01	A/Hong_Kong/3070/2017_EPI1043847	5.9e-05	8.196990999999983	10.121238999999994	-0.01654391355865592	5.843117060211329e-05	8.206957780726043	2018-09-01	cTiterSub_x-ne_star	north	2018
2018-02-01	A/Hong_Kong/3096/2017_EPI1043895	6.7e-05	8.616781999999995	10.928092999999985	0.01884674079866445	6.77381281733209e-05	8.621183138735596	2018-09-01	cTiterSub_x-ne_star	north	2018
2018-02-01	A/Hong_Kong/3113/2017_EPI1060854	7.5e-05	8.906809999999997	11.36197299999999	0.0015273882229173003	7.506405029136422e-05	8.914251179114588	2018-09-01	cTiterSub_x-ne_star	north	2018
2018-02-01	A/Hong_Kong/3128/2017_EPI1043951	7.900000000000001e-05	7.216780999999984	9.308803999999995	0.004281621617771477	7.91946010586202e-05	7.226673507636337	2018-09-01	cTiterSub_x-ne_star	north	2018
2018-02-01	A/Hong_Kong/3552/2017_EPI1058357	0.000153	8.616781999999995	10.928092999999985	0.01884674079866445	0.0001546855762763895	8.621183138735596	2018-09-01	cTiterSub_x-ne_star	north	2018
2018-02-01	A/Hong_Kong/3569/2017_EPI1077839	0.000145	9.353030999999985	11.73707999999999	0.007687917156036983	0.00014564629184536657	9.360679603284115	2018-09-01	cTiterSub_x-ne_star	north	2018
2018-02-01	A/Hong_Kong/3571/2017_EPI1048661	0.00016999999999999999	8.920719999999998	11.44071599999999	-0.001879417643841176	0.0001698073863217111	8.928274107632667	2018-09-01	cTiterSub_x-ne_star	north	2018
2018-02-01	A/Hong_Kong/4082/2017_EPI1148807	0.00020899999999999998	7.909226999999986	10.717248999999983	0.011568708903894413	0.00021040733206198795	7.918479300349889	2018-09-01	cTiterSub_x-ne_star	north	2018
2018-02-01	A/Hong_Kong/4113/2017_EPI1148827	0.00028399999999999996	8.22318399999998	10.141903999999995	-0.015165272443821317	0.0002814881898092818	8.233020685641339	2018-09-01	cTiterSub_x-ne_star	north	2018
2018-02-01	A/Hong_Kong/4180/2017_EPI1148843	0.000346	8.916893999999997	11.41876799999999	-0.017852876209102145	0.00034240260771776593	8.924460062057676	2018-09-01	cTiterSub_x-ne_star	north	2018
2018-02-01	A/Hong_Kong/4226/2017_EPI1148857	0.000462	7.92107299999999	10.440790999999987	0.0015273882229173003	0.00046239454979480374	7.928613722405307	2018-09-01	cTiterSub_x-ne_star	north	2018
2018-02-01	A/Hong_Kong/4977/2017_EPI1154828	0.02085	8.616781999999995	10.928092999999985	0.01884674079866445	0.021079701080802104	8.621183138735596	2018-09-01	cTiterSub_x-ne_star	north	2018
2018-02-01	A/Hubei-Fancheng/1278/2017_EPI1062403	0.000244	7.983707999999985	10.075603999999993	-0.01813046211684879	0.00024142401486883708	7.9943826560363425	2018-09-01	cTiterSub_x-ne_star	north	2018
2018-02-01	A/Hubei-Maojian/11402/2017_EPI1125247	0.001504	10.567773999999996	12.832272999999974	-0.005899834336789832	0.0014987768145348665	10.571677712344073	2018-09-01	cTiterSub_x-ne_star	north	2018
2018-02-01	A/Hubei-Songzi/1568/2017_EPI1062706	0.000153	8.616781999999995	10.928092999999985	0.01884674079866445	0.0001546855762763895	8.621183138735596	2018-09-01	cTiterSub_x-ne_star	north	2018
2018-02-01	A/Hunan-Jishou/11139/2017_EPI1062898	1.1e-05	7.216780999999984	9.308803999999995	0.004281621617771477	1.1027096349934456e-05	7.226673507636337	2018-09-01	cTiterSub_x-ne_star	north	2018
2018-02-01	A/Hunan-Jishou/11465/2017_EPI1062646	0.00016999999999999999	9.416905999999981	11.321565999999995	-0.04496404096522427	0.00016559285189289197	9.42597518978349	2018-09-01	cTiterSub_x-ne_star	north	2018
2018-02-01	A/ISHIKAWA/118/2017_EPI1126264	0.002133	7.92107299999999	10.440790999999987	0.0015273882229173003	0.0021348215902863986	7.928613722405307	2018-09-01	cTiterSub_x-ne_star	north	2018
2018-02-01	A/ISHIKAWA/118/2017_EPI1129941	0.002133	7.92107299999999	10.440790999999987	0.0015273882229173003	0.0021348215902863986	7.928613722405307	2018-09-01	cTiterSub_x-ne_star	north	2018
2018-02-01	A/Idaho/26/2017_EPI1077536	0.000153	8.444339999999992	10.784624999999995	0.005254192900735017	0.0001534639260894248	8.45157363292904	2018-09-01	cTiterSub_x-ne_star	north	2018
2018-02-01	A/Ireland/53051/2017_EPI1116036	0.005338	7.909226999999986	10.717248999999983	0.011568708903894413	0.005373944203573644	7.918479300349889	2018-09-01	cTiterSub_x-ne_star	north	2018
2018-02-01	A/Ireland/62518/2017_EPI1116039	0.014195	6.231357999999992	8.308814999999994	0.004281621617771477	0.014229966607938148	6.241273383203654	2018-09-01	cTiterSub_x-ne_star	north	2018
2018-02-01	A/Jiangxi-Jizhou/1488/2017_EPI1062976	3.5e-05	8.028842999999986	10.532796999999983	0.004836642936827568	3.509757709664232e-05	8.039765668984018	2018-09-01	cTiterSub_x-ne_star	north	2018
2018-02-01	A/Jiangxi-Zhanggong/1513/2017_EPI1062595	5e-05	12.512036999999996	14.40465099999998	-0.009366340462779357	4.972570336770887e-05	12.519085330616356	2018-09-01	cTiterSub_x-ne_star	north	2018
2018-02-01	A/Jiangxi-Zhanggong/1549/2017_EPI1062601	0.000117	8.074657999999983	10.123137999999994	0.004188815419782551	0.00011728185717735223	8.084931455338088	2018-09-01	cTiterSub_x-ne_star	north	2018
2018-02-01	A/KANAGAWA/206/2017_EPI1043596	2.1e-05	13.486741999999987	15.367967999999975	-0.009366340462779357	2.088479541443772e-05	13.493879438551614	2018-09-01	cTiterSub_x-ne_star	north	2018
2018-02-01	A/KAWASAKI/122/2017_EPI1086414	4.4e-05	6.231357999999992	8.308814999999994	0.004281621617771477	4.4108385399737824e-05	6.241273383203654	2018-09-01	cTiterSub_x-ne_star	north	2018
2018-02-01	A/KAWASAKI/123/2017_EPI1126267	4.4e-05	10.33843899999999	12.835863999999983	0.004805933357276246	4.4121877947131254e-05	10.349821080874161	2018-09-01	cTiterSub_x-ne_star	north	2018
2018-02-01	A/KAWASAKI/124/2017_EPI1086416	7.5e-05	12.466956999999994	14.38246599999998	0.036781908959959336	7.662373537669037e-05	12.472990536197013	2018-09-01	cTiterSub_x-ne_star	north	2018
2018-02-01	A/KAWASAKI/128/2017_EPI1126279	0.0007	10.595591999999995	12.849263999999977	0.01884674079866445	0.0007077117868854423	10.599830425024113	2018-09-01	cTiterSub_x-ne_star	north	2018
2018-02-01	A/KAWASAKI/136/2017_EPI1139915	0.002757	9.609854999999994	11.928081999999982	0.01884674079866445	0.0027873734234902347	9.614192968314846	2018-09-01	cTiterSub_x-ne_star	north	2018
2018-02-01	A/Kenya/027/2017_EPI1134124	1e-05	10.257712999999983	12.699007999999983	-0.01342152194058428	9.921643022296066e-06	10.265471148563556	2018-09-01	cTiterSub_x-ne_star	north	2018
2018-02-01	A/Kenya/034/2017_EPI1134118	0.00025699999999999996	11.571148999999988	13.924993999999979	0.017104563923244887	0.000259567402860191	11.578528821726318	2018-09-01	cTiterSub_x-ne_star	north	2018
2018-02-01	A/Khakassia/CRIE-360/2017_EPI1193582	3.3e-05	10.029175999999984	12.374509999999992	0.004591575799376634	3.3087270906159745e-05	10.039129764360839	2018-09-01	cTiterSub_x-ne_star	north	2018
2018-02-01	A/LaSerena/61435/2017_EPI1108090	0.000508	7.2303119999999845	9.308803999999995	-0.020464953517682807	0.0005019528650668056	7.240252356042251	2018-09-01	cTiterSub_x-ne_star	north	2018
2018-02-01	A/LaSerena/76599/2017_EPI1127570	0.004868	6.231357999999992	8.308814999999994	0.004281621617771477	0.004879991366498267	6.241273383203654	2018-09-01	cTiterSub_x-ne_star	north	2018
2018-02-01	A/La_Serena/76599/2017_EPI1136420	0.004868	6.231357999999992	8.308814999999994	0.004281621617771477	0.004879991366498267	6.241273383203654	2018-09-01	cTiterSub_x-ne_star	north	2018
2018-02-01	A/Laos/F2911/2017_EPI1140064	0.0006389999999999	9.591428999999994	11.896739999999982	0.01884674079866445	0.0006460397597424668	9.595919564854961	2018-09-01	cTiterSub_x-ne_star	north	2018
2018-02-01	A/Laos/F2919/2017_EPI1140067	0.0006389999999999	8.616781999999995	10.928092999999985	0.01884674079866445	0.0006460397597424668	8.621183138735596	2018-09-01	cTiterSub_x-ne_star	north	2018
2018-02-01	A/Laos/F2924/2017_EPI1140070	0.000669	8.073665999999982	10.090053999999995	-0.020557759715671732	0.0006610005663076206	8.083954684548651	2018-09-01	cTiterSub_x-ne_star	north	2018
2018-02-01	A/Laos/F3652/2017_EPI1150126	0.002857	9.611054999999993	11.927558999999983	-0.005899834336789832	0.0028470780313338525	9.615488982672929	2018-09-01	cTiterSub_x-ne_star	north	2018
2018-02-01	A/Liaoning-Heping/1411/2017_EPI1136263	0.004718	9.998521999999987	12.843528999999988	-0.013268838414414962	0.004681448114355017	10.008077139007268	2018-09-01	cTiterSub_x-ne_star	north	2018
2018-02-01	A/Liaoning-Yinzhou/1399/2017_EPI1136296	0.004868	7.2168899999999825	9.254905999999995	0.004281621617771477	0.004879991366498267	7.226744457851336	2018-09-01	cTiterSub_x-ne_star	north	2018
2018-02-01	A/MIE/32/2017_EPI1126261	0.0073319999999999	10.687070999999992	13.52825699999998	-0.038015413549869245	0.007170929868970956	10.697883785086063	2018-09-01	cTiterSub_x-ne_star	north	2018
2018-02-01	A/Maryland/49/2017_EPI1154940	0.0034	42.151691999999926	42.608046999999914	0.05003264196715525	0.0035005629639506407	42.13881279113888	2018-09-01	cTiterSub_x-ne_star	north	2018
2018-02-01	A/Maryland/51/2017_EPI1154956	0.0034	42.151691999999926	42.608046999999914	0.05003264196715525	0.0035005629639506407	42.13881279113888	2018-09-01	cTiterSub_x-ne_star	north	2018
2018-02-01	A/Maryland/65/2017_EPI1155046	0.003517	42.151691999999926	42.608046999999914	0.05003264196715525	0.0036210235130042364	42.13881279113888	2018-09-01	cTiterSub_x-ne_star	north	2018
2018-02-01	A/Mauritius/1631/2017_EPI1125454	0.00025699999999999996	12.355808999999999	14.218995999999981	0.015290377023567706	0.00025929285428710774	12.363188084500711	2018-09-01	cTiterSub_x-ne_star	north	2018
2018-02-01	A/Mexico/2623/2017_EPI1141843	0.0006389999999999	9.241996999999994	11.682972999999988	-0.019492382234719267	0.0006317517782354343	9.249871472091275	2018-09-01	cTiterSub_x-ne_star	north	2018
2018-02-01	A/Michigan/283/2017_EPI1077728	0.0012779999999999	6.231357999999992	8.308814999999994	0.004281621617771477	0.001281148103201376	6.241273383203654	2018-09-01	cTiterSub_x-ne_star	north	2018
2018-02-01	A/Michigan/287/2017_EPI1079508	0.002133	9.58271999999999	12.04357999999999	-0.00075572042195249	0.0021319802987916922	9.59070896538518	2018-09-01	cTiterSub_x-ne_star	north	2018
2018-02-01	A/Montana/27/2017_EPI1104595	0.007133	8.906793999999996	11.44070599999999	-0.012692297129818429	0.007080119076445303	8.914453484252421	2018-09-01	cTiterSub_x-ne_star	north	2018
2018-02-01	A/NIIGATA/509/2017_EPI1043604	1.4000000000000001e-05	13.511783999999988	15.402361999999972	-0.009366340462779357	1.3923196942958485e-05	13.518856340049915	2018-09-01	cTiterSub_x-ne_star	north	2018
2018-02-01	A/NIIGATA/766/2017_EPI1057888	0.000508	9.90508899999998	12.717226999999992	0.011568708903894413	0.0005114206922846406	9.914339611596585	2018-09-01	cTiterSub_x-ne_star	north	2018
2018-02-01	A/NIIGATA/767/2017_EPI1057896	0.000508	8.906117999999985	11.71723799999999	0.011568708903894413	0.0005114206922846406	8.91536245298117	2018-09-01	cTiterSub_x-ne_star	north	2018
2018-02-01	A/NIIGATA/770/2017_EPI1057904	0.000532	8.906117999999985	11.71723799999999	0.011568708903894413	0.0005355822997941513	8.91536245298117	2018-09-01	cTiterSub_x-ne_star	north	2018
2018-02-01	A/NIIGATA/847/2017_EPI1086404	0.001629	10.585403999999993	12.898683999999975	-0.0027218255370684823	0.0016263549130636685	10.589815471570684	2018-09-01	cTiterSub_x-ne_star	north	2018
2018-02-01	A/NIIGATA/922/2017_EPI1139942	0.00795	9.74881899999999	12.25511399999998	-0.023312214923248652	0.007842328553159387	9.756932367776605	2018-09-01	cTiterSub_x-ne_star	north	2018
2018-02-01	A/New_Jersey/27/2017_EPI1039258	4.7e-05	6.231357999999992	8.308814999999994	0.004281621617771477	4.7115775313356314e-05	6.241273383203654	2018-09-01	cTiterSub_x-ne_star	north	2018
2018-02-01	A/New_Jersey/34/2017_EPI1099722	0.007133	7.216780999999984	9.308803999999995	0.004281621617771477	0.007150570751280226	7.226673507636337	2018-09-01	cTiterSub_x-ne_star	north	2018
2018-02-01	A/New_Zealand/707/2017_EPI1141737	7.5e-05	13.509681999999987	15.377531999999974	-0.004800780022258961	7.47874673010296e-05	13.516740309568835	2018-09-01	cTiterSub_x-ne_star	north	2018
2018-02-01	A/New_Zealand/783/2017_EPI1058485	8.8e-05	6.231357999999992	8.308814999999994	0.004281621617771477	8.821677079947565e-05	6.241273383203654	2018-09-01	cTiterSub_x-ne_star	north	2018
2018-02-01	A/North_Carolina/37/2017_EPI1117365	0.001831	7.909226999999986	10.717248999999983	0.011568708903894413	0.0018433293062464111	7.918479300349889	2018-09-01	cTiterSub_x-ne_star	north	2018
2018-02-01	A/Norway/3240/2017_EPI1140834	0.004151	6.231357999999992	8.308814999999994	0.004281621617771477	0.0041612251771434485	6.241273383203654	2018-09-01	cTiterSub_x-ne_star	north	2018
2018-02-01	A/Norway/3241/2017_EPI1140836	0.004868	8.812151999999998	11.40505799999999	0.0015273882229173003	0.004872157290911481	8.81961271455022	2018-09-01	cTiterSub_x-ne_star	north	2018
2018-02-01	A/Norway/3481/2017_EPI1148211	0.013636	6.231357999999992	8.308814999999994	0.004281621617771477	0.01366958962070057	6.241273383203654	2018-09-01	cTiterSub_x-ne_star	north	2018
2018-02-01	A/OSAKA/176/2017_EPI1057848	7.5e-05	9.616618999999995	11.928081999999982	-0.005899834336789832	7.473953529927858e-05	9.621033659664999	2018-09-01	cTiterSub_x-ne_star	north	2018
2018-02-01	A/Ohio/33/2017_EPI1049711	0.00033	7.079980999999994	9.536111999999996	0.004836642936827568	0.00033092001262548465	7.090022626987532	2018-09-01	cTiterSub_x-ne_star	north	2018
2018-02-01	A/Oman/5186/2017_EPI1088164	0.004288	8.812151999999998	11.40505799999999	0.0015273882229173003	0.004291661968658264	8.81961271455022	2018-09-01	cTiterSub_x-ne_star	north	2018
2018-02-01	A/Orebro/1/2017_EPI1076109	7.099999999999999e-05	7.92107299999999	10.440790999999987	0.0015273882229173003	7.10606342758248e-05	7.928613722405307	2018-09-01	cTiterSub_x-ne_star	north	2018
2018-02-01	A/Pakistan/184/2017_EPI1142258	0.000484	8.812151999999998	11.40505799999999	0.0015273882229173003	0.0004844133378802705	8.81961271455022	2018-09-01	cTiterSub_x-ne_star	north	2018
2018-02-01	A/Pakistan/198/2017_EPI1142338	0.001176	11.093365999999985	13.248401999999986	-0.08672065093361232	0.0011179475573405788	11.100063186563187	2018-09-01	cTiterSub_x-ne_star	north	2018
2018-02-01	A/Pakistan/199/2017_EPI1142274	0.0009939999999999999	9.431260999999987	11.78461399999999	0.00518084100268376	0.0009969713435550507	9.438473898069677	2018-09-01	cTiterSub_x-ne_star	north	2018
2018-02-01	A/Pakistan/211/2017_EPI1142290	0.002054	8.812151999999998	11.40505799999999	0.0015273882229173003	0.002055754123979495	8.81961271455022	2018-09-01	cTiterSub_x-ne_star	north	2018
2018-02-01	A/Pakistan/241/2017_EPI1142322	0.00584	8.812151999999998	11.40505799999999	0.0015273882229173003	0.005844987382687562	8.81961271455022	2018-09-01	cTiterSub_x-ne_star	north	2018
2018-02-01	A/Parana/727/2017_EPI1179671	0.00022	7.223163999999984	9.308803999999995	-0.014799038812784332	0.00021810082081470913	7.233188328946899	2018-09-01	cTiterSub_x-ne_star	north	2018
2018-02-01	A/Paris/047/2018_EPI1148582	0.025044999999999998	9.14481699999998	11.476592999999996	-0.020464953517682807	0.024746869105508155	9.157187755731067	2018-09-01	cTiterSub_x-ne_star	north	2018
2018-02-01	A/Paris/1232/2017_EPI1040259	3.3e-05	11.320559999999986	13.094241999999987	-0.07289829418376786	3.1624945366149316e-05	11.328007935462072	2018-09-01	cTiterSub_x-ne_star	north	2018
2018-02-01	A/Paris/1379/2017_EPI1081957	0.002857	8.812151999999998	11.40505799999999	0.0015273882229173003	0.0028594398890990354	8.81961271455022	2018-09-01	cTiterSub_x-ne_star	north	2018
2018-02-01	A/Paris/1383/2017_EPI1081965	0.000161	8.616781999999995	10.928092999999985	0.01884674079866445	0.00016277371098365174	8.621183138735596	2018-09-01	cTiterSub_x-ne_star	north	2018
2018-02-01	A/Paris/1897/2017_EPI1148422	0.023826	7.163058999999985	9.264675999999994	-0.020464953517682807	0.02354237984858604	7.172944324624669	2018-09-01	cTiterSub_x-ne_star	north	2018
2018-02-01	A/Pennsylvania/261/2017_EPI1060099	0.0009519999999999999	6.231357999999992	8.308814999999994	0.004281621617771477	0.0009543450659216002	6.241273383203654	2018-09-01	cTiterSub_x-ne_star	north	2018
2018-02-01	A/Perth/225/2017_EPI1152948	0.0016940000000000002	13.517586999999986	15.400635999999974	0.012806044829211263	0.0017066381683552687	13.524675704736486	2018-09-01	cTiterSub_x-ne_star	north	2018
2018-02-01	A/Peru/5417/2017_EPI1039033	1.4999999999999999e-05	9.565815999999993	11.89283599999999	0.0050095601347480735	1.5043336075898705e-05	9.573101788079551	2018-09-01	cTiterSub_x-ne_star	north	2018
2018-02-01	A/PuertoMontt/91225/2017_EPI1128359	0.013636	6.231357999999992	8.308814999999994	0.004281621617771477	0.01366958962070057	6.241273383203654	2018-09-01	cTiterSub_x-ne_star	north	2018
2018-02-01	A/Ratchaburi/91/2017_EPI1058523	2.7000000000000002e-05	9.155413999999995	11.296843999999982	-0.020464953517682807	2.6678597159062502e-05	9.166583417393111	2018-09-01	cTiterSub_x-ne_star	north	2018
2018-02-01	A/Rio_Bueno/56967/2017_EPI1077871	0.00011	6.231357999999992	8.308814999999994	0.004281621617771477	0.00011027096349934457	6.241273383203654	2018-09-01	cTiterSub_x-ne_star	north	2018
2018-02-01	A/Rio_Grande_do_Sul/663/2017_EPI1141907	0.00011	8.616781999999995	10.928092999999985	0.01884674079866445	0.00011121185222485521	8.621183138735596	2018-09-01	cTiterSub_x-ne_star	north	2018
2018-02-01	A/SAGAMIHARA/44/2017_EPI1140031	0.002133	7.075016999999984	9.123148999999994	0.004188815419782551	0.0021381384731563443	7.085276685681272	2018-09-01	cTiterSub_x-ne_star	north	2018
2018-02-01	A/SAITAMA/244/2017_EPI1057800	1.4000000000000001e-05	8.367656999999996	10.560406999999987	0.0122656496082048	1.4100002220330574e-05	8.373643786906856	2018-09-01	cTiterSub_x-ne_star	north	2018
2018-02-01	A/SAITAMA/248/2017_EPI1086410	0.00033	7.909226999999986	10.717248999999983	0.011568708903894413	0.0003322221032557705	7.918479300349889	2018-09-01	cTiterSub_x-ne_star	north	2018
2018-02-01	A/SAITAMA/249/2017_EPI1086412	0.000363	9.029254999999985	11.37452099999999	0.004591575799376634	0.00036395997996775713	9.039195938902663	2018-09-01	cTiterSub_x-ne_star	north	2018
2018-02-01	A/SHIGA/30/2017_EPI1086436	0.0004	7.909226999999986	10.717248999999983	0.011568708903894413	0.000402693458491843	7.918479300349889	2018-09-01	cTiterSub_x-ne_star	north	2018
2018-02-01	A/Santiago/56525/2017_EPI1049402	0.000199	6.231357999999992	8.308814999999994	0.004281621617771477	0.00019949019760335976	6.241273383203654	2018-09-01	cTiterSub_x-ne_star	north	2018
2018-02-01	A/Santiago/62354/2017_EPI1108092	0.000557	6.231357999999992	8.308814999999994	0.004281621617771477	0.0005583720606284994	6.241273383203654	2018-09-01	cTiterSub_x-ne_star	north	2018
2018-02-01	A/Santiago/87122/2017_EPI1127572	0.013915	7.196668999999983	9.142843999999993	-0.017881243279333447	0.013770096665170109	7.206770890776298	2018-09-01	cTiterSub_x-ne_star	north	2018
2018-02-01	A/Sao_Paulo/537178/2017_EPI1023902	1.8e-05	9.029254999999985	11.37452099999999	0.004591575799376634	1.8047602312450768e-05	9.039195938902663	2018-09-01	cTiterSub_x-ne_star	north	2018
2018-02-01	A/Sao_Paulo/591445/2017_EPI1091626	0.0012259999999999999	7.228758999999983	9.308803999999995	-0.020464953517682807	0.0012114059302596528	7.2387127826363065	2018-09-01	cTiterSub_x-ne_star	north	2018
2018-02-01	A/Sao_Paulo/610485/2017_EPI1122604	0.0034	15.066967999999967	15.486309999999962	0.028796716162430278	0.0034574667890086754	15.072423992813132	2018-09-01	cTiterSub_x-ne_star	north	2018
2018-02-01	A/Sao_Paulo/618711/2017_EPI1122606	0.003517	6.231357999999992	8.308814999999994	0.004281621617771477	0.0035256634420654078	6.241273383203654	2018-09-01	cTiterSub_x-ne_star	north	2018
2018-02-01	A/Seoul/768/2017_EPI1148048	0.015046	7.964521999999981	10.028852999999994	0.005673231130628574	0.015095311862496135	7.9740537840126136	2018-09-01	cTiterSub_x-ne_star	north	2018
2018-02-01	A/Shandong-Zhifu/154/2017_EPI1067704	4.2e-05	6.421370999999986	8.387844999999993	0.004281621617771477	4.210345879065884e-05	6.430376080740609	2018-09-01	cTiterSub_x-ne_star	north	2018
2018-02-01	A/Shanghai-Huangpu/11967/2017_EPI1136209	0.018829	8.757536999999983	11.441645999999992	0.01147773672103932	0.01895478192273324	8.766540905566474	2018-09-01	cTiterSub_x-ne_star	north	2018
2018-02-01	A/Shanghai-Pudongxin/11764/2017_EPI1136266	0.008163	9.953645999999981	12.09224899999999	-0.04667766985713551	0.00794343475640166	9.965718333866537	2018-09-01	cTiterSub_x-ne_star	north	2018
2018-02-01	A/Sichuan-Chuanshan/11005/2017_EPI1062397	5.600000000000001e-05	9.217959999999993	11.257348999999984	-0.02046719308801767	5.5333314411901706e-05	9.227860509105286	2018-09-01	cTiterSub_x-ne_star	north	2018
2018-02-01	A/Sichuan-Qingyang/11804/2017_EPI1136203	0.01123	7.075016999999984	9.123148999999994	0.004188815419782551	0.011257053470954407	7.085276685681272	2018-09-01	cTiterSub_x-ne_star	north	2018
2018-02-01	A/Singapore/EN0456/2017_EPI1087431	2.6000000000000002e-05	9.367591999999998	11.560017999999982	-0.012480925527249482	2.5810429672137204e-05	9.373592166047509	2018-09-01	cTiterSub_x-ne_star	north	2018
2018-02-01	A/Singapore/EN0480/2017_EPI1087439	5.600000000000001e-05	8.983227000000001	11.272093999999983	0.01884674079866445	5.661694295083539e-05	8.987791792973773	2018-09-01	cTiterSub_x-ne_star	north	2018
2018-02-01	A/Singapore/EN0850/2017_EPI1121282	0.009511	9.15860899999999	11.480987999999986	-0.037227500662703764	0.009306337730101656	9.16592841390969	2018-09-01	cTiterSub_x-ne_star	north	2018
2018-02-01	A/Singapore/EN0896/2017_EPI1145591	0.013915	8.851504999999998	11.404691999999988	-0.023219186912536983	0.013727286018436058	8.85946848338765	2018-09-01	cTiterSub_x-ne_star	north	2018
2018-02-01	A/Singapore/GP1582/2017_EPI1087407	9.4e-05	8.616781999999995	10.928092999999985	0.01884674079866445	9.503558281033081e-05	8.621183138735596	2018-09-01	cTiterSub_x-ne_star	north	2018
2018-02-01	A/Singapore/GP1866/2017_EPI1087109	0.0007650000000000001	7.92107299999999	10.440790999999987	0.0015273882229173003	0.0007656533129719152	7.928613722405307	2018-09-01	cTiterSub_x-ne_star	north	2018
2018-02-01	A/Singapore/GP1944/2017_EPI1086729	0.0016940000000000002	8.812151999999998	11.40505799999999	0.0015273882229173003	0.001695446682580947	8.81961271455022	2018-09-01	cTiterSub_x-ne_star	north	2018
2018-02-01	A/Singapore/GP2130/2017_EPI1121250	0.006745	9.342303999999999	11.52905399999998	-0.012480925527249482	0.0066958210822525175	9.348380213026218	2018-09-01	cTiterSub_x-ne_star	north	2018
2018-02-01	A/Singapore/GP2321/2017_EPI1145559	0.0173669999999999	7.92107299999999	10.440790999999987	0.0015273882229173003	0.0173818314854682	7.928613722405307	2018-09-01	cTiterSub_x-ne_star	north	2018
2018-02-01	A/Singapore/GP2439/2017_EPI1145575	0.023571	8.000830999999991	10.59367599999999	0.013952570183868227	0.023762739938036993	8.009055015133166	2018-09-01	cTiterSub_x-ne_star	north	2018
2018-02-01	A/Singapore/KK1096/2017_EPI1087141	0.000532	9.615302999999994	11.923919999999981	0.01884674079866445	0.0005378609580329361	9.619701321638313	2018-09-01	cTiterSub_x-ne_star	north	2018
2018-02-01	A/Singapore/KK1110/2017_EPI1087149	0.0007650000000000001	8.616781999999995	10.928092999999985	0.01884674079866445	0.0007734278813819476	8.621183138735596	2018-09-01	cTiterSub_x-ne_star	north	2018
2018-02-01	A/Singapore/KK1186/2017_EPI1086785	0.0034	9.460440999999992	11.74242699999998	0.0187570073199205	0.0034372773232139234	9.465186441213215	2018-09-01	cTiterSub_x-ne_star	north	2018
2018-02-01	A/Singapore/KK1259/2017_EPI1121211	0.009986	8.901087999999996	11.44077999999999	-0.023219186912536983	0.009851288406762665	8.908911145591784	2018-09-01	cTiterSub_x-ne_star	north	2018
2018-02-01	A/Singapore/KK1298/2017_EPI1145519	0.013915	8.909521999999983	11.546130999999981	-0.008416123071028177	0.013846336054319789	8.91816098548824	2018-09-01	cTiterSub_x-ne_star	north	2018
2018-02-01	A/Singapore/KK1353/2017_EPI1145527	0.019991	7.92107299999999	10.440790999999987	0.0015273882229173003	0.020008072391662166	7.928613722405307	2018-09-01	cTiterSub_x-ne_star	north	2018
2018-02-01	A/Singapore/KK1366/2017_EPI1145535	0.021414	7.92107299999999	10.440790999999987	0.0015273882229173003	0.021432287639190317	7.928613722405307	2018-09-01	cTiterSub_x-ne_star	north	2018
2018-02-01	A/Singapore/MOH0218/2017_EPI1145599	0.018244999999999997	8.812151999999998	11.40505799999999	0.0015273882229173003	0.018260581300879205	8.81961271455022	2018-09-01	cTiterSub_x-ne_star	north	2018
2018-02-01	A/Singapore/TT0831/2017_EPI1087181	1.4999999999999999e-05	9.547213999999993	11.891993999999984	0.01884674079866445	1.5165252576116617e-05	9.552037899717938	2018-09-01	cTiterSub_x-ne_star	north	2018
2018-02-01	A/Singapore/TT1005/2017_EPI1087229	2.4e-05	9.367557999999999	11.560395999999981	0.0122656496082048	2.4171432377709553e-05	9.3735571726075	2018-09-01	cTiterSub_x-ne_star	north	2018
2018-02-01	A/Singapore/TT1027/2017_EPI1087237	2.4e-05	9.547213999999993	11.891993999999984	0.01884674079866445	2.4264404121786592e-05	9.552037899717938	2018-09-01	cTiterSub_x-ne_star	north	2018
2018-02-01	A/Singapore/TT1167/2017_EPI1087284	6.3e-05	9.547213999999993	11.891993999999984	0.01884674079866445	6.369406081968981e-05	9.552037899717938	2018-09-01	cTiterSub_x-ne_star	north	2018
2018-02-01	A/Singapore/TT1189/2017_EPI1087292	6.3e-05	8.616781999999995	10.928092999999985	0.01884674079866445	6.369406081968981e-05	8.621183138735596	2018-09-01	cTiterSub_x-ne_star	north	2018
2018-02-01	A/Singapore/TT1223/2017_EPI1087069	8.8e-05	8.616781999999995	10.928092999999985	0.01884674079866445	8.896948177988416e-05	8.621183138735596	2018-09-01	cTiterSub_x-ne_star	north	2018
2018-02-01	A/Singapore/TT1229/2017_EPI1087276	8.8e-05	10.547024999999994	12.891982999999975	0.01884674079866445	8.896948177988416e-05	10.551859960754363	2018-09-01	cTiterSub_x-ne_star	north	2018
2018-02-01	A/Singapore/TT1290/2017_EPI1087300	0.00013000000000000002	8.616781999999995	10.928092999999985	0.01884674079866445	0.0001314321889930107	8.621183138735596	2018-09-01	cTiterSub_x-ne_star	north	2018
2018-02-01	A/Singapore/TT1428/2017_EPI1087165	0.000732	8.616781999999995	10.928092999999985	0.01884674079866445	0.000740064325714491	8.621183138735596	2018-09-01	cTiterSub_x-ne_star	north	2018
2018-02-01	A/Singapore/TT1497/2017_EPI1086801	0.002857	6.231357999999992	8.308814999999994	0.004281621617771477	0.0028640376610693406	6.241273383203654	2018-09-01	cTiterSub_x-ne_star	north	2018
2018-02-01	A/Singapore/TT1517/2017_EPI1121298	0.003761	9.164454999999991	11.21211199999998	0.004281621617771477	0.003770264488373045	9.174390246593273	2018-09-01	cTiterSub_x-ne_star	north	2018
2018-02-01	A/Singapore/TT1526/2017_EPI1121218	0.004718	7.270455999999989	9.48322299999999	0.004281621617771477	0.0047296218708173425	7.280993712669325	2018-09-01	cTiterSub_x-ne_star	north	2018
2018-02-01	A/Singapore/TT1692/2017_EPI1145628	0.017952000000000003	8.885155999999997	11.44077999999999	0.0015273882229173003	0.017967331077740945	8.892679060249828	2018-09-01	cTiterSub_x-ne_star	north	2018
2018-02-01	A/Singapore/TT1740/2017_EPI1145511	0.02197	8.909521999999983	11.546130999999981	-0.008416123071028177	0.02186158843790196	8.91816098548824	2018-09-01	cTiterSub_x-ne_star	north	2018
2018-02-01	A/Slovenia/2739/2017_EPI1154870	0.024078	6.231357999999992	8.308814999999994	0.004281621617771477	0.024137311446701986	6.241273383203654	2018-09-01	cTiterSub_x-ne_star	north	2018
2018-02-01	A/South_Africa/R03997/2017_EPI1060910	1.4000000000000001e-05	9.331287999999997	11.559027999999982	0.0342195133396031	1.428173396077281e-05	9.337135061138142	2018-09-01	cTiterSub_x-ne_star	north	2018
2018-02-01	A/South_Africa/R04468/2017_EPI1060914	2.3e-05	10.32845899999999	12.63084899999999	0.00792783851992672	2.3105748776896613e-05	10.335707256690963	2018-09-01	cTiterSub_x-ne_star	north	2018
2018-02-01	A/South_Africa/R05130/2017_EPI1060924	4.2e-05	9.431260999999987	11.78461399999999	0.00518084100268376	4.21255497276782e-05	9.438473898069677	2018-09-01	cTiterSub_x-ne_star	north	2018
2018-02-01	A/South_Africa/R05604/2017_EPI1060698	6.3e-05	8.079841999999983	10.536100999999983	-0.01586098329257646	6.241746656484182e-05	8.089897792054394	2018-09-01	cTiterSub_x-ne_star	north	2018
2018-02-01	A/South_Africa/R06409/2017_EPI1106179	0.000117	10.430779999999988	12.779118999999993	0.0019540453487147617	0.00011712906629845658	10.438002350794967	2018-09-01	cTiterSub_x-ne_star	north	2018
2018-02-01	A/South_Africa/R06488/2017_EPI1060938	0.00013000000000000002	9.331287999999997	11.559027999999982	0.0342195133396031	0.00013261610106431895	9.337135061138142	2018-09-01	cTiterSub_x-ne_star	north	2018
2018-02-01	A/South_Africa/R07316/2017_EPI1106187	0.00025699999999999996	9.331287999999997	11.559027999999982	0.0342195133396031	0.0002621718305656151	9.337135061138142	2018-09-01	cTiterSub_x-ne_star	north	2018
2018-02-01	A/South_Africa/R5138/2017_EPI1066450	5e-05	9.431260999999987	11.78461399999999	0.00518084100268376	5.014946396152168e-05	9.438473898069677	2018-09-01	cTiterSub_x-ne_star	north	2018
2018-02-01	A/South_Africa/R6078/2017_EPI1066482	8.4e-05	7.058991999999985	9.433616999999984	-0.0027979932541450283	8.385987901834834e-05	7.0681680395468875	2018-09-01	cTiterSub_x-ne_star	north	2018
2018-02-01	A/South_Africa/R7169/2017_EPI1079574	0.00023199999999999997	9.431260999999987	11.78461399999999	0.00518084100268376	0.00023269351278146054	9.438473898069677	2018-09-01	cTiterSub_x-ne_star	north	2018
2018-02-01	A/South_Africa/R7171/2017_EPI1079596	0.00023199999999999997	9.431260999999987	11.78461399999999	0.00518084100268376	0.00023269351278146054	9.438473898069677	2018-09-01	cTiterSub_x-ne_star	north	2018
2018-02-01	A/South_Africa/R7619/2017_EPI1079741	0.000346	9.331287999999997	11.559027999999982	0.0342195133396031	0.00035296285360195655	9.337135061138142	2018-09-01	cTiterSub_x-ne_star	north	2018
2018-02-01	A/South_Africa/R7724/2017_EPI1079871	0.000363	9.331287999999997	11.559027999999982	0.0342195133396031	0.00037030495912575214	9.337135061138142	2018-09-01	cTiterSub_x-ne_star	north	2018
2018-02-01	A/South_Africa/R7907/2017_EPI1080433	0.000462	9.331287999999997	11.559027999999982	0.0342195133396031	0.00047129722070550267	9.337135061138142	2018-09-01	cTiterSub_x-ne_star	north	2018
2018-02-01	A/South_Africa/R7915/2017_EPI1080445	0.0004	10.330474999999986	12.558964999999978	0.009472938204148818	0.000402201453294477	10.33633065823155	2018-09-01	cTiterSub_x-ne_star	north	2018
2018-02-01	A/South_Africa/R7931/2017_EPI1080454	0.0004	10.318767999999986	12.53742299999998	0.016535684365353923	0.00040386191539328135	10.32431743061702	2018-09-01	cTiterSub_x-ne_star	north	2018
2018-02-01	A/South_Australia/1041/2017_EPI1126162	0.0012779999999999	13.495960999999985	15.401974999999972	-0.005954846235863185	0.0012735208132114483	13.503227541080722	2018-09-01	cTiterSub_x-ne_star	north	2018
2018-02-01	A/South_Australia/192/2017_EPI1045528	5.3e-05	13.51166599999999	15.398182999999971	-0.009366340462779357	5.27092455697714e-05	13.518725737314288	2018-09-01	cTiterSub_x-ne_star	north	2018
2018-02-01	A/South_Australia/203/2017_EPI1057302	0.000123	12.511784999999994	14.39819399999998	0.015380234672674926	0.00012410386325448203	12.518831155805444	2018-09-01	cTiterSub_x-ne_star	north	2018
2018-02-01	A/South_africa/R7908/2017_EPI1080436	0.000462	9.331287999999997	11.559027999999982	0.0342195133396031	0.00047129722070550267	9.337135061138142	2018-09-01	cTiterSub_x-ne_star	north	2018
2018-02-01	A/Sri_Lanka/56/2017_EPI1082875	8.8e-05	7.606545999999992	10.04360199999999	-0.0016766688637797553	8.791069068921604e-05	7.614497542214451	2018-09-01	cTiterSub_x-ne_star	north	2018
2018-02-01	A/Sri_Lanka/72/2017_EPI1082878	0.00018899999999999999	9.029254999999985	11.37452099999999	0.004591575799376634	0.00018949982428073306	9.039195938902663	2018-09-01	cTiterSub_x-ne_star	north	2018
2018-02-01	A/Stockholm/31/2017_EPI1078222	0.00022	8.22658999999998	10.242310999999996	-0.04472010317066806	0.00021432712780893818	8.236555970833114	2018-09-01	cTiterSub_x-ne_star	north	2018
2018-02-01	A/Stockholm/40/2017_EPI1086528	0.0034	8.812151999999998	11.40505799999999	0.0015273882229173003	0.003402903613208512	8.81961271455022	2018-09-01	cTiterSub_x-ne_star	north	2018
2018-02-01	A/Suriname/2171/2017_EPI1049527	0.00028399999999999996	7.230776999999984	9.308803999999995	-0.020464953517682807	0.00028061931826569436	7.24071214456712	2018-09-01	cTiterSub_x-ne_star	north	2018
2018-02-01	A/Suriname/2326/2017_EPI1142574	0.014761000000000002	7.194988999999982	9.307435999999996	0.0018555788405391401	0.014776434548098053	7.2047646574349375	2018-09-01	cTiterSub_x-ne_star	north	2018
2018-02-01	A/Switzerland/431/2017_EPI1125486	0.000244	7.909226999999986	10.717248999999983	0.011568708903894413	0.00024564300968002423	7.918479300349889	2018-09-01	cTiterSub_x-ne_star	north	2018
2018-02-01	A/Sydney/1111/2017_EPI1126118	0.000508	8.896706999999983	11.695643999999989	-0.005710951659274158	0.0005062915666829618	8.90566166982878	2018-09-01	cTiterSub_x-ne_star	north	2018
2018-02-01	A/Sydney/221/2017_EPI1153077	0.004572	6.231357999999992	8.308814999999994	0.004281621617771477	0.004583262228354576	6.241273383203654	2018-09-01	cTiterSub_x-ne_star	north	2018
2018-02-01	A/TOKYO/17176/2017_EPI1057824	1.9e-05	10.323624999999986	12.28189699999998	-0.012480925527249482	1.8861467837331037e-05	10.329604120375636	2018-09-01	cTiterSub_x-ne_star	north	2018
2018-02-01	A/TOKYO/17185/2017_EPI1057832	2.7000000000000002e-05	9.547213999999993	11.891993999999984	0.01884674079866445	2.7297454637009917e-05	9.552037899717938	2018-09-01	cTiterSub_x-ne_star	north	2018
2018-02-01	A/TOKYO/17327/2017_EPI1126245	0.0016940000000000002	8.905825999999985	11.71723799999999	-0.01317786623155987	0.0016809652307841305	8.915117369888328	2018-09-01	cTiterSub_x-ne_star	north	2018
2018-02-01	A/TOKYO/17330/2017_EPI1140019	0.001761	7.92107299999999	10.440790999999987	0.0015273882229173003	0.001762503900841232	7.928613722405307	2018-09-01	cTiterSub_x-ne_star	north	2018
2018-02-01	A/TOKYO/17390/2017_EPI1139924	0.0073319999999999	10.396391999999999	12.497755999999974	0.03581466247810462	0.0074865110859801375	10.400075059490504	2018-09-01	cTiterSub_x-ne_star	north	2018
2018-02-01	A/Taiwan/535/2017_EPI1046854	1.7e-05	9.367102	11.560395999999981	0.0122656496082048	1.7121431267544264e-05	9.373107591179252	2018-09-01	cTiterSub_x-ne_star	north	2018
2018-02-01	A/Taiwan/540/2017_EPI1046856	1.6e-05	9.028797999999984	11.532785999999989	0.004836642936827568	1.604460667275077e-05	9.039733579770681	2018-09-01	cTiterSub_x-ne_star	north	2018
2018-02-01	A/Tasmania/13/2017_EPI1058715	0.000145	8.616781999999995	10.928092999999985	0.01884674079866445	0.00014659744156912734	8.621183138735596	2018-09-01	cTiterSub_x-ne_star	north	2018
2018-02-01	A/Tasmania/62/2017_EPI1152927	0.00296	9.610245999999995	11.884057999999982	-0.005899834336789832	0.002949720326478195	9.61468172807206	2018-09-01	cTiterSub_x-ne_star	north	2018
2018-02-01	A/Tasmania/67/2017_EPI1153011	0.004868	6.231357999999992	8.308814999999994	0.004281621617771477	0.004879991366498267	6.241273383203654	2018-09-01	cTiterSub_x-ne_star	north	2018
2018-02-01	A/Texas/275/2017_EPI1035594	5.9e-05	7.079980999999994	9.536111999999996	0.004836642936827568	5.916448710576847e-05	7.090022626987532	2018-09-01	cTiterSub_x-ne_star	north	2018
2018-02-01	A/Texas/296/2017_EPI1117645	0.009511	6.231357999999992	8.308814999999994	0.004281621617771477	0.009534428489475149	6.241273383203654	2018-09-01	cTiterSub_x-ne_star	north	2018
2018-02-01	A/Texas/298/2017_EPI1107171	0.01123	7.270455999999989	9.48322299999999	0.004281621617771477	0.011257662909978542	7.280993712669325	2018-09-01	cTiterSub_x-ne_star	north	2018
2018-02-01	A/Thailand/CU-E386/2017_EPI1133577	3.9e-05	9.154131999999995	11.293849999999981	0.004281621617771477	3.909606887704035e-05	9.165286723266957	2018-09-01	cTiterSub_x-ne_star	north	2018
2018-02-01	A/Toamasina/2755/2017_EPI1038879	2.4e-05	10.021661999999983	12.20854999999999	-0.014880774036270373	2.3791682428326905e-05	10.03150621771996	2018-09-01	cTiterSub_x-ne_star	north	2018
2018-02-01	A/Togo/1035/2017_EPI1146045	0.005338	10.212872999999982	12.513613999999983	-0.01317786623155987	0.005296925857098989	10.221998956936597	2018-09-01	cTiterSub_x-ne_star	north	2018
2018-02-01	A/Trang/87/2017_EPI1058593	3.3e-05	8.155480999999984	10.302184999999994	0.004281621617771477	3.308128904980338e-05	8.166636774587435	2018-09-01	cTiterSub_x-ne_star	north	2018
2018-02-01	A/Uruguay/343/2017_EPI1048951	2.6000000000000002e-05	10.339840999999991	12.610883999999986	0.0050095601347480735	2.607511586489109e-05	10.347371788535545	2018-09-01	cTiterSub_x-ne_star	north	2018
2018-02-01	A/Utah/36/2017_EPI1124126	0.013915	6.231357999999992	8.308814999999994	0.004281621617771477	0.013949276882667089	6.241273383203654	2018-09-01	cTiterSub_x-ne_star	north	2018
2018-02-01	A/Valdivia/55159/2017_EPI1049247	7.5e-05	11.320399999999982	13.35460099999998	0.03283484602541631	7.644751574489287e-05	11.327346284111366	2018-09-01	cTiterSub_x-ne_star	north	2018
2018-02-01	A/Victoria/1006/2017_EPI1058733	0.000161	10.412292999999988	12.485173999999988	0.005987758854572259	0.00016155730141941417	10.419102143043139	2018-09-01	cTiterSub_x-ne_star	north	2018
2018-02-01	A/Victoria/2027/2017_EPI1057257	3.3e-05	8.064185999999983	10.512162999999985	0.004836642936827568	3.309200126254847e-05	8.07425254427849	2018-09-01	cTiterSub_x-ne_star	north	2018
2018-02-01	A/Victoria/204/2017_EPI1152936	0.002757	6.231357999999992	8.308814999999994	0.004281621617771477	0.002763791330615391	6.241273383203654	2018-09-01	cTiterSub_x-ne_star	north	2018
2018-02-01	A/Victoria/219/2017_EPI1140438	0.002385	7.909226999999986	10.717248999999983	0.011568708903894413	0.0024010597462576135	7.918479300349889	2018-09-01	cTiterSub_x-ne_star	north	2018
2018-02-01	A/Victoria/500/2017_EPI1045330	2.6000000000000002e-05	7.196801999999984	8.720291999999993	0.004281621617771477	2.60640459180269e-05	7.206783268600073	2018-09-01	cTiterSub_x-ne_star	north	2018
2018-02-01	A/Victoria/540/2017_EPI1045561	0.000105	13.499792999999986	15.395619999999976	0.015380234672674926	0.00010594232229041148	13.506822764767158	2018-09-01	cTiterSub_x-ne_star	north	2018
2018-02-01	A/Victoria/617/2017_EPI1058790	0.00028399999999999996	12.39733499999999	14.623077999999973	-0.06923016527161477	0.00027274918538985676	12.404244459803	2018-09-01	cTiterSub_x-ne_star	north	2018
2018-02-01	A/Victoria/640/2017_EPI1060359	0.000484	13.499792999999986	15.395619999999976	0.015380234672674926	0.0004883436570338967	13.506822764767158	2018-09-01	cTiterSub_x-ne_star	north	2018
2018-02-01	A/Victoria/720/2017_EPI1132153	0.001444	12.498529999999995	14.40198599999998	0.018791728899591097	0.0014598614665540118	12.505774582707158	2018-09-01	cTiterSub_x-ne_star	north	2018
2018-02-01	A/Victoria/893/2017_EPI1140570	0.004572	10.537939999999994	12.887052999999977	0.04183134988566279	0.004684761605045287	10.542549731936779	2018-09-01	cTiterSub_x-ne_star	north	2018
2018-02-01	A/Vietnam/GHS798/2017_EPI1145967	0.000346	8.21786699999998	10.284588999999995	-0.019988038177101167	0.00034197640692676466	8.228031229099376	2018-09-01	cTiterSub_x-ne_star	north	2018
2018-02-01	A/Vietnam/GHS846/2017_EPI1145983	0.0007	9.615368999999994	11.61691199999998	0.00552893921189798	0.0007022350749352651	9.619778668585726	2018-09-01	cTiterSub_x-ne_star	north	2018
2018-02-01	A/Vietnam/GHS890/2017_EPI1145991	0.0013310000000000002	8.616781999999995	10.928092999999985	0.01884674079866445	0.0013456634119207481	8.621183138735596	2018-09-01	cTiterSub_x-ne_star	north	2018
2018-02-01	A/Vietnam/Lisn131/2017_EPI1145959	0.00025699999999999996	10.546686999999993	12.890536999999975	-0.005899834336789832	0.0002561074742921946	10.55152568476934	2018-09-01	cTiterSub_x-ne_star	north	2018
2018-02-01	A/VinadelMar/70327/2017_EPI1108096	0.002054	7.227117999999983	9.295249999999996	0.004281621617771477	0.002059059627524125	7.237037345002545	2018-09-01	cTiterSub_x-ne_star	north	2018
2018-02-01	A/Virginia/31/2017_EPI1085716	0.001629	9.364385999999998	11.511068999999981	-0.012480925527249482	0.0016171226898427501	9.370409541527168	2018-09-01	cTiterSub_x-ne_star	north	2018
2018-02-01	A/WAKAYAMA-C/100/2017_EPI1086426	0.000117	8.184815999999984	9.698686999999996	-0.020472978096905632	0.0001156067131991208	8.194500617444971	2018-09-01	cTiterSub_x-ne_star	north	2018
2018-02-01	A/WAKAYAMA-C/101/2017_EPI1086428	0.00013000000000000002	12.413202999999985	14.679898999999972	-0.04431230926822481	0.00012667797879614443	12.420116743213855	2018-09-01	cTiterSub_x-ne_star	north	2018
2018-02-01	A/WAKAYAMA-C/102/2017_EPI1086430	0.00023199999999999997	7.92107299999999	10.440790999999987	0.0015273882229173003	0.00023219812890128667	7.928613722405307	2018-09-01	cTiterSub_x-ne_star	north	2018
2018-02-01	A/WAKAYAMA-C/107/2017_EPI1118572	0.000583	8.616781999999995	10.928092999999985	0.01884674079866445	0.0005894228167917325	8.621183138735596	2018-09-01	cTiterSub_x-ne_star	north	2018
2018-02-01	A/West_Virginia/22/2017_EPI1042695	5.9e-05	9.616650999999994	11.928081999999982	-0.005899834336789832	5.8795101102099154e-05	9.621065548533391	2018-09-01	cTiterSub_x-ne_star	north	2018
2018-02-01	A/Wisconsin/318/2017_EPI1049815	0.00023199999999999997	10.582242999999993	13.04343299999998	-0.025502295557406775	0.00022856569981722028	10.590251833985532	2018-09-01	cTiterSub_x-ne_star	north	2018
2018-02-01	A/Wisconsin/333/2017_EPI1099864	0.008163	6.231357999999992	8.308814999999994	0.004281621617771477	0.008183107954955908	6.241273383203654	2018-09-01	cTiterSub_x-ne_star	north	2018
2018-02-01	A/Wyoming/18/2017_EPI1049672	0.00016999999999999999	7.079980999999994	9.536111999999996	0.004836642936827568	0.00017047394589797692	7.090022626987532	2018-09-01	cTiterSub_x-ne_star	north	2018
2018-02-01	A/YOKOHAMA/142/2017_EPI1057872	0.00016999999999999999	8.920719999999998	11.407886999999988	-0.023219186912536983	0.00016770669228416312	8.928278309020742	2018-09-01	cTiterSub_x-ne_star	north	2018
2018-02-01	A/YOKOHAMA/143/2017_EPI1057880	0.00033	8.367656999999996	10.560406999999987	0.0122656496082048	0.00033235719519350635	8.373643786906856	2018-09-01	cTiterSub_x-ne_star	north	2018
2018-02-01	A/YOKOHAMA/145/2017_EPI1126242	0.003761	8.913537999999997	11.44077999999999	0.0015273882229173003	0.0037642119086109455	8.921085298588089	2018-09-01	cTiterSub_x-ne_star	north	2018
2018-02-01	A/YOKOHAMA/147/2017_EPI1129938	0.007133	8.616781999999995	10.928092999999985	0.01884674079866445	0.007211583108362656	8.621183138735596	2018-09-01	cTiterSub_x-ne_star	north	2018
2018-02-01	A/Zambia/305/2017_EPI1154886	0.013085	7.999341999999983	10.045120999999993	-0.00939850417545543	0.013012972417493883	8.009773103552913	2018-09-01	cTiterSub_x-ne_star	north	2018
2019-02-01	A-Rostov-CRIE-1-2018_EPI1322965	0.001259	9.165067999999986	12.466046999999971	0.024580108927714915	0.0012766510515672047	9.143968623010545	2019-09-01	cTiterSub_x-ne_star	north	2019
2019-02-01	A/AICHI/199/2018_EPI1312189	6.8e-05	13.568773999999987	17.717516999999983	-0.04395518760243858	6.62510497775206e-05	13.619458864528703	2019-09-01	cTiterSub_x-ne_star	north	2019
2019-02-01	A/Abu_Dhabi/102/2018_EPI1332417	0.002542	8.597817999999988	11.804438999999983	-0.03034701110488139	0.0024963580281537824	8.595701022428555	2019-09-01	cTiterSub_x-ne_star	north	2019
2019-02-01	A/Abu_Dhabi/112/2018_EPI1350030	0.002815	7.94463999999999	11.131763999999995	0.05993214751618605	0.00291394202528674	7.879933915917282	2019-09-01	cTiterSub_x-ne_star	north	2019
2019-02-01	A/Abu_Dhabi/114/2018_EPI1350046	0.002815	6.608127999999997	9.852454999999994	0.04377928736593901	0.0028866143511572322	6.605807218358525	2019-09-01	cTiterSub_x-ne_star	north	2019
2019-02-01	A/Abu_Dhabi/117/2018_EPI1350126	0.003109	6.608127999999997	9.852454999999994	0.04377928736593901	0.0031880937896084675	6.605807218358525	2019-09-01	cTiterSub_x-ne_star	north	2019
2019-02-01	A/Abu_Dhabi/124/2018_EPI1350054	0.004257	7.599603999999992	10.852444	0.007165309619868693	0.004273053094463932	7.597261112169597	2019-09-01	cTiterSub_x-ne_star	north	2019
2019-02-01	A/Abu_Dhabi/129/2018_EPI1350102	0.00413	6.608127999999997	9.852454999999994	0.04377928736593901	0.004235068302053062	6.605807218358525	2019-09-01	cTiterSub_x-ne_star	north	2019
2019-02-01	A/Alaska/50/2018_EPI1314704	0.001714	12.522902999999987	16.737826999999985	-0.0707647182775928	0.001644003675841575	12.575894146763742	2019-09-01	cTiterSub_x-ne_star	north	2019
2019-02-01	A/Alaska/61/2018_EPI1336567	0.013665	8.217679999999998	11.138598999999992	-0.01605618518118027	0.013531980944301681	8.166563062929661	2019-09-01	cTiterSub_x-ne_star	north	2019
2019-02-01	A/Alberta/RV3924/2018_EPI1325081	0.000125	11.993187999999995	15.504724999999986	0.02533160808276703	0.00012680806448858665	11.97008027176818	2019-09-01	cTiterSub_x-ne_star	north	2019
2019-02-01	A/Alberta/RV3927/2018_EPI1329317	0.000949	16.174937999999987	18.676592999999965	-0.07125702393825432	0.0009099833773331069	16.167842832911944	2019-09-01	cTiterSub_x-ne_star	north	2019
2019-02-01	A/Antofagasta/58996/2018_EPI1313279	8.499999999999999e-05	8.297271999999998	10.694329999999994	-0.052765769419775364	8.238928200441778e-05	8.245445881029411	2019-09-01	cTiterSub_x-ne_star	north	2019
2019-02-01	A/Argentina/56/2018_EPI1268536	1.2e-05	13.68657699999998	17.77111499999999	-0.1257557426318151	1.114658602159322e-05	13.74428957689588	2019-09-01	cTiterSub_x-ne_star	north	2019
2019-02-01	A/Arizona/47/2018_EPI1350523	0.008493	6.608127999999997	9.852454999999994	0.04377928736593901	0.008709064186280065	6.605807218358525	2019-09-01	cTiterSub_x-ne_star	north	2019
2019-02-01	A/Arizona/52/2018_EPI1350422	0.010767	12.522902999999987	16.737826999999985	-0.0707647182775928	0.010327297303259183	12.575894146763742	2019-09-01	cTiterSub_x-ne_star	north	2019
2019-02-01	A/Bahrain/449/2018_EPI1311646	0.000393	14.635925999999984	18.731244999999983	-0.027547752123599223	0.00038657435163703003	14.68491162511596	2019-09-01	cTiterSub_x-ne_star	north	2019
2019-02-01	A/Bahrain/449/2018_EPI1316809	0.000393	14.635925999999984	18.731244999999983	-0.027547752123599223	0.00038657435163703003	14.68491162511596	2019-09-01	cTiterSub_x-ne_star	north	2019
2019-02-01	A/Bangkok/127/2018_EPI1281514	2.4e-05	11.803966999999982	15.962997999999981	0.015418497326327545	2.4206763683181006e-05	11.851782653076986	2019-09-01	cTiterSub_x-ne_star	north	2019
2019-02-01	A/Bangkok/59/2018_EPI1281520	6.1e-05	5.9088859999999945	9.168584999999991	0.02055779256489005	6.17102498561327e-05	5.868857609832153	2019-09-01	cTiterSub_x-ne_star	north	2019
2019-02-01	A/Bangladesh/1371/2018_EPI1313025	0.00017900000000000001	9.407446999999985	13.018962999999971	0.008888962224276611	0.0001798557543978078	9.38075479439792	2019-09-01	cTiterSub_x-ne_star	north	2019
2019-02-01	A/Bangladesh/151/2018_EPI1329272	0.00091	6.303177999999992	9.187473999999987	0.02055779256489005	0.0009205955306406682	6.2512115278283025	2019-09-01	cTiterSub_x-ne_star	north	2019
2019-02-01	A/Bangladesh/151/2018_EPI1350174	0.00091	6.303177999999992	9.187473999999987	0.02055779256489005	0.0009205955306406682	6.2512115278283025	2019-09-01	cTiterSub_x-ne_star	north	2019
2019-02-01	A/Bangladesh/15205/2018_EPI1336972	0.0008730000000000001	8.81373399999999	11.74330099999998	0.03704918849438399	0.0008917017483445484	8.752797438210624	2019-09-01	cTiterSub_x-ne_star	north	2019
2019-02-01	A/Bangladesh/178/2018_EPI1329264	0.00024300000000000002	9.407446999999985	13.018962999999971	0.008888962224276611	0.0002441617224506553	9.38075479439792	2019-09-01	cTiterSub_x-ne_star	north	2019
2019-02-01	A/Bangladesh/186/2018_EPI1314560	9e-05	7.93574599999999	11.120102999999995	0.11762216651985417	9.635186316728689e-05	7.871058082734366	2019-09-01	cTiterSub_x-ne_star	north	2019
2019-02-01	A/Bangladesh/188/2018_EPI1314552	9e-05	9.453649999999984	13.025788999999973	0.008888962224276611	9.043026757431676e-05	9.42851033180383	2019-09-01	cTiterSub_x-ne_star	north	2019
2019-02-01	A/Bangladesh/188/2018_EPI1316926	9e-05	9.453649999999984	13.025788999999973	0.008888962224276611	9.043026757431676e-05	9.42851033180383	2019-09-01	cTiterSub_x-ne_star	north	2019
2019-02-01	A/Bangladesh/2013/2018_EPI1332770	0.000495	10.40571199999999	14.012094999999983	-0.02937657895837687	0.0004863874634717778	10.379051579876611	2019-09-01	cTiterSub_x-ne_star	north	2019
2019-02-01	A/Bangladesh/215/2018_EPI1350150	0.000268	6.950279999999983	10.131858999999992	0.08526519084347925	0.0002815497432734764	6.885761799967842	2019-09-01	cTiterSub_x-ne_star	north	2019
2019-02-01	A/Bangladesh/3005/2018_EPI1329363	0.000341	6.950279999999983	10.131858999999992	0.08526519084347925	0.00035824053155319194	6.885761799967842	2019-09-01	cTiterSub_x-ne_star	north	2019
2019-02-01	A/Bangladesh/3031/2018_EPI1332441	0.000106	6.950279999999983	10.131858999999992	0.08526519084347925	0.00011135922681712125	6.885761799967842	2019-09-01	cTiterSub_x-ne_star	north	2019
2019-02-01	A/Bangladesh/3031/2018_EPI1336916	0.000106	6.950279999999983	10.131858999999992	0.08526519084347925	0.00011135922681712125	6.885761799967842	2019-09-01	cTiterSub_x-ne_star	north	2019
2019-02-01	A/Bangladesh/3033/2018_EPI1332472	0.000118	9.407446999999985	13.018962999999971	0.008888962224276611	0.00011856412859743753	9.38075479439792	2019-09-01	cTiterSub_x-ne_star	north	2019
2019-02-01	A/Bangladesh/4004/2018_EPI1332449	0.00017900000000000001	9.407446999999985	13.018962999999971	0.008888962224276611	0.0001798557543978078	9.38075479439792	2019-09-01	cTiterSub_x-ne_star	north	2019
2019-02-01	A/Bangladesh/4004/2018_EPI1336893	0.00017900000000000001	9.407446999999985	13.018962999999971	0.008888962224276611	0.0001798557543978078	9.38075479439792	2019-09-01	cTiterSub_x-ne_star	north	2019
2019-02-01	A/Bangladesh/4008/2018_EPI1329379	0.000393	9.407446999999985	13.018962999999971	0.008888962224276611	0.0003948788350745165	9.38075479439792	2019-09-01	cTiterSub_x-ne_star	north	2019
2019-02-01	A/Bangladesh/4008/2018_EPI1336885	0.000393	9.407446999999985	13.018962999999971	0.008888962224276611	0.0003948788350745165	9.38075479439792	2019-09-01	cTiterSub_x-ne_star	north	2019
2019-02-01	A/Bangladesh/526/2018_EPI1314568	0.000131	10.407174999999992	14.018951999999985	-0.027725015521793708	0.00012884479350169922	10.380497104810923	2019-09-01	cTiterSub_x-ne_star	north	2019
2019-02-01	A/Bangladesh/683/2018_EPI1317739	3.4e-05	6.950279999999983	10.131858999999992	0.08526519084347925	3.5718997280963424e-05	6.885761799967842	2019-09-01	cTiterSub_x-ne_star	north	2019
2019-02-01	A/Bangladesh/723/2018_EPI1350158	0.0008730000000000001	8.454209999999982	12.045605000000004	0.008888962224276611	0.0008771735954708727	8.429061851940224	2019-09-01	cTiterSub_x-ne_star	north	2019
2019-02-01	A/Bangladesh/724/2018_EPI1332590	0.00091	9.448565999999984	12.552471999999971	-0.027820675465016848	0.0008949787755468167	9.423539202406161	2019-09-01	cTiterSub_x-ne_star	north	2019
2019-02-01	A/Bangladesh/973/2018_EPI1316942	1.6e-05	8.454209999999982	12.045605000000004	0.008888962224276611	1.6076492013211867e-05	8.429061851940224	2019-09-01	cTiterSub_x-ne_star	north	2019
2019-02-01	A/Bangladesh/974/2018_EPI1316918	1.6e-05	9.407446999999985	13.018962999999971	0.008888962224276611	1.6076492013211867e-05	9.38075479439792	2019-09-01	cTiterSub_x-ne_star	north	2019
2019-02-01	A/Beijing-Chaoyang/12841/2018_EPI1339090	0.012985	14.273787999999987	18.27667199999998	-0.02774175315757793	0.012771246631121254	14.327297924346096	2019-09-01	cTiterSub_x-ne_star	north	2019
2019-02-01	A/Bhutan/1204/2018_EPI1323255	0.00091	6.950279999999983	10.131858999999992	0.08526519084347925	0.0009560084566375503	6.885761799967842	2019-09-01	cTiterSub_x-ne_star	north	2019
2019-02-01	A/Bhutan/1216/2018_EPI1323239	0.0016510000000000001	6.950279999999983	10.131858999999992	0.08526519084347925	0.0017344724856138416	6.885761799967842	2019-09-01	cTiterSub_x-ne_star	north	2019
2019-02-01	A/Bhutan/1216/2018_EPI1323431	0.0016510000000000001	6.950279999999983	10.131858999999992	0.08526519084347925	0.0017344724856138416	6.885761799967842	2019-09-01	cTiterSub_x-ne_star	north	2019
2019-02-01	A/Bhutan/244/2018_EPI1323486	0.002372	7.925243999999989	11.131096999999995	0.04865121309740893	0.002439266762097958	7.86041569059924	2019-09-01	cTiterSub_x-ne_star	north	2019
2019-02-01	A/Bhutan/740/2018_EPI1323088	0.002134	8.932291999999991	12.13179499999998	0.08526519084347925	0.0022418923587522333	8.866944668971708	2019-09-01	cTiterSub_x-ne_star	north	2019
2019-02-01	A/Bhutan/740/2018_EPI1323303	0.002134	8.932291999999991	12.13179499999998	0.08526519084347925	0.0022418923587522333	8.866944668971708	2019-09-01	cTiterSub_x-ne_star	north	2019
2019-02-01	A/Bhutan/865/2018_EPI1323231	0.002134	6.950279999999983	10.131858999999992	0.08526519084347925	0.0022418923587522333	6.885761799967842	2019-09-01	cTiterSub_x-ne_star	north	2019
2019-02-01	A/Bhutan/865/2018_EPI1323311	0.002134	6.950279999999983	10.131858999999992	0.08526519084347925	0.0022418923587522333	6.885761799967842	2019-09-01	cTiterSub_x-ne_star	north	2019
2019-02-01	A/Bolivia/0703/2018_EPI1317174	1.1e-05	12.844088999999984	16.723672999999987	-0.036815612078994024	1.0761808646700242e-05	12.890261181055745	2019-09-01	cTiterSub_x-ne_star	north	2019
2019-02-01	A/Bolivia/1046/2018_EPI1317158	2.4e-05	7.908709999999985	11.166840999999993	-0.015006064752219883	2.37809401056583e-05	7.868699952236068	2019-09-01	cTiterSub_x-ne_star	north	2019
2019-02-01	A/Bolivia/3906/2018_EPI1332622	0.0015300000000000001	20.74980099999998	18.07672999999998	-0.03437413613655379	0.001499003100288106	20.75562187856986	2019-09-01	cTiterSub_x-ne_star	north	2019
2019-02-01	A/Brazil/7331/2018_EPI1326047	8.1e-05	16.922492	15.613739999999988	0.0597296142260519	8.383709419196102e-05	16.924070950337878	2019-09-01	cTiterSub_x-ne_star	north	2019
2019-02-01	A/Brazil/8169/2018_EPI1335166	7.2e-05	14.536840999999981	18.32669299999998	-0.1096740105958196	6.750986559757426e-05	14.584490288161591	2019-09-01	cTiterSub_x-ne_star	north	2019
2019-02-01	A/Brazil/8341/2018_EPI1310665	3.9e-05	12.630584999999986	16.301738999999987	-0.059592498944368834	3.7651902585302304e-05	12.679832534494409	2019-09-01	cTiterSub_x-ne_star	north	2019
2019-02-01	A/Brazil/8341/2018_EPI1313176	3.9e-05	12.630584999999986	16.301738999999987	-0.059592498944368834	3.7651902585302304e-05	12.679832534494409	2019-09-01	cTiterSub_x-ne_star	north	2019
2019-02-01	A/Brazil/8415/2018_EPI1310689	4.1e-05	11.837625999999991	15.742237999999976	-0.0707647182775928	3.93256421875756e-05	11.883852915407171	2019-09-01	cTiterSub_x-ne_star	north	2019
2019-02-01	A/Brisbane/161/2018_EPI1328343	0.0068260000000000005	11.569082999999994	15.743873999999973	-0.03415074053152248	0.006688580816198967	11.61974107268181	2019-09-01	cTiterSub_x-ne_star	north	2019
2019-02-01	A/Brisbane/73/2018_EPI1269291	1.6e-05	11.236148999999992	15.151088999999997	-0.0707647182775928	1.5346592073200233e-05	11.27647438791787	2019-09-01	cTiterSub_x-ne_star	north	2019
2019-02-01	A/Brisbane/77/2018_EPI1275692	1.7e-05	11.236148999999992	15.151088999999997	-0.0707647182775928	1.630575407777525e-05	11.27647438791787	2019-09-01	cTiterSub_x-ne_star	north	2019
2019-02-01	A/Brisbane/89/2018_EPI1274935	2.8999999999999997e-05	12.235944999999989	16.151077999999977	-0.10737869602366311	2.7227905602997345e-05	12.276292242618329	2019-09-01	cTiterSub_x-ne_star	north	2019
2019-02-01	A/Brisbane/94/2018_EPI1275698	6.8e-05	12.235944999999989	16.151077999999977	-0.10737869602366311	6.38447441725455e-05	12.276292242618329	2019-09-01	cTiterSub_x-ne_star	north	2019
2019-02-01	A/Busan/1458/2018_EPI1319036	0.0019850000000000002	12.624502999999988	16.46996999999998	-0.03539435121747628	0.0019436280212332601	12.672618036340102	2019-09-01	cTiterSub_x-ne_star	north	2019
2019-02-01	A/Canberra/345/2018_EPI1336495	0.01457	6.098133999999997	8.94873999999999	-0.016406877962526108	0.014425220132459289	6.1083156925722335	2019-09-01	cTiterSub_x-ne_star	north	2019
2019-02-01	A/Canterbury/3/2018_EPI1279334	1.9e-05	8.471071999999982	12.045605000000004	0.0004269071551827985	1.899683031465099e-05	8.445938388567054	2019-09-01	cTiterSub_x-ne_star	north	2019
2019-02-01	A/Centre/2519/2018_EPI1328629	0.0134389999999999	11.569082999999994	15.743873999999973	-0.03415074053152248	0.01316844969072623	11.61974107268181	2019-09-01	cTiterSub_x-ne_star	north	2019
2019-02-01	A/Centre/2522/2018_EPI1328645	0.0134389999999999	11.569082999999994	15.743873999999973	-0.03415074053152248	0.01316844969072623	11.61974107268181	2019-09-01	cTiterSub_x-ne_star	north	2019
2019-02-01	A/Chanthaburi/1363/2018_EPI1310273	0.000118	8.195688999999998	11.187409999999993	0.03629287648503565	0.00012047467928634718	8.139315528657091	2019-09-01	cTiterSub_x-ne_star	north	2019
2019-02-01	A/Chongqing-Banan/11053/2018_EPI1351311	0.019197	6.9569369999999955	9.021556999999984	0.03751313489243858	0.019613553065589772	6.963923690530978	2019-09-01	cTiterSub_x-ne_star	north	2019
2019-02-01	A/Chongqing-Yuzhong/11841/2018_EPI1339072	0.010551999999999999	6.098133999999997	8.94873999999999	-0.016406877962526108	0.010447146385566947	6.1083156925722335	2019-09-01	cTiterSub_x-ne_star	north	2019
2019-02-01	A/Chongqing-Yuzhong/11928/2018_EPI1339102	0.0138919999999999	6.098133999999997	8.94873999999999	-0.016406877962526108	0.013753957315039329	6.1083156925722335	2019-09-01	cTiterSub_x-ne_star	north	2019
2019-02-01	A/Christchurch/504/2018_EPI1283283	0.00035800000000000003	11.569082999999994	15.743873999999973	-0.03415074053152248	0.0003507928409316188	11.61974107268181	2019-09-01	cTiterSub_x-ne_star	north	2019
2019-02-01	A/Colombia/0291/2018_EPI1316902	0.000101	8.905533999999987	11.848243999999996	-0.02767112401225233	9.934147516221364e-05	8.891856730218736	2019-09-01	cTiterSub_x-ne_star	north	2019
2019-02-01	A/Colombia/9948/2018_EPI1282822	6.1e-05	8.905533999999987	11.848243999999996	-0.02767112401225233	5.9998316682129024e-05	8.891856730218736	2019-09-01	cTiterSub_x-ne_star	north	2019
2019-02-01	A/Congo/357/2018_EPI1269158	1.9e-05	12.287073999999995	15.147567999999982	-0.025518016019895732	1.8711486772508973e-05	12.302817868584734	2019-09-01	cTiterSub_x-ne_star	north	2019
2019-02-01	A/Congo/416/2018_EPI1310641	6.500000000000001e-05	13.66874399999999	16.79908899999999	0.040651377038417216	6.653211108220526e-05	13.675713638675475	2019-09-01	cTiterSub_x-ne_star	north	2019
2019-02-01	A/Curico/60608/2018_EPI1273948	0.000154	14.480427999999982	18.727090999999984	-0.04563627986491683	0.00014989208030493807	14.532533644409728	2019-09-01	cTiterSub_x-ne_star	north	2019
2019-02-01	A/Denmark/1788/2018_EPI1332006	0.004257	6.303177999999992	9.187473999999987	0.02055779256489005	0.004306566125205851	6.2512115278283025	2019-09-01	cTiterSub_x-ne_star	north	2019
2019-02-01	A/Denmark/1840/2018_EPI1354429	0.014343999999999999	6.8800979999999905	10.15682899999999	0.02055779256489005	0.014511013507153564	6.839739230954677	2019-09-01	cTiterSub_x-ne_star	north	2019
2019-02-01	A/EHIME/35/2018_EPI1335539	0.002134	10.557357999999985	14.052478999999996	0.02854850697815578	0.002168933517127228	10.492720811081977	2019-09-01	cTiterSub_x-ne_star	north	2019
2019-02-01	A/Egypt/5730/2018_EPI1345964	0.002211	8.215864999999997	11.127429999999991	-0.01705104897016441	0.002188207220955263	8.163490231254562	2019-09-01	cTiterSub_x-ne_star	north	2019
2019-02-01	A/Egypt/5816/2018_EPI1345966	0.002911	5.9088859999999945	9.168584999999991	0.02055779256489005	0.002944894054609874	5.868857609832153	2019-09-01	cTiterSub_x-ne_star	north	2019
2019-02-01	A/Florida/101/2018_EPI1323319	0.008493	7.245019999999984	10.14173099999999	-0.01605618518118027	0.008410326685690025	7.193627024818252	2019-09-01	cTiterSub_x-ne_star	north	2019
2019-02-01	A/Florida/109/2018_EPI1348713	0.010551999999999999	18.87130899999997	17.348535999999967	-0.013498341266088731	0.010464886544070143	18.87354067662905	2019-09-01	cTiterSub_x-ne_star	north	2019
2019-02-01	A/Florida/87/2018_EPI1319921	0.002722	10.65513099999999	13.862662999999998	0.06516248472422609	0.0028262831815178803	10.590553540095794	2019-09-01	cTiterSub_x-ne_star	north	2019
2019-02-01	A/Fujian-Siming/1954/2018_EPI1339075	0.012985	6.604353999999996	9.817851999999995	0.02253623206100075	0.013151359165136503	6.6042718701410195	2019-09-01	cTiterSub_x-ne_star	north	2019
2019-02-01	A/Fujian-Tongan/1542/2018_EPI1339420	5.5e-05	8.684917999999994	11.86685499999999	-0.018012950171429704	5.440248115726341e-05	8.646629692620717	2019-09-01	cTiterSub_x-ne_star	north	2019
2019-02-01	A/Fujian-Tongan/1542/2018_EPI1340317	5.5e-05	7.901591999999985	11.134470999999992	-0.016801441745236137	5.444094170014152e-05	7.861418252606061	2019-09-01	cTiterSub_x-ne_star	north	2019
2019-02-01	A/Fujian-Tongan/1958/2018_EPI1339099	0.012985	7.858612999999988	9.995147999999991	0.03751313489243858	0.013266759731035225	7.865339020642365	2019-09-01	cTiterSub_x-ne_star	north	2019
2019-02-01	A/Guam/7556/2018_EPI1539086	0.0152449999999999	8.233999999999982	11.992667000000003	0.02654185828490571	0.015476433730768959	8.209650796463556	2019-09-01	cTiterSub_x-ne_star	north	2019
2019-02-01	A/Guangxi-Babu/1913/2018_EPI1339054	0.0071790000000000005	8.442733999999998	12.086549999999995	0.04865121309740893	0.007382586882420423	8.389457689291667	2019-09-01	cTiterSub_x-ne_star	north	2019
2019-02-01	A/Guatemala/116/2018_EPI1313017	1.6e-05	11.844710999999993	15.746165999999974	-0.03415074053152248	1.567789233213939e-05	11.890864758932189	2019-09-01	cTiterSub_x-ne_star	north	2019
2019-02-01	A/Guatemala/121/2018_EPI1313088	2.4e-05	11.844710999999993	15.746165999999974	-0.03415074053152248	2.3516838498209085e-05	11.890864758932189	2019-09-01	cTiterSub_x-ne_star	north	2019
2019-02-01	A/Guatemala/126/2018_EPI1313048	3.9e-05	11.844710999999993	15.746165999999974	-0.03415074053152248	3.821486255958976e-05	11.890864758932189	2019-09-01	cTiterSub_x-ne_star	north	2019
2019-02-01	A/Guatemala/126/2018_EPI1320946	3.9e-05	11.844710999999993	15.746165999999974	-0.03415074053152248	3.821486255958976e-05	11.890864758932189	2019-09-01	cTiterSub_x-ne_star	north	2019
2019-02-01	A/Guatemala/143/2018_EPI1313072	2.3e-05	13.668352999999987	17.150504	-0.09430723049168843	2.1759834062915406e-05	13.718355714986412	2019-09-01	cTiterSub_x-ne_star	north	2019
2019-02-01	A/Guatemala/300/2018_EPI1313112	7.2e-05	19.093721999999968	17.28342799999997	0.049974959496688544	7.409902024034177e-05	19.092406518103594	2019-09-01	cTiterSub_x-ne_star	north	2019
2019-02-01	A/Guatemala/329/2018_EPI1313120	9.499999999999999e-05	20.093521999999975	18.28341699999998	0.013360981750618228	9.570350560567366e-05	20.092215111092386	2019-09-01	cTiterSub_x-ne_star	north	2019
2019-02-01	A/Guatemala/40/2018_EPI1320962	8.499999999999999e-05	11.844710999999993	15.746165999999974	-0.03415074053152248	8.32888030144905e-05	11.890864758932189	2019-09-01	cTiterSub_x-ne_star	north	2019
2019-02-01	A/Guizhou-Kaili/15/2019_EPI1351296	0.02043	7.017087999999996	9.935511999999983	-0.016406877962526108	0.02022699020632418	7.027456436587744	2019-09-01	cTiterSub_x-ne_star	north	2019
2019-02-01	A/Guizhou-Xixiu/11179/2018_EPI1351299	0.017835	7.756385999999994	10.109368999999989	-0.04247917110532068	0.01739125395691559	7.771599230087456	2019-09-01	cTiterSub_x-ne_star	north	2019
2019-02-01	A/HK/1078/2018_EPI1267293	1.3000000000000001e-05	10.899813999999987	13.774729999999975	-0.02090771847673627	1.2837073089103359e-05	10.85958791591244	2019-09-01	cTiterSub_x-ne_star	north	2019
2019-02-01	A/HK/1325/2018_EPI1278494	0.000106	9.208963999999987	12.99190499999997	0.02654185828490571	0.00010760918172919124	9.184304687094945	2019-09-01	cTiterSub_x-ne_star	north	2019
2019-02-01	A/HK/1708/2018_EPI1315890	0.000737	10.163323999999994	13.46603599999999	-0.012033868818355406	0.0007315402674642769	10.142260092483768	2019-09-01	cTiterSub_x-ne_star	north	2019
2019-02-01	A/HK/1757/2018_EPI1315894	0.000802	11.126303999999989	14.978665999999988	-0.01007211946116461	0.0007969702385208765	11.101851490633415	2019-09-01	cTiterSub_x-ne_star	north	2019
2019-02-01	A/HK/1763/2018_EPI1315896	0.0008730000000000001	9.208963999999987	12.99190499999997	0.02654185828490571	0.0008862529778262638	9.184304687094945	2019-09-01	cTiterSub_x-ne_star	north	2019
2019-02-01	A/HK/1826/2018_EPI1319595	0.001117	9.208963999999987	12.99190499999997	0.02654185828490571	0.0011339571319953453	9.184304687094945	2019-09-01	cTiterSub_x-ne_star	north	2019
2019-02-01	A/HK/2044/2018_EPI1319607	0.002058	9.208963999999987	12.99190499999997	0.02654185828490571	0.002089242415081845	9.184304687094945	2019-09-01	cTiterSub_x-ne_star	north	2019
2019-02-01	A/HK/2500/2018_EPI1324796	0.0071790000000000005	7.589985999999993	10.808237000000004	-0.014077745685069571	0.007117326836694729	7.5900372164676275	2019-09-01	cTiterSub_x-ne_star	north	2019
2019-02-01	A/Hawaii/44/2018_EPI1273766	1.2e-05	9.231203999999984	12.958563999999972	-0.010697184776130146	1.1920394499673959e-05	9.206912910800686	2019-09-01	cTiterSub_x-ne_star	north	2019
2019-02-01	A/Hawaii/45/2018_EPI1277468	3.4e-05	13.564687999999988	17.71706999999999	-0.0673697844673437	3.267615526240174e-05	13.615216982105643	2019-09-01	cTiterSub_x-ne_star	north	2019
2019-02-01	A/Hawaii/47/2018_EPI1271539	0.000118	10.208717999999998	13.983104999999982	0.02654185828490571	0.00011979135324570346	10.184065104388457	2019-09-01	cTiterSub_x-ne_star	north	2019
2019-02-01	A/Hawaii/50/2018_EPI1320984	0.000268	10.106909999999994	13.420303999999993	-0.012033868818355406	0.00026601464271428253	10.086384120000508	2019-09-01	cTiterSub_x-ne_star	north	2019
2019-02-01	A/Hawaii/51/2018_EPI1320992	0.000495	10.813603999999986	13.810097999999988	-0.0015429916983882366	0.0004943490345845072	10.79799910476465	2019-09-01	cTiterSub_x-ne_star	north	2019
2019-02-01	A/Hawaii/52/2018_EPI1311734	0.000647	10.030277999999992	13.077713999999991	-0.0003452089070262841	0.0006466007686214199	10.012787664750013	2019-09-01	cTiterSub_x-ne_star	north	2019
2019-02-01	A/Hawaii/61/2018_EPI1322627	0.0049310000000000005	12.697749999999985	16.94340899999999	-0.10737869602366311	0.004629682845806205	12.749124989170646	2019-09-01	cTiterSub_x-ne_star	north	2019
2019-02-01	A/Hawaii/64/2018_EPI1323000	0.006483	9.220826999999984	12.99265599999997	-0.01007211946116461	0.006442341716123245	9.196570200847415	2019-09-01	cTiterSub_x-ne_star	north	2019
2019-02-01	A/Hong_Kong/1079/2018_EPI1270786	1.3000000000000001e-05	9.905795999999983	12.774740999999985	0.006417676794281326	1.304333315162039e-05	9.865703967182313	2019-09-01	cTiterSub_x-ne_star	north	2019
2019-02-01	A/Hong_Kong/1100/2018_EPI1270790	1.7e-05	9.02707899999999	10.871920999999983	0.02115731129692737	1.72039539866296e-05	8.975537908568755	2019-09-01	cTiterSub_x-ne_star	north	2019
2019-02-01	A/Hong_Kong/1110/2018_EPI1270792	1.4999999999999999e-05	10.689121999999985	13.507124999999975	0.0052243817503460875	1.5039527299718396e-05	10.650915407196958	2019-09-01	cTiterSub_x-ne_star	north	2019
2019-02-01	A/Hunan-Lusong/11037/2018_EPI1351290	0.019012	6.098133999999997	8.94873999999999	-0.016406877962526108	0.018823080656027183	6.1083156925722335	2019-09-01	cTiterSub_x-ne_star	north	2019
2019-02-01	A/ISHIKAWA/77/2018_EPI1351529	0.003885	13.933875999999987	18.216057999999975	-0.005910984218433401	0.0038700175466779467	13.97100738261344	2019-09-01	cTiterSub_x-ne_star	north	2019
2019-02-01	A/ISHIKAWA/78/2018_EPI1351533	0.0077280000000000005	13.989315999999986	18.407873999999975	-0.005796823502651583	0.007698709734711895	14.026169919121523	2019-09-01	cTiterSub_x-ne_star	north	2019
2019-02-01	A/Iceland/102/2018_EPI1354445	0.007916	8.317013999999993	11.194447000000002	0.04750325305859706	0.00813503782283243	8.258217543868382	2019-09-01	cTiterSub_x-ne_star	north	2019
2019-02-01	A/Idaho/23/2018_EPI1325025	0.004006	9.407446999999985	13.018962999999971	0.008888962224276611	0.004025151687807922	9.38075479439792	2019-09-01	cTiterSub_x-ne_star	north	2019
2019-02-01	A/Idaho/25/2018_EPI1342863	0.006483	8.193813999999984	11.771971999999984	-0.05014330309280166	0.006293499261586824	8.199143941068407	2019-09-01	cTiterSub_x-ne_star	north	2019
2019-02-01	A/Indiana/27/2018_EPI1272688	2.9999999999999997e-05	49.712399	50.50633799999996	0.07162129235155756	3.126691782929725e-05	49.70333374837095	2019-09-01	cTiterSub_x-ne_star	north	2019
2019-02-01	A/Indiana/28/2018_EPI1271547	8.499999999999999e-05	12.225194999999989	16.095279999999978	-0.00020163433292370858	8.495466555742502e-05	12.266165857501875	2019-09-01	cTiterSub_x-ne_star	north	2019
2019-02-01	A/Indiana/28/2018_EPI1314544	8.499999999999999e-05	12.225194999999989	16.095279999999978	-0.00020163433292370858	8.495466555742502e-05	12.266165857501875	2019-09-01	cTiterSub_x-ne_star	north	2019
2019-02-01	A/Iowa/60/2018_EPI1324969	0.005220000000000001	6.098133999999997	8.94873999999999	-0.016406877962526108	0.00516812965624142	6.1083156925722335	2019-09-01	cTiterSub_x-ne_star	north	2019
2019-02-01	A/Iran/145771/2018_EPI1345990	0.012535	5.9088859999999945	9.168584999999991	0.02055779256489005	0.012680950523715137	5.868857609832153	2019-09-01	cTiterSub_x-ne_star	north	2019
2019-02-01	A/Ireland/71305/2018_EPI1346039	0.00413	8.704855999999985	12.05467599999998	0.06516248472422609	0.004288225400319194	8.64082708724783	2019-09-01	cTiterSub_x-ne_star	north	2019
2019-02-01	A/Ireland/78114/2018_EPI1354459	0.008689	7.55271599999999	11.092147999999993	0.04718451896310935	0.008927766860029803	7.493220869418416	2019-09-01	cTiterSub_x-ne_star	north	2019
2019-02-01	A/Jamaica/6191/2018_EPI1282683	2e-05	8.64447599999999	11.752321999999984	-0.008764519793590084	1.9889734977587528e-05	8.644533595707038	2019-09-01	cTiterSub_x-ne_star	north	2019
2019-02-01	A/Japan/7503/2018_EPI1551895	0.001362	6.608127999999997	9.852454999999994	0.04377928736593901	0.0013966496434373538	6.605807218358525	2019-09-01	cTiterSub_x-ne_star	north	2019
2019-02-01	A/Jiangsu-Quanshan/11727/2018_EPI1339060	0.0073599999999999	11.227990999999994	14.785876999999996	-0.032439547181071865	0.0072190328881014355	11.269396717141172	2019-09-01	cTiterSub_x-ne_star	north	2019
2019-02-01	A/Jiangsu-Sucheng/1694/2018_EPI1339423	0.000705	18.135307999999984	18.51958099999997	-0.01351575217765659	0.0006991726765426583	18.138296358401007	2019-09-01	cTiterSub_x-ne_star	north	2019
2019-02-01	A/Jiangxi-Zhushan/1657/2018_EPI1339441	0.0006190000000000001	7.086503999999987	9.919857999999989	0.01935423764744532	0.0006257678001488489	7.036422967842936	2019-09-01	cTiterSub_x-ne_star	north	2019
2019-02-01	A/KANAGAWA/85/2018_EPI1335515	0.002722	8.99688899999999	11.620376999999998	-0.020473215869022617	0.002688566968866818	8.968679812065131	2019-09-01	cTiterSub_x-ne_star	north	2019
2019-02-01	A/KANAGAWA/ZC1735/2018_EPI1278959	0.000393	11.569082999999994	15.743873999999973	-0.03415074053152248	0.0003850882304081737	11.61974107268181	2019-09-01	cTiterSub_x-ne_star	north	2019
2019-02-01	A/KAWASAKI/80/2018_EPI1326906	0.001714	14.338590999999981	18.30549399999998	-0.09296811435710914	0.0016228478719239737	14.393453201947933	2019-09-01	cTiterSub_x-ne_star	north	2019
2019-02-01	A/KOBE/355/2018_EPI1335527	0.0026309999999999997	9.655681999999992	13.07888799999999	0.02854850697815578	0.002674069392484412	9.591305480970593	2019-09-01	cTiterSub_x-ne_star	north	2019
2019-02-01	A/Kenya/156/2018_EPI1348504	0.000171	18.988343999999973	17.50818399999996	0.14821346889328782	0.0001863647070980236	18.974010523740738	2019-09-01	cTiterSub_x-ne_star	north	2019
2019-02-01	A/Kenya/158/2018_EPI1348520	0.00024300000000000002	18.988343999999973	17.50818399999996	0.14821346889328782	0.0002648340574550862	18.974010523740738	2019-09-01	cTiterSub_x-ne_star	north	2019
2019-02-01	A/Kenya/159/2018_EPI1343048	0.000268	18.988343999999973	17.50818399999996	0.14821346889328782	0.00029208035966239954	18.974010523740738	2019-09-01	cTiterSub_x-ne_star	north	2019
2019-02-01	A/Kenya/162/2018_EPI1343064	0.00024300000000000002	10.348393999999988	13.525335999999978	0.12676148237698426	0.00026154066360104336	10.32466045386283	2019-09-01	cTiterSub_x-ne_star	north	2019
2019-02-01	A/Kenya/163/2018_EPI1343072	0.00025499999999999996	9.528601999999992	12.43102799999999	0.1020511160164195	0.00027052851109682585	9.506852725476246	2019-09-01	cTiterSub_x-ne_star	north	2019
2019-02-01	A/Kenya/166/2018_EPI1343088	1.1e-05	8.065943999999988	10.900265999999998	0.01536125663425961	1.1094396235570697e-05	8.051311694705749	2019-09-01	cTiterSub_x-ne_star	north	2019
2019-02-01	A/La_Reunion/1965/2018_EPI1354463	0.0019850000000000002	5.9088859999999945	9.168584999999991	0.02055779256489005	0.0020081122289249743	5.868857609832153	2019-09-01	cTiterSub_x-ne_star	north	2019
2019-02-01	A/La_Reunion/1966/2018_EPI1354465	0.0019850000000000002	5.9088859999999945	9.168584999999991	0.02055779256489005	0.0020081122289249743	5.868857609832153	2019-09-01	cTiterSub_x-ne_star	north	2019
2019-02-01	A/La_Reunion/1967/2018_EPI1354466	0.001846	6.81056199999999	10.142175999999987	0.02055779256489005	0.0018674937907282123	6.770272939943547	2019-09-01	cTiterSub_x-ne_star	north	2019
2019-02-01	A/Lebanon/546/2018_EPI1317831	0.00035800000000000003	7.223395999999986	10.131368999999989	0.01956292877590591	0.00036195823281964177	7.17093116821532	2019-09-01	cTiterSub_x-ne_star	north	2019
2019-02-01	A/Lebanon/659/2018_EPI1348752	0.0134389999999999	5.9088859999999945	9.168584999999991	0.02055779256489005	0.01359547619371412	5.868857609832153	2019-09-01	cTiterSub_x-ne_star	north	2019
2019-02-01	A/Liaoning-Haizhou/1599/2018_EPI1351272	0.016134	7.78698999999999	9.873288999999978	-0.05422996648015786	0.015625103674459913	7.803275170992409	2019-09-01	cTiterSub_x-ne_star	north	2019
2019-02-01	A/Loei/1152/2018_EPI1317894	2.4e-05	12.803810999999987	16.962986999999988	-0.021195480419742774	2.3695234014114675e-05	12.851638507070057	2019-09-01	cTiterSub_x-ne_star	north	2019
2019-02-01	A/Loei/1155/2018_EPI1281550	2.4e-05	12.803810999999987	16.962986999999988	-0.021195480419742774	2.3695234014114675e-05	12.851638507070057	2019-09-01	cTiterSub_x-ne_star	north	2019
2019-02-01	A/Loei/116/2018_EPI1281511	2.5e-05	12.803810999999987	16.962986999999988	-0.021195480419742774	2.4682535431369454e-05	12.851638507070057	2019-09-01	cTiterSub_x-ne_star	north	2019
2019-02-01	A/MIE/25/2018_EPI1335507	0.005520000000000001	12.558032999999986	16.743862999999987	-0.0707647182775928	0.0052945742652540815	12.609151924151282	2019-09-01	cTiterSub_x-ne_star	north	2019
2019-02-01	A/MIYAZAKI/72/2018_EPI1312187	5.5e-05	13.562980999999986	17.743851999999986	-0.09772301851712181	5.1930808276268675e-05	13.613521159795376	2019-09-01	cTiterSub_x-ne_star	north	2019
2019-02-01	A/Maldives/925/2018_EPI1317870	1e-05	6.292742999999995	9.539377999999992	0.03211618750549414	1.018487388391167e-05	6.284648387784544	2019-09-01	cTiterSub_x-ne_star	north	2019
2019-02-01	A/Maldives/925/2018_EPI1320914	1e-05	6.292742999999995	9.539377999999992	0.03211618750549414	1.018487388391167e-05	6.284648387784544	2019-09-01	cTiterSub_x-ne_star	north	2019
2019-02-01	A/Maldives/941/2018_EPI1320922	1.1e-05	6.292742999999995	9.539377999999992	0.03211618750549414	1.1203361272302836e-05	6.284648387784544	2019-09-01	cTiterSub_x-ne_star	north	2019
2019-02-01	A/Maldives/980/2018_EPI1316653	1.4000000000000001e-05	6.696106999999997	9.867740999999993	-0.016442436308734383	1.3860596630927004e-05	6.695636969995818	2019-09-01	cTiterSub_x-ne_star	north	2019
2019-02-01	A/Maldives/993/2018_EPI1317079	1.7e-05	6.604353999999996	9.817851999999995	0.02253623206100075	1.721779790583909e-05	6.6042718701410195	2019-09-01	cTiterSub_x-ne_star	north	2019
2019-02-01	A/Maryland/48/2018_EPI1332734	0.007001	10.845157	14.746176999999996	-0.03415074053152248	0.006860057763581741	10.891293852367937	2019-09-01	cTiterSub_x-ne_star	north	2019
2019-02-01	A/Mauritius/I-888/2018_EPI1328868	0.002911	12.563250999999985	16.74375099999999	-0.03415074053152248	0.00285239653617861	12.614036279609433	2019-09-01	cTiterSub_x-ne_star	north	2019
2019-02-01	A/Mauritius/I-906/2018_EPI1328869	0.0033179999999999998	7.296531999999985	10.186456999999988	0.009290252521554148	0.003334643033155511	7.244542241761984	2019-09-01	cTiterSub_x-ne_star	north	2019
2019-02-01	A/Michigan/385/2018_EPI1318031	0.000268	9.208963999999987	12.99190499999997	0.02654185828490571	0.0002720684972021062	9.184304687094945	2019-09-01	cTiterSub_x-ne_star	north	2019
2019-02-01	A/Michigan/397/2018_EPI1314720	0.0019140000000000001	6.303177999999992	9.187473999999987	0.02055779256489005	0.0019362855446661967	6.2512115278283025	2019-09-01	cTiterSub_x-ne_star	north	2019
2019-02-01	A/Minnesota/42/2018_EPI1311694	0.000647	6.303177999999992	9.187473999999987	0.02055779256489005	0.0006545333058511123	6.2512115278283025	2019-09-01	cTiterSub_x-ne_star	north	2019
2019-02-01	A/Missouri/50/2018_EPI1321072	0.00131	13.480745999999987	17.727709999999984	-0.026509478434032313	0.0012893618501367567	13.532833428570326	2019-09-01	cTiterSub_x-ne_star	north	2019
2019-02-01	A/Myanmar/18M115/2018_EPI1326866	0.000341	8.195688999999998	11.187409999999993	0.03629287648503565	0.0003481514037003762	8.139315528657091	2019-09-01	cTiterSub_x-ne_star	north	2019
2019-02-01	A/Myanmar/18M200/2018_EPI1333604	0.002211	8.798124999999988	12.147698999999985	-0.0018112188793093648	0.0022077468904454843	8.746774598107653	2019-09-01	cTiterSub_x-ne_star	north	2019
2019-02-01	A/Myanmar/18M208/2018_EPI1324666	0.002134	10.158996999999983	13.187345999999987	0.10127874674915838	0.0022629325331224273	10.100599652379147	2019-09-01	cTiterSub_x-ne_star	north	2019
2019-02-01	A/Myanmar/18M218/2018_EPI1324706	0.002722	8.195688999999998	11.187409999999993	0.03629287648503565	0.002779085398452857	8.139315528657091	2019-09-01	cTiterSub_x-ne_star	north	2019
2019-02-01	A/Myanmar/18M221/2018_EPI1324722	0.002911	8.195688999999998	11.187409999999993	0.03629287648503565	0.0029720490796826837	8.139315528657091	2019-09-01	cTiterSub_x-ne_star	north	2019
2019-02-01	A/NAGANO/2283/2018_EPI1278925	1e-05	12.830772999999986	16.296069999999975	-0.0707936334838013	9.591458263306187e-06	12.876988789146251	2019-09-01	cTiterSub_x-ne_star	north	2019
2019-02-01	A/NAGANO/2531/2018_EPI1322883	0.001714	13.140833999999987	17.66709599999998	-0.0046905817057099446	0.001708605906884864	13.176542886837673	2019-09-01	cTiterSub_x-ne_star	north	2019
2019-02-01	A/NAGANO/2632/2018_EPI1335519	0.008689	7.713159999999988	11.078909999999992	0.10177646247029641	0.009216649643766684	7.649436214203728	2019-09-01	cTiterSub_x-ne_star	north	2019
2019-02-01	A/NAGANO/2689/2018_EPI1351561	0.01763	6.645095999999997	9.791995999999994	-0.016442436308734383	0.017454451328803074	6.645133833844329	2019-09-01	cTiterSub_x-ne_star	north	2019
2019-02-01	A/NEP/1642/2018_EPI1339552	0.0014730000000000001	6.608127999999997	9.852454999999994	0.04377928736593901	0.0015104735130566978	6.605807218358525	2019-09-01	cTiterSub_x-ne_star	north	2019
2019-02-01	A/NEP/1644/2018_EPI1339555	0.0014730000000000001	6.608127999999997	9.852454999999994	0.04377928736593901	0.0015104735130566978	6.605807218358525	2019-09-01	cTiterSub_x-ne_star	north	2019
2019-02-01	A/NEP/1646/2018_EPI1339558	0.0014730000000000001	6.608127999999997	9.852454999999994	0.04377928736593901	0.0015104735130566978	6.605807218358525	2019-09-01	cTiterSub_x-ne_star	north	2019
2019-02-01	A/NEP/1647/2018_EPI1339561	0.0014730000000000001	8.666079999999985	12.078898999999979	0.06516248472422609	0.0015294324490726812	8.601899592755418	2019-09-01	cTiterSub_x-ne_star	north	2019
2019-02-01	A/NEP/1651/2018_EPI1339564	0.0014730000000000001	7.713159999999988	11.078909999999992	0.10177646247029641	0.0015624496403807487	7.649436214203728	2019-09-01	cTiterSub_x-ne_star	north	2019
2019-02-01	A/NEP/1653/2018_EPI1339570	0.0014730000000000001	7.713159999999988	11.078909999999992	0.10177646247029641	0.0015624496403807487	7.649436214203728	2019-09-01	cTiterSub_x-ne_star	north	2019
2019-02-01	A/NEP/1655/2018_EPI1339573	0.0014730000000000001	7.713159999999988	11.078909999999992	0.10177646247029641	0.0015624496403807487	7.649436214203728	2019-09-01	cTiterSub_x-ne_star	north	2019
2019-02-01	A/NEP/1691/2018_EPI1339576	0.00159	8.666079999999985	12.078898999999979	0.06516248472422609	0.0016509148635611426	8.601899592755418	2019-09-01	cTiterSub_x-ne_star	north	2019
2019-02-01	A/NEP/1723/2018_EPI1339792	0.001779	6.950279999999983	10.131858999999992	0.08526519084347925	0.001868944004789233	6.885761799967842	2019-09-01	cTiterSub_x-ne_star	north	2019
2019-02-01	A/NIIGATA/1005/2018_EPI1351557	0.009914	11.931772999999987	16.17064099999998	-0.0707647182775928	0.009509132113356694	11.973549174109255	2019-09-01	cTiterSub_x-ne_star	north	2019
2019-02-01	A/Nebraska/08/2018_EPI1271555	0.000146	11.797452999999987	15.354719999999979	-0.07049606573451483	0.00014005960024603768	11.843641056651528	2019-09-01	cTiterSub_x-ne_star	north	2019
2019-02-01	A/Netherlands/02335/18_EPI1337454	0.0165699999999999	12.531189999999981	15.771600999999974	0.07957034426315865	0.017350025861298364	12.459567551272775	2019-09-01	cTiterSub_x-ne_star	north	2019
2019-02-01	A/Netherlands/10601/2018_EPI1342608	0.005074	9.031241999999988	12.047383999999981	-0.035274235544481676	0.004968594260550365	8.980834797853046	2019-09-01	cTiterSub_x-ne_star	north	2019
2019-02-01	A/New_Jersey/38/2018_EPI1271457	8.499999999999999e-05	14.215824999999985	18.679656999999985	-0.0033615584043415253	8.479821379057698e-05	14.253952151966196	2019-09-01	cTiterSub_x-ne_star	north	2019
2019-02-01	A/Newcastle/105/2018_EPI1341959	0.017212	6.098133999999997	8.94873999999999	-0.016406877962526108	0.017040966981461174	6.1083156925722335	2019-09-01	cTiterSub_x-ne_star	north	2019
2019-02-01	A/Newcastle/82/2018_EPI1341950	0.018822	6.098133999999997	8.94873999999999	-0.016406877962526108	0.01863496865704521	6.1083156925722335	2019-09-01	cTiterSub_x-ne_star	north	2019
2019-02-01	A/North_Dakota/38/2018_EPI1324945	0.0063159999999999996	6.604353999999996	9.817851999999995	0.02253623206100075	0.0063969183278399806	6.6042718701410195	2019-09-01	cTiterSub_x-ne_star	north	2019
2019-02-01	A/Norway/3313/2018_EPI1328883	0.005368	7.582229999999994	10.817821000000002	-0.014077745685069571	0.005321884727591211	7.582349522308248	2019-09-01	cTiterSub_x-ne_star	north	2019
2019-02-01	A/Norway/3393/2018_EPI1328885	0.005673	7.582229999999994	10.817821000000002	-0.014077745685069571	0.005624264541658893	7.582349522308248	2019-09-01	cTiterSub_x-ne_star	north	2019
2019-02-01	A/Ohio/22/2018_EPI1268790	3.2e-05	12.786337999999985	16.354668999999994	-0.10711004348058514	3.004929426859252e-05	12.832634808793719	2019-09-01	cTiterSub_x-ne_star	north	2019
2019-02-01	A/Ohio/23/2018_EPI1266365	9e-05	16.922492	15.613739999999988	0.0597296142260519	9.315232687995669e-05	16.924070950337878	2019-09-01	cTiterSub_x-ne_star	north	2019
2019-02-01	A/Ohio/23/2018_EPI1274036	9e-05	16.922492	15.613739999999988	0.0597296142260519	9.315232687995669e-05	16.924070950337878	2019-09-01	cTiterSub_x-ne_star	north	2019
2019-02-01	A/Ohio/31/2018_EPI1310297	0.000647	7.223395999999986	10.131368999999989	0.01956292877590591	0.0006541535660176206	7.17093116821532	2019-09-01	cTiterSub_x-ne_star	north	2019
2019-02-01	A/Oman/3577/2018_EPI1319778	6.1e-05	7.214687999999985	10.17204099999999	0.04416573674962532	6.256595885714682e-05	7.160885659316315	2019-09-01	cTiterSub_x-ne_star	north	2019
2019-02-01	A/Oman/5040/2018_EPI1334154	0.0049310000000000005	8.213523999999996	11.13135799999999	-0.01705104897016441	0.004880167257589508	8.161170833700153	2019-09-01	cTiterSub_x-ne_star	north	2019
2019-02-01	A/Oman/5476/2018_EPI1334213	0.006483	7.55271599999999	11.092147999999993	0.04718451896310935	0.0066611477216679945	7.493220869418416	2019-09-01	cTiterSub_x-ne_star	north	2019
2019-02-01	A/Oman/5568/2018_EPI1334204	0.0073599999999999	7.253741999999986	10.185655999999986	-0.01605618518118027	0.007288355634837834	7.201983759533008	2019-09-01	cTiterSub_x-ne_star	north	2019
2019-02-01	A/Oman/5661/2018_EPI1334193	0.0077280000000000005	7.223395999999986	10.131368999999989	0.01956292877590591	0.007813444757626234	7.17093116821532	2019-09-01	cTiterSub_x-ne_star	north	2019
2019-02-01	A/Oman/5710/2018_EPI1334188	0.008106	7.253741999999986	10.185655999999986	-0.01605618518118027	0.008027093855434278	7.201983759533008	2019-09-01	cTiterSub_x-ne_star	north	2019
2019-02-01	A/Oman/5942/2018_EPI1334081	0.009705	7.223395999999986	10.131368999999989	0.01956292877590591	0.00981230349026431	7.17093116821532	2019-09-01	cTiterSub_x-ne_star	north	2019
2019-02-01	A/Oman/6048/2018_EPI1334130	0.010124	7.223395999999986	10.131368999999989	0.01956292877590591	0.010235936170575565	7.17093116821532	2019-09-01	cTiterSub_x-ne_star	north	2019
2019-02-01	A/Oman/6230/2018_EPI1354516	0.011864	7.574119999999992	10.852444	0.04377928736593901	0.012165823325800856	7.570463477763979	2019-09-01	cTiterSub_x-ne_star	north	2019
2019-02-01	A/Paris/105/2019_EPI1351714	0.021406	6.950279999999983	10.131858999999992	0.08526519084347925	0.02248826046459715	6.885761799967842	2019-09-01	cTiterSub_x-ne_star	north	2019
2019-02-01	A/Paris/2149/2018_EPI1313506	0.001117	7.223395999999986	10.131368999999989	0.01956292877590591	0.0011293501286579323	7.17093116821532	2019-09-01	cTiterSub_x-ne_star	north	2019
2019-02-01	A/Paris/2513/2018_EPI1328605	0.012985	7.815489999999989	10.743525999999992	0.059797651014612194	0.013440344128564315	7.754580841707315	2019-09-01	cTiterSub_x-ne_star	north	2019
2019-02-01	A/Pennsylvania/129/2018_EPI1310329	0.00131	9.040277999999986	12.13450299999998	0.0013397422015886385	0.001310479086002912	8.989772606181765	2019-09-01	cTiterSub_x-ne_star	north	2019
2019-02-01	A/Perth/151/2018_EPI1336507	0.003109	12.815778999999985	16.719176999999988	-0.10737869602366311	0.002919019259300647	12.862963436138914	2019-09-01	cTiterSub_x-ne_star	north	2019
2019-02-01	A/Philippines/40/2018_EPI1315801	0.00017900000000000001	10.067767	13.064721999999993	0.0801378330573784	0.0001874884055606769	10.039912685053691	2019-09-01	cTiterSub_x-ne_star	north	2019
2019-02-01	A/Philippines/44/2018_EPI1315822	0.00025499999999999996	11.116179999999986	14.941857999999986	-0.0076859141398998125	0.0002537537292013519	11.09193596290706	2019-09-01	cTiterSub_x-ne_star	north	2019
2019-02-01	A/Philippines/5/2018_EPI1283286	2.5e-05	9.208963999999987	12.99190499999997	0.02654185828490571	2.5379523992733784e-05	9.184304687094945	2019-09-01	cTiterSub_x-ne_star	north	2019
2019-02-01	A/Philippines/50/2018_EPI1283301	0.00025499999999999996	10.181623999999998	13.991851999999984	-0.01007211946116461	0.00025340076162446817	10.15586935907394	2019-09-01	cTiterSub_x-ne_star	north	2019
2019-02-01	A/Philippines/52/2018_EPI1315813	0.000199	9.208963999999987	12.99190499999997	0.02654185828490571	0.00020202101098216094	9.184304687094945	2019-09-01	cTiterSub_x-ne_star	north	2019
2019-02-01	A/Poitiers/1976/2018_EPI1354536	0.00413	7.659797999999985	10.900957999999996	0.12527154306601335	0.004441253272193755	7.619879038635097	2019-09-01	cTiterSub_x-ne_star	north	2019
2019-02-01	A/Poitiers/1978/2018_EPI1354538	0.004006	7.669513999999992	10.717535999999992	0.12527154306601335	0.0043079081376291	7.629132094396223	2019-09-01	cTiterSub_x-ne_star	north	2019
2019-02-01	A/Puerto_Rico/24/2018_EPI1336640	0.006151	7.245019999999984	10.14173099999999	-0.01605618518118027	0.006091124389930452	7.193627024818252	2019-09-01	cTiterSub_x-ne_star	north	2019
2019-02-01	A/Qatar/10-VI-18-0043462/2018_EPI1315969	0.00047300000000000006	6.90791599999999	10.16843799999999	-0.01605618518118027	0.0004683956814236879	6.867906957872673	2019-09-01	cTiterSub_x-ne_star	north	2019
2019-02-01	A/Qatar/10-VI-18-0043482/2018_EPI1315967	0.00047300000000000006	10.150805999999998	13.946161999999987	-0.01007211946116461	0.0004700335696014646	10.126720184084908	2019-09-01	cTiterSub_x-ne_star	north	2019
2019-02-01	A/Qatar/10-vi-18-0040213/2018_EPI1315977	0.000139	8.454209999999982	12.045605000000004	0.008888962224276611	0.00013966452436477812	8.429061851940224	2019-09-01	cTiterSub_x-ne_star	north	2019
2019-02-01	A/Rouen/2531/2018_EPI1332180	0.012985	10.179085999999991	13.625711999999998	-0.008065470767914557	0.012918677320393724	10.123669466798553	2019-09-01	cTiterSub_x-ne_star	north	2019
2019-02-01	A/SAITAMA/133/2018_EPI1335499	0.005220000000000001	6.881459999999999	9.681123999999983	-0.017615988734087547	0.005164485784042865	6.893527132586875	2019-09-01	cTiterSub_x-ne_star	north	2019
2019-02-01	A/SAPPORO/51/2018_EPI1278933	1e-05	12.521378999999989	16.352416999999996	-0.10711004348058514	9.390404458935163e-06	12.572088276965367	2019-09-01	cTiterSub_x-ne_star	north	2019
2019-02-01	A/SHIGA/18/2018_EPI1335555	0.0035369999999999998	7.256783999999986	9.764358999999985	-0.01605618518118027	0.0035025698207094796	7.205114926682403	2019-09-01	cTiterSub_x-ne_star	north	2019
2019-02-01	A/Saint-Etienne/1912/2018_EPI1354542	0.001362	7.988179999999992	10.89344899999999	0.01935423764744532	0.001376891347015722	7.937838297954337	2019-09-01	cTiterSub_x-ne_star	north	2019
2019-02-01	A/Santiago/p003d0/2018_EPI1585063	2.4e-05	9.239113999999992	11.648586999999976	-0.0893797471658457	2.2771272782711478e-05	9.187861378019367	2019-09-01	cTiterSub_x-ne_star	north	2019
2019-02-01	A/Saudi_Arabia/2319468050/2018_EPI1319798	2e-05	5.9088859999999945	9.168584999999991	0.02055779256489005	2.0232868805289412e-05	5.868857609832153	2019-09-01	cTiterSub_x-ne_star	north	2019
2019-02-01	A/Saudi_Arabia/459160/2018_EPI1346028	0.00043099999999999996	7.223395999999986	10.131368999999989	0.01956292877590591	0.0004357653585063284	7.17093116821532	2019-09-01	cTiterSub_x-ne_star	north	2019
2019-02-01	A/Saudi_Arabia/461288/2018_EPI1346032	0.000592	7.295646999999985	10.183534999999988	-0.01605618518118027	0.0005862373010630512	7.2437705908675225	2019-09-01	cTiterSub_x-ne_star	north	2019
2019-02-01	A/Saudi_Arabia/462659/2018_EPI1346035	0.000769	7.295646999999985	10.183534999999988	-0.01605618518118027	0.0007615143319552135	7.2437705908675225	2019-09-01	cTiterSub_x-ne_star	north	2019
2019-02-01	A/Shanghai-Huangpu/11325/2018_EPI1339444	0.0019140000000000001	6.881459999999999	9.681123999999983	-0.017615988734087547	0.001893644787482384	6.893527132586875	2019-09-01	cTiterSub_x-ne_star	north	2019
2019-02-01	A/Shanghai-Pudongxin/11178/2018_EPI1340314	0.00017900000000000001	10.901999999999987	13.775315999999991	-0.013245785047970426	0.00017754839670793064	10.883083461879298	2019-09-01	cTiterSub_x-ne_star	north	2019
2019-02-01	A/SouthAfrica/R09652/2018_EPI1310136	4.1e-05	12.70872899999999	15.73581699999999	-0.0332894931257422	4.019478766239003e-05	12.759328231320595	2019-09-01	cTiterSub_x-ne_star	north	2019
2019-02-01	A/South_Australia/1004/2018_EPI1274894	8.1e-05	10.208235999999996	13.991893999999984	0.02544263736952625	8.21769479775388e-05	10.18360089120876	2019-09-01	cTiterSub_x-ne_star	north	2019
2019-02-01	A/South_Australia/1006/2018_EPI1279603	0.000131	11.207903999999985	14.991798999999986	-0.011171340376544062	0.00013009498523961754	11.183278167402623	2019-09-01	cTiterSub_x-ne_star	north	2019
2019-02-01	A/South_Australia/176/2018_EPI1346068	0.008106	6.645095999999997	9.791995999999994	-0.016442436308734383	0.008025285449306734	6.645133833844329	2019-09-01	cTiterSub_x-ne_star	north	2019
2019-02-01	A/South_Australia/26/2018_EPI1283307	0.00045099999999999996	6.608127999999997	9.852454999999994	0.04377928736593901	0.00046247356034526176	6.605807218358525	2019-09-01	cTiterSub_x-ne_star	north	2019
2019-02-01	A/Stavropol/2V/2018_EPI1321477	0.001362	8.042907999999992	11.134513999999992	0.0013397422015886385	0.0013624981031572262	7.992393564353771	2019-09-01	cTiterSub_x-ne_star	north	2019
2019-02-01	A/Stockholm/20/2018_EPI1310033	0.001259	7.223395999999986	10.131368999999989	0.01956292877590591	0.0012729201539662819	7.17093116821532	2019-09-01	cTiterSub_x-ne_star	north	2019
2019-02-01	A/Sydney/100/2018_EPI1322540	3.6e-05	9.208963999999987	12.99190499999997	0.02654185828490571	3.654651454953665e-05	9.184304687094945	2019-09-01	cTiterSub_x-ne_star	north	2019
2019-02-01	A/Sydney/1002/2018_EPI1269285	1.3000000000000001e-05	8.303105999999996	11.187451999999993	-0.05267016292725058	1.2601416485443813e-05	8.251161122162365	2019-09-01	cTiterSub_x-ne_star	north	2019
2019-02-01	A/Sydney/161/2018_EPI1328651	0.00121	10.163567999999998	13.975751999999984	-0.01007211946116461	0.0012024114571200257	10.139629952450258	2019-09-01	cTiterSub_x-ne_star	north	2019
2019-02-01	A/Sydney/68/2018_EPI1274888	5.5e-05	12.803846999999989	16.962986999999988	-0.021195480419742774	5.43015779490128e-05	12.851674049921078	2019-09-01	cTiterSub_x-ne_star	north	2019
2019-02-01	A/Sydney/93/2018_EPI1281547	1e-05	12.821976999999986	16.742498999999988	-0.10737869602366311	9.388932966550812e-06	12.868782696791582	2019-09-01	cTiterSub_x-ne_star	north	2019
2019-02-01	A/TOCHIGI/18136/2018_EPI1312181	1.1e-05	11.569082999999994	15.743873999999973	-0.03415074053152248	1.077855097834583e-05	11.61974107268181	2019-09-01	cTiterSub_x-ne_star	north	2019
2019-02-01	A/TOKYO/NIID1803/2018_EPI1351541	0.015691	16.04609599999998	20.480098999999974	0.09277233020894375	0.016556663075727972	16.07660255935673	2019-09-01	cTiterSub_x-ne_star	north	2019
2019-02-01	A/Taiwan/79440/2018_EPI1314803	6.500000000000001e-05	12.476818999999987	16.693837999999985	-0.06838913882774139	6.243198579692663e-05	12.527879855952307	2019-09-01	cTiterSub_x-ne_star	north	2019
2019-02-01	A/Taiwan/80719/2018_EPI1318794	3.2e-05	12.910752999999989	16.81151	-0.07072875714745179	3.0693828014080985e-05	12.97205768901587	2019-09-01	cTiterSub_x-ne_star	north	2019
2019-02-01	A/Taiwan/80749/2018_EPI1279013	7.2e-05	14.253257999999974	18.426210999999974	-0.06966155358020794	6.910411940539668e-05	14.306257129883045	2019-09-01	cTiterSub_x-ne_star	north	2019
2019-02-01	A/Taiwan/95714/2018_EPI1314787	2.9999999999999997e-05	12.569012999999988	16.743862999999987	-0.0707647182775928	2.8774860137250436e-05	12.619683522961516	2019-09-01	cTiterSub_x-ne_star	north	2019
2019-02-01	A/Townsville/1002/2018_EPI1315804	0.000705	11.82200699999999	15.746165999999974	-0.0707647182775928	0.0006762092132253854	11.868801474657538	2019-09-01	cTiterSub_x-ne_star	north	2019
2019-02-01	A/Townsville/39/2018_EPI1328334	0.004257	6.098133999999997	8.94873999999999	-0.016406877962526108	0.004214698840348607	6.1083156925722335	2019-09-01	cTiterSub_x-ne_star	north	2019
2019-02-01	A/Tyumen/RII-01/2018_EPI1315658	1.6e-05	12.80303899999999	16.543598999999983	-0.0332894931257422	1.5685770795079036e-05	12.849433228555217	2019-09-01	cTiterSub_x-ne_star	north	2019
2019-02-01	A/Tyumen/RII-2/2018_EPI1311827	1.6e-05	14.488040999999981	18.249573999999978	-0.03453102592971738	1.5674414841640094e-05	14.536059998681269	2019-09-01	cTiterSub_x-ne_star	north	2019
2019-02-01	A/Tyumen/RII-2/2018_EPI1316527	1.6e-05	14.488040999999981	18.249573999999978	-0.03453102592971738	1.5674414841640094e-05	14.536059998681269	2019-09-01	cTiterSub_x-ne_star	north	2019
2019-02-01	A/Tyumen/RII-4680S/2018_EPI1280415	1.6e-05	12.80303899999999	16.543598999999983	-0.0332894931257422	1.5685770795079036e-05	12.849433228555217	2019-09-01	cTiterSub_x-ne_star	north	2019
2019-02-01	A/Uruguay/609/2018_EPI1320977	0.000268	12.220120999999988	15.64176799999998	-0.036910130883865445	0.00026218233640741534	12.261203666635147	2019-09-01	cTiterSub_x-ne_star	north	2019
2019-02-01	A/Uruguay/633/2018_EPI1311469	0.000295	19.91605299999997	18.148329999999984	-0.026418021119769604	0.00029036796844948167	19.91834431762051	2019-09-01	cTiterSub_x-ne_star	north	2019
2019-02-01	A/Uruguay/870/2018_EPI1311471	0.0008730000000000001	11.82223699999999	15.746119999999971	-0.03415074053152248	0.0008554250003723555	11.868590695443404	2019-09-01	cTiterSub_x-ne_star	north	2019
2019-02-01	A/Utah/38/2018_EPI1318226	0.003109	13.480745999999987	17.727709999999984	-0.026509478434032313	0.003060019841278761	13.532833428570326	2019-09-01	cTiterSub_x-ne_star	north	2019
2019-02-01	A/Utah/38/2018_EPI1332740	0.003109	13.480745999999987	17.727709999999984	-0.026509478434032313	0.003060019841278761	13.532833428570326	2019-09-01	cTiterSub_x-ne_star	north	2019
2019-02-01	A/Victoria/1003/2018_EPI1328348	0.0035369999999999998	11.569082999999994	15.743873999999973	-0.03415074053152248	0.0034657940736735632	11.61974107268181	2019-09-01	cTiterSub_x-ne_star	north	2019
2019-02-01	A/Victoria/2042/2018_EPI1322546	0.00091	10.179651999999985	13.601198999999987	-0.0271108488619186	0.0008953494321302963	10.15560334239355	2019-09-01	cTiterSub_x-ne_star	north	2019
2019-02-01	A/Victoria/28/2018_EPI1322576	0.0033179999999999998	6.098133999999997	8.94873999999999	-0.016406877962526108	0.003285029540116673	6.1083156925722335	2019-09-01	cTiterSub_x-ne_star	north	2019
2019-02-01	A/Victoria/908/2018_EPI1328400	0.002815	11.569082999999994	15.743873999999973	-0.03415074053152248	0.0027583291821857733	11.61974107268181	2019-09-01	cTiterSub_x-ne_star	north	2019
2019-02-01	A/Vietnam/190/2018_EPI1348943	0.000281	9.503121999999989	12.958156999999984	0.11387179855807708	0.00030017451329876244	9.44821263273234	2019-09-01	cTiterSub_x-ne_star	north	2019
2019-02-01	A/Vietnam/203/2018_EPI1348951	0.00103	6.098133999999997	8.94873999999999	-0.016406877962526108	0.0010197650471127709	6.1083156925722335	2019-09-01	cTiterSub_x-ne_star	north	2019
2019-02-01	A/Vietnam/237/2018_EPI1342856	0.002722	6.098133999999997	8.94873999999999	-0.016406877962526108	0.0026949519012048175	6.1083156925722335	2019-09-01	cTiterSub_x-ne_star	north	2019
2019-02-01	A/Vietnam/253/2018_EPI1342953	0.004006	6.098133999999997	8.94873999999999	-0.016406877962526108	0.003966192989061902	6.1083156925722335	2019-09-01	cTiterSub_x-ne_star	north	2019
2019-02-01	A/WAKAYAMA/109/2018_EPI1351553	0.012759999999999999	6.881459999999999	9.681123999999983	-0.017615988734087547	0.012624298583215893	6.893527132586875	2019-09-01	cTiterSub_x-ne_star	north	2019
2019-02-01	A/WAKAYAMA/97/2018_EPI1335503	0.005220000000000001	6.098133999999997	8.94873999999999	-0.016406877962526108	0.00516812965624142	6.1083156925722335	2019-09-01	cTiterSub_x-ne_star	north	2019
2019-02-01	A/WAKAYAMA/98/2018_EPI1335547	0.008493	6.881459999999999	9.681123999999983	-0.017615988734087547	0.008402677732543306	6.893527132586875	2019-09-01	cTiterSub_x-ne_star	north	2019
2019-02-01	A/Wisconsin/103/2018_EPI1316741	0.000737	6.608127999999997	9.852454999999994	0.04377928736593901	0.0007557494766617693	6.605807218358525	2019-09-01	cTiterSub_x-ne_star	north	2019
2019-02-01	A/Wisconsin/105/2018_EPI1310305	0.00121	8.220965999999997	11.131296999999991	-0.01705104897016441	0.0011975263398262632	8.168536115535678	2019-09-01	cTiterSub_x-ne_star	north	2019
2019-02-01	A/Wisconsin/95/2018_EPI1314592	0.000281	9.208963999999987	12.99190499999997	0.02654185828490571	0.00028526584967832774	9.184304687094945	2019-09-01	cTiterSub_x-ne_star	north	2019
2019-02-01	A/Wisconsin/96/2018_EPI1273702	0.00031	9.208963999999987	12.99190499999997	0.02654185828490571	0.0003147060975098989	9.184304687094945	2019-09-01	cTiterSub_x-ne_star	north	2019
2019-02-01	A/Wisconsin/96/2018_EPI1314616	0.00031	9.208963999999987	12.99190499999997	0.02654185828490571	0.0003147060975098989	9.184304687094945	2019-09-01	cTiterSub_x-ne_star	north	2019
2019-02-01	A/Wisconsin/97/2018_EPI1273694	0.00031	9.208963999999987	12.99190499999997	0.02654185828490571	0.0003147060975098989	9.184304687094945	2019-09-01	cTiterSub_x-ne_star	north	2019
2019-02-01	A/YOKOHAMA/100/2018_EPI1326890	0.002815	14.136070999999983	18.61335799999998	0.04263458267956189	0.002884687473990487	14.172959695342568	2019-09-01	cTiterSub_x-ne_star	north	2019
2019-02-01	A/YOKOHAMA/107/2018_EPI1335511	0.005989	7.256783999999986	9.764358999999985	-0.01605618518118027	0.005930701344707118	7.205114926682403	2019-09-01	cTiterSub_x-ne_star	north	2019
2019-02-01	A/YOKOHAMA/111/2018_EPI1335531	0.005673	13.481075999999986	17.67579299999998	-0.10862230670961691	0.0053224791341174	13.53433642918531	2019-09-01	cTiterSub_x-ne_star	north	2019
2019-02-01	A/YOKOHAMA/112/2018_EPI1335535	0.008298	13.825078999999999	15.422472999999995	0.01929815826752892	0.008388451280037814	13.830261346977055	2019-09-01	cTiterSub_x-ne_star	north	2019
2019-02-01	A/YOKOHAMA/133/2018_EPI1333738	0.0152449999999999	8.48030799999999	9.67957999999999	-0.09247052881501419	0.014438446867043694	8.507068955910201	2019-09-01	cTiterSub_x-ne_star	north	2019
2019-02-01	A/YOKOHAMA/134/2018_EPI1333674	0.015469	8.265209999999993	11.054282	-0.09725180223051366	0.014609791208355111	8.28841637723151	2019-09-01	cTiterSub_x-ne_star	north	2019
2019-02-01	A/YOKOHAMA/134/2018_EPI1333745	0.015469	8.265209999999993	11.054282	-0.09725180223051366	0.014609791208355111	8.28841637723151	2019-09-01	cTiterSub_x-ne_star	north	2019
2019-02-01	A/YOKOHAMA/136/2018_EPI1333682	0.015469	8.48030799999999	9.67957999999999	-0.09247052881501419	0.014650595905956076	8.507068955910201	2019-09-01	cTiterSub_x-ne_star	north	2019
2019-02-01	A/YOKOHAMA/95/2018_EPI1322939	0.0006190000000000001	10.207715999999998	13.991893999999984	0.02654185828490571	0.0006283970140600886	10.18304789306683	2019-09-01	cTiterSub_x-ne_star	north	2019
2019-02-01	A/Yunnan-Gucheng/1887/2018_EPI1339063	0.010338	13.395743999999992	16.78888499999999	0.004536375998895843	0.010361083097640472	13.405053022171431	2019-09-01	cTiterSub_x-ne_star	north	2019
2019-02-01	A/Yunnan-Linxiang/1673/2018_EPI1340416	2.5e-05	6.88737299999999	10.16857399999999	0.03678145297980523	2.5531571995619645e-05	6.847702857740766	2019-09-01	cTiterSub_x-ne_star	north	2019
2019-02-01	A/Yunnan-Ruili/3130/2018_EPI1339081	0.016353	9.05449199999999	11.260226999999981	0.08796050609020777	0.01720681959523913	8.994923526615835	2019-09-01	cTiterSub_x-ne_star	north	2019
2019-02-01	A/Zaragoza/1512154/2018_EPI1315670	1.4000000000000001e-05	16.565692	19.959961999999976	-0.08751296229787794	1.329771522627856e-05	16.614435510507363	2019-09-01	cTiterSub_x-ne_star	north	2019
2019-02-01	A/Zaragoza/1512154/2018_EPI1315671	1.4000000000000001e-05	16.44383	20.091403999999976	-0.014285006805737313	1.387805118029527e-05	16.494488135574198	2019-09-01	cTiterSub_x-ne_star	north	2019
2019-02-01	A/Zaragoza/1528894/2018_EPI1315673	8.1e-05	17.276074999999988	20.82509099999998	-0.12412694004394828	7.531097724632758e-05	17.329520963497405	2019-09-01	cTiterSub_x-ne_star	north	2019
2019-02-01	A/Zaragoza/1528894/2018_EPI1315675	8.1e-05	17.289617999999987	20.957658999999982	-0.12412694004394828	7.531097724632758e-05	17.342882730821202	2019-09-01	cTiterSub_x-ne_star	north	2019
2019-02-01	A/Zaragoza/1528894/2018_EPI1315677	8.1e-05	17.564881999999987	20.95995099999998	-0.08751296229787794	7.693678095204023e-05	17.61366473453463	2019-09-01	cTiterSub_x-ne_star	north	2019
2019-02-01	A/Zaragoza/489/2018_EPI1315679	0.000118	17.564881999999987	20.95995099999998	-0.08751296229787794	0.0001120807426214907	17.61366473453463	2019-09-01	cTiterSub_x-ne_star	north	2019
2019-02-01	A/Zaragoza/489/2018_EPI1315681	0.000118	15.58189299999998	19.092560999999968	-0.014285006805737313	0.0001169721456624887	15.63028534249403	2019-09-01	cTiterSub_x-ne_star	north	2019
2019-02-01	A/Zaragoza/489/2018_EPI1315683	0.000118	15.58189299999998	19.092560999999968	-0.014285006805737313	0.0001169721456624887	15.63028534249403	2019-09-01	cTiterSub_x-ne_star	north	2019
2019-02-01	A/Zaragoza/489/2018_EPI1315685	0.000118	15.572176999999991	19.275982999999965	-0.014285006805737313	0.0001169721456624887	15.621032286732909	2019-09-01	cTiterSub_x-ne_star	north	2019
2019-02-01	A/Zaragoza/492/2018_EPI1315703	9.499999999999999e-05	18.564681999999976	21.959939999999992	-0.08751296229787794	9.023449617831876e-05	18.613484265542283	2019-09-01	cTiterSub_x-ne_star	north	2019
2019-02-01	A/Zaragoza/492/2018_EPI1315705	9.499999999999999e-05	16.501430999999997	19.81238599999997	-0.018264743475354603	9.395412105790468e-05	16.5486953545307	2019-09-01	cTiterSub_x-ne_star	north	2019
2019-02-01	A/Zaragoza/493/2018_EPI1315707	0.000737	16.552149000000004	19.827393999999984	-0.08751296229787794	0.0007000297229833784	16.601073743183566	2019-09-01	cTiterSub_x-ne_star	north	2019
2019-02-01	A/Zaragoza/493/2018_EPI1315709	0.000737	17.55021799999999	20.79126299999998	-0.08751296229787794	0.0007000297229833784	17.599218998164933	2019-09-01	cTiterSub_x-ne_star	north	2019
2020-02-01	A/AKITA/60/2019_EPI1627370	1e-05	12.152320999999997	35.749406000000015	-0.09365018647506487	9.458203517037849e-06	12.352154725667452	2020-09-01	cTiterSub_x-ne_star	north	2020
2020-02-01	A/Abudhabi/058/2019_EPI1636398	0.000741	11.325612999999992	34.82490800000003	-0.009626020983635058	0.0007360603339223784	11.447112417714752	2020-09-01	cTiterSub_x-ne_star	north	2020
2020-02-01	A/Abudhabi/059/2019_EPI1636390	0.0008060000000000001	11.325612999999992	34.82490800000003	-0.009626020983635058	0.0008006270298804819	11.447112417714752	2020-09-01	cTiterSub_x-ne_star	north	2020
2020-02-01	A/Abudhabi/062/2019_EPI1636494	0.000949	12.380510999999983	35.37547399999998	-0.03272326885786778	0.0009300579253475764	12.504945447112519	2020-09-01	cTiterSub_x-ne_star	north	2020
2020-02-01	A/Abudhabi/063/2019_EPI1636470	0.0018780000000000001	12.889767999999995	35.459359999999975	-0.059418260412098176	0.0018120764058163822	13.004478500738319	2020-09-01	cTiterSub_x-ne_star	north	2020
2020-02-01	A/Al_Buraymi/5786/2019_EPI1646685	0.002641	12.78208499999999	37.17804500000003	-0.11671332417942487	0.002464530949710213	13.02190250168968	2020-09-01	cTiterSub_x-ne_star	north	2020
2020-02-01	A/Alaska/28/2019_EPI1508095	2.3e-05	10.91489499999999	35.19522599999997	-0.07058704877070487	2.2048511234367973e-05	11.146929411004743	2020-09-01	cTiterSub_x-ne_star	north	2020
2020-02-01	A/Alaska/28/2019_EPI1587003	2.3e-05	10.91489499999999	35.19522599999997	-0.07058704877070487	2.2048511234367973e-05	11.146929411004743	2020-09-01	cTiterSub_x-ne_star	north	2020
2020-02-01	A/Alaska/45/2019_EPI1609345	0.001401	11.896894000000016	36.161675	-0.09365018647506487	0.0013250943127370025	12.129915994518296	2020-09-01	cTiterSub_x-ne_star	north	2020
2020-02-01	A/Alaska/45/2019_EPI1631209	0.001401	11.896894000000016	36.161675	-0.09365018647506487	0.0013250943127370025	12.129915994518296	2020-09-01	cTiterSub_x-ne_star	north	2020
2020-02-01	A/Argentina/1316/2019_EPI1586040	2e-05	20.60556799999999	38.31354199999993	0.018077520147150836	2.019033729157074e-05	20.457287933858645	2020-09-01	cTiterSub_x-ne_star	north	2020
2020-02-01	A/Argentina/14223/2019_EPI1632115	1.6e-05	21.69984299999998	38.902881000000015	0.09378278403812766	1.6881561497747515e-05	21.551087696534264	2020-09-01	cTiterSub_x-ne_star	north	2020
2020-02-01	A/Argentina/14372/2019_EPI1587119	0.000118	19.69993299999998	37.308828999999996	0.04114065785151083	0.00012073643974327881	19.55115522278026	2020-09-01	cTiterSub_x-ne_star	north	2020
2020-02-01	A/Argentina/2819/2019_EPI1649120	0.008421	10.514404999999993	29.676138999999953	0.007967583244583736	0.008451153892389745	10.408925288443408	2020-09-01	cTiterSub_x-ne_star	north	2020
2020-02-01	A/Argentina/2852/2019_EPI1649104	0.0086	19.932433999999972	37.01243999999995	0.20984941425759535	0.009709463281876368	19.732315469097234	2020-09-01	cTiterSub_x-ne_star	north	2020
2020-02-01	A/Argentina/840/2019_EPI1586120	2.4e-05	10.323948999999985	31.166024000000004	-0.06071356648325	2.314003484621225e-05	10.330590895668928	2020-09-01	cTiterSub_x-ne_star	north	2020
2020-02-01	A/Argentina/851/2019_EPI1632244	2.8999999999999997e-05	9.324025000000004	30.98540300000001	-0.03765042877889001	2.8339588790179655e-05	9.33065253591076	2020-09-01	cTiterSub_x-ne_star	north	2020
2020-02-01	A/Argentina/911/2019_EPI1586080	3.1e-05	10.321614999999984	31.985308000000003	-0.05860097918047451	2.9926068130210564e-05	10.328409296479215	2020-09-01	cTiterSub_x-ne_star	north	2020
2020-02-01	A/Arizona/34/2019_EPI1629472	0.000599	10.91489499999999	35.19522599999997	-0.07058704877070487	0.0005742199230168007	11.146929411004743	2020-09-01	cTiterSub_x-ne_star	north	2020
2020-02-01	A/Bahia/744/2019_EPI1619070	9.499999999999999e-05	10.323369999999983	31.973254	-0.03765042877889001	9.283658396782989e-05	10.330030028272999	2020-09-01	cTiterSub_x-ne_star	north	2020
2020-02-01	A/Bahia/745/2019_EPI1619077	9.499999999999999e-05	10.323369999999983	31.973254	-0.03765042877889001	9.283658396782989e-05	10.330030028272999	2020-09-01	cTiterSub_x-ne_star	north	2020
2020-02-01	A/Bangkok/447/2019_EPI1671911	0.009515000000000001	11.387663999999978	34.56821200000001	0.02514105617007516	0.009645213300643824	11.513515889849664	2020-09-01	cTiterSub_x-ne_star	north	2020
2020-02-01	A/Bangladesh/1004/2019_EPI1587346	1.3000000000000001e-05	11.230847999999993	30.073270000000026	0.1593761162212931	1.4251261127992484e-05	11.099663573023033	2020-09-01	cTiterSub_x-ne_star	north	2020
2020-02-01	A/Bangladesh/1126/2019_EPI1641573	0.0038380000000000003	12.933386999999973	31.567661	0.1345999584734778	0.00414703940988404	12.791570883013748	2020-09-01	cTiterSub_x-ne_star	north	2020
2020-02-01	A/Bangladesh/1190603016/2019_EPI1586426	1.2e-05	12.229653999999984	31.07200899999998	0.1593761162212931	1.3155010271993061e-05	12.098542948855574	2020-09-01	cTiterSub_x-ne_star	north	2020
2020-02-01	A/Bangladesh/1190603040/2019_EPI1587299	2.4e-05	11.230847999999993	30.073270000000026	0.1593761162212931	2.6310020543986123e-05	11.099663573023033	2020-09-01	cTiterSub_x-ne_star	north	2020
2020-02-01	A/Bangladesh/1190708006/2019_EPI1609278	4.6e-05	11.230847999999993	30.073270000000026	0.1593761162212931	5.04275393759734e-05	11.099663573023033	2020-09-01	cTiterSub_x-ne_star	north	2020
2020-02-01	A/Bangladesh/1190709022/2019_EPI1628137	0.000106	11.230847999999993	30.073270000000026	0.1593761162212931	0.0001162025907359387	11.099663573023033	2020-09-01	cTiterSub_x-ne_star	north	2020
2020-02-01	A/Bangladesh/1190714002/2019_EPI1609175	4.6e-05	11.230847999999993	30.073270000000026	0.1593761162212931	5.04275393759734e-05	11.099663573023033	2020-09-01	cTiterSub_x-ne_star	north	2020
2020-02-01	A/Bangladesh/1190809002/2019_EPI1627826	0.000251	11.230847999999993	30.073270000000026	0.1593761162212931	0.00027515896485585484	11.099663573023033	2020-09-01	cTiterSub_x-ne_star	north	2020
2020-02-01	A/Bangladesh/1190810016/2019_EPI1627794	0.00029	11.230847999999993	30.073270000000026	0.1593761162212931	0.00031791274823983235	11.099663573023033	2020-09-01	cTiterSub_x-ne_star	north	2020
2020-02-01	A/Bangladesh/1190910024/2019_EPI1649526	0.002472	13.203709999999978	32.068301999999996	0.11324984081257312	0.0026379882262606074	13.072313575367998	2020-09-01	cTiterSub_x-ne_star	north	2020
2020-02-01	A/Bangladesh/1190910026/2019_EPI1649518	0.0025559999999999997	10.442105999999987	33.82514500000001	0.013437116720724937	0.0025733498635840436	10.563013347164325	2020-09-01	cTiterSub_x-ne_star	north	2020
2020-02-01	A/Bangladesh/1191004020/2019_EPI1649494	0.0048189999999999995	12.648876999999977	30.606462999999994	0.14382768822382994	0.005235134659286635	12.49839147436231	2020-09-01	cTiterSub_x-ne_star	north	2020
2020-02-01	A/Bangladesh/1191010018/2019_EPI1649590	0.005365	10.442105999999987	33.82514500000001	0.013437116720724937	0.00540141706499546	10.563013347164325	2020-09-01	cTiterSub_x-ne_star	north	2020
2020-02-01	A/Bangladesh/18-1012/2019_EPI1649582	0.0046890000000000005	11.94107599999999	30.567669999999985	0.15766309617783777	0.005135186304168783	11.79986496183352	2020-09-01	cTiterSub_x-ne_star	north	2020
2020-02-01	A/Bangladesh/2028/2019_EPI1587159	1.9e-05	11.230847999999993	30.073270000000026	0.1593761162212931	2.0828766263989016e-05	11.099663573023033	2020-09-01	cTiterSub_x-ne_star	north	2020
2020-02-01	A/Bangladesh/2036/2019_EPI1628025	0.000131	13.230277999999977	32.07301199999999	0.11324984081257312	0.0001397963016343607	13.09908461378105	2020-09-01	cTiterSub_x-ne_star	north	2020
2020-02-01	A/Bangladesh/3190613007/2019_EPI1587422	1.4000000000000001e-05	13.020981999999982	31.630579999999988	0.13588168185158817	1.5138607796238013e-05	12.899712989382753	2020-09-01	cTiterSub_x-ne_star	north	2020
2020-02-01	A/Bangladesh/3190613015/2019_EPI1628113	1.9e-05	12.230114999999985	31.07326099999998	0.13631297851693314	2.0550423062626108e-05	12.098883758379865	2020-09-01	cTiterSub_x-ne_star	north	2020
2020-02-01	A/Bangladesh/3190710003/2019_EPI1609661	6.500000000000001e-05	12.066317999999988	31.017251999999985	0.13631297851693314	7.030407889845774e-05	11.9306622834621	2020-09-01	cTiterSub_x-ne_star	north	2020
2020-02-01	A/Bangladesh/3190712012/2019_EPI1609294	6.500000000000001e-05	11.230847999999993	30.073270000000026	0.1593761162212931	7.125630563996243e-05	11.099663573023033	2020-09-01	cTiterSub_x-ne_star	north	2020
2020-02-01	A/Bangladesh/3190714017/2019_EPI1631191	0.000145	11.230847999999993	30.073270000000026	0.1593761162212931	0.00015895637411991617	11.099663573023033	2020-09-01	cTiterSub_x-ne_star	north	2020
2020-02-01	A/Bangladesh/3190804004/2019_EPI1627850	0.000263	11.230847999999993	30.073270000000026	0.1593761162212931	0.0002883139751278479	11.099663573023033	2020-09-01	cTiterSub_x-ne_star	north	2020
2020-02-01	A/Bangladesh/3190809002/2019_EPI1627818	0.000251	11.230847999999993	30.073270000000026	0.1593761162212931	0.00027515896485585484	11.099663573023033	2020-09-01	cTiterSub_x-ne_star	north	2020
2020-02-01	A/Bangladesh/3190810006/2019_EPI1627755	0.00031800000000000003	12.230114999999985	31.07326099999998	0.13631297851693314	0.0003439491859955317	12.098883758379865	2020-09-01	cTiterSub_x-ne_star	north	2020
2020-02-01	A/Bangladesh/3190814005/2019_EPI1627787	0.000263	11.230847999999993	30.073270000000026	0.1593761162212931	0.0002883139751278479	11.099663573023033	2020-09-01	cTiterSub_x-ne_star	north	2020
2020-02-01	A/Bangladesh/4001/2019_EPI1609286	4.6e-05	12.214495999999988	31.07261299999998	0.1593761162212931	5.04275393759734e-05	12.082837316921626	2020-09-01	cTiterSub_x-ne_star	north	2020
2020-02-01	A/Bangladesh/4052/2019_EPI1627913	0.000196	12.228452999999986	31.07326099999998	0.13631297851693314	0.00021199383790919562	12.097323742966482	2020-09-01	cTiterSub_x-ne_star	north	2020
2020-02-01	A/Bangladesh/475/2019_EPI1641581	0.0038380000000000003	11.94107599999999	30.567669999999985	0.15766309617783777	0.004203208580806098	11.79986496183352	2020-09-01	cTiterSub_x-ne_star	north	2020
2020-02-01	A/Bangladesh/638/2019_EPI1641462	0.003199	11.94107599999999	30.567669999999985	0.15766309617783777	0.0035034039213128463	11.79986496183352	2020-09-01	cTiterSub_x-ne_star	north	2020
2020-02-01	A/Bangladesh/7190611003/2019_EPI1587219	2.3e-05	15.17788799999998	34.032779999999995	0.1725118464518059	2.540771252821623e-05	15.046162023172016	2020-09-01	cTiterSub_x-ne_star	north	2020
2020-02-01	A/Bangladesh/7191011002/2019_EPI1649510	0.0028179999999999998	11.94107599999999	30.567669999999985	0.15766309617783777	0.003086149499924852	11.79986496183352	2020-09-01	cTiterSub_x-ne_star	north	2020
2020-02-01	A/Bangladesh/8013/2019_EPI1591719	2.3e-05	11.230847999999993	30.073270000000026	0.1593761162212931	2.52137696879867e-05	11.099663573023033	2020-09-01	cTiterSub_x-ne_star	north	2020
2020-02-01	A/Barueri/1216473-IAL/2019_EPI1597119	5.2000000000000004e-05	18.28674599999997	38.45395299999996	-0.1164209576194587	4.853368717305627e-05	18.347068943526775	2020-09-01	cTiterSub_x-ne_star	north	2020
2020-02-01	A/Bhutan/1095/2019_EPI1636599	0.002235	10.442105999999987	33.82514500000001	0.013437116720724937	0.0022501709487912124	10.563013347164325	2020-09-01	cTiterSub_x-ne_star	north	2020
2020-02-01	A/Bolivia/968/2019_EPI1603743	4.6e-05	20.713509999999992	37.904600999999936	0.018077520147150836	4.6437775770612696e-05	20.5650542633422	2020-09-01	cTiterSub_x-ne_star	north	2020
2020-02-01	A/Brisbane/1029/2019_EPI1667223	5.2000000000000004e-05	11.516513000000016	34.97561499999998	-0.07287675639228282	4.978227125591312e-05	11.740484615846437	2020-09-01	cTiterSub_x-ne_star	north	2020
2020-02-01	A/Brisbane/1073/2019_EPI1671498	0.00029	19.38666699999998	37.43414499999996	0.0655792900537669	0.0003009855187912123	19.25764595635184	2020-09-01	cTiterSub_x-ne_star	north	2020
2020-02-01	A/Brisbane/141/2019_EPI1658812	0.003199	19.38666699999998	37.43414499999996	0.0655792900537669	0.0033201816365968557	19.25764595635184	2020-09-01	cTiterSub_x-ne_star	north	2020
2020-02-01	A/Bucuresti/252254/2019_EPI1595442	0.002235	11.573444999999987	35.00830200000001	-0.061603665421727405	0.0021537971506860247	11.748067884487888	2020-09-01	cTiterSub_x-ne_star	north	2020
2020-02-01	A/California/168/2019_EPI1605958	0.0009109999999999999	11.438921999999993	34.82513600000003	-0.009626020983635058	0.0009049270771974179	11.559927581355483	2020-09-01	cTiterSub_x-ne_star	north	2020
2020-02-01	A/California/174/2019_EPI1617652	0.003199	11.917211999999987	33.01297800000001	-0.10499117681155962	0.0030057287535481176	11.916058822972163	2020-09-01	cTiterSub_x-ne_star	north	2020
2020-02-01	A/California/182/2019_EPI1617770	0.0050880000000000005	13.15116199999998	31.66643599999999	0.11528202791791999	0.005436086018780351	13.020097935451137	2020-09-01	cTiterSub_x-ne_star	north	2020
2020-02-01	A/Canberra/410/2019_EPI1671738	0.0057979999999999	11.903249000000017	36.19495800000001	-0.07058704877070487	0.0055581420929071	12.135778131465914	2020-09-01	cTiterSub_x-ne_star	north	2020
2020-02-01	A/Cannes/1846/2019_EPI1670719	0.001401	12.874854999999991	36.76327900000002	-0.09365018647506487	0.0013250943127370025	13.107024632469209	2020-09-01	cTiterSub_x-ne_star	north	2020
2020-02-01	A/Cardiff/2575/2019_EPI1584130	0.00042	18.722113999999983	36.31378799999999	0.06420379555587083	0.0004355604400429767	18.57322924398279	2020-09-01	cTiterSub_x-ne_star	north	2020
2020-02-01	A/Cardiff/3570/2019_EPI1626587	0.0057979999999999	11.94107599999999	30.567669999999985	0.15766309617783777	0.006349714265636615	11.79986496183352	2020-09-01	cTiterSub_x-ne_star	north	2020
2020-02-01	A/Chile/1978/2019_EPI1662538	0.010648000000000001	12.113910000000002	36.20424799999999	-0.0953249550423959	0.010061260969891439	12.324409633555634	2020-09-01	cTiterSub_x-ne_star	north	2020
2020-02-01	A/Chile/2482/2019_EPI1650086	0.011607	19.697738999999984	37.31205699999999	0.04114065785151083	0.011876168272035907	19.5482960868756	2020-09-01	cTiterSub_x-ne_star	north	2020
2020-02-01	A/Chile/2585/2019_EPI1661825	0.0043100000000000005	10.978612999999983	32.762432	-0.05924734266627444	0.004159120354402375	10.999520533375657	2020-09-01	cTiterSub_x-ne_star	north	2020
2020-02-01	A/Chile/3542/2019_EPI1650069	0.012184	11.67388800000001	35.548516000000006	-0.07287675639228282	0.011664369095808565	11.90250914191233	2020-09-01	cTiterSub_x-ne_star	north	2020
2020-02-01	A/Chile/3981/2019_EPI1661817	0.005652	18.722113999999983	36.31378799999999	0.06420379555587083	0.005861399064578343	18.57322924398279	2020-09-01	cTiterSub_x-ne_star	north	2020
2020-02-01	A/Chile/5905/2019_EPI1661809	0.0070480000000000004	10.91489499999999	35.19522599999997	-0.07058704877070487	0.006756430746948934	11.146929411004743	2020-09-01	cTiterSub_x-ne_star	north	2020
2020-02-01	A/Chile/7066/2019_EPI1662570	0.008244	9.13090899999999	32.81283099999998	-0.06705927466007806	0.007919233313012381	9.278085512022807	2020-09-01	cTiterSub_x-ne_star	north	2020
2020-02-01	A/Chile/7868/2019_EPI1662562	0.00755	12.232542	35.787260999999994	-0.10061630012349002	0.007111984835303029	12.448072067249234	2020-09-01	cTiterSub_x-ne_star	north	2020
2020-02-01	A/Costa_Rica/7140/2019_EPI1586865	2.6000000000000002e-05	10.317561999999985	31.985360000000004	-0.06071356648325	2.5068371083396603e-05	10.324590941661492	2020-09-01	cTiterSub_x-ne_star	north	2020
2020-02-01	A/Costa_Rica/8228/2019_EPI1586905	4.9e-05	11.092122999999988	34.10298099999999	-0.10391059438099255	4.6068638660459655e-05	11.252303394452548	2020-09-01	cTiterSub_x-ne_star	north	2020
2020-02-01	A/Costa_Rica/8228/2019_EPI1632099	4.9e-05	11.364072999999987	34.294002000000006	-0.10391059438099255	4.6068638660459655e-05	11.510789423898135	2020-09-01	cTiterSub_x-ne_star	north	2020
2020-02-01	A/Costa_Rica/8776/2019_EPI1586924	7.3e-05	20.215831999999978	37.61439999999993	0.11262112177255892	7.787319042611677e-05	20.041421438136755	2020-09-01	cTiterSub_x-ne_star	north	2020
2020-02-01	A/Cote_d_Ivoire/1155/2019_EPI1608979	4.1e-05	10.213230999999983	31.428865999999996	-0.03895865530279968	4.00357509570644e-05	10.221623611322938	2020-09-01	cTiterSub_x-ne_star	north	2020
2020-02-01	A/Cote_d_Ivoire/1279/2019_EPI1608981	9.499999999999999e-05	10.213230999999983	31.428865999999996	-0.03895865530279968	9.27657644127102e-05	10.221623611322938	2020-09-01	cTiterSub_x-ne_star	north	2020
2020-02-01	A/Cote_d_Ivoire/1520/2019_EPI1609010	0.000366	10.213230999999983	31.428865999999996	-0.03895865530279968	0.00035739231342159927	10.221623611322938	2020-09-01	cTiterSub_x-ne_star	north	2020
2020-02-01	A/Cote_d_Ivoire/1521/2019_EPI1609012	0.00035	10.213230999999983	31.428865999999996	-0.03895865530279968	0.0003417686057310376	10.221623611322938	2020-09-01	cTiterSub_x-ne_star	north	2020
2020-02-01	A/Dakar/18/2019_EPI1670510	0.001456	12.182304999999987	33.418869999999984	-0.06202179300715968	0.0014027578824804857	12.19123939990855	2020-09-01	cTiterSub_x-ne_star	north	2020
2020-02-01	A/Dakar/22/2019_EPI1670516	0.000276	12.180716999999989	33.017967999999996	-0.03895865530279968	0.00026950895766218963	12.18918188394606	2020-09-01	cTiterSub_x-ne_star	north	2020
2020-02-01	A/Darwin/530/2019_EPI1670019	2.2e-05	10.91489499999999	35.19522599999997	-0.07058704877070487	2.1089880311134583e-05	11.146929411004743	2020-09-01	cTiterSub_x-ne_star	north	2020
2020-02-01	A/Darwin/547/2019_EPI1583463	5.2000000000000004e-05	10.91489499999999	35.19522599999997	-0.07058704877070487	4.984880800813629e-05	11.146929411004743	2020-09-01	cTiterSub_x-ne_star	north	2020
2020-02-01	A/Darwin/610/2019_EPI1670040	0.00016	10.91489499999999	35.19522599999997	-0.07058704877070487	0.00015338094771734243	11.146929411004743	2020-09-01	cTiterSub_x-ne_star	north	2020
2020-02-01	A/Darwin/712/2019_EPI1658635	0.002015	19.38666699999998	37.43414499999996	0.0655792900537669	0.002091330415049285	19.25764595635184	2020-09-01	cTiterSub_x-ne_star	north	2020
2020-02-01	A/Darwin/724/2019_EPI1647784	0.0029100000000000003	19.38666699999998	37.43414499999996	0.0655792900537669	0.0030202339989049234	19.25764595635184	2020-09-01	cTiterSub_x-ne_star	north	2020
2020-02-01	A/Darwin/730/2019_EPI1658704	0.0043100000000000005	11.230847999999993	30.073270000000026	0.1593761162212931	0.004724841189357508	11.099663573023033	2020-09-01	cTiterSub_x-ne_star	north	2020
2020-02-01	A/District_Of_Columbia/41/2019_EPI1607928	0.00125	10.442105999999987	33.82514500000001	0.013437116720724937	0.0012584848706885974	10.563013347164325	2020-09-01	cTiterSub_x-ne_star	north	2020
2020-02-01	A/EHIME/84/2019_EPI1627374	0.000145	12.78707699999999	37.18556100000003	-0.11671332417942487	0.00013531124108594506	13.02656094110693	2020-09-01	cTiterSub_x-ne_star	north	2020
2020-02-01	A/Ecuador/4321/2019_EPI1649829	0.010457	9.58244399999999	33.41525700000002	-0.06780204584207222	0.010040702296087261	9.756714006477758	2020-09-01	cTiterSub_x-ne_star	north	2020
2020-02-01	A/England/194460566/2019_EPI1635685	0.005365	10.442105999999987	33.82514500000001	0.013437116720724937	0.00540141706499546	10.563013347164325	2020-09-01	cTiterSub_x-ne_star	north	2020
2020-02-01	A/England/194540758/2019_EPI1665722	0.005507	11.230847999999993	30.073270000000026	0.1593761162212931	0.006037053463988816	11.099663573023033	2020-09-01	cTiterSub_x-ne_star	north	2020
2020-02-01	A/England/194820756/2019_EPI1666634	0.010078	12.79752299999999	36.70502700000002	-0.10296261124224802	0.00948033782757259	13.03646609573052	2020-09-01	cTiterSub_x-ne_star	north	2020
2020-02-01	A/England/194860484/2019_EPI1666858	0.010648000000000001	20.58431199999999	38.31326899999993	0.018077520147150836	0.010749335574032261	20.435829643385166	2020-09-01	cTiterSub_x-ne_star	north	2020
2020-02-01	A/England/318/2019_EPI1635405	0.001946	18.722113999999983	36.31378799999999	0.06420379555587083	0.002018096705532459	18.57322924398279	2020-09-01	cTiterSub_x-ne_star	north	2020
2020-02-01	A/England/462/2019_EPI1666570	0.009701000000000001	18.722113999999983	36.31378799999999	0.06420379555587083	0.010060409116325993	18.57322924398279	2020-09-01	cTiterSub_x-ne_star	north	2020
2020-02-01	A/England/92620632/2019_EPI1635277	3.1e-05	11.230847999999993	30.073270000000026	0.1593761162212931	3.398377653598208e-05	11.099663573023033	2020-09-01	cTiterSub_x-ne_star	north	2020
2020-02-01	A/England/93040538/2019_EPI1635189	0.000124	11.265030999999988	35.15243799999998	-0.0813819697818718	0.00011812405600820768	11.478659480949172	2020-09-01	cTiterSub_x-ne_star	north	2020
2020-02-01	A/Finland/125/2019_EPI1670739	0.000773	10.442105999999987	33.82514500000001	0.013437116720724937	0.0007782470440338287	10.563013347164325	2020-09-01	cTiterSub_x-ne_star	north	2020
2020-02-01	A/Finland/130/2019_EPI1635978	0.001456	20.85498299999999	39.189609999999966	0.04672180025093915	0.001494622964941991	20.740671945211524	2020-09-01	cTiterSub_x-ne_star	north	2020
2020-02-01	A/Florida/113/2019_EPI1618792	0.003508	10.91489499999999	35.19522599999997	-0.07058704877070487	0.0033628772787027326	11.146929411004743	2020-09-01	cTiterSub_x-ne_star	north	2020
2020-02-01	A/Fujian-Meilie/1558/2019_EPI1589826	4.6e-05	10.514404999999993	29.676138999999953	0.007967583244583736	4.616471666665814e-05	10.408925288443408	2020-09-01	cTiterSub_x-ne_star	north	2020
2020-02-01	A/Gavle/9/2019_EPI1630303	0.0060979999999999	19.689560999999983	37.31248299999999	0.04114065785151083	0.006239413640292391	19.539728014398083	2020-09-01	cTiterSub_x-ne_star	north	2020
2020-02-01	A/Ghana/722/2019_EPI1670534	0.008244	12.162777999999985	30.885168000000007	-0.015351641244294185	0.00816173838273867	12.111171968766987	2020-09-01	cTiterSub_x-ne_star	north	2020
2020-02-01	A/Guam/9841/2019_EPI1610425	0.00016	10.91489499999999	35.19522599999997	-0.07058704877070487	0.00015338094771734243	11.146929411004743	2020-09-01	cTiterSub_x-ne_star	north	2020
2020-02-01	A/Guam/9842/2019_EPI1610433	0.00016	10.91489499999999	35.19522599999997	-0.07058704877070487	0.00015338094771734243	11.146929411004743	2020-09-01	cTiterSub_x-ne_star	north	2020
2020-02-01	A/Guangdong-Dapengxin/332/2019_EPI1589904	2.8999999999999997e-05	10.514404999999993	29.676138999999953	0.007967583244583736	2.9103843115936654e-05	10.408925288443408	2020-09-01	cTiterSub_x-ne_star	north	2020
2020-02-01	A/Guangdong-Duanzhou/1707/2019_EPI1589670	0.00029	10.514404999999993	29.676138999999953	0.007967583244583736	0.0002910384311593666	10.408925288443408	2020-09-01	cTiterSub_x-ne_star	north	2020
2020-02-01	A/Guangdong-Fengkai/310/2019_EPI1589880	3.7e-05	11.296868999999992	35.26417599999997	-0.09365018647506487	3.499535301304004e-05	11.51010917282523	2020-09-01	cTiterSub_x-ne_star	north	2020
2020-02-01	A/Guangdong-Lianzhou/321/2019_EPI1542501	1e-05	10.514404999999993	29.676138999999953	0.007967583244583736	1.003580797101264e-05	10.408925288443408	2020-09-01	cTiterSub_x-ne_star	north	2020
2020-02-01	A/Guangdong-Maonan/1634/2019_EPI1589778	0.00011200000000000001	12.283941999999993	31.591786999999986	-0.038158692164136254	0.00010941700083691121	12.1795093490734	2020-09-01	cTiterSub_x-ne_star	north	2020
2020-02-01	A/Guangdong-Rongcheng/1523/2019_EPI1589883	4.4e-05	10.514404999999993	29.676138999999953	0.007967583244583736	4.4157555072455614e-05	10.408925288443408	2020-09-01	cTiterSub_x-ne_star	north	2020
2020-02-01	A/Guangxi-Haicheng/11055/2019_EPI1648934	0.001299	11.46229599999999	30.63965600000003	0.08050377063380627	0.0013599962127158205	11.356305184085675	2020-09-01	cTiterSub_x-ne_star	north	2020
2020-02-01	A/Guangxi-Jiangzhou/1630/2019_EPI1589660	0.000276	11.403610999999987	30.119602000000015	-0.016359350073441588	0.00027308539703596346	11.299896363855586	2020-09-01	cTiterSub_x-ne_star	north	2020
2020-02-01	A/Guangxi-Wanxiu/1624/2019_EPI1589829	5.2000000000000004e-05	10.514404999999993	29.676138999999953	0.007967583244583736	5.2186201449265734e-05	10.408925288443408	2020-09-01	cTiterSub_x-ne_star	north	2020
2020-02-01	A/Guangxi-Xinbin/1569/2019_EPI1589907	3.1e-05	11.20546199999998	33.623320000000014	-0.06583859066931447	2.979998840287956e-05	11.321086075491872	2020-09-01	cTiterSub_x-ne_star	north	2020
2020-02-01	A/Guangxi-Xinning/1674/2019_EPI1589799	5.2000000000000004e-05	11.27339799999999	30.029429000000004	0.0056814193721339435	5.2116652546398834e-05	11.164505019350997	2020-09-01	cTiterSub_x-ne_star	north	2020
2020-02-01	A/Guangxi-Yongning/356/2019_EPI1648511	0.00755	11.477179999999988	30.24427000000002	0.007967583244583736	0.007577035018114543	11.371670698533341	2020-09-01	cTiterSub_x-ne_star	north	2020
2020-02-01	A/Guatemala/10/2019_EPI1557659	1.4999999999999999e-05	20.38659999999999	38.01319999999999	0.04251615234940691	1.5360172135435583e-05	20.257592095972704	2020-09-01	cTiterSub_x-ne_star	north	2020
2020-02-01	A/Guatemala/325/2019_EPI1661969	0.007214	21.02780499999999	38.34839799999996	0.022687287063841897	0.007302264296680747	20.899452372852956	2020-09-01	cTiterSub_x-ne_star	north	2020
2020-02-01	A/Guizhou-Kaili/1832/2019_EPI1648745	0.003403	16.884302999999978	35.41998200000002	-0.09751306609584515	0.0032113821411787185	16.937128155234955	2020-09-01	cTiterSub_x-ne_star	north	2020
2020-02-01	A/HYOGO/1023/2019_EPI1640359	0.0016870000000000001	10.91489499999999	35.19522599999997	-0.07058704877070487	0.0016172103674947293	11.146929411004743	2020-09-01	cTiterSub_x-ne_star	north	2020
2020-02-01	A/Halmstad/5/2019_EPI1591229	0.001113	18.722113999999983	36.31378799999999	0.06420379555587083	0.0011542351661138883	18.57322924398279	2020-09-01	cTiterSub_x-ne_star	north	2020
2020-02-01	A/Hawaii/57/2019_EPI1586349	0.000131	11.914240000000015	36.183077000000004	-0.07058704877070487	0.00012558065094357414	12.146306903366986	2020-09-01	cTiterSub_x-ne_star	north	2020
2020-02-01	A/Hawaii/58/2019_EPI1593440	0.000239	11.741955000000011	35.72518300000002	-0.11704496405305972	0.00022298711004900917	11.969693717704795	2020-09-01	cTiterSub_x-ne_star	north	2020
2020-02-01	A/Hayma/7383/2019_EPI1646720	0.007214	12.311171999999983	35.82489899999996	-0.03268915868799505	0.007070148974173392	12.43297211976642	2020-09-01	cTiterSub_x-ne_star	north	2020
2020-02-01	A/Hong_Kong/2669/2019_EPI1574951	2e-05	10.514404999999993	29.676138999999953	0.007967583244583736	2.007161594202528e-05	10.408925288443408	2020-09-01	cTiterSub_x-ne_star	north	2020
2020-02-01	A/Hong_Kong/2670/2019_EPI1543096	1.9e-05	11.524813999999985	33.039746000000015	0.0034778012206543567	1.901816054770535e-05	11.625824519212577	2020-09-01	cTiterSub_x-ne_star	north	2020
2020-02-01	A/Hong_Kong/2671/2019_EPI1574954	1.9e-05	10.514404999999993	29.676138999999953	0.007967583244583736	1.9068035144924017e-05	10.408925288443408	2020-09-01	cTiterSub_x-ne_star	north	2020
2020-02-01	A/Hong_Kong/2675/2019_EPI1543106	2e-05	11.190919999999988	30.54346800000002	-0.012638541842880829	1.9831794551411438e-05	11.076134236071583	2020-09-01	cTiterSub_x-ne_star	north	2020
2020-02-01	A/Hong_Kong/2676/2019_EPI1592013	2.2e-05	10.514404999999993	29.676138999999953	0.007967583244583736	2.2078777536227807e-05	10.408925288443408	2020-09-01	cTiterSub_x-ne_star	north	2020
2020-02-01	A/Hong_Kong/2678/2019_EPI1543110	2e-05	9.504313999999987	32.60558999999999	-0.05221005926565517	1.9379252791460655e-05	9.630167348543802	2020-09-01	cTiterSub_x-ne_star	north	2020
2020-02-01	A/Hong_Kong/3052/2019_EPI1586192	0.0001	10.72832899999999	29.413410999999957	0.019106079334393126	0.00010101227492336081	10.6391038604374	2020-09-01	cTiterSub_x-ne_star	north	2020
2020-02-01	A/Hong_Kong/3053/2019_EPI1607798	9.499999999999999e-05	10.514404999999993	29.676138999999953	0.007967583244583736	9.534017572462007e-05	10.408925288443408	2020-09-01	cTiterSub_x-ne_star	north	2020
2020-02-01	A/Hong_Kong/3054/2019_EPI1586176	0.000106	10.91489499999999	35.19522599999997	-0.07058704877070487	0.00010161487786273936	11.146929411004743	2020-09-01	cTiterSub_x-ne_star	north	2020
2020-02-01	A/Hong_Kong/3054/2019_EPI1608543	0.000106	10.91489499999999	35.19522599999997	-0.07058704877070487	0.00010161487786273936	11.146929411004743	2020-09-01	cTiterSub_x-ne_star	north	2020
2020-02-01	A/Hong_Kong/3055/2019_EPI1607726	0.000106	10.91489499999999	35.19522599999997	-0.07058704877070487	0.00010161487786273936	11.146929411004743	2020-09-01	cTiterSub_x-ne_star	north	2020
2020-02-01	A/Hong_Kong/3056/2019_EPI1586152	0.000106	10.91489499999999	35.19522599999997	-0.07058704877070487	0.00010161487786273936	11.146929411004743	2020-09-01	cTiterSub_x-ne_star	north	2020
2020-02-01	A/Hong_Kong/3056/2019_EPI1608607	0.000106	10.91489499999999	35.19522599999997	-0.07058704877070487	0.00010161487786273936	11.146929411004743	2020-09-01	cTiterSub_x-ne_star	north	2020
2020-02-01	A/Hong_Kong/3057/2019_EPI1586947	0.0001	10.91489499999999	35.19522599999997	-0.07058704877070487	9.586309232333902e-05	11.146929411004743	2020-09-01	cTiterSub_x-ne_star	north	2020
2020-02-01	A/Hubei-Wujiagang/1511/2019_EPI1589889	2.3e-05	11.514345999999989	30.27020000000002	0.007967583244583736	2.308235833332907e-05	11.40887912372674	2020-09-01	cTiterSub_x-ne_star	north	2020
2020-02-01	A/Hunan-Daxiang/11008/2019_EPI1648754	0.004069	12.444746999999989	31.194891999999996	-0.016359350073441588	0.004026030726591795	12.340319718606427	2020-09-01	cTiterSub_x-ne_star	north	2020
2020-02-01	A/Hunan-Hecheng/1846/2019_EPI1589663	0.00029	12.403017999999989	31.119592999999984	-0.03942248777780158	0.0002831030926231104	12.299330157670342	2020-09-01	cTiterSub_x-ne_star	north	2020
2020-02-01	A/Hunan-Hecheng/1927/2019_EPI1648937	0.00107	12.35150199999999	31.08311899999998	0.056228406465209366	0.0011044916641327908	12.247276259497852	2020-09-01	cTiterSub_x-ne_star	north	2020
2020-02-01	A/Hunan-Kaifu/1845/2019_EPI1648640	0.005225	14.800502999999976	32.853500999999994	0.11116359763578117	0.0055690633177496165	14.65921398767669	2020-09-01	cTiterSub_x-ne_star	north	2020
2020-02-01	A/Iceland/12621/2019_EPI1574973	1.7e-05	10.575148999999994	34.41524800000001	-0.09086518354643222	1.6105088823975738e-05	10.749348329403933	2020-09-01	cTiterSub_x-ne_star	north	2020
2020-02-01	A/Iceland/77/2019_EPI1670785	0.003403	11.224415999999987	34.20279900000003	0.011593023244517393	0.003422415666015458	11.341476565102527	2020-09-01	cTiterSub_x-ne_star	north	2020
2020-02-01	A/Idaho/38/2019_EPI1643030	0.008962000000000001	10.91489499999999	35.19522599999997	-0.07058704877070487	0.008591250334017643	11.146929411004743	2020-09-01	cTiterSub_x-ne_star	north	2020
2020-02-01	A/Illinois/35/2019_EPI1629332	0.006564	10.91489499999999	35.19522599999997	-0.07058704877070487	0.006292453380103973	11.146929411004743	2020-09-01	cTiterSub_x-ne_star	north	2020
2020-02-01	A/India/Pun-1922295/2019_EPI1790220	0.000549	13.425257999999989	36.82507499999999	-0.05575229639235506	0.0005308624313639329	13.54721817207192	2020-09-01	cTiterSub_x-ne_star	north	2020
2020-02-01	A/India/Pun-1923665/2019_EPI1790219	0.0009109999999999999	12.916251999999988	35.40912700000002	-0.12005527238159047	0.0008484721821978606	13.007598547940056	2020-09-01	cTiterSub_x-ne_star	north	2020
2020-02-01	A/India/Pun-1923690/2019_EPI1790218	0.000875	13.799758999999982	36.408889999999985	-0.14311841008595047	0.0008040526817193888	13.891697618490493	2020-09-01	cTiterSub_x-ne_star	north	2020
2020-02-01	A/India/Pun-1923708/2019_EPI1790216	0.001157	10.925648999999988	33.409188000000015	-0.07392899697287049	0.001106975857333837	11.0163620231893	2020-09-01	cTiterSub_x-ne_star	north	2020
2020-02-01	A/India/Pun-1924667/2019_EPI1790217	0.000227	11.43465499999999	34.82513600000003	-0.009626020983635058	0.00022548676896137637	11.555981647321172	2020-09-01	cTiterSub_x-ne_star	north	2020
2020-02-01	A/Iowa/47/2019_EPI1609495	0.002641	11.436810999999992	34.82513600000003	-0.009626020983635058	0.0026233945234669384	11.557766558117391	2020-09-01	cTiterSub_x-ne_star	north	2020
2020-02-01	A/Iowa/59/2019_EPI1636607	0.008244	10.91489499999999	35.19522599999997	-0.07058704877070487	0.007902953331136067	11.146929411004743	2020-09-01	cTiterSub_x-ne_star	north	2020
2020-02-01	A/Iquique/67262/2019_EPI1574795	0.0001	20.713509999999992	37.904600999999936	0.018077520147150836	0.0001009516864578537	20.5650542633422	2020-09-01	cTiterSub_x-ne_star	north	2020
2020-02-01	A/Iquique/89168/2019_EPI1656901	0.002015	18.722113999999983	36.31378799999999	0.06420379555587083	0.002089653063539519	18.57322924398279	2020-09-01	cTiterSub_x-ne_star	north	2020
2020-02-01	A/Iran/182342/2019_EPI1670542	0.0029100000000000003	11.29400899999999	35.259665999999974	-0.09365018647506487	0.0027523372234580143	11.507427115412284	2020-09-01	cTiterSub_x-ne_star	north	2020
2020-02-01	A/Ireland/79804/2019_EPI1670550	0.0029100000000000003	19.696124999999984	37.310354999999994	0.04114065785151083	0.002977483386889334	19.54725264145928	2020-09-01	cTiterSub_x-ne_star	north	2020
2020-02-01	A/Jamaica/2929/2019_EPI1641911	0.010078	11.416116999999993	34.821712000000026	-0.009626020983635058	0.010010817874857934	11.537036744640831	2020-09-01	cTiterSub_x-ne_star	north	2020
2020-02-01	A/Japan/9879/2019_EPI1654195	0.0077209999999999	11.325612999999992	34.82490800000003	-0.009626020983635058	0.00766953014603861	11.447112417714752	2020-09-01	cTiterSub_x-ne_star	north	2020
2020-02-01	A/Jiangxi-Yuehu/1854/2019_EPI1648766	0.003403	11.27339799999999	30.029429000000004	0.0056814193721339435	0.0034106340118345234	11.164505019350997	2020-09-01	cTiterSub_x-ne_star	north	2020
2020-02-01	A/Jiangxi-Zhanggong/1512/2019_EPI1542486	1.3000000000000001e-05	11.230847999999993	30.073270000000026	0.1593761162212931	1.4251261127992484e-05	11.099663573023033	2020-09-01	cTiterSub_x-ne_star	north	2020
2020-02-01	A/Jiangxi-Zhanggong/1595/2019_EPI1589808	0.0001	9.732526999999989	32.593220000000024	-0.06933532734134039	9.593311431828921e-05	9.871640716864496	2020-09-01	cTiterSub_x-ne_star	north	2020
2020-02-01	A/Jilin-Dongchang/1574/2019_EPI1648346	0.013517	11.230847999999993	30.073270000000026	0.1593761162212931	0.014818022820544183	11.099663573023033	2020-09-01	cTiterSub_x-ne_star	north	2020
2020-02-01	A/KANAGAWA/159/2019_EPI1630280	0.001946	11.230847999999993	30.073270000000026	0.1593761162212931	0.002133304165774875	11.099663573023033	2020-09-01	cTiterSub_x-ne_star	north	2020
2020-02-01	A/KANAGAWA/162/2019_EPI1640029	0.003616	12.201924999999985	30.66481499999998	0.13588587554621256	0.003910095693283503	12.070315676579122	2020-09-01	cTiterSub_x-ne_star	north	2020
2020-02-01	A/KANAGAWA/AC1924/2019_EPI1669751	0.014619	13.133752999999977	32.068318999999995	0.11317356256564794	0.015599932829488907	13.000960372714768	2020-09-01	cTiterSub_x-ne_star	north	2020
2020-02-01	A/Kenya/131/2019_EPI1603533	2.2e-05	12.438293999999981	35.857405999999976	-0.13833053159875683	2.027272299549476e-05	12.613455688591614	2020-09-01	cTiterSub_x-ne_star	north	2020
2020-02-01	A/Kenya/135/2019_EPI1606507	9.499999999999999e-05	18.983672999999975	36.56613199999999	0.12574082001083686	0.00010212038349383173	18.86218551783898	2020-09-01	cTiterSub_x-ne_star	north	2020
2020-02-01	A/Kenya/1799/2019_EPI1587014	0.000118	12.438293999999981	35.857405999999976	-0.13833053159875683	0.00010873551424856278	12.613455688591614	2020-09-01	cTiterSub_x-ne_star	north	2020
2020-02-01	A/Kenya/6516/2019_EPI1587022	0.000131	11.633922999999987	34.888046	-0.13699145895515222	0.00012080918087440718	11.778692163009628	2020-09-01	cTiterSub_x-ne_star	north	2020
2020-02-01	A/Kenya/6522/2019_EPI1587030	0.000124	12.438293999999981	35.857405999999976	-0.13833053159875683	0.00011426443870187955	12.613455688591614	2020-09-01	cTiterSub_x-ne_star	north	2020
2020-02-01	A/Laos/1789/2019_EPI1591923	4.4e-05	10.514404999999993	29.676138999999953	0.007967583244583736	4.4157555072455614e-05	10.408925288443408	2020-09-01	cTiterSub_x-ne_star	north	2020
2020-02-01	A/Laos/2453/2019_EPI1669000	0.001113	10.514404999999993	29.676138999999953	0.007967583244583736	0.001116985427173707	10.408925288443408	2020-09-01	cTiterSub_x-ne_star	north	2020
2020-02-01	A/Laos/2455/2019_EPI1668992	0.001113	10.514404999999993	29.676138999999953	0.007967583244583736	0.001116985427173707	10.408925288443408	2020-09-01	cTiterSub_x-ne_star	north	2020
2020-02-01	A/Laos/2640/2019_EPI1662007	0.002159	11.862786000000016	36.158742999999994	0.005424540221549434	0.00216351910464875	12.094309306647006	2020-09-01	cTiterSub_x-ne_star	north	2020
2020-02-01	A/Laos/2982/2019_EPI1661953	0.0050880000000000005	12.82325399999999	36.748579000000014	0.005424540221549434	0.0050986499325858465	13.054540129780808	2020-09-01	cTiterSub_x-ne_star	north	2020
2020-02-01	A/Laos/F1789/2019_EPI1589362	4.4e-05	10.514404999999993	29.676138999999953	0.007967583244583736	4.4157555072455614e-05	10.408925288443408	2020-09-01	cTiterSub_x-ne_star	north	2020
2020-02-01	A/Lima/2360/2019_EPI1584114	0.00016	10.442105999999987	33.82514500000001	0.013437116720724937	0.00016108606344814047	10.563013347164325	2020-09-01	cTiterSub_x-ne_star	north	2020
2020-02-01	A/Louisiana/38/2019_EPI1508230	7.3e-05	10.91489499999999	35.19522599999997	-0.07058704877070487	6.998005739603747e-05	11.146929411004743	2020-09-01	cTiterSub_x-ne_star	north	2020
2020-02-01	A/MIE/20/2019_EPI1605020	0.000239	10.91489499999999	35.19522599999997	-0.07058704877070487	0.00022911279065278024	11.146929411004743	2020-09-01	cTiterSub_x-ne_star	north	2020
2020-02-01	A/MIE/23/2019_EPI1596906	0.0009880000000000002	10.975782999999986	30.14008399999999	-0.006262157738070991	0.0009833414519173223	10.885574230389023	2020-09-01	cTiterSub_x-ne_star	north	2020
2020-02-01	A/Maine/26/2019_EPI1548487	0.0001	10.91489499999999	35.19522599999997	-0.07058704877070487	9.586309232333902e-05	11.146929411004743	2020-09-01	cTiterSub_x-ne_star	north	2020
2020-02-01	A/Maine/32/2019_EPI1609313	0.002015	12.66984499999999	36.14257700000001	-0.07287675639228282	0.0019290630111666331	12.898651015890001	2020-09-01	cTiterSub_x-ne_star	north	2020
2020-02-01	A/Maryland/31/2019_EPI1593479	0.000481	10.302753999999993	34.26470300000001	-0.07058704877070487	0.00046110147407526066	10.515737305624162	2020-09-01	cTiterSub_x-ne_star	north	2020
2020-02-01	A/Massachusetts/43/2019_EPI1651825	0.010839	11.413182999999993	34.416690000000024	-0.010086604973723542	0.010763852528674683	11.53366545072041	2020-09-01	cTiterSub_x-ne_star	north	2020
2020-02-01	A/Mexico/2283/2019_EPI1603526	3.5e-05	19.722030999999983	37.313779	0.06374447087561902	3.628697932289771e-05	19.57315667002413	2020-09-01	cTiterSub_x-ne_star	north	2020
2020-02-01	A/Mexico/2369/2019_EPI1645505	3.5e-05	19.69993299999998	37.308828999999996	0.04114065785151083	3.581165585605727e-05	19.55115522278026	2020-09-01	cTiterSub_x-ne_star	north	2020
2020-02-01	A/Mexico/2392/2019_EPI1606443	9.499999999999999e-05	18.722113999999983	36.31378799999999	0.06420379555587083	9.851962334305424e-05	18.57322924398279	2020-09-01	cTiterSub_x-ne_star	north	2020
2020-02-01	A/Michigan/437/2019_EPI1606028	0.000741	12.486508999999986	35.03682300000003	0.012486337703687057	0.0007456161821834051	12.573891495396243	2020-09-01	cTiterSub_x-ne_star	north	2020
2020-02-01	A/Michigan/454/2019_EPI1651530	0.00878	10.442105999999987	33.82514500000001	0.013437116720724937	0.008839597731716707	10.563013347164325	2020-09-01	cTiterSub_x-ne_star	north	2020
2020-02-01	A/Michigan/457/2019_EPI1650036	0.002729	10.91489499999999	35.19522599999997	-0.07058704877070487	0.0026161037895039217	11.146929411004743	2020-09-01	cTiterSub_x-ne_star	north	2020
2020-02-01	A/Minnesota/44/2019_EPI1546925	2e-05	10.213230999999983	31.428865999999996	-0.03895865530279968	1.952963461320215e-05	10.221623611322938	2020-09-01	cTiterSub_x-ne_star	north	2020
2020-02-01	A/Minnesota/48/2019_EPI1548495	8.499999999999999e-05	10.91489499999999	35.19522599999997	-0.07058704877070487	8.148362847483816e-05	11.146929411004743	2020-09-01	cTiterSub_x-ne_star	north	2020
2020-02-01	A/Minnesota/50/2019_EPI1632028	0.00031800000000000003	10.560262999999994	34.41029800000001	-0.09086518354643222	0.00030125989682495795	10.734639985275257	2020-09-01	cTiterSub_x-ne_star	north	2020
2020-02-01	A/Missouri/27/2019_EPI1608591	0.00029	10.442105999999987	33.82514500000001	0.013437116720724937	0.00029196848999975456	10.563013347164325	2020-09-01	cTiterSub_x-ne_star	north	2020
2020-02-01	A/Monmouth/3635/2019_EPI1626595	0.006251	19.709598999999983	36.907849000000006	0.06420379555587083	0.00648259121597297	19.56026406155083	2020-09-01	cTiterSub_x-ne_star	north	2020
2020-02-01	A/Montana/62/2019_EPI1649478	0.013328999999999999	10.442105999999987	33.82514500000001	0.013437116720724937	0.01341947587312665	10.563013347164325	2020-09-01	cTiterSub_x-ne_star	north	2020
2020-02-01	A/Muscat/6830/2019_EPI1646753	0.005652	10.442105999999987	33.82514500000001	0.013437116720724937	0.005690365191305562	10.563013347164325	2020-09-01	cTiterSub_x-ne_star	north	2020
2020-02-01	A/Muscat/7070/2019_EPI1646756	0.006251	11.325612999999992	34.82490800000003	-0.009626020983635058	0.006209329483601603	11.447112417714752	2020-09-01	cTiterSub_x-ne_star	north	2020
2020-02-01	A/NAGANO/2410/2019_EPI1566680	1e-05	12.250350000000005	36.22821099999999	-0.01763859748281056	9.887017723770431e-06	12.462817834627703	2020-09-01	cTiterSub_x-ne_star	north	2020
2020-02-01	A/NAGANO/2599/2019_EPI1640095	0.001401	10.91489499999999	35.19522599999997	-0.07058704877070487	0.0013430419234499796	11.146929411004743	2020-09-01	cTiterSub_x-ne_star	north	2020
2020-02-01	A/NIIGATA/805/2019_EPI1627368	0.00084	12.687528999999987	31.964578999999986	0.14189510207603903	0.0009115082810282899	12.571941030907992	2020-09-01	cTiterSub_x-ne_star	north	2020
2020-02-01	A/Nakhonphanom/498/2019_EPI1632076	3.1e-05	12.092969000000005	35.81724800000001	-0.09365018647506487	2.932043090281733e-05	12.316345098972556	2020-09-01	cTiterSub_x-ne_star	north	2020
2020-02-01	A/Nakhonphanom/537/2019_EPI1670034	4.6e-05	11.30264899999999	35.26469399999997	-0.07058704877070487	4.4097022468735946e-05	11.515649111579224	2020-09-01	cTiterSub_x-ne_star	north	2020
2020-02-01	A/Neath/4294/2019_EPI1584146	0.00029	12.91237299999999	37.187692000000034	-0.09031099383191775	0.0002748226977635428	13.144564040475029	2020-09-01	cTiterSub_x-ne_star	north	2020
2020-02-01	A/Nebraska/12/2019_EPI1593456	0.00045999999999999996	10.91489499999999	35.19522599999997	-0.07058704877070487	0.00044097022468735943	11.146929411004743	2020-09-01	cTiterSub_x-ne_star	north	2020
2020-02-01	A/Netherlands/01387/2019_EPI1520177	1.7e-05	19.137089999999983	42.04549699999997	-0.1453470175006651	1.5601299752701e-05	19.30354660414653	2020-09-01	cTiterSub_x-ne_star	north	2020
2020-02-01	A/Netherlands/01443/2019_EPI1607826	0.0009880000000000002	13.365458999999987	36.81666799999999	0.013437116720724937	0.0009947064417922674	13.486655110576352	2020-09-01	cTiterSub_x-ne_star	north	2020
2020-02-01	A/Netherlands/01584/2019_EPI1607832	0.001946	11.715472999999974	35.719792	-0.09012241236443806	0.0018443579474565677	11.864432910981806	2020-09-01	cTiterSub_x-ne_star	north	2020
2020-02-01	A/Netherlands/01621/2019_EPI1639494	0.009145	19.692805999999983	37.29897299999998	0.03361189968223311	0.009316070016712108	19.544225203285695	2020-09-01	cTiterSub_x-ne_star	north	2020
2020-02-01	A/Netherlands/01696/2019_EPI1647703	0.013517	20.86172399999999	38.00198599999996	-0.015768418395591996	0.0133788694130914	20.722076207748962	2020-09-01	cTiterSub_x-ne_star	north	2020
2020-02-01	A/Netherlands/02468/2019_EPI1672008	0.015826	20.585657999999988	37.890939999999944	0.04114065785151083	0.016193007587941784	20.43660742922734	2020-09-01	cTiterSub_x-ne_star	north	2020
2020-02-01	A/Netherlands/10027/2020_EPI1668950	0.018727	12.79752299999999	36.70502700000002	-0.10296261124224802	0.017616420569254998	13.03646609573052	2020-09-01	cTiterSub_x-ne_star	north	2020
2020-02-01	A/New_York/51/2019_EPI1641845	0.007214	12.36891099999999	34.60959800000001	0.03554947540804705	0.0073572588233518895	12.458732697858682	2020-09-01	cTiterSub_x-ne_star	north	2020
2020-02-01	A/Newcastle/67/2019_EPI1671474	0.000276	10.91489499999999	35.19522599999997	-0.07058704877070487	0.0002645821348124157	11.146929411004743	2020-09-01	cTiterSub_x-ne_star	north	2020
2020-02-01	A/Nicaragua/1385/2019_EPI1630947	0.002391	9.13090899999999	32.81283099999998	-0.06705927466007806	0.0022968082061393257	9.278085512022807	2020-09-01	cTiterSub_x-ne_star	north	2020
2020-02-01	A/Niger/7171/2019_EPI1649168	0.001299	12.879220999999983	31.282299000000016	0.13607760105294928	0.0014048070785551048	12.801910253346621	2020-09-01	cTiterSub_x-ne_star	north	2020
2020-02-01	A/Niger/7228/2019_EPI1651973	0.002391	12.162777999999985	30.885168000000007	-0.015351641244294185	0.0023671417361873074	12.111171968766987	2020-09-01	cTiterSub_x-ne_star	north	2020
2020-02-01	A/Niger/7271/2019_EPI1651957	0.004069	13.15462699999998	31.885159000000005	-0.015351641244294185	0.004028398044561335	13.103115172677871	2020-09-01	cTiterSub_x-ne_star	north	2020
2020-02-01	A/Niger/7280/2019_EPI1652021	0.0043100000000000005	12.162777999999985	30.885168000000007	-0.015351641244294185	0.0042669932592920515	12.111171968766987	2020-09-01	cTiterSub_x-ne_star	north	2020
2020-02-01	A/Niger/7296/2019_EPI1651935	0.015826	13.13108199999998	31.477763000000007	-0.038891596789261886	0.015454404394745054	13.080232420069954	2020-09-01	cTiterSub_x-ne_star	north	2020
2020-02-01	A/Nigeria/2235/2019_EPI1630781	2.3e-05	11.213171999999993	32.42885700000001	-0.03895865530279968	2.2459079805182468e-05	11.221578693163337	2020-09-01	cTiterSub_x-ne_star	north	2020
2020-02-01	A/Norrkoping/1/2019_EPI1591269	0.0005740000000000001	18.505359999999982	37.521278	0.05016282333844865	0.0005904102815506064	18.500835566800625	2020-09-01	cTiterSub_x-ne_star	north	2020
2020-02-01	A/North_Carolina/27/2019_EPI1597391	0.00084	11.896894000000016	36.161675	-0.09365018647506487	0.0007944890954311793	12.129915994518296	2020-09-01	cTiterSub_x-ne_star	north	2020
2020-02-01	A/Northern_Ireland/30714/2019_EPI1647028	0.0086	19.704890999999982	37.30833699999999	0.06420379555587083	0.008918618534213333	19.555382548710828	2020-09-01	cTiterSub_x-ne_star	north	2020
2020-02-01	A/Norway/2155/2019_EPI1604656	2e-05	12.44961899999999	31.666939999999983	-0.01509555445977626	1.9803390845683925e-05	12.347901014664718	2020-09-01	cTiterSub_x-ne_star	north	2020
2020-02-01	A/Norway/2161/2019_EPI1604658	3.3e-05	11.899128000000015	35.78293900000002	-0.09365018647506487	3.121207160622491e-05	12.132019657493123	2020-09-01	cTiterSub_x-ne_star	north	2020
2020-02-01	A/Norway/2208/2019_EPI1604660	0.000206	10.91489499999999	35.19522599999997	-0.07058704877070487	0.00019747797018607836	11.146929411004743	2020-09-01	cTiterSub_x-ne_star	north	2020
2020-02-01	A/Norway/2220/2019_EPI1604664	0.000276	13.966211999999977	37.14211600000002	-0.019828665281227755	0.0002725332946172212	14.17529884646826	2020-09-01	cTiterSub_x-ne_star	north	2020
2020-02-01	A/Norway/2221/2019_EPI1604666	0.00029	11.862786000000016	36.158742999999994	0.005424540221549434	0.00029060701266703915	12.094309306647006	2020-09-01	cTiterSub_x-ne_star	north	2020
2020-02-01	A/Norway/2224/2019_EPI1604668	0.000217	12.75581299999999	37.18552600000003	-0.11679592059745626	0.00020249051466251196	12.995428972391826	2020-09-01	cTiterSub_x-ne_star	north	2020
2020-02-01	A/Norway/2279/2019_EPI1619464	0.002235	10.442105999999987	33.82514500000001	0.013437116720724937	0.0022501709487912124	10.563013347164325	2020-09-01	cTiterSub_x-ne_star	north	2020
2020-02-01	A/Norway/2282/2019_EPI1619468	0.002235	18.722113999999983	36.31378799999999	0.06420379555587083	0.0023178037702286975	18.57322924398279	2020-09-01	cTiterSub_x-ne_star	north	2020
2020-02-01	A/Norway/2330/2019_EPI1655617	0.00456	10.131356999999992	33.249190999999996	-0.014215515662657024	0.004517491598919764	10.248413346272335	2020-09-01	cTiterSub_x-ne_star	north	2020
2020-02-01	A/OKINAWA/74/2019_EPI1605042	4.9e-05	11.547308999999986	34.947996000000025	-0.07049762262545042	4.697536565628122e-05	11.722731367761266	2020-09-01	cTiterSub_x-ne_star	north	2020
2020-02-01	A/OSAKA-C/2042/2019_EPI1627372	0.00035	10.91489499999999	35.19522599999997	-0.07058704877070487	0.0003355208231316866	11.146929411004743	2020-09-01	cTiterSub_x-ne_star	north	2020
2020-02-01	A/Ohio/26/2019_EPI1586381	0.000169	10.91489499999999	35.19522599999997	-0.07058704877070487	0.00016200862602644292	11.146929411004743	2020-09-01	cTiterSub_x-ne_star	north	2020
2020-02-01	A/Ontario/RV2503/2019_EPI1641793	0.006251	11.230847999999993	30.073270000000026	0.1593761162212931	0.006852664100852385	11.099663573023033	2020-09-01	cTiterSub_x-ne_star	north	2020
2020-02-01	A/Pays_de_Loire/2718/2019_EPI1645876	0.013704	18.722113999999983	36.31378799999999	0.06420379555587083	0.014211714929402267	18.57322924398279	2020-09-01	cTiterSub_x-ne_star	north	2020
2020-02-01	A/Peru/0519/2019_EPI1641336	0.002015	17.295479999999987	35.38675799999998	0.04575042476820189	0.0020672796982815073	17.164294510948313	2020-09-01	cTiterSub_x-ne_star	north	2020
2020-02-01	A/Peru/3119/2019_EPI1643005	0.0029100000000000003	18.722113999999983	36.31378799999999	0.06420379555587083	0.003017811620297767	18.57322924398279	2020-09-01	cTiterSub_x-ne_star	north	2020
2020-02-01	A/Peru/586619/2019_EPI1597311	1.1e-05	9.324025000000004	30.98540300000001	-0.03765042877889001	1.0749499196275042e-05	9.33065253591076	2020-09-01	cTiterSub_x-ne_star	north	2020
2020-02-01	A/Peru/6619/2019_EPI1643125	0.003616	20.706674999999986	37.90783999999994	0.018077520147150836	0.0036504129823159894	20.557601152501615	2020-09-01	cTiterSub_x-ne_star	north	2020
2020-02-01	A/Peru/90704619/2019_EPI1649606	0.0010279999999999	19.719805999999984	37.313779	0.04114065785151083	0.0010518394920006658	19.570857497030257	2020-09-01	cTiterSub_x-ne_star	north	2020
2020-02-01	A/Philippines/1078/2019_EPI1649218	0.000949	12.225320999999985	31.07326099999998	0.13631297851693314	0.001026439551917483	12.093960280936889	2020-09-01	cTiterSub_x-ne_star	north	2020
2020-02-01	A/Philippines/1343/2019_EPI1649248	0.0020859999999999997	12.226662999999984	31.07323699999998	0.13631297851693314	0.0022562201320335817	12.095151132758971	2020-09-01	cTiterSub_x-ne_star	north	2020
2020-02-01	A/Philippines/1345/2019_EPI1649256	0.0033	11.230847999999993	30.073270000000026	0.1593761162212931	0.003617627824798092	11.099663573023033	2020-09-01	cTiterSub_x-ne_star	north	2020
2020-02-01	A/Philippines/1405/2019_EPI1649280	0.004069	11.230847999999993	30.073270000000026	0.1593761162212931	0.0044606447330616476	11.099663573023033	2020-09-01	cTiterSub_x-ne_star	north	2020
2020-02-01	A/Philippines/19/2019_EPI1671741	0.00125	11.230847999999993	30.073270000000026	0.1593761162212931	0.0013703135699992773	11.099663573023033	2020-09-01	cTiterSub_x-ne_star	north	2020
2020-02-01	A/Philippines/30/2019_EPI1671747	0.003403	11.98984099999999	30.426559999999984	0.15728987304450115	0.0037260044477292983	11.855243303930632	2020-09-01	cTiterSub_x-ne_star	north	2020
2020-02-01	A/Philippines/32/2019_EPI1671750	0.003616	11.230847999999993	30.073270000000026	0.1593761162212931	0.0039640430952939095	11.099663573023033	2020-09-01	cTiterSub_x-ne_star	north	2020
2020-02-01	A/Philippines/35/2019_EPI1671753	0.004069	11.230847999999993	30.073270000000026	0.1593761162212931	0.0044606447330616476	11.099663573023033	2020-09-01	cTiterSub_x-ne_star	north	2020
2020-02-01	A/Port_Talbot/2404/2019_EPI1584122	0.000206	19.721688999999984	37.250758999999995	0.1313663241987002	0.00022216784816094472	19.57278490828645	2020-09-01	cTiterSub_x-ne_star	north	2020
2020-02-01	A/Porthcawl/7839/2019_EPI1584154	0.000334	12.91237299999999	37.187692000000034	-0.09031099383191775	0.00031651993466559755	13.144564040475029	2020-09-01	cTiterSub_x-ne_star	north	2020
2020-02-01	A/Qatar/10-VI-19-0048257/2019_EPI1619489	0.0005740000000000001	11.325612999999992	34.82490800000003	-0.009626020983635058	0.0005701735919992514	11.447112417714752	2020-09-01	cTiterSub_x-ne_star	north	2020
2020-02-01	A/Qatar/10-VI-19-0048393/2019_EPI1647056	0.000599	11.325612999999992	34.82490800000003	-0.009626020983635058	0.0005950069365985219	11.447112417714752	2020-09-01	cTiterSub_x-ne_star	north	2020
2020-02-01	A/Qatar/13-VI-19-0048751/2019_EPI1647066	0.000653	11.325612999999992	34.82490800000003	-0.009626020983635058	0.0006486469609329462	11.447112417714752	2020-09-01	cTiterSub_x-ne_star	north	2020
2020-02-01	A/Qatar/16-VI-19-0048524/2019_EPI1647070	0.000599	11.325612999999992	34.82490800000003	-0.009626020983635058	0.0005950069365985219	11.447112417714752	2020-09-01	cTiterSub_x-ne_star	north	2020
2020-02-01	A/Qatar/34-VI-19-0070454/2019_EPI1670586	0.008068	11.028166999999977	34.795858	-0.11730056756896262	0.00752632544073596	11.150039296149286	2020-09-01	cTiterSub_x-ne_star	north	2020
2020-02-01	A/Qatar/47-VI-19-0062901/2019_EPI1670594	0.00456	11.325612999999992	34.82490800000003	-0.009626020983635058	0.004529602054906944	11.447112417714752	2020-09-01	cTiterSub_x-ne_star	north	2020
2020-02-01	A/Qatar/47-VI-19-0066945/2019_EPI1670602	0.006251	12.313097999999984	35.82489899999996	-0.03268915868799505	0.006126351710224268	12.434859714294317	2020-09-01	cTiterSub_x-ne_star	north	2020
2020-02-01	A/SAITAMA/176/2019_EPI1640404	0.0006259999999999	10.302753999999993	34.26470300000001	-0.07058704877070487	0.0006001029579440064	10.515737305624162	2020-09-01	cTiterSub_x-ne_star	north	2020
2020-02-01	A/SAPPORO/48/2019_EPI1566706	1e-05	11.34140399999999	34.76851	-0.09314197051750187	9.461007905185852e-06	11.512274815369551	2020-09-01	cTiterSub_x-ne_star	north	2020
2020-02-01	A/SAPPORO/58/2019_EPI1640077	0.005365	11.904152000000016	36.19521700000001	-0.07058704877070487	0.005143054903147138	12.136643301198449	2020-09-01	cTiterSub_x-ne_star	north	2020
2020-02-01	A/Saint-Petersburg/RII-7S/2019_EPI1658508	0.0028179999999999998	11.435904999999991	34.81762000000003	-0.009626020983635058	0.0027992146032297734	11.55686985136863	2020-09-01	cTiterSub_x-ne_star	north	2020
2020-02-01	A/Salalah/5662/2019_EPI1646765	0.002391	12.225984999999984	31.07308399999998	0.15878814051004683	0.0026202369384103947	12.094359233371659	2020-09-01	cTiterSub_x-ne_star	north	2020
2020-02-01	A/Santiago/51713/2019_EPI1632164	1e-05	18.722113999999983	36.31378799999999	0.06420379555587083	1.0370486667689921e-05	18.57322924398279	2020-09-01	cTiterSub_x-ne_star	north	2020
2020-02-01	A/Sao_Paulo/1140710-IAL/2019_EPI1602341	0.000276	22.168448999999992	39.36361400000004	-0.005034515526913794	0.0002748954131228544	22.035088039176493	2020-09-01	cTiterSub_x-ne_star	north	2020
2020-02-01	A/Sao_Paulo/1222219-IAL/2019_EPI1632196	8.1e-05	12.287807000000003	35.858755000000016	-0.11671332417942487	7.558765881352794e-05	12.501061910618565	2020-09-01	cTiterSub_x-ne_star	north	2020
2020-02-01	A/Sao_Paulo/1265906-IAL/2019_EPI1590413	0.00031800000000000003	11.257822999999991	32.979873999999995	-0.059379933846434356	0.0003068440789627523	11.265033211816778	2020-09-01	cTiterSub_x-ne_star	north	2020
2020-02-01	A/Sao_Paulo/1265906-IAL/2019_EPI1597164	0.00044	11.257822999999991	32.979873999999995	-0.059379933846434356	0.0004245641344138711	11.265033211816778	2020-09-01	cTiterSub_x-ne_star	north	2020
2020-02-01	A/Sao_Paulo/1318447-IAL/2019_EPI1652053	0.001626	11.284752999999993	35.23115199999997	-0.09365018647506487	0.0015379038918703542	11.498723889137715	2020-09-01	cTiterSub_x-ne_star	north	2020
2020-02-01	A/Sao_Paulo/1360929-IAL/2019_EPI1626611	0.0043100000000000005	11.238854999999988	34.89729099999999	-0.11373852319687978	0.004028995449084786	11.404431540135619	2020-09-01	cTiterSub_x-ne_star	north	2020
2020-02-01	A/Sao_Paulo/1856758-IAL/2019_EPI1529358	1.3000000000000001e-05	20.16957899999999	37.36364699999995	0.018077520147150836	1.3123719239520981e-05	20.03618762082898	2020-09-01	cTiterSub_x-ne_star	north	2020
2020-02-01	A/Shanghai-Jiading/1634/2019_EPI1589673	0.00029	13.583528999999995	36.18621200000001	-0.1279051566316069	0.0002688614593771423	13.718181383866416	2020-09-01	cTiterSub_x-ne_star	north	2020
2020-02-01	A/Shanghai-Jingan/11162/2019_EPI1542489	1.4000000000000001e-05	10.574189999999987	32.465326000000005	-0.009854743098005027	1.3904817653903253e-05	10.657893342350107	2020-09-01	cTiterSub_x-ne_star	north	2020
2020-02-01	A/Shanghai-Pudongxin/11062/2019_EPI1542564	4.9e-05	13.221143999999983	31.709366999999993	-0.0065958751691696255	4.875946579163305e-05	13.106345254828002	2020-09-01	cTiterSub_x-ne_star	north	2020
2020-02-01	A/Shanghai-Pudongxin/11421/2019_EPI1648955	0.0010279999999999	10.514404999999993	29.676138999999953	0.007967583244583736	0.001031681059419999	10.408925288443408	2020-09-01	cTiterSub_x-ne_star	north	2020
2020-02-01	A/Shanghai-Putuo/1786/2019_EPI1648841	0.002729	10.514404999999993	29.676138999999953	0.007967583244583736	0.0027387719952893497	10.408925288443408	2020-09-01	cTiterSub_x-ne_star	north	2020
2020-02-01	A/Shenzhen/2019-38434/2019_EPI1589754	8.499999999999999e-05	10.91489499999999	35.19522599999997	-0.07058704877070487	8.148362847483816e-05	11.146929411004743	2020-09-01	cTiterSub_x-ne_star	north	2020
2020-02-01	A/Sichuan-Qingyang/11300/2019_EPI1589667	0.00029	11.575569999999981	34.35952200000001	-0.0538903270582475	0.0002807238773332051	11.708723627620238	2020-09-01	cTiterSub_x-ne_star	north	2020
2020-02-01	A/Sichuan-Qingyang/37/2019_EPI1648775	0.00755	11.499291999999988	30.655304000000026	0.009666294517236947	0.007584546936301563	11.393756194570804	2020-09-01	cTiterSub_x-ne_star	north	2020
2020-02-01	A/Singapore/EN0536/2019_EPI1626866	9.499999999999999e-05	11.530097999999985	35.37869100000003	0.008139585616431456	9.534974213407514e-05	11.70387200003626	2020-09-01	cTiterSub_x-ne_star	north	2020
2020-02-01	A/Singapore/EN0894/2019_EPI1646158	0.010078	11.224632999999992	30.170539000000005	0.006108144426513109	0.010103122746939384	11.109126677253888	2020-09-01	cTiterSub_x-ne_star	north	2020
2020-02-01	A/Singapore/GP0985/2019_EPI1626818	2e-05	12.01159299999999	31.01730099999998	0.16654960180087452	2.201695530828574e-05	11.880914328959635	2020-09-01	cTiterSub_x-ne_star	north	2020
2020-02-01	A/Singapore/GP1482/2019_EPI1630399	0.000196	10.127003999999989	33.395632000000006	-0.06726174814124973	0.00018825647915308126	10.274396126417999	2020-09-01	cTiterSub_x-ne_star	north	2020
2020-02-01	A/Singapore/GP1559/2019_EPI1638598	0.000239	20.77622399999998	37.659901999999974	0.19860062721146057	0.0002680679685162723	20.669983173619862	2020-09-01	cTiterSub_x-ne_star	north	2020
2020-02-01	A/Singapore/GP1958/2019_EPI1632523	0.0043100000000000005	11.224632999999992	30.170539000000005	0.006108144426513109	0.004320744099951255	11.109126677253888	2020-09-01	cTiterSub_x-ne_star	north	2020
2020-02-01	A/Singapore/GP2190/2019_EPI1646182	0.009515000000000001	11.230847999999993	30.073270000000026	0.1593761162212931	0.010430826894834499	11.099663573023033	2020-09-01	cTiterSub_x-ne_star	north	2020
2020-02-01	A/Singapore/GP2299/2019_EPI1646190	0.012184	12.393343999999981	35.825070999999966	-0.03268915868799505	0.01194104451085786	12.515249169120903	2020-09-01	cTiterSub_x-ne_star	north	2020
2020-02-01	A/Singapore/KK1314/2019_EPI1627002	2.3e-05	10.885996999999984	33.748922000000015	-0.06954168619139829	2.206196040290272e-05	11.029975857325594	2020-09-01	cTiterSub_x-ne_star	north	2020
2020-02-01	A/Singapore/KK2496/2019_EPI1646198	0.0070480000000000004	12.426479999999987	30.638713999999986	-0.026708986517369915	0.006931597394640197	12.322964946836773	2020-09-01	cTiterSub_x-ne_star	north	2020
2020-02-01	A/Singapore/KK2772/2019_EPI1646424	0.011607	12.426479999999987	30.638713999999986	-0.026708986517369915	0.011415302349544375	12.322964946836773	2020-09-01	cTiterSub_x-ne_star	north	2020
2020-02-01	A/Singapore/NTF0040/2019_EPI1626954	2.2e-05	10.127003999999989	33.395632000000006	-0.06726174814124973	2.1130829292692794e-05	10.274396126417999	2020-09-01	cTiterSub_x-ne_star	north	2020
2020-02-01	A/Singapore/SGH0618/2019_EPI1646496	0.012567	10.442105999999987	33.82514500000001	0.013437116720724937	0.012652303495954881	10.563013347164325	2020-09-01	cTiterSub_x-ne_star	north	2020
2020-02-01	A/Singapore/SGH0667/2019_EPI1646448	0.012567	11.224632999999992	30.170539000000005	0.006108144426513109	0.012598327402340468	11.109126677253888	2020-09-01	cTiterSub_x-ne_star	north	2020
2020-02-01	A/Singapore/SGH0668/2019_EPI1646517	0.012567	10.442105999999987	33.82514500000001	0.013437116720724937	0.012652303495954881	10.563013347164325	2020-09-01	cTiterSub_x-ne_star	north	2020
2020-02-01	A/Singapore/TT0543/2019_EPI1626914	5.5e-05	10.127003999999989	33.395632000000006	-0.06726174814124973	5.2827073231731986e-05	10.274396126417999	2020-09-01	cTiterSub_x-ne_star	north	2020
2020-02-01	A/Singapore/TT0558/2019_EPI1626922	7.3e-05	10.573684999999994	34.00619000000001	-0.08591723551718393	6.93570429486266e-05	10.748441237367215	2020-09-01	cTiterSub_x-ne_star	north	2020
2020-02-01	A/Singapore/TT0650/2019_EPI1638701	0.000227	10.442105999999987	33.82514500000001	0.013437116720724937	0.00022854085251704928	10.563013347164325	2020-09-01	cTiterSub_x-ne_star	north	2020
2020-02-01	A/Singapore/TT0679/2019_EPI1638733	0.000304	10.442105999999987	33.82514500000001	0.013437116720724937	0.0003060635205514669	10.563013347164325	2020-09-01	cTiterSub_x-ne_star	north	2020
2020-02-01	A/Singapore/TT0767/2019_EPI1638773	0.001749	10.644616999999986	33.87678300000001	-0.009626020983635058	0.001737340788164966	10.765950725580561	2020-09-01	cTiterSub_x-ne_star	north	2020
2020-02-01	A/Singapore/TT0889/2019_EPI1646384	0.0086	13.190206999999978	32.170521000000015	-0.016954993277846886	0.008506226586702723	13.075101770907073	2020-09-01	cTiterSub_x-ne_star	north	2020
2020-02-01	A/Sorocaba/1314601-IAL/2019_EPI1649971	0.001349	11.29913199999999	35.26469399999997	-0.09365018647506487	0.0012759116544484059	11.512280555238068	2020-09-01	cTiterSub_x-ne_star	north	2020
2020-02-01	A/South_Africa/R06867/2019_EPI1582737	1.2e-05	18.722113999999983	36.31378799999999	0.06420379555587083	1.2444584001227907e-05	18.57322924398279	2020-09-01	cTiterSub_x-ne_star	north	2020
2020-02-01	A/South_Australia/34/2019_19/228_EPI1639729	0.015491	11.098901999999994	33.715416999999995	-0.07007883281314187	0.014854554750133956	11.267012986790622	2020-09-01	cTiterSub_x-ne_star	north	2020
2020-02-01	A/South_Australia/454/2019_EPI1658665	0.004069	11.78738000000001	36.185570000000006	-0.09365018647506487	0.0038485430110827	12.0268315635891	2020-09-01	cTiterSub_x-ne_star	north	2020
2020-02-01	A/South_Australia/463/2019_EPI1647425	0.0077209999999999	12.724909999999989	37.185491000000034	-0.11679592059745626	0.0072047431507338	12.96463385273854	2020-09-01	cTiterSub_x-ne_star	north	2020
2020-02-01	A/South_Australia/465/2019_EPI1647431	0.00878	12.724909999999989	37.185491000000034	-0.11679592059745626	0.008192934187727442	12.96463385273854	2020-09-01	cTiterSub_x-ne_star	north	2020
2020-02-01	A/South_Australia/468/2019_EPI1647437	0.009145	11.78738000000001	36.185570000000006	-0.09365018647506487	0.008649527116331112	12.0268315635891	2020-09-01	cTiterSub_x-ne_star	north	2020
2020-02-01	A/South_Australia/469/2019_EPI1647440	0.010078	10.442105999999987	33.82514500000001	0.013437116720724937	0.010146408421439749	10.563013347164325	2020-09-01	cTiterSub_x-ne_star	north	2020
2020-02-01	A/South_Australia/474/2019_EPI1647470	0.011222	10.442105999999987	33.82514500000001	0.013437116720724937	0.011298173775093952	10.563013347164325	2020-09-01	cTiterSub_x-ne_star	north	2020
2020-02-01	A/South_Carolina/13/2019_EPI1546961	1.4000000000000001e-05	10.91489499999999	35.19522599999997	-0.07058704877070487	1.3420832925267464e-05	11.146929411004743	2020-09-01	cTiterSub_x-ne_star	north	2020
2020-02-01	A/Sri_Lanka/27/2019_EPI1589596	6.2e-05	9.711356999999992	32.87111299999999	-0.054836302718801536	5.998371964845703e-05	9.830555254357911	2020-09-01	cTiterSub_x-ne_star	north	2020
2020-02-01	A/Stockholm/23/2019_EPI1591179	0.000741	11.230847999999993	30.073270000000026	0.1593761162212931	0.0008123218842955715	11.099663573023033	2020-09-01	cTiterSub_x-ne_star	north	2020
2020-02-01	A/Suriname/0828/2019_EPI1606459	0.000227	20.695959999999992	37.49650399999996	0.018418638602621207	0.00022920593243985348	20.547156740434637	2020-09-01	cTiterSub_x-ne_star	north	2020
2020-02-01	A/Suriname/0834/2019_EPI1606555	0.000239	20.695959999999992	37.49650399999996	0.018418638602621207	0.0002413225456084801	20.547156740434637	2020-09-01	cTiterSub_x-ne_star	north	2020
2020-02-01	A/Suriname/0886/2019_EPI1606407	0.0005740000000000001	10.246634999999994	33.44377000000001	-0.09137088663911391	0.0005436231984009607	10.412213242124853	2020-09-01	cTiterSub_x-ne_star	north	2020
2020-02-01	A/Suriname/0901/2019_EPI1606399	0.000773	20.695959999999992	37.49650399999996	0.018418638602621207	0.0007805118316123645	20.547156740434637	2020-09-01	cTiterSub_x-ne_star	north	2020
2020-02-01	A/Suriname/0902/2019_EPI1632212	0.000741	20.695959999999992	37.49650399999996	0.018418638602621207	0.0007482008631626935	20.547156740434637	2020-09-01	cTiterSub_x-ne_star	north	2020
2020-02-01	A/Sydney/1115/2019_EPI1667391	6.500000000000001e-05	10.91489499999999	35.19522599999997	-0.07058704877070487	6.231101001017037e-05	11.146929411004743	2020-09-01	cTiterSub_x-ne_star	north	2020
2020-02-01	A/Sydney/1228/2019_EPI1671757	0.0020859999999999997	11.78738000000001	36.185570000000006	-0.09365018647506487	0.001972981253654095	12.0268315635891	2020-09-01	cTiterSub_x-ne_star	north	2020
2020-02-01	A/Sydney/376/2019_EPI1670204	0.000227	11.78738000000001	36.185570000000006	-0.09365018647506487	0.00021470121983675915	12.0268315635891	2020-09-01	cTiterSub_x-ne_star	north	2020
2020-02-01	A/Sydney/470/2019_EPI1671651	0.001511	12.78434499999999	37.18556100000003	-0.11671332417942487	0.0014100364502128483	13.024011490688677	2020-09-01	cTiterSub_x-ne_star	north	2020
2020-02-01	A/TOKYO/19121/2019_EPI1566708	1.9e-05	12.092969000000005	35.81724800000001	-0.09365018647506487	1.7970586682371916e-05	12.316345098972556	2020-09-01	cTiterSub_x-ne_star	north	2020
2020-02-01	A/TOKYO/19139/2019_EPI1596914	2.6000000000000002e-05	11.78738000000001	36.185570000000006	-0.09365018647506487	2.4591329144298407e-05	12.0268315635891	2020-09-01	cTiterSub_x-ne_star	north	2020
2020-02-01	A/TOKYO/19301/2019_EPI1669741	0.0043100000000000005	11.43347299999999	34.82513600000003	0.013437116720724937	0.004339255834134284	11.554334835496057	2020-09-01	cTiterSub_x-ne_star	north	2020
2020-02-01	A/Talca/63220/2019_EPI1587657	5.2000000000000004e-05	17.295479999999987	35.38675799999998	0.04575042476820189	5.33491535040389e-05	17.164294510948313	2020-09-01	cTiterSub_x-ne_star	north	2020
2020-02-01	A/Temuco/96397/2019_EPI1656941	0.001946	11.260254999999988	34.80207599999997	-0.09365018647506487	0.0018405664044155653	11.474872022764906	2020-09-01	cTiterSub_x-ne_star	north	2020
2020-02-01	A/Texas/10029/2019_EPI1657571	0.004188	10.91489499999999	35.19522599999997	-0.07058704877070487	0.004014746306501438	11.146929411004743	2020-09-01	cTiterSub_x-ne_star	north	2020
2020-02-01	A/Togo/1198/2019_EPI1641320	0.0018780000000000001	14.501440999999984	33.05468899999999	-0.06477267582941128	0.0018064253799003867	14.449515033550073	2020-09-01	cTiterSub_x-ne_star	north	2020
2020-02-01	A/Togo/1306/2019_EPI1641381	0.002391	12.162777999999985	30.885168000000007	-0.015351641244294185	0.0023671417361873074	12.111171968766987	2020-09-01	cTiterSub_x-ne_star	north	2020
2020-02-01	A/Trinidad/4378/2019_EPI1641257	0.0005740000000000001	11.42262599999999	34.36822100000003	0.013437116720724937	0.000577896252620204	11.54351920783036	2020-09-01	cTiterSub_x-ne_star	north	2020
2020-02-01	A/Umea/1/2019_EPI1591142	4.6e-05	11.359470999999985	34.489542	-0.11392832125079222	4.299611890130727e-05	11.532644297941875	2020-09-01	cTiterSub_x-ne_star	north	2020
2020-02-01	A/Uruguay/381/2019_EPI1584059	6.500000000000001e-05	10.259483999999986	31.984508	-0.03547821842081646	6.360030633367003e-05	10.266621181574344	2020-09-01	cTiterSub_x-ne_star	north	2020
2020-02-01	A/Victoria/1015/2019_EPI1667383	3.5e-05	13.355222999999995	37.26225200000001	-0.07733703545969314	3.3420231001692033e-05	13.595121371328046	2020-09-01	cTiterSub_x-ne_star	north	2020
2020-02-01	A/Victoria/103/2019_EPI1670141	1.9e-05	10.91489499999999	35.19522599999997	-0.07058704877070487	1.8213987541434414e-05	11.146929411004743	2020-09-01	cTiterSub_x-ne_star	north	2020
2020-02-01	A/Victoria/121/2019_EPI1670153	3.3e-05	10.302753999999993	34.26470300000001	-0.07058704877070487	3.163482046670188e-05	10.515737305624162	2020-09-01	cTiterSub_x-ne_star	north	2020
2020-02-01	A/Victoria/130/2019_EPI1669971	4.4e-05	10.91489499999999	35.19522599999997	-0.07058704877070487	4.2179760622269166e-05	11.146929411004743	2020-09-01	cTiterSub_x-ne_star	north	2020
2020-02-01	A/Victoria/2492/2019_EPI1658674	0.001812	11.896158000000016	36.19469900000001	-0.09365018647506487	0.0017138264772872582	12.129219870739442	2020-09-01	cTiterSub_x-ne_star	north	2020
2020-02-01	A/Victoria/2499/2019_EPI1647793	0.001568	12.273503999999981	35.788424999999975	0.06282524116857974	0.0016247852020561911	12.394492313357032	2020-09-01	cTiterSub_x-ne_star	north	2020
2020-02-01	A/Victoria/2510/2019_EPI1658629	0.001299	11.78738000000001	36.185570000000006	-0.09365018647506487	0.0012286206368632166	12.0268315635891	2020-09-01	cTiterSub_x-ne_star	north	2020
2020-02-01	A/Victoria/2518/2019_EPI1671699	0.001157	12.785040999999989	37.18436200000003	-0.09365018647506487	0.001094314146921279	13.024629780284988	2020-09-01	cTiterSub_x-ne_star	north	2020
2020-02-01	A/Victoria/2558/2019_EPI1658605	0.0033	12.780470999999988	36.757318000000005	-0.0938557456328614	0.0031208329206431776	13.020305621405733	2020-09-01	cTiterSub_x-ne_star	north	2020
2020-02-01	A/Victoria/2571/2019_EPI1647458	0.009329	10.066367999999988	33.811936	-0.06456856578528275	0.008974520221122117	10.21405415768639	2020-09-01	cTiterSub_x-ne_star	north	2020
2020-02-01	A/Victoria/2574/2019_EPI1647443	0.008421	12.817627999999981	31.351021	-0.04495792869716854	0.008194226099625602	12.757369543497255	2020-09-01	cTiterSub_x-ne_star	north	2020
2020-02-01	A/Victoria/2575/2019_EPI1647446	0.0077209999999999	11.78738000000001	36.185570000000006	-0.09365018647506487	0.007302678935504828	12.0268315635891	2020-09-01	cTiterSub_x-ne_star	north	2020
2020-02-01	A/Victoria/2580/2019_EPI1647452	0.006884	11.78738000000001	36.185570000000006	-0.09365018647506487	0.006511027301128855	12.0268315635891	2020-09-01	cTiterSub_x-ne_star	north	2020
2020-02-01	A/Victoria/2772/2019_EPI1584562	0.000263	11.78738000000001	36.185570000000006	-0.09365018647506487	0.0002487507524980954	12.0268315635891	2020-09-01	cTiterSub_x-ne_star	north	2020
2020-02-01	A/Victoria/2776/2019_EPI1589612	0.00035	11.78738000000001	36.185570000000006	-0.09365018647506487	0.0003310371230963247	12.0268315635891	2020-09-01	cTiterSub_x-ne_star	north	2020
2020-02-01	A/Victoria/2854/2019_EPI1647823	0.005225	11.78738000000001	36.185570000000006	-0.09365018647506487	0.004941911337652276	12.0268315635891	2020-09-01	cTiterSub_x-ne_star	north	2020
2020-02-01	A/Victoria/96/2019_EPI1669944	1.6e-05	13.297906999999988	36.450625000000024	-0.07125860518785049	1.5332087384165535e-05	13.510791542724084	2020-09-01	cTiterSub_x-ne_star	north	2020
2020-02-01	A/Vina_Del_Mar/85464/2019_EPI1656837	0.001456	11.260254999999988	34.80207599999997	-0.09365018647506487	0.0013771144320807109	11.474872022764906	2020-09-01	cTiterSub_x-ne_star	north	2020
2020-02-01	A/Virginia/42/2019_EPI1669056	0.013517	10.442105999999987	33.82514500000001	0.013437116720724937	0.013608751997678217	10.563013347164325	2020-09-01	cTiterSub_x-ne_star	north	2020
2020-02-01	A/Washington/658/2019_EPI1649439	0.0037259999999999997	11.896894000000016	36.161675	-0.09365018647506487	0.0035241266304483023	12.129915994518296	2020-09-01	cTiterSub_x-ne_star	north	2020
2020-02-01	A/Wisconsin/556/2019_EPI1573878	4.6e-05	10.91489499999999	35.19522599999997	-0.07058704877070487	4.4097022468735946e-05	11.146929411004743	2020-09-01	cTiterSub_x-ne_star	north	2020
2020-02-01	A/Wisconsin/578/2019_EPI1636478	0.0086	11.897609000000015	35.78772300000003	-0.09365018647506487	0.00813405502465255	12.130591943912489	2020-09-01	cTiterSub_x-ne_star	north	2020
2020-02-01	A/Wrexham/3245/2019_EPI1584138	0.00016	10.91489499999999	35.19522599999997	-0.07058704877070487	0.00015338094771734243	11.146929411004743	2020-09-01	cTiterSub_x-ne_star	north	2020
2020-02-01	A/YAMANASHI/19362/2019_EPI1669799	0.0077209999999999	11.286986999999991	34.852415999999984	-0.09365018647506487	0.007302678935504828	11.500827552112543	2020-09-01	cTiterSub_x-ne_star	north	2020
2020-02-01	A/YOKOHAMA/166/2019_EPI1608295	0.001157	12.228520999999985	31.07326099999998	0.1593761162212931	0.001268362240391331	12.097126848542256	2020-09-01	cTiterSub_x-ne_star	north	2020
2020-02-01	A/YOKOHAMA/168/2019_EPI1610273	0.001946	12.403575999999982	35.820263999999966	-0.03268915868799505	0.0019071957171806794	12.522693466272267	2020-09-01	cTiterSub_x-ne_star	north	2020
2020-02-01	A/YOKOHAMA/187/2019_EPI1610287	0.0030039999999999997	11.421082999999992	34.82513600000003	-0.009626020983635058	0.0029839746870483465	11.541850458915315	2020-09-01	cTiterSub_x-ne_star	north	2020
2020-02-01	A/YOKOHAMA/210/2019_EPI1640087	0.00755	11.28401699999999	35.26417599999997	-0.09365018647506487	0.007140943655363576	11.498027765358861	2020-09-01	cTiterSub_x-ne_star	north	2020
2020-02-01	A/Yunnan-Linxiang/1756/2019_EPI1648958	0.0009880000000000002	10.514404999999993	29.676138999999953	0.007967583244583736	0.000991537827536049	10.408925288443408	2020-09-01	cTiterSub_x-ne_star	north	2020
2020-02-01	A/Zhejiang-Haishu/11717/2019_EPI1648763	0.0029100000000000003	12.267502999999992	31.029313999999985	-0.01738171833222605	0.0028775533156594	12.158690312742879	2020-09-01	cTiterSub_x-ne_star	north	2020
2020-02-01	A/Zhejiang-Liandou/11174/2019_EPI1648493	0.009889	11.494613999999988	30.673202000000025	0.05561379161690638	0.01020411480451928	11.388517058834365	2020-09-01	cTiterSub_x-ne_star	north	2020
2020-02-01	A/Zhejiang-Shangcheng/1725/2019_EPI1648931	0.0009880000000000002	10.514404999999993	29.676138999999953	0.007967583244583736	0.000991537827536049	10.408925288443408	2020-09-01	cTiterSub_x-ne_star	north	2020
2021-02-01	A/Bangladesh/0002/2020_EPI1842596	0.0036479999999999998	8.284327999999991	6.683889999999996	-0.06344734056942418	0.0035136975268738988	8.62106161872761	2021-09-01	cTiterSub_x-ne_star	north	2021
2021-02-01	A/Bangladesh/10006/2020_EPI1806213	0.0026309999999999997	8.540485999999989	6.909845999999996	0.014753583100259076	0.0026524163236645074	8.891664339612257	2021-09-01	cTiterSub_x-ne_star	north	2021
2021-02-01	A/Bangladesh/10006/2020_EPI1840688	0.0026309999999999997	8.540485999999989	6.909845999999996	0.014753583100259076	0.0026524163236645074	8.891664339612257	2021-09-01	cTiterSub_x-ne_star	north	2021
2021-02-01	A/Bangladesh/10009/2020_EPI1806229	0.0017059999999999	7.551020999999987	5.922694999999998	-0.007036421169613722	0.00169816398053664	7.902274004906914	2021-09-01	cTiterSub_x-ne_star	north	2021
2021-02-01	A/Bangladesh/10009/2020_EPI1840680	0.0017059999999999	8.547597999999988	6.922691999999997	-0.007036421169613722	0.00169816398053664	8.898877676945842	2021-09-01	cTiterSub_x-ne_star	north	2021
2021-02-01	A/Bangladesh/1002/2020_EPI1838376	0.011347	7.551020999999987	5.922694999999998	-0.007036421169613722	0.011294880824824374	7.902274004906914	2021-09-01	cTiterSub_x-ne_star	north	2021
2021-02-01	A/Bangladesh/1004005/2020_EPI1838311	0.011704	7.551020999999987	5.922694999999998	-0.007036421169613722	0.011650241048184058	7.902274004906914	2021-09-01	cTiterSub_x-ne_star	north	2021
2021-02-01	A/Bangladesh/1010007/2020_EPI1838296	0.012069	8.526871999999988	6.922691999999997	0.00021927830423790944	0.012064519591273878	8.878144965724367	2021-09-01	cTiterSub_x-ne_star	north	2021
2021-02-01	A/Bangladesh/1010009/2020_EPI1838369	0.0132139999999999	7.551020999999987	5.922694999999998	-0.007036421169613722	0.013153305298248713	7.902274004906914	2021-09-01	cTiterSub_x-ne_star	north	2021
2021-02-01	A/Bangladesh/1011/2020_EPI1842267	0.011347	7.551020999999987	5.922694999999998	-0.007036421169613722	0.011294880824824374	7.902274004906914	2021-09-01	cTiterSub_x-ne_star	north	2021
2021-02-01	A/Bangladesh/1014/2020_EPI1842740	0.021627	7.551020999999987	5.922694999999998	-0.007036421169613722	0.021527662606722193	7.902274004906914	2021-09-01	cTiterSub_x-ne_star	north	2021
2021-02-01	A/Bangladesh/1019/2020_EPI1842355	0.014431999999999999	7.551020999999987	5.922694999999998	-0.007036421169613722	0.014365710766181842	7.902274004906914	2021-09-01	cTiterSub_x-ne_star	north	2021
2021-02-01	A/Bangladesh/1154/2020_EPI1842331	0.005357	7.551020999999987	5.922694999999998	-0.007036421169613722	0.005332394163971461	7.902274004906914	2021-09-01	cTiterSub_x-ne_star	north	2021
2021-02-01	A/Bangladesh/1200903001/2020_EPI1842480	0.003795	7.551020999999987	5.922694999999998	-0.007036421169613722	0.0037775687609243416	7.902274004906914	2021-09-01	cTiterSub_x-ne_star	north	2021
2021-02-01	A/Bangladesh/1200903004/2020_EPI1842700	0.004268	7.551020999999987	5.922694999999998	-0.007036421169613722	0.004248396171706216	7.902274004906914	2021-09-01	cTiterSub_x-ne_star	north	2021
2021-02-01	A/Bangladesh/1200913011/2020_EPI1842676	0.004787	7.551020999999987	5.922694999999998	-0.007036421169613722	0.004765012294741719	7.902274004906914	2021-09-01	cTiterSub_x-ne_star	north	2021
2021-02-01	A/Bangladesh/1201012002/2020_EPI1842804	0.010656	7.551020999999987	5.922694999999998	-0.007036421169613722	0.010607054734231828	7.902274004906914	2021-09-01	cTiterSub_x-ne_star	north	2021
2021-02-01	A/Bangladesh/1201012021/2020_EPI1842652	0.021092	7.551020999999987	5.922694999999998	-0.007036421169613722	0.020995119975076734	7.902274004906914	2021-09-01	cTiterSub_x-ne_star	north	2021
2021-02-01	A/Bangladesh/1452/2020_EPI1842370	0.00598	7.551020999999987	5.922694999999998	-0.007036421169613722	0.00595253259297169	7.902274004906914	2021-09-01	cTiterSub_x-ne_star	north	2021
2021-02-01	A/Bangladesh/1453/2020_EPI1842323	0.00598	7.551020999999987	5.922694999999998	-0.007036421169613722	0.00595253259297169	7.902274004906914	2021-09-01	cTiterSub_x-ne_star	north	2021
2021-02-01	A/Bangladesh/1478/2020_EPI1842382	0.018043	7.551020999999987	5.922694999999998	-0.007036421169613722	0.01796012467809167	7.902274004906914	2021-09-01	cTiterSub_x-ne_star	north	2021
2021-02-01	A/Bangladesh/1817/2020_EPI1842419	0.011704	7.551020999999987	5.922694999999998	-0.007036421169613722	0.011650241048184058	7.902274004906914	2021-09-01	cTiterSub_x-ne_star	north	2021
2021-02-01	A/Bangladesh/1926/2020_EPI1842339	0.009367	7.551020999999987	5.922694999999998	-0.007036421169613722	0.00932397538434211	7.902274004906914	2021-09-01	cTiterSub_x-ne_star	north	2021
2021-02-01	A/Bangladesh/1928/2020_EPI1842427	0.011347	7.551020999999987	5.922694999999998	-0.007036421169613722	0.011294880824824374	7.902274004906914	2021-09-01	cTiterSub_x-ne_star	north	2021
2021-02-01	A/Bangladesh/1936/2020_EPI1842398	0.014855000000000002	8.52129999999999	6.922691999999997	0.00021927830423790944	0.014849485336678557	8.872575034233558	2021-09-01	cTiterSub_x-ne_star	north	2021
2021-02-01	A/Bangladesh/1937/2020_EPI1842362	0.017091	8.51682799999999	6.922691999999997	0.0026492217128691723	0.017108889366430194	8.868056226174055	2021-09-01	cTiterSub_x-ne_star	north	2021
2021-02-01	A/Bangladesh/2002/2020_EPI1838362	0.009996	8.46411199999999	6.922623999999997	-0.007036421169613722	0.009950086254071072	8.807510540096889	2021-09-01	cTiterSub_x-ne_star	north	2021
2021-02-01	A/Bangladesh/2002/2020_EPI1842788	0.009996	7.551020999999987	5.922694999999998	-0.007036421169613722	0.009950086254071072	7.902274004906914	2021-09-01	cTiterSub_x-ne_star	north	2021
2021-02-01	A/Bangladesh/2004/2020_EPI1838384	0.010997	7.551020999999987	5.922694999999998	-0.007036421169613722	0.01094648844898155	7.902274004906914	2021-09-01	cTiterSub_x-ne_star	north	2021
2021-02-01	A/Bangladesh/2007/2020_EPI1838334	0.003948	8.41027799999999	6.4344269999999995	0.07300840403915348	0.004117713951343357	8.745244264468855	2021-09-01	cTiterSub_x-ne_star	north	2021
2021-02-01	A/Bangladesh/2009/2020_EPI1842580	0.004787	7.551020999999987	5.922694999999998	-0.007036421169613722	0.004765012294741719	7.902274004906914	2021-09-01	cTiterSub_x-ne_star	north	2021
2021-02-01	A/Bangladesh/2010/2020_EPI1842644	0.017563	7.551020999999987	5.922694999999998	-0.007036421169613722	0.017482329419792938	7.902274004906914	2021-09-01	cTiterSub_x-ne_star	north	2021
2021-02-01	A/Bangladesh/2017/2020_EPI1842692	0.004609	8.541791999999989	6.922691999999997	-0.007036421169613722	0.00458782988645594	8.893098345134003	2021-09-01	cTiterSub_x-ne_star	north	2021
2021-02-01	A/Bangladesh/3004/2020_EPI1842764	0.010997	7.551020999999987	5.922694999999998	-0.007036421169613722	0.01094648844898155	7.902274004906914	2021-09-01	cTiterSub_x-ne_star	north	2021
2021-02-01	A/Bangladesh/3005/2020_EPI1842812	0.003948	7.551020999999987	5.922694999999998	-0.007036421169613722	0.003929865999507062	7.902274004906914	2021-09-01	cTiterSub_x-ne_star	north	2021
2021-02-01	A/Bangladesh/3015/2020_EPI1842668	0.008768000000000001	7.551020999999987	5.922694999999998	-0.007036421169613722	0.00872772671825682	7.902274004906914	2021-09-01	cTiterSub_x-ne_star	north	2021
2021-02-01	A/Bangladesh/3200903010/2020_EPI1842525	0.006899	7.551020999999987	5.922694999999998	-0.007036421169613722	0.006867311431256134	7.902274004906914	2021-09-01	cTiterSub_x-ne_star	north	2021
2021-02-01	A/Bangladesh/3200903014/2020_EPI1842472	0.008199	7.551020999999987	5.922694999999998	-0.007036421169613722	0.008161340255815197	7.902274004906914	2021-09-01	cTiterSub_x-ne_star	north	2021
2021-02-01	A/Bangladesh/3201003001/2020_EPI1842612	0.009996	7.551020999999987	5.922694999999998	-0.007036421169613722	0.009950086254071072	7.902274004906914	2021-09-01	cTiterSub_x-ne_star	north	2021
2021-02-01	A/Bangladesh/3201004013/2020_EPI1842748	0.017091	7.551020999999987	5.922694999999998	-0.007036421169613722	0.017012497415799188	7.902274004906914	2021-09-01	cTiterSub_x-ne_star	north	2021
2021-02-01	A/Bangladesh/4004/2020_EPI1842501	0.003948	9.53520699999999	7.922689000000004	0.00021927830423790944	0.003946534372885017	9.886487867415376	2021-09-01	cTiterSub_x-ne_star	north	2021
2021-02-01	A/Bangladesh/4005/2020_EPI1838303	0.010997	7.551020999999987	5.922694999999998	-0.007036421169613722	0.01094648844898155	7.902274004906914	2021-09-01	cTiterSub_x-ne_star	north	2021
2021-02-01	A/Bangladesh/4006/2020_EPI1842485	0.016627	7.551020999999987	5.922694999999998	-0.007036421169613722	0.01655062866611041	7.902274004906914	2021-09-01	cTiterSub_x-ne_star	north	2021
2021-02-01	A/Bangladesh/4007/2020_EPI1842588	0.005357	7.551020999999987	5.922694999999998	-0.007036421169613722	0.005332394163971461	7.902274004906914	2021-09-01	cTiterSub_x-ne_star	north	2021
2021-02-01	A/Bangladesh/4012/2020_EPI1842716	0.014018000000000001	7.551020999999987	5.922694999999998	-0.007036421169613722	0.013953612355899188	7.902274004906914	2021-09-01	cTiterSub_x-ne_star	north	2021
2021-02-01	A/Bangladesh/4013/2020_EPI1842636	0.0057659999999999	8.402641999999988	6.578235999999999	0.006176097395901585	0.005783922632387875	8.73787017246403	2021-09-01	cTiterSub_x-ne_star	north	2021
2021-02-01	A/Bangladesh/589/2020_EPI1842283	0.008768000000000001	7.551020999999987	5.922694999999998	-0.007036421169613722	0.00872772671825682	7.902274004906914	2021-09-01	cTiterSub_x-ne_star	north	2021
2021-02-01	A/Bangladesh/8001/2020_EPI1806221	0.00124	7.551020999999987	5.922694999999998	-0.007036421169613722	0.0012343044172717216	7.902274004906914	2021-09-01	cTiterSub_x-ne_star	north	2021
2021-02-01	A/Bangladesh/9002/2020_EPI1842628	0.003505	8.986316999999989	7.439618000000003	-0.007531464008878228	0.003487893430536379	9.326772595406261	2021-09-01	cTiterSub_x-ne_star	north	2021
2021-02-01	A/Bangladesh/9005/2020_EPI1842509	0.005161	7.551020999999987	5.922694999999998	-0.007036421169613722	0.00513729443349948	7.902274004906914	2021-09-01	cTiterSub_x-ne_star	north	2021
2021-02-01	A/California/55/2020_EPI1838081	0.014018000000000001	9.375733999999998	12.477363000000002	-0.01732619708842164	0.013870108482916367	9.722790035919134	2021-09-01	cTiterSub_x-ne_star	north	2021
2021-02-01	A/California/55/2020_EPI1838089	0.014018000000000001	9.375733999999998	12.477363000000002	-0.01732619708842164	0.013870108482916367	9.722790035919134	2021-09-01	cTiterSub_x-ne_star	north	2021
2021-02-01	A/California/55/2020_EPI1843098	0.014018000000000001	9.375733999999998	12.477363000000002	-0.01732619708842164	0.013870108482916367	9.722790035919134	2021-09-01	cTiterSub_x-ne_star	north	2021
2021-02-01	A/Cambodia/20080-793/2020_EPI1837717	0.0032329999999999998	8.45985299999999	11.477665999999989	-0.02458189656227327	0.003185380808574261	8.806010686816633	2021-09-01	cTiterSub_x-ne_star	north	2021
2021-02-01	A/Cambodia/20080-801/2020_EPI1837720	0.0032329999999999998	9.453375999999999	12.410365	-0.01732619708842164	0.003198891477048695	9.799612903862533	2021-09-01	cTiterSub_x-ne_star	north	2021
2021-02-01	A/Cambodia/20080-861/2020_EPI1837723	0.0032329999999999998	9.348434	12.473954999999998	-0.02458189656227327	0.003185380808574261	9.696087585312705	2021-09-01	cTiterSub_x-ne_star	north	2021
2021-02-01	A/Cambodia/20080-881/2020_EPI1837726	0.0032329999999999998	8.45985299999999	11.477665999999989	-0.02458189656227327	0.003185380808574261	8.806010686816633	2021-09-01	cTiterSub_x-ne_star	north	2021
2021-02-01	A/Cambodia/20080-937/2020_EPI1837714	0.003795	9.385833999999997	12.477295000000003	-0.01732619708842164	0.0037549623122176924	9.72410360592451	2021-09-01	cTiterSub_x-ne_star	north	2021
2021-02-01	A/Cambodia/20080709/2020_EPI1804371	0.001865	9.441023999999997	12.477663000000002	-0.01732619708842164	0.0018453240348579698	9.787391218887432	2021-09-01	cTiterSub_x-ne_star	north	2021
2021-02-01	A/Cambodia/20080717/2020_EPI1804375	0.001865	9.348434	12.473954999999998	-0.02458189656227327	0.0018375302220819663	9.696087585312705	2021-09-01	cTiterSub_x-ne_star	north	2021
2021-02-01	A/Cambodia/70632/2020_EPI1804673	0.005161	9.449519999999998	12.477663000000002	0.009799774149181739	0.0051879969575472674	9.795634692901537	2021-09-01	cTiterSub_x-ne_star	north	2021
2021-02-01	A/Cambodia/71851/2020_EPI1838905	0.005559000000000001	8.45985299999999	11.477665999999989	-0.02458189656227327	0.005477120913969787	8.806010686816633	2021-09-01	cTiterSub_x-ne_star	north	2021
2021-02-01	A/Cambodia/73299/2020_EPI1838907	0.00598	10.336462999999986	13.473952	-0.01732619708842164	0.005916910310161213	10.684253764692379	2021-09-01	cTiterSub_x-ne_star	north	2021
2021-02-01	A/Cambodia/923251/2020_EPI1838917	0.007398	8.45985299999999	11.477665999999989	-0.02458189656227327	0.007289034092741227	8.806010686816633	2021-09-01	cTiterSub_x-ne_star	north	2021
2021-02-01	A/Cambodia/925256/2020_EPI1838911	0.008199	9.348434	12.473954999999998	-0.02458189656227327	0.008078236080884742	9.696087585312705	2021-09-01	cTiterSub_x-ne_star	north	2021
2021-02-01	A/Cambodia/925256/2020_EPI1838942	0.008199	9.348434	12.473954999999998	-0.02458189656227327	0.008078236080884742	9.696087585312705	2021-09-01	cTiterSub_x-ne_star	north	2021
2021-02-01	A/Cambodia/E0925256/2020_EPI1842243	0.008199	9.348434	12.473954999999998	-0.02458189656227327	0.008078236080884742	9.696087585312705	2021-09-01	cTiterSub_x-ne_star	north	2021
2021-02-01	A/Cambodia/VIR2023643/2020_EPI1837729	0.0032329999999999998	9.348434	12.473954999999998	-0.02458189656227327	0.003185380808574261	9.696087585312705	2021-09-01	cTiterSub_x-ne_star	north	2021
2021-02-01	A/Cambodia/VIR2023647/2020_EPI1837732	0.0032329999999999998	10.341956999999987	13.473952	-0.01732619708842164	0.003198891477048695	10.689689802358604	2021-09-01	cTiterSub_x-ne_star	north	2021
2021-02-01	A/Cambodia/VIR2023654/2020_EPI1837735	0.0032329999999999998	10.341956999999987	13.473952	-0.0050356121739852985	0.003221908365948851	10.689643768580803	2021-09-01	cTiterSub_x-ne_star	north	2021
2021-02-01	A/Cambodia/VIR_80080709/2020_EPI1837744	0.001865	9.441023999999997	12.477663000000002	-0.01732619708842164	0.0018453240348579698	9.787391218887432	2021-09-01	cTiterSub_x-ne_star	north	2021
2021-02-01	A/Cambodia/VIR_80080713/2020_EPI1837747	0.001865	9.441023999999997	12.477663000000002	-0.01732619708842164	0.0018453240348579698	9.787391218887432	2021-09-01	cTiterSub_x-ne_star	north	2021
2021-02-01	A/Cambodia/VIR_80080717/2020_EPI1837750	0.001865	9.348434	12.473954999999998	-0.02458189656227327	0.0018375302220819663	9.696087585312705	2021-09-01	cTiterSub_x-ne_star	north	2021
2021-02-01	A/Cambodia/VIR_80080733/2020_EPI1837738	0.0019489999999999998	9.441023999999997	12.477663000000002	-0.01732619708842164	0.0019284378251679267	9.787391218887432	2021-09-01	cTiterSub_x-ne_star	north	2021
2021-02-01	A/Cambodia/VIR_80080739/2020_EPI1837741	0.001865	9.441023999999997	12.477663000000002	-0.01732619708842164	0.0018453240348579698	9.787391218887432	2021-09-01	cTiterSub_x-ne_star	north	2021
2021-02-01	A/Cambodia/e0826360/2020_EPI1837753	0.000376	8.45985299999999	11.477665999999989	-0.02458189656227327	0.0003704618571060694	8.806010686816633	2021-09-01	cTiterSub_x-ne_star	north	2021
2021-02-01	A/Cambodia/e0826360/2020_EPI1841492	0.000376	9.152659999999994	11.62528099999999	-0.027686234588119477	0.0003697916081697634	9.480937319725674	2021-09-01	cTiterSub_x-ne_star	north	2021
2021-02-01	A/Cambodia/e0826361/2020_EPI1837765	0.0005139999999999	9.391900999999999	12.477295000000003	-0.01732619708842164	0.0005085772407060654	9.730042594855338	2021-09-01	cTiterSub_x-ne_star	north	2021
2021-02-01	A/Cambodia/e0826362/2020_EPI1837768	0.000731	8.45985299999999	11.477665999999989	-0.02458189656227327	0.0007202330253844062	8.806010686816633	2021-09-01	cTiterSub_x-ne_star	north	2021
2021-02-01	A/Cambodia/e0826363/2020_EPI1837771	0.000807	8.45985299999999	11.477665999999989	-0.02458189656227327	0.000795113613522867	8.806010686816633	2021-09-01	cTiterSub_x-ne_star	north	2021
2021-02-01	A/Cambodia/e0908364/2020_EPI1804670	0.000165	9.348434	12.473954999999998	-0.02458189656227327	0.00016256969793218472	9.696087585312705	2021-09-01	cTiterSub_x-ne_star	north	2021
2021-02-01	A/Cambodia/e0908364/2020_EPI1837756	0.000165	9.348434	12.473954999999998	-0.02458189656227327	0.00016256969793218472	9.696087585312705	2021-09-01	cTiterSub_x-ne_star	north	2021
2021-02-01	A/Cambodia/e0908371/2020_EPI1804671	0.000396	10.346990999999987	13.473651999999998	-0.01732619708842164	0.0003918221543183679	10.694670693077894	2021-09-01	cTiterSub_x-ne_star	north	2021
2021-02-01	A/Cambodia/e0908371/2020_EPI1837759	0.00032	10.346990999999987	13.473651999999998	-0.01732619708842164	0.0003166239630855498	10.694670693077894	2021-09-01	cTiterSub_x-ne_star	north	2021
2021-02-01	A/Cambodia/e0908377/2020_EPI1804672	0.000731	9.348434	12.473954999999998	-0.02458189656227327	0.0007202330253844062	9.696087585312705	2021-09-01	cTiterSub_x-ne_star	north	2021
2021-02-01	A/Cambodia/e0908383/2020_EPI1837762	0.001129	9.348434	12.473954999999998	-0.02458189656227327	0.0011123708422147668	9.696087585312705	2021-09-01	cTiterSub_x-ne_star	north	2021
2021-02-01	A/Cambodia/e0908389/2020_EPI1838609	0.001424	8.45985299999999	11.477665999999989	-0.02458189656227327	0.001403025756699582	8.806010686816633	2021-09-01	cTiterSub_x-ne_star	north	2021
2021-02-01	A/Cambodia/e0911253/2020_EPI1804669	0.004971	8.45985299999999	11.477665999999989	-0.02458189656227327	0.004897781626793274	8.806010686816633	2021-09-01	cTiterSub_x-ne_star	north	2021
2021-02-01	A/Cambodia/nC_106184/2020_EPI1837711	0.023844999999999998	8.45985299999999	11.477665999999989	-0.02458189656227327	0.023493784528442085	8.806010686816633	2021-09-01	cTiterSub_x-ne_star	north	2021
2021-02-01	A/Cambodia/nC_71842/2020_EPI1837693	0.005357	8.45985299999999	11.477665999999989	-0.02458189656227327	0.00527809619286493	8.806010686816633	2021-09-01	cTiterSub_x-ne_star	north	2021
2021-02-01	A/Cambodia/nC_71849/2020_EPI1837696	0.005357	8.45985299999999	11.477665999999989	-0.02458189656227327	0.00527809619286493	8.806010686816633	2021-09-01	cTiterSub_x-ne_star	north	2021
2021-02-01	A/Cambodia/nC_73301/2020_EPI1837702	0.005559000000000001	9.348434	12.473954999999998	-0.02458189656227327	0.005477120913969787	9.696087585312705	2021-09-01	cTiterSub_x-ne_star	north	2021
2021-02-01	A/Cambodia/nC_77391/2020_EPI1837705	0.007145	8.45985299999999	11.477665999999989	-0.02458189656227327	0.007039760555911877	8.806010686816633	2021-09-01	cTiterSub_x-ne_star	north	2021
2021-02-01	A/Cambodia/nC_80628/2020_EPI1837708	0.007925	8.45985299999999	11.477665999999989	-0.02458189656227327	0.007808271855227659	8.806010686816633	2021-09-01	cTiterSub_x-ne_star	north	2021
2021-02-01	A/Grenoble/2789/2020_oct_EPI1836966	0.018043	16.601712999999993	17.547677999999983	-0.0013665507837202998	0.018019624774326476	16.858282681717128	2021-09-01	cTiterSub_x-ne_star	north	2021
2021-02-01	A/Hawaii/28/2020_EPI1766950	0.000165	66.02105899999997	68.90284199999999	0.1932190910041593	0.00018459373739941994	66.02555954053359	2021-09-01	cTiterSub_x-ne_star	north	2021
2021-02-01	A/Hawaii/28/2020_EPI1796610	0.000165	66.02105899999997	68.90284199999999	0.1932190910041593	0.00018459373739941994	66.02555954053359	2021-09-01	cTiterSub_x-ne_star	north	2021
2021-02-01	A/Hawaii/28/2020_EPI1804523	0.000165	66.02105899999997	68.90284199999999	0.1932190910041593	0.00018459373739941994	66.02555954053359	2021-09-01	cTiterSub_x-ne_star	north	2021
2021-02-01	A/Laos/1741/2020_EPI1839730	0.0057659999999999	8.45985299999999	11.477665999999989	-0.02458189656227327	0.005681071989557337	8.806010686816633	2021-09-01	cTiterSub_x-ne_star	north	2021
2021-02-01	A/Laos/1741/2020_EPI1840028	0.0057659999999999	8.45985299999999	11.477665999999989	-0.02458189656227327	0.005681071989557337	8.806010686816633	2021-09-01	cTiterSub_x-ne_star	north	2021
2021-02-01	A/Laos/1742/2020_EPI1839786	0.00598	8.45985299999999	11.477665999999989	-0.02458189656227327	0.005891919961420997	8.806010686816633	2021-09-01	cTiterSub_x-ne_star	north	2021
2021-02-01	A/Laos/1742/2020_EPI1839996	0.00598	8.45985299999999	11.477665999999989	-0.02458189656227327	0.005891919961420997	8.806010686816633	2021-09-01	cTiterSub_x-ne_star	north	2021
2021-02-01	A/Laos/1743/2020_EPI1839897	0.0062	8.45985299999999	11.477665999999989	-0.02458189656227327	0.00610867955866391	8.806010686816633	2021-09-01	cTiterSub_x-ne_star	north	2021
2021-02-01	A/Laos/1743/2020_EPI1839964	0.0062	8.45985299999999	11.477665999999989	-0.02458189656227327	0.00610867955866391	8.806010686816633	2021-09-01	cTiterSub_x-ne_star	north	2021
2021-02-01	A/Laos/1744/2020_EPI1839905	0.0064269999999999996	8.45985299999999	11.477665999999989	-0.02458189656227327	0.006332336052182733	8.806010686816633	2021-09-01	cTiterSub_x-ne_star	north	2021
2021-02-01	A/Laos/1744/2020_EPI1840020	0.0064269999999999996	8.45985299999999	11.477665999999989	-0.02458189656227327	0.006332336052182733	8.806010686816633	2021-09-01	cTiterSub_x-ne_star	north	2021
2021-02-01	A/Laos/1745/2020_EPI1839873	0.0066599999999999	8.45985299999999	11.477665999999989	-0.02458189656227327	0.006561904171080811	8.806010686816633	2021-09-01	cTiterSub_x-ne_star	north	2021
2021-02-01	A/Laos/1745/2020_EPI1840044	0.0066599999999999	8.45985299999999	11.477665999999989	-0.02458189656227327	0.006561904171080811	8.806010686816633	2021-09-01	cTiterSub_x-ne_star	north	2021
2021-02-01	A/Laos/1746/2020_EPI1839849	0.006899	8.45985299999999	11.477665999999989	-0.02458189656227327	0.006797383915358438	8.806010686816633	2021-09-01	cTiterSub_x-ne_star	north	2021
2021-02-01	A/Laos/1747/2020_EPI1839770	0.007145	8.45985299999999	11.477665999999989	-0.02458189656227327	0.007039760555911877	8.806010686816633	2021-09-01	cTiterSub_x-ne_star	north	2021
2021-02-01	A/Laos/1747/2020_EPI1840052	0.007145	8.45985299999999	11.477665999999989	-0.02458189656227327	0.007039760555911877	8.806010686816633	2021-09-01	cTiterSub_x-ne_star	north	2021
2021-02-01	A/Laos/1749/2020_EPI1839778	0.007658	8.45985299999999	11.477665999999989	-0.02458189656227327	0.007545204525846488	8.806010686816633	2021-09-01	cTiterSub_x-ne_star	north	2021
2021-02-01	A/Laos/1749/2020_EPI1839956	0.007658	8.45985299999999	11.477665999999989	-0.02458189656227327	0.007545204525846488	8.806010686816633	2021-09-01	cTiterSub_x-ne_star	north	2021
2021-02-01	A/Laos/1750/2020_EPI1839921	0.007925	8.45985299999999	11.477665999999989	-0.02458189656227327	0.007808271855227659	8.806010686816633	2021-09-01	cTiterSub_x-ne_star	north	2021
2021-02-01	A/Laos/1751/2020_EPI1839988	0.008199	8.45985299999999	11.477665999999989	-0.02458189656227327	0.008078236080884742	8.806010686816633	2021-09-01	cTiterSub_x-ne_star	north	2021
2021-02-01	A/Laos/1752/2020_EPI1839738	0.00848	8.45985299999999	11.477665999999989	-0.02458189656227327	0.008355097202817735	8.806010686816633	2021-09-01	cTiterSub_x-ne_star	north	2021
2021-02-01	A/Laos/1752/2020_EPI1839980	0.00848	8.45985299999999	11.477665999999989	-0.02458189656227327	0.008355097202817735	8.806010686816633	2021-09-01	cTiterSub_x-ne_star	north	2021
2021-02-01	A/Laos/1753/2020_EPI1839881	0.008768000000000001	8.45985299999999	11.477665999999989	-0.02458189656227327	0.00863885522102664	8.806010686816633	2021-09-01	cTiterSub_x-ne_star	north	2021
2021-02-01	A/Laos/1753/2020_EPI1839972	0.008768000000000001	8.45985299999999	11.477665999999989	-0.02458189656227327	0.00863885522102664	8.806010686816633	2021-09-01	cTiterSub_x-ne_star	north	2021
2021-02-01	A/Stockholm/1/2021_EPI1842216	0.064489	8.399590999999992	6.795898999999999	-0.026952542675607045	0.06345132877287102	8.757528363016112	2021-09-01	cTiterSub_x-ne_star	north	2021
2021-02-01	A/Timor-Leste/17/2020_EPI1814617	0.000206	9.219949999999992	11.526661999999984	-0.024759559256472802	0.00020294477110088108	9.564789578590645	2021-09-01	cTiterSub_x-ne_star	north	2021
2021-02-01	A/Timor-Leste/2/2020_EPI1814614	0.0027429999999999998	8.28728599999999	10.527077000000002	-0.02458189656227327	0.0027025980692605006	8.64014640561273	2021-09-01	cTiterSub_x-ne_star	north	2021
2021-02-01	A/Togo/771/2020_EPI1842251	0.015725	16.601712999999993	17.547677999999983	-0.0013665507837202998	0.015704627810025153	16.858282681717128	2021-09-01	cTiterSub_x-ne_star	north	2021
2021-02-01	A/Togo/771/2020_EPI1842756	0.015725	16.601712999999993	17.547677999999983	-0.0013665507837202998	0.015704627810025153	16.858282681717128	2021-09-01	cTiterSub_x-ne_star	north	2021
2021-02-01	A/Togo/827/2020_EPI1842259	0.010322	19.618089999999963	20.54799700000001	-0.057864654546433594	0.00997442127784759	19.877345072283106	2021-09-01	cTiterSub_x-ne_star	north	2021
2021-02-01	A/Wisconsin/01/2021_EPI1843130	0.0664179999999999	45.66344599999996	51.75340700000002	0.19534084952629888	0.07439715626768682	45.278791070792174	2021-09-01	cTiterSub_x-ne_star	north	2021
2021-02-01	A/Yunnan-Wenshan/1483/2020_EPI1799941	4.4e-05	18.02197099999998	19.01244099999998	-0.08815583542979094	4.17736677341747e-05	18.26905146889701	2021-09-01	cTiterSub_x-ne_star	north	2021
2021-02-01	A/Yunnan-Wenshan/1589/2020_EPI1841202	0.000488	17.682150999999976	18.811575999999985	-0.07980227737001817	0.00046557111828295506	17.942199926431986	2021-09-01	cTiterSub_x-ne_star	north	2021
2021-02-01	A/Yunnan-Wenshan/1591/2020_EPI1841226	0.000488	18.601252999999982	19.899265999999987	-0.07772345378239126	0.0004661360341986194	18.853681984152193	2021-09-01	cTiterSub_x-ne_star	north	2021
2021-02-01	A/Yunnan-Wenshan/1592/2020_EPI1841194	0.000488	17.57080299999998	18.18835799999999	-0.0876618856011767	0.000463441466816546	17.828716840749575	2021-09-01	cTiterSub_x-ne_star	north	2021
2021-02-01	A/Yunnan-Wenshan/1593/2020_EPI1841210	0.000488	17.57080299999998	18.18835799999999	-0.0876618856011767	0.000463441466816546	17.828716840749575	2021-09-01	cTiterSub_x-ne_star	north	2021
2021-02-01	A/Yunnan-Wenshan/1594/2020_EPI1841186	0.000488	17.57080299999998	18.18835799999999	-0.0876618856011767	0.000463441466816546	17.828716840749575	2021-09-01	cTiterSub_x-ne_star	north	2021
2021-02-01	A/Yunnan-Wenshan/1599/2020_EPI1841178	0.000488	17.42918999999998	18.821088000000003	-0.08267740906289626	0.00046479093538314987	17.674046789705766	2021-09-01	cTiterSub_x-ne_star	north	2021
2021-02-01	A/Yunnan-Wenshan/1606/2020_EPI1841218	0.000488	17.57080299999998	18.18835799999999	-0.0876618856011767	0.000463441466816546	17.828716840749575	2021-09-01	cTiterSub_x-ne_star	north	2021
2022-02-01	A/Abidjan/0456/2021_jul_EPI1920694	6.2e-05	30.75922999999998	32.77924799999998	-0.0535474901580156	6.006403528179825e-05	30.794145620429955	2022-09-01	cTiterSub_x-ne_star	north	2022
2022-02-01	A/Abidjan/456/2021_EPI1889220	6.2e-05	23.902071000000003	25.556135000000015	-0.031901379001539026	6.082726621824051e-05	23.94098036341053	2022-09-01	cTiterSub_x-ne_star	north	2022
2022-02-01	A/Abu_Dhabi/3201967/2021_EPI1958657	0.009226	8.028341999999991	9.876136000000002	0.07134232770881271	0.009613370036195657	8.009242389879377	2022-09-01	cTiterSub_x-ne_star	north	2022
2022-02-01	A/Akkar.LBN/6574/2021_EPI1954263	0.0049960000000000004	6.6864289999999995	8.460948000000002	0.04380272730944514	0.005122804699207105	6.623140050034881	2022-09-01	cTiterSub_x-ne_star	north	2022
2022-02-01	A/Akkar.LBN/6728/2021_EPI1954273	0.006	7.3534999999999995	8.960896	0.04708949175774151	0.006164094437209723	7.287140116942393	2022-09-01	cTiterSub_x-ne_star	north	2022
2022-02-01	A/Alaska/01/2021_EPI1918345	0.000554	6.734770999999997	10.028869	0.00648673554688621	0.0005558294566218934	6.676882332162703	2022-09-01	cTiterSub_x-ne_star	north	2022
2022-02-01	A/Alaska/01/2021_EPI1919891	0.000554	6.734770999999997	10.028869	0.00648673554688621	0.0005558294566218934	6.676882332162703	2022-09-01	cTiterSub_x-ne_star	north	2022
2022-02-01	A/Amazonas/181102-IEC/2021_EPI1955285	0.009789	10.091814999999995	13.774529999999999	0.007946133251886712	0.009829690509336343	10.035688799110918	2022-09-01	cTiterSub_x-ne_star	north	2022
2022-02-01	A/Arsal/5767/2021_EPI1925514	0.001468	6.3655079999999975	8.047865	0.04380272730944514	0.0015052596674211428	6.29946830581681	2022-09-01	cTiterSub_x-ne_star	north	2022
2022-02-01	A/Arsal/5768/2021_EPI1925512	0.001468	8.339247999999998	10.025049000000001	0.06897052523702318	0.0015275217260997235	8.27237458181972	2022-09-01	cTiterSub_x-ne_star	north	2022
2022-02-01	A/Arsal/5772/2021_EPI1925511	0.001468	7.362563999999998	9.047846	0.04539563684382047	0.0015066590005596652	7.296454987815695	2022-09-01	cTiterSub_x-ne_star	north	2022
2022-02-01	A/Asturias/9911/2021_EPI1946520	0.01055	5.7372979999999965	9.028888	0.0048938260125108895	0.010575008095357172	5.679402309630401	2022-09-01	cTiterSub_x-ne_star	north	2022
2022-02-01	A/Baabda/5555/2021_EPI1937527	0.0009199999999999999	7.344835999999998	9.047672	0.04539563684382047	0.000944227711522406	7.278180829252727	2022-09-01	cTiterSub_x-ne_star	north	2022
2022-02-01	A/Bahia/62862/2021_EPI1949079	0.010935	6.319847999999996	9.894489000000002	0.006353223717511392	0.010970255885890212	6.259432989231522	2022-09-01	cTiterSub_x-ne_star	north	2022
2022-02-01	A/Bahia/62866/2021_EPI1949105	0.010743	6.319847999999996	9.894489000000002	0.006353223717511392	0.01077763685250284	6.259432989231522	2022-09-01	cTiterSub_x-ne_star	north	2022
2022-02-01	A/Baltimore/JH-001/2021_EPI1923425	0.001362	7.640702999999996	9.862236	0.045298411624890775	0.0013977882694349037	7.55612244463517	2022-09-01	cTiterSub_x-ne_star	north	2022
2022-02-01	A/Beirut/5517/2021_EPI1937531	0.0009199999999999999	7.344835999999998	9.047672	0.04539563684382047	0.000944227711522406	7.278180829252727	2022-09-01	cTiterSub_x-ne_star	north	2022
2022-02-01	A/Beirut/5518/2021_EPI1937529	0.0009199999999999999	6.3655079999999975	8.047865	0.04380272730944514	0.0009433507452503075	6.29946830581681	2022-09-01	cTiterSub_x-ne_star	north	2022
2022-02-01	A/Bethesda/001/2021_EPI1932088	0.001362	7.640702999999996	9.862236	0.045298411624890775	0.0013977882694349037	7.55612244463517	2022-09-01	cTiterSub_x-ne_star	north	2022
2022-02-01	A/California/01/2021_EPI1916942	0.000337	5.293700999999998	7.692135000000001	0.0048938260125108895	0.0003377988367900822	5.255528665434046	2022-09-01	cTiterSub_x-ne_star	north	2022
2022-02-01	A/California/37/2021_EPI1964734	0.013826	7.495217000000001	10.959900000000005	0.00648673554688621	0.013871657161108842	7.4445593773375265	2022-09-01	cTiterSub_x-ne_star	north	2022
2022-02-01	A/California/41/2021_EPI1964433	0.014568000000000001	7.640702999999996	9.862236	0.045298411624890775	0.014950792591136328	7.55612244463517	2022-09-01	cTiterSub_x-ne_star	north	2022
2022-02-01	A/Cameroon/8639/2021_EPI1965304	0.007111	8.609953000000004	11.192961000000002	-0.08013208090107263	0.006782949695872871	8.619825593117776	2022-09-01	cTiterSub_x-ne_star	north	2022
2022-02-01	A/Canterbury/1/2021_EPI1892530	9.1e-05	5.535865999999998	7.897868999999998	-0.06550104821248645	8.754592041232153e-05	5.508853983318247	2022-09-01	cTiterSub_x-ne_star	north	2022
2022-02-01	A/Catalonia/NSVH17653/2021_EPI1918333	0.001894	5.7372979999999965	9.028888	0.0048938260125108895	0.0018984896049863969	5.679402309630401	2022-09-01	cTiterSub_x-ne_star	north	2022
2022-02-01	A/Catalonia/NSVH20595/2021_EPI1923001	0.004862	6.727565999999997	10.028779	0.00648673554688621	0.00487805562833149	6.669646198373727	2022-09-01	cTiterSub_x-ne_star	north	2022
2022-02-01	A/Catalonia/NSVH85188/2021_EPI1946596	0.011904999999999999	5.7372979999999965	9.028888	0.0048938260125108895	0.011933220035566553	5.679402309630401	2022-09-01	cTiterSub_x-ne_star	north	2022
2022-02-01	A/Cote_D_Ivoire/1879/2021_EPI1885442	1e-05	23.902071000000003	25.556135000000015	-0.031901379001539026	9.810849390038794e-06	23.94098036341053	2022-09-01	cTiterSub_x-ne_star	north	2022
2022-02-01	A/Cote_D_Ivoire/2058/2021_EPI1885434	1.7e-05	19.023803	20.832621000000017	-0.10023349339759889	1.6026709992732824e-05	19.05799098852785	2022-09-01	cTiterSub_x-ne_star	north	2022
2022-02-01	A/Croatia/97333/2021_EPI1937571	0.00048499999999999997	5.7372979999999965	9.028888	0.0048938260125108895	0.0004861496612557562	5.679402309630401	2022-09-01	cTiterSub_x-ne_star	north	2022
2022-02-01	A/Darwin/17/2021_EPI1888120	0.00037	5.7372979999999965	9.028888	0.0048938260125108895	0.0003708770611641852	5.679402309630401	2022-09-01	cTiterSub_x-ne_star	north	2022
2022-02-01	A/Darwin/18/2021_EPI1888128	0.00037	5.402688	7.673649999999995	-0.06727799144480076	0.0003555871650903066	5.3651745011209275	2022-09-01	cTiterSub_x-ne_star	north	2022
2022-02-01	A/Darwin/19/2021_EPI1888136	0.00037	5.402688	7.673649999999995	-0.06727799144480076	0.0003555871650903066	5.3651745011209275	2022-09-01	cTiterSub_x-ne_star	north	2022
2022-02-01	A/Darwin/20/2021_EPI1889169	0.00037	6.374509999999995	9.907774000000002	0.00648673554688621	0.0003712218392601093	6.307189404741154	2022-09-01	cTiterSub_x-ne_star	north	2022
2022-02-01	A/Darwin/20/2021_EPI1924439	0.00037	6.374509999999995	9.907774000000002	0.00648673554688621	0.0003712218392601093	6.307189404741154	2022-09-01	cTiterSub_x-ne_star	north	2022
2022-02-01	A/Darwin/21/2021_EPI1888112	0.00037	6.374509999999995	9.907774000000002	0.00648673554688621	0.0003712218392601093	6.307189404741154	2022-09-01	cTiterSub_x-ne_star	north	2022
2022-02-01	A/Darwin/22/2021_EPI1923164	0.00037	9.361427999999991	12.774007999999984	0.009601333051054664	0.00037189690617978543	9.294249069590004	2022-09-01	cTiterSub_x-ne_star	north	2022
2022-02-01	A/Darwin/23/2021_EPI1888152	0.00037	6.648765999999996	9.466850999999995	0.1343770479076003	0.00039997518816855437	6.585339893428757	2022-09-01	cTiterSub_x-ne_star	north	2022
2022-02-01	A/Darwin/24/2021_EPI1888096	0.00037	5.7372979999999965	9.028888	0.0048938260125108895	0.0003708770611641852	5.679402309630401	2022-09-01	cTiterSub_x-ne_star	north	2022
2022-02-01	A/Darwin/25/2021_EPI1892536	0.0005070000000000001	5.7372979999999965	9.028888	0.0048938260125108895	0.0005082018108384916	5.679402309630401	2022-09-01	cTiterSub_x-ne_star	north	2022
2022-02-01	A/Darwin/29/2021_EPI1924431	0.001168	5.7372979999999965	9.028888	0.0048938260125108895	0.0011707686687561305	5.679402309630401	2022-09-01	cTiterSub_x-ne_star	north	2022
2022-02-01	A/Darwin/29a/2021_EPI1918882	0.001468	5.7372979999999965	9.028888	0.0048938260125108895	0.001471479799429794	5.679402309630401	2022-09-01	cTiterSub_x-ne_star	north	2022
2022-02-01	A/Darwin/30/2021_EPI1892533	0.00048499999999999997	6.374509999999995	9.907774000000002	0.00648673554688621	0.0004866016001112243	6.307189404741154	2022-09-01	cTiterSub_x-ne_star	north	2022
2022-02-01	A/Darwin/31/2021_EPI1918878	0.001468	5.7372979999999965	9.028888	0.0048938260125108895	0.001471479799429794	5.679402309630401	2022-09-01	cTiterSub_x-ne_star	north	2022
2022-02-01	A/Darwin/32/2021_EPI1918880	0.001468	5.7372979999999965	9.028888	0.0048938260125108895	0.001471479799429794	5.679402309630401	2022-09-01	cTiterSub_x-ne_star	north	2022
2022-02-01	A/Darwin/33/2021_EPI1923162	0.0015810000000000002	7.645595999999999	10.466832000000004	0.13596995744197563	0.0017106719822938216	7.581918549464181	2022-09-01	cTiterSub_x-ne_star	north	2022
2022-02-01	A/Darwin/35/2021_EPI1957305	0.001962	6.648765999999996	9.466850999999995	0.1343770479076003	0.002120949511315416	6.585339893428757	2022-09-01	cTiterSub_x-ne_star	north	2022
2022-02-01	A/Darwin/36/2021_EPI1924428	0.002332	8.212259000000003	11.074477000000002	-0.08524233555508418	0.0022177972452691198	8.241418489980251	2022-09-01	cTiterSub_x-ne_star	north	2022
2022-02-01	A/Darwin/37/2021_EPI1924425	0.003128	6.6742699999999955	10.022205000000001	0.00648673554688621	0.0031383294951503296	6.61733908778131	2022-09-01	cTiterSub_x-ne_star	north	2022
2022-02-01	A/Darwin/39/2021_EPI1927535	0.003759	6.6742699999999955	10.022205000000001	0.00648673554688621	0.003771413226429057	6.61733908778131	2022-09-01	cTiterSub_x-ne_star	north	2022
2022-02-01	A/Darwin/40/2021_EPI1928847	0.003759	6.6742699999999955	10.022205000000001	0.00648673554688621	0.003771413226429057	6.61733908778131	2022-09-01	cTiterSub_x-ne_star	north	2022
2022-02-01	A/Darwin/42/2021_EPI1927543	0.003759	6.6742699999999955	10.022205000000001	0.00648673554688621	0.003771413226429057	6.61733908778131	2022-09-01	cTiterSub_x-ne_star	north	2022
2022-02-01	A/Darwin/43/2021_EPI1928853	0.0064629999999999	8.212259000000003	11.074477000000002	-0.08524233555508418	0.006146493823402273	8.241418489980251	2022-09-01	cTiterSub_x-ne_star	north	2022
2022-02-01	A/Darwin/45/2021_EPI1928850	0.0057020000000000005	9.163978999999987	12.074458000000002	-0.08364942602070886	0.005427802688694753	9.195467789982239	2022-09-01	cTiterSub_x-ne_star	north	2022
2022-02-01	A/Darwin/53/2021_EPI1942223	0.011322	9.189606999999986	12.074458000000002	-0.08364942602070886	0.010777548586706768	9.21986339280684	2022-09-01	cTiterSub_x-ne_star	north	2022
2022-02-01	A/Denmark/07/2021_EPI1954319	0.0017010000000000003	5.7372979999999965	9.028888	0.0048938260125108895	0.0017050321109196734	5.679402309630401	2022-09-01	cTiterSub_x-ne_star	north	2022
2022-02-01	A/Denmark/116/2021_EPI1967412	0.017056	8.227548999999998	9.852900000000004	0.046988546378195786	0.01752143401024345	8.160933711039414	2022-09-01	cTiterSub_x-ne_star	north	2022
2022-02-01	A/Denmark/12/2021_EPI1958273	0.002254	5.7372979999999965	9.028888	0.0048938260125108895	0.002259342961794793	5.679402309630401	2022-09-01	cTiterSub_x-ne_star	north	2022
2022-02-01	A/Denmark/13/2021_EPI1954321	0.001962	5.7372979999999965	9.028888	0.0048938260125108895	0.001966650794605761	5.679402309630401	2022-09-01	cTiterSub_x-ne_star	north	2022
2022-02-01	A/Duqum/72128833/2021_EPI1947361	0.009226	8.028341999999991	9.832163000000003	0.06967129653583624	0.00960400379463985	8.009261122362489	2022-09-01	cTiterSub_x-ne_star	north	2022
2022-02-01	A/England/213900520/2021_EPI1924512	0.002032	6.733225999999997	10.028835	0.00648673554688621	0.0020387102091257896	6.6753248892121375	2022-09-01	cTiterSub_x-ne_star	north	2022
2022-02-01	A/England/214080887/2021_EPI1924460	0.003228	6.691148999999996	10.022205000000001	0.0048938260125108895	0.003235651766048621	6.633983807878393	2022-09-01	cTiterSub_x-ne_star	north	2022
2022-02-01	A/England/214181129/2021_EPI1924463	0.003988	5.7372979999999965	9.028888	0.0048938260125108895	0.00399745329708857	5.679402309630401	2022-09-01	cTiterSub_x-ne_star	north	2022
2022-02-01	A/England/214740282/2021_EPI1962362	0.009978	7.054225000000001	9.454112999999994	-0.007290781858224061	0.009930815623971285	7.025160888980006	2022-09-01	cTiterSub_x-ne_star	north	2022
2022-02-01	A/Eskilstuna/7/2021_EPI1943365	0.008139	7.276895999999996	8.939779000000001	0.04539563684382047	0.008353336243566156	7.211080097152682	2022-09-01	cTiterSub_x-ne_star	north	2022
2022-02-01	A/Ethiopia/2573/2021_EPI1969636	0.009412	20.48965700000001	22.060717000000004	-0.0712108809423492	0.009024640674830922	20.54597578086875	2022-09-01	cTiterSub_x-ne_star	north	2022
2022-02-01	A/France/IHUMI_InfluenzaAH3N2_genome_60678_4/2021_EPI1932248	4.4e-05	24.754626	25.46452100000001	0.07411984979949787	4.592176150865641e-05	24.787323020025696	2022-09-01	cTiterSub_x-ne_star	north	2022
2022-02-01	A/Germany/12218/2021_EPI1918777	0.001168	8.212259000000003	11.074477000000002	-0.08524233555508418	0.0011108006785910513	8.241418489980251	2022-09-01	cTiterSub_x-ne_star	north	2022
2022-02-01	A/Ghana/1344/2021_EPI1889229	5.5e-05	24.901843000000017	26.556070000000002	-0.030308469467163708	5.400983412435976e-05	24.940764324074046	2022-09-01	cTiterSub_x-ne_star	north	2022
2022-02-01	A/Ghana/1344/2021_EPI1922176	5.5e-05	24.901843000000017	26.556070000000002	-0.030308469467163708	5.400983412435976e-05	24.940764324074046	2022-09-01	cTiterSub_x-ne_star	north	2022
2022-02-01	A/Ghana/1352/2021_EPI1889233	6.6e-05	20.023323000000012	21.825319999999994	-0.08265127787165598	6.286278877784754e-05	20.057541424341384	2022-09-01	cTiterSub_x-ne_star	north	2022
2022-02-01	A/Ghana/1948/2021_EPI1889246	0.00016999999999999999	20.023323000000012	21.825319999999994	-0.08265127787165598	0.00016191930442778908	20.057541424341384	2022-09-01	cTiterSub_x-ne_star	north	2022
2022-02-01	A/Hessen/1/2021_EPI1966044	0.010359	8.644976999999999	10.460910000000004	0.04539563684382047	0.010631798764848483	8.580612854975477	2022-09-01	cTiterSub_x-ne_star	north	2022
2022-02-01	A/India/PUN-NIV323256/2021_EPI1905717	2.5e-05	7.220560999999996	9.689292999999997	0.00807964508126153	2.5105874180525183e-05	7.1841549086092105	2022-09-01	cTiterSub_x-ne_star	north	2022
2022-02-01	A/India/PUN-NIV323256/2021_EPI1916832	2.5e-05	7.220560999999996	9.689292999999997	0.00807964508126153	2.5105874180525183e-05	7.1841549086092105	2022-09-01	cTiterSub_x-ne_star	north	2022
2022-02-01	A/Indiana/07/2021_EPI1959564	0.011904999999999999	7.640702999999996	9.862236	0.045298411624890775	0.012217818904274983	7.55612244463517	2022-09-01	cTiterSub_x-ne_star	north	2022
2022-02-01	A/Islamabad/02/2021_EPI1957308	0.0057020000000000005	9.149230999999988	12.067794000000001	-0.08364942602070886	0.005427802688694753	9.179355268131172	2022-09-01	cTiterSub_x-ne_star	north	2022
2022-02-01	A/Islamabad/05/2021_EPI1942220	0.003988	10.073284999999998	12.987599000000008	-0.0683880570142384	0.003830172025771909	10.107873539350358	2022-09-01	cTiterSub_x-ne_star	north	2022
2022-02-01	A/Italy/12497/2021_EPI1950679	0.009789	9.192672999999987	12.074348	-0.08364942602070886	0.009318267365772175	9.222781955248706	2022-09-01	cTiterSub_x-ne_star	north	2022
2022-02-01	A/Kaluga/CRIE/43/2021_EPI1926347	0.005849	7.817489999999999	10.573468000000005	-0.06876714457252628	0.005616279519531821	7.801611129157942	2022-09-01	cTiterSub_x-ne_star	north	2022
2022-02-01	A/Kenya/141/2021_EPI1940915	0.000997	25.72996600000003	26.463396000000003	0.0757127593338732	0.0010415126899493696	25.76375779056443	2022-09-01	cTiterSub_x-ne_star	north	2022
2022-02-01	A/Kyrgyzstan/17_ILI/2021_EPI1965296	0.003988	9.163978999999987	12.074458000000002	-0.08364942602070886	0.0037962253810092383	9.195467789982239	2022-09-01	cTiterSub_x-ne_star	north	2022
2022-02-01	A/Kyrgyzstan/23_ILI/2021_EPI1965278	0.004105	9.794902000000002	12.450861999999995	-0.06735783940493004	0.0039449116894338864	9.779911961645093	2022-09-01	cTiterSub_x-ne_star	north	2022
2022-02-01	A/Llanelli/5372/2021_EPI1958169	0.0169099999999999	5.7372979999999965	9.028888	0.0048938260125108895	0.01695008406563874	5.679402309630401	2022-09-01	cTiterSub_x-ne_star	north	2022
2022-02-01	A/Maryland/01/2021_EPI1926434	0.003128	7.640702999999996	9.862236	0.045298411624890775	0.003210192148893083	7.55612244463517	2022-09-01	cTiterSub_x-ne_star	north	2022
2022-02-01	A/Maryland/12236/2021_EPI1922415	0.002412	7.640702999999996	9.862236	0.045298411624890775	0.0024753783449904467	7.55612244463517	2022-09-01	cTiterSub_x-ne_star	north	2022
2022-02-01	A/Maryland/12238/2021_EPI1922431	0.002412	7.640702999999996	9.862236	0.045298411624890775	0.0024753783449904467	7.55612244463517	2022-09-01	cTiterSub_x-ne_star	north	2022
2022-02-01	A/Maryland/12239/2021_EPI1922439	0.002412	7.640702999999996	9.862236	0.045298411624890775	0.0024753783449904467	7.55612244463517	2022-09-01	cTiterSub_x-ne_star	north	2022
2022-02-01	A/Maryland/12248/2021_EPI1922508	0.002494	7.640702999999996	9.862236	0.045298411624890775	0.0025595329985100223	7.55612244463517	2022-09-01	cTiterSub_x-ne_star	north	2022
2022-02-01	A/Maryland/12250/2021_EPI1922524	0.002494	7.640702999999996	9.862236	0.045298411624890775	0.0025595329985100223	7.55612244463517	2022-09-01	cTiterSub_x-ne_star	north	2022
2022-02-01	A/Maryland/12255/2021_EPI1922564	0.002494	7.640702999999996	9.862236	0.045298411624890775	0.0025595329985100223	7.55612244463517	2022-09-01	cTiterSub_x-ne_star	north	2022
2022-02-01	A/Maryland/12265/2021_EPI1922644	0.002664	7.640702999999996	9.862236	0.045298411624890775	0.0027339999631237765	7.55612244463517	2022-09-01	cTiterSub_x-ne_star	north	2022
2022-02-01	A/Maryland/12267/2021_EPI1936498	0.002664	7.640702999999996	9.862236	0.045298411624890775	0.0027339999631237765	7.55612244463517	2022-09-01	cTiterSub_x-ne_star	north	2022
2022-02-01	A/Maryland/12317/2021_EPI1923863	0.003329	7.640702999999996	9.862236	0.045298411624890775	0.0034164736776422866	7.55612244463517	2022-09-01	cTiterSub_x-ne_star	north	2022
2022-02-01	A/Maryland/12337/2021_EPI1924021	0.003329	7.640702999999996	9.862236	0.045298411624890775	0.0034164736776422866	7.55612244463517	2022-09-01	cTiterSub_x-ne_star	north	2022
2022-02-01	A/Maryland/12367/2021_EPI1925741	0.003872	7.640702999999996	9.862236	0.045298411624890775	0.003973741688143867	7.55612244463517	2022-09-01	cTiterSub_x-ne_star	north	2022
2022-02-01	A/Maryland/12396/2021_EPI1925963	0.003988	7.640702999999996	9.862236	0.045298411624890775	0.004092789734586194	7.55612244463517	2022-09-01	cTiterSub_x-ne_star	north	2022
2022-02-01	A/Maryland/12454/2021_EPI1941970	0.004862	7.640702999999996	9.862236	0.045298411624890775	0.004989755187953379	7.55612244463517	2022-09-01	cTiterSub_x-ne_star	north	2022
2022-02-01	A/Michigan/01/2021_EPI1885363	7.7e-05	9.338931999999998	11.02503	0.06897052523702318	8.012205239078931e-05	9.27205409361016	2022-09-01	cTiterSub_x-ne_star	north	2022
2022-02-01	A/Michigan/01/2021_EPI1885371	7.7e-05	9.338931999999998	11.02503	0.06897052523702318	8.012205239078931e-05	9.27205409361016	2022-09-01	cTiterSub_x-ne_star	north	2022
2022-02-01	A/Michigan/02/2021_EPI1885410	9.1e-05	8.045991999999993	9.876136000000002	0.07135403032149307	9.482144431728379e-05	8.027672906682803	2022-09-01	cTiterSub_x-ne_star	north	2022
2022-02-01	A/Michigan/02/2021_EPI1885418	9.1e-05	8.045991999999993	9.876136000000002	0.07135403032149307	9.482144431728379e-05	8.027672906682803	2022-09-01	cTiterSub_x-ne_star	north	2022
2022-02-01	A/Michigan/03/2021_EPI1916926	0.0005070000000000001	5.535865999999998	7.897868999999998	-0.06550104821248645	0.00048775584229722	5.508853983318247	2022-09-01	cTiterSub_x-ne_star	north	2022
2022-02-01	A/Michigan/03/2021_EPI1916934	0.0005070000000000001	5.535865999999998	7.897868999999998	-0.06550104821248645	0.00048775584229722	5.508853983318247	2022-09-01	cTiterSub_x-ne_star	north	2022
2022-02-01	A/Michigan/04/2021_EPI1925298	0.0018280000000000002	7.0468020000000005	8.876155	0.06976112078711776	0.0019029957573262028	7.028469129951766	2022-09-01	cTiterSub_x-ne_star	north	2022
2022-02-01	A/Michigan/07/2021_EPI1926505	0.003872	6.3655079999999975	8.047865	0.04380272730944514	0.0039702761800099904	6.29946830581681	2022-09-01	cTiterSub_x-ne_star	north	2022
2022-02-01	A/Michigan/11/2021_EPI1928282	0.0057020000000000005	7.640702999999996	9.862236	0.045298411624890775	0.005851827248397813	7.55612244463517	2022-09-01	cTiterSub_x-ne_star	north	2022
2022-02-01	A/Michigan/UOM10042623581/2021_EPI1937407	0.008317	7.640702999999996	9.862236	0.045298411624890775	0.008535539674662331	7.55612244463517	2022-09-01	cTiterSub_x-ne_star	north	2022
2022-02-01	A/Michigan/UOM10042675169/2021_EPI1936747	0.009042	7.640702999999996	9.862236	0.045298411624890775	0.009279589964926872	7.55612244463517	2022-09-01	cTiterSub_x-ne_star	north	2022
2022-02-01	A/Minas_Gerais/62755/2021_EPI1947860	0.011711	8.207384999999999	10.691896000000003	0.009672554615636852	0.011771528692720972	8.167534781694714	2022-09-01	cTiterSub_x-ne_star	north	2022
2022-02-01	A/Minnesota/02/2021_EPI1887881	1.9e-05	7.970093999999995	10.868743000000007	-0.013846195808115757	1.8837977844619214e-05	7.988093172096046	2022-09-01	cTiterSub_x-ne_star	north	2022
2022-02-01	A/Minnesota/03/2021_EPI1953052	0.007963	7.640702999999996	9.862236	0.045298411624890775	0.008172237877760747	7.55612244463517	2022-09-01	cTiterSub_x-ne_star	north	2022
2022-02-01	A/Moscow/12-02V/2021_EPI1919531	0.001468	9.735174000000004	12.262244000000003	-0.10006387380590683	0.0013840904869834379	9.722797430896977	2022-09-01	cTiterSub_x-ne_star	north	2022
2022-02-01	A/Moscow/CRIE/29/2021_EPI1925401	0.004862	7.817489999999999	10.573468000000005	-0.06876714457252628	0.004668550354584325	7.801611129157942	2022-09-01	cTiterSub_x-ne_star	north	2022
2022-02-01	A/Myanmar/I022/2021_EPI1965157	0.0049960000000000004	6.727297999999997	10.028869	0.0048938260125108895	0.005007842696152079	6.6693866242380855	2022-09-01	cTiterSub_x-ne_star	north	2022
2022-02-01	A/Myanmar/I027/2021_EPI1965189	0.0049960000000000004	5.7372979999999965	9.028888	0.0048938260125108895	0.005007842696152079	5.679402309630401	2022-09-01	cTiterSub_x-ne_star	north	2022
2022-02-01	A/Myanmar/I029/2021_EPI1965165	0.0049960000000000004	5.7372979999999965	9.028888	0.0048938260125108895	0.005007842696152079	5.679402309630401	2022-09-01	cTiterSub_x-ne_star	north	2022
2022-02-01	A/Myanmar/I046/2021_EPI1965173	0.0049960000000000004	5.7372979999999965	9.028888	0.0048938260125108895	0.005007842696152079	5.679402309630401	2022-09-01	cTiterSub_x-ne_star	north	2022
2022-02-01	A/NADYM/RII-46578S/21_EPI1917362	0.000306	8.809623999999994	11.530010000000006	-0.06876714457252628	0.0002938248474913212	8.794363656055399	2022-09-01	cTiterSub_x-ne_star	north	2022
2022-02-01	A/Nadym/RII-46578S/2021_EPI1889107	0.000306	7.817489999999999	10.573468000000005	-0.06876714457252628	0.0002938248474913212	7.801611129157942	2022-09-01	cTiterSub_x-ne_star	north	2022
2022-02-01	A/Nadym/RII-46578S/2021_EPI1919667	0.000306	7.817489999999999	10.573468000000005	-0.06876714457252628	0.0002938248474913212	7.801611129157942	2022-09-01	cTiterSub_x-ne_star	north	2022
2022-02-01	A/Nebraska/01/2021_EPI1916950	0.00048499999999999997	5.293700999999998	7.692135000000001	0.0048938260125108895	0.0004861496612557562	5.255528665434046	2022-09-01	cTiterSub_x-ne_star	north	2022
2022-02-01	A/Nebraska/01/2021_EPI1916958	0.00048499999999999997	5.293700999999998	7.692135000000001	0.0048938260125108895	0.0004861496612557562	5.255528665434046	2022-09-01	cTiterSub_x-ne_star	north	2022
2022-02-01	A/Nepal/21FL1719/2021_EPI1922674	6.2e-05	6.290359	8.689167999999999	0.07360049832964372	6.468833604597994e-05	6.2520493845770435	2022-09-01	cTiterSub_x-ne_star	north	2022
2022-02-01	A/Nepal/21FL2141/2021_EPI1922676	0.00016999999999999999	6.648765999999996	9.466850999999995	0.1343770479076003	0.00018377238375311957	6.585339893428757	2022-09-01	cTiterSub_x-ne_star	north	2022
2022-02-01	A/Nepal/21FL2237/2021_EPI1927528	0.000188	6.683891999999997	9.751703999999998	0.024389581509455464	0.00019060097705205273	6.625259987455798	2022-09-01	cTiterSub_x-ne_star	north	2022
2022-02-01	A/Nepal/21FL2304/2021_EPI1922686	0.00022999999999999998	6.290359	8.689167999999999	0.07360049832964372	0.0002399728595254094	6.2520493845770435	2022-09-01	cTiterSub_x-ne_star	north	2022
2022-02-01	A/Nepal/21FL2304/2021_EPI1922694	0.00022999999999999998	6.290359	8.689167999999999	0.07360049832964372	0.0002399728595254094	6.2520493845770435	2022-09-01	cTiterSub_x-ne_star	north	2022
2022-02-01	A/Nepal/21FL2352/2021_EPI1922702	0.000241	5.7372979999999965	9.028888	0.0048938260125108895	0.00024157127497450982	5.679402309630401	2022-09-01	cTiterSub_x-ne_star	north	2022
2022-02-01	A/Nepal/21FL2352/2021_EPI1922710	0.000241	5.7372979999999965	9.028888	0.0048938260125108895	0.00024157127497450982	5.679402309630401	2022-09-01	cTiterSub_x-ne_star	north	2022
2022-02-01	A/Nepal/21FL2415/2021_EPI1922713	0.00025299999999999997	6.2931289999999995	8.510822	0.00648673554688621	0.0002538354738724531	6.254965092195537	2022-09-01	cTiterSub_x-ne_star	north	2022
2022-02-01	A/Nepal/21FL2439/2021_EPI1922724	0.00025299999999999997	6.7367839999999966	10.028869	0.00648673554688621	0.0002538354738724531	6.678894638682645	2022-09-01	cTiterSub_x-ne_star	north	2022
2022-02-01	A/Nepal/21FL2608/2021_EPI1922749	0.00035299999999999996	5.7372979999999965	9.028888	0.0048938260125108895	0.00035383676375934424	5.679402309630401	2022-09-01	cTiterSub_x-ne_star	north	2022
2022-02-01	A/Nepal/21FL2632/2021_EPI1922776	0.00035299999999999996	7.683178	10.672533000000005	0.03765850011227385	0.00036066459041619083	7.624538658274977	2022-09-01	cTiterSub_x-ne_star	north	2022
2022-02-01	A/Nepal/21FL2666/2021_EPI1922795	0.00035299999999999996	6.735231999999996	10.019615000000002	0.006415513982304021	0.00035415098686788853	6.677361469057531	2022-09-01	cTiterSub_x-ne_star	north	2022
2022-02-01	A/Nepal/21FL2699/2021_EPI1922803	0.00037	6.290359	8.689167999999999	0.07360049832964372	0.00038604329575826735	6.2520493845770435	2022-09-01	cTiterSub_x-ne_star	north	2022
2022-02-01	A/Nepal/21FL2700/2021_EPI1922822	0.00037	9.280868999999992	11.664565000000001	0.07519340786401904	0.00038640217282669	9.243071148132525	2022-09-01	cTiterSub_x-ne_star	north	2022
2022-02-01	A/Nepal/21FL2742/2021_EPI1922825	0.00046399999999999995	6.555203999999995	9.968224000000001	0.00648673554688621	0.00046553225247754245	6.492597558807057	2022-09-01	cTiterSub_x-ne_star	north	2022
2022-02-01	A/Netherlands/10002/2022_EPI1956876	0.01764	9.732592000000002	12.553147999999995	-0.05929611401247088	0.017031976527103244	9.719816900161055	2022-09-01	cTiterSub_x-ne_star	north	2022
2022-02-01	A/Netherlands/10008/2021_EPI1918317	0.0012619999999999999	5.7372979999999965	9.028888	0.0048938260125108895	0.0012649914897005451	5.679402309630401	2022-09-01	cTiterSub_x-ne_star	north	2022
2022-02-01	A/Netherlands/10009/2021_EPI1918321	0.001468	5.7372979999999965	9.028888	0.0048938260125108895	0.001471479799429794	5.679402309630401	2022-09-01	cTiterSub_x-ne_star	north	2022
2022-02-01	A/Netherlands/10025/2021_EPI1923210	0.001362	5.7372979999999965	9.028888	0.0048938260125108895	0.0013652285332584329	5.679402309630401	2022-09-01	cTiterSub_x-ne_star	north	2022
2022-02-01	A/Netherlands/10058/2021_EPI1926293	0.004105	5.7372979999999965	9.028888	0.0048938260125108895	0.004114730638051298	5.679402309630401	2022-09-01	cTiterSub_x-ne_star	north	2022
2022-02-01	A/Netherlands/10073/2021_EPI1927578	0.005556	5.7372979999999965	9.028888	0.0048938260125108895	0.005569170140076251	5.679402309630401	2022-09-01	cTiterSub_x-ne_star	north	2022
2022-02-01	A/New_York/01/2021_EPI1887873	0.00010700000000000001	10.073284999999998	12.987599000000008	-0.0683880570142384	0.00010276539788304771	10.107873539350358	2022-09-01	cTiterSub_x-ne_star	north	2022
2022-02-01	A/New_York/02/2021_EPI1940308	0.00010700000000000001	10.073284999999998	12.987599000000008	-0.0683880570142384	0.00010276539788304771	10.107873539350358	2022-09-01	cTiterSub_x-ne_star	north	2022
2022-02-01	A/New_York/02/2021_EPI1940488	0.00010700000000000001	10.073284999999998	12.987599000000008	-0.0683880570142384	0.00010276539788304771	10.107873539350358	2022-09-01	cTiterSub_x-ne_star	north	2022
2022-02-01	A/Newcastle/1/2021_EPI1924447	0.002664	32.921915999999975	33.100240000000014	0.13321163967775093	0.0028778642557486305	32.935210977949524	2022-09-01	cTiterSub_x-ne_star	north	2022
2022-02-01	A/Nigeria/6075/2021_EPI1942437	1.9e-05	20.981372999999994	22.770253000000004	-0.07195128963023759	1.8210171147435285e-05	21.01709169309782	2022-09-01	cTiterSub_x-ne_star	north	2022
2022-02-01	A/Nizhny_Novgorod/360V/2021_EPI1886102	0.000132	8.616802	11.435458000000002	-0.08336370499831773	0.0001256733390625017	8.609154265301514	2022-09-01	cTiterSub_x-ne_star	north	2022
2022-02-01	A/North_Dakota/06/2021_EPI1959495	0.014385	8.611924999999998	10.862088	0.045298411624890775	0.014762984035110931	8.526596476564952	2022-09-01	cTiterSub_x-ne_star	north	2022
2022-02-01	A/Norway/16606/2021_EPI1922181	0.000306	5.535865999999998	7.897868999999998	-0.06550104821248645	0.0002943851829249493	5.508853983318247	2022-09-01	cTiterSub_x-ne_star	north	2022
2022-02-01	A/Norway/16606/2021_EPI1924783	0.000306	7.523532000000002	9.764122000000006	-0.06557552685218934	0.00029437239338146027	7.496657441979438	2022-09-01	cTiterSub_x-ne_star	north	2022
2022-02-01	A/Norway/26863/2021_EPI1958362	0.007963	7.632832	10.202134000000004	0.13596995744197563	0.008616117011388804	7.568107659405991	2022-09-01	cTiterSub_x-ne_star	north	2022
2022-02-01	A/Novosibirsk/11V/2021_EPI1945977	0.010743	7.817489999999999	10.573468000000005	-0.06876714457252628	0.010315556655553148	7.801611129157942	2022-09-01	cTiterSub_x-ne_star	north	2022
2022-02-01	A/Ohio/05/2021_EPI1940820	0.007111	7.640702999999996	9.862236	0.045298411624890775	0.007297850502167108	7.55612244463517	2022-09-01	cTiterSub_x-ne_star	north	2022
2022-02-01	A/Ohio/14/2021_EPI1960265	0.011904999999999999	7.640702999999996	9.862236	0.045298411624890775	0.012217818904274983	7.55612244463517	2022-09-01	cTiterSub_x-ne_star	north	2022
2022-02-01	A/Oklahoma/01/2021_EPI1916918	5.9e-05	24.90194500000002	26.556116000000003	-0.030308469467163708	5.793782206067684e-05	24.94086448776642	2022-09-01	cTiterSub_x-ne_star	north	2022
2022-02-01	A/Oman/2641/2021_EPI1925279	0.000162	23.710610000000024	24.683941	-0.0562297185768695	0.0001566961476387042	23.755639968698326	2022-09-01	cTiterSub_x-ne_star	north	2022
2022-02-01	A/Oman/4837/2021_EPI1925290	0.00108	23.710610000000024	24.683941	-0.0562297185768695	0.0010446409842580278	23.755639968698326	2022-09-01	cTiterSub_x-ne_star	north	2022
2022-02-01	A/Orebro/1/2021_EPI1923437	0.000579	6.3655079999999975	8.047865	0.04380272730944514	0.0005936957407607913	6.29946830581681	2022-09-01	cTiterSub_x-ne_star	north	2022
2022-02-01	A/Pakistan/ICT1/2021_EPI1967933	0.015799	6.683891999999997	9.751703999999998	0.024389581509455464	0.016017578917262666	6.625259987455798	2022-09-01	cTiterSub_x-ne_star	north	2022
2022-02-01	A/Pakistan/ICT13/2021_EPI1967844	0.0057020000000000005	11.061872999999995	13.980804999999998	-0.06679514747986308	0.005481430204591752	11.096910678941175	2022-09-01	cTiterSub_x-ne_star	north	2022
2022-02-01	A/Pakistan/ICT14/2021_EPI1967925	0.006152	12.04455600000001	14.93313900000001	-0.06520223794548777	0.0059195207551057056	12.080250544640503	2022-09-01	cTiterSub_x-ne_star	north	2022
2022-02-01	A/Pakistan/ICT2/2021_EPI1967836	0.015799	8.212259000000003	11.074477000000002	-0.08524233555508418	0.015025291028304815	8.241418489980251	2022-09-01	cTiterSub_x-ne_star	north	2022
2022-02-01	A/Pakistan/ICT9/2021_EPI1967860	0.001962	11.069352999999994	13.987579999999998	-0.0683880570142384	0.0018843524359489685	11.10410483447846	2022-09-01	cTiterSub_x-ne_star	north	2022
2022-02-01	A/Pakistan/KE1/2021_EPI1967828	0.015966	9.174880999999987	11.987618000000001	-0.08388962903805414	0.015196098890527312	9.205159909953856	2022-09-01	cTiterSub_x-ne_star	north	2022
2022-02-01	A/Pakistan/KE3/2021_EPI1967880	0.015966	11.013103999999995	13.986084999999997	-0.0683880570142384	0.015334134042997568	11.048846880246465	2022-09-01	cTiterSub_x-ne_star	north	2022
2022-02-01	A/Pakistan/NMC3/2021_EPI1967949	0.006307	9.163978999999987	12.074458000000002	-0.08364942602070886	0.006003709498000317	9.195467789982239	2022-09-01	cTiterSub_x-ne_star	north	2022
2022-02-01	A/Pakistan/NMC4/2021_EPI1967876	0.008139	9.163978999999987	12.074458000000002	-0.08364942602070886	0.007747612431302455	9.195467789982239	2022-09-01	cTiterSub_x-ne_star	north	2022
2022-02-01	A/Philippines/4/2021_EPI1889175	2.8999999999999997e-05	7.5352280000000045	9.629697000000002	-0.062315229143735815	2.7951145379230546e-05	7.508234507788975	2022-09-01	cTiterSub_x-ne_star	north	2022
2022-02-01	A/Philippines/6/2021_EPI1889181	5.5e-05	33.94876199999997	34.57294200000001	0.010992936128864584	5.5326866921522875e-05	33.97171627681739	2022-09-01	cTiterSub_x-ne_star	north	2022
2022-02-01	A/Philippines/8/2021_EPI1889178	8.6e-05	24.722242000000005	25.637530000000005	0.12141282860159461	9.226679675200472e-05	24.759307395539587	2022-09-01	cTiterSub_x-ne_star	north	2022
2022-02-01	A/Qatar/10-VI-21-3813895/2021_EPI1925475	0.000266	8.212259000000003	11.074477000000002	-0.08524233555508418	0.000252973442213373	8.241418489980251	2022-09-01	cTiterSub_x-ne_star	north	2022
2022-02-01	A/Qatar/16-VI-21-3673175/2021_EPI1922195	0.00017900000000000001	9.211176999999987	12.074458000000002	-0.08364942602070886	0.00017039226258792718	9.240396136404723	2022-09-01	cTiterSub_x-ne_star	north	2022
2022-02-01	A/Qatar/16-VI-21-3673175/2021_EPI1925487	0.00017900000000000001	9.211176999999987	12.074458000000002	-0.08364942602070886	0.00017039226258792718	9.240396136404723	2022-09-01	cTiterSub_x-ne_star	north	2022
2022-02-01	A/Qatar/16-VI-21-3673175/2021_EPI1934336	0.00017900000000000001	9.211176999999987	12.074458000000002	-0.08364942602070886	0.00017039226258792718	9.240396136404723	2022-09-01	cTiterSub_x-ne_star	north	2022
2022-02-01	A/Qatar/16-VI-21-3738537/2021_EPI1922196	0.00020800000000000001	8.212259000000003	11.074477000000002	-0.08524233555508418	0.00019781381947511878	8.241418489980251	2022-09-01	cTiterSub_x-ne_star	north	2022
2022-02-01	A/Qatar/16-VI-21-3738537/2021_EPI1925497	0.00020800000000000001	8.212259000000003	11.074477000000002	-0.08524233555508418	0.00019781381947511878	8.241418489980251	2022-09-01	cTiterSub_x-ne_star	north	2022
2022-02-01	A/Qatar/16-VI-21-3738537/2021_EPI1934334	0.00020800000000000001	8.212259000000003	11.074477000000002	-0.08524233555508418	0.00019781381947511878	8.241418489980251	2022-09-01	cTiterSub_x-ne_star	north	2022
2022-02-01	A/Qatar/16-VI-21-3744895/2021_EPI1922197	0.00021899999999999998	9.211192999999989	12.074458000000002	-0.08364942602070886	0.00020846874584779914	9.240394972108227	2022-09-01	cTiterSub_x-ne_star	north	2022
2022-02-01	A/Qatar/16-VI-21-3744895/2021_EPI1925483	0.00021899999999999998	9.211192999999989	12.074458000000002	-0.08364942602070886	0.00020846874584779914	9.240394972108227	2022-09-01	cTiterSub_x-ne_star	north	2022
2022-02-01	A/Qatar/16-VI-21-3820344/2021_EPI1925479	0.000241	8.212259000000003	11.074477000000002	-0.08524233555508418	0.00022919774275722895	8.241418489980251	2022-09-01	cTiterSub_x-ne_star	north	2022
2022-02-01	A/Qatar/16-VI-21-3994833/2021_EPI1889275	0.00037	9.211510999999987	12.074458000000002	-0.08364942602070886	0.00035220747015381594	9.240714075039943	2022-09-01	cTiterSub_x-ne_star	north	2022
2022-02-01	A/Qatar/16-VI-21-4035811/2021_EPI1922221	0.000405	6.290359	8.689167999999999	0.07360049832964372	0.00042256090481648177	6.2520493845770435	2022-09-01	cTiterSub_x-ne_star	north	2022
2022-02-01	A/Qatar/16-VI-21-4036102/2021_EPI1889279	0.000405	5.7372979999999965	9.028888	0.0048938260125108895	0.00040596002640944594	5.679402309630401	2022-09-01	cTiterSub_x-ne_star	north	2022
2022-02-01	A/Qatar/21-VI-21-4953403/2021_EPI1958732	0.0015810000000000002	8.212259000000003	11.074477000000002	-0.08524233555508418	0.001503575233606552	8.241418489980251	2022-09-01	cTiterSub_x-ne_star	north	2022
2022-02-01	A/Qatar/24-VI-21-3868954/2021_EPI1925471	0.000292	8.212259000000003	11.074477000000002	-0.08524233555508418	0.0002777001696477628	8.241418489980251	2022-09-01	cTiterSub_x-ne_star	north	2022
2022-02-01	A/Qatar/24-VI-21-3986733/2021_EPI1889295	0.00037	10.210588999999997	13.074420000000007	-0.08524233555508418	0.0003518803519509324	10.239843852016334	2022-09-01	cTiterSub_x-ne_star	north	2022
2022-02-01	A/Qatar/24-VI-21-4043041/2021_EPI1889301	0.000405	8.212259000000003	11.074477000000002	-0.08524233555508418	0.00038516633118953407	8.241418489980251	2022-09-01	cTiterSub_x-ne_star	north	2022
2022-02-01	A/Qatar/26-VI-21-4617124/2021_EPI1958734	0.000958	8.212259000000003	11.074477000000002	-0.08524233555508418	0.0009110848031594411	8.241418489980251	2022-09-01	cTiterSub_x-ne_star	north	2022
2022-02-01	A/Qatar/34-VI-21-3664968/2021_EPI1922241	0.00017900000000000001	5.535865999999998	7.897868999999998	-0.06550104821248645	0.00017220571158028085	5.508853983318247	2022-09-01	cTiterSub_x-ne_star	north	2022
2022-02-01	A/Qatar/34-VI-21-3664968/2021_EPI1925485	0.00017900000000000001	5.535865999999998	7.897868999999998	-0.06550104821248645	0.00017220571158028085	5.508853983318247	2022-09-01	cTiterSub_x-ne_star	north	2022
2022-02-01	A/Qatar/47-VI-21-3991750/2021_EPI1922251	0.00037	8.212259000000003	11.074477000000002	-0.08524233555508418	0.0003518803519509324	8.241418489980251	2022-09-01	cTiterSub_x-ne_star	north	2022
2022-02-01	A/Qatar/47-VI-21-3995023/2021_EPI1889313	0.00037	8.212259000000003	11.074477000000002	-0.08524233555508418	0.0003518803519509324	8.241418489980251	2022-09-01	cTiterSub_x-ne_star	north	2022
2022-02-01	A/Qatar/47-VI-21-3995023/2021_EPI1922253	0.00037	8.212259000000003	11.074477000000002	-0.08524233555508418	0.0003518803519509324	8.241418489980251	2022-09-01	cTiterSub_x-ne_star	north	2022
2022-02-01	A/Rio_de_Janeiro/60807/2021_EPI1946241	0.009226	7.247392	10.891480000000005	0.007946133251886712	0.009264350254278996	7.187382073152745	2022-09-01	cTiterSub_x-ne_star	north	2022
2022-02-01	A/Rio_de_Janeiro/60808/2021_EPI1946249	0.009226	7.247392	10.891480000000005	0.007946133251886712	0.009264350254278996	7.187382073152745	2022-09-01	cTiterSub_x-ne_star	north	2022
2022-02-01	A/Rio_de_Janeiro/61133/2021_EPI1947908	0.010743	6.319847999999996	9.894489000000002	0.006353223717511392	0.01077763685250284	6.259432989231522	2022-09-01	cTiterSub_x-ne_star	north	2022
2022-02-01	A/Rio_de_Janeiro/61156/2021_EPI1947972	0.010935	6.319847999999996	9.894489000000002	0.006353223717511392	0.010970255885890212	6.259432989231522	2022-09-01	cTiterSub_x-ne_star	north	2022
2022-02-01	A/Rio_de_Janeiro/61818/2021_EPI1953294	0.011711	6.319847999999996	9.894489000000002	0.006353223717511392	0.011748757812497509	6.259432989231522	2022-09-01	cTiterSub_x-ne_star	north	2022
2022-02-01	A/Rio_de_Janeiro/62011/2021_EPI1949039	0.012098999999999999	7.295641999999999	10.894470000000005	0.007946133251886712	0.012149292621560975	7.2351344039884085	2022-09-01	cTiterSub_x-ne_star	north	2022
2022-02-01	A/Rio_de_Janeiro/62428/2021_EPI1948140	0.01055	6.319847999999996	9.894489000000002	0.006353223717511392	0.010584014594983239	6.259432989231522	2022-09-01	cTiterSub_x-ne_star	north	2022
2022-02-01	A/Rio_de_Janeiro/62430/2021_EPI1948152	0.01055	6.319847999999996	9.894489000000002	0.006353223717511392	0.010584014594983239	6.259432989231522	2022-09-01	cTiterSub_x-ne_star	north	2022
2022-02-01	A/Rio_de_Janeiro/62432/2021_EPI1948168	0.01055	6.319847999999996	9.894489000000002	0.006353223717511392	0.010584014594983239	6.259432989231522	2022-09-01	cTiterSub_x-ne_star	north	2022
2022-02-01	A/Russia/33f44V/2021_EPI1916755	0.00053	7.817489999999999	10.573468000000005	-0.06876714457252628	0.0005089123175503274	7.801611129157942	2022-09-01	cTiterSub_x-ne_star	north	2022
2022-02-01	A/Russia/6-60V/2021_EPI1916771	0.00053	7.817489999999999	10.573468000000005	-0.06876714457252628	0.0005089123175503274	7.801611129157942	2022-09-01	cTiterSub_x-ne_star	north	2022
2022-02-01	A/Russia/7V/2021_EPI1916443	0.00053	7.817489999999999	10.573468000000005	-0.06876714457252628	0.0005089123175503274	7.801611129157942	2022-09-01	cTiterSub_x-ne_star	north	2022
2022-02-01	A/Saida/5915/2021_EPI1925505	0.001962	6.3655079999999975	8.047865	0.04380272730944514	0.0020117980023707646	6.29946830581681	2022-09-01	cTiterSub_x-ne_star	north	2022
2022-02-01	A/Saint-Petersburg/RII-2423S/2021_EPI1927945	0.0069459999999999	7.817489999999999	10.573468000000005	-0.06876714457252628	0.006669631995668912	7.801611129157942	2022-09-01	cTiterSub_x-ne_star	north	2022
2022-02-01	A/Saint-Petersburg/RII-47400S/2021_EPI1919698	0.0012619999999999999	7.817489999999999	10.573468000000005	-0.06876714457252628	0.001211787442921723	7.801611129157942	2022-09-01	cTiterSub_x-ne_star	north	2022
2022-02-01	A/Saint-Petersburg/RII-5890S/2021_EPI1961533	0.01475	8.768403999999995	11.369313000000002	-0.06717423503815097	0.01417629227204222	8.75419171825709	2022-09-01	cTiterSub_x-ne_star	north	2022
2022-02-01	A/Sao_Paulo/IAL/C7639/2021_EPI1951013	0.01475	6.319847999999996	9.894489000000002	0.006353223717511392	0.014797555950332017	6.259432989231522	2022-09-01	cTiterSub_x-ne_star	north	2022
2022-02-01	A/Sao_Paulo/IAL/C7726/2021_EPI1951141	0.01493	7.289979999999999	10.894405000000006	0.06850473616729572	0.015531133252646595	7.228370722726239	2022-09-01	cTiterSub_x-ne_star	north	2022
2022-02-01	A/Sao_Paulo/IAL/C8562/2021_EPI1962823	0.017199000000000002	6.319847999999996	9.894489000000002	0.006353223717511392	0.017254451850153247	6.259432989231522	2022-09-01	cTiterSub_x-ne_star	north	2022
2022-02-01	A/Sao_Paulo/IAL/C8663/2022_EPI1967145	0.017891	7.284057999999999	10.807610000000006	0.006353223717511392	0.017948682949653568	7.223535623332224	2022-09-01	cTiterSub_x-ne_star	north	2022
2022-02-01	A/Seeb/72128338/2021_EPI1947365	0.007963	9.57754199999999	12.466611999999996	0.13915577651072628	0.008632144043142526	9.510003971784466	2022-09-01	cTiterSub_x-ne_star	north	2022
2022-02-01	A/Singapore/INFKK0017/2021_EPI1956425	0.010359	6.683891999999997	9.751703999999998	0.024389581509455464	0.01050231660256497	6.625259987455798	2022-09-01	cTiterSub_x-ne_star	north	2022
2022-02-01	A/Singapore/INFTT0002/2021_EPI1956401	9.1e-05	6.535675999999995	8.897849999999998	-0.06390813867811114	8.762730564453551e-05	6.508678728706956	2022-09-01	cTiterSub_x-ne_star	north	2022
2022-02-01	A/Singapore/INFTT0006/2021_EPI1956417	0.011904999999999999	5.7372979999999965	9.028888	0.0048938260125108895	0.011933220035566553	5.679402309630401	2022-09-01	cTiterSub_x-ne_star	north	2022
2022-02-01	A/Singapore/SAR86232/2021_EPI1956409	0.010168	5.7372979999999965	9.028888	0.0048938260125108895	0.01019210258896604	5.679402309630401	2022-09-01	cTiterSub_x-ne_star	north	2022
2022-02-01	A/SouthAfrica/PET20194/2021_EPI1942312	0.00053	53.186662999999946	54.99333799999998	-0.14539012065721302	0.00048666646006840695	53.23181164309708	2022-09-01	cTiterSub_x-ne_star	north	2022
2022-02-01	A/SouthAfrica/PET20555/2021_EPI1942946	0.003031	55.174522999999965	56.993300000000055	-0.14539012065721302	0.0027831812084289464	55.22067891826334	2022-09-01	cTiterSub_x-ne_star	north	2022
2022-02-01	A/South_Carolina/06/2021_EPI1956261	0.010359	7.640702999999996	9.862236	0.045298411624890775	0.010631195802552253	7.55612244463517	2022-09-01	cTiterSub_x-ne_star	north	2022
2022-02-01	A/South_Dakota/02/2021_EPI1953100	0.010743	7.640702999999996	9.862236	0.045298411624890775	0.01102528588732685	7.55612244463517	2022-09-01	cTiterSub_x-ne_star	north	2022
2022-02-01	A/Stockholm/15/2021_EPI1943225	0.0057020000000000005	5.7372979999999965	9.028888	0.0048938260125108895	0.005715516223670768	5.679402309630401	2022-09-01	cTiterSub_x-ne_star	north	2022
2022-02-01	A/Sydney/8/2021_EPI1942218	0.009789	19.888797000000004	21.72800299999999	-0.09864058386322358	0.009237135847430567	19.92824107281722	2022-09-01	cTiterSub_x-ne_star	north	2022
2022-02-01	A/Sydney/8/2021_EPI1957299	0.009789	21.772581	23.654501999999994	-0.09864058386322358	0.009237135847430567	21.815476695603184	2022-09-01	cTiterSub_x-ne_star	north	2022
2022-02-01	A/Tennessee/06/2021_EPI1955691	0.009042	7.640702999999996	9.862236	0.045298411624890775	0.009279589964926872	7.55612244463517	2022-09-01	cTiterSub_x-ne_star	north	2022
2022-02-01	A/Texas/01/2021_EPI1888161	0.000266	7.8568279999999975	10.425613000000004	-0.07095200260094114	0.0002550910497535677	7.857915553801007	2022-09-01	cTiterSub_x-ne_star	north	2022
2022-02-01	A/Texas/01/2021_EPI1888169	0.000266	7.8568279999999975	10.425613000000004	-0.07095200260094114	0.0002550910497535677	7.857915553801007	2022-09-01	cTiterSub_x-ne_star	north	2022
2022-02-01	A/Texas/02/2021_EPI1888177	0.000279	7.8568279999999975	10.425613000000004	-0.07095200260094114	0.0002675579055685916	7.857915553801007	2022-09-01	cTiterSub_x-ne_star	north	2022
2022-02-01	A/Thailand/10/2021_EPI1921816	2.8999999999999997e-05	13.448441000000008	14.538096000000014	-0.06836003676880131	2.785275935276251e-05	13.464861491944474	2022-09-01	cTiterSub_x-ne_star	north	2022
2022-02-01	A/Thailand/11/2021_EPI1921792	2.8999999999999997e-05	13.448441000000008	14.538096000000014	-0.06836003676880131	2.785275935276251e-05	13.464861491944474	2022-09-01	cTiterSub_x-ne_star	north	2022
2022-02-01	A/Thailand/12/2021_EPI1921776	2.8999999999999997e-05	13.448441000000008	14.538096000000014	-0.06836003676880131	2.785275935276251e-05	13.464861491944474	2022-09-01	cTiterSub_x-ne_star	north	2022
2022-02-01	A/Thailand/3/2021_EPI1921768	2.8999999999999997e-05	14.447518999999991	15.538076999999996	-0.06836003676880131	2.785275935276251e-05	14.463990614684464	2022-09-01	cTiterSub_x-ne_star	north	2022
2022-02-01	A/Thailand/3/2021_EPI1925330	2.8999999999999997e-05	13.448441000000008	14.538096000000014	-0.06836003676880131	2.785275935276251e-05	13.464861491944474	2022-09-01	cTiterSub_x-ne_star	north	2022
2022-02-01	A/Thailand/4/2021_EPI1921824	2.8999999999999997e-05	13.448441000000008	14.538096000000014	-0.06836003676880131	2.785275935276251e-05	13.464861491944474	2022-09-01	cTiterSub_x-ne_star	north	2022
2022-02-01	A/Thailand/4/2021_EPI1924389	2.1e-05	13.448441000000008	14.538096000000014	-0.06836003676880131	2.0169239531310784e-05	13.464861491944474	2022-09-01	cTiterSub_x-ne_star	north	2022
2022-02-01	A/Thailand/5/2021_EPI1921840	2.8999999999999997e-05	14.447518999999991	15.538076999999996	-0.06836003676880131	2.785275935276251e-05	14.463990614684464	2022-09-01	cTiterSub_x-ne_star	north	2022
2022-02-01	A/Thailand/5/2021_EPI1925314	2.8999999999999997e-05	14.447518999999991	15.538076999999996	-0.06836003676880131	2.785275935276251e-05	14.463990614684464	2022-09-01	cTiterSub_x-ne_star	north	2022
2022-02-01	A/Thailand/6/2021_EPI1921879	2.8999999999999997e-05	13.448441000000008	14.538096000000014	-0.06836003676880131	2.785275935276251e-05	13.464861491944474	2022-09-01	cTiterSub_x-ne_star	north	2022
2022-02-01	A/Thailand/7/2021_EPI1916402	2.1e-05	13.448441000000008	14.538096000000014	-0.06836003676880131	2.0169239531310784e-05	13.464861491944474	2022-09-01	cTiterSub_x-ne_star	north	2022
2022-02-01	A/Thailand/7/2021_EPI1918845	2.1e-05	13.448441000000008	14.538096000000014	-0.06836003676880131	2.0169239531310784e-05	13.464861491944474	2022-09-01	cTiterSub_x-ne_star	north	2022
2022-02-01	A/Thailand/8/2021_EPI1916399	2.1e-05	13.448441000000008	14.538096000000014	-0.06836003676880131	2.0169239531310784e-05	13.464861491944474	2022-09-01	cTiterSub_x-ne_star	north	2022
2022-02-01	A/Tripoli/5638/2021_EPI1937525	0.001168	8.339247999999998	10.025049000000001	0.06897052523702318	0.0012153578856161289	8.27237458181972	2022-09-01	cTiterSub_x-ne_star	north	2022
2022-02-01	A/Tripoli/5646/2021_EPI1941518	0.001168	6.3655079999999975	8.047865	0.04380272730944514	0.0011976452939699556	6.29946830581681	2022-09-01	cTiterSub_x-ne_star	north	2022
2022-02-01	A/Tyumen/1V/2021_EPI1887771	0.00020800000000000001	7.681727000000003	10.129071	0.007946133251886712	0.00020886460577607103	7.656507167840139	2022-09-01	cTiterSub_x-ne_star	north	2022
2022-02-01	A/Tyva/157-17V/2021_EPI1958541	0.011711	7.817489999999999	10.573468000000005	-0.06876714457252628	0.011245041794022423	7.801611129157942	2022-09-01	cTiterSub_x-ne_star	north	2022
2022-02-01	A/Uppsala/1/2021_EPI1943134	0.0049960000000000004	6.3655079999999975	8.047865	0.04380272730944514	0.005122804699207105	6.29946830581681	2022-09-01	cTiterSub_x-ne_star	north	2022
2022-02-01	A/Utah/04/2021_EPI1959892	0.012872999999999999	7.640702999999996	9.862236	0.045298411624890775	0.013211254326310951	7.55612244463517	2022-09-01	cTiterSub_x-ne_star	north	2022
2022-02-01	A/Veliky_Novgorod/CRIE/11/2021_EPI1921340	0.0021780000000000002	8.810933999999994	11.560867000000005	-0.07081903399029621	0.0020888398580989043	8.795147926804983	2022-09-01	cTiterSub_x-ne_star	north	2022
2022-02-01	A/Victoria/5/2021_EPI1889118	0.00037	5.7372979999999965	9.028888	0.0048938260125108895	0.0003708770611641852	5.679402309630401	2022-09-01	cTiterSub_x-ne_star	north	2022
2022-02-01	A/YANAO/126-a02V/2021_EPI1946022	0.0074459999999999	8.792829999999995	11.572343000000005	-0.06717423503815097	0.007156384559838979	8.778045899696675	2022-09-01	cTiterSub_x-ne_star	north	2022
2022-02-01	A/YOKOHAMA/1/2021_EPI1965197	0.016131	6.319847999999996	9.894489000000002	0.006353223717511392	0.016183008476935982	6.259432989231522	2022-09-01	cTiterSub_x-ne_star	north	2022
2022-02-01	A/Yekaterinburg/10-01V/2021_EPI1919523	0.000659	6.682150999999993	9.143538999999999	0.006353223717511392	0.0006611247031368678	6.656924897051693	2022-09-01	cTiterSub_x-ne_star	north	2022
2022-02-01	A/Yekaterinburg/10-01V/2021_EPI1919564	0.000659	6.682150999999993	9.143538999999999	0.006353223717511392	0.0006611247031368678	6.656924897051693	2022-09-01	cTiterSub_x-ne_star	north	2022
2022-02-01	A/Zahleh.LBN/6650/2021_EPI1954271	0.0057020000000000005	7.344835999999998	9.047672	0.04539563684382047	0.005852159142500826	7.278180829252727	2022-09-01	cTiterSub_x-ne_star	north	2022
2022-02-01	A/Zahleh.LBN/6771/2021_EPI1958757	0.006783	7.348372999999999	9.0233	0.11174039463794355	0.007236330765052846	7.28172579661821	2022-09-01	cTiterSub_x-ne_star	north	2022
2023-02-01	A/AICHI/1/2022_EPI2213538	0.001515	9.165532999999987	10.055835999999974	-0.06851368649466866	0.0014552566897208588	9.165821829755005	2023-09-01	cTiterSub_x-ne_star	north	2023
2023-02-01	A/AICHI/1/2022_EPI2319461	0.001515	9.165532999999987	10.055835999999974	-0.06851368649466866	0.0014552566897208588	9.165821829755005	2023-09-01	cTiterSub_x-ne_star	north	2023
2023-02-01	A/Abu_Dhabi/0000613/2022_EPI2127513	0.00010800000000000001	8.353558999999985	4.472604999999983	0.021845250623154296	0.0001093558750019943	8.271784428859632	2023-09-01	cTiterSub_x-ne_star	north	2023
2023-02-01	A/Abu_Dhabi/0002331/2022_EPI2223861	0.001354	9.349467999999987	5.467603999999977	0.05120170632990933	0.0013946786339307773	9.267475960210147	2023-09-01	cTiterSub_x-ne_star	north	2023
2023-02-01	A/Abu_Dhabi/0003303/2022_EPI2223853	0.002389	9.348005999999987	5.457526999999977	0.021833002460577768	0.0024189751741575975	9.266134436696232	2023-09-01	cTiterSub_x-ne_star	north	2023
2023-02-01	A/Abu_Dhabi/1732799/2022_EPI2093238	2.5e-05	9.353147999999987	5.471858999999977	0.0691877522951457	2.6022681661339102e-05	9.271371417011242	2023-09-01	cTiterSub_x-ne_star	north	2023
2023-02-01	A/Abu_Dhabi/1782251/2022_EPI2157414	3.4e-05	8.353558999999985	4.472604999999983	0.021845250623154296	3.4426849537664864e-05	8.271784428859632	2023-09-01	cTiterSub_x-ne_star	north	2023
2023-02-01	A/Abu_Dhabi/1790567/2022_EPI2136239	3.6e-05	7.859295999999988	9.279618999999977	-0.00809020611551278	3.582094699298489e-05	7.843976193013553	2023-09-01	cTiterSub_x-ne_star	north	2023
2023-02-01	A/Abu_Dhabi/1870519/2022_EPI2136263	5.3e-05	9.858801999999992	11.279578999999984	0.005711084789994145	5.316267550969162e-05	9.843526187059728	2023-09-01	cTiterSub_x-ne_star	north	2023
2023-02-01	A/Abu_Dhabi/1882631/2022_EPI2127534	5.9e-05	7.859295999999988	9.279618999999977	-0.00809020611551278	5.8706552016280786e-05	7.843976193013553	2023-09-01	cTiterSub_x-ne_star	north	2023
2023-02-01	A/Abu_Dhabi/4002462/2022_EPI2093309	1.1e-05	8.353558999999985	4.472604999999983	0.021845250623154296	1.113809837983275e-05	8.271784428859632	2023-09-01	cTiterSub_x-ne_star	north	2023
2023-02-01	A/Abu_Dhabi/4201470/2022_EPI2093325	2e-05	9.327331999999986	5.469243999999976	0.03564654152866122	2.0414782519149005e-05	9.244847331172732	2023-09-01	cTiterSub_x-ne_star	north	2023
2023-02-01	A/Abu_Dhabi/4299563/2022_EPI2093261	2.5e-05	10.290532999999986	6.3824519999999785	0.035541934896867536	2.551692104524992e-05	10.208668455044478	2023-09-01	cTiterSub_x-ne_star	north	2023
2023-02-01	A/Alaska/25/2022_EPI2127715	4.2e-05	10.184504999999989	10.930022999999967	-0.04091110468365482	4.0998602858184586e-05	10.184139894232073	2023-09-01	cTiterSub_x-ne_star	north	2023
2023-02-01	A/Antananarivo/05015/2022_EPI2134624	4e-05	8.184706999999994	9.055855999999979	-0.06851368649466866	3.8422618870517725e-05	8.184303888643518	2023-09-01	cTiterSub_x-ne_star	north	2023
2023-02-01	A/Antananarivo/50367/2022_EPI2134628	1.2e-05	8.184706999999994	9.055855999999979	-0.06851368649466866	1.1526785661155316e-05	8.184303888643518	2023-09-01	cTiterSub_x-ne_star	north	2023
2023-02-01	A/Antofagasta/78970/2022_EPI2170896	1e-05	9.01391599999998	7.6450439999999755	-0.06858654117499444	9.605246499776629e-06	8.979180193263586	2023-09-01	cTiterSub_x-ne_star	north	2023
2023-02-01	A/Aragon/4051/2022_EPI2235390	0.004406	9.242276999999993	10.018118999999974	-0.019385252380544036	0.004355295089394116	9.249454891055658	2023-09-01	cTiterSub_x-ne_star	north	2023
2023-02-01	A/Aragon/4054/2022_EPI2239836	0.0042840000000000005	10.494369999999986	12.040471999999973	-0.002020232704931421	0.004277812863511712	10.50316932605602	2023-09-01	cTiterSub_x-ne_star	north	2023
2023-02-01	A/Argentina/2995/2022_EPI2229414	2.4e-05	9.99081399999998	8.635087999999977	-0.06858654117499444	2.3052591599463908e-05	9.956519200596501	2023-09-01	cTiterSub_x-ne_star	north	2023
2023-02-01	A/Arizona/42/2022_EPI2248396	0.0015710000000000001	8.745918999999994	8.090931999999984	-0.054785250269487516	0.001521181718055134	8.723268044095494	2023-09-01	cTiterSub_x-ne_star	north	2023
2023-02-01	A/Arkansas/20/2022_EPI2226067	0.003708	7.057108999999996	8.418272999999989	-0.00809020611551278	0.0036895575402774434	7.040787053686338	2023-09-01	cTiterSub_x-ne_star	north	2023
2023-02-01	A/Ayutthaya/NIC-P3597/2022_EPI2200280	0.002903	9.347735999999987	5.4725849999999765	0.03564654152866122	0.0029632056826544777	9.265858017494315	2023-09-01	cTiterSub_x-ne_star	north	2023
2023-02-01	A/Ayutthaya/P3650/2022_EPI2304289	0.003188	8.353558999999985	4.472604999999983	0.021845250623154296	0.0032280234213551643	8.271784428859632	2023-09-01	cTiterSub_x-ne_star	north	2023
2023-02-01	A/Baden-Wuerttemberg/67/2022_EPI2296792	0.0042840000000000005	8.643040999999997	10.285586999999973	0.006109865444068203	0.004298148820040011	8.62225916887575	2023-09-01	cTiterSub_x-ne_star	north	2023
2023-02-01	A/Bahia/21483/2022_EPI2206893	0.00146	7.057108999999996	8.418272999999989	-0.00809020611551278	0.0014527384058266094	7.040787053686338	2023-09-01	cTiterSub_x-ne_star	north	2023
2023-02-01	A/Bahrain/4883/2022_EPI2157806	0.00010800000000000001	7.859295999999988	9.279618999999977	-0.00809020611551278	0.00010746284097895467	7.843976193013553	2023-09-01	cTiterSub_x-ne_star	north	2023
2023-02-01	A/Bahrain/5861/2022_EPI2158019	8.3e-05	8.831930999999988	10.277984999999973	0.012919104575342642	8.360555242133762e-05	8.816967738747909	2023-09-01	cTiterSub_x-ne_star	north	2023
2023-02-01	A/Bahrain/8523/2022_EPI2158339	8.7e-05	7.859295999999988	9.279618999999977	-0.00809020611551278	8.656728856638014e-05	7.843976193013553	2023-09-01	cTiterSub_x-ne_star	north	2023
2023-02-01	A/Baleares/2810/2022_EPI2130234	1.4999999999999999e-05	8.730144999999993	10.136025999999973	-0.03318654328605096	1.470848541646441e-05	8.744352093938797	2023-09-01	cTiterSub_x-ne_star	north	2023
2023-02-01	A/Bangkok/NIC-P2665/2022_EPI2211908	0.000338	13.350093999999984	9.472504999999975	0.077050414245182	0.0003534440338562559	13.268249988521065	2023-09-01	cTiterSub_x-ne_star	north	2023
2023-02-01	A/Bangkok/NIC-P3568/2022_EPI2200240	0.002903	9.337644999999986	5.4676169999999775	0.03564654152866122	0.0029632056826544777	9.2560091240021	2023-09-01	cTiterSub_x-ne_star	north	2023
2023-02-01	A/Bangkok/P160/2023_EPI2312151	0.018233000000000003	8.93919999999999	6.62152299999998	0.05138749105768433	0.018782815032542862	8.867903131125576	2023-09-01	cTiterSub_x-ne_star	north	2023
2023-02-01	A/Bangkok/P4508/2022_EPI2311999	0.014803	10.082634999999984	7.696445999999975	0.06407212729822837	0.015362637923699662	10.014101898183215	2023-09-01	cTiterSub_x-ne_star	north	2023
2023-02-01	A/Bangkok/P4555/2022_EPI2312047	0.0154479999999999	10.66496799999999	12.125941999999974	-0.018115422350399864	0.015281537458645859	10.679736001871666	2023-09-01	cTiterSub_x-ne_star	north	2023
2023-02-01	A/Bawshar/72212056/2022_EPI2223370	0.00604	7.5039839999999955	8.590060999999986	-0.00809020611551278	0.006009958884378577	7.491697501396552	2023-09-01	cTiterSub_x-ne_star	north	2023
2023-02-01	A/Berlin/146/2022_EPI2241364	0.003708	10.290046999999987	11.22423199999998	0.05470171148320511	0.0038272064922538884	10.288380937943254	2023-09-01	cTiterSub_x-ne_star	north	2023
2023-02-01	A/Bhutan/0980/2022_EPI2251827	0.001075	11.294629999999994	9.701744999999983	-0.021168931391815412	0.0010615236699971354	11.256109455558343	2023-09-01	cTiterSub_x-ne_star	north	2023
2023-02-01	A/Bhutan/0994/2022_EPI2251813	0.001075	11.294629999999994	9.701744999999983	-0.021168931391815412	0.0010615236699971354	11.256109455558343	2023-09-01	cTiterSub_x-ne_star	north	2023
2023-02-01	A/Bhutan/0996/2022_EPI2251759	0.001075	11.294629999999994	9.701744999999983	-0.021168931391815412	0.0010615236699971354	11.256109455558343	2023-09-01	cTiterSub_x-ne_star	north	2023
2023-02-01	A/Bhutan/1052/2022_EPI2227325	0.001034	11.294629999999994	9.701744999999983	-0.021168931391815412	0.0010210376509553845	11.256109455558343	2023-09-01	cTiterSub_x-ne_star	north	2023
2023-02-01	A/Bhutan/1306/2022_EPI2227553	0.003708	11.294629999999994	9.701744999999983	-0.021168931391815412	0.0036615160635808173	11.256109455558343	2023-09-01	cTiterSub_x-ne_star	north	2023
2023-02-01	A/Bhutan/1372/2022_EPI2227332	0.0028120000000000003	11.294629999999994	9.701744999999983	-0.021168931391815412	0.0027767484279366933	11.256109455558343	2023-09-01	cTiterSub_x-ne_star	north	2023
2023-02-01	A/Bhutan/1374/2022_EPI2228129	0.0028120000000000003	11.294629999999994	9.701744999999983	-0.021168931391815412	0.0027767484279366933	11.256109455558343	2023-09-01	cTiterSub_x-ne_star	north	2023
2023-02-01	A/Brazil/2888/2022_EPI2278796	0.0039310000000000005	7.057108999999996	8.418272999999989	-0.00809020611551278	0.003911448406372878	7.040787053686338	2023-09-01	cTiterSub_x-ne_star	north	2023
2023-02-01	A/Brazil/9159/2022_EPI2278886	0.0006309999999999	8.05582999999999	9.39791599999998	0.009982041846203226	0.0006345156186675709	8.039518022449002	2023-09-01	cTiterSub_x-ne_star	north	2023
2023-02-01	A/Brisbane/544/2022_EPI2219025	0.000199	9.350026999999988	5.472127999999977	0.03304153120491181	0.00020281865071461954	9.268110846198745	2023-09-01	cTiterSub_x-ne_star	north	2023
2023-02-01	A/Brisbane/822/2022_EPI2285025	0.003493	9.723141999999987	11.135985999999981	-0.019385252380544036	0.0034528020306976047	9.73744648987739	2023-09-01	cTiterSub_x-ne_star	north	2023
2023-02-01	A/Brisbane/826/2022_EPI2285016	0.003708	9.614121999999986	11.13477399999998	-0.03318654328605096	0.0036359375949500026	9.632403233339298	2023-09-01	cTiterSub_x-ne_star	north	2023
2023-02-01	A/Brisbane/830/2022_EPI2285007	0.004046	10.578730999999982	8.835807999999972	0.04944783243416814	0.004163293592309133	10.526971889039395	2023-09-01	cTiterSub_x-ne_star	north	2023
2023-02-01	A/Brisbane/837/2022_EPI2304609	0.0064959999999999	8.353558999999985	4.472604999999983	0.021845250623154296	0.006577553370490222	8.271784428859632	2023-09-01	cTiterSub_x-ne_star	north	2023
2023-02-01	A/Brisbane/854/2022_EPI2305038	0.010843	8.353558999999985	4.472604999999983	0.021845250623154296	0.010979127339320592	8.271784428859632	2023-09-01	cTiterSub_x-ne_star	north	2023
2023-02-01	A/British_Columbia/205/2022_EPI2127500	4.5e-05	8.377624999999984	6.7055989999999825	-0.05533671801435809	4.3558981657801534e-05	8.338156714600894	2023-09-01	cTiterSub_x-ne_star	north	2023
2023-02-01	A/British_Columbia/PHL-445/2022_EPI2281767	0.00011999999999999999	11.92664699999998	12.380804999999976	-0.06851368649466866	0.00011526785661155317	11.922687093444996	2023-09-01	cTiterSub_x-ne_star	north	2023
2023-02-01	A/British_Columbia/PHL-491/2022_EPI2281811	0.00018	8.377624999999984	6.7055989999999825	-0.05533671801435809	0.00017423592663120613	8.338156714600894	2023-09-01	cTiterSub_x-ne_star	north	2023
2023-02-01	A/Brunei/42/2022_EPI2222678	0.002636	9.348269999999987	5.4722989999999765	0.03564654152866122	0.0026906683360238383	9.266403092187575	2023-09-01	cTiterSub_x-ne_star	north	2023
2023-02-01	A/California/122/2022_EPI2212655	0.0011619999999999	9.243099999999984	5.472426999999977	0.02849911809426763	0.0011811639212377521	9.165213746015139	2023-09-01	cTiterSub_x-ne_star	north	2023
2023-02-01	A/California/128/2022_EPI2227962	0.000687	10.47915999999999	12.052977999999975	-0.022375216684840184	0.000677910494196083	10.501484884405363	2023-09-01	cTiterSub_x-ne_star	north	2023
2023-02-01	A/Cambodia/g0805364/2022_EPI2218977	0.0001629999999999	8.730144999999993	10.136025999999973	-0.03318654328605096	0.00015983220819214852	8.744352093938797	2023-09-01	cTiterSub_x-ne_star	north	2023
2023-02-01	A/Cambodia/g0816362/2022_EPI2200030	0.000231	9.473886999999982	8.847379999999985	-0.06531512526540918	0.00022230502005520544	9.452116158282095	2023-09-01	cTiterSub_x-ne_star	north	2023
2023-02-01	A/Canarias/3513/2022_EPI2195653	0.000687	11.692443999999968	12.846172999999958	0.0673605032015181	0.0007143414728941429	11.706333371491484	2023-09-01	cTiterSub_x-ne_star	north	2023
2023-02-01	A/Canberra/532/2022_EPI2179052	0.000425	8.117260999999987	9.618695999999977	-0.10105597472021477	0.0004005637911549423	8.12567189698822	2023-09-01	cTiterSub_x-ne_star	north	2023
2023-02-01	A/Cantabria/3563/2022_EPI2195717	0.001118	10.494369999999986	12.040471999999973	-0.002020232704931421	0.0011163853364626738	10.50316932605602	2023-09-01	cTiterSub_x-ne_star	north	2023
2023-02-01	A/CastillaLaMancha/3759/2022_EPI2209759	0.0018149999999999998	8.643040999999997	10.285586999999973	0.006109865444068203	0.0018209944230561665	8.62225916887575	2023-09-01	cTiterSub_x-ne_star	north	2023
2023-02-01	A/CastillaLaMancha/4128/2022_EPI2235425	0.004785	9.633453999999986	11.285293999999984	0.019906765852468325	0.004839597166785151	9.612579974542179	2023-09-01	cTiterSub_x-ne_star	north	2023
2023-02-01	A/Catalonia/NSVH101906825/2022_EPI2178448	0.001118	8.643040999999997	10.285586999999973	0.006109865444068203	0.0011216924324941018	8.62225916887575	2023-09-01	cTiterSub_x-ne_star	north	2023
2023-02-01	A/Catalonia/NSVH101938007/2022_EPI2209118	0.005184	8.643040999999997	10.285586999999973	0.006109865444068203	0.005201121261224887	8.62225916887575	2023-09-01	cTiterSub_x-ne_star	north	2023
2023-02-01	A/Catalonia/NSVH151027197/2022_EPI2187796	0.0018149999999999998	11.234982999999996	12.017555999999974	0.008217329430469811	0.0018232344464284066	11.24216195326995	2023-09-01	cTiterSub_x-ne_star	north	2023
2023-02-01	A/Catalonia/NSVH160273363/2022_EPI2167952	0.0006309999999999	8.730144999999993	10.136025999999973	-0.03318654328605096	0.0006187369531858381	8.744352093938797	2023-09-01	cTiterSub_x-ne_star	north	2023
2023-02-01	A/Catalonia/NSVH171691249/2022_EPI2187753	0.001075	9.242276999999993	10.018118999999974	-0.019385252380544036	0.001062628738333789	9.249454891055658	2023-09-01	cTiterSub_x-ne_star	north	2023
2023-02-01	A/Catalonia/NSVH198254689/2022_EPI2187941	0.001947	8.643040999999997	10.285586999999973	0.006109865444068203	0.001953430381096615	8.62225916887575	2023-09-01	cTiterSub_x-ne_star	north	2023
2023-02-01	A/Catalonia/NSVH198260694/2022_EPI2237924	0.010472	9.242276999999993	10.018118999999974	-0.019385252380544036	0.010351486649145524	9.249454891055658	2023-09-01	cTiterSub_x-ne_star	north	2023
2023-02-01	A/Catalonia/NSVH198262107/2022_EPI2260081	0.014125	9.242276999999993	10.018118999999974	-0.019385252380544036	0.013962447375781182	9.249454891055658	2023-09-01	cTiterSub_x-ne_star	north	2023
2023-02-01	A/Catalonia/NSVH198262138/2022_EPI2260001	0.014125	10.402133999999979	12.146912999999984	0.006109865444068203	0.014171650813040417	10.3818694717197	2023-09-01	cTiterSub_x-ne_star	north	2023
2023-02-01	A/Chiang_Rai/NIC-B508/2022_EPI2233622	2.8000000000000013e-05	9.711614999999986	11.07614799999998	-0.01941721068033943	2.7677255815493696e-05	9.725647770752374	2023-09-01	cTiterSub_x-ne_star	north	2023
2023-02-01	A/Chiang_Rai/NIC-B509/2022_EPI2233630	2.8000000000000013e-05	9.711614999999986	11.07614799999998	-0.01941721068033943	2.7677255815493696e-05	9.725647770752374	2023-09-01	cTiterSub_x-ne_star	north	2023
2023-02-01	A/Chiang_Rai/NIC-B655/2022_EPI2233742	0.000465	7.859295999999988	9.279618999999977	-0.00809020611551278	0.0004626872319927215	7.843976193013553	2023-09-01	cTiterSub_x-ne_star	north	2023
2023-02-01	A/Chiang_Rai/NIC-B656/2022_EPI2233750	0.000465	7.859295999999988	9.279618999999977	-0.00809020611551278	0.0004626872319927215	7.843976193013553	2023-09-01	cTiterSub_x-ne_star	north	2023
2023-02-01	A/Chiang_Rai/NIC-D1130/2022_EPI2204824	0.002016	8.852432999999989	10.279598999999973	0.005711084789994145	0.00202218780806676	8.837243100660999	2023-09-01	cTiterSub_x-ne_star	north	2023
2023-02-01	A/Chiang_Rai/NIC-D1141/2022_EPI2204768	0.002234	8.85352299999999	10.278522999999973	0.005711084789994145	0.0022408569262009634	8.838247270172419	2023-09-01	cTiterSub_x-ne_star	north	2023
2023-02-01	A/Chiang_Rai/NIC-D1170/2022_EPI2200416	0.002552	7.859295999999988	9.279618999999977	-0.00809020611551278	0.002539307131280484	7.843976193013553	2023-09-01	cTiterSub_x-ne_star	north	2023
2023-02-01	A/Chiang_Rai/NIC-P2400/2022_EPI2233582	0.000126	8.730144999999993	10.136025999999973	-0.03318654328605096	0.00012355127749830104	8.744352093938797	2023-09-01	cTiterSub_x-ne_star	north	2023
2023-02-01	A/Chiang_Rai/NIC-P2794/2022_EPI2211988	0.000508	7.859295999999988	9.279618999999977	-0.00809020611551278	0.0005054733631232312	7.843976193013553	2023-09-01	cTiterSub_x-ne_star	north	2023
2023-02-01	A/Chiang_Rai/NIC-P2888/2022_EPI2228876	0.0006309999999999	9.728865999999986	11.13600599999998	-0.019385252380544036	0.000623738357105595	9.743104617224574	2023-09-01	cTiterSub_x-ne_star	north	2023
2023-02-01	A/Chiang_Rai/NIC-P3110/2022_EPI2229076	0.001118	7.859295999999988	9.279618999999977	-0.00809020611551278	0.001112439409393253	7.843976193013553	2023-09-01	cTiterSub_x-ne_star	north	2023
2023-02-01	A/Chiang_Rai/NIC-P3250/2022_EPI2233926	0.001407	8.85646499999999	10.279598999999973	0.005711084789994145	0.0014113185743799266	8.841153555864793	2023-09-01	cTiterSub_x-ne_star	north	2023
2023-02-01	A/Chiang_Rai/P4011/2022_EPI2304785	0.0076269999999999	7.859295999999988	9.279618999999977	-0.00809020611551278	0.0075890656309858945	7.843976193013553	2023-09-01	cTiterSub_x-ne_star	north	2023
2023-02-01	A/Chiang_Rai/P4479/2022_EPI2311951	0.013775	10.278130999999984	6.470917999999981	0.04944783243416814	0.014174337428091526	10.194609768987114	2023-09-01	cTiterSub_x-ne_star	north	2023
2023-02-01	A/Chiang_Rai/P4485/2022_EPI2311975	0.014125	8.811854999999987	10.279598999999973	0.005711084789994145	0.014168354558007436	8.79719147893098	2023-09-01	cTiterSub_x-ne_star	north	2023
2023-02-01	A/Chiang_Rai/P4489/2022_EPI2311991	0.014297	8.353558999999985	4.472604999999983	0.021845250623154296	0.014476490230588078	8.271784428859632	2023-09-01	cTiterSub_x-ne_star	north	2023
2023-02-01	A/Colombia/4361/2022_EPI2251793	0.001118	7.370438	8.55593199999999	0.005711084789994145	0.0011214315324497212	7.355652629092506	2023-09-01	cTiterSub_x-ne_star	north	2023
2023-02-01	A/Concepcion/72803/2022_EPI2167773	1e-05	10.01088299999998	8.634378999999978	-0.054785250269487516	9.682888084373862e-06	9.976275074432532	2023-09-01	cTiterSub_x-ne_star	north	2023
2023-02-01	A/Cote_D_Ivoire/1904/2022_EPI2157774	3.8e-05	10.14591999999998	7.670183999999974	0.021813304535607016	3.847635010848846e-05	10.079975565886352	2023-09-01	cTiterSub_x-ne_star	north	2023
2023-02-01	A/Coyhaique/85790/2022_EPI2171162	5.9e-05	10.201015999999992	11.050197999999964	-0.05471239558916174	5.713146765152032e-05	10.199608352978107	2023-09-01	cTiterSub_x-ne_star	north	2023
2023-02-01	A/Croatia/87237/2022_EPI2115766	4.5e-05	8.730144999999993	10.136025999999973	-0.03318654328605096	4.4125456249393235e-05	8.744352093938797	2023-09-01	cTiterSub_x-ne_star	north	2023
2023-02-01	A/Dakar/1462/2022_EPI2236415	0.000579	9.162348999999995	6.680022999999982	0.14273491484282047	0.0006291046974641209	9.096340811844714	2023-09-01	cTiterSub_x-ne_star	north	2023
2023-02-01	A/Dakar/20/2022_EPI2115773	1.3000000000000001e-05	10.353366999999984	6.39714299999998	0.059242071261135176	1.3453515059802173e-05	10.271624354002123	2023-09-01	cTiterSub_x-ne_star	north	2023
2023-02-01	A/Dakar/21/2022_EPI2115834	1.1e-05	8.16399799999999	5.700157999999988	0.021845250623154296	1.113809837983275e-05	8.098143297879867	2023-09-01	cTiterSub_x-ne_star	north	2023
2023-02-01	A/Darwin/2435/2022_EPI2128621	4.2e-05	8.730144999999993	10.136025999999973	-0.03318654328605096	4.118375916610035e-05	8.744352093938797	2023-09-01	cTiterSub_x-ne_star	north	2023
2023-02-01	A/Darwin/2458/2022_EPI2179016	0.00010800000000000001	9.729809999999988	11.13600599999998	0.0053915153234327905	0.00010831129692882307	9.744033689352609	2023-09-01	cTiterSub_x-ne_star	north	2023
2023-02-01	A/Denmark/2962/2022_EPI2089437	1e-05	8.730144999999993	10.136025999999973	-0.03318654328605096	9.805656944309607e-06	8.744352093938797	2023-09-01	cTiterSub_x-ne_star	north	2023
2023-02-01	A/Denmark/3128/2022_EPI2234239	0.0064959999999999	8.643040999999997	10.285586999999973	0.006109865444068203	0.00651745441992985	8.62225916887575	2023-09-01	cTiterSub_x-ne_star	north	2023
2023-02-01	A/Denmark/3150/2022_EPI2283315	0.008309	8.643040999999997	10.285586999999973	0.006109865444068203	0.008336442237561262	8.62225916887575	2023-09-01	cTiterSub_x-ne_star	north	2023
2023-02-01	A/England/222320484/2022_EPI2132406	1e-05	8.730144999999993	10.136025999999973	-0.03318654328605096	9.805656944309607e-06	8.744352093938797	2023-09-01	cTiterSub_x-ne_star	north	2023
2023-02-01	A/England/222840220/2022_EPI2199085	7.4e-05	8.730144999999993	10.136025999999973	-0.03318654328605096	7.256186138789108e-05	8.744352093938797	2023-09-01	cTiterSub_x-ne_star	north	2023
2023-02-01	A/England/224460197/2022_EPI2312848	0.0064959999999999	10.532246999999986	8.610775999999975	-0.02659251224062059	0.006394303311000944	10.487217930542782	2023-09-01	cTiterSub_x-ne_star	north	2023
2023-02-01	A/England/224700772/2022_EPI2243197	0.008836	10.37782599999999	12.112317999999979	-0.07345339290920092	0.00846313485572688	10.3749716811027	2023-09-01	cTiterSub_x-ne_star	north	2023
2023-02-01	A/England/224700775/2022_EPI2243213	0.008836	10.224587999999988	11.018098999999982	-0.005583961475037112	0.00880491560470313	10.231845059846242	2023-09-01	cTiterSub_x-ne_star	north	2023
2023-02-01	A/England/225060686/2022_EPI2328690	0.013597999999999999	8.028947999999987	9.41822899999998	-0.00809020611551278	0.013530367700294681	8.012637765005302	2023-09-01	cTiterSub_x-ne_star	north	2023
2023-02-01	A/Espirito_Santo/22372/2022_EPI2245270	0.00604	7.789393999999993	8.750638999999985	0.005711084789994145	0.006058538869406366	7.769401551043157	2023-09-01	cTiterSub_x-ne_star	north	2023
2023-02-01	A/Espirito_Santo/27088/2022_EPI2328276	0.007965	7.057108999999996	8.418272999999989	-0.00809020611551278	0.007925384522197907	7.040787053686338	2023-09-01	cTiterSub_x-ne_star	north	2023
2023-02-01	A/FUKUOKA/FS21/2022_EPI2234452	0.000172	9.165532999999987	10.055835999999974	-0.06851368649466866	0.00016521726114322624	9.165821829755005	2023-09-01	cTiterSub_x-ne_star	north	2023
2023-02-01	A/France/ARA-HCL022140559301/2022_EPI2265121	0.000554	8.643040999999997	10.285586999999973	0.006109865444068203	0.0005558297026849126	8.62225916887575	2023-09-01	cTiterSub_x-ne_star	north	2023
2023-02-01	A/Georgia/09/2022_EPI2248234	0.0008810000000000001	7.057108999999996	8.418272999999989	-0.00809020611551278	0.0008766181750227692	7.040787053686338	2023-09-01	cTiterSub_x-ne_star	north	2023
2023-02-01	A/Georgia/18/2022_EPI2224329	0.0016300000000000002	7.370438	8.55593199999999	0.005711084789994145	0.0016350030392603273	7.355652629092506	2023-09-01	cTiterSub_x-ne_star	north	2023
2023-02-01	A/Georgia/19/2022_EPI2224099	0.0017510000000000002	8.021852999999988	9.38830899999998	0.005679388303588109	0.0017563419561278707	8.005372944393274	2023-09-01	cTiterSub_x-ne_star	north	2023
2023-02-01	A/Germany/13243/2022_EPI2174469	2e-05	10.905089999999984	9.62410899999998	-0.05491394490750381	1.9364322398243915e-05	10.874314865048442	2023-09-01	cTiterSub_x-ne_star	north	2023
2023-02-01	A/Germany/13362/2022_EPI2133176	0.00014	9.709874999999986	11.13600599999998	-0.010533449082128818	0.00013910528506461332	9.723773473572118	2023-09-01	cTiterSub_x-ne_star	north	2023
2023-02-01	A/Germany/13364/2022_EPI2133192	0.000147	9.709874999999986	11.13600599999998	-0.010533449082128818	0.000146060549317844	9.723773473572118	2023-09-01	cTiterSub_x-ne_star	north	2023
2023-02-01	A/Germany/13370/2022_EPI2133235	0.000155	8.730144999999993	10.136025999999973	-0.03318654328605096	0.00015198768263679891	8.744352093938797	2023-09-01	cTiterSub_x-ne_star	north	2023
2023-02-01	A/Germany/13382/2022_EPI2133330	3.6e-05	8.466898999999984	9.456681999999976	0.05470171148320511	3.715734458498921e-05	8.464095166086242	2023-09-01	cTiterSub_x-ne_star	north	2023
2023-02-01	A/Germany/13408/2022_EPI2288589	0.00022	9.709874999999986	11.13600599999998	-0.010533449082128818	0.00021859401938724958	9.723773473572118	2023-09-01	cTiterSub_x-ne_star	north	2023
2023-02-01	A/Germany/13413/2022_EPI2288629	0.000293	9.709874999999986	11.13600599999998	-0.010533449082128818	0.0002911274894566551	9.723773473572118	2023-09-01	cTiterSub_x-ne_star	north	2023
2023-02-01	A/Ghana/0379/2022_EPI2191944	1.1e-05	9.163706999999993	6.694774999999983	0.03564654152866122	1.122813038553195e-05	9.097870836197854	2023-09-01	cTiterSub_x-ne_star	north	2023
2023-02-01	A/Ghana/430/2022_EPI2193174	1.3000000000000001e-05	9.163706999999993	6.694774999999983	0.03564654152866122	1.3269608637446851e-05	9.097870836197854	2023-09-01	cTiterSub_x-ne_star	north	2023
2023-02-01	A/Ghana/565/2022_EPI2193176	5.3e-05	9.163706999999993	6.694774999999983	0.03564654152866122	5.4099173675744845e-05	9.097870836197854	2023-09-01	cTiterSub_x-ne_star	north	2023
2023-02-01	A/Goias/_IAL/C10228/2022_EPI2249723	0.003493	8.020309999999988	9.33148099999998	-0.008194500183718187	0.0034754154401509503	8.004608177558081	2023-09-01	cTiterSub_x-ne_star	north	2023
2023-02-01	A/Guangdong-Huiyang/31/2022_EPI2125314	1e-05	15.178736999999977	19.182376999999942	-0.09141748091137611	9.478171438285836e-06	15.267798707985305	2023-09-01	cTiterSub_x-ne_star	north	2023
2023-02-01	A/Guangdong-Liwan/1448/2022_EPI2125251	1.4999999999999999e-05	17.168088999999966	21.182308999999947	-0.04365726101971242	1.4618920988232302e-05	17.256737203867385	2023-09-01	cTiterSub_x-ne_star	north	2023
2023-02-01	A/Guangdong-Maonan/1594/2022_EPI2151084	5.9e-05	15.173660999999974	19.18234899999994	-0.05745855192521935	5.7040020617269925e-05	15.262173099643332	2023-09-01	cTiterSub_x-ne_star	north	2023
2023-02-01	A/Guatemala/479/2022_EPI2194208	0.0007160000000000001	10.008683999999983	8.644795999999978	-0.04808198772111001	0.0006960110405488419	9.973862169640444	2023-09-01	cTiterSub_x-ne_star	north	2023
2023-02-01	A/HYOGO/3001/2022_EPI2213530	0.0024690000000000003	9.343665999999986	5.4725849999999765	0.03929636372507293	0.002525576292852533	9.261682123688214	2023-09-01	cTiterSub_x-ne_star	north	2023
2023-02-01	A/HYOGO/3001/2022_EPI2319459	0.0024690000000000003	9.343665999999986	5.4725849999999765	0.03929636372507293	0.002525576292852533	9.261682123688214	2023-09-01	cTiterSub_x-ne_star	north	2023
2023-02-01	A/HYOGO/3002/2022_EPI2293547	0.008483	8.931793999999991	10.472553999999969	-0.057839913381585686	0.008199370586900675	8.942613998543205	2023-09-01	cTiterSub_x-ne_star	north	2023
2023-02-01	A/Hawaii/25/2022_EPI2127976	7e-05	8.951967999999983	9.96604799999997	-0.05471239558916174	6.778309721366816e-05	8.94824184425106	2023-09-01	cTiterSub_x-ne_star	north	2023
2023-02-01	A/Henan-Beiguan/1470/2022_EPI2298925	0.0036	16.166443999999963	20.177948999999956	-0.04365726101971242	0.0035085410371757525	16.255156017568986	2023-09-01	cTiterSub_x-ne_star	north	2023
2023-02-01	A/Henan-Chuanhui/1445/2022_EPI2241858	0.002996	15.178736999999977	19.182376999999942	-0.09141748091137611	0.002839660162910436	15.267798707985305	2023-09-01	cTiterSub_x-ne_star	north	2023
2023-02-01	A/Henan-Jiyuan/1548/2022_EPI2298613	0.006342	19.084289999999985	23.08015999999994	-0.061962907089913935	0.006115229684431215	19.175209362043248	2023-09-01	cTiterSub_x-ne_star	north	2023
2023-02-01	A/Henan-Weibin/1554/2022_EPI2298799	0.008483	16.128918999999964	20.182328999999957	-0.05745855192521935	0.008201194828750862	16.218734645959653	2023-09-01	cTiterSub_x-ne_star	north	2023
2023-02-01	A/Holywell/6138/2022_EPI2193500	0.0018149999999999998	9.349869999999987	5.466621999999977	0.03564654152866122	0.0018526415136127716	9.268038148971884	2023-09-01	cTiterSub_x-ne_star	north	2023
2023-02-01	A/Hong_Kong/10/2022_EPI2158213	4.5e-05	16.99222499999997	21.139450999999944	-0.029359061231520676	4.422408512462771e-05	17.079618811054967	2023-09-01	cTiterSub_x-ne_star	north	2023
2023-02-01	A/Hong_Kong/4/2022_EPI2158379	1.4000000000000001e-05	15.173660999999974	19.18234899999994	-0.05745855192521935	1.353492014647083e-05	15.262173099643332	2023-09-01	cTiterSub_x-ne_star	north	2023
2023-02-01	A/Hunan-Yueyanglou/1641/2022_EPI2151009	5.600000000000001e-05	15.528323999999973	19.341677999999952	-0.05745855192521935	5.413968058588333e-05	15.608794906726825	2023-09-01	cTiterSub_x-ne_star	north	2023
2023-02-01	A/IBARAKI/1/2022_EPI2234428	6.3e-05	11.165246999999983	12.055660999999972	-0.05471239558916174	6.1004787492301356e-05	11.165577810605038	2023-09-01	cTiterSub_x-ne_star	north	2023
2023-02-01	A/Ibra/72211258/2022_EPI2223385	0.002723	8.931793999999991	10.472553999999969	-0.057839913381585686	0.002631956396101679	8.942613998543205	2023-09-01	cTiterSub_x-ne_star	north	2023
2023-02-01	A/India/Pune-NIVARI_22_31/2022_EPI2154899	3.4e-05	9.388558999999995	10.652495999999969	-0.07887305665095729	3.246246256611831e-05	9.394988916692101	2023-09-01	cTiterSub_x-ne_star	north	2023
2023-02-01	A/India/Pune-Nivari_22_31/2022_EPI2158347	3.4e-05	10.387999999999986	11.635578999999968	-0.07887305665095729	3.246246256611831e-05	10.394379715126732	2023-09-01	cTiterSub_x-ne_star	north	2023
2023-02-01	A/Japan/13424/2022_EPI2288712	0.000293	9.395514999999993	11.112337999999982	-0.08725468381470784	0.0002783856063332816	9.391897950814146	2023-09-01	cTiterSub_x-ne_star	north	2023
2023-02-01	A/Jiangsu-Danyang/1958/2022_EPI2298739	0.011028	15.178736999999977	19.182376999999942	-0.09141748091137611	0.010452527462141616	15.267798707985305	2023-09-01	cTiterSub_x-ne_star	north	2023
2023-02-01	A/Jiangsu-Qinhuai/1978/2022_EPI2298679	0.012695	18.080950999999963	22.166118999999927	-0.0298559701142055	0.012472489948579761	18.17131090144407	2023-09-01	cTiterSub_x-ne_star	north	2023
2023-02-01	A/KANAGAWA/IC2201/2022_EPI2293500	0.009193000000000002	8.93919999999999	6.62152299999998	0.05138749105768433	0.009470214369229778	8.867903131125576	2023-09-01	cTiterSub_x-ne_star	north	2023
2023-02-01	A/KANAGAWA/IC2202/2022_EPI2293587	0.014803	8.93919999999999	6.62152299999998	0.05138749105768433	0.015249383586175176	8.867903131125576	2023-09-01	cTiterSub_x-ne_star	north	2023
2023-02-01	A/Khon_Kaen/FS005/2022_EPI2304921	0.007965	20.423056999999968	20.64505399999994	0.08271840696519525	0.008356523820691283	20.371129125769933	2023-09-01	cTiterSub_x-ne_star	north	2023
2023-02-01	A/Khon_Kaen/FS008/2022_EPI2304945	0.009193000000000002	8.353558999999985	4.472604999999983	0.021845250623154296	0.00930841258234568	8.271784428859632	2023-09-01	cTiterSub_x-ne_star	north	2023
2023-02-01	A/La_Serena/84475/2022_EPI2192217	5.3e-05	9.01391599999998	7.6450439999999755	-0.06858654117499444	5.090780644881613e-05	8.979180193263586	2023-09-01	cTiterSub_x-ne_star	north	2023
2023-02-01	A/Laos/F1902/2022_EPI2190849	7.4e-05	9.699083999999985	11.128485999999981	-0.019385252380544036	7.314839687134919e-05	9.713642722227751	2023-09-01	cTiterSub_x-ne_star	north	2023
2023-02-01	A/Laos/F2286/2022_EPI2196746	0.000231	8.730144999999993	10.136025999999973	-0.03318654328605096	0.00022651067541355194	8.744352093938797	2023-09-01	cTiterSub_x-ne_star	north	2023
2023-02-01	A/Lisboa/714/2022_EPI2307703	0.011214	8.643040999999997	10.285586999999973	0.006109865444068203	0.011251036617163555	8.62225916887575	2023-09-01	cTiterSub_x-ne_star	north	2023
2023-02-01	A/Louisiana/13/2022_EPI2228031	0.0058920000000000005	8.04034999999999	9.41825299999998	0.005711084789994145	0.005910084605718925	8.023889924647447	2023-09-01	cTiterSub_x-ne_star	north	2023
2023-02-01	A/MIE/1/2022_EPI2293563	0.011028	8.353558999999985	4.472604999999983	0.021845250623154296	0.011166449902981416	8.271784428859632	2023-09-01	cTiterSub_x-ne_star	north	2023
2023-02-01	A/MIE/1/2022_EPI2319297	0.011028	8.353558999999985	4.472604999999983	0.021845250623154296	0.011166449902981416	8.271784428859632	2023-09-01	cTiterSub_x-ne_star	north	2023
2023-02-01	A/Maldives/741/2022_EPI2194822	0.0006580000000000001	9.05895599999998	7.684611999999976	-0.05471239558916174	0.0006371611138084809	9.023430698194796	2023-09-01	cTiterSub_x-ne_star	north	2023
2023-02-01	A/Maldives/845/2022_EPI2194682	0.000993	9.81260799999999	11.279578999999984	0.019455686422563477	0.0010040659614354238	9.79629391875049	2023-09-01	cTiterSub_x-ne_star	north	2023
2023-02-01	A/Maldives/875/2022_EPI2194878	0.001208	8.06028899999999	6.684631999999984	-0.06851368649466866	0.0011603630898896352	8.024705020422417	2023-09-01	cTiterSub_x-ne_star	north	2023
2023-02-01	A/Maryland/15/2022_EPI2276698	0.00992	8.599571999999997	10.24982999999997	0.022018390174365465	0.01004555416017687	8.574484842539599	2023-09-01	cTiterSub_x-ne_star	north	2023
2023-02-01	A/Mato_Grosso_do_Sul/IAL/C9767/2022_EPI2136026	1.6e-05	9.01391599999998	7.6450439999999755	-0.06858654117499444	1.5368394399642603e-05	8.979180193263586	2023-09-01	cTiterSub_x-ne_star	north	2023
2023-02-01	A/Melilla/3324/2022_EPI2195949	0.000231	8.730144999999993	10.136025999999973	-0.03318654328605096	0.00022651067541355194	8.744352093938797	2023-09-01	cTiterSub_x-ne_star	north	2023
2023-02-01	A/Melilla/3409/2022_EPI2195989	0.000604	7.824369999999989	9.328464999999984	-0.00809020611551278	0.0006009958884378577	7.804725009293881	2023-09-01	cTiterSub_x-ne_star	north	2023
2023-02-01	A/Michigan/UOM10046751120/2022_EPI2239159	0.000242	8.925064999999993	10.363605999999969	0.0053966577950471765	0.00024269826374999977	8.90622836460484	2023-09-01	cTiterSub_x-ne_star	north	2023
2023-02-01	A/Montana/33/2022_EPI2228262	0.002903	10.005933999999984	8.645023999999978	-0.06858654117499444	0.0027884030588851555	9.971464784314074	2023-09-01	cTiterSub_x-ne_star	north	2023
2023-02-01	A/NAGANO/2205/2022_EPI2293515	0.0054600000000000004	8.730144999999993	10.136025999999973	-0.03318654328605096	0.005353888691593046	8.744352093938797	2023-09-01	cTiterSub_x-ne_star	north	2023
2023-02-01	A/NAGANO/2205/2022_EPI2293523	0.0054600000000000004	8.730144999999993	10.136025999999973	-0.03318654328605096	0.005353888691593046	8.744352093938797	2023-09-01	cTiterSub_x-ne_star	north	2023
2023-02-01	A/NAGANO/2206/2022_EPI2293531	0.0054600000000000004	8.730144999999993	10.136025999999973	-0.03318654328605096	0.005353888691593046	8.744352093938797	2023-09-01	cTiterSub_x-ne_star	north	2023
2023-02-01	A/NAGANO/2206/2022_EPI2293539	0.0054600000000000004	8.730144999999993	10.136025999999973	-0.03318654328605096	0.005353888691593046	8.744352093938797	2023-09-01	cTiterSub_x-ne_star	north	2023
2023-02-01	A/NAGANO/2223/2022_EPI2319393	0.013597999999999999	8.93919999999999	6.62152299999998	0.05138749105768433	0.01400804688271364	8.867903131125576	2023-09-01	cTiterSub_x-ne_star	north	2023
2023-02-01	A/Nagasaki/21FS013/2022_EPI2190693	0.000199	9.620915999999985	11.11751899999998	-0.03314232360230279	0.00019513760666540708	9.639065611062703	2023-09-01	cTiterSub_x-ne_star	north	2023
2023-02-01	A/Nagasaki/21FS015/2022_EPI2190709	0.000199	9.620915999999985	11.11751899999998	-0.03314232360230279	0.00019513760666540708	9.639065611062703	2023-09-01	cTiterSub_x-ne_star	north	2023
2023-02-01	A/Nagasaki/21FS016/2022_EPI2190717	0.00022	9.620915999999985	11.11751899999998	-0.03314232360230279	0.00021573001741904298	9.639065611062703	2023-09-01	cTiterSub_x-ne_star	north	2023
2023-02-01	A/Nakhon_Phanom/P3908/2022_EPI2304657	0.00619	9.311555999999987	5.468912999999977	0.05027083639272145	0.006372506794789642	9.228314139422647	2023-09-01	cTiterSub_x-ne_star	north	2023
2023-02-01	A/Nakhon_Phanom/P4042/2022_EPI2304817	0.008309	10.348211999999988	11.926199999999971	-0.019385252380544036	0.00821337877843298	10.361155635140177	2023-09-01	cTiterSub_x-ne_star	north	2023
2023-02-01	A/Nakhon_Phanom/P4047/2022_EPI2304841	0.007795000000000001	8.353558999999985	4.472604999999983	0.021845250623154296	0.007892861533708755	8.271784428859632	2023-09-01	cTiterSub_x-ne_star	north	2023
2023-02-01	A/Nakhon_Phanom/P4139/2022_EPI2311695	0.009193000000000002	9.327986999999988	5.469138999999975	0.04626056234097587	0.009441934029598673	9.245615480626762	2023-09-01	cTiterSub_x-ne_star	north	2023
2023-02-01	A/Nakhon_Phanom/P4183/2022_EPI2311743	0.00992	8.353558999999985	4.472604999999983	0.021845250623154296	0.010044539629812808	8.271784428859632	2023-09-01	cTiterSub_x-ne_star	north	2023
2023-02-01	A/Nakhon_Phanom/P4241/2022_EPI2311783	0.010288	9.310005999999985	5.443325999999978	0.021845250623154296	0.010417159648338123	9.228408122321653	2023-09-01	cTiterSub_x-ne_star	north	2023
2023-02-01	A/Nakhon_Phanom/P4400/2022_EPI2311911	0.012695	8.353558999999985	4.472604999999983	0.021845250623154296	0.012854378084725162	8.271784428859632	2023-09-01	cTiterSub_x-ne_star	north	2023
2023-02-01	A/Navarra/3092/2022_EPI2196157	5.3e-05	8.730144999999993	10.136025999999973	-0.03318654328605096	5.1969981804840915e-05	8.744352093938797	2023-09-01	cTiterSub_x-ne_star	north	2023
2023-02-01	A/Nebraska/USAFSAM-13756/2022_EPI2395786	0.011028	8.021852999999988	9.38830899999998	0.005679388303588109	0.011061644255955542	8.005372944393274	2023-09-01	cTiterSub_x-ne_star	north	2023
2023-02-01	A/Nepal/22FL2210/2022_EPI2190817	7.4e-05	8.16399799999999	5.700157999999988	0.021845250623154296	7.492902546432942e-05	8.098143297879867	2023-09-01	cTiterSub_x-ne_star	north	2023
2023-02-01	A/Nepal/22FL2261/2022_EPI2162366	0.00011999999999999999	8.16399799999999	5.700157999999988	0.021845250623154296	0.00012150652777999364	8.098143297879867	2023-09-01	cTiterSub_x-ne_star	north	2023
2023-02-01	A/Nepal/PPHL09/2022_EPI2162403	0.00020899999999999998	9.159906999999995	6.695156999999981	0.05120170632990933	0.00021527905058458822	9.093834829230385	2023-09-01	cTiterSub_x-ne_star	north	2023
2023-02-01	A/Netherlands/10081/2023_EPI2302884	0.017666	9.605275999999986	11.285542999999985	0.019911156349575125	0.01786761599066546	9.584135333727751	2023-09-01	cTiterSub_x-ne_star	north	2023
2023-02-01	A/Netherlands/11716/2022_EPI2167327	0.000604	8.730144999999993	10.136025999999973	-0.03318654328605096	0.0005922616794363003	8.744352093938797	2023-09-01	cTiterSub_x-ne_star	north	2023
2023-02-01	A/Netherlands/12075/2022_EPI2281201	0.015131	9.242276999999993	10.018118999999974	-0.019385252380544036	0.014956870176491685	9.249454891055658	2023-09-01	cTiterSub_x-ne_star	north	2023
2023-02-01	A/Nevada/30/2022_EPI2106588	3.4e-05	10.497320999999989	12.046197999999972	-0.03334683409982425	3.33361164388705e-05	10.508223377313465	2023-09-01	cTiterSub_x-ne_star	north	2023
2023-02-01	A/New_York/IVYW13J93Y6/2022_EPI2239477	0.00022	7.057108999999996	8.418272999999989	-0.00809020611551278	0.00021890578717935212	7.040787053686338	2023-09-01	cTiterSub_x-ne_star	north	2023
2023-02-01	A/New_York/SJCEIRR-PV63272/2022_EPI2912932	0.00146	9.810722999999982	7.519571999999974	0.05531399808016934	0.0015074750770963715	9.74333605707276	2023-09-01	cTiterSub_x-ne_star	north	2023
2023-02-01	A/New_York/SJCEIRR-PV63296/2022_EPI2913012	0.0045299999999999	8.04803199999999	9.415253999999978	-0.00809020611551278	0.004507469163283833	8.031772115359768	2023-09-01	cTiterSub_x-ne_star	north	2023
2023-02-01	A/New_Zealand/0334/2022_EPI2277583	5.9e-05	9.622033999999985	11.135188999999981	-0.019385252380544036	5.832101912715679e-05	9.64016097948595	2023-09-01	cTiterSub_x-ne_star	north	2023
2023-02-01	A/New_Zealand/3560/2022_EPI2277702	9.7e-05	9.729933999999986	11.11729499999998	-0.01939467085689927	9.588318261812887e-05	9.74416032757355	2023-09-01	cTiterSub_x-ne_star	north	2023
2023-02-01	A/New_Zealand/3604/2022_EPI2277472	9.7e-05	9.729933999999986	11.13600599999998	-0.019385252380544036	9.588370941244421e-05	9.744160326519962	2023-09-01	cTiterSub_x-ne_star	north	2023
2023-02-01	A/New_Zealand/3726/2022_EPI2277726	0.00011999999999999999	9.729887999999987	11.11695199999998	-0.03318654328605096	0.00011766788333171528	9.744116758172122	2023-09-01	cTiterSub_x-ne_star	north	2023
2023-02-01	A/New_Zealand/3980/2022_EPI2277623	0.000338	9.729451999999986	11.13599599999998	-0.019385252380544036	0.0003341102451691355	9.743683873448449	2023-09-01	cTiterSub_x-ne_star	north	2023
2023-02-01	A/Niger/1367/2022_EPI2226704	0.0006580000000000001	10.147731999999982	7.694443999999973	0.04151270717466242	0.0006739486084760223	10.081770749426179	2023-09-01	cTiterSub_x-ne_star	north	2023
2023-02-01	A/Niger/1855/2022_EPI2226698	0.002903	8.615713999999985	6.9624099999999824	0.02231249910991244	0.002940246707070049	8.561982252151731	2023-09-01	cTiterSub_x-ne_star	north	2023
2023-02-01	A/North_Dakota/09/2022_EPI2227827	0.0045299999999999	9.010828999999994	10.388225999999973	0.005679388303588109	0.0045438201377835975	8.994360710486513	2023-09-01	cTiterSub_x-ne_star	north	2023
2023-02-01	A/Norway/28394/2022_EPI2193221	0.00011999999999999999	9.04748099999999	10.156992999999975	-0.0066575497386433665	0.00011950298550647976	9.057803788117273	2023-09-01	cTiterSub_x-ne_star	north	2023
2023-02-01	A/Norway/31825/2022_EPI2213670	0.002389	10.23748199999999	10.99009699999998	-0.005583961475037112	0.002380595674472134	10.244693699706705	2023-09-01	cTiterSub_x-ne_star	north	2023
2023-02-01	A/Norway/36110/2022_EPI2286363	0.004785	7.057108999999996	8.418272999999989	-0.00809020611551278	0.0047612008711509085	7.040787053686338	2023-09-01	cTiterSub_x-ne_star	north	2023
2023-02-01	A/OKINAWA/181/2022_EPI2190761	0.00011399999999999999	9.165532999999987	10.055835999999974	-0.06851368649466866	0.00010950446378097551	9.165821829755005	2023-09-01	cTiterSub_x-ne_star	north	2023
2023-02-01	A/OKINAWA/182/2022_EPI2190769	0.000199	9.165532999999987	10.055835999999974	-0.06851368649466866	0.0001911525288808257	9.165821829755005	2023-09-01	cTiterSub_x-ne_star	north	2023
2023-02-01	A/OKINAWA/183/2022_EPI2190777	0.000242	9.165532999999987	10.055835999999974	-0.06851368649466866	0.00023245684416663224	9.165821829755005	2023-09-01	cTiterSub_x-ne_star	north	2023
2023-02-01	A/OKINAWA/184/2022_EPI2162448	0.000267	9.165532999999987	10.055835999999974	-0.06851368649466866	0.0002564709809607058	9.165821829755005	2023-09-01	cTiterSub_x-ne_star	north	2023
2023-02-01	A/OKINAWA/184/2022_EPI2190785	0.000267	9.165532999999987	10.055835999999974	-0.06851368649466866	0.0002564709809607058	9.165821829755005	2023-09-01	cTiterSub_x-ne_star	north	2023
2023-02-01	A/OKINAWA/185/2022_EPI2162456	0.000322	10.15975999999999	11.054739999999965	-0.05471239558916174	0.00031180224718287364	10.160092906913864	2023-09-01	cTiterSub_x-ne_star	north	2023
2023-02-01	A/OKINAWA/185/2022_EPI2190793	0.000322	10.15975999999999	11.054739999999965	-0.05471239558916174	0.00031180224718287364	10.160092906913864	2023-09-01	cTiterSub_x-ne_star	north	2023
2023-02-01	A/OSAKA/1/2022_EPI2162416	9.2e-05	9.165532999999987	10.055835999999974	-0.06851368649466866	8.837202340219076e-05	9.165821829755005	2023-09-01	cTiterSub_x-ne_star	north	2023
2023-02-01	A/OSAKA/1/2022_EPI2190753	9.2e-05	9.165532999999987	10.055835999999974	-0.06851368649466866	8.837202340219076e-05	9.165821829755005	2023-09-01	cTiterSub_x-ne_star	north	2023
2023-02-01	A/Oman/3462/2022_EPI2158011	1.4999999999999999e-05	8.020062999999986	9.42399799999999	-0.008114324837436387	1.4925184592713357e-05	8.015121045499518	2023-09-01	cTiterSub_x-ne_star	north	2023
2023-02-01	A/Oregon/33/2022_EPI2225892	0.0013039999999999	10.011290999999984	8.35748799999998	-0.05478449667563336	0.0012626491612581774	9.976654894941069	2023-09-01	cTiterSub_x-ne_star	north	2023
2023-02-01	A/Pakistan/GIHSN-ICT-610/2023_EPI2310044	0.018499	9.554591999999985	11.249601999999982	0.09774326733552624	0.01957918015731021	9.526969958404285	2023-09-01	cTiterSub_x-ne_star	north	2023
2023-02-01	A/Parana/16174/2022_EPI2236626	1.1e-05	8.750669999999984	6.965699999999984	0.03557381303855603	1.1227654042737473e-05	8.698923265411036	2023-09-01	cTiterSub_x-ne_star	north	2023
2023-02-01	A/Parana/20929/2022_EPI2207087	1.4999999999999999e-05	9.01391599999998	7.6450439999999755	-0.06858654117499444	1.4407869749664941e-05	8.979180193263586	2023-09-01	cTiterSub_x-ne_star	north	2023
2023-02-01	A/Parana/21695/2022_EPI2218014	0.0028120000000000003	11.973101999999983	10.641093999999972	-0.027196503688285117	0.00276700229181925	11.938201786443022	2023-09-01	cTiterSub_x-ne_star	north	2023
2023-02-01	A/Parana/22950/2022_EPI2245452	0.00231	9.01391599999998	7.6450439999999755	-0.06858654117499444	0.0022188119414484012	8.979180193263586	2023-09-01	cTiterSub_x-ne_star	north	2023
2023-02-01	A/Parana/22964/2022_EPI2245516	0.0045299999999999	7.789393999999993	8.750638999999985	0.005711084789994145	0.004543904152054674	7.769401551043157	2023-09-01	cTiterSub_x-ne_star	north	2023
2023-02-01	A/Pennsylvania/75/2022_EPI2253995	0.009193000000000002	8.840892999999989	10.271216999999972	0.03493533256135643	0.009379762577699373	8.825216667858152	2023-09-01	cTiterSub_x-ne_star	north	2023
2023-02-01	A/Perth/104/2022_EPI2111473	1.4000000000000001e-05	10.893857999999986	11.65605699999997	-0.005583961475037112	1.3950749034160687e-05	10.900902648391414	2023-09-01	cTiterSub_x-ne_star	north	2023
2023-02-01	A/Perth/423/2022_EPI2285071	0.000293	9.614121999999986	11.13477399999998	-0.03318654328605096	0.00028730574846827153	9.632403233339298	2023-09-01	cTiterSub_x-ne_star	north	2023
2023-02-01	A/Perth/429/2022_EPI2285074	0.00048600000000000005	9.693345999999984	11.04923399999998	-0.03329243457971846	0.0004765254916422121	9.708173217810527	2023-09-01	cTiterSub_x-ne_star	north	2023
2023-02-01	A/Perth/443/2022_EPI2285043	0.0045299999999999	11.218601999999985	11.655509999999968	-0.09331297750526424	0.004288866811568874	11.217190177588668	2023-09-01	cTiterSub_x-ne_star	north	2023
2023-02-01	A/Philippines/9/2022_EPI2199859	0.00010800000000000001	8.117260999999987	9.618695999999977	-0.10105597472021477	0.00010179032810525592	8.12567189698822	2023-09-01	cTiterSub_x-ne_star	north	2023
2023-02-01	A/Puerto_Rico/32/2022_EPI2224297	0.000779	7.057108999999996	8.418272999999989	-0.00809020611551278	0.0007751254918759786	7.040787053686338	2023-09-01	cTiterSub_x-ne_star	north	2023
2023-02-01	A/PuntaArenas/82948/2022_EPI2167711	4.2e-05	11.007448999999989	9.63447099999998	-0.040983959363980596	4.0996860513480484e-05	10.972910843496946	2023-09-01	cTiterSub_x-ne_star	north	2023
2023-02-01	A/Qatar/16-VI-22-1972944/2022_EPI2286784	0.001208	11.317156999999995	9.704893999999982	-0.019093228038422005	0.0011943015833332537	11.277065655919563	2023-09-01	cTiterSub_x-ne_star	north	2023
2023-02-01	A/Qatar/21-VI-22-1929386/2022_EPI2286814	0.000687	9.03277799999998	7.622467999999976	-0.07063442849446142	0.0006590926114104874	8.996541600919828	2023-09-01	cTiterSub_x-ne_star	north	2023
2023-02-01	A/Reunion/HCL022183825001/2022_EPI2265447	0.000133	8.730144999999993	10.136025999999973	-0.03318654328605096	0.0001304152373593178	8.744352093938797	2023-09-01	cTiterSub_x-ne_star	north	2023
2023-02-01	A/Reunion/HCL022183825001/2022_EPI2265448	0.000133	8.730144999999993	10.136025999999973	-0.03318654328605096	0.0001304152373593178	8.744352093938797	2023-09-01	cTiterSub_x-ne_star	north	2023
2023-02-01	A/Reunion/HCL022183838901/2022_EPI2265492	0.002389	8.353558999999985	4.472604999999983	0.021845250623154296	0.00241899245722004	8.271784428859632	2023-09-01	cTiterSub_x-ne_star	north	2023
2023-02-01	A/Reunion/HCL022183840801/2022_EPI2265506	7.8e-05	10.697127999999989	12.117439999999974	-0.019385252380544036	7.71023642698005e-05	10.710754363469059	2023-09-01	cTiterSub_x-ne_star	north	2023
2023-02-01	A/Reunion/HCL022183842901/2022_EPI2265534	0.000133	9.377341999999985	7.705562999999977	-0.05533671801435809	0.00012874099023305787	9.337899232620419	2023-09-01	cTiterSub_x-ne_star	north	2023
2023-02-01	A/Rhode_Island/37/2022_EPI2106222	2.5e-05	8.05704199999999	9.41825299999998	0.005711084789994145	2.507673373098661e-05	8.040736900218874	2023-09-01	cTiterSub_x-ne_star	north	2023
2023-02-01	A/Rio_Grande_do_Sul/21014/2022_EPI2206641	5.600000000000001e-05	10.012412999999983	8.35867699999998	-0.053185205852578736	5.4274807532123475e-05	9.977642960702731	2023-09-01	cTiterSub_x-ne_star	north	2023
2023-02-01	A/SHIMANE/1/2022_EPI2293571	0.006809	9.339923999999986	5.4578809999999764	0.03564654152866122	0.006950212708644278	9.257884003442335	2023-09-01	cTiterSub_x-ne_star	north	2023
2023-02-01	A/SHIMANE/2/2022_EPI2293579	0.00992	10.849481999999977	12.530084999999975	-0.04070500848282475	0.009684643777068215	10.853380707640012	2023-09-01	cTiterSub_x-ne_star	north	2023
2023-02-01	A/Santa_Catarina/20062/2022_EPI2245669	0.000354	10.904449999999985	9.62018999999998	-0.05491394490750381	0.0003427485064489172	10.873695998178407	2023-09-01	cTiterSub_x-ne_star	north	2023
2023-02-01	A/Santa_Catarina/20077/2022_EPI2206494	0.000172	10.082384999999986	10.83087599999997	-0.005583961475037112	0.0001713949167054027	10.08309670196582	2023-09-01	cTiterSub_x-ne_star	north	2023
2023-02-01	A/Santa_Catarina/22292/2022_EPI2218368	0.0054600000000000004	9.019395999999993	10.418232999999974	0.005697861335961224	0.005476716401038453	9.002757772487541	2023-09-01	cTiterSub_x-ne_star	north	2023
2023-02-01	A/Santa_Catarina/27045/2022_EPI2328108	0.0076269999999999	7.057108999999996	8.418272999999989	-0.00809020611551278	0.0075890656309858945	7.040787053686338	2023-09-01	cTiterSub_x-ne_star	north	2023
2023-02-01	A/Santiago/84111/2022_EPI2167826	5e-05	9.01391599999998	7.6450439999999755	-0.06858654117499444	4.802623249888314e-05	8.979180193263586	2023-09-01	cTiterSub_x-ne_star	north	2023
2023-02-01	A/Santiago/92782/2022_EPI2167659	0.000147	9.99081399999998	8.635087999999977	-0.06858654117499444	0.00014119712354671645	9.956519200596501	2023-09-01	cTiterSub_x-ne_star	north	2023
2023-02-01	A/Sao_Paulo/21600/2022_EPI2217566	0.00146	7.057108999999996	8.418272999999989	-0.00809020611551278	0.0014527384058266094	7.040787053686338	2023-09-01	cTiterSub_x-ne_star	north	2023
2023-02-01	A/Shahriar.Iran/66_10Mehr/2022_EPI2286838	0.0024690000000000003	11.615552999999979	13.198950999999969	0.0608198481429259	0.00255748572547015	11.594132945125306	2023-09-01	cTiterSub_x-ne_star	north	2023
2023-02-01	A/Shandong-Dongchangfu/1938/2022_EPI2241921	0.001407	16.21414799999997	20.182324999999953	-0.07761619000586918	0.0013443583682102873	16.301516407245167	2023-09-01	cTiterSub_x-ne_star	north	2023
2023-02-01	A/Shandong-Jiaozhou/1538/2022_EPI2298625	0.002996	17.166708999999962	21.14043499999995	-0.06381489910036225	0.00288575305488451	17.256246012877707	2023-09-01	cTiterSub_x-ne_star	north	2023
2023-02-01	A/Shandong-Lanshan/1532/2022_EPI2298856	0.0036	15.173660999999974	19.18234899999994	-0.05745855192521935	0.003480408037663928	15.262173099643332	2023-09-01	cTiterSub_x-ne_star	north	2023
2023-02-01	A/Shandong-Zhangdian/1561/2022_EPI2298862	0.004406	16.212117999999972	20.181372999999954	-0.07761619000586918	0.004209838642739536	16.299767384367613	2023-09-01	cTiterSub_x-ne_star	north	2023
2023-02-01	A/Shanghai-Chongming/1778/2022_EPI2298838	0.0036	15.178736999999977	19.182376999999942	-0.09141748091137611	0.0034121417177829	15.267798707985305	2023-09-01	cTiterSub_x-ne_star	north	2023
2023-02-01	A/Shanghai-Chongming/1853/2022_EPI2298808	0.00619	15.178736999999977	19.182376999999942	-0.09141748091137611	0.0058669881202989315	15.267798707985305	2023-09-01	cTiterSub_x-ne_star	north	2023
2023-02-01	A/Shanghai-Fengxian/1408/2022_EPI2151132	1.1e-05	16.178401999999966	20.182356999999953	-0.05149878496110418	1.0671615900365822e-05	16.26748030339914	2023-09-01	cTiterSub_x-ne_star	north	2023
2023-02-01	A/Shanghai-Fengxian/1426/2022_EPI2151129	1.4999999999999999e-05	15.173660999999974	19.18234899999994	-0.05745855192521935	1.4501700156933032e-05	15.262173099643332	2023-09-01	cTiterSub_x-ne_star	north	2023
2023-02-01	A/Shanghai-Fengxian/1441/2022_EPI2151126	2.2e-05	17.169048999999973	21.180104999999948	-0.04365726101971242	2.1441084116074044e-05	17.257795502943118	2023-09-01	cTiterSub_x-ne_star	north	2023
2023-02-01	A/Shanghai-Fengxian/1569/2022_EPI2151033	0.000231	16.22053199999997	20.155370999999953	-0.04245835905676158	0.0002252888860546451	16.30779892182561	2023-09-01	cTiterSub_x-ne_star	north	2023
2023-02-01	A/Shanghai-Hongkou/1486/2022_EPI2298826	0.003188	15.173660999999974	19.18234899999994	-0.05745855192521935	0.0030820946733535	15.262173099643332	2023-09-01	cTiterSub_x-ne_star	north	2023
2023-02-01	A/Shanghai-Huangpu/1629/2022_EPI2298637	0.002159	20.68060399999997	24.27633999999994	-0.015815314903001344	0.0021386028317398986	20.76343171863518	2023-09-01	cTiterSub_x-ne_star	north	2023
2023-02-01	A/Sichuan-Gaoxin/1625/2022_EPI2151015	0.00022	15.226834999999976	19.182376999999942	-0.08892509930341191	0.0002088231567919015	15.313820162337917	2023-09-01	cTiterSub_x-ne_star	north	2023
2023-02-01	A/Sichuan-Qingyang/12031/2022_EPI2298697	0.012512	16.136681999999965	20.178680999999955	-0.07761619000586918	0.011954948047652535	16.225957361117917	2023-09-01	cTiterSub_x-ne_star	north	2023
2023-02-01	A/Sichuan-Qionglai/32/2022_EPI2298913	0.004656	15.173660999999974	19.18234899999994	-0.05745855192521935	0.004501327728712014	15.262173099643332	2023-09-01	cTiterSub_x-ne_star	north	2023
2023-02-01	A/Singapore/GP11121/2022_EPI2282833	0.005321	10.799108999999989	9.599194999999984	-0.0024056999740457025	0.005312120587653793	10.75760869516343	2023-09-01	cTiterSub_x-ne_star	north	2023
2023-02-01	A/Singapore/GP6016/2022_EPI2291827	0.000172	10.352786999999985	6.471838999999981	0.08298904320065263	0.00018048324252924823	10.27101045052618	2023-09-01	cTiterSub_x-ne_star	north	2023
2023-02-01	A/Singapore/GP6823/2022_EPI2291883	0.000338	8.353558999999985	4.472604999999983	0.021845250623154296	0.0003422433865803154	8.271784428859632	2023-09-01	cTiterSub_x-ne_star	north	2023
2023-02-01	A/Singapore/KK0221/2022_EPI2292507	0.000338	11.17484499999998	7.232554999999982	0.05743427841670069	0.00034942271493031325	11.094229960870821	2023-09-01	cTiterSub_x-ne_star	north	2023
2023-02-01	A/Singapore/MOH0053/2022_EPI2292099	0.002234	9.349073999999986	5.4725849999999765	0.03564654152866122	0.002280331207388943	9.267223766444847	2023-09-01	cTiterSub_x-ne_star	north	2023
2023-02-01	A/Singapore/NUH0017/2022_EPI2292163	0.000465	8.353558999999985	4.472604999999983	0.021845250623154296	0.0004708377951474754	8.271784428859632	2023-09-01	cTiterSub_x-ne_star	north	2023
2023-02-01	A/Singapore/NUH0112/2022_EPI2283057	0.006651000000000001	9.340239999999985	5.462681999999976	0.021845250623154296	0.006734499302206149	9.258315430255212	2023-09-01	cTiterSub_x-ne_star	north	2023
2023-02-01	A/Singapore/TT0028/2022_EPI2292211	0.00011999999999999999	8.353558999999985	4.472604999999983	0.021845250623154296	0.00012150652777999364	8.271784428859632	2023-09-01	cTiterSub_x-ne_star	north	2023
2023-02-01	A/South_Africa/R07603/2022_EPI2312531	2.2e-05	22.01537899999996	24.28084499999994	-0.10045206386450437	2.0742372700014496e-05	22.03571399102594	2023-09-01	cTiterSub_x-ne_star	north	2023
2023-02-01	A/South_Africa/R08288/2022_EPI2178920	5.3e-05	7.057108999999996	8.418272999999989	-0.00809020611551278	5.273639418411664e-05	7.040787053686338	2023-09-01	cTiterSub_x-ne_star	north	2023
2023-02-01	A/South_Africa/R08591/2022_EPI2178947	8.7e-05	8.056443999999988	9.41825299999998	0.023480673755658404	8.817631245050285e-05	8.040066424421212	2023-09-01	cTiterSub_x-ne_star	north	2023
2023-02-01	A/South_Africa/R08953/2022_EPI2178950	0.00011999999999999999	13.025847999999982	15.281024999999985	-0.10045206386450437	0.00011314021472735179	13.045771997511597	2023-09-01	cTiterSub_x-ne_star	north	2023
2023-02-01	A/South_Australia/135/2022_EPI2128714	1.4999999999999999e-05	8.730144999999993	10.136025999999973	-0.03318654328605096	1.470848541646441e-05	8.744352093938797	2023-09-01	cTiterSub_x-ne_star	north	2023
2023-02-01	A/South_Australia/256/2022_EPI2179028	0.000267	8.730144999999993	10.136025999999973	-0.03318654328605096	0.00026181104041306653	8.744352093938797	2023-09-01	cTiterSub_x-ne_star	north	2023
2023-02-01	A/South_Australia/258/2022_EPI2179010	0.000308	8.730144999999993	10.136025999999973	-0.03318654328605096	0.0003020142338847359	8.744352093938797	2023-09-01	cTiterSub_x-ne_star	north	2023
2023-02-01	A/South_Australia/259/2022_EPI2179013	0.000322	8.730144999999993	10.136025999999973	-0.03318654328605096	0.0003157421536067694	8.744352093938797	2023-09-01	cTiterSub_x-ne_star	north	2023
2023-02-01	A/South_Australia/260/2022_EPI2179022	0.000308	8.730144999999993	10.136025999999973	-0.03318654328605096	0.0003020142338847359	8.744352093938797	2023-09-01	cTiterSub_x-ne_star	north	2023
2023-02-01	A/South_Australia/299/2022_EPI2236038	0.001118	8.730144999999993	10.136025999999973	-0.03318654328605096	0.0010962724463738143	8.744352093938797	2023-09-01	cTiterSub_x-ne_star	north	2023
2023-02-01	A/South_Australia/302/2022_EPI2236035	0.001075	8.730144999999993	10.136025999999973	-0.03318654328605096	0.0010541081215132827	8.744352093938797	2023-09-01	cTiterSub_x-ne_star	north	2023
2023-02-01	A/South_Australia/314/2022_EPI2236041	0.001407	9.727313999999986	11.13600599999998	-0.01789821786295927	0.0013920149938826888	9.741568063951021	2023-09-01	cTiterSub_x-ne_star	north	2023
2023-02-01	A/South_Australia/331/2022_EPI2236020	0.002552	8.730144999999993	10.136025999999973	-0.03318654328605096	0.002502403652187812	8.744352093938797	2023-09-01	cTiterSub_x-ne_star	north	2023
2023-02-01	A/South_Australia/354/2022_EPI2284992	0.003708	8.730144999999993	10.136025999999973	-0.03318654328605096	0.0036359375949500026	8.744352093938797	2023-09-01	cTiterSub_x-ne_star	north	2023
2023-02-01	A/South_Australia/361/2022_EPI2285004	0.0042840000000000005	8.730144999999993	10.136025999999973	-0.03318654328605096	0.004200743434942237	8.744352093938797	2023-09-01	cTiterSub_x-ne_star	north	2023
2023-02-01	A/South_Australia/372/2022_EPI2285046	0.006342	10.382813999999989	12.112317999999979	-0.07345339290920092	0.006074377688435931	10.379749195437284	2023-09-01	cTiterSub_x-ne_star	north	2023
2023-02-01	A/South_Australia/378/2022_EPI2305047	0.009193000000000002	9.242276999999993	10.018118999999974	-0.019385252380544036	0.00908720557349072	9.249454891055658	2023-09-01	cTiterSub_x-ne_star	north	2023
2023-02-01	A/South_Australia/380/2022_EPI2305044	0.009737	8.643040999999997	10.285586999999973	0.006109865444068203	0.009769158510907932	8.62225916887575	2023-09-01	cTiterSub_x-ne_star	north	2023
2023-02-01	A/South_Carolina/13646/2022_EPI2290375	0.009737	9.003323999999992	10.396695999999974	0.01951237569550107	0.00984583441227477	8.986041078113537	2023-09-01	cTiterSub_x-ne_star	north	2023
2023-02-01	A/Stockholm/37/2022_EPI2187495	0.000354	8.730144999999993	10.136025999999973	-0.03318654328605096	0.0003471202558285601	8.744352093938797	2023-09-01	cTiterSub_x-ne_star	north	2023
2023-02-01	A/Surat_Thani/NIC-P1935/2022_EPI2233518	2.4e-05	9.729809999999988	11.13600599999998	0.0053915153234327905	2.4069177095294016e-05	9.744033689352609	2023-09-01	cTiterSub_x-ne_star	north	2023
2023-02-01	A/Surat_Thani/NIC-P3075/2022_EPI2228628	0.0008810000000000001	9.335170999999988	5.471322999999976	0.03564654152866122	0.0008992711699685135	9.253482161926623	2023-09-01	cTiterSub_x-ne_star	north	2023
2023-02-01	A/Surat_Thani/P4427/2022_EPI2311927	0.013059999999999999	10.299820999999984	6.40707999999998	0.04740655590948907	0.013422617139881661	10.216683911670145	2023-09-01	cTiterSub_x-ne_star	north	2023
2023-02-01	A/Sydney/1304/2022_EPI2235680	0.005746	8.353558999999985	4.472604999999983	0.021845250623154296	0.0058181375718653625	8.271784428859632	2023-09-01	cTiterSub_x-ne_star	north	2023
2023-02-01	A/Sydney/1304/2022_EPI2304607	0.005746	8.353558999999985	4.472604999999983	0.021845250623154296	0.0058181375718653625	8.271784428859632	2023-09-01	cTiterSub_x-ne_star	north	2023
2023-02-01	A/Sydney/1341/2022_EPI2235650	5.3e-05	10.721356999999992	12.056685999999969	0.004669967152992654	5.313039862904875e-05	10.735607674007456	2023-09-01	cTiterSub_x-ne_star	north	2023
2023-02-01	A/Sydney/789/2022_EPI2150403	1.7e-05	8.730144999999993	10.136025999999973	-0.03318654328605096	1.666961680532633e-05	8.744352093938797	2023-09-01	cTiterSub_x-ne_star	north	2023
2023-02-01	A/Sydney/908/2022_EPI2218773	1.2e-05	8.730144999999993	10.136025999999973	-0.03318654328605096	1.1766788333171529e-05	8.744352093938797	2023-09-01	cTiterSub_x-ne_star	north	2023
2023-02-01	A/Sydney/923/2022_EPI2218533	3.4e-05	8.730144999999993	10.136025999999973	-0.03318654328605096	3.333923361065266e-05	8.744352093938797	2023-09-01	cTiterSub_x-ne_star	north	2023
2023-02-01	A/TOKYO/22024/2022_EPI2190801	0.000172	9.165532999999987	10.055835999999974	-0.06851368649466866	0.00016521726114322624	9.165821829755005	2023-09-01	cTiterSub_x-ne_star	north	2023
2023-02-01	A/Tasmania/308/2022_EPI2236050	0.0009539999999999999	8.730144999999993	10.136025999999973	-0.03318654328605096	0.0009354596724871364	8.744352093938797	2023-09-01	cTiterSub_x-ne_star	north	2023
2023-02-01	A/Tasmania/351/2022_EPI2305032	0.011028	9.242276999999993	10.018118999999974	-0.019385252380544036	0.010901088117530256	9.249454891055658	2023-09-01	cTiterSub_x-ne_star	north	2023
2023-02-01	A/Texas/73/2022_EPI2127620	5.3e-05	9.916762999999987	10.38820199999997	-0.04091110468365482	5.173633217818532e-05	9.91270858798495	2023-09-01	cTiterSub_x-ne_star	north	2023
2023-02-01	A/Thailand/2088/2022_EPI2192344	3.8e-05	9.729393999999985	11.130350999999981	-0.019385252380544036	3.756269028528743e-05	9.74360301994974	2023-09-01	cTiterSub_x-ne_star	north	2023
2023-02-01	A/Thailand/2220/2022_EPI2192114	5.9e-05	8.730144999999993	10.136025999999973	-0.03318654328605096	5.785337597142668e-05	8.744352093938797	2023-09-01	cTiterSub_x-ne_star	north	2023
2023-02-01	A/Thailand/2237/2022_EPI2192241	7.8e-05	8.669955999999987	5.1251599999999815	0.03564654152866122	7.96176518246811e-05	8.5948173997269	2023-09-01	cTiterSub_x-ne_star	north	2023
2023-02-01	A/Thailand/4/2022_EPI2178971	2.5e-05	9.711614999999986	11.07614799999998	-0.01941721068033943	2.4711835549547938e-05	9.725647770752374	2023-09-01	cTiterSub_x-ne_star	north	2023
2023-02-01	A/Thailand/508/2022_EPI2192543	2.8000000000000013e-05	10.602490999999985	12.076067999999973	-0.01941721068033943	2.7677255815493696e-05	10.62045977325053	2023-09-01	cTiterSub_x-ne_star	north	2023
2023-02-01	A/Thailand/7/2022_EPI2178974	6.3e-05	8.353558999999985	4.472604999999983	0.021845250623154296	6.379092708449667e-05	8.271784428859632	2023-09-01	cTiterSub_x-ne_star	north	2023
2023-02-01	A/United_Kingdom/13400/2022_EPI2133452	7.8e-05	8.730144999999993	10.136025999999973	-0.03318654328605096	7.648412416561493e-05	8.744352093938797	2023-09-01	cTiterSub_x-ne_star	north	2023
2023-02-01	A/Utah/31/2022_EPI2248365	0.001075	11.632886999999979	10.503464999999972	-0.02659251224062059	0.0010581705756351786	11.604111777746116	2023-09-01	cTiterSub_x-ne_star	north	2023
2023-02-01	A/Victoria/4382/2022_EPI2128585	7e-05	8.730144999999993	10.136025999999973	-0.03318654328605096	6.863959861016724e-05	8.744352093938797	2023-09-01	cTiterSub_x-ne_star	north	2023
2023-02-01	A/Victoria/4411c/2022_EPI2285080	0.00022	10.228167999999986	10.655529999999969	-0.10711426841077115	0.00020661918343267596	10.226326806773022	2023-09-01	cTiterSub_x-ne_star	north	2023
2023-02-01	A/Victoria/4887/2022_EPI2218650	0.001208	8.615485999999986	6.837494999999982	0.021845250623154296	0.0012231657129852696	8.564577615663614	2023-09-01	cTiterSub_x-ne_star	north	2023
2023-02-01	A/Victoria/4891/2022_EPI2236026	0.0013039999999999	9.604061999999983	11.081378999999984	-0.019168492371201818	0.0012891563668252335	9.615755517785825	2023-09-01	cTiterSub_x-ne_star	north	2023
2023-02-01	A/Victoria/4901/2022_EPI2305071	0.002016	9.242276999999993	10.018118999999974	-0.019385252380544036	0.0019927995688194594	9.249454891055658	2023-09-01	cTiterSub_x-ne_star	north	2023
2023-02-01	A/Victoria/4904/2022_EPI2236032	0.001947	9.721703999999985	11.13587999999998	-0.019385252380544036	0.001924593631196174	9.73595908653861	2023-09-01	cTiterSub_x-ne_star	north	2023
2023-02-01	A/Victoria/5165/2022_EPI2235663	0.0058920000000000005	10.79523899999998	12.25824699999998	0.03324162208353593	0.00600576371377794	10.779300799017662	2023-09-01	cTiterSub_x-ne_star	north	2023
2023-02-01	A/Victoria/5224/2022_EPI2305029	0.011772	11.10308999999998	12.437120999999975	-0.036468575194726335	0.011521140788185209	11.096603205160056	2023-09-01	cTiterSub_x-ne_star	north	2023
2023-02-01	A/Victoria/5277/2022_EPI2304975	0.016334	8.353558999999985	4.472604999999983	0.021845250623154296	0.01653906353965347	8.271784428859632	2023-09-01	cTiterSub_x-ne_star	north	2023
2023-02-01	A/Victoria/5278/2022_EPI2304978	0.016334	8.353558999999985	4.472604999999983	0.021845250623154296	0.01653906353965347	8.271784428859632	2023-09-01	cTiterSub_x-ne_star	north	2023
2023-02-01	A/WAKAYAMA/1/2022_EPI2234404	0.001075	9.165532999999987	10.055835999999974	-0.06851368649466866	0.0010326078821451638	9.165821829755005	2023-09-01	cTiterSub_x-ne_star	north	2023
2023-02-01	A/Washington/31/2022_EPI2106326	1.4999999999999999e-05	8.184706999999994	9.055855999999979	-0.06851368649466866	1.4408482076444146e-05	8.184303888643518	2023-09-01	cTiterSub_x-ne_star	north	2023
2023-02-01	A/Washington/44/2022_EPI2192042	0.00037	8.04034999999999	9.41825299999998	0.005711084789994145	0.0003711356592186019	8.023889924647447	2023-09-01	cTiterSub_x-ne_star	north	2023
2023-02-01	A/Wellington/44/2022_EPI2151918	1.6e-05	10.72627799999999	12.135528999999973	0.016475528410739435	1.6150203164297217e-05	10.740360106691742	2023-09-01	cTiterSub_x-ne_star	north	2023
2023-02-01	A/West_Virginia/24/2022_EPI2134146	0.00022	60.44163099999989	62.3611949999999	0.23745796019687226	0.00025261784989233664	60.47382490533784	2023-09-01	cTiterSub_x-ne_star	north	2023
2023-02-01	A/West_Virginia/26/2022_EPI2134162	0.000254	58.46436699999988	60.36276299999987	0.23745796019687226	0.00029165879033024323	58.49755418809261	2023-09-01	cTiterSub_x-ne_star	north	2023
2023-02-01	A/Wisconsin/78/2022_EPI2251345	0.008309	8.039999999999988	9.415275999999979	0.005711084789994145	0.00833450322283071	8.023573770600452	2023-09-01	cTiterSub_x-ne_star	north	2023
2023-02-01	A/YAMAGUCHI/1/2022_EPI2209304	0.00048600000000000005	10.156893999999989	11.051925999999968	-0.05471239558916174	0.0004706083606548962	10.157210577651036	2023-09-01	cTiterSub_x-ne_star	north	2023
2023-02-01	A/YAMAGUCHI/1/2022_EPI2209312	0.00048600000000000005	10.156893999999989	11.051925999999968	-0.05471239558916174	0.0004706083606548962	10.157210577651036	2023-09-01	cTiterSub_x-ne_star	north	2023
2023-02-01	A/YAMAGUCHI/2/2022_EPI2234388	0.000917	9.165532999999987	10.055835999999974	-0.06851368649466866	0.0008808385376066188	9.165821829755005	2023-09-01	cTiterSub_x-ne_star	north	2023
2023-02-01	A/YAMAGUCHI/2/2022_EPI2234396	0.000917	9.165532999999987	10.055835999999974	-0.06851368649466866	0.0008808385376066188	9.165821829755005	2023-09-01	cTiterSub_x-ne_star	north	2023
2023-02-01	A/Yunnan-Anning/11170/2022_EPI2298745	0.008483	15.173660999999974	19.18234899999994	-0.05745855192521935	0.008201194828750862	15.262173099643332	2023-09-01	cTiterSub_x-ne_star	north	2023
2023-02-01	A/Yunnan-Chuxiong/342/2022_EPI2241894	0.000917	16.171691999999965	20.17671099999996	-0.04365726101971242	0.0008937033697472681	16.26027142996854	2023-09-01	cTiterSub_x-ne_star	north	2023
2023-02-01	A/Yunnan-Qilin/1457/2022_EPI2125278	1.4000000000000001e-05	16.172667999999963	20.153536999999957	-0.04370477189373562	1.364394811283514e-05	16.261057258466664	2023-09-01	cTiterSub_x-ne_star	north	2023
2023-02-01	A/Zhejiang-Shangcheng/11000/2022_EPI2241888	0.0008810000000000001	16.128918999999964	20.182328999999957	-0.05745855192521935	0.0008517331892172002	16.218734645959653	2023-09-01	cTiterSub_x-ne_star	north	2023
2023-02-01	A/Zhejiang-Shangcheng/11246/2022_EPI2298898	0.006651000000000001	16.128918999999964	20.182328999999957	-0.05745855192521935	0.006430053849584108	16.218734645959653	2023-09-01	cTiterSub_x-ne_star	north	2023
2024-02-01	A/AICHI/164/2023_EPI2725840	4.9e-05	12.949133999999976	14.292791999999997	0.13088428412957448	5.279220452451589e-05	12.926113196020738	2024-09-01	cTiterSub_x-ne_star	north	2024
2024-02-01	A/AICHI/170/2023_EPI2758732	0.00017900000000000001	14.528999999999979	15.542635999999993	-0.14179903221217677	0.00016449230287793383	14.505950146184926	2024-09-01	cTiterSub_x-ne_star	north	2024
2024-02-01	A/AICHI/173/2023_EPI2767397	0.000469	5.061662999999991	7.087282000000001	-0.03998625775846089	0.0004573603196229016	5.090267949112594	2024-09-01	cTiterSub_x-ne_star	north	2024
2024-02-01	A/AOMORI/31/2023_EPI2943173	0.009432	5.061662999999991	7.087282000000001	-0.03998625775846089	0.009197915852203	5.090267949112594	2024-09-01	cTiterSub_x-ne_star	north	2024
2024-02-01	A/Abu_Dhabi/11076/2023_EPI2796529	0.001982	4.5074299999999905	5.804566999999993	-0.007225759207953824	0.0019701023270802726	4.493943062914131	2024-09-01	cTiterSub_x-ne_star	north	2024
2024-02-01	A/Abu_Dhabi/12006/2023_EPI2796545	0.002966	5.477748999999991	7.113131000000002	-0.03998625775846089	0.0028923895692996287	5.492731066019172	2024-09-01	cTiterSub_x-ne_star	north	2024
2024-02-01	A/Abu_Dhabi/6867/2023_EPI2689849	1e-05	4.51093599999999	5.812501999999993	-0.007225759207953824	9.939971377801579e-06	4.4974191596392785	2024-09-01	cTiterSub_x-ne_star	north	2024
2024-02-01	A/Abu_Dhabi/8006/2023_EPI2689896	6.4e-05	3.248262999999991	3.2234699999999954	0.02385653235560113	6.477977680318537e-05	3.2352819418909653	2024-09-01	cTiterSub_x-ne_star	north	2024
2024-02-01	A/Algeria/1229/2023_EPI2954839	0.010284	3.248262999999991	3.2234699999999954	0.02385653235560113	0.01040930038506185	3.2352819418909653	2024-09-01	cTiterSub_x-ne_star	north	2024
2024-02-01	A/Amur_Oblast/65-54V/2023_EPI2860858	0.004241	4.41150999999999	5.358509999999996	0.02553532668820681	0.004296878256166446	4.3864635263451675	2024-09-01	cTiterSub_x-ne_star	north	2024
2024-02-01	A/Anhui-Jinan/11028/2023_EPI2822060	0.0027129999999999997	6.782043999999993	8.290380999999998	0.0006455234217521231	0.0027091248885407174	6.782780839828509	2024-09-01	cTiterSub_x-ne_star	north	2024
2024-02-01	A/Anhui-Jinan/11110/2023_EPI2959701	0.005045	7.872650999999988	9.563627999999998	-0.03189051129652898	0.004943081538435912	7.8761045794735995	2024-09-01	cTiterSub_x-ne_star	north	2024
2024-02-01	A/Anhui-Jinzhai/2121/2023_EPI2822299	0.001221	4.424191999999992	5.797875999999993	0.033631660495792304	0.0012429439737842876	4.411430997450229	2024-09-01	cTiterSub_x-ne_star	north	2024
2024-02-01	A/Anhui-Qiaocheng/11330/2023_EPI2822302	0.001052	5.4992889999999885	6.793029999999996	-0.03998684510411447	0.0010258910264283703	5.485557655131323	2024-09-01	cTiterSub_x-ne_star	north	2024
2024-02-01	A/Anhui-Tunxi/11031/2023_EPI2822069	0.003235	5.8582189999999885	5.549405999999992	0.05142071665287427	0.0033274905136149967	5.85549623185267	2024-09-01	cTiterSub_x-ne_star	north	2024
2024-02-01	A/Arizona/45/2023_EPI2796339	0.002796	5.0630239999999915	4.753555999999996	0.02182350880703324	0.002826712226544467	5.049839469394933	2024-09-01	cTiterSub_x-ne_star	north	2024
2024-02-01	A/Asturias/2109/2023_EPI2810013	0.0034219999999999997	5.061662999999991	7.087282000000001	-0.03998625775846089	0.003337072523986288	5.090267949112594	2024-09-01	cTiterSub_x-ne_star	north	2024
2024-02-01	A/Auckland/64/2023_EPI2925699	0.000469	5.061662999999991	7.087282000000001	-0.03998625775846089	0.0004573603196229016	5.090267949112594	2024-09-01	cTiterSub_x-ne_star	north	2024
2024-02-01	A/Auckland/67/2023_EPI2925665	0.000533	5.061662999999991	7.087282000000001	-0.03998625775846089	0.0005197719623859415	5.090267949112594	2024-09-01	cTiterSub_x-ne_star	north	2024
2024-02-01	A/Auckland/74/2023_EPI2925285	0.000657	5.061662999999991	7.087282000000001	-0.03998625775846089	0.0006406945202393312	5.090267949112594	2024-09-01	cTiterSub_x-ne_star	north	2024
2024-02-01	A/Auckland/81/2023_EPI2926190	0.001052	6.029442999999993	8.078776999999993	-0.013849673289594605	0.0010416523106070252	6.0581387203828685	2024-09-01	cTiterSub_x-ne_star	north	2024
2024-02-01	A/Auckland/82/2023_EPI2926207	0.001052	8.425046999999985	9.589726000000002	0.12845295254187042	0.0011318099507728633	8.397105604663984	2024-09-01	cTiterSub_x-ne_star	north	2024
2024-02-01	A/Bahrain/1834/2023_EPI2812725	0.00063	5.041497999999992	5.091329999999997	-0.04166563943672015	0.0006137630474306611	5.033866563367275	2024-09-01	cTiterSub_x-ne_star	north	2024
2024-02-01	A/Bangkok/369/2023_EPI2925401	0.002633	5.795661999999988	6.5229099999999995	-0.008903966194905922	0.0026146336042743253	5.800077813913447	2024-09-01	cTiterSub_x-ne_star	north	2024
2024-02-01	A/Bangkok/P2741/2023_EPI2713213	7.5e-05	5.061662999999991	7.087282000000001	-0.03998625775846089	7.313864386293733e-05	5.090267949112594	2024-09-01	cTiterSub_x-ne_star	north	2024
2024-02-01	A/Bangkok/P2761/2023_EPI2713221	8.4e-05	4.51122599999999	5.805043999999993	0.05667637143032169	8.666690478727367e-05	4.497709933758717	2024-09-01	cTiterSub_x-ne_star	north	2024
2024-02-01	A/Bangkok/P3872/2023_EPI2793326	0.001052	4.434237999999991	5.812394999999993	0.02433132191287832	0.0010651125345353398	4.420373022642214	2024-09-01	cTiterSub_x-ne_star	north	2024
2024-02-01	A/Bangkok/P4080/2023_EPI2793604	0.00146	5.431314999999987	6.810035999999997	-0.008429763983282315	0.001450216923670865	5.41747258879487	2024-09-01	cTiterSub_x-ne_star	north	2024
2024-02-01	A/Bangkok/P4277/2023_EPI2793924	0.0017350000000000002	4.434237999999991	5.812394999999993	0.02433132191287832	0.0017566257104741586	4.420373022642214	2024-09-01	cTiterSub_x-ne_star	north	2024
2024-02-01	A/Bangkok/P4533/2023_EPI2800525	0.0027129999999999997	5.460821999999987	6.787888999999996	-0.040036697457229584	0.002645590701224615	5.44856083117792	2024-09-01	cTiterSub_x-ne_star	north	2024
2024-02-01	A/Bangkok/P4545/2023_EPI2800541	0.003144	5.8243249999999875	6.51998	0.023857119701254714	0.003182307625773117	5.827207462545075	2024-09-01	cTiterSub_x-ne_star	north	2024
2024-02-01	A/Bangkok/P4811/2023_EPI2800709	0.004241	4.434237999999991	5.812394999999993	0.02433132191287832	0.004293861462893894	4.420373022642214	2024-09-01	cTiterSub_x-ne_star	north	2024
2024-02-01	A/Bangkok/P5199/2023_EPI2817963	0.007422	5.327561999999988	6.344579999999998	0.02252181757550856	0.007506582962786911	5.313947210235193	2024-09-01	cTiterSub_x-ne_star	north	2024
2024-02-01	A/Bangladesh/1641/2023_EPI2900592	0.0008029999999999	5.490736999999989	6.810309999999997	0.11031722624866563	0.0008548281919325572	5.477125074569664	2024-09-01	cTiterSub_x-ne_star	north	2024
2024-02-01	A/Bangladesh/3026/2023_EPI2900705	7.099999999999999e-05	10.19035899999999	11.533454999999986	-0.2188401740368938	6.237828283021261e-05	10.177051082380729	2024-09-01	cTiterSub_x-ne_star	north	2024
2024-02-01	A/Bangladesh/3029/2023_EPI2900928	7.900000000000001e-05	5.498891999999988	6.720673999999997	-0.0333595665073408	7.733774893888845e-05	5.485903442339124	2024-09-01	cTiterSub_x-ne_star	north	2024
2024-02-01	A/Bangladesh/3033/2023_EPI2900377	1.7e-05	5.491833999999988	6.802185999999997	0.11701685142175212	1.8168098900086135e-05	5.478446283709437	2024-09-01	cTiterSub_x-ne_star	north	2024
2024-02-01	A/Bangladesh/3036/2023_EPI2900313	0.00034500000000000004	3.5113969999999943	4.812523999999998	0.02553532668820681	0.0003495456256490035	3.4978832675682927	2024-09-01	cTiterSub_x-ne_star	north	2024
2024-02-01	A/Bangladesh/3037/2023_EPI2900253	1.9e-05	11.189455999999991	12.53343299999999	-0.25160125993305443	1.6376799226567296e-05	11.176275339259451	2024-09-01	cTiterSub_x-ne_star	north	2024
2024-02-01	A/Bangladesh/3044/2023_EPI2900896	2.5e-05	5.485998999999987	6.725516999999997	0.07437474046454536	2.6061396666329998e-05	5.472549190486466	2024-09-01	cTiterSub_x-ne_star	north	2024
2024-02-01	A/Bangladesh/8027/2023_EPI2900864	0.00011999999999999999	3.5113969999999943	4.812523999999998	0.02553532668820681	0.00012158108718226207	3.4978832675682927	2024-09-01	cTiterSub_x-ne_star	north	2024
2024-02-01	A/Belgium/H0030/2023_EPI2881265	0.00033	4.45561199999999	5.808731999999994	0.02553532668820681	0.00033434798975122074	4.443320812286915	2024-09-01	cTiterSub_x-ne_star	north	2024
2024-02-01	A/Berlin/25/2023_EPI2790713	0.00049	4.247279999999992	4.2231950000000005	0.02385653235560113	0.0004959701661493881	4.23429000155867	2024-09-01	cTiterSub_x-ne_star	north	2024
2024-02-01	A/Bhutan/01/2023_EPI2677289	1.2e-05	3.5113969999999943	4.812523999999998	0.02553532668820681	1.2158108718226209e-05	3.4978832675682927	2024-09-01	cTiterSub_x-ne_star	north	2024
2024-02-01	A/Bhutan/1337/2023_EPI2819222	0.000262	3.5113969999999943	4.812523999999998	0.02553532668820681	0.0002654520403479389	3.4978832675682927	2024-09-01	cTiterSub_x-ne_star	north	2024
2024-02-01	A/Bhutan/1338/2023_EPI2819317	0.001312	3.5113969999999943	4.812523999999998	0.02553532668820681	0.0013292865531927321	3.4978832675682927	2024-09-01	cTiterSub_x-ne_star	north	2024
2024-02-01	A/Bhutan/1502/2023_EPI2819293	0.0021149999999999997	5.4790019999999915	7.152476000000001	0.06866462814223821	0.002197462429038404	5.493615090974647	2024-09-01	cTiterSub_x-ne_star	north	2024
2024-02-01	A/Bhutan/1532/2023_EPI2819277	0.0008349999999999	3.5113969999999943	4.812523999999998	0.02553532668820681	0.000846001731643139	3.4978832675682927	2024-09-01	cTiterSub_x-ne_star	north	2024
2024-02-01	A/Bhutan/2362/2023_EPI2781029	8.4e-05	4.50332899999999	5.802207999999993	0.0020416282492184655	8.394835791291747e-05	4.490084415181849	2024-09-01	cTiterSub_x-ne_star	north	2024
2024-02-01	A/British_Columbia/PHL-1216/2023_EPI2858905	9.8e-05	6.039150999999993	8.058437999999995	-0.03998625775846089	9.55678279809048e-05	6.068437807114734	2024-09-01	cTiterSub_x-ne_star	north	2024
2024-02-01	A/British_Columbia/PHL-1254/2023_EPI2858682	0.000469	5.456343999999993	7.158413000000001	0.14945242416512133	0.0005107996421484537	5.471542518179669	2024-09-01	cTiterSub_x-ne_star	north	2024
2024-02-01	A/British_Columbia/PHL-1270/2023_EPI2859039	0.00058	5.456343999999993	7.158413000000001	0.14945242416512133	0.0006316925212070429	5.471542518179669	2024-09-01	cTiterSub_x-ne_star	north	2024
2024-02-01	A/British_Columbia/PHL-1273/2023_EPI2859133	0.000605	5.061662999999991	7.087282000000001	-0.03998625775846089	0.0005899850604943613	5.090267949112594	2024-09-01	cTiterSub_x-ne_star	north	2024
2024-02-01	A/British_Columbia/PHL-1275/2023_EPI2859198	0.000605	5.061662999999991	7.087282000000001	-0.03998625775846089	0.0005899850604943613	5.090267949112594	2024-09-01	cTiterSub_x-ne_star	north	2024
2024-02-01	A/British_Columbia/PHL-1276/2023_EPI2859228	0.000605	5.061662999999991	7.087282000000001	-0.03998625775846089	0.0005899850604943613	5.090267949112594	2024-09-01	cTiterSub_x-ne_star	north	2024
2024-02-01	A/British_Columbia/PHL-1349/2023_EPI2859845	0.0014089999999999999	5.061662999999991	7.087282000000001	-0.03998625775846089	0.0013740313227050497	5.090267949112594	2024-09-01	cTiterSub_x-ne_star	north	2024
2024-02-01	A/British_Columbia/RV00920/2023_EPI2813057	0.000771	6.3749299999999955	7.689222999999995	-0.06394515087139242	0.0007414302639847798	6.390116439518834	2024-09-01	cTiterSub_x-ne_star	north	2024
2024-02-01	A/Brunei/111/2023_EPI2861239	0.004241	5.91621299999999	7.6312299999999995	-0.03189051129652898	0.004155323846284777	5.918718347517053	2024-09-01	cTiterSub_x-ne_star	north	2024
2024-02-01	A/Busan/1301/2023_EPI2793114	0.00011999999999999999	11.524987999999977	12.55291	-0.1338628471987213	0.00011078586082572619	11.500360108843113	2024-09-01	cTiterSub_x-ne_star	north	2024
2024-02-01	A/CHIBA-C/9/2023_EPI2840353	0.000127	6.046142999999994	8.085175999999993	-0.07274734365462152	0.00012150376019047847	6.07508663828054	2024-09-01	cTiterSub_x-ne_star	north	2024
2024-02-01	A/California/68/2023_EPI2689844	2.8999999999999997e-05	6.052746999999993	8.087259999999993	-0.03998625775846089	2.8280275627002437e-05	6.081312585060402	2024-09-01	cTiterSub_x-ne_star	north	2024
2024-02-01	A/California/74/2023_EPI2716268	9.300000000000001e-05	4.41150999999999	5.358509999999996	0.02553532668820681	9.422534256625313e-05	4.3864635263451675	2024-09-01	cTiterSub_x-ne_star	north	2024
2024-02-01	A/California/78/2023_EPI2756770	0.000171	4.247917999999992	4.223127000000001	-0.008904553540559504	0.00016980713754101445	4.234942327615887	2024-09-01	cTiterSub_x-ne_star	north	2024
2024-02-01	A/Canberra/214/2023_EPI2790177	0.000217	4.474026999999991	5.796667999999993	0.6987338466885482	0.00032560538471698675	4.446619998896417	2024-09-01	cTiterSub_x-ne_star	north	2024
2024-02-01	A/Canberra/347/2023_EPI2818675	0.005414	5.061662999999991	7.087282000000001	-0.03998625775846089	0.005279634904985905	5.090267949112594	2024-09-01	cTiterSub_x-ne_star	north	2024
2024-02-01	A/Canberra/388/2023_EPI2861253	0.0075629999999999	6.018582999999994	8.085169999999993	-0.07274734365462152	0.007235692427721075	6.049204072771052	2024-09-01	cTiterSub_x-ne_star	north	2024
2024-02-01	A/Catalonia/NSVH102183497/2023_EPI2780778	0.003144	5.02524799999999	4.885411999999995	-0.04166563943672015	0.0030629698747968235	5.017625954137913	2024-09-01	cTiterSub_x-ne_star	north	2024
2024-02-01	A/Chanthaburi/P3036/2023_EPI2744021	0.000188	4.411725999999991	5.0226839999999955	-0.008904553540559504	0.00018668854887550121	4.400842467490308	2024-09-01	cTiterSub_x-ne_star	north	2024
2024-02-01	A/Chanthaburi/P5194/2023_EPI2817955	0.007422	5.815986999999987	6.52422	-0.008903966194905922	0.007370228108972291	5.819044211164	2024-09-01	cTiterSub_x-ne_star	north	2024
2024-02-01	A/Chanthaburi/P5480/2023_EPI2869535	0.009718000000000001	4.8889819999999915	6.325170999999999	-0.008429168612175122	0.009652885588221121	4.888862429797054	2024-09-01	cTiterSub_x-ne_star	north	2024
2024-02-01	A/Chiang_Rai/P2513/2023_EPI2681777	3.1e-05	4.511331999999991	5.796242999999993	0.18182539311449528	3.440652035128265e-05	4.497814454527589	2024-09-01	cTiterSub_x-ne_star	north	2024
2024-02-01	A/Chiang_Rai/P4258/2023_EPI2793900	0.0016769999999999999	4.424191999999992	5.797875999999993	0.033631660495792304	0.0017071392662049553	4.411430997450229	2024-09-01	cTiterSub_x-ne_star	north	2024
2024-02-01	A/Chiang_Rai/P5309/2023_EPI2869462	0.00799	5.460821999999987	6.787888999999996	-0.040036697457229584	0.00779147427305001	5.44856083117792	2024-09-01	cTiterSub_x-ne_star	north	2024
2024-02-01	A/Chiang_Rai/P5518/2023_EPI2869552	0.009718000000000001	5.844938999999994	7.752584999999991	-0.07274734365462152	0.009297429460874565	5.878737901109137	2024-09-01	cTiterSub_x-ne_star	north	2024
2024-02-01	A/Chiang_Rai/P5645/2023_EPI2869617	0.009861	3.248262999999991	3.2234699999999954	0.02385653235560113	0.009981146547753297	3.2352819418909653	2024-09-01	cTiterSub_x-ne_star	north	2024
2024-02-01	A/Chongqing-Banan/3170/2023_EPI2959809	0.0052899999999999996	4.868711999999991	4.558487999999993	-0.04166563943672015	0.005153661144298725	4.866091656069526	2024-09-01	cTiterSub_x-ne_star	north	2024
2024-02-01	A/Chongqing-Yongchuan/11070/2023_EPI2822108	0.004241	7.8771919999999875	9.577559999999997	-0.06465159719268962	0.004076666960773125	7.880664190885601	2024-09-01	cTiterSub_x-ne_star	north	2024
2024-02-01	A/Chongqing-Yuzhong/3176/2023_EPI2959321	0.009861	6.812922999999988	6.525271000000003	-0.10755713683087902	0.009244603672921951	6.813074665807717	2024-09-01	cTiterSub_x-ne_star	north	2024
2024-02-01	A/Colorado/58/2023_EPI2772561	0.000741	3.703006999999993	3.736245999999998	0.023857119701254714	0.0007500286102728624	3.703771349045804	2024-09-01	cTiterSub_x-ne_star	north	2024
2024-02-01	A/Colorado/79/2023_EPI2901020	0.007001	8.012155999999989	10.037696999999987	-0.059590087609542756	0.006749619857791057	8.042029985938857	2024-09-01	cTiterSub_x-ne_star	north	2024
2024-02-01	A/Croatia/HZJZ_5011/2023_EPI2744598	0.00022799999999999999	3.248262999999991	3.2234699999999954	0.02385653235560113	0.00023077795486134788	3.2352819418909653	2024-09-01	cTiterSub_x-ne_star	north	2024
2024-02-01	A/Croatia/HZJZ_5016/2023_EPI2744638	0.00022799999999999999	3.248262999999991	3.2234699999999954	0.02385653235560113	0.00023077795486134788	3.2352819418909653	2024-09-01	cTiterSub_x-ne_star	north	2024
2024-02-01	A/Croatia/HZJZ_5019/2023_EPI2744662	0.000315	3.248262999999991	3.2234699999999954	0.02385653235560113	0.00031883796395317806	3.2352819418909653	2024-09-01	cTiterSub_x-ne_star	north	2024
2024-02-01	A/Croatia/HZJZ_5020/2023_EPI2744670	0.00058	3.248262999999991	3.2234699999999954	0.02385653235560113	0.0005870667272788675	3.2352819418909653	2024-09-01	cTiterSub_x-ne_star	north	2024
2024-02-01	A/Croatia/HZJZ_5387/2023_EPI2767534	0.000771	3.248262999999991	3.2234699999999954	0.02385653235560113	0.0007803938736758738	3.2352819418909653	2024-09-01	cTiterSub_x-ne_star	north	2024
2024-02-01	A/Croatia/HZJZ_5390/2023_EPI2767558	0.000771	3.248262999999991	3.2234699999999954	0.02385653235560113	0.0007803938736758738	3.2352819418909653	2024-09-01	cTiterSub_x-ne_star	north	2024
2024-02-01	A/Daegu/1208/2023_EPI2735040	2.5e-05	5.061662999999991	7.087282000000001	-0.03998625775846089	2.4379547954312453e-05	5.090267949112594	2024-09-01	cTiterSub_x-ne_star	north	2024
2024-02-01	A/Darwin/207/2023_EPI2743841	0.00017900000000000001	4.961119999999988	5.917511999999994	-0.008904553540559504	0.00017775133111018468	4.948927426419287	2024-09-01	cTiterSub_x-ne_star	north	2024
2024-02-01	A/Denmark/1531/2023_EPI2763646	0.00011999999999999999	3.5113969999999943	4.812523999999998	0.02553532668820681	0.00012158108718226207	3.4978832675682927	2024-09-01	cTiterSub_x-ne_star	north	2024
2024-02-01	A/EHIME/50/2023_EPI2767381	0.00025	13.968818999999987	15.319376999999987	-0.06515167063788105	0.00024024274532461596	13.947605435646475	2024-09-01	cTiterSub_x-ne_star	north	2024
2024-02-01	A/EHIME/54/2023_EPI2777799	0.000771	5.061662999999991	7.087282000000001	-0.03998625775846089	0.0007518652589109959	5.090267949112594	2024-09-01	cTiterSub_x-ne_star	north	2024
2024-02-01	A/EHIME/71/2023_EPI2840385	0.001794	6.027317999999994	7.940973999999994	-0.025747327040265014	0.001764068102868878	6.055409873433829	2024-09-01	cTiterSub_x-ne_star	north	2024
2024-02-01	A/England/232780676/2023_EPI2701011	3.9e-05	13.367786999999987	14.830672999999999	-0.0997022197472138	3.6730081999460386e-05	13.361900836986406	2024-09-01	cTiterSub_x-ne_star	north	2024
2024-02-01	A/England/233100280/2023_EPI2701058	0.0001629999999999	6.202937999999988	6.215967999999994	0.023666659184059278	0.0001649677213159975	6.189751249250931	2024-09-01	cTiterSub_x-ne_star	north	2024
2024-02-01	A/England/233400424/2023_EPI2794644	0.00011399999999999999	5.127180999999989	5.926086999999996	0.02553532668820681	0.00011550203282314898	5.104490218750651	2024-09-01	cTiterSub_x-ne_star	north	2024
2024-02-01	A/England/234200271/2023_EPI2794935	0.001052	5.061662999999991	7.087282000000001	-0.03998625775846089	0.0010258913779174678	5.090267949112594	2024-09-01	cTiterSub_x-ne_star	north	2024
2024-02-01	A/England/234740366/2023_EPI2848291	0.003054	3.248262999999991	3.2234699999999954	0.02385653235560113	0.003091209974327002	3.2352819418909653	2024-09-01	cTiterSub_x-ne_star	north	2024
2024-02-01	A/England/235160230/2023_EPI2936016	0.011498999999999999	4.189934999999992	4.2046980000000005	-0.008904553540559504	0.011418785231486109	4.177937092556895	2024-09-01	cTiterSub_x-ne_star	north	2024
2024-02-01	A/FUKUOKA/23082/2023_EPI2810660	0.00063	7.042447999999987	9.083813000000005	-0.10634219422300212	0.000591038374714771	7.071327732084173	2024-09-01	cTiterSub_x-ne_star	north	2024
2024-02-01	A/FUKUOKA/23142/2023_EPI2943149	0.0041329999999999995	14.922878999999977	16.29086799999999	0.03260102644109258	0.0042047501543406845	14.899715417674262	2024-09-01	cTiterSub_x-ne_star	north	2024
2024-02-01	A/FUKUSHIMA/54/2023_EPI2767405	0.000127	16.90041199999997	18.25692700000001	0.24767635356289844	0.00014647562520314557	16.87762618595124	2024-09-01	cTiterSub_x-ne_star	north	2024
2024-02-01	A/FUKUSHIMA/62/2023_EPI2903830	0.0016769999999999999	6.050483999999992	8.087259999999993	-0.07274734365462152	0.0016044236680270265	6.079573757040517	2024-09-01	cTiterSub_x-ne_star	north	2024
2024-02-01	A/Fiji/246/2023_EPI2921726	0.004926	6.050167999999994	8.087259999999993	0.010066003951727166	0.004946069445372962	6.0786298176401825	2024-09-01	cTiterSub_x-ne_star	north	2024
2024-02-01	A/Finland/391/2023_EPI2736643	4.6e-05	12.532565999999974	13.542861999999994	-0.1338628471987213	4.2467913316528375e-05	12.509266661243291	2024-09-01	cTiterSub_x-ne_star	north	2024
2024-02-01	A/Finland/397/2023_EPI2736679	8.8e-05	5.481091999999989	6.765313999999996	-0.014491489033563993	8.710179744854606e-05	5.469256953197331	2024-09-01	cTiterSub_x-ne_star	north	2024
2024-02-01	A/Finland/399/2023_EPI2736695	0.000133	6.219036999999989	7.598206999999999	0.02553532668820681	0.00013475237162700716	6.2054327417589485	2024-09-01	cTiterSub_x-ne_star	north	2024
2024-02-01	A/France/ARA-HCL023201623701/2023_EPI2939909	0.011752	4.224755999999992	4.223448	-0.0005423073629884367	0.011727085511356065	4.211827770868257	2024-09-01	cTiterSub_x-ne_star	north	2024
2024-02-01	A/France/IDF-RELAB-IPP32870/2023_EPI2894240	0.010562	3.248262999999991	3.2234699999999954	0.02385653235560113	0.010690687540550687	3.2352819418909653	2024-09-01	cTiterSub_x-ne_star	north	2024
2024-02-01	A/GIFU/13/2023_EPI2903918	0.00058	6.060074999999993	8.087259999999993	-0.03998625775846089	0.0005656055125400488	6.088714289303957	2024-09-01	cTiterSub_x-ne_star	north	2024
2024-02-01	A/GIFU/17/2023_EPI2903742	0.0011769999999999999	8.03346599999999	10.033108999999989	-0.10550842955078217	0.0011047469660545534	8.063067524842836	2024-09-01	cTiterSub_x-ne_star	north	2024
2024-02-01	A/GIFU/31/2023_EPI2903750	0.002184	6.057291999999994	8.086136999999992	-0.03998625775846089	0.002129797309288736	6.086008354494016	2024-09-01	cTiterSub_x-ne_star	north	2024
2024-02-01	A/Gansu-Yumen/2158/2023_EPI2959336	0.009575	4.868711999999991	4.558487999999993	-0.04166563943672015	0.009328224093886636	4.866091656069526	2024-09-01	cTiterSub_x-ne_star	north	2024
2024-02-01	A/Georgia/40/2023_EPI2756864	0.000469	4.45561199999999	5.808731999999994	0.02553532668820681	0.000475179415737341	4.443320812286915	2024-09-01	cTiterSub_x-ne_star	north	2024
2024-02-01	A/Georgia/43/2023_EPI2756848	0.00058	3.248262999999991	3.2234699999999954	0.02385653235560113	0.0005870667272788675	3.2352819418909653	2024-09-01	cTiterSub_x-ne_star	north	2024
2024-02-01	A/Georgia/46/2023_EPI2772529	0.001013	5.928408999999989	7.627222999999998	-0.0874418080986811	0.0009608880003102488	5.933686363782222	2024-09-01	cTiterSub_x-ne_star	north	2024
2024-02-01	A/Georgia/46/2023_EPI2772577	0.001013	5.928408999999989	7.627222999999998	-0.0874418080986811	0.0009608880003102488	5.933686363782222	2024-09-01	cTiterSub_x-ne_star	north	2024
2024-02-01	A/Georgia/54/2023_EPI2796677	0.0035189999999999996	4.2359349999999925	4.201755	-0.009232307076307586	0.0034937841073247535	4.223185097534689	2024-09-01	cTiterSub_x-ne_star	north	2024
2024-02-01	A/Ghana/7707/2023_EPI2901301	0.0014089999999999999	7.480199999999984	8.280143999999998	0.22208482527038262	0.001600992562872436	7.476477549120862	2024-09-01	cTiterSub_x-ne_star	north	2024
2024-02-01	A/Guangdong-Futian/1980/2023_EPI2667823	1.1e-05	5.423412999999985	6.763727999999996	-0.03189051129652898	1.0777779370226964e-05	5.410674874688691	2024-09-01	cTiterSub_x-ne_star	north	2024
2024-02-01	A/Guyana/1548/2023_EPI2925933	0.002796	5.127180999999989	5.926086999999996	0.02553532668820681	0.0028328393313467063	5.104490218750651	2024-09-01	cTiterSub_x-ne_star	north	2024
2024-02-01	A/Guyana/1549/2023_EPI2926310	0.002796	5.127180999999989	5.926086999999996	0.02553532668820681	0.0028328393313467063	5.104490218750651	2024-09-01	cTiterSub_x-ne_star	north	2024
2024-02-01	A/Guyana/4831/2023_EPI2926079	0.007422	6.11147199999999	6.926064999999999	0.025521977618137716	0.007519731686163569	6.088577404702832	2024-09-01	cTiterSub_x-ne_star	north	2024
2024-02-01	A/Guyana/5259/2023_EPI2926327	0.008422	6.10822999999999	6.858764999999999	0.221844420430294	0.009568253097619836	6.083090092653862	2024-09-01	cTiterSub_x-ne_star	north	2024
2024-02-01	A/Guyana/5525/2023_EPI2926344	0.0087099999999999	5.127180999999989	5.926086999999996	0.02553532668820681	0.00882476057797909	5.104490218750651	2024-09-01	cTiterSub_x-ne_star	north	2024
2024-02-01	A/Guyana/5526/2023_EPI2926172	0.007848	5.127180999999989	5.926086999999996	0.02553532668820681	0.00795140310171994	5.104490218750651	2024-09-01	cTiterSub_x-ne_star	north	2024
2024-02-01	A/Gwangju/1358/2023_EPI2793123	0.00043099999999999996	5.061662999999991	7.087282000000001	-0.03998625775846089	0.0004203034067323466	5.090267949112594	2024-09-01	cTiterSub_x-ne_star	north	2024
2024-02-01	A/Gyeongbuk/1445/2023_EPI2793225	0.001312	4.236780999999993	4.213732	0.02385653235560113	0.0013279854244653002	4.223727167541102	2024-09-01	cTiterSub_x-ne_star	north	2024
2024-02-01	A/HAMAMATU-C/2/2023_EPI2840409	0.0035189999999999996	7.018444999999988	9.056226000000004	-0.1426012706437193	0.0032322770508873356	7.049633594497236	2024-09-01	cTiterSub_x-ne_star	north	2024
2024-02-01	A/HIROSHIMA/101/2023_EPI2747916	7.099999999999999e-05	12.949133999999976	14.292791999999997	0.13088428412957448	7.649482696409444e-05	12.926113196020738	2024-09-01	cTiterSub_x-ne_star	north	2024
2024-02-01	A/HIROSHIMA/139/2023_EPI2840217	0.002184	7.050805999999988	9.047804000000005	0.01257766564760026	0.0021961132731310854	7.079286033591032	2024-09-01	cTiterSub_x-ne_star	north	2024
2024-02-01	A/HIROSHIMA/96/2023_EPI2747908	1.2e-05	12.949133999999976	14.292791999999997	0.13088428412957448	1.2928703148861035e-05	12.926113196020738	2024-09-01	cTiterSub_x-ne_star	north	2024
2024-02-01	A/HYOGO/1033/2023_EPI2725848	0.000188	5.061662999999991	7.087282000000001	-0.03998625775846089	0.0001833342006164296	5.090267949112594	2024-09-01	cTiterSub_x-ne_star	north	2024
2024-02-01	A/HYOGO/1042/2023_EPI2790491	0.0014089999999999999	6.049920999999993	8.058786999999992	0.22231848390843428	0.0016012107944273738	6.078088798345062	2024-09-01	cTiterSub_x-ne_star	north	2024
2024-02-01	A/HYOGO/2002/2023_EPI2775282	0.0009029999999999999	5.061662999999991	7.087282000000001	-0.03998625775846089	0.0008805892721097656	5.090267949112594	2024-09-01	cTiterSub_x-ne_star	north	2024
2024-02-01	A/Hainan-Xiuying/1975/2023_EPI2959428	0.0059240000000000004	4.868711999999991	4.558487999999993	-0.04166563943672015	0.005771321099967043	4.866091656069526	2024-09-01	cTiterSub_x-ne_star	north	2024
2024-02-01	A/Hawaii/27/2023_EPI2677156	1.8e-05	6.060933999999994	8.074475999999994	-0.07274734365462152	1.7221005381327657e-05	6.08955744639588	2024-09-01	cTiterSub_x-ne_star	north	2024
2024-02-01	A/Hawaii/32/2023_EPI2716283	0.000109	7.495842999999984	8.268386	-0.007552925398050176	0.00010832501254754718	7.494275909826117	2024-09-01	cTiterSub_x-ne_star	north	2024
2024-02-01	A/Hawaii/39/2023_EPI2778137	0.000684	4.49844799999999	5.766589999999994	-0.007225759207953824	0.0006798940422416278	4.4854555615436995	2024-09-01	cTiterSub_x-ne_star	north	2024
2024-02-01	A/Hebei-Chengde/11150/2023_EPI2959407	0.007422	6.7599679999999935	8.299155999999996	-0.020278186509090364	0.007321488797184005	6.76114533948093	2024-09-01	cTiterSub_x-ne_star	north	2024
2024-02-01	A/Henan-Chuanhui/1864/2023_EPI2822027	0.002633	4.424191999999992	5.797875999999993	0.033631660495792304	0.0026803206248763546	4.411430997450229	2024-09-01	cTiterSub_x-ne_star	north	2024
2024-02-01	A/Henan-Shihe/1657/2023_EPI2667832	1.1e-05	14.50114199999998	15.524560999999993	-0.16662393309488194	9.963137707628884e-06	14.477997858339585	2024-09-01	cTiterSub_x-ne_star	north	2024
2024-02-01	A/Henan-Suiyang/11219/2023_EPI2959380	0.009432	4.868711999999991	4.558487999999993	-0.04166563943672015	0.009188909624390468	4.866091656069526	2024-09-01	cTiterSub_x-ne_star	north	2024
2024-02-01	A/Honduras/9391/2023_EPI2732773	0.0001629999999999	13.391290999999988	14.834755	-0.0997022197472138	0.00015351290681816333	13.384807112451963	2024-09-01	cTiterSub_x-ne_star	north	2024
2024-02-01	A/HongKong/1536/2023_EPI2721532	4.6e-05	4.424191999999992	5.797875999999993	0.033631660495792304	4.6826718095067345e-05	4.411430997450229	2024-09-01	cTiterSub_x-ne_star	north	2024
2024-02-01	A/HongKong/1544/2023_EPI2721536	4.9e-05	5.424090999999986	6.797833999999996	0.0008705745996316679	4.893643483409295e-05	5.41133312458056	2024-09-01	cTiterSub_x-ne_star	north	2024
2024-02-01	A/Hong_Kong/1522/2023_EPI2716228	4.6e-05	5.91621299999999	7.6312299999999995	-0.03189051129652898	4.5070713730040036e-05	5.918718347517053	2024-09-01	cTiterSub_x-ne_star	north	2024
2024-02-01	A/Hong_Kong/1529/2023_EPI2716218	5.2000000000000004e-05	5.9428829999999895	7.631043	0.0008705745996316679	5.19325430892415e-05	5.944683935132624	2024-09-01	cTiterSub_x-ne_star	north	2024
2024-02-01	A/Hong_Kong/1533/2023_EPI2716236	5.400000000000001e-05	5.91621299999999	7.6312299999999995	-0.03189051129652898	5.290909872656874e-05	5.918718347517053	2024-09-01	cTiterSub_x-ne_star	north	2024
2024-02-01	A/Hubei-Jianli/2583/2023_EPI2667841	1.1e-05	5.4241669999999855	6.797853999999997	0.033631660495792304	1.1197693457516104e-05	5.411408602063313	2024-09-01	cTiterSub_x-ne_star	north	2024
2024-02-01	A/Hubei-Qiaokou/1898/2023_EPI2959776	0.005666	5.061662999999991	7.087282000000001	-0.03998625775846089	0.005525380748365374	5.090267949112594	2024-09-01	cTiterSub_x-ne_star	north	2024
2024-02-01	A/Hubei-Tianmen/319/2023_EPI2822000	0.0033280000000000002	6.055003999999994	8.086411999999992	-0.07274734365462152	0.0031839725505032473	6.083900004011587	2024-09-01	cTiterSub_x-ne_star	north	2024
2024-02-01	A/Incheon/1214/2023_EPI2735091	2.5e-05	5.061662999999991	7.087282000000001	-0.03998625775846089	2.4379547954312453e-05	5.090267949112594	2024-09-01	cTiterSub_x-ne_star	north	2024
2024-02-01	A/India/Pune-NIV2310804/2023_EPI2746386	1.1e-05	5.352164999999991	6.698616999999995	-0.05468072220252046	1.0635444664737586e-05	5.34362454377548	2024-09-01	cTiterSub_x-ne_star	north	2024
2024-02-01	A/Indiana/11/2023_EPI2900837	0.008999	3.248262999999991	3.2234699999999954	0.02385653235560113	0.009108643928935393	3.2352819418909653	2024-09-01	cTiterSub_x-ne_star	north	2024
2024-02-01	A/Indonesia/BIOKES-IBPP1640/2023_EPI2892940	6.4e-05	4.489731999999989	5.811618999999993	-0.007225759207953824	6.36158168179301e-05	4.476742498023778	2024-09-01	cTiterSub_x-ne_star	north	2024
2024-02-01	A/Iowa/64/2023_EPI2861738	0.00632	3.248262999999991	3.2234699999999954	0.02385653235560113	0.006397002959314556	3.2352819418909653	2024-09-01	cTiterSub_x-ne_star	north	2024
2024-02-01	A/Iowa/90/2023_EPI2925176	0.011369	3.248262999999991	3.2234699999999954	0.02385653235560113	0.011507520038678352	3.2352819418909653	2024-09-01	cTiterSub_x-ne_star	north	2024
2024-02-01	A/Iran/24N11/2023_EPI2942602	0.001794	3.248262999999991	3.2234699999999954	0.02385653235560113	0.0018158581185142902	3.2352819418909653	2024-09-01	cTiterSub_x-ne_star	north	2024
2024-02-01	A/Japan/14340/2023_EPI2916593	0.0075629999999999	5.061662999999991	7.087282000000001	-0.03998625775846089	0.007375300847138505	5.090267949112594	2024-09-01	cTiterSub_x-ne_star	north	2024
2024-02-01	A/Jeonbuk/1228/2023_EPI2735124	3.9e-05	5.061662999999991	7.087282000000001	-0.03998625775846089	3.803209480872742e-05	5.090267949112594	2024-09-01	cTiterSub_x-ne_star	north	2024
2024-02-01	A/Jiangsu-Hailing/11651/2023_EPI2822329	0.001052	4.40136099999999	5.0159179999999965	0.02385653235560113	0.0010648175812023597	4.39055716587248	2024-09-01	cTiterSub_x-ne_star	north	2024
2024-02-01	A/Jiangsu-Haizhou/3940/2023_EPI2959342	0.009575	4.868711999999991	4.558487999999993	-0.04166563943672015	0.009328224093886636	4.866091656069526	2024-09-01	cTiterSub_x-ne_star	north	2024
2024-02-01	A/Jiangsu-Qinhuai/1710/2023_EPI2822332	0.0008349999999999	5.9417969999999904	7.6312299999999995	-0.03189051129652898	0.0008181314340125851	5.9436281889649285	2024-09-01	cTiterSub_x-ne_star	north	2024
2024-02-01	A/Jilin-Nanguan/11094/2023_EPI2959830	0.005539	7.87660099999999	9.558423999999986	-0.0722979301647304	0.0053006754764975406	7.907592266755607	2024-09-01	cTiterSub_x-ne_star	north	2024
2024-02-01	A/Jilin-Nanguan/11147/2023_EPI2959354	0.009432	6.999715999999989	9.083094000000006	-0.09554300483752984	0.008904607310474153	7.031394858150105	2024-09-01	cTiterSub_x-ne_star	north	2024
2024-02-01	A/KANAGAWA/AC2310/2023_EPI2781668	0.002255	5.061662999999991	7.087282000000001	-0.03998625775846089	0.002199035225478983	5.090267949112594	2024-09-01	cTiterSub_x-ne_star	north	2024
2024-02-01	A/KANAGAWA/AC2343/2023_EPI2943085	0.010699	6.025485999999995	8.059133999999993	-0.07274734365462152	0.010235974254156923	6.05609814859901	2024-09-01	cTiterSub_x-ne_star	north	2024
2024-02-01	A/KANAGAWA/IC2239/2023_EPI2647253	2.6000000000000002e-05	13.529360999999973	14.542657999999989	-0.10903794631601614	2.4353732999561143e-05	13.506279130790682	2024-09-01	cTiterSub_x-ne_star	north	2024
2024-02-01	A/KANAGAWA/IC2241/2023_EPI2647269	2.8000000000000013e-05	13.529360999999973	14.542657999999989	-0.10903794631601614	2.622709707645047e-05	13.506279130790682	2024-09-01	cTiterSub_x-ne_star	north	2024
2024-02-01	A/KANAGAWA/IC2242/2023_EPI2691045	3.9e-05	13.529360999999973	14.542657999999989	-0.10903794631601614	3.6530599499341714e-05	13.506279130790682	2024-09-01	cTiterSub_x-ne_star	north	2024
2024-02-01	A/KANAGAWA/IC2304/2023_EPI2777752	0.001221	7.0230409999999885	9.022967000000005	-0.10550842955078217	0.0011460459180565928	7.053806056762898	2024-09-01	cTiterSub_x-ne_star	north	2024
2024-02-01	A/KANAGAWA/IC2321/2023_EPI2840201	0.005666	5.061662999999991	7.087282000000001	-0.03998625775846089	0.005525380748365374	5.090267949112594	2024-09-01	cTiterSub_x-ne_star	north	2024
2024-02-01	A/KOCHI/16/2023_EPI2767373	2.8999999999999997e-05	4.411089999999991	5.025113999999995	-0.008904553540559504	2.8797701688242208e-05	4.400210608816669	2024-09-01	cTiterSub_x-ne_star	north	2024
2024-02-01	A/Kazan/RII-13/2023_EPI2949688	0.007848	5.133000999999991	5.1612679999999935	-0.04166563943672015	0.007645733962279093	5.122166872692895	2024-09-01	cTiterSub_x-ne_star	north	2024
2024-02-01	A/Kazan/RII-MH153190S/2023_EPI2849912	0.00799	5.1327169999999915	5.1612679999999935	-0.04166563943672015	0.007784074204715846	5.1218901922080216	2024-09-01	cTiterSub_x-ne_star	north	2024
2024-02-01	A/Kenya/106/2023_EPI2796243	0.00043099999999999996	4.495687999999991	5.812501999999993	0.025521977618137716	0.0004366753377440714	4.481970453520476	2024-09-01	cTiterSub_x-ne_star	north	2024
2024-02-01	A/Kenya/GIHSN-HCL023181163201/2023_EPI2817198	1.1e-05	5.39470199999999	6.020935999999997	-0.04188903579119248	1.0715101229077107e-05	5.38420078405959	2024-09-01	cTiterSub_x-ne_star	north	2024
2024-02-01	A/Kenya/KLF221780/2023_EPI2807141	7.900000000000001e-05	4.51123599999999	5.801750999999994	0.02553532668820681	8.004088239498922e-05	4.497723185803501	2024-09-01	cTiterSub_x-ne_star	north	2024
2024-02-01	A/Kenya/KLF221781/2023_EPI2807145	7.900000000000001e-05	3.5113969999999943	4.812523999999998	0.02553532668820681	8.004088239498922e-05	3.4978832675682927	2024-09-01	cTiterSub_x-ne_star	north	2024
2024-02-01	A/Kenya/KLF221782/2023_EPI2807151	7.900000000000001e-05	5.485527999999988	6.762642999999999	-0.04016242571455233	7.703145501904049e-05	5.4726770658893615	2024-09-01	cTiterSub_x-ne_star	north	2024
2024-02-01	A/Kenya/KLF241777/2023_EPI2807085	0.001052	3.5113969999999943	4.812523999999998	0.02553532668820681	0.0010658608642978309	3.4978832675682927	2024-09-01	cTiterSub_x-ne_star	north	2024
2024-02-01	A/Krabi/THIS055/2023_EPI2759978	0.00049	6.302436999999988	6.890626999999996	-0.009036895087726654	0.0004865442938141186	6.277660597531228	2024-09-01	cTiterSub_x-ne_star	north	2024
2024-02-01	A/Krabi/THIS057/2023_EPI2759987	0.000377	6.302436999999988	6.890626999999996	-0.009036895087726654	0.0003743412219753525	6.277660597531228	2024-09-01	cTiterSub_x-ne_star	north	2024
2024-02-01	A/Krabi/THIS10/2023_EPI2755318	0.00033	6.302436999999988	6.890626999999996	-0.009036895087726654	0.00032767268767073296	6.277660597531228	2024-09-01	cTiterSub_x-ne_star	north	2024
2024-02-01	A/Krasnogorsk/RII-MH158656S/2023_EPI2916173	0.009575	4.2122659999999925	4.218456000000001	-0.008904553540559504	0.00950820667810066	4.19945691775698	2024-09-01	cTiterSub_x-ne_star	north	2024
2024-02-01	A/Laos/F4672/2023_EPI2904038	0.003235	3.248262999999991	3.2234699999999954	0.02385653235560113	0.0032744152805985107	3.2352819418909653	2024-09-01	cTiterSub_x-ne_star	north	2024
2024-02-01	A/Livingstone/05-NIC-320/2023_EPI2790958	0.000288	5.4968169999999885	6.811456999999997	-0.02210950947790167	0.00028379647406970266	5.483937159566317	2024-09-01	cTiterSub_x-ne_star	north	2024
2024-02-01	A/Livingstone/09-NIC-395/2023_EPI2782307	3.5e-05	4.50060199999999	5.811984999999994	-0.02191963630635982	3.44929750427915e-05	4.487695072965093	2024-09-01	cTiterSub_x-ne_star	north	2024
2024-02-01	A/Livingstone/09-NIC-418/2023_EPI2786367	5.2000000000000004e-05	12.386269999999978	12.962162	0.02385653235560113	5.263356865258812e-05	12.368425845295217	2024-09-01	cTiterSub_x-ne_star	north	2024
2024-02-01	A/Loei/BOE348/2023_EPI2817779	0.004926	5.388127999999986	6.778985999999998	0.0008705745996316679	0.0049196097549539155	5.376903214534259	2024-09-01	cTiterSub_x-ne_star	north	2024
2024-02-01	A/Lusaka/04-NIC-464/2023_EPI2722052	4.6e-05	4.50060199999999	5.811984999999994	-0.02191963630635982	4.533362434195455e-05	4.487695072965093	2024-09-01	cTiterSub_x-ne_star	north	2024
2024-02-01	A/MIYAZAKI/49/2023_EPI2903926	0.0001629999999999	5.061662999999991	7.087282000000001	-0.03998625775846089	0.00015895465266201964	5.090267949112594	2024-09-01	cTiterSub_x-ne_star	north	2024
2024-02-01	A/Macau/9901287/2023_EPI2790387	1.7e-05	4.943469999999988	6.631251999999998	0.0008705745996316679	1.6977946779175106e-05	4.945264451832952	2024-09-01	cTiterSub_x-ne_star	north	2024
2024-02-01	A/Malaysia/TIDREC_KBR-AUFI251/2023_EPI2760690	1.1e-05	4.504715999999989	5.812501999999993	-0.007225759207953824	1.0933968515581735e-05	4.491362077195484	2024-09-01	cTiterSub_x-ne_star	north	2024
2024-02-01	A/Maldives/1074/2023_EPI2689789	3.7e-05	5.487156999999987	6.767414999999997	-0.04053799499433488	3.607012005415181e-05	5.474089600159048	2024-09-01	cTiterSub_x-ne_star	north	2024
2024-02-01	A/Maldives/1446/2023_EPI2925881	0.00043099999999999996	11.189455999999991	12.53343299999999	-0.25160125993305443	0.00037149476140265804	11.176275339259451	2024-09-01	cTiterSub_x-ne_star	north	2024
2024-02-01	A/Maldives/1754/2023_EPI2926219	0.002048	3.248262999999991	3.2234699999999954	0.02385653235560113	0.002072952857701932	3.2352819418909653	2024-09-01	cTiterSub_x-ne_star	north	2024
2024-02-01	A/Maldives/1892/2023_EPI2926055	0.0037159999999999997	3.248262999999991	3.2234699999999954	0.02385653235560113	0.0037612757906349504	3.2352819418909653	2024-09-01	cTiterSub_x-ne_star	north	2024
2024-02-01	A/Maldives/1985/2023_EPI2926285	0.0059240000000000004	4.2364119999999925	4.223436	-0.008904553540559504	0.005882675337970582	4.223516591215028	2024-09-01	cTiterSub_x-ne_star	north	2024
2024-02-01	A/Maldives/2091/2023_EPI2925982	0.008134	4.231759999999992	4.141504000000001	-0.008904553540559504	0.008077258811453868	4.2188923674995085	2024-09-01	cTiterSub_x-ne_star	north	2024
2024-02-01	A/Maldives/2148/2023_EPI2926030	0.009288	4.148375999999993	3.769456	0.02385653235560113	0.009401165108562277	4.123862200667843	2024-09-01	cTiterSub_x-ne_star	north	2024
2024-02-01	A/Maldives/948/2023_EPI2689829	1.4000000000000001e-05	5.501221999999987	6.807949999999997	-0.04034908190694278	1.3649657633856345e-05	5.487774637234364	2024-09-01	cTiterSub_x-ne_star	north	2024
2024-02-01	A/Maldives/991/2023_EPI2689781	1.8e-05	4.50125299999999	5.807971999999993	-0.007449155562427081	1.788961705091786e-05	4.487801936549633	2024-09-01	cTiterSub_x-ne_star	north	2024
2024-02-01	A/Mauritius/P52643/2023_EPI2954957	0.00058	3.248262999999991	3.2234699999999954	0.02385653235560113	0.0005870667272788675	3.2352819418909653	2024-09-01	cTiterSub_x-ne_star	north	2024
2024-02-01	A/Michigan/52/2023_EPI2796597	0.001093	5.061662999999991	7.087282000000001	-0.03998625775846089	0.0010658738365625403	5.090267949112594	2024-09-01	cTiterSub_x-ne_star	north	2024
2024-02-01	A/Michigan/54/2023_EPI2796576	0.00146	4.245339999999993	4.223448	0.02385653235560113	0.0014777886583226664	4.232326364574324	2024-09-01	cTiterSub_x-ne_star	north	2024
2024-02-01	A/Michigan/UM-10052407968/2023_EPI2756116	8.8e-05	8.219168999999988	9.555743000000007	-0.3368712153000588	7.216987246468776e-05	8.206705121385694	2024-09-01	cTiterSub_x-ne_star	north	2024
2024-02-01	A/Michigan/UM-10054541685/2023_EPI2896528	0.007422	5.662451999999986	5.7007669999999955	-0.04171490444418446	0.007230505442288745	5.664258199392336	2024-09-01	cTiterSub_x-ne_star	north	2024
2024-02-01	A/Michigan/UM-L368537042/2023_EPI2912010	0.000469	11.44740499999998	12.838606999999994	-0.06694113385105316	0.0004502251757102108	11.439676593546977	2024-09-01	cTiterSub_x-ne_star	north	2024
2024-02-01	A/Michigan/UM-L369337356/2023_EPI2912138	0.0011769999999999999	3.248262999999991	3.2234699999999954	0.02385653235560113	0.001191340582771081	3.2352819418909653	2024-09-01	cTiterSub_x-ne_star	north	2024
2024-02-01	A/Michigan/UOM10052748334/2023_EPI2721783	0.000239	6.298466999999989	7.463854999999998	-0.056493687008038126	0.00023083495521132127	6.290065385139156	2024-09-01	cTiterSub_x-ne_star	north	2024
2024-02-01	A/Montana/47/2023_EPI2901434	0.008422	5.082978999999992	5.1100799999999955	-0.04166563943672015	0.008204940294382585	5.074801532112585	2024-09-01	cTiterSub_x-ne_star	north	2024
2024-02-01	A/NAGANO/2399/2023_EPI2904054	0.001982	7.053728999999988	9.087238000000006	-0.07274734365462152	0.0018962240369884119	7.082683052964641	2024-09-01	cTiterSub_x-ne_star	north	2024
2024-02-01	A/NIIGATA-C/23066/2023_EPI2716025	1.4999999999999999e-05	13.93690799999999	15.292721999999983	0.13088428412957448	1.6160878936076293e-05	13.914188888543388	2024-09-01	cTiterSub_x-ne_star	north	2024
2024-02-01	A/Nakhon_Phanom/P4562/2023_EPI2800557	0.00288	5.428023999999988	6.812119999999997	-0.008619659263971817	0.0028603850080055693	5.4142034884308154	2024-09-01	cTiterSub_x-ne_star	north	2024
2024-02-01	A/Netherlands/00119/2024_EPI2959881	0.013932	4.148699999999992	4.161290000000001	-0.008904553540559504	0.013834813100710018	4.137458340617456	2024-09-01	cTiterSub_x-ne_star	north	2024
2024-02-01	A/Netherlands/01654/2023_EPI2725861	0.000377	5.242734999999992	5.189299999999996	-0.04166563943672015	0.0003672836013989829	5.229828994967525	2024-09-01	cTiterSub_x-ne_star	north	2024
2024-02-01	A/Netherlands/01693/2023_EPI2771080	0.001093	4.243513999999992	4.223448	-0.008904553540559504	0.0010853754463878876	4.230585117729066	2024-09-01	cTiterSub_x-ne_star	north	2024
2024-02-01	A/Netherlands/01704/2023_EPI2780942	0.001982	5.470059999999987	6.7966459999999955	0.7453651715577303	0.003055969406711242	5.440508060082994	2024-09-01	cTiterSub_x-ne_star	north	2024
2024-02-01	A/Netherlands/03057/2023_EPI2904663	0.012897	4.148375999999993	3.769456	0.02385653235560113	0.013054137209854403	4.123862200667843	2024-09-01	cTiterSub_x-ne_star	north	2024
2024-02-01	A/Netherlands/10556/2023_EPI2786510	0.0038179999999999998	7.488533999999984	8.286677	0.12247082523869855	0.004093343486258975	7.4853943741626505	2024-09-01	cTiterSub_x-ne_star	north	2024
2024-02-01	A/Nevada/34/2023_EPI2813088	0.003921	5.2325729999999915	5.211391999999995	-0.04166563943672015	0.0038199442999613054	5.22000216469112	2024-09-01	cTiterSub_x-ne_star	north	2024
2024-02-01	A/New_Hampshire/05/2023_EPI2677011	1.4999999999999999e-05	4.41150999999999	5.358509999999996	0.02553532668820681	1.519763589778276e-05	4.3864635263451675	2024-09-01	cTiterSub_x-ne_star	north	2024
2024-02-01	A/New_Jersey/41/2023_EPI2805710	0.0033280000000000002	4.0315389999999915	3.8887730000000027	-0.008904553540559504	0.00330478452477483	4.023751893887509	2024-09-01	cTiterSub_x-ne_star	north	2024
2024-02-01	A/New_Mexico/43/2023_EPI2756809	0.0001629999999999	3.5113969999999943	4.812523999999998	0.02553532668820681	0.00016514764342247135	3.4978832675682927	2024-09-01	cTiterSub_x-ne_star	north	2024
2024-02-01	A/New_York/PV91178/2023_EPI2775718	2.8000000000000013e-05	4.266478999999997	5.727062999999994	-0.007225759207953824	2.783191985784443e-05	4.260249608616347	2024-09-01	cTiterSub_x-ne_star	north	2024
2024-02-01	A/Norway/00090/2024_EPI2945363	0.013216	5.041497999999992	5.091329999999997	-0.04166563943672015	0.012875384817212092	5.033866563367275	2024-09-01	cTiterSub_x-ne_star	north	2024
2024-02-01	A/Norway/08678/2023_EPI2739283	0.000361	4.411089999999991	5.025113999999995	-0.008904553540559504	0.0003584817348088082	4.400210608816669	2024-09-01	cTiterSub_x-ne_star	north	2024
2024-02-01	A/Norway/08866/2023_EPI2773809	0.00049	5.127180999999989	5.926086999999996	0.02553532668820681	0.0004964561059942369	5.104490218750651	2024-09-01	cTiterSub_x-ne_star	north	2024
2024-02-01	A/Norway/08868/2023_EPI2773813	0.000469	5.127180999999989	5.926086999999996	0.02553532668820681	0.000475179415737341	5.104490218750651	2024-09-01	cTiterSub_x-ne_star	north	2024
2024-02-01	A/Norway/09061/2023_EPI2773789	0.000657	5.061662999999991	7.087282000000001	-0.03998625775846089	0.0006406945202393312	5.090267949112594	2024-09-01	cTiterSub_x-ne_star	north	2024
2024-02-01	A/Norway/09796/2023_EPI2780904	0.0017350000000000002	5.093386999999992	5.0535659999999964	-0.04166563943672015	0.0016902839480828528	5.084938455235885	2024-09-01	cTiterSub_x-ne_star	north	2024
2024-02-01	A/Norway/11246/2023_EPI2808313	0.004691	4.169699999999993	4.221371	0.023636930902276174	0.0047475469991206725	4.156265281801956	2024-09-01	cTiterSub_x-ne_star	north	2024
2024-02-01	A/OKINAWA/235/2023_EPI2743945	4.1e-05	4.411089999999991	5.025113999999995	-0.008904553540559504	4.071399204199761e-05	4.400210608816669	2024-09-01	cTiterSub_x-ne_star	north	2024
2024-02-01	A/OKINAWA/243/2023_EPI2775369	0.00045	12.532565999999974	13.542861999999994	-0.1338628471987213	0.0004154469780964732	12.509266661243291	2024-09-01	cTiterSub_x-ne_star	north	2024
2024-02-01	A/OSAKA/127/2023_EPI2943125	0.0059240000000000004	7.025454999999988	9.084999000000005	-0.03998625775846089	0.005776977683253878	7.054955554752483	2024-09-01	cTiterSub_x-ne_star	north	2024
2024-02-01	A/OSAKA/44/2023_EPI2747964	4.9e-05	5.387107999999989	6.022900999999997	-0.008904553540559504	4.8658185611167875e-05	5.376822521933915	2024-09-01	cTiterSub_x-ne_star	north	2024
2024-02-01	A/OSAKA/46/2023_EPI2743905	7.5e-05	13.529360999999973	14.542657999999989	-0.10903794631601614	7.025115288334944e-05	13.506279130790682	2024-09-01	cTiterSub_x-ne_star	north	2024
2024-02-01	A/OSAKA/48/2023_EPI2780061	0.00058	7.058902999999988	9.086744000000005	-0.10550842955078217	0.000544395276390519	7.08766892919217	2024-09-01	cTiterSub_x-ne_star	north	2024
2024-02-01	A/Okinawa/22T035/2022_EPI2774455	1.2e-05	11.983495999999977	13.323639000000002	-0.09791275653404169	1.1313367028826353e-05	11.962067124865925	2024-09-01	cTiterSub_x-ne_star	north	2024
2024-02-01	A/Oman/3011/2023_EPI2756778	8.4e-05	4.5090559999999895	5.809903999999993	0.016324939316115998	8.465073187944634e-05	4.495534000152018	2024-09-01	cTiterSub_x-ne_star	north	2024
2024-02-01	A/Oman/CPHL_52322324/2023_EPI2773426	0.00025	4.169699999999993	4.221371	0.023636930902276174	0.0002530135898060474	4.156265281801956	2024-09-01	cTiterSub_x-ne_star	north	2024
2024-02-01	A/Oman/CPHL_52322954/2023_EPI2773438	0.000217	5.127180999999989	5.926086999999996	0.02553532668820681	0.0002198591326545906	5.104490218750651	2024-09-01	cTiterSub_x-ne_star	north	2024
2024-02-01	A/Oman/CPHL_52323470/2023_EPI2773446	0.000315	5.127180999999989	5.926086999999996	0.02553532668820681	0.000319150353853438	5.104490218750651	2024-09-01	cTiterSub_x-ne_star	north	2024
2024-02-01	A/Oman/CPHL_7234475/2023_EPI2804707	0.0016769999999999999	3.248262999999991	3.2234699999999954	0.02385653235560113	0.0016974325890459665	3.2352819418909653	2024-09-01	cTiterSub_x-ne_star	north	2024
2024-02-01	A/Ontario/RV00866/2023_EPI2813043	0.00043099999999999996	9.484555999999989	10.256729999999989	-0.031051154188840954	0.00042249980751234064	9.483422563892528	2024-09-01	cTiterSub_x-ne_star	north	2024
2024-02-01	A/Orebro/1/2023_EPI2783449	6.4e-05	5.460656999999987	6.811355999999996	0.14945190335405428	6.97039811635648e-05	5.4480788870975925	2024-09-01	cTiterSub_x-ne_star	north	2024
2024-02-01	A/PaisVasco/1989/2023_EPI2765880	0.0009029999999999999	5.136837999999992	4.755632999999996	-0.010717517902325292	0.0008957530331642318	5.124159305322043	2024-09-01	cTiterSub_x-ne_star	north	2024
2024-02-01	A/Pakistan/AHF-NIH/ICT/009/2023_EPI2874629	0.009432	3.248262999999991	3.2234699999999954	0.02385653235560113	0.009546919606369445	3.2352819418909653	2024-09-01	cTiterSub_x-ne_star	north	2024
2024-02-01	A/Pakistan/AHF-NIH/ICT/012/2023_EPI2874653	0.010836	4.1415869999999915	3.7556549999999986	0.022043567993835344	0.010956432717918251	4.128856129483946	2024-09-01	cTiterSub_x-ne_star	north	2024
2024-02-01	A/Pakistan/AHF-NIH/ICT/013/2023_EPI2874661	0.008422	5.0630239999999915	4.753555999999996	0.02182350880703324	0.008514510147338162	5.049839469394933	2024-09-01	cTiterSub_x-ne_star	north	2024
2024-02-01	A/Pakistan/AHF-NIH/ICT/014/2023_EPI2874670	0.008855	20.745516999999957	20.665440999999973	0.011555115412399945	0.008898803500936595	20.723850056572882	2024-09-01	cTiterSub_x-ne_star	north	2024
2024-02-01	A/Pakistan/AHF-NIH/ICT/016/2024_EPI2917552	0.013216	3.248262999999991	3.2234699999999954	0.02385653235560113	0.013377023909857781	3.2352819418909653	2024-09-01	cTiterSub_x-ne_star	north	2024
2024-02-01	A/Pakistan/AHF-NIH/ICT/020/2023_EPI2917892	0.012578	4.223103999999992	4.223448	0.02385653235560113	0.012731250509851025	4.209819440871266	2024-09-01	cTiterSub_x-ne_star	north	2024
2024-02-01	A/Pakistan/AHF-NIH/ICT/022/2023_EPI2922063	0.012578	3.248262999999991	3.2234699999999954	0.02385653235560113	0.012731250509851025	3.2352819418909653	2024-09-01	cTiterSub_x-ne_star	north	2024
2024-02-01	A/Pakistan/AHF-NIH/PB/033/2023_EPI2942526	0.012578	5.074666999999992	5.110014999999995	-0.04166563943672015	0.012253827953306122	5.0667037567947375	2024-09-01	cTiterSub_x-ne_star	north	2024
2024-02-01	A/Pakistan/AHF-NIH/PB/038/2024_EPI2942566	0.013865	4.2139179999999925	4.077162	0.03810862534625083	0.01415109186756559	4.200423866212202	2024-09-01	cTiterSub_x-ne_star	north	2024
2024-02-01	A/Pakistan/AHF-NIH/PB/040/2024_EPI2942582	0.013865	4.220529999999992	4.223252000000001	0.13839750900772388	0.01500365193345396	4.20527463802406	2024-09-01	cTiterSub_x-ne_star	north	2024
2024-02-01	A/Pakistan/GIHSN/ICT/2784/2023_EPI2890158	0.011626000000000001	3.248262999999991	3.2234699999999954	0.02385653235560113	0.011767651329903643	3.2352819418909653	2024-09-01	cTiterSub_x-ne_star	north	2024
2024-02-01	A/Pakistan/GIHSN/ICT/2816/2023_EPI2890356	0.010423	4.2274139999999925	4.219062	-0.008904553540559504	0.010350291196432708	4.214581359498104	2024-09-01	cTiterSub_x-ne_star	north	2024
2024-02-01	A/Panama/M271496/2023_EPI2756880	4.4e-05	12.391619999999977	13.834814999999995	-0.06694113385105316	4.223860923507308e-05	12.385114138265587	2024-09-01	cTiterSub_x-ne_star	north	2024
2024-02-01	A/Perth/401/2023_EPI2766995	3.3e-05	4.50021799999999	5.812501999999993	-0.007225759207953824	3.280190554674521e-05	4.487189075496213	2024-09-01	cTiterSub_x-ne_star	north	2024
2024-02-01	A/Perth/409/2023_EPI2766989	0.000262	3.5113969999999943	4.812523999999998	0.02553532668820681	0.0002654520403479389	3.4978832675682927	2024-09-01	cTiterSub_x-ne_star	north	2024
2024-02-01	A/Philippines/FLU-AFPA-05242/2023_EPI2898917	0.001855	7.034551999999989	9.077856000000004	-0.10550842955078217	0.0017411262719041604	7.064982416992841	2024-09-01	cTiterSub_x-ne_star	north	2024
2024-02-01	A/Phra_Nakhon_Si_Ayutthaya/P3549/2023_EPI2760020	0.000605	10.967618999999983	12.311715999999997	0.025534833373094108	0.0006129711381509223	10.97315934959715	2024-09-01	cTiterSub_x-ne_star	north	2024
2024-02-01	A/Qatar/10-VI-23-0085049/2023_EPI2821493	0.000217	7.126052999999993	7.909022999999995	0.25678838560461903	0.0002516111028568945	7.10319082308881	2024-09-01	cTiterSub_x-ne_star	north	2024
2024-02-01	A/Qatar/10-VI-23-0088456/2023_EPI2821384	0.00045	3.248262999999991	3.2234699999999954	0.02385653235560113	0.00045548280564739716	3.2352819418909653	2024-09-01	cTiterSub_x-ne_star	north	2024
2024-02-01	A/Qatar/10-VI-23-0097015/2023_EPI2821579	0.0015119999999999999	6.3443979999999955	7.544552999999995	0.005223654555839952	0.0015138778689481565	6.35892224102007	2024-09-01	cTiterSub_x-ne_star	north	2024
2024-02-01	A/Qatar/39-VI-23-0096552/2023_EPI2821786	0.0014089999999999999	3.5113969999999943	4.812523999999998	0.02553532668820681	0.0014275645986650605	3.4978832675682927	2024-09-01	cTiterSub_x-ne_star	north	2024
2024-02-01	A/Qatar/47-VI-23-0095538/2023_EPI2821684	0.001266	7.103798999999993	7.873842999999997	0.027785715978758826	0.0012843653848432824	7.081839106950922	2024-09-01	cTiterSub_x-ne_star	north	2024
2024-02-01	A/Qatar/59-VI-23-0096826/2023_EPI2821676	0.00146	3.248262999999991	3.2234699999999954	0.02385653235560113	0.0014777886583226664	3.2352819418909653	2024-09-01	cTiterSub_x-ne_star	north	2024
2024-02-01	A/Qinghai-Chengzhong/1437/2023_EPI2822131	0.003235	6.808665999999989	6.537385000000002	-0.07442672533288078	0.0030919668595906515	6.808175786270806	2024-09-01	cTiterSub_x-ne_star	north	2024
2024-02-01	A/Reunion/HCL023156579001/2023_EPI2811994	0.000217	6.48737299999999	7.772221	-0.047252574929724636	0.00021071940743117165	6.474368692573582	2024-09-01	cTiterSub_x-ne_star	north	2024
2024-02-01	A/Reunion/HCL023156589001/2023_EPI2812008	0.000605	3.248262999999991	3.2234699999999954	0.02385653235560113	0.0006123713275926118	3.2352819418909653	2024-09-01	cTiterSub_x-ne_star	north	2024
2024-02-01	A/Rondonia/357218507-IAL/2023_EPI2901088	1.7e-05	10.992660999999991	12.325830999999987	-0.06694169884550605	1.63194572804363e-05	10.971187186392122	2024-09-01	cTiterSub_x-ne_star	north	2024
2024-02-01	A/SAPPORO/25/2023_EPI2903910	0.000469	5.061662999999991	7.087282000000001	-0.03998625775846089	0.0004573603196229016	5.090267949112594	2024-09-01	cTiterSub_x-ne_star	north	2024
2024-02-01	A/SHIMANE/89/2023_EPI2792654	0.00146	5.061662999999991	7.087282000000001	-0.03998625775846089	0.001423765600531847	5.090267949112594	2024-09-01	cTiterSub_x-ne_star	north	2024
2024-02-01	A/SHIMANE/92/2023_EPI2840225	0.002184	5.061662999999991	7.087282000000001	-0.03998625775846089	0.002129797309288736	5.090267949112594	2024-09-01	cTiterSub_x-ne_star	north	2024
2024-02-01	A/Saint-Petersburg/RII-6647S/2023_EPI2870741	0.010001999999999999	6.3360309999999895	7.7976410000000005	-0.03609552404361145	0.009775931789046592	6.326550390640816	2024-09-01	cTiterSub_x-ne_star	north	2024
2024-02-01	A/Saint-Petersburg/RII-MH151537S/2023_EPI2867698	0.008422	6.3360309999999895	7.7976410000000005	-0.03609552404361145	0.008231643424050233	6.326550390640816	2024-09-01	cTiterSub_x-ne_star	north	2024
2024-02-01	A/Saint-Petersburg/RII-MH151552S/2023_EPI2867807	0.008422	6.3360309999999895	7.7976410000000005	-0.03609552404361145	0.008231643424050233	6.326550390640816	2024-09-01	cTiterSub_x-ne_star	north	2024
2024-02-01	A/Saint-Petersburg/RII-MH154957S/2023_EPI2845552	0.008134	4.148699999999992	4.161290000000001	-0.008904553540559504	0.008077258811453868	4.137458340617456	2024-09-01	cTiterSub_x-ne_star	north	2024
2024-02-01	A/Saint-Petersburg/RII-MH154975S/2023_EPI2845672	0.008422	5.926733999999985	6.120261999999993	-0.0005096284778386279	0.008404305388893328	5.921317556606266	2024-09-01	cTiterSub_x-ne_star	north	2024
2024-02-01	A/Santa_Catarina/13417/2023_EPI2920142	0.009288	7.8537079999999895	9.956551999999986	-0.13826951544694283	0.00855281186028285	7.890993839321621	2024-09-01	cTiterSub_x-ne_star	north	2024
2024-02-01	A/Santa_Catarina/13421/2023_EPI2920165	0.0075629999999999	6.872286999999992	8.956574000000009	-0.10550842955078217	0.007098726681623174	6.90809946304218	2024-09-01	cTiterSub_x-ne_star	north	2024
2024-02-01	A/Sao_Paulo/357344822-IAL/2023_EPI2900986	0.002554	7.0146909999999885	9.058595000000004	-0.12020230664918816	0.0023767566822881898	7.045909953995815	2024-09-01	cTiterSub_x-ne_star	north	2024
2024-02-01	A/Sao_Paulo/357389770-IAL/2023_EPI2900857	0.0075629999999999	3.248262999999991	3.2234699999999954	0.02385653235560113	0.00765514768691382	3.2352819418909653	2024-09-01	cTiterSub_x-ne_star	north	2024
2024-02-01	A/Sao_Paulo_/IAL/357404648/2023_EPI2893495	0.009432	3.248262999999991	3.2234699999999954	0.02385653235560113	0.009546919606369445	3.2352819418909653	2024-09-01	cTiterSub_x-ne_star	north	2024
2024-02-01	A/Saratov/RII-MH164652S/2023_EPI2872357	0.011876000000000001	5.124866999999991	5.157147999999994	-0.04166563943672015	0.01156992055759767	5.114245039338258	2024-09-01	cTiterSub_x-ne_star	north	2024
2024-02-01	A/Saskatchewan/RV01313/2023_EPI2925365	0.0033280000000000002	7.350271999999986	8.622763999999998	0.057483299387436466	0.0034352768594659226	7.324796729291423	2024-09-01	cTiterSub_x-ne_star	north	2024
2024-02-01	A/Seoul/1213/2023_EPI2735154	2.5e-05	6.040182999999994	8.078359999999993	-0.07274734365462152	2.3918063029621748e-05	6.070268979542973	2024-09-01	cTiterSub_x-ne_star	north	2024
2024-02-01	A/Shanghai-Changning/11229/2023_EPI2822323	0.000868	6.404123999999992	7.778519999999999	0.0008705745996316679	0.0008668739884896465	6.391574344785702	2024-09-01	cTiterSub_x-ne_star	north	2024
2024-02-01	A/Shanghai-Huangpu/11639/2023_EPI2822296	0.000741	5.4032489999999855	6.797639999999998	0.033631660495792304	0.0007543173501835848	5.390378367065474	2024-09-01	cTiterSub_x-ne_star	north	2024
2024-02-01	A/Shanghai-Huangpu/11797/2023_EPI2821988	0.001621	5.411096999999985	6.7977469999999975	0.0008705745996316679	0.0016188971605319321	5.398285099234077	2024-09-01	cTiterSub_x-ne_star	north	2024
2024-02-01	A/Shanghai-Pudongxin/712/2023_EPI2822335	0.001093	5.422002999999986	6.797853999999997	0.0008705745996316679	0.0010915821076257876	5.409247833234977	2024-09-01	cTiterSub_x-ne_star	north	2024
2024-02-01	A/Shanghai/JD1544C1/2023_EPI3589460	4.4e-05	4.424191999999992	5.797875999999993	0.033631660495792304	4.4790773830064415e-05	4.411430997450229	2024-09-01	cTiterSub_x-ne_star	north	2024
2024-02-01	A/Shanghai/JD1595C1/2023_EPI3589444	5.400000000000001e-05	4.424191999999992	5.797875999999993	0.033631660495792304	5.497049515507907e-05	4.411430997450229	2024-09-01	cTiterSub_x-ne_star	north	2024
2024-02-01	A/Shanghai/PT1523C1/2023_EPI3587260	2.6000000000000002e-05	4.424191999999992	5.797875999999993	0.033631660495792304	2.6467275445038068e-05	4.411430997450229	2024-09-01	cTiterSub_x-ne_star	north	2024
2024-02-01	A/Shanghai/PT1563C1/2023_EPI3587252	5.7999999999999994e-05	4.424191999999992	5.797875999999993	0.033631660495792304	5.9042383685084906e-05	4.411430997450229	2024-09-01	cTiterSub_x-ne_star	north	2024
2024-02-01	A/Sichuan-Qingyang/11443/2023_EPI2822374	0.0008029999999999	5.80037299999999	7.308553	0.0006455234217521231	0.0008018530355687156	5.800903744516061	2024-09-01	cTiterSub_x-ne_star	north	2024
2024-02-01	A/Sichuan-Shunqing/11079/2023_EPI2959791	0.005045	4.868711999999991	4.558487999999993	-0.04166563943672015	0.004914975514742358	4.866091656069526	2024-09-01	cTiterSub_x-ne_star	north	2024
2024-02-01	A/Singapore/CGH0067/2023_EPI2963648	0.00022799999999999999	5.499530999999988	6.812214999999997	-0.03998684510411447	0.00022234140116508404	5.486526259959052	2024-09-01	cTiterSub_x-ne_star	north	2024
2024-02-01	A/Singapore/GP10209/2023_EPI2963194	6.8e-05	8.219186999999987	9.555743000000007	-0.3368712153000588	5.5767628722713265e-05	8.20671988340506	2024-09-01	cTiterSub_x-ne_star	north	2024
2024-02-01	A/Singapore/GP10474/2023_EPI2963672	8.8e-05	4.51121799999999	5.8124919999999936	-0.007225759207953824	8.747174812465388e-05	4.4977083240720415	2024-09-01	cTiterSub_x-ne_star	north	2024
2024-02-01	A/Singapore/GP10675/2023_EPI2963697	0.000109	7.2843009999999895	8.757172000000002	-0.03998684510411447	0.00010629479266225511	7.277760583347919	2024-09-01	cTiterSub_x-ne_star	north	2024
2024-02-01	A/Singapore/GP11800/2023_EPI2963771	0.000262	5.061662999999991	7.087282000000001	-0.03998625775846089	0.00025549766256119453	5.090267949112594	2024-09-01	cTiterSub_x-ne_star	north	2024
2024-02-01	A/Singapore/GP14468/2023_EPI2965684	0.0013599999999999999	4.8889819999999915	6.325170999999999	-0.008429168612175122	0.001350887466554921	4.888862429797054	2024-09-01	cTiterSub_x-ne_star	north	2024
2024-02-01	A/Singapore/GP14710/2023_EPI2965692	0.0015119999999999999	5.061662999999991	7.087282000000001	-0.03998625775846089	0.0014744750602768168	5.090267949112594	2024-09-01	cTiterSub_x-ne_star	north	2024
2024-02-01	A/Singapore/GP19083/2023_EPI2966073	0.0085659999999999	3.248262999999991	3.2234699999999954	0.02385653235560113	0.008670368251501241	3.2352819418909653	2024-09-01	cTiterSub_x-ne_star	north	2024
2024-02-01	A/Singapore/GP21079/2023_EPI2963018	0.011876000000000001	7.297362999999989	8.220122000000002	0.6722407338369458	0.017546492271252295	7.235705003093697	2024-09-01	cTiterSub_x-ne_star	north	2024
2024-02-01	A/Singapore/GP8377/2023_EPI2617466	1.1e-05	8.219186999999987	9.555743000000007	-0.3368712153000588	9.02123405808597e-06	8.20671988340506	2024-09-01	cTiterSub_x-ne_star	north	2024
2024-02-01	A/Singapore/KK1688/2023_EPI2963576	7.099999999999999e-05	4.474026999999991	5.796667999999993	0.6987338466885482	0.00010653448071385282	4.446619998896417	2024-09-01	cTiterSub_x-ne_star	north	2024
2024-02-01	A/Singapore/KK2297/2023_EPI2966322	0.001312	5.061662999999991	7.087282000000001	-0.03998625775846089	0.0012794386766423174	5.090267949112594	2024-09-01	cTiterSub_x-ne_star	north	2024
2024-02-01	A/Singapore/NUH0532/2023_EPI2963234	1.4000000000000001e-05	4.50448999999999	5.774717999999993	0.018269596862596642	1.4124468794126857e-05	4.491060232773273	2024-09-01	cTiterSub_x-ne_star	north	2024
2024-02-01	A/Singapore/NUH0707/2023_EPI2965924	8.4e-05	6.47368499999999	7.795586000000001	0.6332116748962269	0.00012131425774775914	6.446134741865431	2024-09-01	cTiterSub_x-ne_star	north	2024
2024-02-01	A/Singapore/NUH0768/2023_EPI2963544	0.000188	5.492645999999987	6.790132999999995	0.00029147782386429455	0.00018769270280622805	5.480141442851676	2024-09-01	cTiterSub_x-ne_star	north	2024
2024-02-01	A/Singapore/NUH0781/2023_EPI2963862	0.00017900000000000001	3.4121049999999964	4.025509999999998	0.02385653235560113	0.0001811809382464091	3.401215844588059	2024-09-01	cTiterSub_x-ne_star	north	2024
2024-02-01	A/Singapore/NUH1193/2023_EPI2966474	0.0087099999999999	4.434237999999991	5.812394999999993	0.02433132191287832	0.008818564805896106	4.420373022642214	2024-09-01	cTiterSub_x-ne_star	north	2024
2024-02-01	A/Singapore/TT0487/2023_EPI2963354	1e-05	9.191682999999985	10.453883999999992	-0.30411012940389814	8.35935768232049e-06	9.173428178659982	2024-09-01	cTiterSub_x-ne_star	north	2024
2024-02-01	A/Singapore/TT0593/2023_EPI2963378	7.900000000000001e-05	3.5113969999999943	4.812523999999998	0.02553532668820681	8.004088239498922e-05	3.4978832675682927	2024-09-01	cTiterSub_x-ne_star	north	2024
2024-02-01	A/Singapore/TT0736/2023_EPI2965324	0.000412	4.36295999999999	5.699155999999995	-0.007225759207953824	0.000409526820765425	4.35381273837868	2024-09-01	cTiterSub_x-ne_star	north	2024
2024-02-01	A/Singapore/TT1070/2023_EPI2963010	0.011498999999999999	5.844947999999986	5.512535999999992	-0.07442672533288078	0.010990580191169365	5.843353263896006	2024-09-01	cTiterSub_x-ne_star	north	2024
2024-02-01	A/Solwezi/13-NIC-034/2023_EPI2773585	9.300000000000001e-05	5.385920999999991	5.983877999999996	-0.009127949895031838	9.233921631501546e-05	5.375571059496394	2024-09-01	cTiterSub_x-ne_star	north	2024
2024-02-01	A/SouthAfrica/PET28665/2023_EPI2804889	0.0008349999999999	4.5097239999999905	5.812501999999993	-0.007225759207953824	0.0008299876100463323	4.496223292348199	2024-09-01	cTiterSub_x-ne_star	north	2024
2024-02-01	A/SouthAfrica/PET29362/2023_EPI2805193	3.7e-05	8.765707999999977	9.445075000000001	-0.008903966194905922	3.674190784586024e-05	8.766802083059597	2024-09-01	cTiterSub_x-ne_star	north	2024
2024-02-01	A/South_Africa/R07122/2023_EPI2725132	1.6e-05	4.5090559999999895	5.809903999999993	0.016324939316115998	1.612394892941835e-05	4.495534000152018	2024-09-01	cTiterSub_x-ne_star	north	2024
2024-02-01	A/South_Africa/R07203/2023_EPI2725163	1.8e-05	4.511357999999991	5.798960999999993	0.02553532668820681	1.8237163077339313e-05	4.497846793242136	2024-09-01	cTiterSub_x-ne_star	north	2024
2024-02-01	A/South_Africa/R07368/2023_EPI2725268	1.8e-05	4.83083399999999	5.524241999999997	0.023857119701254714	1.8219318468166697e-05	4.833784667381951	2024-09-01	cTiterSub_x-ne_star	north	2024
2024-02-01	A/South_Australia/249/2023_EPI2921625	0.00033	3.5113969999999943	4.812523999999998	0.02553532668820681	0.00033434798975122074	3.4978832675682927	2024-09-01	cTiterSub_x-ne_star	north	2024
2024-02-01	A/South_Australia/266/2023_EPI2767082	0.000605	3.5113969999999943	4.812523999999998	0.02553532668820681	0.0006129713145439047	3.4978832675682927	2024-09-01	cTiterSub_x-ne_star	north	2024
2024-02-01	A/South_Carolina/14296/2023_EPI2884421	0.004807	5.127180999999989	5.926086999999996	0.02553532668820681	0.004870335717376115	5.104490218750651	2024-09-01	cTiterSub_x-ne_star	north	2024
2024-02-01	A/Suriname/0503/2023_EPI2756888	8.8e-05	4.511217999999991	5.7966949999999935	0.02553532668820681	8.915946393365886e-05	4.497704948640424	2024-09-01	cTiterSub_x-ne_star	north	2024
2024-02-01	A/Suriname/0505/2023_EPI2756921	8.8e-05	3.5113969999999943	4.812523999999998	0.02553532668820681	8.915946393365886e-05	3.4978832675682927	2024-09-01	cTiterSub_x-ne_star	north	2024
2024-02-01	A/Suriname/0506/2023_EPI2756872	7.5e-05	3.5113969999999943	4.812523999999998	0.02553532668820681	7.598817948891381e-05	3.4978832675682927	2024-09-01	cTiterSub_x-ne_star	north	2024
2024-02-01	A/Suriname/0547/2023_EPI2756904	0.000155	3.5113969999999943	4.812523999999998	0.02553532668820681	0.00015704223761042188	3.4978832675682927	2024-09-01	cTiterSub_x-ne_star	north	2024
2024-02-01	A/Suriname/0587/2023_EPI2756913	0.000239	3.5113969999999943	4.812523999999998	0.02553532668820681	0.00024214899863800532	3.4978832675682927	2024-09-01	cTiterSub_x-ne_star	north	2024
2024-02-01	A/Suriname/0609/2023_EPI2756896	0.000377	4.510639999999991	5.809215999999994	0.02553532668820681	0.0003819672488976067	4.497119333070496	2024-09-01	cTiterSub_x-ne_star	north	2024
2024-02-01	A/Sydney/332/2023_EPI2643073	1.2e-05	3.4121049999999964	4.025509999999998	0.02385653235560113	1.2146208150597256e-05	3.401215844588059	2024-09-01	cTiterSub_x-ne_star	north	2024
2024-02-01	A/Sydney/420/2023_EPI2686128	1.1e-05	3.4121049999999964	4.025509999999998	0.02385653235560113	1.1134024138047486e-05	3.401215844588059	2024-09-01	cTiterSub_x-ne_star	north	2024
2024-02-01	A/Sydney/555/2023_EPI2719453	4.6e-05	5.421988999999987	6.740069999999998	0.20483026947854055	5.174458529702788e-05	5.409365865024212	2024-09-01	cTiterSub_x-ne_star	north	2024
2024-02-01	A/Sydney/584/2023_EPI2724698	1.7e-05	6.359219999999988	7.324433999999999	-0.041797980983887296	1.6560581496447494e-05	6.34085156361818	2024-09-01	cTiterSub_x-ne_star	north	2024
2024-02-01	A/Sydney/601/2023_EPI2724788	3.3e-05	4.49965499999999	5.784028999999994	0.287840068355102	3.896283886969793e-05	4.48570411680076	2024-09-01	cTiterSub_x-ne_star	north	2024
2024-02-01	A/Sydney/639/2023_EPI2719479	4.9e-05	6.359219999999988	7.324433999999999	-0.041797980983887296	4.773344078387808e-05	6.34085156361818	2024-09-01	cTiterSub_x-ne_star	north	2024
2024-02-01	A/Sydney/669/2023_EPI2719535	7.900000000000001e-05	4.50448999999999	5.774717999999993	0.018269596862596642	7.970235962400156e-05	4.491060232773273	2024-09-01	cTiterSub_x-ne_star	north	2024
2024-02-01	A/Sydney/710/2023_EPI2724869	0.000147	6.359219999999988	7.324433999999999	-0.041797980983887296	0.00014320032235163422	6.34085156361818	2024-09-01	cTiterSub_x-ne_star	north	2024
2024-02-01	A/Sydney/758/2023_EPI2743817	0.00034500000000000004	6.416830999999993	7.785024000000001	-0.03189051129652898	0.0003380303529753003	6.404251295465377	2024-09-01	cTiterSub_x-ne_star	north	2024
2024-02-01	A/Sydney/860/2023_EPI2786144	0.001134	6.3749299999999955	7.689222999999995	-0.06394515087139242	0.0010905083260165246	6.390116439518834	2024-09-01	cTiterSub_x-ne_star	north	2024
2024-02-01	A/Sydney/862/2023_EPI2789884	0.001221	5.506496999999988	6.778004999999996	0.10348453542026195	0.001294636872509998	5.4926963607205685	2024-09-01	cTiterSub_x-ne_star	north	2024
2024-02-01	A/Sydney/866/2023_EPI2790093	0.00146	5.898835999999994	7.75699699999999	-0.07274734365462152	0.00139681488092991	5.9326077112946125	2024-09-01	cTiterSub_x-ne_star	north	2024
2024-02-01	A/Sydney/893/2023_EPI2861087	0.003054	3.248262999999991	3.2234699999999954	0.02385653235560113	0.003091209974327002	3.2352819418909653	2024-09-01	cTiterSub_x-ne_star	north	2024
2024-02-01	A/Thailand/1/2023_EPI2861155	0.002184	5.844938999999994	7.752584999999991	-0.07274734365462152	0.0020894819862677556	5.878737901109137	2024-09-01	cTiterSub_x-ne_star	north	2024
2024-02-01	A/Togo/1128/2023_EPI2955167	0.001093	7.495842999999984	8.268386	-0.007552925398050176	0.0010862315478391655	7.494275909826117	2024-09-01	cTiterSub_x-ne_star	north	2024
2024-02-01	A/Uaq/7615/2023_EPI2689888	1.7e-05	11.172299999999991	12.523998999999991	-0.1638689892180171	1.5422341035284477e-05	11.159764057411172	2024-09-01	cTiterSub_x-ne_star	north	2024
2024-02-01	A/Ulsan/1311/2023_EPI2793147	0.00011399999999999999	6.060975999999993	8.086994999999993	-0.07274734365462152	0.00010906636741507515	6.089605133575433	2024-09-01	cTiterSub_x-ne_star	north	2024
2024-02-01	A/United_Kingdom/UO-458bd3cbf/2023_EPI2919951	3.3e-05	8.21365799999999	9.555743000000007	-0.3368712153000588	2.7063702174257908e-05	8.20142117398806	2024-09-01	cTiterSub_x-ne_star	north	2024
2024-02-01	A/United_Kingdom/UO-4a9341864/2023_EPI2920222	3.3e-05	8.21365799999999	9.555743000000007	-0.3368712153000588	2.7063702174257908e-05	8.20142117398806	2024-09-01	cTiterSub_x-ne_star	north	2024
2024-02-01	A/Utah/33/2023_EPI2677149	2.3e-05	3.5113969999999943	4.812523999999998	0.02553532668820681	2.330304170993357e-05	3.4978832675682927	2024-09-01	cTiterSub_x-ne_star	north	2024
2024-02-01	A/Venezuela/4978/2023_EPI2926235	0.00288	3.248262999999991	3.2234699999999954	0.02385653235560113	0.002915089956143342	3.2352819418909653	2024-09-01	cTiterSub_x-ne_star	north	2024
2024-02-01	A/Victoria/1598/2023_EPI2818485	1.4999999999999999e-05	4.83083399999999	5.524241999999997	0.023857119701254714	1.5182765390138914e-05	4.833784667381951	2024-09-01	cTiterSub_x-ne_star	north	2024
2024-02-01	A/Victoria/1933/2023_EPI2686213	4.6e-05	6.0537499999999955	8.073972999999993	-0.18041505801587857	4.133019529163964e-05	6.082480159492707	2024-09-01	cTiterSub_x-ne_star	north	2024
2024-02-01	A/Victoria/2195/2023_EPI2724890	6.4e-05	6.0537499999999955	8.073972999999993	-0.18041505801587857	5.7502880405759505e-05	6.082480159492707	2024-09-01	cTiterSub_x-ne_star	north	2024
2024-02-01	A/Victoria/2289/2023_EPI2743829	2.8999999999999997e-05	4.424191999999992	5.797875999999993	0.033631660495792304	2.9521191842542453e-05	4.411430997450229	2024-09-01	cTiterSub_x-ne_star	north	2024
2024-02-01	A/Victoria/2582/2023_EPI2790380	5.2000000000000004e-05	5.481798999999987	6.7304289999999956	0.02553532668820681	5.2685137778980236e-05	5.468347794960677	2024-09-01	cTiterSub_x-ne_star	north	2024
2024-02-01	A/Victoria/2588/2023_EPI2790382	6.4e-05	5.481798999999987	6.7304289999999956	0.02553532668820681	6.484324649720644e-05	5.468347794960677	2024-09-01	cTiterSub_x-ne_star	north	2024
2024-02-01	A/Victoria/2615/2023_EPI2786072	0.001093	4.50920799999999	5.812339999999994	-0.007225759207953824	0.0010864388715937125	4.495710389825104	2024-09-01	cTiterSub_x-ne_star	north	2024
2024-02-01	A/Victoria/2771/2023_EPI2898529	0.003617	6.050483999999992	8.087259999999993	-0.07274734365462152	0.0034604653591256743	6.079573757040517	2024-09-01	cTiterSub_x-ne_star	north	2024
2024-02-01	A/Victoria/2775/2023_EPI2818632	0.003617	8.347618999999986	9.648493999999987	-0.07488664247179669	0.0034561496536769914	8.363653220721396	2024-09-01	cTiterSub_x-ne_star	north	2024
2024-02-01	A/Victoria/2824/2023_EPI2790362	0.0033280000000000002	5.495550999999988	6.810309999999997	-0.0377397378493229	0.0032496612178877808	5.482242015669269	2024-09-01	cTiterSub_x-ne_star	north	2024
2024-02-01	A/Victoria/2912/2023_EPI2818445	0.0064540000000000005	5.92719899999999	7.298935999999996	-0.0744261379872272	0.00616864326087704	5.95989367266386	2024-09-01	cTiterSub_x-ne_star	north	2024
2024-02-01	A/Victoria/2993/2023_EPI2818369	0.007281	5.768824999999987	5.104473999999995	-0.04166563943672015	0.0070933472195914985	5.754671914846401	2024-09-01	cTiterSub_x-ne_star	north	2024
2024-02-01	A/Victoria/3006/2023_EPI2861108	0.001134	3.248262999999991	3.2234699999999954	0.02385653235560113	0.001147816670231441	3.2352819418909653	2024-09-01	cTiterSub_x-ne_star	north	2024
2024-02-01	A/Victoria/3037/2023_EPI2898682	0.0027129999999999997	6.055157999999994	8.087259999999993	-0.023709003480229727	0.00267090897893766	6.083994786785729	2024-09-01	cTiterSub_x-ne_star	north	2024
2024-02-01	A/WAKAYAMA/88/2023_EPI2743937	8.8e-05	14.52918199999998	15.542635999999993	-0.14179903221217677	8.086772431987808e-05	14.506117395342043	2024-09-01	cTiterSub_x-ne_star	north	2024
2024-02-01	A/WAKAYAMA/92/2023_EPI2758700	0.00022799999999999999	15.503037999999984	16.53782499999999	-0.11812162553123577	0.00021243486458392166	15.48054177649165	2024-09-01	cTiterSub_x-ne_star	north	2024
2024-02-01	A/WAKAYAMA/99/2023_EPI2810548	0.000938	14.52748199999998	15.542635999999993	-0.10903794631601614	0.0008786077520610904	14.50452191528656	2024-09-01	cTiterSub_x-ne_star	north	2024
2024-02-01	A/Washington/38/2023_EPI2796548	0.0014089999999999999	3.248262999999991	3.2234699999999954	0.02385653235560113	0.0014261672736826279	3.2352819418909653	2024-09-01	cTiterSub_x-ne_star	north	2024
2024-02-01	A/Wellington/59/2023_EPI2926009	0.00058	3.248262999999991	3.2234699999999954	0.02385653235560113	0.0005870667272788675	3.2352819418909653	2024-09-01	cTiterSub_x-ne_star	north	2024
2024-02-01	A/Wellington/66/2023_EPI2926082	0.001221	5.061662999999991	7.087282000000001	-0.03998625775846089	0.0011906971220886201	5.090267949112594	2024-09-01	cTiterSub_x-ne_star	north	2024
2024-02-01	A/Wisconsin/79/2023_EPI2796211	0.0024760000000000003	5.061662999999991	7.087282000000001	-0.03998625775846089	0.002414550429395105	5.090267949112594	2024-09-01	cTiterSub_x-ne_star	north	2024
2024-02-01	A/Wisconsin/80/2023_EPI2796179	0.0027129999999999997	5.021812999999989	5.183209999999997	-0.04188903579119248	0.0026427336031351082	5.015907787505565	2024-09-01	cTiterSub_x-ne_star	north	2024
2024-02-01	A/Wisconsin/82/2023_EPI2796171	0.003054	5.141468999999991	4.731649999999994	-0.016170355898129173	0.003019869364210725	5.117039165872825	2024-09-01	cTiterSub_x-ne_star	north	2024
2024-02-01	A/Wisconsin/92/2023_EPI2813015	0.0052899999999999996	6.039150999999993	8.058437999999995	-0.03998625775846089	0.005158712347132514	6.068437807114734	2024-09-01	cTiterSub_x-ne_star	north	2024
2024-02-01	A/YOKOHAMA/100/2023_EPI2747932	6.1e-05	13.974158999999988	15.321485999999988	-0.09791275653404169	5.750961572986729e-05	13.953008110767263	2024-09-01	cTiterSub_x-ne_star	north	2024
2024-02-01	A/YOKOHAMA/110/2023_EPI2840345	0.00063	5.061662999999991	7.087282000000001	-0.03998625775846089	0.0006143646084486738	5.090267949112594	2024-09-01	cTiterSub_x-ne_star	north	2024
2024-02-01	A/YOKOHAMA/125/2023_EPI2903822	0.0027129999999999997	5.061662999999991	7.087282000000001	-0.03998625775846089	0.0026456685440019866	5.090267949112594	2024-09-01	cTiterSub_x-ne_star	north	2024
2024-02-01	A/YOKOSUKA/12/2023_EPI2903854	0.0064540000000000005	5.061662999999991	7.087282000000001	-0.03998625775846089	0.006293824099885302	5.090267949112594	2024-09-01	cTiterSub_x-ne_star	north	2024
2024-02-01	A/Yekaterinburg/1-1V/2023_EPI2775420	0.0013599999999999999	3.248262999999991	3.2234699999999954	0.02385653235560113	0.001376570257067689	3.2352819418909653	2024-09-01	cTiterSub_x-ne_star	north	2024
2024-02-01	A/Zambia/09-NIC-500/2023_EPI2876370	0.000197	7.508460999999985	8.780407	-0.007225759207953824	0.00019581743614269107	7.494982058459871	2024-09-01	cTiterSub_x-ne_star	north	2024
2024-02-01	A/Zambia/09-NIC-501/2023_EPI2876369	0.000197	5.44779299999999	6.708242999999998	-0.05468072220252046	0.00019047114535939133	5.423500297272626	2024-09-01	cTiterSub_x-ne_star	north	2024
2024-02-01	A/Zambia/6638/2023_EPI2900585	0.00022799999999999999	4.509963999999991	5.812501999999993	-0.007225759207953824	0.00022663134741387597	4.496472764488638	2024-09-01	cTiterSub_x-ne_star	north	2024
2024-02-01	A/Zhejiang-Kecheng/1996/2023_EPI2822403	0.002633	5.418704999999986	6.797853999999997	0.0008705745996316679	0.002629584345268709	5.405959239174366	2024-09-01	cTiterSub_x-ne_star	north	2024
2024-02-01	A/Zhejiang-Nanhu/1998/2023_EPI2822030	0.002633	7.86701799999999	9.956551999999986	-0.10550842955078217	0.0024713668323038565	7.903156729377579	2024-09-01	cTiterSub_x-ne_star	north	2024
2024-02-01	A/Zhejiang-Tongxiang/322/2023_EPI2959416	0.007001	6.81519999999999	8.723785999999997	0.1238015675819007	0.007511721381756614	6.847227204013295	2024-09-01	cTiterSub_x-ne_star	north	2024
2024-02-01	EPI0027/A/Ethiopia/SGH236/2023_EPI2881374	0.001134	4.50300499999999	5.807971999999993	-0.007449155562427081	0.0011270458742078252	4.489488287990843	2024-09-01	cTiterSub_x-ne_star	north	2024
2024-02-01	EPI0032/A/Ethiopia/ADR536/2023_EPI2881405	0.002255	5.330726999999991	6.626720999999998	-0.03998684510411447	0.002199034472049406	5.302113365263257	2024-09-01	cTiterSub_x-ne_star	north	2024
