subtype,hemisphere,year,truth_clade,pred_clade,score,correct,mode,combo,method
H1N1,south,2013,6B.1,6B.1,-0.693147,True,baseline_ha1,E,fit
H1N1,north,2013,6B.1,6B.1,-0.693147,True,baseline_ha1,E,fit
H1N1,south,2014,6B.1,6B.1,-0.693147,True,baseline_ha1,E,fit
H1N1,north,2014,6B.1,6B.1,-0.693147,True,baseline_ha1,E,fit
H1N1,south,2015,6B.1,6B.1,-0.693147,True,baseline_ha1,E,fit
H1N1,north,2015,6B.1,6B.1,-0.000849,True,baseline_ha1,E,fit
H1N1,south,2016,6B.1,6B.2,-0.000849,False,baseline_ha1,E,fit
H1N1,north,2016,6B.1,6B.2,-0.658417,False,baseline_ha1,E,fit
H1N1,south,2017,6B.1,6B.2,-0.658417,False,baseline_ha1,E,fit
H1N1,north,2017,6B.1A,6B.1,-0.693147,False,baseline_ha1,E,fit
H1N1,south,2018,6B.1A,6B.1,-0.637079,False,baseline_ha1,E,fit
H1N1,north,2018,6B.1A.5a,6B.1A.1,-0.631538,False,baseline_ha1,E,fit
H1N1,south,2019,6B.1A.5a,6B.1A.1,-0.640912,False,baseline_ha1,E,fit
H1N1,north,2019,6B.1A.5a.1,6B.1A.5b,-0.607964,False,baseline_ha1,E,fit
H1N1,south,2020,6B.1A.5a.2,6B.1A.5b,-0.619554,False,baseline_ha1,E,fit
H1N1,north,2020,6B.1A.5a.1,6B.1A.5b,-0.627756,False,baseline_ha1,E,fit
H1N1,south,2021,6B.1A.5a.1,6B.1A.5a.2,-0.617559,False,baseline_ha1,E,fit
H1N1,north,2021,6B.1A.5a.1,6B.1A.5b,-0.658417,False,baseline_ha1,E,fit
H1N1,south,2022,6B.1A.5a.2a,6B.1A.5a.2a,-0.646166,True,baseline_ha1,E,fit
H1N1,north,2022,6B.1A.5a.2a,6B.1A.5a.2a,-0.653795,True,baseline_ha1,E,fit
H1N1,south,2023,6B.1A.5a.2a,6B.1A.5a.2a.1,-0.653052,False,baseline_ha1,E,fit
H1N1,north,2023,6B.1A.5a.2a,6B.1A.5a.2a,-0.658417,True,baseline_ha1,E,fit
H1N1,south,2024,6B.1A.5a.2a,6B.1A.5a.2a,-0.658417,True,baseline_ha1,E,fit
H1N1,north,2024,6B.1A.5a.2a,6B.1A.5a.2a.1,-0.582224,False,baseline_ha1,E,fit
H3N2,south,2013,3C.3a,3C.3a,-0.400834,True,baseline_ha1,E,fit
H3N2,north,2013,3C.3a,3C.3a,-0.400834,True,baseline_ha1,E,fit
H3N2,south,2014,3C.3a,3C.3a,-0.693147,True,baseline_ha1,E,fit
H3N2,north,2014,3C.2,3C.3a,-0.693147,False,baseline_ha1,E,fit
H3N2,south,2015,3C.2,3C.2,-0.217622,True,baseline_ha1,E,fit
H3N2,north,2015,3C.2,3C.3a,-0.217622,False,baseline_ha1,E,fit
H3N2,south,2016,3C.2a,3C.3a,-0.217622,False,baseline_ha1,E,fit
H3N2,north,2016,3C.2a1,3C.2,-0.217622,False,baseline_ha1,E,fit
H3N2,south,2017,3C.2a1,3C.3a,-0.0495,False,baseline_ha1,E,fit
H3N2,north,2017,3C.2a2,3C.3a,-0.041383,False,baseline_ha1,E,fit
H3N2,south,2018,3C.2a2,3C.2,-0.16612,False,baseline_ha1,E,fit
H3N2,north,2018,3C.2a1b.1,3C.2,-0.098486,False,baseline_ha1,E,fit
H3N2,south,2019,3C.3a1,3C.3a1,-0.030332,True,baseline_ha1,E,fit
H3N2,north,2019,3C.3a1,3C.3a1,-0.027436,True,baseline_ha1,E,fit
H3N2,south,2020,3C.3a1,3C.2a1b.1b,-0.13578,False,baseline_ha1,E,fit
H3N2,north,2020,3C.2a1b.2a.2,3C.3a1,-0.034133,False,baseline_ha1,E,fit
H3N2,south,2021,3C.2a1b.2a.2c,3C.3a1,-0.133237,False,baseline_ha1,E,fit
H3N2,north,2021,3C.2a1b.2a.2a.1a,3C.2a1b.2a.1a,-0.693147,False,baseline_ha1,E,fit
H3N2,south,2022,3C.2a1b.2a.2a.1,3C.2a1b.2a.2a.2,-0.109072,False,baseline_ha1,E,fit
H3N2,north,2022,3C.2a1b.2a.2b,3C.2a1b.2a.2a.3,-0.061662,False,baseline_ha1,E,fit
H3N2,south,2023,3C.2a1b.2a.2a.3a.1,3C.2a1b.2a.2a.3a.1,-0.028041,True,baseline_ha1,E,fit
H3N2,north,2023,3C.2a1b.2a.2a.3a.1,3C.2a1b.2a.1a,-0.013289,False,baseline_ha1,E,fit
H3N2,south,2024,3C.2a1b.2a.2a.3a.1,3C.2a1b.2a.2a.3a.1,-0.148745,True,baseline_ha1,E,fit
H3N2,north,2024,3C.2a1b.2a.2a.3a.1,3C.2a1b.2a.2a.3a.1,-0.693147,True,baseline_ha1,E,fit
Victoria,south,2013,V1A,V1A,-0.400834,True,baseline_ha1,E,fit
Victoria,north,2013,V1A,V1B,-0.400834,False,baseline_ha1,E,fit
Victoria,south,2014,V1A,V1A,-0.693147,True,baseline_ha1,E,fit
Victoria,north,2014,V1A,V1A,-0.658417,True,baseline_ha1,E,fit
Victoria,south,2015,V1A,V1A,-0.693147,True,baseline_ha1,E,fit
Victoria,north,2015,V1A,V1A,-0.531915,True,baseline_ha1,E,fit
Victoria,south,2016,V1A,V1A,-0.531915,True,baseline_ha1,E,fit
Victoria,north,2016,V1A,V1A,-0.693147,True,baseline_ha1,E,fit
Victoria,south,2017,V1A,V1A,-0.693147,True,baseline_ha1,E,fit
Victoria,north,2017,V1A,V1A.1,-0.355352,False,baseline_ha1,E,fit
Victoria,south,2018,V1A.1,V1A.1,-0.42959,True,baseline_ha1,E,fit
Victoria,north,2018,V1A.1,V1A.1,-0.439799,True,baseline_ha1,E,fit
Victoria,south,2019,V1A.3,,,False,baseline_ha1,E,fit
Victoria,north,2019,V1A.3,V1A.3,-0.086236,True,baseline_ha1,E,fit
Victoria,south,2020,V1A.3,V1A.3a,-0.130507,False,baseline_ha1,E,fit
Victoria,north,2020,V1A.3a.1,V1A.3a.1,-0.214227,True,baseline_ha1,E,fit
Victoria,south,2021,V1A.3a.2,V1A.3,-0.310541,False,baseline_ha1,E,fit
Victoria,north,2021,V1A.3a.2,V1A.3a.2,-0.310541,True,baseline_ha1,E,fit
Victoria,south,2022,V1A.3a.2,V1A.3a.2,-0.124527,True,baseline_ha1,E,fit
Victoria,north,2022,V1A.3a.2,V1A.3,-0.136326,False,baseline_ha1,E,fit
Victoria,south,2023,V1A.3a.2,V1A.3,-0.130449,False,baseline_ha1,E,fit
Victoria,north,2023,V1A.3a.2,V1A.3a.2,-0.310541,True,baseline_ha1,E,fit
Victoria,south,2024,V1A.3a.2,V1A.3a.2,-0.693147,True,baseline_ha1,E,fit
Victoria,north,2024,V1A.3a.2,V1A.3a.2,-0.693147,True,baseline_ha1,E,fit
H1N1,south,2013,6B.1,6B.1,1.0,True,baseline_ha1,E,freq
H1N1,north,2013,6B.1,6B.1,1.0,True,baseline_ha1,E,freq
H1N1,south,2014,6B.1,6B.1,1.0,True,baseline_ha1,E,freq
H1N1,north,2014,6B.1,6B.1,1.0,True,baseline_ha1,E,freq
H1N1,south,2015,6B.1,6B.1,1.0,True,baseline_ha1,E,freq
H1N1,north,2015,6B.1,6B.1,0.999844,True,baseline_ha1,E,freq
H1N1,south,2016,6B.1,6B.2,0.994463,False,baseline_ha1,E,freq
H1N1,north,2016,6B.1,6B.1,0.825774,True,baseline_ha1,E,freq
H1N1,south,2017,6B.1,6B.1,0.96101,True,baseline_ha1,E,freq
H1N1,north,2017,6B.1A,6B.1,1.0,False,baseline_ha1,E,freq
H1N1,south,2018,6B.1A,6B.1,0.911176,False,baseline_ha1,E,freq
H1N1,north,2018,6B.1A.5a,6B.1A,0.740688,False,baseline_ha1,E,freq
H1N1,south,2019,6B.1A.5a,6B.1A,0.503939,False,baseline_ha1,E,freq
H1N1,north,2019,6B.1A.5a.1,6B.1A.5a,0.2868,False,baseline_ha1,E,freq
H1N1,south,2020,6B.1A.5a.2,6B.1A.5a,0.507125,False,baseline_ha1,E,freq
H1N1,north,2020,6B.1A.5a.1,6B.1A.5a.1,0.503621,True,baseline_ha1,E,freq
H1N1,south,2021,6B.1A.5a.1,6B.1A.5a.2,0.446393,False,baseline_ha1,E,freq
H1N1,north,2021,6B.1A.5a.1,6B.1A.5a.1,0.877199,True,baseline_ha1,E,freq
H1N1,south,2022,6B.1A.5a.2a,6B.1A.5a.1,0.882699,False,baseline_ha1,E,freq
H1N1,north,2022,6B.1A.5a.2a,6B.1A.5a.2a,0.534285,True,baseline_ha1,E,freq
H1N1,south,2023,6B.1A.5a.2a,6B.1A.5a.1,0.47229,False,baseline_ha1,E,freq
H1N1,north,2023,6B.1A.5a.2a,6B.1A.5a.2a.1,0.510538,False,baseline_ha1,E,freq
H1N1,south,2024,6B.1A.5a.2a,6B.1A.5a.2a,0.73629,True,baseline_ha1,E,freq
H1N1,north,2024,6B.1A.5a.2a,6B.1A.5a.2a.1,0.507874,False,baseline_ha1,E,freq
H3N2,south,2013,3C.3a,3C.2,0.619163,False,baseline_ha1,E,freq
H3N2,north,2013,3C.3a,3C.3a,0.541929,True,baseline_ha1,E,freq
H3N2,south,2014,3C.3a,3C.3a,1.0,True,baseline_ha1,E,freq
H3N2,north,2014,3C.2,3C.3a,1.0,False,baseline_ha1,E,freq
H3N2,south,2015,3C.2,3C.2,0.700169,True,baseline_ha1,E,freq
H3N2,north,2015,3C.2,3C.3a,0.692884,False,baseline_ha1,E,freq
H3N2,south,2016,3C.2a,3C.3a,0.572723,False,baseline_ha1,E,freq
H3N2,north,2016,3C.2a1,3C.2,0.919536,False,baseline_ha1,E,freq
H3N2,south,2017,3C.2a1,3C.3a,0.67281,False,baseline_ha1,E,freq
H3N2,north,2017,3C.2a2,3C.3a,0.254166,False,baseline_ha1,E,freq
H3N2,south,2018,3C.2a2,3C.2a1,0.338259,False,baseline_ha1,E,freq
H3N2,north,2018,3C.2a1b.1,3C.2a1b.1,0.337158,True,baseline_ha1,E,freq
H3N2,south,2019,3C.3a1,3C.2a2,0.395215,False,baseline_ha1,E,freq
H3N2,north,2019,3C.3a1,3C.2a1b.1,0.538423,False,baseline_ha1,E,freq
H3N2,south,2020,3C.3a1,3C.3a1,0.279358,True,baseline_ha1,E,freq
H3N2,north,2020,3C.2a1b.2a.2,3C.3a1,0.428797,False,baseline_ha1,E,freq
H3N2,south,2021,3C.2a1b.2a.2c,3C.3a1,0.510796,False,baseline_ha1,E,freq
H3N2,north,2021,3C.2a1b.2a.2a.1a,3C.2a1b.2a.1a,1.0,False,baseline_ha1,E,freq
H3N2,south,2022,3C.2a1b.2a.2a.1,3C.2a1b.2a.2d,0.518488,False,baseline_ha1,E,freq
H3N2,north,2022,3C.2a1b.2a.2b,3C.2a1b.2a.2a.1a,0.475433,False,baseline_ha1,E,freq
H3N2,south,2023,3C.2a1b.2a.2a.3a.1,3C.2a1b.2a.2a.3,0.222739,False,baseline_ha1,E,freq
H3N2,north,2023,3C.2a1b.2a.2a.3a.1,3C.2a1b.2a.2b,0.774688,False,baseline_ha1,E,freq
H3N2,south,2024,3C.2a1b.2a.2a.3a.1,3C.2a1b.2a.2a.3a.1,0.654603,True,baseline_ha1,E,freq
H3N2,north,2024,3C.2a1b.2a.2a.3a.1,3C.2a1b.2a.2a.3a.1,1.0,True,baseline_ha1,E,freq
Victoria,south,2013,V1A,V1A,0.948576,True,baseline_ha1,E,freq
Victoria,north,2013,V1A,V1A,0.813682,True,baseline_ha1,E,freq
Victoria,south,2014,V1A,V1A,1.0,True,baseline_ha1,E,freq
Victoria,north,2014,V1A,V1A,0.900154,True,baseline_ha1,E,freq
Victoria,south,2015,V1A,V1A,1.0,True,baseline_ha1,E,freq
Victoria,north,2015,V1A,V1A,0.977129,True,baseline_ha1,E,freq
Victoria,south,2016,V1A,V1A,0.986471,True,baseline_ha1,E,freq
Victoria,north,2016,V1A,V1A,1.0,True,baseline_ha1,E,freq
Victoria,south,2017,V1A,V1A,1.0,True,baseline_ha1,E,freq
Victoria,north,2017,V1A,V1A,0.978225,True,baseline_ha1,E,freq
Victoria,south,2018,V1A.1,V1A,0.634116,False,baseline_ha1,E,freq
Victoria,north,2018,V1A.1,V1A.1,0.487839,True,baseline_ha1,E,freq
Victoria,south,2019,V1A.3,,,False,baseline_ha1,E,freq
Victoria,north,2019,V1A.3,V1A.3,0.468941,True,baseline_ha1,E,freq
Victoria,south,2020,V1A.3,V1A.3,0.547046,True,baseline_ha1,E,freq
Victoria,north,2020,V1A.3a.1,V1A.3,0.924495,False,baseline_ha1,E,freq
Victoria,south,2021,V1A.3a.2,V1A.3,0.995832,False,baseline_ha1,E,freq
Victoria,north,2021,V1A.3a.2,V1A.3a.2,0.673151,True,baseline_ha1,E,freq
Victoria,south,2022,V1A.3a.2,V1A.3a.2,0.533692,True,baseline_ha1,E,freq
Victoria,north,2022,V1A.3a.2,V1A.3a.2,0.496127,True,baseline_ha1,E,freq
Victoria,south,2023,V1A.3a.2,V1A.3a.2,0.876493,True,baseline_ha1,E,freq
Victoria,north,2023,V1A.3a.2,V1A.3a.2,0.996001,True,baseline_ha1,E,freq
Victoria,south,2024,V1A.3a.2,V1A.3a.2,1.0,True,baseline_ha1,E,freq
Victoria,north,2024,V1A.3a.2,V1A.3a.2,1.0,True,baseline_ha1,E,freq
H1N1,south,2013,6B.1,6B.1,-0.693147,True,baseline_ha1,G,fit
H1N1,north,2013,6B.1,6B.1,-0.693147,True,baseline_ha1,G,fit
H1N1,south,2014,6B.1,6B.1,-0.693147,True,baseline_ha1,G,fit
H1N1,north,2014,6B.1,6B.1,-0.693147,True,baseline_ha1,G,fit
H1N1,south,2015,6B.1,6B.1,-0.693147,True,baseline_ha1,G,fit
H1N1,north,2015,6B.1,6B.1,-0.000849,True,baseline_ha1,G,fit
H1N1,south,2016,6B.1,6B.1,-0.000849,True,baseline_ha1,G,fit
H1N1,north,2016,6B.1,6B.2,-0.658417,False,baseline_ha1,G,fit
H1N1,south,2017,6B.1,6B.1,-0.658417,True,baseline_ha1,G,fit
H1N1,north,2017,6B.1A,6B.1,-0.693147,False,baseline_ha1,G,fit
H1N1,south,2018,6B.1A,6B.1,-0.638342,False,baseline_ha1,G,fit
H1N1,north,2018,6B.1A.5a,6B.1A,-0.618706,False,baseline_ha1,G,fit
H1N1,south,2019,6B.1A.5a,6B.1A,-0.63475,False,baseline_ha1,G,fit
H1N1,north,2019,6B.1A.5a.1,6B.1A.5a,-0.640596,False,baseline_ha1,G,fit
H1N1,south,2020,6B.1A.5a.2,6B.1A.6,-0.636813,False,baseline_ha1,G,fit
H1N1,north,2020,6B.1A.5a.1,6B.1A.5a.1,-0.619134,True,baseline_ha1,G,fit
H1N1,south,2021,6B.1A.5a.1,6B.1A.5a,-0.634786,False,baseline_ha1,G,fit
H1N1,north,2021,6B.1A.5a.1,6B.1A.5a.1,-0.531915,True,baseline_ha1,G,fit
H1N1,south,2022,6B.1A.5a.2a,6B.1A.5a.1,-0.273976,False,baseline_ha1,G,fit
H1N1,north,2022,6B.1A.5a.2a,6B.1A.5a.2a,-0.213873,True,baseline_ha1,G,fit
H1N1,south,2023,6B.1A.5a.2a,6B.1A.5a.2a,-0.274035,True,baseline_ha1,G,fit
H1N1,north,2023,6B.1A.5a.2a,6B.1A.5a.2a.1,-0.268298,False,baseline_ha1,G,fit
H1N1,south,2024,6B.1A.5a.2a,6B.1A.5a.2a.1,-0.268298,False,baseline_ha1,G,fit
H1N1,north,2024,6B.1A.5a.2a,6B.1A.5a.2a,-0.268298,True,baseline_ha1,G,fit
H3N2,south,2013,3C.3a,3C.2,-0.400834,False,baseline_ha1,G,fit
H3N2,north,2013,3C.3a,3C.3a,-0.400834,True,baseline_ha1,G,fit
H3N2,south,2014,3C.3a,3C.3a,-0.693147,True,baseline_ha1,G,fit
H3N2,north,2014,3C.2,3C.3a,-0.693147,False,baseline_ha1,G,fit
H3N2,south,2015,3C.2,3C.2,-0.157614,True,baseline_ha1,G,fit
H3N2,north,2015,3C.2,3C.3a,-0.157614,False,baseline_ha1,G,fit
H3N2,south,2016,3C.2a,3C.2,-0.157614,False,baseline_ha1,G,fit
H3N2,north,2016,3C.2a1,3C.2a,-0.217622,False,baseline_ha1,G,fit
H3N2,south,2017,3C.2a1,3C.2a,-0.205834,False,baseline_ha1,G,fit
H3N2,north,2017,3C.2a2,3C.2a3,-0.035301,False,baseline_ha1,G,fit
H3N2,south,2018,3C.2a2,3C.2a1,-0.035008,False,baseline_ha1,G,fit
H3N2,north,2018,3C.2a1b.1,3C.2a1b.1,-0.039839,True,baseline_ha1,G,fit
H3N2,south,2019,3C.3a1,3C.2a2,-0.008336,False,baseline_ha1,G,fit
H3N2,north,2019,3C.3a1,3C.2a1b.1,-0.021926,False,baseline_ha1,G,fit
H3N2,south,2020,3C.3a1,3C.3a,-0.03355,False,baseline_ha1,G,fit
H3N2,north,2020,3C.2a1b.2a.2,3C.2a1b.2b,-0.015636,False,baseline_ha1,G,fit
H3N2,south,2021,3C.2a1b.2a.2c,3C.2a1b.1a,-0.619567,False,baseline_ha1,G,fit
H3N2,north,2021,3C.2a1b.2a.2a.1a,3C.2a1b.2a.1a,-0.693147,False,baseline_ha1,G,fit
H3N2,south,2022,3C.2a1b.2a.2a.1,3C.2a1b.2a.2d,-0.628283,False,baseline_ha1,G,fit
H3N2,north,2022,3C.2a1b.2a.2b,3C.2a1b.2a.2a.1,-0.62938,False,baseline_ha1,G,fit
H3N2,south,2023,3C.2a1b.2a.2a.3a.1,3C.2a1b.2a.2a.1a,-0.606786,False,baseline_ha1,G,fit
H3N2,north,2023,3C.2a1b.2a.2a.3a.1,3C.2a1b.2a.2a.1b,-0.594438,False,baseline_ha1,G,fit
H3N2,south,2024,3C.2a1b.2a.2a.3a.1,3C.2a1b.2a.2a.3a.1,-0.637811,True,baseline_ha1,G,fit
H3N2,north,2024,3C.2a1b.2a.2a.3a.1,3C.2a1b.2a.2a.3a.1,-0.693147,True,baseline_ha1,G,fit
Victoria,south,2013,V1A,V1A,-0.400834,True,baseline_ha1,G,fit
Victoria,north,2013,V1A,V1A,-0.400834,True,baseline_ha1,G,fit
Victoria,south,2014,V1A,V1A,-0.693147,True,baseline_ha1,G,fit
Victoria,north,2014,V1A,V1B,-0.658417,False,baseline_ha1,G,fit
Victoria,south,2015,V1A,V1A,-0.693147,True,baseline_ha1,G,fit
Victoria,north,2015,V1A,V1A,-0.658417,True,baseline_ha1,G,fit
Victoria,south,2016,V1A,V1A,-0.658417,True,baseline_ha1,G,fit
Victoria,north,2016,V1A,V1A,-0.693147,True,baseline_ha1,G,fit
Victoria,south,2017,V1A,V1A,-0.693147,True,baseline_ha1,G,fit
Victoria,north,2017,V1A,V1A,-0.641348,True,baseline_ha1,G,fit
Victoria,south,2018,V1A.1,V1A,-0.664501,False,baseline_ha1,G,fit
Victoria,north,2018,V1A.1,V1A.1,-0.63829,True,baseline_ha1,G,fit
Victoria,south,2019,V1A.3,,,False,baseline_ha1,G,fit
Victoria,north,2019,V1A.3,V1A.3,-0.650075,True,baseline_ha1,G,fit
Victoria,south,2020,V1A.3,V1A,-0.26889,False,baseline_ha1,G,fit
Victoria,north,2020,V1A.3a.1,V1A.3,-0.023321,False,baseline_ha1,G,fit
Victoria,south,2021,V1A.3a.2,V1A.3,-0.157614,False,baseline_ha1,G,fit
Victoria,north,2021,V1A.3a.2,V1A.3a.2,-0.157614,True,baseline_ha1,G,fit
Victoria,south,2022,V1A.3a.2,V1A.3a,-0.143852,False,baseline_ha1,G,fit
Victoria,north,2022,V1A.3a.2,V1A.3a.2,-0.054274,True,baseline_ha1,G,fit
Victoria,south,2023,V1A.3a.2,V1A.3a.2,-0.02571,True,baseline_ha1,G,fit
Victoria,north,2023,V1A.3a.2,V1A.3a.2,-0.157614,True,baseline_ha1,G,fit
Victoria,south,2024,V1A.3a.2,V1A.3a.2,-0.693147,True,baseline_ha1,G,fit
Victoria,north,2024,V1A.3a.2,V1A.3a.2,-0.693147,True,baseline_ha1,G,fit
H1N1,south,2013,6B.1,6B.1,1.0,True,baseline_ha1,G,freq
H1N1,north,2013,6B.1,6B.1,1.0,True,baseline_ha1,G,freq
H1N1,south,2014,6B.1,6B.1,1.0,True,baseline_ha1,G,freq
H1N1,north,2014,6B.1,6B.1,1.0,True,baseline_ha1,G,freq
H1N1,south,2015,6B.1,6B.1,1.0,True,baseline_ha1,G,freq
H1N1,north,2015,6B.1,6B.1,0.999844,True,baseline_ha1,G,freq
H1N1,south,2016,6B.1,6B.1,0.99987,True,baseline_ha1,G,freq
H1N1,north,2016,6B.1,6B.1,0.825774,True,baseline_ha1,G,freq
H1N1,south,2017,6B.1,6B.1,0.965977,True,baseline_ha1,G,freq
H1N1,north,2017,6B.1A,6B.1,1.0,False,baseline_ha1,G,freq
H1N1,south,2018,6B.1A,6B.1,0.910165,False,baseline_ha1,G,freq
H1N1,north,2018,6B.1A.5a,6B.1A,0.763619,False,baseline_ha1,G,freq
H1N1,south,2019,6B.1A.5a,6B.1A,0.524734,False,baseline_ha1,G,freq
H1N1,north,2019,6B.1A.5a.1,6B.1A.5a,0.287444,False,baseline_ha1,G,freq
H1N1,south,2020,6B.1A.5a.2,6B.1A.5a,0.537644,False,baseline_ha1,G,freq
H1N1,north,2020,6B.1A.5a.1,6B.1A.5a.1,0.513259,True,baseline_ha1,G,freq
H1N1,south,2021,6B.1A.5a.1,6B.1A.5a.1,0.423835,True,baseline_ha1,G,freq
H1N1,north,2021,6B.1A.5a.1,6B.1A.5a.1,0.916095,True,baseline_ha1,G,freq
H1N1,south,2022,6B.1A.5a.2a,6B.1A.5a.1,0.943318,False,baseline_ha1,G,freq
H1N1,north,2022,6B.1A.5a.2a,6B.1A.5a.2a,0.715557,True,baseline_ha1,G,freq
H1N1,south,2023,6B.1A.5a.2a,6B.1A.5a.2a,0.626551,True,baseline_ha1,G,freq
H1N1,north,2023,6B.1A.5a.2a,6B.1A.5a.2a.1,0.784381,False,baseline_ha1,G,freq
H1N1,south,2024,6B.1A.5a.2a,6B.1A.5a.2a.1,0.555384,False,baseline_ha1,G,freq
H1N1,north,2024,6B.1A.5a.2a,6B.1A.5a.2a,0.799427,True,baseline_ha1,G,freq
H3N2,south,2013,3C.3a,3C.2,0.869915,False,baseline_ha1,G,freq
H3N2,north,2013,3C.3a,3C.3a,0.541929,True,baseline_ha1,G,freq
H3N2,south,2014,3C.3a,3C.3a,1.0,True,baseline_ha1,G,freq
H3N2,north,2014,3C.2,3C.3a,1.0,False,baseline_ha1,G,freq
H3N2,south,2015,3C.2,3C.2,0.768819,True,baseline_ha1,G,freq
H3N2,north,2015,3C.2,3C.3a,0.762637,False,baseline_ha1,G,freq
H3N2,south,2016,3C.2a,3C.2,0.947301,False,baseline_ha1,G,freq
H3N2,north,2016,3C.2a1,3C.2a,0.596854,False,baseline_ha1,G,freq
H3N2,south,2017,3C.2a1,3C.3a,0.446879,False,baseline_ha1,G,freq
H3N2,north,2017,3C.2a2,3C.2a1,0.593752,False,baseline_ha1,G,freq
H3N2,south,2018,3C.2a2,3C.2a1,0.570135,False,baseline_ha1,G,freq
H3N2,north,2018,3C.2a1b.1,3C.2a2,0.453188,False,baseline_ha1,G,freq
H3N2,south,2019,3C.3a1,3C.2a2,0.868246,False,baseline_ha1,G,freq
H3N2,north,2019,3C.3a1,3C.2a1b.1,0.719666,False,baseline_ha1,G,freq
H3N2,south,2020,3C.3a1,3C.2a1b.2,0.483936,False,baseline_ha1,G,freq
H3N2,north,2020,3C.2a1b.2a.2,3C.2a1b.2b,0.435843,False,baseline_ha1,G,freq
H3N2,south,2021,3C.2a1b.2a.2c,3C.3a1,0.423732,False,baseline_ha1,G,freq
H3N2,north,2021,3C.2a1b.2a.2a.1a,3C.2a1b.2a.1a,1.0,False,baseline_ha1,G,freq
H3N2,south,2022,3C.2a1b.2a.2a.1,3C.2a1b.2a.2d,0.371425,False,baseline_ha1,G,freq
H3N2,north,2022,3C.2a1b.2a.2b,3C.2a1b.2a.2a.1a,0.429425,False,baseline_ha1,G,freq
H3N2,south,2023,3C.2a1b.2a.2a.3a.1,3C.2a1b.2a.2a.1,0.481252,False,baseline_ha1,G,freq
H3N2,north,2023,3C.2a1b.2a.2a.3a.1,3C.2a1b.2a.2b,0.574618,False,baseline_ha1,G,freq
H3N2,south,2024,3C.2a1b.2a.2a.3a.1,3C.2a1b.2a.2a.3a.1,0.476072,True,baseline_ha1,G,freq
H3N2,north,2024,3C.2a1b.2a.2a.3a.1,3C.2a1b.2a.2a.3a.1,1.0,True,baseline_ha1,G,freq
Victoria,south,2013,V1A,V1A,0.948576,True,baseline_ha1,G,freq
Victoria,north,2013,V1A,V1A,0.947267,True,baseline_ha1,G,freq
Victoria,south,2014,V1A,V1A,1.0,True,baseline_ha1,G,freq
Victoria,north,2014,V1A,V1A,0.886705,True,baseline_ha1,G,freq
Victoria,south,2015,V1A,V1A,1.0,True,baseline_ha1,G,freq
Victoria,north,2015,V1A,V1A,0.969878,True,baseline_ha1,G,freq
Victoria,south,2016,V1A,V1A,0.982127,True,baseline_ha1,G,freq
Victoria,north,2016,V1A,V1A,1.0,True,baseline_ha1,G,freq
Victoria,south,2017,V1A,V1A,1.0,True,baseline_ha1,G,freq
Victoria,north,2017,V1A,V1A,0.979292,True,baseline_ha1,G,freq
Victoria,south,2018,V1A.1,V1A,0.82496,False,baseline_ha1,G,freq
Victoria,north,2018,V1A.1,V1A,0.69137,False,baseline_ha1,G,freq
Victoria,south,2019,V1A.3,,,False,baseline_ha1,G,freq
Victoria,north,2019,V1A.3,V1A.1,0.394253,False,baseline_ha1,G,freq
Victoria,south,2020,V1A.3,V1A.3,0.703678,True,baseline_ha1,G,freq
Victoria,north,2020,V1A.3a.1,V1A.3,0.979731,False,baseline_ha1,G,freq
Victoria,south,2021,V1A.3a.2,V1A.3,0.998042,False,baseline_ha1,G,freq
Victoria,north,2021,V1A.3a.2,V1A.3a.2,0.814585,True,baseline_ha1,G,freq
Victoria,south,2022,V1A.3a.2,V1A.3a.1,0.507922,False,baseline_ha1,G,freq
Victoria,north,2022,V1A.3a.2,V1A.3a.2,0.914396,True,baseline_ha1,G,freq
Victoria,south,2023,V1A.3a.2,V1A.3a.2,0.953568,True,baseline_ha1,G,freq
Victoria,north,2023,V1A.3a.2,V1A.3a.2,0.998121,True,baseline_ha1,G,freq
Victoria,south,2024,V1A.3a.2,V1A.3a.2,1.0,True,baseline_ha1,G,freq
Victoria,north,2024,V1A.3a.2,V1A.3a.2,1.0,True,baseline_ha1,G,freq
H1N1,south,2013,6B.1,6B.1,-0.693147,True,baseline_ha1,D,fit
H1N1,north,2013,6B.1,6B.1,-0.693147,True,baseline_ha1,D,fit
H1N1,south,2014,6B.1,6B.1,-0.693147,True,baseline_ha1,D,fit
H1N1,north,2014,6B.1,6B.1,-0.693147,True,baseline_ha1,D,fit
H1N1,south,2015,6B.1,6B.1,-0.693147,True,baseline_ha1,D,fit
H1N1,north,2015,6B.1,6B.1,-0.693147,True,baseline_ha1,D,fit
H1N1,south,2016,6B.1,6B.1,-0.000849,True,baseline_ha1,D,fit
H1N1,north,2016,6B.1,6B.1,-0.000849,True,baseline_ha1,D,fit
H1N1,south,2017,6B.1,6B.1,-0.217622,True,baseline_ha1,D,fit
H1N1,north,2017,6B.1A,6B.1,-0.693147,False,baseline_ha1,D,fit
H1N1,south,2018,6B.1A,6B.1,-0.021276,False,baseline_ha1,D,fit
H1N1,north,2018,6B.1A.5a,6B.1A,-0.002673,False,baseline_ha1,D,fit
H1N1,south,2019,6B.1A.5a,6B.1A,-0.104133,False,baseline_ha1,D,fit
H1N1,north,2019,6B.1A.5a.1,6B.1A.6,-0.052607,False,baseline_ha1,D,fit
H1N1,south,2020,6B.1A.5a.2,6B.1A.6,-0.624101,False,baseline_ha1,D,fit
H1N1,north,2020,6B.1A.5a.1,6B.1A.5b,-0.635605,False,baseline_ha1,D,fit
H1N1,south,2021,6B.1A.5a.1,6B.1A.5a.2,-0.609358,False,baseline_ha1,D,fit
H1N1,north,2021,6B.1A.5a.1,6B.1A.5a.1,-0.217622,True,baseline_ha1,D,fit
H1N1,south,2022,6B.1A.5a.2a,6B.1A.5a.1,-0.637545,False,baseline_ha1,D,fit
H1N1,north,2022,6B.1A.5a.2a,6B.1A.5a.1,-0.660543,False,baseline_ha1,D,fit
H1N1,south,2023,6B.1A.5a.2a,6B.1A.5a.1,-0.637267,False,baseline_ha1,D,fit
H1N1,north,2023,6B.1A.5a.2a,6B.1A.5a.2a,-0.658417,True,baseline_ha1,D,fit
H1N1,south,2024,6B.1A.5a.2a,6B.1A.5a.2a,-0.658417,True,baseline_ha1,D,fit
H1N1,north,2024,6B.1A.5a.2a,6B.1A.5a.2a,-0.658417,True,baseline_ha1,D,fit
H3N2,south,2013,3C.3a,3C.3a,-0.400834,True,baseline_ha1,D,fit
H3N2,north,2013,3C.3a,3C.3a,-0.400834,True,baseline_ha1,D,fit
H3N2,south,2014,3C.3a,3C.3a,-0.693147,True,baseline_ha1,D,fit
H3N2,north,2014,3C.2,3C.3a,-0.693147,False,baseline_ha1,D,fit
H3N2,south,2015,3C.2,3C.2,-0.217622,True,baseline_ha1,D,fit
H3N2,north,2015,3C.2,3C.2,-0.217622,True,baseline_ha1,D,fit
H3N2,south,2016,3C.2a,3C.2,-0.693147,False,baseline_ha1,D,fit
H3N2,north,2016,3C.2a1,3C.2a,-0.217622,False,baseline_ha1,D,fit
H3N2,south,2017,3C.2a1,3C.3a,-0.048889,False,baseline_ha1,D,fit
H3N2,north,2017,3C.2a2,3C.2a,-0.007342,False,baseline_ha1,D,fit
H3N2,south,2018,3C.2a2,3C.2a2,-0.028648,True,baseline_ha1,D,fit
H3N2,north,2018,3C.2a1b.1,3C.2,-0.107641,False,baseline_ha1,D,fit
H3N2,south,2019,3C.3a1,3C.2a2,-0.021295,False,baseline_ha1,D,fit
H3N2,north,2019,3C.3a1,3C.2a1b.2,-0.016083,False,baseline_ha1,D,fit
H3N2,south,2020,3C.3a1,3C.3a1,-0.030286,True,baseline_ha1,D,fit
H3N2,north,2020,3C.2a1b.2a.2,3C.3a1,-0.040067,False,baseline_ha1,D,fit
H3N2,south,2021,3C.2a1b.2a.2c,3C.3a1,-0.032036,False,baseline_ha1,D,fit
H3N2,north,2021,3C.2a1b.2a.2a.1a,3C.2a1b.2a.1a,-0.693147,False,baseline_ha1,D,fit
H3N2,south,2022,3C.2a1b.2a.2a.1,3C.2a1b.2a.2d,-0.050565,False,baseline_ha1,D,fit
H3N2,north,2022,3C.2a1b.2a.2b,3C.2a1b.2a.2a.1a,-0.069268,False,baseline_ha1,D,fit
H3N2,south,2023,3C.2a1b.2a.2a.3a.1,3C.2a1b.2a.1a,-0.020959,False,baseline_ha1,D,fit
H3N2,north,2023,3C.2a1b.2a.2a.3a.1,3C.2a1b.2a.2a.1b,-0.130145,False,baseline_ha1,D,fit
H3N2,south,2024,3C.2a1b.2a.2a.3a.1,3C.2a1b.2a.2a.1b,-0.075782,False,baseline_ha1,D,fit
H3N2,north,2024,3C.2a1b.2a.2a.3a.1,3C.2a1b.2a.2a.3a.1,-0.693147,True,baseline_ha1,D,fit
Victoria,south,2013,V1A,V1A,-0.400834,True,baseline_ha1,D,fit
Victoria,north,2013,V1A,V1A,-0.400834,True,baseline_ha1,D,fit
Victoria,south,2014,V1A,V1A,-0.693147,True,baseline_ha1,D,fit
Victoria,north,2014,V1A,V1A,-0.658417,True,baseline_ha1,D,fit
Victoria,south,2015,V1A,V1A,-0.693147,True,baseline_ha1,D,fit
Victoria,north,2015,V1A,V1A,-0.693147,True,baseline_ha1,D,fit
Victoria,south,2016,V1A,V1A,-0.693147,True,baseline_ha1,D,fit
Victoria,north,2016,V1A,V1A,-0.693147,True,baseline_ha1,D,fit
Victoria,south,2017,V1A,V1A,-0.693147,True,baseline_ha1,D,fit
Victoria,north,2017,V1A,V1A,-0.323555,True,baseline_ha1,D,fit
Victoria,south,2018,V1A.1,V1A,-0.150786,False,baseline_ha1,D,fit
Victoria,north,2018,V1A.1,V1A,-0.167613,False,baseline_ha1,D,fit
Victoria,south,2019,V1A.3,,,False,baseline_ha1,D,fit
Victoria,north,2019,V1A.3,V1A.1,-0.648991,False,baseline_ha1,D,fit
Victoria,south,2020,V1A.3,V1A,-0.6573,False,baseline_ha1,D,fit
Victoria,north,2020,V1A.3a.1,V1A.3,-0.623635,False,baseline_ha1,D,fit
Victoria,south,2021,V1A.3a.2,V1A.3,-0.658417,False,baseline_ha1,D,fit
Victoria,north,2021,V1A.3a.2,V1A.3,-0.658417,False,baseline_ha1,D,fit
Victoria,south,2022,V1A.3a.2,V1A.3a.2,-0.650001,True,baseline_ha1,D,fit
Victoria,north,2022,V1A.3a.2,V1A.3a.2,-0.637471,True,baseline_ha1,D,fit
Victoria,south,2023,V1A.3a.2,V1A.3,-0.63106,False,baseline_ha1,D,fit
Victoria,north,2023,V1A.3a.2,V1A.3a.2,-0.658417,True,baseline_ha1,D,fit
Victoria,south,2024,V1A.3a.2,V1A.3a.2,-0.693147,True,baseline_ha1,D,fit
Victoria,north,2024,V1A.3a.2,V1A.3a.2,-0.693147,True,baseline_ha1,D,fit
H1N1,south,2013,6B.1,6B.1,1.0,True,baseline_ha1,D,freq
H1N1,north,2013,6B.1,6B.1,1.0,True,baseline_ha1,D,freq
H1N1,south,2014,6B.1,6B.1,1.0,True,baseline_ha1,D,freq
H1N1,north,2014,6B.1,6B.1,1.0,True,baseline_ha1,D,freq
H1N1,south,2015,6B.1,6B.1,1.0,True,baseline_ha1,D,freq
H1N1,north,2015,6B.1,6B.1,0.844444,True,baseline_ha1,D,freq
H1N1,south,2016,6B.1,6B.1,0.99987,True,baseline_ha1,D,freq
H1N1,north,2016,6B.1,6B.1,0.999833,True,baseline_ha1,D,freq
H1N1,south,2017,6B.1,6B.1,0.990893,True,baseline_ha1,D,freq
H1N1,north,2017,6B.1A,6B.1,1.0,False,baseline_ha1,D,freq
H1N1,south,2018,6B.1A,6B.1,0.983508,False,baseline_ha1,D,freq
H1N1,north,2018,6B.1A.5a,6B.1A,0.920899,False,baseline_ha1,D,freq
H1N1,south,2019,6B.1A.5a,6B.1A,0.577104,False,baseline_ha1,D,freq
H1N1,north,2019,6B.1A.5a.1,6B.1A,0.265398,False,baseline_ha1,D,freq
H1N1,south,2020,6B.1A.5a.2,6B.1A.5a,0.54496,False,baseline_ha1,D,freq
H1N1,north,2020,6B.1A.5a.1,6B.1A.5a.1,0.49743,True,baseline_ha1,D,freq
H1N1,south,2021,6B.1A.5a.1,6B.1A.5a.2,0.452239,False,baseline_ha1,D,freq
H1N1,north,2021,6B.1A.5a.1,6B.1A.5a.1,0.969264,True,baseline_ha1,D,freq
H1N1,south,2022,6B.1A.5a.2a,6B.1A.5a.1,0.894211,False,baseline_ha1,D,freq
H1N1,north,2022,6B.1A.5a.2a,6B.1A.5a.2a,0.526421,True,baseline_ha1,D,freq
H1N1,south,2023,6B.1A.5a.2a,6B.1A.5a.1,0.511614,False,baseline_ha1,D,freq
H1N1,north,2023,6B.1A.5a.2a,6B.1A.5a.2a.1,0.510538,False,baseline_ha1,D,freq
H1N1,south,2024,6B.1A.5a.2a,6B.1A.5a.2a,0.73629,True,baseline_ha1,D,freq
H1N1,north,2024,6B.1A.5a.2a,6B.1A.5a.2a,0.568299,True,baseline_ha1,D,freq
H3N2,south,2013,3C.3a,3C.2,0.619163,False,baseline_ha1,D,freq
H3N2,north,2013,3C.3a,3C.3a,0.541929,True,baseline_ha1,D,freq
H3N2,south,2014,3C.3a,3C.3a,1.0,True,baseline_ha1,D,freq
H3N2,north,2014,3C.2,3C.3a,1.0,False,baseline_ha1,D,freq
H3N2,south,2015,3C.2,3C.2,0.700169,True,baseline_ha1,D,freq
H3N2,north,2015,3C.2,3C.2,0.882341,True,baseline_ha1,D,freq
H3N2,south,2016,3C.2a,3C.2,0.754219,False,baseline_ha1,D,freq
H3N2,north,2016,3C.2a1,3C.2a,0.596854,False,baseline_ha1,D,freq
H3N2,south,2017,3C.2a1,3C.3a,0.670919,False,baseline_ha1,D,freq
H3N2,north,2017,3C.2a2,3C.2a,0.58803,False,baseline_ha1,D,freq
H3N2,south,2018,3C.2a2,3C.2a1,0.58868,False,baseline_ha1,D,freq
H3N2,north,2018,3C.2a1b.1,3C.2a2,0.788972,False,baseline_ha1,D,freq
H3N2,south,2019,3C.3a1,3C.2a2,0.846946,False,baseline_ha1,D,freq
H3N2,north,2019,3C.3a1,3C.2a1b.2,0.580385,False,baseline_ha1,D,freq
H3N2,south,2020,3C.3a1,3C.3a1,0.697249,True,baseline_ha1,D,freq
H3N2,north,2020,3C.2a1b.2a.2,3C.2a1b.2b,0.36698,False,baseline_ha1,D,freq
H3N2,south,2021,3C.2a1b.2a.2c,3C.3a1,0.600456,False,baseline_ha1,D,freq
H3N2,north,2021,3C.2a1b.2a.2a.1a,3C.2a1b.2a.1a,1.0,False,baseline_ha1,D,freq
H3N2,south,2022,3C.2a1b.2a.2a.1,3C.2a1b.2a.2d,0.645215,False,baseline_ha1,D,freq
H3N2,north,2022,3C.2a1b.2a.2b,3C.2a1b.2a.2a.1a,0.486282,False,baseline_ha1,D,freq
H3N2,south,2023,3C.2a1b.2a.2a.3a.1,3C.2a1b.2a.2a.1,0.698216,False,baseline_ha1,D,freq
H3N2,north,2023,3C.2a1b.2a.2a.3a.1,3C.2a1b.2a.2b,0.66094,False,baseline_ha1,D,freq
H3N2,south,2024,3C.2a1b.2a.2a.3a.1,3C.2a1b.2a.2a.3a.1,0.577296,True,baseline_ha1,D,freq
H3N2,north,2024,3C.2a1b.2a.2a.3a.1,3C.2a1b.2a.2a.3a.1,1.0,True,baseline_ha1,D,freq
Victoria,south,2013,V1A,V1A,0.948576,True,baseline_ha1,D,freq
Victoria,north,2013,V1A,V1A,0.947267,True,baseline_ha1,D,freq
Victoria,south,2014,V1A,V1A,1.0,True,baseline_ha1,D,freq
Victoria,north,2014,V1A,V1A,0.900154,True,baseline_ha1,D,freq
Victoria,south,2015,V1A,V1A,1.0,True,baseline_ha1,D,freq
Victoria,north,2015,V1A,V1A,0.967742,True,baseline_ha1,D,freq
Victoria,south,2016,V1A,V1A,0.980843,True,baseline_ha1,D,freq
Victoria,north,2016,V1A,V1A,1.0,True,baseline_ha1,D,freq
Victoria,south,2017,V1A,V1A,1.0,True,baseline_ha1,D,freq
Victoria,north,2017,V1A,V1A,0.989861,True,baseline_ha1,D,freq
Victoria,south,2018,V1A.1,V1A,0.909064,False,baseline_ha1,D,freq
Victoria,north,2018,V1A.1,V1A,0.815647,False,baseline_ha1,D,freq
Victoria,south,2019,V1A.3,,,False,baseline_ha1,D,freq
Victoria,north,2019,V1A.3,V1A.1,0.412994,False,baseline_ha1,D,freq
Victoria,south,2020,V1A.3,V1A.3,0.640222,True,baseline_ha1,D,freq
Victoria,north,2020,V1A.3a.1,V1A.3,0.919265,False,baseline_ha1,D,freq
Victoria,south,2021,V1A.3a.2,V1A.3,0.989404,False,baseline_ha1,D,freq
Victoria,north,2021,V1A.3a.2,V1A.3,0.588651,False,baseline_ha1,D,freq
Victoria,south,2022,V1A.3a.2,V1A.3a.1,0.469837,False,baseline_ha1,D,freq
Victoria,north,2022,V1A.3a.2,V1A.3a.2,0.699824,True,baseline_ha1,D,freq
Victoria,south,2023,V1A.3a.2,V1A.3a.2,0.864808,True,baseline_ha1,D,freq
Victoria,north,2023,V1A.3a.2,V1A.3a.2,0.989832,True,baseline_ha1,D,freq
Victoria,south,2024,V1A.3a.2,V1A.3a.2,1.0,True,baseline_ha1,D,freq
Victoria,north,2024,V1A.3a.2,V1A.3a.2,1.0,True,baseline_ha1,D,freq
H1N1,south,2013,6B.1,6B.1,-1.386294,True,baseline_ha1,E+G,fit
H1N1,north,2013,6B.1,6B.1,-1.386294,True,baseline_ha1,E+G,fit
H1N1,south,2014,6B.1,6B.1,-1.386294,True,baseline_ha1,E+G,fit
H1N1,north,2014,6B.1,6B.1,-1.386294,True,baseline_ha1,E+G,fit
H1N1,south,2015,6B.1,6B.1,-1.386294,True,baseline_ha1,E+G,fit
H1N1,north,2015,6B.1,6B.1,-0.001698,True,baseline_ha1,E+G,fit
H1N1,south,2016,6B.1,6B.1,-7.072766,True,baseline_ha1,E+G,fit
H1N1,north,2016,6B.1,6B.2,-1.316833,False,baseline_ha1,E+G,fit
H1N1,south,2017,6B.1,6B.1,-1.387544,True,baseline_ha1,E+G,fit
H1N1,north,2017,6B.1A,6B.1,-1.386294,False,baseline_ha1,E+G,fit
H1N1,south,2018,6B.1A,6B.1,-1.27542,False,baseline_ha1,E+G,fit
H1N1,north,2018,6B.1A.5a,6B.1A,-1.32111,False,baseline_ha1,E+G,fit
H1N1,south,2019,6B.1A.5a,6B.1A.1,-1.300898,False,baseline_ha1,E+G,fit
H1N1,north,2019,6B.1A.5a.1,6B.1A.5a,-1.286711,False,baseline_ha1,E+G,fit
H1N1,south,2020,6B.1A.5a.2,6B.1A.5b,-1.285047,False,baseline_ha1,E+G,fit
H1N1,north,2020,6B.1A.5a.1,6B.1A.5a.1,-1.277925,True,baseline_ha1,E+G,fit
H1N1,south,2021,6B.1A.5a.1,6B.1A.5a.2,-1.337734,False,baseline_ha1,E+G,fit
H1N1,north,2021,6B.1A.5a.1,6B.1A.5a.1,-1.261042,True,baseline_ha1,E+G,fit
H1N1,south,2022,6B.1A.5a.2a,6B.1A.5a.1,-0.963594,False,baseline_ha1,E+G,fit
H1N1,north,2022,6B.1A.5a.2a,6B.1A.5a.2a,-0.867668,True,baseline_ha1,E+G,fit
H1N1,south,2023,6B.1A.5a.2a,6B.1A.5a.2a,-0.952497,True,baseline_ha1,E+G,fit
H1N1,north,2023,6B.1A.5a.2a,6B.1A.5a.2a.1,-0.997425,False,baseline_ha1,E+G,fit
H1N1,south,2024,6B.1A.5a.2a,6B.1A.5a.2a.1,-0.997425,False,baseline_ha1,E+G,fit
H1N1,north,2024,6B.1A.5a.2a,6B.1A.5a.2a,-1.261032,True,baseline_ha1,E+G,fit
H3N2,south,2013,3C.3a,3C.2,-1.508774,False,baseline_ha1,E+G,fit
H3N2,north,2013,3C.3a,3C.3a,-0.801667,True,baseline_ha1,E+G,fit
H3N2,south,2014,3C.3a,3C.3a,-1.386294,True,baseline_ha1,E+G,fit
H3N2,north,2014,3C.2,3C.3a,-1.386294,False,baseline_ha1,E+G,fit
H3N2,south,2015,3C.2,3C.2,-0.876038,True,baseline_ha1,E+G,fit
H3N2,north,2015,3C.2,3C.3a,-0.876038,False,baseline_ha1,E+G,fit
H3N2,south,2016,3C.2a,3C.3a,-1.035548,False,baseline_ha1,E+G,fit
H3N2,north,2016,3C.2a1,3C.2,-0.946749,False,baseline_ha1,E+G,fit
H3N2,south,2017,3C.2a1,3C.3a,-0.719213,False,baseline_ha1,E+G,fit
H3N2,north,2017,3C.2a2,3C.3a,-0.770543,False,baseline_ha1,E+G,fit
H3N2,south,2018,3C.2a2,3C.2,-0.882792,False,baseline_ha1,E+G,fit
H3N2,north,2018,3C.2a1b.1,3C.2,-0.863296,False,baseline_ha1,E+G,fit
H3N2,south,2019,3C.3a1,3C.3a1,-0.722179,True,baseline_ha1,E+G,fit
H3N2,north,2019,3C.3a1,3C.3a1,-0.720797,True,baseline_ha1,E+G,fit
H3N2,south,2020,3C.3a1,3C.2a1b.2b,-0.836311,False,baseline_ha1,E+G,fit
H3N2,north,2020,3C.2a1b.2a.2,3C.3a1,-0.732356,False,baseline_ha1,E+G,fit
H3N2,south,2021,3C.2a1b.2a.2c,3C.2a1b.1a,-0.820865,False,baseline_ha1,E+G,fit
H3N2,north,2021,3C.2a1b.2a.2a.1a,3C.2a1b.2a.1a,-1.386294,False,baseline_ha1,E+G,fit
H3N2,south,2022,3C.2a1b.2a.2a.1,3C.2a1b.2a.2a.2,-0.794633,False,baseline_ha1,E+G,fit
H3N2,north,2022,3C.2a1b.2a.2b,3C.2a1b.2a.2a.1a,-0.723664,False,baseline_ha1,E+G,fit
H3N2,south,2023,3C.2a1b.2a.2a.3a.1,3C.2a1b.2a.2a.3a.1,-0.738004,True,baseline_ha1,E+G,fit
H3N2,north,2023,3C.2a1b.2a.2a.3a.1,3C.2a1b.2a.1a,-0.738102,False,baseline_ha1,E+G,fit
H3N2,south,2024,3C.2a1b.2a.2a.3a.1,3C.2a1b.2a.2a.3a.1,-0.786556,True,baseline_ha1,E+G,fit
H3N2,north,2024,3C.2a1b.2a.2a.3a.1,3C.2a1b.2a.2a.3a.1,-1.386294,True,baseline_ha1,E+G,fit
Victoria,south,2013,V1A,V1A,-0.801667,True,baseline_ha1,E+G,fit
Victoria,north,2013,V1A,V1A,-1.508774,True,baseline_ha1,E+G,fit
Victoria,south,2014,V1A,V1A,-1.386294,True,baseline_ha1,E+G,fit
Victoria,north,2014,V1A,V1A,-1.849457,True,baseline_ha1,E+G,fit
Victoria,south,2015,V1A,V1A,-1.386294,True,baseline_ha1,E+G,fit
Victoria,north,2015,V1A,V1A,-0.48592,True,baseline_ha1,E+G,fit
Victoria,south,2016,V1A,V1A,-0.48592,True,baseline_ha1,E+G,fit
Victoria,north,2016,V1A,V1A,-1.386294,True,baseline_ha1,E+G,fit
Victoria,south,2017,V1A,V1A,-1.386294,True,baseline_ha1,E+G,fit
Victoria,north,2017,V1A,V1A,-0.631284,True,baseline_ha1,E+G,fit
Victoria,south,2018,V1A.1,V1A.1,-0.57848,True,baseline_ha1,E+G,fit
Victoria,north,2018,V1A.1,V1A.1,-0.408103,True,baseline_ha1,E+G,fit
Victoria,south,2019,V1A.3,,,False,baseline_ha1,E+G,fit
Victoria,north,2019,V1A.3,V1A.3,-0.206663,True,baseline_ha1,E+G,fit
Victoria,south,2020,V1A.3,V1A,-0.319968,False,baseline_ha1,E+G,fit
Victoria,north,2020,V1A.3a.1,V1A.3,-1.126131,False,baseline_ha1,E+G,fit
Victoria,south,2021,V1A.3a.2,V1A.3,-0.435243,False,baseline_ha1,E+G,fit
Victoria,north,2021,V1A.3a.2,V1A.3a.2,-0.435243,True,baseline_ha1,E+G,fit
Victoria,south,2022,V1A.3a.2,V1A.3a.2,-0.276013,True,baseline_ha1,E+G,fit
Victoria,north,2022,V1A.3a.2,V1A.3a.2,-1.289071,True,baseline_ha1,E+G,fit
Victoria,south,2023,V1A.3a.2,V1A.3a.2,-0.625627,True,baseline_ha1,E+G,fit
Victoria,north,2023,V1A.3a.2,V1A.3a.2,-0.746673,True,baseline_ha1,E+G,fit
Victoria,south,2024,V1A.3a.2,V1A.3a.2,-1.386294,True,baseline_ha1,E+G,fit
Victoria,north,2024,V1A.3a.2,V1A.3a.2,-1.386294,True,baseline_ha1,E+G,fit
H1N1,south,2013,6B.1,6B.1,1.0,True,baseline_ha1,E+G,freq
H1N1,north,2013,6B.1,6B.1,1.0,True,baseline_ha1,E+G,freq
H1N1,south,2014,6B.1,6B.1,1.0,True,baseline_ha1,E+G,freq
H1N1,north,2014,6B.1,6B.1,1.0,True,baseline_ha1,E+G,freq
H1N1,south,2015,6B.1,6B.1,1.0,True,baseline_ha1,E+G,freq
H1N1,north,2015,6B.1,6B.1,1.0,True,baseline_ha1,E+G,freq
H1N1,south,2016,6B.1,6B.1,0.867647,True,baseline_ha1,E+G,freq
H1N1,north,2016,6B.1,6B.1,0.815366,True,baseline_ha1,E+G,freq
H1N1,south,2017,6B.1,6B.1,0.963575,True,baseline_ha1,E+G,freq
H1N1,north,2017,6B.1A,6B.1,1.0,False,baseline_ha1,E+G,freq
H1N1,south,2018,6B.1A,6B.1,0.916922,False,baseline_ha1,E+G,freq
H1N1,north,2018,6B.1A.5a,6B.1A,0.757865,False,baseline_ha1,E+G,freq
H1N1,south,2019,6B.1A.5a,6B.1A,0.514799,False,baseline_ha1,E+G,freq
H1N1,north,2019,6B.1A.5a.1,6B.1A.5a,0.298725,False,baseline_ha1,E+G,freq
H1N1,south,2020,6B.1A.5a.2,6B.1A.5a,0.518561,False,baseline_ha1,E+G,freq
H1N1,north,2020,6B.1A.5a.1,6B.1A.5a.1,0.5229,True,baseline_ha1,E+G,freq
H1N1,south,2021,6B.1A.5a.1,6B.1A.5a.2,0.433731,False,baseline_ha1,E+G,freq
H1N1,north,2021,6B.1A.5a.1,6B.1A.5a.1,0.910498,True,baseline_ha1,E+G,freq
H1N1,south,2022,6B.1A.5a.2a,6B.1A.5a.1,0.941286,False,baseline_ha1,E+G,freq
H1N1,north,2022,6B.1A.5a.2a,6B.1A.5a.2a,0.720758,True,baseline_ha1,E+G,freq
H1N1,south,2023,6B.1A.5a.2a,6B.1A.5a.2a,0.640259,True,baseline_ha1,E+G,freq
H1N1,north,2023,6B.1A.5a.2a,6B.1A.5a.2a.1,0.772182,False,baseline_ha1,E+G,freq
H1N1,south,2024,6B.1A.5a.2a,6B.1A.5a.2a.1,0.537862,False,baseline_ha1,E+G,freq
H1N1,north,2024,6B.1A.5a.2a,6B.1A.5a.2a,0.653922,True,baseline_ha1,E+G,freq
H3N2,south,2013,3C.3a,3C.2,0.767296,False,baseline_ha1,E+G,freq
H3N2,north,2013,3C.3a,3C.3a,0.70583,True,baseline_ha1,E+G,freq
H3N2,south,2014,3C.3a,3C.3a,1.0,True,baseline_ha1,E+G,freq
H3N2,north,2014,3C.2,3C.3a,1.0,False,baseline_ha1,E+G,freq
H3N2,south,2015,3C.2,3C.2,0.7148,True,baseline_ha1,E+G,freq
H3N2,north,2015,3C.2,3C.3a,0.707722,False,baseline_ha1,E+G,freq
H3N2,south,2016,3C.2a,3C.3a,0.514313,False,baseline_ha1,E+G,freq
H3N2,north,2016,3C.2a1,3C.2,0.914146,False,baseline_ha1,E+G,freq
H3N2,south,2017,3C.2a1,3C.3a,0.678874,False,baseline_ha1,E+G,freq
H3N2,north,2017,3C.2a2,3C.2a1,0.248367,False,baseline_ha1,E+G,freq
H3N2,south,2018,3C.2a2,3C.2a1,0.351072,False,baseline_ha1,E+G,freq
H3N2,north,2018,3C.2a1b.1,3C.2a1b.1,0.351979,True,baseline_ha1,E+G,freq
H3N2,south,2019,3C.3a1,3C.2a2,0.419086,False,baseline_ha1,E+G,freq
H3N2,north,2019,3C.3a1,3C.2a1b.1,0.561118,False,baseline_ha1,E+G,freq
H3N2,south,2020,3C.3a1,3C.3a1,0.264444,True,baseline_ha1,E+G,freq
H3N2,north,2020,3C.2a1b.2a.2,3C.3a1,0.419371,False,baseline_ha1,E+G,freq
H3N2,south,2021,3C.2a1b.2a.2c,3C.3a1,0.496309,False,baseline_ha1,E+G,freq
H3N2,north,2021,3C.2a1b.2a.2a.1a,3C.2a1b.2a.1a,1.0,False,baseline_ha1,E+G,freq
H3N2,south,2022,3C.2a1b.2a.2a.1,3C.2a1b.2a.2d,0.537295,False,baseline_ha1,E+G,freq
H3N2,north,2022,3C.2a1b.2a.2b,3C.2a1b.2a.2a.1a,0.489741,False,baseline_ha1,E+G,freq
H3N2,south,2023,3C.2a1b.2a.2a.3a.1,3C.2a1b.2a.2a.1,0.225744,False,baseline_ha1,E+G,freq
H3N2,north,2023,3C.2a1b.2a.2a.3a.1,3C.2a1b.2a.2b,0.774793,False,baseline_ha1,E+G,freq
H3N2,south,2024,3C.2a1b.2a.2a.3a.1,3C.2a1b.2a.2a.3a.1,0.677983,True,baseline_ha1,E+G,freq
H3N2,north,2024,3C.2a1b.2a.2a.3a.1,3C.2a1b.2a.2a.3a.1,1.0,True,baseline_ha1,E+G,freq
Victoria,south,2013,V1A,V1A,0.973966,True,baseline_ha1,E+G,freq
Victoria,north,2013,V1A,V1A,0.898551,True,baseline_ha1,E+G,freq
Victoria,south,2014,V1A,V1A,1.0,True,baseline_ha1,E+G,freq
Victoria,north,2014,V1A,V1A,0.893617,True,baseline_ha1,E+G,freq
Victoria,south,2015,V1A,V1A,1.0,True,baseline_ha1,E+G,freq
Victoria,north,2015,V1A,V1A,0.997512,True,baseline_ha1,E+G,freq
Victoria,south,2016,V1A,V1A,0.998541,True,baseline_ha1,E+G,freq
Victoria,north,2016,V1A,V1A,1.0,True,baseline_ha1,E+G,freq
Victoria,south,2017,V1A,V1A,1.0,True,baseline_ha1,E+G,freq
Victoria,north,2017,V1A,V1A,0.989257,True,baseline_ha1,E+G,freq
Victoria,south,2018,V1A.1,V1A.1,0.634209,True,baseline_ha1,E+G,freq
Victoria,north,2018,V1A.1,V1A.1,0.87217,True,baseline_ha1,E+G,freq
Victoria,south,2019,V1A.3,,,False,baseline_ha1,E+G,freq
Victoria,north,2019,V1A.3,V1A.3,0.81528,True,baseline_ha1,E+G,freq
Victoria,south,2020,V1A.3,V1A,0.471358,False,baseline_ha1,E+G,freq
Victoria,north,2020,V1A.3a.1,V1A.3,0.978675,False,baseline_ha1,E+G,freq
Victoria,south,2021,V1A.3a.2,V1A.3,0.999321,False,baseline_ha1,E+G,freq
Victoria,north,2021,V1A.3a.2,V1A.3a.2,0.926949,True,baseline_ha1,E+G,freq
Victoria,south,2022,V1A.3a.2,V1A.3a.2,0.538432,True,baseline_ha1,E+G,freq
Victoria,north,2022,V1A.3a.2,V1A.3a.2,0.741992,True,baseline_ha1,E+G,freq
Victoria,south,2023,V1A.3a.2,V1A.3a.2,0.932802,True,baseline_ha1,E+G,freq
Victoria,north,2023,V1A.3a.2,V1A.3a.2,0.997759,True,baseline_ha1,E+G,freq
Victoria,south,2024,V1A.3a.2,V1A.3a.2,1.0,True,baseline_ha1,E+G,freq
Victoria,north,2024,V1A.3a.2,V1A.3a.2,1.0,True,baseline_ha1,E+G,freq
H1N1,south,2013,6B.1,6B.1,-1.386294,True,baseline_ha1,E+D,fit
H1N1,north,2013,6B.1,6B.1,-1.386294,True,baseline_ha1,E+D,fit
H1N1,south,2014,6B.1,6B.1,-1.386294,True,baseline_ha1,E+D,fit
H1N1,north,2014,6B.1,6B.1,-1.386294,True,baseline_ha1,E+D,fit
H1N1,south,2015,6B.1,6B.1,-1.386294,True,baseline_ha1,E+D,fit
H1N1,north,2015,6B.1,6B.1,-0.693996,True,baseline_ha1,E+D,fit
H1N1,south,2016,6B.1,6B.1,-7.072766,True,baseline_ha1,E+D,fit
H1N1,north,2016,6B.1,6B.1,-0.729976,True,baseline_ha1,E+D,fit
H1N1,south,2017,6B.1,6B.1,-0.946749,True,baseline_ha1,E+D,fit
H1N1,north,2017,6B.1A,6B.1,-1.386294,False,baseline_ha1,E+D,fit
H1N1,south,2018,6B.1A,6B.1,-0.658355,False,baseline_ha1,E+D,fit
H1N1,north,2018,6B.1A.5a,6B.1A,-0.705076,False,baseline_ha1,E+D,fit
H1N1,south,2019,6B.1A.5a,6B.1A.1,-0.713918,False,baseline_ha1,E+D,fit
H1N1,north,2019,6B.1A.5a.1,6B.1A.1,-0.77872,False,baseline_ha1,E+D,fit
H1N1,south,2020,6B.1A.5a.2,6B.1A.6,-0.779782,False,baseline_ha1,E+D,fit
H1N1,north,2020,6B.1A.5a.1,6B.1A.5b,-1.263361,False,baseline_ha1,E+D,fit
H1N1,south,2021,6B.1A.5a.1,6B.1A.5a.2,-0.545274,False,baseline_ha1,E+D,fit
H1N1,north,2021,6B.1A.5a.1,6B.1A.5a.1,-0.97554,True,baseline_ha1,E+D,fit
H1N1,south,2022,6B.1A.5a.2a,6B.1A.5a.1,-1.327163,False,baseline_ha1,E+D,fit
H1N1,north,2022,6B.1A.5a.2a,6B.1A.5a.2a,-1.322881,True,baseline_ha1,E+D,fit
H1N1,south,2023,6B.1A.5a.2a,6B.1A.5a.2a.1,-1.37967,False,baseline_ha1,E+D,fit
H1N1,north,2023,6B.1A.5a.2a,6B.1A.5a.2a,-1.316833,True,baseline_ha1,E+D,fit
H1N1,south,2024,6B.1A.5a.2a,6B.1A.5a.2a,-1.316833,True,baseline_ha1,E+D,fit
H1N1,north,2024,6B.1A.5a.2a,6B.1A.5a.2a.1,-1.311352,False,baseline_ha1,E+D,fit
H3N2,south,2013,3C.3a,3C.3a,-0.801667,True,baseline_ha1,E+D,fit
H3N2,north,2013,3C.3a,3C.3a,-0.801667,True,baseline_ha1,E+D,fit
H3N2,south,2014,3C.3a,3C.3a,-1.386294,True,baseline_ha1,E+D,fit
H3N2,north,2014,3C.2,3C.3a,-1.386294,False,baseline_ha1,E+D,fit
H3N2,south,2015,3C.2,3C.2,-0.801667,True,baseline_ha1,E+D,fit
H3N2,north,2015,3C.2,3C.2,-1.508774,True,baseline_ha1,E+D,fit
H3N2,south,2016,3C.2a,3C.3a,-1.068711,False,baseline_ha1,E+D,fit
H3N2,north,2016,3C.2a1,3C.2a,-1.035548,False,baseline_ha1,E+D,fit
H3N2,south,2017,3C.2a1,3C.3a,-0.524167,False,baseline_ha1,E+D,fit
H3N2,north,2017,3C.2a2,3C.2a,-0.766368,False,baseline_ha1,E+D,fit
H3N2,south,2018,3C.2a2,3C.2a2,-0.748996,True,baseline_ha1,E+D,fit
H3N2,north,2018,3C.2a1b.1,3C.2,-0.74569,False,baseline_ha1,E+D,fit
H3N2,south,2019,3C.3a1,3C.2a2,-0.752641,False,baseline_ha1,E+D,fit
H3N2,north,2019,3C.3a1,3C.2a1b.2,-0.893915,False,baseline_ha1,E+D,fit
H3N2,south,2020,3C.3a1,3C.3a1,-0.827355,True,baseline_ha1,E+D,fit
H3N2,north,2020,3C.2a1b.2a.2,3C.3a1,-0.267919,False,baseline_ha1,E+D,fit
H3N2,south,2021,3C.2a1b.2a.2c,3C.3a1,-0.40335,False,baseline_ha1,E+D,fit
H3N2,north,2021,3C.2a1b.2a.2a.1a,3C.2a1b.2a.1a,-1.386294,False,baseline_ha1,E+D,fit
H3N2,south,2022,3C.2a1b.2a.2a.1,3C.2a1b.2a.2d,-0.585917,False,baseline_ha1,E+D,fit
H3N2,north,2022,3C.2a1b.2a.2b,3C.2a1b.2a.2a.1a,-0.406675,False,baseline_ha1,E+D,fit
H3N2,south,2023,3C.2a1b.2a.2a.3a.1,3C.2a1b.2a.2a.3a.1,-0.94902,True,baseline_ha1,E+D,fit
H3N2,north,2023,3C.2a1b.2a.2a.3a.1,3C.2a1b.2a.2b,-0.739851,False,baseline_ha1,E+D,fit
H3N2,south,2024,3C.2a1b.2a.2a.3a.1,3C.2a1b.2a.2a.3a.1,-0.843987,True,baseline_ha1,E+D,fit
H3N2,north,2024,3C.2a1b.2a.2a.3a.1,3C.2a1b.2a.2a.3a.1,-1.386294,True,baseline_ha1,E+D,fit
Victoria,south,2013,V1A,V1A,-0.801667,True,baseline_ha1,E+D,fit
Victoria,north,2013,V1A,V1A,-1.508774,True,baseline_ha1,E+D,fit
Victoria,south,2014,V1A,V1A,-1.386294,True,baseline_ha1,E+D,fit
Victoria,north,2014,V1A,V1A,-0.435243,True,baseline_ha1,E+D,fit
Victoria,south,2015,V1A,V1A,-1.386294,True,baseline_ha1,E+D,fit
Victoria,north,2015,V1A,V1A,-1.068711,True,baseline_ha1,E+D,fit
Victoria,south,2016,V1A,V1A,-1.068711,True,baseline_ha1,E+D,fit
Victoria,north,2016,V1A,V1A,-1.386294,True,baseline_ha1,E+D,fit
Victoria,south,2017,V1A,V1A,-1.386294,True,baseline_ha1,E+D,fit
Victoria,north,2017,V1A,V1A,-0.83033,True,baseline_ha1,E+D,fit
Victoria,south,2018,V1A.1,V1A.1,-1.189636,True,baseline_ha1,E+D,fit
Victoria,north,2018,V1A.1,V1A.1,-1.045565,True,baseline_ha1,E+D,fit
Victoria,south,2019,V1A.3,,,False,baseline_ha1,E+D,fit
Victoria,north,2019,V1A.3,V1A.3,-0.083904,True,baseline_ha1,E+D,fit
Victoria,south,2020,V1A.3,V1A,-0.191182,False,baseline_ha1,E+D,fit
Victoria,north,2020,V1A.3a.1,V1A.3,-1.272563,False,baseline_ha1,E+D,fit
Victoria,south,2021,V1A.3a.2,V1A.3,-0.435243,False,baseline_ha1,E+D,fit
Victoria,north,2021,V1A.3a.2,V1A.3,-1.849457,False,baseline_ha1,E+D,fit
Victoria,south,2022,V1A.3a.2,V1A.3a.2,-0.215476,True,baseline_ha1,E+D,fit
Victoria,north,2022,V1A.3a.2,V1A.3,-0.858197,False,baseline_ha1,E+D,fit
Victoria,south,2023,V1A.3a.2,V1A.3,-0.703517,False,baseline_ha1,E+D,fit
Victoria,north,2023,V1A.3a.2,V1A.3a.2,-0.48592,True,baseline_ha1,E+D,fit
Victoria,south,2024,V1A.3a.2,V1A.3a.2,-1.386294,True,baseline_ha1,E+D,fit
Victoria,north,2024,V1A.3a.2,V1A.3a.2,-1.386294,True,baseline_ha1,E+D,fit
H1N1,south,2013,6B.1,6B.1,1.0,True,baseline_ha1,E+D,freq
H1N1,north,2013,6B.1,6B.1,1.0,True,baseline_ha1,E+D,freq
H1N1,south,2014,6B.1,6B.1,1.0,True,baseline_ha1,E+D,freq
H1N1,north,2014,6B.1,6B.1,1.0,True,baseline_ha1,E+D,freq
H1N1,south,2015,6B.1,6B.1,1.0,True,baseline_ha1,E+D,freq
H1N1,north,2015,6B.1,6B.1,0.999844,True,baseline_ha1,E+D,freq
H1N1,south,2016,6B.1,6B.1,0.867647,True,baseline_ha1,E+D,freq
H1N1,north,2016,6B.1,6B.1,0.999821,True,baseline_ha1,E+D,freq
H1N1,south,2017,6B.1,6B.1,0.990233,True,baseline_ha1,E+D,freq
H1N1,north,2017,6B.1A,6B.1,1.0,False,baseline_ha1,E+D,freq
H1N1,south,2018,6B.1A,6B.1,0.98484,False,baseline_ha1,E+D,freq
H1N1,north,2018,6B.1A.5a,6B.1A,0.917901,False,baseline_ha1,E+D,freq
H1N1,south,2019,6B.1A.5a,6B.1A,0.570672,False,baseline_ha1,E+D,freq
H1N1,north,2019,6B.1A.5a.1,6B.1A.5a,0.262318,False,baseline_ha1,E+D,freq
H1N1,south,2020,6B.1A.5a.2,6B.1A.5a,0.710858,False,baseline_ha1,E+D,freq
H1N1,north,2020,6B.1A.5a.1,6B.1A.5a.1,0.50663,True,baseline_ha1,E+D,freq
H1N1,south,2021,6B.1A.5a.1,6B.1A.5a.2,0.692105,False,baseline_ha1,E+D,freq
H1N1,north,2021,6B.1A.5a.1,6B.1A.5a.1,0.972587,True,baseline_ha1,E+D,freq
H1N1,south,2022,6B.1A.5a.2a,6B.1A.5a.1,0.890604,False,baseline_ha1,E+D,freq
H1N1,north,2022,6B.1A.5a.2a,6B.1A.5a.2a,0.532878,True,baseline_ha1,E+D,freq
H1N1,south,2023,6B.1A.5a.2a,6B.1A.5a.1,0.492756,False,baseline_ha1,E+D,freq
H1N1,north,2023,6B.1A.5a.2a,6B.1A.5a.2a,0.507137,True,baseline_ha1,E+D,freq
H1N1,south,2024,6B.1A.5a.2a,6B.1A.5a.2a,0.749788,True,baseline_ha1,E+D,freq
H1N1,north,2024,6B.1A.5a.2a,6B.1A.5a.2a,0.509802,True,baseline_ha1,E+D,freq
H3N2,south,2013,3C.3a,3C.3a,0.555053,True,baseline_ha1,E+D,freq
H3N2,north,2013,3C.3a,3C.3a,0.70583,True,baseline_ha1,E+D,freq
H3N2,south,2014,3C.3a,3C.3a,1.0,True,baseline_ha1,E+D,freq
H3N2,north,2014,3C.2,3C.3a,1.0,False,baseline_ha1,E+D,freq
H3N2,south,2015,3C.2,3C.2,0.700169,True,baseline_ha1,E+D,freq
H3N2,north,2015,3C.2,3C.2,0.645788,True,baseline_ha1,E+D,freq
H3N2,south,2016,3C.2a,3C.2,0.583114,False,baseline_ha1,E+D,freq
H3N2,north,2016,3C.2a1,3C.2a,0.539088,False,baseline_ha1,E+D,freq
H3N2,south,2017,3C.2a1,3C.3a,0.734982,False,baseline_ha1,E+D,freq
H3N2,north,2017,3C.2a2,3C.2a,0.569405,False,baseline_ha1,E+D,freq
H3N2,south,2018,3C.2a2,3C.2a1,0.563546,False,baseline_ha1,E+D,freq
H3N2,north,2018,3C.2a1b.1,3C.2a2,0.779887,False,baseline_ha1,E+D,freq
H3N2,south,2019,3C.3a1,3C.2a2,0.837246,False,baseline_ha1,E+D,freq
H3N2,north,2019,3C.3a1,3C.2a1b.2,0.513739,False,baseline_ha1,E+D,freq
H3N2,south,2020,3C.3a1,3C.3a1,0.659834,True,baseline_ha1,E+D,freq
H3N2,north,2020,3C.2a1b.2a.2,3C.3a1,0.485999,False,baseline_ha1,E+D,freq
H3N2,south,2021,3C.2a1b.2a.2c,3C.3a1,0.629799,False,baseline_ha1,E+D,freq
H3N2,north,2021,3C.2a1b.2a.2a.1a,3C.2a1b.2a.1a,1.0,False,baseline_ha1,E+D,freq
H3N2,south,2022,3C.2a1b.2a.2a.1,3C.2a1b.2a.2d,0.676381,False,baseline_ha1,E+D,freq
H3N2,north,2022,3C.2a1b.2a.2b,3C.2a1b.2a.2a.1a,0.509897,False,baseline_ha1,E+D,freq
H3N2,south,2023,3C.2a1b.2a.2a.3a.1,3C.2a1b.2a.2a.1,0.517307,False,baseline_ha1,E+D,freq
H3N2,north,2023,3C.2a1b.2a.2a.3a.1,3C.2a1b.2a.2b,0.777981,False,baseline_ha1,E+D,freq
H3N2,south,2024,3C.2a1b.2a.2a.3a.1,3C.2a1b.2a.2a.3a.1,0.776027,True,baseline_ha1,E+D,freq
H3N2,north,2024,3C.2a1b.2a.2a.3a.1,3C.2a1b.2a.2a.3a.1,1.0,True,baseline_ha1,E+D,freq
Victoria,south,2013,V1A,V1A,0.973966,True,baseline_ha1,E+D,freq
Victoria,north,2013,V1A,V1A,0.898551,True,baseline_ha1,E+D,freq
Victoria,south,2014,V1A,V1A,1.0,True,baseline_ha1,E+D,freq
Victoria,north,2014,V1A,V1A,0.993013,True,baseline_ha1,E+D,freq
Victoria,south,2015,V1A,V1A,1.0,True,baseline_ha1,E+D,freq
Victoria,north,2015,V1A,V1A,0.985034,True,baseline_ha1,E+D,freq
Victoria,south,2016,V1A,V1A,0.991176,True,baseline_ha1,E+D,freq
Victoria,north,2016,V1A,V1A,1.0,True,baseline_ha1,E+D,freq
Victoria,south,2017,V1A,V1A,1.0,True,baseline_ha1,E+D,freq
Victoria,north,2017,V1A,V1A,0.994732,True,baseline_ha1,E+D,freq
Victoria,south,2018,V1A.1,V1A,0.633511,False,baseline_ha1,E+D,freq
Victoria,north,2018,V1A.1,V1A.1,0.548226,True,baseline_ha1,E+D,freq
Victoria,south,2019,V1A.3,,,False,baseline_ha1,E+D,freq
Victoria,north,2019,V1A.3,V1A.3,0.501289,True,baseline_ha1,E+D,freq
Victoria,south,2020,V1A.3,V1A,0.625456,False,baseline_ha1,E+D,freq
Victoria,north,2020,V1A.3a.1,V1A.3,0.988468,False,baseline_ha1,E+D,freq
Victoria,south,2021,V1A.3a.2,V1A.3,0.999321,False,baseline_ha1,E+D,freq
Victoria,north,2021,V1A.3a.2,V1A.3,0.571429,False,baseline_ha1,E+D,freq
Victoria,south,2022,V1A.3a.2,V1A.3a.2,0.56053,True,baseline_ha1,E+D,freq
Victoria,north,2022,V1A.3a.2,V1A.3a.2,0.521252,True,baseline_ha1,E+D,freq
Victoria,south,2023,V1A.3a.2,V1A.3a.2,0.869466,True,baseline_ha1,E+D,freq
Victoria,north,2023,V1A.3a.2,V1A.3a.2,0.999176,True,baseline_ha1,E+D,freq
Victoria,south,2024,V1A.3a.2,V1A.3a.2,1.0,True,baseline_ha1,E+D,freq
Victoria,north,2024,V1A.3a.2,V1A.3a.2,1.0,True,baseline_ha1,E+D,freq
H1N1,south,2013,6B.1,6B.1,-1.386294,True,baseline_ha1,G+D,fit
H1N1,north,2013,6B.1,6B.1,-1.386294,True,baseline_ha1,G+D,fit
H1N1,south,2014,6B.1,6B.1,-1.386294,True,baseline_ha1,G+D,fit
H1N1,north,2014,6B.1,6B.1,-1.386294,True,baseline_ha1,G+D,fit
H1N1,south,2015,6B.1,6B.1,-1.386294,True,baseline_ha1,G+D,fit
H1N1,north,2015,6B.1,6B.1,-0.693996,True,baseline_ha1,G+D,fit
H1N1,south,2016,6B.1,6B.1,-0.001698,True,baseline_ha1,G+D,fit
H1N1,north,2016,6B.1,6B.1,-0.729976,True,baseline_ha1,G+D,fit
H1N1,south,2017,6B.1,6B.1,-0.876038,True,baseline_ha1,G+D,fit
H1N1,north,2017,6B.1A,6B.1,-1.386294,False,baseline_ha1,G+D,fit
H1N1,south,2018,6B.1A,6B.1,-0.659618,False,baseline_ha1,G+D,fit
H1N1,north,2018,6B.1A.5a,6B.1A,-0.621379,False,baseline_ha1,G+D,fit
H1N1,south,2019,6B.1A.5a,6B.1A,-0.659596,False,baseline_ha1,G+D,fit
H1N1,north,2019,6B.1A.5a.1,6B.1A,-0.738862,False,baseline_ha1,G+D,fit
H1N1,south,2020,6B.1A.5a.2,6B.1A.6,-1.260914,False,baseline_ha1,G+D,fit
H1N1,north,2020,6B.1A.5a.1,6B.1A.5a.1,-1.282362,True,baseline_ha1,G+D,fit
H1N1,south,2021,6B.1A.5a.1,6B.1A.5a.2,-1.329533,False,baseline_ha1,G+D,fit
H1N1,north,2021,6B.1A.5a.1,6B.1A.5a.1,-0.339268,True,baseline_ha1,G+D,fit
H1N1,south,2022,6B.1A.5a.2a,6B.1A.5a.1,-2e-05,False,baseline_ha1,G+D,fit
H1N1,north,2022,6B.1A.5a.2a,6B.1A.5a.2a,-0.007642,True,baseline_ha1,G+D,fit
H1N1,south,2023,6B.1A.5a.2a,6B.1A.5a.2a,-4.928311,True,baseline_ha1,G+D,fit
H1N1,north,2023,6B.1A.5a.2a,6B.1A.5a.2a,-7.072766,True,baseline_ha1,G+D,fit
H1N1,south,2024,6B.1A.5a.2a,6B.1A.5a.2a,-7.072766,True,baseline_ha1,G+D,fit
H1N1,north,2024,6B.1A.5a.2a,6B.1A.5a.2a,-0.001698,True,baseline_ha1,G+D,fit
H3N2,south,2013,3C.3a,3C.2,-1.508774,False,baseline_ha1,G+D,fit
H3N2,north,2013,3C.3a,3C.3a,-0.801667,True,baseline_ha1,G+D,fit
H3N2,south,2014,3C.3a,3C.3a,-1.386294,True,baseline_ha1,G+D,fit
H3N2,north,2014,3C.2,3C.3a,-1.386294,False,baseline_ha1,G+D,fit
H3N2,south,2015,3C.2,3C.2,-0.876038,True,baseline_ha1,G+D,fit
H3N2,north,2015,3C.2,3C.2,-0.946749,True,baseline_ha1,G+D,fit
H3N2,south,2016,3C.2a,3C.2,-1.275372,False,baseline_ha1,G+D,fit
H3N2,north,2016,3C.2a1,3C.2a,-0.799846,False,baseline_ha1,G+D,fit
H3N2,south,2017,3C.2a1,3C.3a,-0.718602,False,baseline_ha1,G+D,fit
H3N2,north,2017,3C.2a2,3C.2a,-0.913986,False,baseline_ha1,G+D,fit
H3N2,south,2018,3C.2a2,3C.2a2,-0.713583,True,baseline_ha1,G+D,fit
H3N2,north,2018,3C.2a1b.1,3C.2a2,-0.804786,False,baseline_ha1,G+D,fit
H3N2,south,2019,3C.3a1,3C.2a2,-0.445576,False,baseline_ha1,G+D,fit
H3N2,north,2019,3C.3a1,3C.2a1b.2,-0.823226,False,baseline_ha1,G+D,fit
H3N2,south,2020,3C.3a1,3C.3a1,-0.963445,True,baseline_ha1,G+D,fit
H3N2,north,2020,3C.2a1b.2a.2,3C.2a1b.2b,-0.638231,False,baseline_ha1,G+D,fit
H3N2,south,2021,3C.2a1b.2a.2c,3C.3a1,-0.837341,False,baseline_ha1,G+D,fit
H3N2,north,2021,3C.2a1b.2a.2a.1a,3C.2a1b.2a.1a,-1.386294,False,baseline_ha1,G+D,fit
H3N2,south,2022,3C.2a1b.2a.2a.1,3C.2a1b.2a.2d,-0.544815,False,baseline_ha1,G+D,fit
H3N2,north,2022,3C.2a1b.2a.2b,3C.2a1b.2a.2a.1a,-0.594765,False,baseline_ha1,G+D,fit
H3N2,south,2023,3C.2a1b.2a.2a.3a.1,3C.2a1b.2a.2a.1,-0.571547,False,baseline_ha1,G+D,fit
H3N2,north,2023,3C.2a1b.2a.2a.3a.1,3C.2a1b.2a.2a.1b,-0.535282,False,baseline_ha1,G+D,fit
H3N2,south,2024,3C.2a1b.2a.2a.3a.1,3C.2a1b.2a.2a.1b,-0.942675,False,baseline_ha1,G+D,fit
H3N2,north,2024,3C.2a1b.2a.2a.3a.1,3C.2a1b.2a.2a.3a.1,-1.386294,True,baseline_ha1,G+D,fit
Victoria,south,2013,V1A,V1A,-0.801667,True,baseline_ha1,G+D,fit
Victoria,north,2013,V1A,V1A,-0.801667,True,baseline_ha1,G+D,fit
Victoria,south,2014,V1A,V1A,-1.386294,True,baseline_ha1,G+D,fit
Victoria,north,2014,V1A,V1A,-1.387544,True,baseline_ha1,G+D,fit
Victoria,south,2015,V1A,V1A,-1.386294,True,baseline_ha1,G+D,fit
Victoria,north,2015,V1A,V1A,-1.318082,True,baseline_ha1,G+D,fit
Victoria,south,2016,V1A,V1A,-1.318082,True,baseline_ha1,G+D,fit
Victoria,north,2016,V1A,V1A,-1.386294,True,baseline_ha1,G+D,fit
Victoria,south,2017,V1A,V1A,-1.386294,True,baseline_ha1,G+D,fit
Victoria,north,2017,V1A,V1A,-0.082644,True,baseline_ha1,G+D,fit
Victoria,south,2018,V1A.1,V1A,-0.138839,False,baseline_ha1,G+D,fit
Victoria,north,2018,V1A.1,V1A.1,-0.828561,True,baseline_ha1,G+D,fit
Victoria,south,2019,V1A.3,,,False,baseline_ha1,G+D,fit
Victoria,north,2019,V1A.3,V1A.3,-1.303752,True,baseline_ha1,G+D,fit
Victoria,south,2020,V1A.3,V1A,-0.034644,False,baseline_ha1,G+D,fit
Victoria,north,2020,V1A.3a.1,V1A.3,-0.001295,False,baseline_ha1,G+D,fit
Victoria,south,2021,V1A.3a.2,V1A.3,-0.057453,False,baseline_ha1,G+D,fit
Victoria,north,2021,V1A.3a.2,V1A.3,-3.592987,False,baseline_ha1,G+D,fit
Victoria,south,2022,V1A.3a.2,V1A.3a.2,-0.041137,True,baseline_ha1,G+D,fit
Victoria,north,2022,V1A.3a.2,V1A.3a.2,-0.024771,True,baseline_ha1,G+D,fit
Victoria,south,2023,V1A.3a.2,V1A.3a.2,-0.355857,True,baseline_ha1,G+D,fit
Victoria,north,2023,V1A.3a.2,V1A.3a.2,-0.119209,True,baseline_ha1,G+D,fit
Victoria,south,2024,V1A.3a.2,V1A.3a.2,-1.386294,True,baseline_ha1,G+D,fit
Victoria,north,2024,V1A.3a.2,V1A.3a.2,-1.386294,True,baseline_ha1,G+D,fit
H1N1,south,2013,6B.1,6B.1,1.0,True,baseline_ha1,G+D,freq
H1N1,north,2013,6B.1,6B.1,1.0,True,baseline_ha1,G+D,freq
H1N1,south,2014,6B.1,6B.1,1.0,True,baseline_ha1,G+D,freq
H1N1,north,2014,6B.1,6B.1,1.0,True,baseline_ha1,G+D,freq
H1N1,south,2015,6B.1,6B.1,1.0,True,baseline_ha1,G+D,freq
H1N1,north,2015,6B.1,6B.1,0.999844,True,baseline_ha1,G+D,freq
H1N1,south,2016,6B.1,6B.1,1.0,True,baseline_ha1,G+D,freq
H1N1,north,2016,6B.1,6B.1,0.999821,True,baseline_ha1,G+D,freq
H1N1,south,2017,6B.1,6B.1,0.99151,True,baseline_ha1,G+D,freq
H1N1,north,2017,6B.1A,6B.1,1.0,False,baseline_ha1,G+D,freq
H1N1,south,2018,6B.1A,6B.1,0.98465,False,baseline_ha1,G+D,freq
H1N1,north,2018,6B.1A.5a,6B.1A,0.927158,False,baseline_ha1,G+D,freq
H1N1,south,2019,6B.1A.5a,6B.1A,0.595022,False,baseline_ha1,G+D,freq
H1N1,north,2019,6B.1A.5a.1,6B.1A,0.275902,False,baseline_ha1,G+D,freq
H1N1,south,2020,6B.1A.5a.2,6B.1A.5a,0.556149,False,baseline_ha1,G+D,freq
H1N1,north,2020,6B.1A.5a.1,6B.1A.5a.1,0.516595,True,baseline_ha1,G+D,freq
H1N1,south,2021,6B.1A.5a.1,6B.1A.5a.2,0.439452,False,baseline_ha1,G+D,freq
H1N1,north,2021,6B.1A.5a.1,6B.1A.5a.1,0.998618,True,baseline_ha1,G+D,freq
H1N1,south,2022,6B.1A.5a.2a,6B.1A.5a.1,0.999996,False,baseline_ha1,G+D,freq
H1N1,north,2022,6B.1A.5a.2a,6B.1A.5a.2a,0.991158,True,baseline_ha1,G+D,freq
H1N1,south,2023,6B.1A.5a.2a,6B.1A.5a.2a,0.726916,True,baseline_ha1,G+D,freq
H1N1,north,2023,6B.1A.5a.2a,6B.1A.5a.2a.1,0.528188,False,baseline_ha1,G+D,freq
H1N1,south,2024,6B.1A.5a.2a,6B.1A.5a.2a,0.722333,True,baseline_ha1,G+D,freq
H1N1,north,2024,6B.1A.5a.2a,6B.1A.5a.2a,0.999999,True,baseline_ha1,G+D,freq
H3N2,south,2013,3C.3a,3C.2,0.767296,False,baseline_ha1,G+D,freq
H3N2,north,2013,3C.3a,3C.3a,0.70583,True,baseline_ha1,G+D,freq
H3N2,south,2014,3C.3a,3C.3a,1.0,True,baseline_ha1,G+D,freq
H3N2,north,2014,3C.2,3C.3a,1.0,False,baseline_ha1,G+D,freq
H3N2,south,2015,3C.2,3C.2,0.7148,True,baseline_ha1,G+D,freq
H3N2,north,2015,3C.2,3C.2,0.8748,True,baseline_ha1,G+D,freq
H3N2,south,2016,3C.2a,3C.2,0.795263,False,baseline_ha1,G+D,freq
H3N2,north,2016,3C.2a1,3C.2a,0.652053,False,baseline_ha1,G+D,freq
H3N2,south,2017,3C.2a1,3C.3a,0.677371,False,baseline_ha1,G+D,freq
H3N2,north,2017,3C.2a2,3C.2a,0.524905,False,baseline_ha1,G+D,freq
H3N2,south,2018,3C.2a2,3C.2a1,0.603257,False,baseline_ha1,G+D,freq
H3N2,north,2018,3C.2a1b.1,3C.2a2,0.787243,False,baseline_ha1,G+D,freq
H3N2,south,2019,3C.3a1,3C.2a2,0.882084,False,baseline_ha1,G+D,freq
H3N2,north,2019,3C.3a1,3C.2a1b.2,0.526531,False,baseline_ha1,G+D,freq
H3N2,south,2020,3C.3a1,3C.3a1,0.634309,True,baseline_ha1,G+D,freq
H3N2,north,2020,3C.2a1b.2a.2,3C.2a1b.2b,0.422252,False,baseline_ha1,G+D,freq
H3N2,south,2021,3C.2a1b.2a.2c,3C.3a1,0.551388,False,baseline_ha1,G+D,freq
H3N2,north,2021,3C.2a1b.2a.2a.1a,3C.2a1b.2a.1a,1.0,False,baseline_ha1,G+D,freq
H3N2,south,2022,3C.2a1b.2a.2a.1,3C.2a1b.2a.2d,0.710063,False,baseline_ha1,G+D,freq
H3N2,north,2022,3C.2a1b.2a.2b,3C.2a1b.2a.2a.1a,0.52418,False,baseline_ha1,G+D,freq
H3N2,south,2023,3C.2a1b.2a.2a.3a.1,3C.2a1b.2a.2a.1,0.71674,False,baseline_ha1,G+D,freq
H3N2,north,2023,3C.2a1b.2a.2a.3a.1,3C.2a1b.2a.2b,0.624648,False,baseline_ha1,G+D,freq
H3N2,south,2024,3C.2a1b.2a.2a.3a.1,3C.2a1b.2a.2a.3a.1,0.653947,True,baseline_ha1,G+D,freq
H3N2,north,2024,3C.2a1b.2a.2a.3a.1,3C.2a1b.2a.2a.3a.1,1.0,True,baseline_ha1,G+D,freq
Victoria,south,2013,V1A,V1A,0.973966,True,baseline_ha1,G+D,freq
Victoria,north,2013,V1A,V1A,0.973285,True,baseline_ha1,G+D,freq
Victoria,south,2014,V1A,V1A,1.0,True,baseline_ha1,G+D,freq
Victoria,north,2014,V1A,V1A,0.893617,True,baseline_ha1,G+D,freq
Victoria,south,2015,V1A,V1A,1.0,True,baseline_ha1,G+D,freq
Victoria,north,2015,V1A,V1A,0.971876,True,baseline_ha1,G+D,freq
Victoria,south,2016,V1A,V1A,0.983327,True,baseline_ha1,G+D,freq
Victoria,north,2016,V1A,V1A,1.0,True,baseline_ha1,G+D,freq
Victoria,south,2017,V1A,V1A,1.0,True,baseline_ha1,G+D,freq
Victoria,north,2017,V1A,V1A,0.999634,True,baseline_ha1,G+D,freq
Victoria,south,2018,V1A.1,V1A,0.949977,False,baseline_ha1,G+D,freq
Victoria,north,2018,V1A.1,V1A,0.580939,False,baseline_ha1,G+D,freq
Victoria,south,2019,V1A.3,,,False,baseline_ha1,G+D,freq
Victoria,north,2019,V1A.3,V1A.1,0.402641,False,baseline_ha1,G+D,freq
Victoria,south,2020,V1A.3,V1A.3,0.73424,True,baseline_ha1,G+D,freq
Victoria,north,2020,V1A.3a.1,V1A.3,0.998483,False,baseline_ha1,G+D,freq
Victoria,south,2021,V1A.3a.2,V1A.3,0.99999,False,baseline_ha1,G+D,freq
Victoria,north,2021,V1A.3a.2,V1A.3,0.571429,False,baseline_ha1,G+D,freq
Victoria,south,2022,V1A.3a.2,V1A.3a.1,0.501957,False,baseline_ha1,G+D,freq
Victoria,north,2022,V1A.3a.2,V1A.3a.2,0.996503,True,baseline_ha1,G+D,freq
Victoria,south,2023,V1A.3a.2,V1A.3a.2,0.978621,True,baseline_ha1,G+D,freq
Victoria,north,2023,V1A.3a.2,V1A.3a.2,0.99997,True,baseline_ha1,G+D,freq
Victoria,south,2024,V1A.3a.2,V1A.3a.2,1.0,True,baseline_ha1,G+D,freq
Victoria,north,2024,V1A.3a.2,V1A.3a.2,1.0,True,baseline_ha1,G+D,freq
H1N1,south,2013,6B.1,6B.1,-2.079442,True,baseline_ha1,E+G+D,fit
H1N1,north,2013,6B.1,6B.1,-2.079442,True,baseline_ha1,E+G+D,fit
H1N1,south,2014,6B.1,6B.1,-2.079442,True,baseline_ha1,E+G+D,fit
H1N1,north,2014,6B.1,6B.1,-2.079442,True,baseline_ha1,E+G+D,fit
H1N1,south,2015,6B.1,6B.1,-2.079442,True,baseline_ha1,E+G+D,fit
H1N1,north,2015,6B.1,6B.1,-0.694845,True,baseline_ha1,E+G+D,fit
H1N1,south,2016,6B.1,6B.1,-7.073615,True,baseline_ha1,E+G+D,fit
H1N1,north,2016,6B.1,6B.1,-1.459104,True,baseline_ha1,E+G+D,fit
H1N1,south,2017,6B.1,6B.1,-1.605166,True,baseline_ha1,E+G+D,fit
H1N1,north,2017,6B.1A,6B.1,-2.079442,False,baseline_ha1,E+G+D,fit
H1N1,south,2018,6B.1A,6B.1,-1.296696,False,baseline_ha1,E+G+D,fit
H1N1,north,2018,6B.1A.5a,6B.1A,-1.323783,False,baseline_ha1,E+G+D,fit
H1N1,south,2019,6B.1A.5a,6B.1A.1,-1.332439,False,baseline_ha1,E+G+D,fit
H1N1,north,2019,6B.1A.5a.1,6B.1A,-1.464483,False,baseline_ha1,E+G+D,fit
H1N1,south,2020,6B.1A.5a.2,6B.1A.6,-1.416596,False,baseline_ha1,E+G+D,fit
H1N1,north,2020,6B.1A.5a.1,6B.1A.5a.1,-1.941153,True,baseline_ha1,E+G+D,fit
H1N1,south,2021,6B.1A.5a.1,6B.1A.5a.2,-1.214666,False,baseline_ha1,E+G+D,fit
H1N1,north,2021,6B.1A.5a.1,6B.1A.5a.1,-1.224736,True,baseline_ha1,E+G+D,fit
H1N1,south,2022,6B.1A.5a.2a,6B.1A.5a.1,-0.687294,False,baseline_ha1,E+G+D,fit
H1N1,north,2022,6B.1A.5a.2a,6B.1A.5a.2a,-0.636098,True,baseline_ha1,E+G+D,fit
H1N1,south,2023,6B.1A.5a.2a,6B.1A.5a.2a,-5.597104,True,baseline_ha1,E+G+D,fit
H1N1,north,2023,6B.1A.5a.2a,6B.1A.5a.2a,-7.708722,True,baseline_ha1,E+G+D,fit
H1N1,south,2024,6B.1A.5a.2a,6B.1A.5a.2a,-7.708722,True,baseline_ha1,E+G+D,fit
H1N1,north,2024,6B.1A.5a.2a,6B.1A.5a.2a,-0.819625,True,baseline_ha1,E+G+D,fit
H3N2,south,2013,3C.3a,3C.3a,-1.909607,True,baseline_ha1,E+G+D,fit
H3N2,north,2013,3C.3a,3C.3a,-1.202501,True,baseline_ha1,E+G+D,fit
H3N2,south,2014,3C.3a,3C.3a,-2.079442,True,baseline_ha1,E+G+D,fit
H3N2,north,2014,3C.2,3C.3a,-2.079442,False,baseline_ha1,E+G+D,fit
H3N2,south,2015,3C.2,3C.2,-1.489535,True,baseline_ha1,E+G+D,fit
H3N2,north,2015,3C.2,3C.2,-1.725237,True,baseline_ha1,E+G+D,fit
H3N2,south,2016,3C.2a,3C.2,-2.084437,False,baseline_ha1,E+G+D,fit
H3N2,north,2016,3C.2a1,3C.2a,-1.607386,False,baseline_ha1,E+G+D,fit
H3N2,south,2017,3C.2a1,3C.3a,-1.258458,False,baseline_ha1,E+G+D,fit
H3N2,north,2017,3C.2a2,3C.2a,-1.584827,False,baseline_ha1,E+G+D,fit
H3N2,south,2018,3C.2a2,3C.2a2,-1.427528,True,baseline_ha1,E+G+D,fit
H3N2,north,2018,3C.2a1b.1,3C.2a2,-1.544564,False,baseline_ha1,E+G+D,fit
H3N2,south,2019,3C.3a1,3C.2a2,-1.325258,False,baseline_ha1,E+G+D,fit
H3N2,north,2019,3C.3a1,3C.2a1b.2,-1.558126,False,baseline_ha1,E+G+D,fit
H3N2,south,2020,3C.3a1,3C.3a1,-1.591975,True,baseline_ha1,E+G+D,fit
H3N2,north,2020,3C.2a1b.2a.2,3C.3a1,-1.127795,False,baseline_ha1,E+G+D,fit
H3N2,south,2021,3C.2a1b.2a.2c,3C.3a1,-1.157069,False,baseline_ha1,E+G+D,fit
H3N2,north,2021,3C.2a1b.2a.2a.1a,3C.2a1b.2a.1a,-2.079442,False,baseline_ha1,E+G+D,fit
H3N2,south,2022,3C.2a1b.2a.2a.1,3C.2a1b.2a.2d,-1.235725,False,baseline_ha1,E+G+D,fit
H3N2,north,2022,3C.2a1b.2a.2b,3C.2a1b.2a.2a.1a,-1.075299,False,baseline_ha1,E+G+D,fit
H3N2,south,2023,3C.2a1b.2a.2a.3a.1,3C.2a1b.2a.2a.3a.1,-1.685219,True,baseline_ha1,E+G+D,fit
H3N2,north,2023,3C.2a1b.2a.2a.3a.1,3C.2a1b.2a.2b,-1.453134,False,baseline_ha1,E+G+D,fit
H3N2,south,2024,3C.2a1b.2a.2a.3a.1,3C.2a1b.2a.2a.3a.1,-1.509834,True,baseline_ha1,E+G+D,fit
H3N2,north,2024,3C.2a1b.2a.2a.3a.1,3C.2a1b.2a.2a.3a.1,-2.079442,True,baseline_ha1,E+G+D,fit
Victoria,south,2013,V1A,V1A,-1.202501,True,baseline_ha1,E+G+D,fit
Victoria,north,2013,V1A,V1A,-1.909607,True,baseline_ha1,E+G+D,fit
Victoria,south,2014,V1A,V1A,-2.079442,True,baseline_ha1,E+G+D,fit
Victoria,north,2014,V1A,V1A,-2.07023,True,baseline_ha1,E+G+D,fit
Victoria,south,2015,V1A,V1A,-2.079442,True,baseline_ha1,E+G+D,fit
Victoria,north,2015,V1A,V1A,-1.161302,True,baseline_ha1,E+G+D,fit
Victoria,south,2016,V1A,V1A,-1.161302,True,baseline_ha1,E+G+D,fit
Victoria,north,2016,V1A,V1A,-2.079442,True,baseline_ha1,E+G+D,fit
Victoria,south,2017,V1A,V1A,-2.079442,True,baseline_ha1,E+G+D,fit
Victoria,north,2017,V1A,V1A,-1.07254,True,baseline_ha1,E+G+D,fit
Victoria,south,2018,V1A.1,V1A.1,-1.361942,True,baseline_ha1,E+G+D,fit
Victoria,north,2018,V1A.1,V1A.1,-1.100887,True,baseline_ha1,E+G+D,fit
Victoria,south,2019,V1A.3,,,False,baseline_ha1,E+G+D,fit
Victoria,north,2019,V1A.3,V1A.3,-0.774528,True,baseline_ha1,E+G+D,fit
Victoria,south,2020,V1A.3,V1A,-0.838395,False,baseline_ha1,E+G+D,fit
Victoria,north,2020,V1A.3a.1,V1A.3,-1.655165,False,baseline_ha1,E+G+D,fit
Victoria,south,2021,V1A.3a.2,V1A.3,-0.923887,False,baseline_ha1,E+G+D,fit
Victoria,north,2021,V1A.3a.2,V1A.3a.2,-1.100664,True,baseline_ha1,E+G+D,fit
Victoria,south,2022,V1A.3a.2,V1A.3a.2,-0.776162,True,baseline_ha1,E+G+D,fit
Victoria,north,2022,V1A.3a.2,V1A.3a.2,-1.9443,True,baseline_ha1,E+G+D,fit
Victoria,south,2023,V1A.3a.2,V1A.3a.2,-1.191832,True,baseline_ha1,E+G+D,fit
Victoria,north,2023,V1A.3a.2,V1A.3a.2,-0.558637,True,baseline_ha1,E+G+D,fit
Victoria,south,2024,V1A.3a.2,V1A.3a.2,-2.079442,True,baseline_ha1,E+G+D,fit
Victoria,north,2024,V1A.3a.2,V1A.3a.2,-2.079442,True,baseline_ha1,E+G+D,fit
H1N1,south,2013,6B.1,6B.1,1.0,True,baseline_ha1,E+G+D,freq
H1N1,north,2013,6B.1,6B.1,1.0,True,baseline_ha1,E+G+D,freq
H1N1,south,2014,6B.1,6B.1,1.0,True,baseline_ha1,E+G+D,freq
H1N1,north,2014,6B.1,6B.1,1.0,True,baseline_ha1,E+G+D,freq
H1N1,south,2015,6B.1,6B.1,1.0,True,baseline_ha1,E+G+D,freq
H1N1,north,2015,6B.1,6B.1,1.0,True,baseline_ha1,E+G+D,freq
H1N1,south,2016,6B.1,6B.1,0.99987,True,baseline_ha1,E+G+D,freq
H1N1,north,2016,6B.1,6B.1,0.999808,True,baseline_ha1,E+G+D,freq
H1N1,south,2017,6B.1,6B.1,0.990893,True,baseline_ha1,E+G+D,freq
H1N1,north,2017,6B.1A,6B.1,1.0,False,baseline_ha1,E+G+D,freq
H1N1,south,2018,6B.1A,6B.1,0.985891,False,baseline_ha1,E+G+D,freq
H1N1,north,2018,6B.1A.5a,6B.1A,0.924319,False,baseline_ha1,E+G+D,freq
H1N1,south,2019,6B.1A.5a,6B.1A,0.583624,False,baseline_ha1,E+G+D,freq
H1N1,north,2019,6B.1A.5a.1,6B.1A.5a,0.273905,False,baseline_ha1,E+G+D,freq
H1N1,south,2020,6B.1A.5a.2,6B.1A.5a,0.71623,False,baseline_ha1,E+G+D,freq
H1N1,north,2020,6B.1A.5a.1,6B.1A.5a.1,0.525846,True,baseline_ha1,E+G+D,freq
H1N1,south,2021,6B.1A.5a.1,6B.1A.5a.2,0.691017,False,baseline_ha1,E+G+D,freq
H1N1,north,2021,6B.1A.5a.1,6B.1A.5a.1,0.998032,True,baseline_ha1,E+G+D,freq
H1N1,south,2022,6B.1A.5a.2a,6B.1A.5a.1,0.999996,False,baseline_ha1,E+G+D,freq
H1N1,north,2022,6B.1A.5a.2a,6B.1A.5a.2a,0.991491,True,baseline_ha1,E+G+D,freq
H1N1,south,2023,6B.1A.5a.2a,6B.1A.5a.2a,0.750357,True,baseline_ha1,E+G+D,freq
H1N1,north,2023,6B.1A.5a.2a,6B.1A.5a.2a,0.501245,True,baseline_ha1,E+G+D,freq
H1N1,south,2024,6B.1A.5a.2a,6B.1A.5a.2a,0.74534,True,baseline_ha1,E+G+D,freq
H1N1,north,2024,6B.1A.5a.2a,6B.1A.5a.2a,0.999999,True,baseline_ha1,E+G+D,freq
H3N2,south,2013,3C.3a,3C.2,0.619163,False,baseline_ha1,E+G+D,freq
H3N2,north,2013,3C.3a,3C.3a,0.829533,True,baseline_ha1,E+G+D,freq
H3N2,south,2014,3C.3a,3C.3a,1.0,True,baseline_ha1,E+G+D,freq
H3N2,north,2014,3C.2,3C.3a,1.0,False,baseline_ha1,E+G+D,freq
H3N2,south,2015,3C.2,3C.2,0.747213,True,baseline_ha1,E+G+D,freq
H3N2,north,2015,3C.2,3C.2,0.855584,True,baseline_ha1,E+G+D,freq
H3N2,south,2016,3C.2a,3C.2,0.754219,False,baseline_ha1,E+G+D,freq
H3N2,north,2016,3C.2a1,3C.2a,0.596854,False,baseline_ha1,E+G+D,freq
H3N2,south,2017,3C.2a1,3C.3a,0.721419,False,baseline_ha1,E+G+D,freq
H3N2,north,2017,3C.2a2,3C.2a,0.495846,False,baseline_ha1,E+G+D,freq
H3N2,south,2018,3C.2a2,3C.2a1,0.583027,False,baseline_ha1,E+G+D,freq
H3N2,north,2018,3C.2a1b.1,3C.2a2,0.772856,False,baseline_ha1,E+G+D,freq
H3N2,south,2019,3C.3a1,3C.2a2,0.852142,False,baseline_ha1,E+G+D,freq
H3N2,north,2019,3C.3a1,3C.2a1b.2,0.514881,False,baseline_ha1,E+G+D,freq
H3N2,south,2020,3C.3a1,3C.3a1,0.644665,True,baseline_ha1,E+G+D,freq
H3N2,north,2020,3C.2a1b.2a.2,3C.3a1,0.413224,False,baseline_ha1,E+G+D,freq
H3N2,south,2021,3C.2a1b.2a.2c,3C.3a1,0.610433,False,baseline_ha1,E+G+D,freq
H3N2,north,2021,3C.2a1b.2a.2a.1a,3C.2a1b.2a.1a,1.0,False,baseline_ha1,E+G+D,freq
H3N2,south,2022,3C.2a1b.2a.2a.1,3C.2a1b.2a.2d,0.685436,False,baseline_ha1,E+G+D,freq
H3N2,north,2022,3C.2a1b.2a.2b,3C.2a1b.2a.2a.1a,0.521106,False,baseline_ha1,E+G+D,freq
H3N2,south,2023,3C.2a1b.2a.2a.3a.1,3C.2a1b.2a.2a.1,0.540358,False,baseline_ha1,E+G+D,freq
H3N2,north,2023,3C.2a1b.2a.2a.3a.1,3C.2a1b.2a.2b,0.705841,False,baseline_ha1,E+G+D,freq
H3N2,south,2024,3C.2a1b.2a.2a.3a.1,3C.2a1b.2a.2a.3a.1,0.777146,True,baseline_ha1,E+G+D,freq
H3N2,north,2024,3C.2a1b.2a.2a.3a.1,3C.2a1b.2a.2a.3a.1,1.0,True,baseline_ha1,E+G+D,freq
Victoria,south,2013,V1A,V1A,0.986992,True,baseline_ha1,E+G+D,freq
Victoria,north,2013,V1A,V1A,0.947267,True,baseline_ha1,E+G+D,freq
Victoria,south,2014,V1A,V1A,1.0,True,baseline_ha1,E+G+D,freq
Victoria,north,2014,V1A,V1A,0.947142,True,baseline_ha1,E+G+D,freq
Victoria,south,2015,V1A,V1A,1.0,True,baseline_ha1,E+G+D,freq
Victoria,north,2015,V1A,V1A,0.997932,True,baseline_ha1,E+G+D,freq
Victoria,south,2016,V1A,V1A,0.998787,True,baseline_ha1,E+G+D,freq
Victoria,north,2016,V1A,V1A,1.0,True,baseline_ha1,E+G+D,freq
Victoria,south,2017,V1A,V1A,1.0,True,baseline_ha1,E+G+D,freq
Victoria,north,2017,V1A,V1A,0.995584,True,baseline_ha1,E+G+D,freq
Victoria,south,2018,V1A.1,V1A.1,0.65335,True,baseline_ha1,E+G+D,freq
Victoria,north,2018,V1A.1,V1A.1,0.886589,True,baseline_ha1,E+G+D,freq
Victoria,south,2019,V1A.3,,,False,baseline_ha1,E+G+D,freq
Victoria,north,2019,V1A.3,V1A.3,0.817348,True,baseline_ha1,E+G+D,freq
Victoria,south,2020,V1A.3,V1A,0.627565,False,baseline_ha1,E+G+D,freq
Victoria,north,2020,V1A.3a.1,V1A.3,0.983238,False,baseline_ha1,E+G+D,freq
Victoria,south,2021,V1A.3a.2,V1A.3,0.999719,False,baseline_ha1,E+G+D,freq
Victoria,north,2021,V1A.3a.2,V1A.3a.2,0.955684,True,baseline_ha1,E+G+D,freq
Victoria,south,2022,V1A.3a.2,V1A.3a.2,0.539011,True,baseline_ha1,E+G+D,freq
Victoria,north,2022,V1A.3a.2,V1A.3a.2,0.766546,True,baseline_ha1,E+G+D,freq
Victoria,south,2023,V1A.3a.2,V1A.3a.2,0.926202,True,baseline_ha1,E+G+D,freq
Victoria,north,2023,V1A.3a.2,V1A.3a.2,0.999935,True,baseline_ha1,E+G+D,freq
Victoria,south,2024,V1A.3a.2,V1A.3a.2,1.0,True,baseline_ha1,E+G+D,freq
Victoria,north,2024,V1A.3a.2,V1A.3a.2,1.0,True,baseline_ha1,E+G+D,freq
H1N1,south,2013,6B.1,6B.1,-0.693147,True,ha_full,E,fit
H1N1,north,2013,6B.1,6B.1,-0.693147,True,ha_full,E,fit
H1N1,south,2014,6B.1,6B.1,-0.693147,True,ha_full,E,fit
H1N1,north,2014,6B.1,6B.1,-0.693147,True,ha_full,E,fit
H1N1,south,2015,6B.1,6B.1,-0.693147,True,ha_full,E,fit
H1N1,north,2015,6B.1,6B.1,-0.000849,True,ha_full,E,fit
H1N1,south,2016,6B.1,6B.2,-0.000849,False,ha_full,E,fit
H1N1,north,2016,6B.1,6B.2,-0.658417,False,ha_full,E,fit
H1N1,south,2017,6B.1,6B.2,-0.658417,False,ha_full,E,fit
H1N1,north,2017,6B.1A,6B.1,-0.693147,False,ha_full,E,fit
H1N1,south,2018,6B.1A,6B.1,-0.637185,False,ha_full,E,fit
H1N1,north,2018,6B.1A.5a,6B.1A.5b,-0.621259,False,ha_full,E,fit
H1N1,south,2019,6B.1A.5a,6B.1A.5b,-0.628226,False,ha_full,E,fit
H1N1,north,2019,6B.1A.5a.1,6B.1A.5b,-0.634773,False,ha_full,E,fit
H1N1,south,2020,6B.1A.5a.2,6B.1A.7,-0.621648,False,ha_full,E,fit
H1N1,north,2020,6B.1A.5a.1,6B.1A.5b,-0.61603,False,ha_full,E,fit
H1N1,south,2021,6B.1A.5a.1,6B.1A.5a.2,-0.616204,False,ha_full,E,fit
H1N1,north,2021,6B.1A.5a.1,6B.1A.5a.1,-0.693147,True,ha_full,E,fit
H1N1,south,2022,6B.1A.5a.2a,6B.1A.5a.2a,-0.646755,True,ha_full,E,fit
H1N1,north,2022,6B.1A.5a.2a,6B.1A.5a.2a,-0.653795,True,ha_full,E,fit
H1N1,south,2023,6B.1A.5a.2a,6B.1A.5a.2a.1,-0.642354,False,ha_full,E,fit
H1N1,north,2023,6B.1A.5a.2a,6B.1A.5a.2a,-0.658417,True,ha_full,E,fit
H1N1,south,2024,6B.1A.5a.2a,6B.1A.5a.2a,-0.658417,True,ha_full,E,fit
H1N1,north,2024,6B.1A.5a.2a,6B.1A.5a.2a.1,-0.655185,False,ha_full,E,fit
H3N2,south,2013,3C.3a,3C.3a,-0.400834,True,ha_full,E,fit
H3N2,north,2013,3C.3a,3C.3a,-0.400834,True,ha_full,E,fit
H3N2,south,2014,3C.3a,3C.2,-0.693147,False,ha_full,E,fit
H3N2,north,2014,3C.2,3C.3a,-0.693147,False,ha_full,E,fit
H3N2,south,2015,3C.2,3C.2,-0.157614,True,ha_full,E,fit
H3N2,north,2015,3C.2,3C.3a,-0.157614,False,ha_full,E,fit
H3N2,south,2016,3C.2a,3C.3a,-0.157614,False,ha_full,E,fit
H3N2,north,2016,3C.2a1,3C.2,-0.157614,False,ha_full,E,fit
H3N2,south,2017,3C.2a1,3C.3a,-0.033966,False,ha_full,E,fit
H3N2,north,2017,3C.2a2,3C.3a,-0.019352,False,ha_full,E,fit
H3N2,south,2018,3C.2a2,3C.2,-0.0408,False,ha_full,E,fit
H3N2,north,2018,3C.2a1b.1,3C.2,-0.009981,False,ha_full,E,fit
H3N2,south,2019,3C.3a1,3C.2a2,-0.060391,False,ha_full,E,fit
H3N2,north,2019,3C.3a1,3C.3a1,-0.012848,True,ha_full,E,fit
H3N2,south,2020,3C.3a1,3C.2a1b.2b,-0.046004,False,ha_full,E,fit
H3N2,north,2020,3C.2a1b.2a.2,3C.3a1,-0.009541,False,ha_full,E,fit
H3N2,south,2021,3C.2a1b.2a.2c,3C.3a1,-0.01122,False,ha_full,E,fit
H3N2,north,2021,3C.2a1b.2a.2a.1a,3C.2a1b.2a.1a,-0.693147,False,ha_full,E,fit
H3N2,south,2022,3C.2a1b.2a.2a.1,3C.2a1b.2a.2d,-0.033767,False,ha_full,E,fit
H3N2,north,2022,3C.2a1b.2a.2b,3C.2a1b.2a.2a.3,-0.008344,False,ha_full,E,fit
H3N2,south,2023,3C.2a1b.2a.2a.3a.1,3C.2a1b.2a.2a.3a.1,-0.012889,True,ha_full,E,fit
H3N2,north,2023,3C.2a1b.2a.2a.3a.1,3C.2a1b.2a.1a,-0.010068,False,ha_full,E,fit
H3N2,south,2024,3C.2a1b.2a.2a.3a.1,3C.2a1b.2a.2a.3a.1,-0.029123,True,ha_full,E,fit
H3N2,north,2024,3C.2a1b.2a.2a.3a.1,3C.2a1b.2a.2a.3a.1,-0.693147,True,ha_full,E,fit
Victoria,south,2013,V1A,V1A,-0.400834,True,ha_full,E,fit
Victoria,north,2013,V1A,V1B,-0.400834,False,ha_full,E,fit
Victoria,south,2014,V1A,V1A,-0.693147,True,ha_full,E,fit
Victoria,north,2014,V1A,V1B,-0.582224,False,ha_full,E,fit
Victoria,south,2015,V1A,V1A,-0.693147,True,ha_full,E,fit
Victoria,north,2015,V1A,V1A,-0.60866,True,ha_full,E,fit
Victoria,south,2016,V1A,V1A,-0.60866,True,ha_full,E,fit
Victoria,north,2016,V1A,V1A,-0.693147,True,ha_full,E,fit
Victoria,south,2017,V1A,V1A,-0.693147,True,ha_full,E,fit
Victoria,north,2017,V1A,V1A.1,-0.57054,False,ha_full,E,fit
Victoria,south,2018,V1A.1,V1A.1,-0.576832,True,ha_full,E,fit
Victoria,north,2018,V1A.1,V1A.1,-0.6232,True,ha_full,E,fit
Victoria,south,2019,V1A.3,V1A.1,-0.693147,False,ha_full,E,fit
Victoria,north,2019,V1A.3,V1A.3,-0.195295,True,ha_full,E,fit
Victoria,south,2020,V1A.3,V1A.3a,-0.16491,False,ha_full,E,fit
Victoria,north,2020,V1A.3a.1,V1A.3a,-0.310541,False,ha_full,E,fit
Victoria,south,2021,V1A.3a.2,V1A.3,-0.310541,False,ha_full,E,fit
Victoria,north,2021,V1A.3a.2,V1A.3a.2,-0.310541,True,ha_full,E,fit
Victoria,south,2022,V1A.3a.2,V1A.3a.2,-0.124527,True,ha_full,E,fit
Victoria,north,2022,V1A.3a.2,V1A.3,-0.189402,False,ha_full,E,fit
Victoria,south,2023,V1A.3a.2,V1A.3a.2,-0.693147,True,ha_full,E,fit
Victoria,north,2023,V1A.3a.2,V1A.3a.2,-0.693147,True,ha_full,E,fit
Victoria,south,2024,V1A.3a.2,V1A.3a.2,-0.693147,True,ha_full,E,fit
Victoria,north,2024,V1A.3a.2,V1A.3a.2,-0.693147,True,ha_full,E,fit
H1N1,south,2013,6B.1,6B.1,1.0,True,ha_full,E,freq
H1N1,north,2013,6B.1,6B.1,1.0,True,ha_full,E,freq
H1N1,south,2014,6B.1,6B.1,1.0,True,ha_full,E,freq
H1N1,north,2014,6B.1,6B.1,1.0,True,ha_full,E,freq
H1N1,south,2015,6B.1,6B.1,1.0,True,ha_full,E,freq
H1N1,north,2015,6B.1,6B.1,0.999873,True,ha_full,E,freq
H1N1,south,2016,6B.1,6B.2,0.994459,False,ha_full,E,freq
H1N1,north,2016,6B.1,6B.1,0.824995,True,ha_full,E,freq
H1N1,south,2017,6B.1,6B.1,0.958179,True,ha_full,E,freq
H1N1,north,2017,6B.1A,6B.1,1.0,False,ha_full,E,freq
H1N1,south,2018,6B.1A,6B.1,0.912859,False,ha_full,E,freq
H1N1,north,2018,6B.1A.5a,6B.1A,0.724875,False,ha_full,E,freq
H1N1,south,2019,6B.1A.5a,6B.1A,0.469404,False,ha_full,E,freq
H1N1,north,2019,6B.1A.5a.1,6B.1A.5a,0.281992,False,ha_full,E,freq
H1N1,south,2020,6B.1A.5a.2,6B.1A.5a,0.500417,False,ha_full,E,freq
H1N1,north,2020,6B.1A.5a.1,6B.1A.5a.1,0.494073,True,ha_full,E,freq
H1N1,south,2021,6B.1A.5a.1,6B.1A.5a.2,0.442715,False,ha_full,E,freq
H1N1,north,2021,6B.1A.5a.1,6B.1A.5a.1,1.0,True,ha_full,E,freq
H1N1,south,2022,6B.1A.5a.2a,6B.1A.5a.1,0.952331,False,ha_full,E,freq
H1N1,north,2022,6B.1A.5a.2a,6B.1A.5a.2a,0.531942,True,ha_full,E,freq
H1N1,south,2023,6B.1A.5a.2a,6B.1A.5a.1,0.501162,False,ha_full,E,freq
H1N1,north,2023,6B.1A.5a.2a,6B.1A.5a.2a.1,0.545964,False,ha_full,E,freq
H1N1,south,2024,6B.1A.5a.2a,6B.1A.5a.2a,0.733838,True,ha_full,E,freq
H1N1,north,2024,6B.1A.5a.2a,6B.1A.5a.2a,0.540539,True,ha_full,E,freq
H3N2,south,2013,3C.3a,3C.2,0.636546,False,ha_full,E,freq
H3N2,north,2013,3C.3a,3C.3a,0.519614,True,ha_full,E,freq
H3N2,south,2014,3C.3a,3C.2,1.0,False,ha_full,E,freq
H3N2,north,2014,3C.2,3C.3a,1.0,False,ha_full,E,freq
H3N2,south,2015,3C.2,3C.2,0.718893,True,ha_full,E,freq
H3N2,north,2015,3C.2,3C.3a,0.768227,False,ha_full,E,freq
H3N2,south,2016,3C.2a,3C.3a,0.640376,False,ha_full,E,freq
H3N2,north,2016,3C.2a1,3C.2,0.94014,False,ha_full,E,freq
H3N2,south,2017,3C.2a1,3C.3a,0.686512,False,ha_full,E,freq
H3N2,north,2017,3C.2a2,3C.3a,0.307911,False,ha_full,E,freq
H3N2,south,2018,3C.2a2,3C.2a1,0.485421,False,ha_full,E,freq
H3N2,north,2018,3C.2a1b.1,3C.2a1b.1,0.422883,True,ha_full,E,freq
H3N2,south,2019,3C.3a1,3C.2a2,0.788985,False,ha_full,E,freq
H3N2,north,2019,3C.3a1,3C.2a1b.1,0.456424,False,ha_full,E,freq
H3N2,south,2020,3C.3a1,3C.3a1,0.368947,True,ha_full,E,freq
H3N2,north,2020,3C.2a1b.2a.2,3C.3a1,0.429975,False,ha_full,E,freq
H3N2,south,2021,3C.2a1b.2a.2c,3C.3a1,0.593872,False,ha_full,E,freq
H3N2,north,2021,3C.2a1b.2a.2a.1a,3C.2a1b.2a.1a,1.0,False,ha_full,E,freq
H3N2,south,2022,3C.2a1b.2a.2a.1,3C.2a1b.2a.2d,0.528311,False,ha_full,E,freq
H3N2,north,2022,3C.2a1b.2a.2b,3C.2a1b.2a.2a.3,0.451555,False,ha_full,E,freq
H3N2,south,2023,3C.2a1b.2a.2a.3a.1,3C.2a1b.2a.2a.3,0.28274,False,ha_full,E,freq
H3N2,north,2023,3C.2a1b.2a.2a.3a.1,3C.2a1b.2a.2b,0.775399,False,ha_full,E,freq
H3N2,south,2024,3C.2a1b.2a.2a.3a.1,3C.2a1b.2a.2a.3a.1,0.572414,True,ha_full,E,freq
H3N2,north,2024,3C.2a1b.2a.2a.3a.1,3C.2a1b.2a.2a.3a.1,1.0,True,ha_full,E,freq
Victoria,south,2013,V1A,V1A,0.947534,True,ha_full,E,freq
Victoria,north,2013,V1A,V1A,0.811205,True,ha_full,E,freq
Victoria,south,2014,V1A,V1A,1.0,True,ha_full,E,freq
Victoria,north,2014,V1A,V1A,0.850481,True,ha_full,E,freq
Victoria,south,2015,V1A,V1A,1.0,True,ha_full,E,freq
Victoria,north,2015,V1A,V1A,0.970942,True,ha_full,E,freq
Victoria,south,2016,V1A,V1A,0.986976,True,ha_full,E,freq
Victoria,north,2016,V1A,V1A,1.0,True,ha_full,E,freq
Victoria,south,2017,V1A,V1A,1.0,True,ha_full,E,freq
Victoria,north,2017,V1A,V1A,0.976164,True,ha_full,E,freq
Victoria,south,2018,V1A.1,V1A,0.780813,False,ha_full,E,freq
Victoria,north,2018,V1A.1,V1A,0.675738,False,ha_full,E,freq
Victoria,south,2019,V1A.3,V1A.1,1.0,False,ha_full,E,freq
Victoria,north,2019,V1A.3,V1A.3,0.452468,True,ha_full,E,freq
Victoria,south,2020,V1A.3,V1A.3,0.741632,True,ha_full,E,freq
Victoria,north,2020,V1A.3a.1,V1A.3,0.937989,False,ha_full,E,freq
Victoria,south,2021,V1A.3a.2,V1A.3,0.996346,False,ha_full,E,freq
Victoria,north,2021,V1A.3a.2,V1A.3a.2,0.673151,True,ha_full,E,freq
Victoria,south,2022,V1A.3a.2,V1A.3a.2,0.535994,True,ha_full,E,freq
Victoria,north,2022,V1A.3a.2,V1A.3a.2,0.451049,True,ha_full,E,freq
Victoria,south,2023,V1A.3a.2,V1A.3a.2,1.0,True,ha_full,E,freq
Victoria,north,2023,V1A.3a.2,V1A.3a.2,1.0,True,ha_full,E,freq
Victoria,south,2024,V1A.3a.2,V1A.3a.2,1.0,True,ha_full,E,freq
Victoria,north,2024,V1A.3a.2,V1A.3a.2,1.0,True,ha_full,E,freq
H1N1,south,2013,6B.1,6B.1,-0.693147,True,ha_full,G,fit
H1N1,north,2013,6B.1,6B.1,-0.693147,True,ha_full,G,fit
H1N1,south,2014,6B.1,6B.1,-0.693147,True,ha_full,G,fit
H1N1,north,2014,6B.1,6B.1,-0.693147,True,ha_full,G,fit
H1N1,south,2015,6B.1,6B.1,-0.693147,True,ha_full,G,fit
H1N1,north,2015,6B.1,6B.1,-0.000849,True,ha_full,G,fit
H1N1,south,2016,6B.1,6B.1,-0.000849,True,ha_full,G,fit
H1N1,north,2016,6B.1,6B.1,-0.658417,True,ha_full,G,fit
H1N1,south,2017,6B.1,6B.1,-0.268298,True,ha_full,G,fit
H1N1,north,2017,6B.1A,6B.1,-0.693147,False,ha_full,G,fit
H1N1,south,2018,6B.1A,6B.1,-0.099483,False,ha_full,G,fit
H1N1,north,2018,6B.1A.5a,6B.1A,-0.026476,False,ha_full,G,fit
H1N1,south,2019,6B.1A.5a,6B.1A,-0.057243,False,ha_full,G,fit
H1N1,north,2019,6B.1A.5a.1,6B.1A.5a,-0.636788,False,ha_full,G,fit
H1N1,south,2020,6B.1A.5a.2,6B.1A.6,-0.640013,False,ha_full,G,fit
H1N1,north,2020,6B.1A.5a.1,6B.1A.5a.1,-0.617956,True,ha_full,G,fit
H1N1,south,2021,6B.1A.5a.1,6B.1A.5a,-0.267875,False,ha_full,G,fit
H1N1,north,2021,6B.1A.5a.1,6B.1A.5a.1,-0.693147,True,ha_full,G,fit
H1N1,south,2022,6B.1A.5a.2a,6B.1A.5a.1,-0.100992,False,ha_full,G,fit
H1N1,north,2022,6B.1A.5a.2a,6B.1A.5a.2a,-0.096665,True,ha_full,G,fit
H1N1,south,2023,6B.1A.5a.2a,6B.1A.5a.1,-0.284724,False,ha_full,G,fit
H1N1,north,2023,6B.1A.5a.2a,6B.1A.5a.2a,-0.090482,True,ha_full,G,fit
H1N1,south,2024,6B.1A.5a.2a,6B.1A.5a.2a.1,-0.090482,False,ha_full,G,fit
H1N1,north,2024,6B.1A.5a.2a,6B.1A.5a.2a,-0.234827,True,ha_full,G,fit
H3N2,south,2013,3C.3a,3C.2,-0.400834,False,ha_full,G,fit
H3N2,north,2013,3C.3a,3C.3a,-0.400834,True,ha_full,G,fit
H3N2,south,2014,3C.3a,3C.2,-0.693147,False,ha_full,G,fit
H3N2,north,2014,3C.2,3C.3a,-0.693147,False,ha_full,G,fit
H3N2,south,2015,3C.2,3C.3a,-0.157614,False,ha_full,G,fit
H3N2,north,2015,3C.2,3C.3a,-0.157614,False,ha_full,G,fit
H3N2,south,2016,3C.2a,3C.2,-0.157614,False,ha_full,G,fit
H3N2,north,2016,3C.2a1,3C.2a,-0.658417,False,ha_full,G,fit
H3N2,south,2017,3C.2a1,3C.2a,-0.659337,False,ha_full,G,fit
H3N2,north,2017,3C.2a2,3C.2a1,-0.632708,False,ha_full,G,fit
H3N2,south,2018,3C.2a2,3C.2a1,-0.629113,False,ha_full,G,fit
H3N2,north,2018,3C.2a1b.1,3C.2a1,-0.642458,False,ha_full,G,fit
H3N2,south,2019,3C.3a1,3C.2a2,-0.607377,False,ha_full,G,fit
H3N2,north,2019,3C.3a1,3C.2a1b.1,-0.634809,False,ha_full,G,fit
H3N2,south,2020,3C.3a1,3C.3a1,-0.60383,True,ha_full,G,fit
H3N2,north,2020,3C.2a1b.2a.2,3C.2a1b.2b,-0.630312,False,ha_full,G,fit
H3N2,south,2021,3C.2a1b.2a.2c,3C.2a1b.1a,-0.613687,False,ha_full,G,fit
H3N2,north,2021,3C.2a1b.2a.2a.1a,3C.2a1b.2a.1a,-0.693147,False,ha_full,G,fit
H3N2,south,2022,3C.2a1b.2a.2a.1,3C.2a1b.2a.2a,-0.621701,False,ha_full,G,fit
H3N2,north,2022,3C.2a1b.2a.2b,3C.2a1b.2a.2a.1,-0.628842,False,ha_full,G,fit
H3N2,south,2023,3C.2a1b.2a.2a.3a.1,3C.2a1b.2a.2a.1a,-0.608396,False,ha_full,G,fit
H3N2,north,2023,3C.2a1b.2a.2a.3a.1,3C.2a1b.2a.2a.1b,-0.599785,False,ha_full,G,fit
H3N2,south,2024,3C.2a1b.2a.2a.3a.1,3C.2a1b.2a.2a.3a.1,-0.619992,True,ha_full,G,fit
H3N2,north,2024,3C.2a1b.2a.2a.3a.1,3C.2a1b.2a.2a.3a.1,-0.693147,True,ha_full,G,fit
Victoria,south,2013,V1A,V1A,-0.400834,True,ha_full,G,fit
Victoria,north,2013,V1A,V1A,-0.400834,True,ha_full,G,fit
Victoria,south,2014,V1A,V1A,-0.693147,True,ha_full,G,fit
Victoria,north,2014,V1A,V1A,-0.658417,True,ha_full,G,fit
Victoria,south,2015,V1A,V1A,-0.693147,True,ha_full,G,fit
Victoria,north,2015,V1A,V1A,-0.217622,True,ha_full,G,fit
Victoria,south,2016,V1A,V1A,-0.217622,True,ha_full,G,fit
Victoria,north,2016,V1A,V1A,-0.693147,True,ha_full,G,fit
Victoria,south,2017,V1A,V1A,-0.693147,True,ha_full,G,fit
Victoria,north,2017,V1A,V1A,-0.134847,True,ha_full,G,fit
Victoria,south,2018,V1A.1,V1A,-0.273044,False,ha_full,G,fit
Victoria,north,2018,V1A.1,V1A.1,-0.198673,True,ha_full,G,fit
Victoria,south,2019,V1A.3,V1A.1,-0.693147,False,ha_full,G,fit
Victoria,north,2019,V1A.3,V1A.3,-0.157478,True,ha_full,G,fit
Victoria,south,2020,V1A.3,V1A.3,-0.027783,True,ha_full,G,fit
Victoria,north,2020,V1A.3a.1,V1A.3,-0.090482,False,ha_full,G,fit
Victoria,south,2021,V1A.3a.2,V1A.3,-0.028727,False,ha_full,G,fit
Victoria,north,2021,V1A.3a.2,V1A.3a.2,-0.028727,True,ha_full,G,fit
Victoria,south,2022,V1A.3a.2,V1A.3a,-0.02483,False,ha_full,G,fit
Victoria,north,2022,V1A.3a.2,V1A.3a.2,-0.021817,True,ha_full,G,fit
Victoria,south,2023,V1A.3a.2,V1A.3a.2,-0.693147,True,ha_full,G,fit
Victoria,north,2023,V1A.3a.2,V1A.3a.2,-0.693147,True,ha_full,G,fit
Victoria,south,2024,V1A.3a.2,V1A.3a.2,-0.693147,True,ha_full,G,fit
Victoria,north,2024,V1A.3a.2,V1A.3a.2,-0.693147,True,ha_full,G,fit
H1N1,south,2013,6B.1,6B.1,1.0,True,ha_full,G,freq
H1N1,north,2013,6B.1,6B.1,1.0,True,ha_full,G,freq
H1N1,south,2014,6B.1,6B.1,1.0,True,ha_full,G,freq
H1N1,north,2014,6B.1,6B.1,1.0,True,ha_full,G,freq
H1N1,south,2015,6B.1,6B.1,1.0,True,ha_full,G,freq
H1N1,north,2015,6B.1,6B.1,0.999873,True,ha_full,G,freq
H1N1,south,2016,6B.1,6B.1,0.999871,True,ha_full,G,freq
H1N1,north,2016,6B.1,6B.1,0.844485,True,ha_full,G,freq
H1N1,south,2017,6B.1,6B.1,0.98764,True,ha_full,G,freq
H1N1,north,2017,6B.1A,6B.1,1.0,False,ha_full,G,freq
H1N1,south,2018,6B.1A,6B.1,0.964164,False,ha_full,G,freq
H1N1,north,2018,6B.1A.5a,6B.1A,0.872954,False,ha_full,G,freq
H1N1,south,2019,6B.1A.5a,6B.1A,0.551047,False,ha_full,G,freq
H1N1,north,2019,6B.1A.5a.1,6B.1A.5a,0.29129,False,ha_full,G,freq
H1N1,south,2020,6B.1A.5a.2,6B.1A.5a,0.527475,False,ha_full,G,freq
H1N1,north,2020,6B.1A.5a.1,6B.1A.5a.1,0.512523,True,ha_full,G,freq
H1N1,south,2021,6B.1A.5a.1,6B.1A.5a.1,0.456465,True,ha_full,G,freq
H1N1,north,2021,6B.1A.5a.1,6B.1A.5a.1,1.0,True,ha_full,G,freq
H1N1,south,2022,6B.1A.5a.2a,6B.1A.5a.1,0.983255,False,ha_full,G,freq
H1N1,north,2022,6B.1A.5a.2a,6B.1A.5a.2a,0.775183,True,ha_full,G,freq
H1N1,south,2023,6B.1A.5a.2a,6B.1A.5a.1,0.541337,False,ha_full,G,freq
H1N1,north,2023,6B.1A.5a.2a,6B.1A.5a.2a,0.891091,True,ha_full,G,freq
H1N1,south,2024,6B.1A.5a.2a,6B.1A.5a.2a.1,0.804325,False,ha_full,G,freq
H1N1,north,2024,6B.1A.5a.2a,6B.1A.5a.2a,0.675703,True,ha_full,G,freq
H3N2,south,2013,3C.3a,3C.2,0.878106,False,ha_full,G,freq
H3N2,north,2013,3C.3a,3C.3a,0.519614,True,ha_full,G,freq
H3N2,south,2014,3C.3a,3C.2,1.0,False,ha_full,G,freq
H3N2,north,2014,3C.2,3C.3a,1.0,False,ha_full,G,freq
H3N2,south,2015,3C.2,3C.3a,0.93064,False,ha_full,G,freq
H3N2,north,2015,3C.2,3C.3a,0.768227,False,ha_full,G,freq
H3N2,south,2016,3C.2a,3C.2,0.950665,False,ha_full,G,freq
H3N2,north,2016,3C.2a1,3C.2,0.714132,False,ha_full,G,freq
H3N2,south,2017,3C.2a1,3C.3a,0.374282,False,ha_full,G,freq
H3N2,north,2017,3C.2a2,3C.2a1,0.337891,False,ha_full,G,freq
H3N2,south,2018,3C.2a2,3C.2a1,0.440333,False,ha_full,G,freq
H3N2,north,2018,3C.2a1b.1,3C.2a2,0.525088,False,ha_full,G,freq
H3N2,south,2019,3C.3a1,3C.2a2,0.730687,False,ha_full,G,freq
H3N2,north,2019,3C.3a1,3C.2a1b.1,0.406187,False,ha_full,G,freq
H3N2,south,2020,3C.3a1,3C.3a1,0.55708,True,ha_full,G,freq
H3N2,north,2020,3C.2a1b.2a.2,3C.2a1b.2b,0.307336,False,ha_full,G,freq
H3N2,south,2021,3C.2a1b.2a.2c,3C.3a1,0.416085,False,ha_full,G,freq
H3N2,north,2021,3C.2a1b.2a.2a.1a,3C.2a1b.2a.1a,1.0,False,ha_full,G,freq
H3N2,south,2022,3C.2a1b.2a.2a.1,3C.2a1b.2a.1,0.300291,False,ha_full,G,freq
H3N2,north,2022,3C.2a1b.2a.2b,3C.2a1b.2a.2a.1a,0.446766,False,ha_full,G,freq
H3N2,south,2023,3C.2a1b.2a.2a.3a.1,3C.2a1b.2a.2a.1,0.481226,False,ha_full,G,freq
H3N2,north,2023,3C.2a1b.2a.2a.3a.1,3C.2a1b.2a.2b,0.582509,False,ha_full,G,freq
H3N2,south,2024,3C.2a1b.2a.2a.3a.1,3C.2a1b.2a.2a.3a.1,0.469349,True,ha_full,G,freq
H3N2,north,2024,3C.2a1b.2a.2a.3a.1,3C.2a1b.2a.2a.3a.1,1.0,True,ha_full,G,freq
Victoria,south,2013,V1A,V1A,0.947534,True,ha_full,G,freq
Victoria,north,2013,V1A,V1A,0.946448,True,ha_full,G,freq
Victoria,south,2014,V1A,V1A,1.0,True,ha_full,G,freq
Victoria,north,2014,V1A,V1A,0.88542,True,ha_full,G,freq
Victoria,south,2015,V1A,V1A,1.0,True,ha_full,G,freq
Victoria,north,2015,V1A,V1A,0.991392,True,ha_full,G,freq
Victoria,south,2016,V1A,V1A,0.996186,True,ha_full,G,freq
Victoria,north,2016,V1A,V1A,1.0,True,ha_full,G,freq
Victoria,south,2017,V1A,V1A,1.0,True,ha_full,G,freq
Victoria,north,2017,V1A,V1A,0.989803,True,ha_full,G,freq
Victoria,south,2018,V1A.1,V1A,0.825089,False,ha_full,G,freq
Victoria,north,2018,V1A.1,V1A,0.700855,False,ha_full,G,freq
Victoria,south,2019,V1A.3,V1A.1,1.0,False,ha_full,G,freq
Victoria,north,2019,V1A.3,V1A.3,0.741361,True,ha_full,G,freq
Victoria,south,2020,V1A.3,V1A.3,0.84334,True,ha_full,G,freq
Victoria,north,2020,V1A.3a.1,V1A.3,0.997725,False,ha_full,G,freq
Victoria,south,2021,V1A.3a.2,V1A.3,0.999707,False,ha_full,G,freq
Victoria,north,2021,V1A.3a.2,V1A.3a.2,0.962596,True,ha_full,G,freq
Victoria,south,2022,V1A.3a.2,V1A.3a.1,0.50307,False,ha_full,G,freq
Victoria,north,2022,V1A.3a.2,V1A.3a.2,0.941123,True,ha_full,G,freq
Victoria,south,2023,V1A.3a.2,V1A.3a.2,1.0,True,ha_full,G,freq
Victoria,north,2023,V1A.3a.2,V1A.3a.2,1.0,True,ha_full,G,freq
Victoria,south,2024,V1A.3a.2,V1A.3a.2,1.0,True,ha_full,G,freq
Victoria,north,2024,V1A.3a.2,V1A.3a.2,1.0,True,ha_full,G,freq
H1N1,south,2013,6B.1,6B.1,-0.693147,True,ha_full,D,fit
H1N1,north,2013,6B.1,6B.1,-0.693147,True,ha_full,D,fit
H1N1,south,2014,6B.1,6B.1,-0.693147,True,ha_full,D,fit
H1N1,north,2014,6B.1,6B.1,-0.693147,True,ha_full,D,fit
H1N1,south,2015,6B.1,6B.1,-0.693147,True,ha_full,D,fit
H1N1,north,2015,6B.1,6B.1,-0.693147,True,ha_full,D,fit
H1N1,south,2016,6B.1,6B.1,-0.693147,True,ha_full,D,fit
H1N1,north,2016,6B.1,6B.1,-0.000849,True,ha_full,D,fit
H1N1,south,2017,6B.1,6B.1,-0.000849,True,ha_full,D,fit
H1N1,north,2017,6B.1A,6B.1,-0.693147,False,ha_full,D,fit
H1N1,south,2018,6B.1A,6B.1,-0.021287,False,ha_full,D,fit
H1N1,north,2018,6B.1A.5a,6B.1A,-0.010324,False,ha_full,D,fit
H1N1,south,2019,6B.1A.5a,6B.1A,-0.008533,False,ha_full,D,fit
H1N1,north,2019,6B.1A.5a.1,6B.1A.1,-0.583821,False,ha_full,D,fit
H1N1,south,2020,6B.1A.5a.2,6B.1A.5a,-0.618851,False,ha_full,D,fit
H1N1,north,2020,6B.1A.5a.1,6B.1A.5b,-0.642052,False,ha_full,D,fit
H1N1,south,2021,6B.1A.5a.1,6B.1A.5a.2,-0.007998,False,ha_full,D,fit
H1N1,north,2021,6B.1A.5a.1,6B.1A.5a.1,-0.693147,True,ha_full,D,fit
H1N1,south,2022,6B.1A.5a.2a,6B.1A.5a.1,-0.637417,False,ha_full,D,fit
H1N1,north,2022,6B.1A.5a.2a,6B.1A.5a.1,-0.659999,False,ha_full,D,fit
H1N1,south,2023,6B.1A.5a.2a,6B.1A.5a.1,-0.639076,False,ha_full,D,fit
H1N1,north,2023,6B.1A.5a.2a,6B.1A.5a.2a.1,-0.658417,False,ha_full,D,fit
H1N1,south,2024,6B.1A.5a.2a,6B.1A.5a.2a,-0.658417,True,ha_full,D,fit
H1N1,north,2024,6B.1A.5a.2a,6B.1A.5a.2a,-0.655151,True,ha_full,D,fit
H3N2,south,2013,3C.3a,3C.3a,-0.400834,True,ha_full,D,fit
H3N2,north,2013,3C.3a,3C.3a,-0.400834,True,ha_full,D,fit
H3N2,south,2014,3C.3a,3C.2,-0.693147,False,ha_full,D,fit
H3N2,north,2014,3C.2,3C.3a,-0.693147,False,ha_full,D,fit
H3N2,south,2015,3C.2,3C.3a,-0.157614,False,ha_full,D,fit
H3N2,north,2015,3C.2,3C.2,-0.157614,True,ha_full,D,fit
H3N2,south,2016,3C.2a,3C.2,-0.693147,False,ha_full,D,fit
H3N2,north,2016,3C.2a1,3C.2,-0.217622,False,ha_full,D,fit
H3N2,south,2017,3C.2a1,3C.2a,-0.108383,False,ha_full,D,fit
H3N2,north,2017,3C.2a2,3C.2a,-0.018525,False,ha_full,D,fit
H3N2,south,2018,3C.2a2,3C.2a2,-0.038176,True,ha_full,D,fit
H3N2,north,2018,3C.2a1b.1,3C.2a2,-0.020244,False,ha_full,D,fit
H3N2,south,2019,3C.3a1,3C.2a2,-0.019376,False,ha_full,D,fit
H3N2,north,2019,3C.3a1,3C.3a1,-0.062358,True,ha_full,D,fit
H3N2,south,2020,3C.3a1,3C.2a1b.2,-0.084185,False,ha_full,D,fit
H3N2,north,2020,3C.2a1b.2a.2,3C.3a1,-0.055959,False,ha_full,D,fit
H3N2,south,2021,3C.2a1b.2a.2c,3C.3a1,-0.020704,False,ha_full,D,fit
H3N2,north,2021,3C.2a1b.2a.2a.1a,3C.2a1b.2a.1a,-0.693147,False,ha_full,D,fit
H3N2,south,2022,3C.2a1b.2a.2a.1,3C.2a1b.2a.2d,-0.048803,False,ha_full,D,fit
H3N2,north,2022,3C.2a1b.2a.2b,3C.2a1b.2a.2a.3,-0.04032,False,ha_full,D,fit
H3N2,south,2023,3C.2a1b.2a.2a.3a.1,3C.2a1b.2a.1a,-0.023571,False,ha_full,D,fit
H3N2,north,2023,3C.2a1b.2a.2a.3a.1,3C.2a1b.2a.2a.1,-0.640834,False,ha_full,D,fit
H3N2,south,2024,3C.2a1b.2a.2a.3a.1,3C.2a1b.2a.2a.1b,-0.608065,False,ha_full,D,fit
H3N2,north,2024,3C.2a1b.2a.2a.3a.1,3C.2a1b.2a.2a.3a.1,-0.693147,True,ha_full,D,fit
Victoria,south,2013,V1A,V1A,-0.400834,True,ha_full,D,fit
Victoria,north,2013,V1A,V1A,-0.400834,True,ha_full,D,fit
Victoria,south,2014,V1A,V1A,-0.693147,True,ha_full,D,fit
Victoria,north,2014,V1A,V1A,-0.658417,True,ha_full,D,fit
Victoria,south,2015,V1A,V1A,-0.693147,True,ha_full,D,fit
Victoria,north,2015,V1A,V1A,-0.693147,True,ha_full,D,fit
Victoria,south,2016,V1A,V1A,-0.693147,True,ha_full,D,fit
Victoria,north,2016,V1A,V1A,-0.693147,True,ha_full,D,fit
Victoria,south,2017,V1A,V1A,-0.693147,True,ha_full,D,fit
Victoria,north,2017,V1A,V1A,-0.273952,True,ha_full,D,fit
Victoria,south,2018,V1A.1,V1A,-0.113432,False,ha_full,D,fit
Victoria,north,2018,V1A.1,V1A,-0.116202,False,ha_full,D,fit
Victoria,south,2019,V1A.3,V1A.1,-0.693147,False,ha_full,D,fit
Victoria,north,2019,V1A.3,V1A.1,-0.6377,False,ha_full,D,fit
Victoria,south,2020,V1A.3,V1A.1,-0.642578,False,ha_full,D,fit
Victoria,north,2020,V1A.3a.1,V1A.3,-0.658417,False,ha_full,D,fit
Victoria,south,2021,V1A.3a.2,V1A.3,-0.658417,False,ha_full,D,fit
Victoria,north,2021,V1A.3a.2,V1A.3,-0.658417,False,ha_full,D,fit
Victoria,south,2022,V1A.3a.2,V1A.3,-0.627277,False,ha_full,D,fit
Victoria,north,2022,V1A.3a.2,V1A.3a.2,-0.637582,True,ha_full,D,fit
Victoria,south,2023,V1A.3a.2,V1A.3a.2,-0.693147,True,ha_full,D,fit
Victoria,north,2023,V1A.3a.2,V1A.3a.2,-0.693147,True,ha_full,D,fit
Victoria,south,2024,V1A.3a.2,V1A.3a.2,-0.693147,True,ha_full,D,fit
Victoria,north,2024,V1A.3a.2,V1A.3a.2,-0.693147,True,ha_full,D,fit
H1N1,south,2013,6B.1,6B.1,1.0,True,ha_full,D,freq
H1N1,north,2013,6B.1,6B.1,1.0,True,ha_full,D,freq
H1N1,south,2014,6B.1,6B.1,1.0,True,ha_full,D,freq
H1N1,north,2014,6B.1,6B.1,1.0,True,ha_full,D,freq
H1N1,south,2015,6B.1,6B.1,1.0,True,ha_full,D,freq
H1N1,north,2015,6B.1,6B.1,0.87013,True,ha_full,D,freq
H1N1,south,2016,6B.1,6B.1,0.867735,True,ha_full,D,freq
H1N1,north,2016,6B.1,6B.1,0.999832,True,ha_full,D,freq
H1N1,south,2017,6B.1,6B.1,0.999965,True,ha_full,D,freq
H1N1,north,2017,6B.1A,6B.1,1.0,False,ha_full,D,freq
H1N1,south,2018,6B.1A,6B.1,0.983827,False,ha_full,D,freq
H1N1,north,2018,6B.1A.5a,6B.1A,0.870032,False,ha_full,D,freq
H1N1,south,2019,6B.1A.5a,6B.1A,0.547086,False,ha_full,D,freq
H1N1,north,2019,6B.1A.5a.1,6B.1A.5a,0.280815,False,ha_full,D,freq
H1N1,south,2020,6B.1A.5a.2,6B.1A.5a,0.533638,False,ha_full,D,freq
H1N1,north,2020,6B.1A.5a.1,6B.1A.5a.1,0.494529,True,ha_full,D,freq
H1N1,south,2021,6B.1A.5a.1,6B.1A.5a.2,0.579734,False,ha_full,D,freq
H1N1,north,2021,6B.1A.5a.1,6B.1A.5a.1,1.0,True,ha_full,D,freq
H1N1,south,2022,6B.1A.5a.2a,6B.1A.5a.1,0.956952,False,ha_full,D,freq
H1N1,north,2022,6B.1A.5a.2a,6B.1A.5a.2a,0.523791,True,ha_full,D,freq
H1N1,south,2023,6B.1A.5a.2a,6B.1A.5a.1,0.511402,False,ha_full,D,freq
H1N1,north,2023,6B.1A.5a.2a,6B.1A.5a.2a.1,0.580736,False,ha_full,D,freq
H1N1,south,2024,6B.1A.5a.2a,6B.1A.5a.2a,0.733838,True,ha_full,D,freq
H1N1,north,2024,6B.1A.5a.2a,6B.1A.5a.2a,0.55066,True,ha_full,D,freq
H3N2,south,2013,3C.3a,3C.2,0.636546,False,ha_full,D,freq
H3N2,north,2013,3C.3a,3C.3a,0.519614,True,ha_full,D,freq
H3N2,south,2014,3C.3a,3C.2,1.0,False,ha_full,D,freq
H3N2,north,2014,3C.2,3C.3a,1.0,False,ha_full,D,freq
H3N2,south,2015,3C.2,3C.3a,0.93064,False,ha_full,D,freq
H3N2,north,2015,3C.2,3C.2,0.911912,True,ha_full,D,freq
H3N2,south,2016,3C.2a,3C.2,0.766879,False,ha_full,D,freq
H3N2,north,2016,3C.2a1,3C.2,0.916863,False,ha_full,D,freq
H3N2,south,2017,3C.2a1,3C.2a,0.445061,False,ha_full,D,freq
H3N2,north,2017,3C.2a2,3C.2a,0.549787,False,ha_full,D,freq
H3N2,south,2018,3C.2a2,3C.2a1,0.434604,False,ha_full,D,freq
H3N2,north,2018,3C.2a1b.1,3C.2a2,0.748781,False,ha_full,D,freq
H3N2,south,2019,3C.3a1,3C.2a2,0.858487,False,ha_full,D,freq
H3N2,north,2019,3C.3a1,3C.2a1b.1,0.523465,False,ha_full,D,freq
H3N2,south,2020,3C.3a1,3C.3a1,0.564557,True,ha_full,D,freq
H3N2,north,2020,3C.2a1b.2a.2,3C.2a1b.2b,0.355174,False,ha_full,D,freq
H3N2,south,2021,3C.2a1b.2a.2c,3C.3a1,0.593851,False,ha_full,D,freq
H3N2,north,2021,3C.2a1b.2a.2a.1a,3C.2a1b.2a.1a,1.0,False,ha_full,D,freq
H3N2,south,2022,3C.2a1b.2a.2a.1,3C.2a1b.2a.2d,0.579516,False,ha_full,D,freq
H3N2,north,2022,3C.2a1b.2a.2b,3C.2a1b.2a.2a.1a,0.496142,False,ha_full,D,freq
H3N2,south,2023,3C.2a1b.2a.2a.3a.1,3C.2a1b.2a.2a.1,0.696201,False,ha_full,D,freq
H3N2,north,2023,3C.2a1b.2a.2a.3a.1,3C.2a1b.2a.2b,0.598341,False,ha_full,D,freq
H3N2,south,2024,3C.2a1b.2a.2a.3a.1,3C.2a1b.2a.2a.3a.1,0.444272,True,ha_full,D,freq
H3N2,north,2024,3C.2a1b.2a.2a.3a.1,3C.2a1b.2a.2a.3a.1,1.0,True,ha_full,D,freq
Victoria,south,2013,V1A,V1A,0.947534,True,ha_full,D,freq
Victoria,north,2013,V1A,V1A,0.946448,True,ha_full,D,freq
Victoria,south,2014,V1A,V1A,1.0,True,ha_full,D,freq
Victoria,north,2014,V1A,V1A,0.88542,True,ha_full,D,freq
Victoria,south,2015,V1A,V1A,1.0,True,ha_full,D,freq
Victoria,north,2015,V1A,V1A,0.965517,True,ha_full,D,freq
Victoria,south,2016,V1A,V1A,0.984496,True,ha_full,D,freq
Victoria,north,2016,V1A,V1A,1.0,True,ha_full,D,freq
Victoria,south,2017,V1A,V1A,1.0,True,ha_full,D,freq
Victoria,north,2017,V1A,V1A,0.990605,True,ha_full,D,freq
Victoria,south,2018,V1A.1,V1A,0.905777,False,ha_full,D,freq
Victoria,north,2018,V1A.1,V1A,0.846317,False,ha_full,D,freq
Victoria,south,2019,V1A.3,V1A.1,1.0,False,ha_full,D,freq
Victoria,north,2019,V1A.3,V1A.1,0.393662,False,ha_full,D,freq
Victoria,south,2020,V1A.3,V1A.3,0.626039,True,ha_full,D,freq
Victoria,north,2020,V1A.3a.1,V1A.3,0.978061,False,ha_full,D,freq
Victoria,south,2021,V1A.3a.2,V1A.3,0.990704,False,ha_full,D,freq
Victoria,north,2021,V1A.3a.2,V1A.3,0.588651,False,ha_full,D,freq
Victoria,south,2022,V1A.3a.2,V1A.3a.1,0.461,False,ha_full,D,freq
Victoria,north,2022,V1A.3a.2,V1A.3a.2,0.716096,True,ha_full,D,freq
Victoria,south,2023,V1A.3a.2,V1A.3a.2,1.0,True,ha_full,D,freq
Victoria,north,2023,V1A.3a.2,V1A.3a.2,1.0,True,ha_full,D,freq
Victoria,south,2024,V1A.3a.2,V1A.3a.2,1.0,True,ha_full,D,freq
Victoria,north,2024,V1A.3a.2,V1A.3a.2,1.0,True,ha_full,D,freq
H1N1,south,2013,6B.1,6B.1,-1.386294,True,ha_full,E+G,fit
H1N1,north,2013,6B.1,6B.1,-1.386294,True,ha_full,E+G,fit
H1N1,south,2014,6B.1,6B.1,-1.386294,True,ha_full,E+G,fit
H1N1,north,2014,6B.1,6B.1,-1.386294,True,ha_full,E+G,fit
H1N1,south,2015,6B.1,6B.1,-1.386294,True,ha_full,E+G,fit
H1N1,north,2015,6B.1,6B.1,-0.001698,True,ha_full,E+G,fit
H1N1,south,2016,6B.1,6B.1,-7.072766,True,ha_full,E+G,fit
H1N1,north,2016,6B.1,6B.1,-1.387544,True,ha_full,E+G,fit
H1N1,south,2017,6B.1,6B.1,-0.997425,True,ha_full,E+G,fit
H1N1,north,2017,6B.1A,6B.1,-1.386294,False,ha_full,E+G,fit
H1N1,south,2018,6B.1A,6B.1,-0.736668,False,ha_full,E+G,fit
H1N1,north,2018,6B.1A.5a,6B.1A,-0.708203,False,ha_full,E+G,fit
H1N1,south,2019,6B.1A.5a,6B.1A,-0.742646,False,ha_full,E+G,fit
H1N1,north,2019,6B.1A.5a.1,6B.1A.5a,-0.766611,False,ha_full,E+G,fit
H1N1,south,2020,6B.1A.5a.2,6B.1A.7,-1.297848,False,ha_full,E+G,fit
H1N1,north,2020,6B.1A.5a.1,6B.1A.5a.1,-1.298263,True,ha_full,E+G,fit
H1N1,south,2021,6B.1A.5a.1,6B.1A.5a,-0.943144,False,ha_full,E+G,fit
H1N1,north,2021,6B.1A.5a.1,6B.1A.5a.1,-1.386294,True,ha_full,E+G,fit
H1N1,south,2022,6B.1A.5a.2a,6B.1A.5a.1,-0.788361,False,ha_full,E+G,fit
H1N1,north,2022,6B.1A.5a.2a,6B.1A.5a.2a,-0.740874,True,ha_full,E+G,fit
H1N1,south,2023,6B.1A.5a.2a,6B.1A.5a.1,-0.933065,False,ha_full,E+G,fit
H1N1,north,2023,6B.1A.5a.2a,6B.1A.5a.2a,-0.699142,True,ha_full,E+G,fit
H1N1,south,2024,6B.1A.5a.2a,6B.1A.5a.2a.1,-0.819609,False,ha_full,E+G,fit
H1N1,north,2024,6B.1A.5a.2a,6B.1A.5a.2a,-0.873524,True,ha_full,E+G,fit
H3N2,south,2013,3C.3a,3C.2,-1.508774,False,ha_full,E+G,fit
H3N2,north,2013,3C.3a,3C.3a,-0.801667,True,ha_full,E+G,fit
H3N2,south,2014,3C.3a,3C.2,-1.386294,False,ha_full,E+G,fit
H3N2,north,2014,3C.2,3C.3a,-1.386294,False,ha_full,E+G,fit
H3N2,south,2015,3C.2,3C.2,-0.97554,True,ha_full,E+G,fit
H3N2,north,2015,3C.2,3C.3a,-0.739838,False,ha_full,E+G,fit
H3N2,south,2016,3C.2a,3C.3a,-0.886741,False,ha_full,E+G,fit
H3N2,north,2016,3C.2a1,3C.2,-0.886741,False,ha_full,E+G,fit
H3N2,south,2017,3C.2a1,3C.3a,-0.70149,False,ha_full,E+G,fit
H3N2,north,2017,3C.2a2,3C.3a,-0.753347,False,ha_full,E+G,fit
H3N2,south,2018,3C.2a2,3C.2,-0.762157,False,ha_full,E+G,fit
H3N2,north,2018,3C.2a1b.1,3C.2,-0.784889,False,ha_full,E+G,fit
H3N2,south,2019,3C.3a1,3C.2a2,-0.667768,False,ha_full,E+G,fit
H3N2,north,2019,3C.3a1,3C.3a1,-0.71651,True,ha_full,E+G,fit
H3N2,south,2020,3C.3a1,3C.2a1b.2b,-0.721106,False,ha_full,E+G,fit
H3N2,north,2020,3C.2a1b.2a.2,3C.3a1,-0.734636,False,ha_full,E+G,fit
H3N2,south,2021,3C.2a1b.2a.2c,3C.3a1,-0.71402,False,ha_full,E+G,fit
H3N2,north,2021,3C.2a1b.2a.2a.1a,3C.2a1b.2a.1a,-1.386294,False,ha_full,E+G,fit
H3N2,south,2022,3C.2a1b.2a.2a.1,3C.2a1b.2a.2d,-0.741443,False,ha_full,E+G,fit
H3N2,north,2022,3C.2a1b.2a.2b,3C.2a1b.2a.2a.3,-0.695771,False,ha_full,E+G,fit
H3N2,south,2023,3C.2a1b.2a.2a.3a.1,3C.2a1b.2a.2a.3a.1,-0.722753,True,ha_full,E+G,fit
H3N2,north,2023,3C.2a1b.2a.2a.3a.1,3C.2a1b.2a.1a,-0.7366,False,ha_full,E+G,fit
H3N2,south,2024,3C.2a1b.2a.2a.3a.1,3C.2a1b.2a.2a.3a.1,-0.649116,True,ha_full,E+G,fit
H3N2,north,2024,3C.2a1b.2a.2a.3a.1,3C.2a1b.2a.2a.3a.1,-1.386294,True,ha_full,E+G,fit
Victoria,south,2013,V1A,V1A,-0.801667,True,ha_full,E+G,fit
Victoria,north,2013,V1A,V1A,-1.508774,True,ha_full,E+G,fit
Victoria,south,2014,V1A,V1A,-1.386294,True,ha_full,E+G,fit
Victoria,north,2014,V1A,V1B,-1.664431,False,ha_full,E+G,fit
Victoria,south,2015,V1A,V1A,-1.386294,True,ha_full,E+G,fit
Victoria,north,2015,V1A,V1A,-0.533178,True,ha_full,E+G,fit
Victoria,south,2016,V1A,V1A,-0.533178,True,ha_full,E+G,fit
Victoria,north,2016,V1A,V1A,-1.386294,True,ha_full,E+G,fit
Victoria,south,2017,V1A,V1A,-1.386294,True,ha_full,E+G,fit
Victoria,north,2017,V1A,V1A.1,-0.797121,False,ha_full,E+G,fit
Victoria,south,2018,V1A.1,V1A.1,-0.354134,True,ha_full,E+G,fit
Victoria,north,2018,V1A.1,V1A.1,-0.003517,True,ha_full,E+G,fit
Victoria,south,2019,V1A.3,V1A.1,-1.386294,False,ha_full,E+G,fit
Victoria,north,2019,V1A.3,V1A.3,-0.11715,True,ha_full,E+G,fit
Victoria,south,2020,V1A.3,V1A.3,-0.594712,True,ha_full,E+G,fit
Victoria,north,2020,V1A.3a.1,V1A.3,-2.015863,False,ha_full,E+G,fit
Victoria,south,2021,V1A.3a.2,V1A.3,-0.248096,False,ha_full,E+G,fit
Victoria,north,2021,V1A.3a.2,V1A.3a.2,-0.248096,True,ha_full,E+G,fit
Victoria,south,2022,V1A.3a.2,V1A.3a.2,-0.114067,True,ha_full,E+G,fit
Victoria,north,2022,V1A.3a.2,V1A.3a.2,-1.390308,True,ha_full,E+G,fit
Victoria,south,2023,V1A.3a.2,V1A.3a.2,-1.386294,True,ha_full,E+G,fit
Victoria,north,2023,V1A.3a.2,V1A.3a.2,-1.386294,True,ha_full,E+G,fit
Victoria,south,2024,V1A.3a.2,V1A.3a.2,-1.386294,True,ha_full,E+G,fit
Victoria,north,2024,V1A.3a.2,V1A.3a.2,-1.386294,True,ha_full,E+G,fit
H1N1,south,2013,6B.1,6B.1,1.0,True,ha_full,E+G,freq
H1N1,north,2013,6B.1,6B.1,1.0,True,ha_full,E+G,freq
H1N1,south,2014,6B.1,6B.1,1.0,True,ha_full,E+G,freq
H1N1,north,2014,6B.1,6B.1,1.0,True,ha_full,E+G,freq
H1N1,south,2015,6B.1,6B.1,1.0,True,ha_full,E+G,freq
H1N1,north,2015,6B.1,6B.1,1.0,True,ha_full,E+G,freq
H1N1,south,2016,6B.1,6B.1,0.867735,True,ha_full,E+G,freq
H1N1,north,2016,6B.1,6B.1,0.834971,True,ha_full,E+G,freq
H1N1,south,2017,6B.1,6B.1,0.986747,True,ha_full,E+G,freq
H1N1,north,2017,6B.1A,6B.1,1.0,False,ha_full,E+G,freq
H1N1,south,2018,6B.1A,6B.1,0.966894,False,ha_full,E+G,freq
H1N1,north,2018,6B.1A.5a,6B.1A,0.872224,False,ha_full,E+G,freq
H1N1,south,2019,6B.1A.5a,6B.1A,0.543932,False,ha_full,E+G,freq
H1N1,north,2019,6B.1A.5a.1,6B.1A.5a,0.423495,False,ha_full,E+G,freq
H1N1,south,2020,6B.1A.5a.2,6B.1A.5a,0.512791,False,ha_full,E+G,freq
H1N1,north,2020,6B.1A.5a.1,6B.1A.5a.1,0.514156,True,ha_full,E+G,freq
H1N1,south,2021,6B.1A.5a.1,6B.1A.5a.1,0.457103,True,ha_full,E+G,freq
H1N1,north,2021,6B.1A.5a.1,6B.1A.5a.1,1.0,True,ha_full,E+G,freq
H1N1,south,2022,6B.1A.5a.2a,6B.1A.5a.1,0.98256,False,ha_full,E+G,freq
H1N1,north,2022,6B.1A.5a.2a,6B.1A.5a.2a,0.780614,True,ha_full,E+G,freq
H1N1,south,2023,6B.1A.5a.2a,6B.1A.5a.1,0.557415,False,ha_full,E+G,freq
H1N1,north,2023,6B.1A.5a.2a,6B.1A.5a.2a,0.907099,True,ha_full,E+G,freq
H1N1,south,2024,6B.1A.5a.2a,6B.1A.5a.2a.1,0.792957,False,ha_full,E+G,freq
H1N1,north,2024,6B.1A.5a.2a,6B.1A.5a.2a,0.682335,True,ha_full,E+G,freq
H3N2,south,2013,3C.3a,3C.2,0.780316,False,ha_full,E+G,freq
H3N2,north,2013,3C.3a,3C.3a,0.686887,True,ha_full,E+G,freq
H3N2,south,2014,3C.3a,3C.2,1.0,False,ha_full,E+G,freq
H3N2,north,2014,3C.2,3C.3a,1.0,False,ha_full,E+G,freq
H3N2,south,2015,3C.2,3C.2,0.668914,True,ha_full,E+G,freq
H3N2,north,2015,3C.2,3C.3a,0.807529,False,ha_full,E+G,freq
H3N2,south,2016,3C.2a,3C.3a,0.623935,False,ha_full,E+G,freq
H3N2,north,2016,3C.2a1,3C.2,0.936034,False,ha_full,E+G,freq
H3N2,south,2017,3C.2a1,3C.3a,0.688995,False,ha_full,E+G,freq
H3N2,north,2017,3C.2a2,3C.2a1,0.294784,False,ha_full,E+G,freq
H3N2,south,2018,3C.2a2,3C.2a1,0.501561,False,ha_full,E+G,freq
H3N2,north,2018,3C.2a1b.1,3C.2a1b.1,0.438685,True,ha_full,E+G,freq
H3N2,south,2019,3C.3a1,3C.2a2,0.805767,False,ha_full,E+G,freq
H3N2,north,2019,3C.3a1,3C.2a1b.1,0.471143,False,ha_full,E+G,freq
H3N2,south,2020,3C.3a1,3C.3a1,0.386497,True,ha_full,E+G,freq
H3N2,north,2020,3C.2a1b.2a.2,3C.3a1,0.415571,False,ha_full,E+G,freq
H3N2,south,2021,3C.2a1b.2a.2c,3C.3a1,0.586556,False,ha_full,E+G,freq
H3N2,north,2021,3C.2a1b.2a.2a.1a,3C.2a1b.2a.1a,1.0,False,ha_full,E+G,freq
H3N2,south,2022,3C.2a1b.2a.2a.1,3C.2a1b.2a.2d,0.528787,False,ha_full,E+G,freq
H3N2,north,2022,3C.2a1b.2a.2b,3C.2a1b.2a.2a.3,0.444656,False,ha_full,E+G,freq
H3N2,south,2023,3C.2a1b.2a.2a.3a.1,3C.2a1b.2a.2a.3,0.270595,False,ha_full,E+G,freq
H3N2,north,2023,3C.2a1b.2a.2a.3a.1,3C.2a1b.2a.2b,0.774205,False,ha_full,E+G,freq
H3N2,south,2024,3C.2a1b.2a.2a.3a.1,3C.2a1b.2a.2a.3a.1,0.599035,True,ha_full,E+G,freq
H3N2,north,2024,3C.2a1b.2a.2a.3a.1,3C.2a1b.2a.2a.3a.1,1.0,True,ha_full,E+G,freq
Victoria,south,2013,V1A,V1A,0.973424,True,ha_full,E+G,freq
Victoria,north,2013,V1A,V1A,0.897059,True,ha_full,E+G,freq
Victoria,south,2014,V1A,V1A,1.0,True,ha_full,E+G,freq
Victoria,north,2014,V1A,V1A,0.850481,True,ha_full,E+G,freq
Victoria,south,2015,V1A,V1A,1.0,True,ha_full,E+G,freq
Victoria,north,2015,V1A,V1A,0.997229,True,ha_full,E+G,freq
Victoria,south,2016,V1A,V1A,0.998776,True,ha_full,E+G,freq
Victoria,north,2016,V1A,V1A,1.0,True,ha_full,E+G,freq
Victoria,south,2017,V1A,V1A,1.0,True,ha_full,E+G,freq
Victoria,north,2017,V1A,V1A,0.984574,True,ha_full,E+G,freq
Victoria,south,2018,V1A.1,V1A,0.529826,False,ha_full,E+G,freq
Victoria,north,2018,V1A.1,V1A.1,0.999972,True,ha_full,E+G,freq
Victoria,south,2019,V1A.3,V1A.1,1.0,False,ha_full,E+G,freq
Victoria,north,2019,V1A.3,V1A.3,0.9345,True,ha_full,E+G,freq
Victoria,south,2020,V1A.3,V1A.3,0.933325,True,ha_full,E+G,freq
Victoria,north,2020,V1A.3a.1,V1A.3,0.986821,False,ha_full,E+G,freq
Victoria,south,2021,V1A.3a.2,V1A.3,0.999837,False,ha_full,E+G,freq
Victoria,north,2021,V1A.3a.2,V1A.3a.2,0.978899,True,ha_full,E+G,freq
Victoria,south,2022,V1A.3a.2,V1A.3a.2,0.538536,True,ha_full,E+G,freq
Victoria,north,2022,V1A.3a.2,V1A.3a.2,0.854275,True,ha_full,E+G,freq
Victoria,south,2023,V1A.3a.2,V1A.3a.2,1.0,True,ha_full,E+G,freq
Victoria,north,2023,V1A.3a.2,V1A.3a.2,1.0,True,ha_full,E+G,freq
Victoria,south,2024,V1A.3a.2,V1A.3a.2,1.0,True,ha_full,E+G,freq
Victoria,north,2024,V1A.3a.2,V1A.3a.2,1.0,True,ha_full,E+G,freq
H1N1,south,2013,6B.1,6B.1,-1.386294,True,ha_full,E+D,fit
H1N1,north,2013,6B.1,6B.1,-1.386294,True,ha_full,E+D,fit
H1N1,south,2014,6B.1,6B.1,-1.386294,True,ha_full,E+D,fit
H1N1,north,2014,6B.1,6B.1,-1.386294,True,ha_full,E+D,fit
H1N1,south,2015,6B.1,6B.1,-1.386294,True,ha_full,E+D,fit
H1N1,north,2015,6B.1,6B.1,-0.693996,True,ha_full,E+D,fit
H1N1,south,2016,6B.1,6B.2,-0.693996,False,ha_full,E+D,fit
H1N1,north,2016,6B.1,6B.1,-0.729976,True,ha_full,E+D,fit
H1N1,south,2017,6B.1,6B.1,-0.729976,True,ha_full,E+D,fit
H1N1,north,2017,6B.1A,6B.1,-1.386294,False,ha_full,E+D,fit
H1N1,south,2018,6B.1A,6B.1,-0.658472,False,ha_full,E+D,fit
H1N1,north,2018,6B.1A.5a,6B.1A,-0.692051,False,ha_full,E+D,fit
H1N1,south,2019,6B.1A.5a,6B.1A.1,-0.662489,False,ha_full,E+D,fit
H1N1,north,2019,6B.1A.5a.1,6B.1A.1,-1.236512,False,ha_full,E+D,fit
H1N1,south,2020,6B.1A.5a.2,6B.1A.7,-1.316422,False,ha_full,E+D,fit
H1N1,north,2020,6B.1A.5a.1,6B.1A.5b,-1.258082,False,ha_full,E+D,fit
H1N1,south,2021,6B.1A.5a.1,6B.1A.5a.2,-0.624202,False,ha_full,E+D,fit
H1N1,north,2021,6B.1A.5a.1,6B.1A.5a.1,-1.386294,True,ha_full,E+D,fit
H1N1,south,2022,6B.1A.5a.2a,6B.1A.5a.1,-0.69174,False,ha_full,E+D,fit
H1N1,north,2022,6B.1A.5a.2a,6B.1A.5a.1,-0.711185,False,ha_full,E+D,fit
H1N1,south,2023,6B.1A.5a.2a,6B.1A.5a.1,-1.336861,False,ha_full,E+D,fit
H1N1,north,2023,6B.1A.5a.2a,6B.1A.5a.2a,-1.387544,True,ha_full,E+D,fit
H1N1,south,2024,6B.1A.5a.2a,6B.1A.5a.2a,-1.316833,True,ha_full,E+D,fit
H1N1,north,2024,6B.1A.5a.2a,6B.1A.5a.2a,-1.330715,True,ha_full,E+D,fit
H3N2,south,2013,3C.3a,3C.3a,-0.801667,True,ha_full,E+D,fit
H3N2,north,2013,3C.3a,3C.3a,-0.801667,True,ha_full,E+D,fit
H3N2,south,2014,3C.3a,3C.2,-1.386294,False,ha_full,E+D,fit
H3N2,north,2014,3C.2,3C.3a,-1.386294,False,ha_full,E+D,fit
H3N2,south,2015,3C.2,3C.2,-0.955939,True,ha_full,E+D,fit
H3N2,north,2015,3C.2,3C.3a,-0.955939,False,ha_full,E+D,fit
H3N2,south,2016,3C.2a,3C.3a,-0.850761,False,ha_full,E+D,fit
H3N2,north,2016,3C.2a1,3C.2,-0.867551,False,ha_full,E+D,fit
H3N2,south,2017,3C.2a1,3C.3a,-0.710199,False,ha_full,E+D,fit
H3N2,north,2017,3C.2a2,3C.3a,-0.714763,False,ha_full,E+D,fit
H3N2,south,2018,3C.2a2,3C.2,-0.716337,False,ha_full,E+D,fit
H3N2,north,2018,3C.2a1b.1,3C.2,-0.754309,False,ha_full,E+D,fit
H3N2,south,2019,3C.3a1,3C.2a2,-0.680731,False,ha_full,E+D,fit
H3N2,north,2019,3C.3a1,3C.3a1,-0.639757,True,ha_full,E+D,fit
H3N2,south,2020,3C.3a1,3C.2a1b.2b,-0.689683,False,ha_full,E+D,fit
H3N2,north,2020,3C.2a1b.2a.2,3C.3a1,-0.633858,False,ha_full,E+D,fit
H3N2,south,2021,3C.2a1b.2a.2c,3C.3a1,-0.612356,False,ha_full,E+D,fit
H3N2,north,2021,3C.2a1b.2a.2a.1a,3C.2a1b.2a.1a,-1.386294,False,ha_full,E+D,fit
H3N2,south,2022,3C.2a1b.2a.2a.1,3C.2a1b.2a.2d,-0.654829,False,ha_full,E+D,fit
H3N2,north,2022,3C.2a1b.2a.2b,3C.2a1b.2a.2a.3,-0.624902,False,ha_full,E+D,fit
H3N2,south,2023,3C.2a1b.2a.2a.3a.1,3C.2a1b.2a.2a.3a.1,-0.711472,True,ha_full,E+D,fit
H3N2,north,2023,3C.2a1b.2a.2a.3a.1,3C.2a1b.2a.1a,-0.75457,False,ha_full,E+D,fit
H3N2,south,2024,3C.2a1b.2a.2a.3a.1,3C.2a1b.2a.2a.3a.1,-0.698385,True,ha_full,E+D,fit
H3N2,north,2024,3C.2a1b.2a.2a.3a.1,3C.2a1b.2a.2a.3a.1,-1.386294,True,ha_full,E+D,fit
Victoria,south,2013,V1A,V1A,-0.801667,True,ha_full,E+D,fit
Victoria,north,2013,V1A,V1A,-1.508774,True,ha_full,E+D,fit
Victoria,south,2014,V1A,V1A,-1.386294,True,ha_full,E+D,fit
Victoria,north,2014,V1A,V1B,-1.664431,False,ha_full,E+D,fit
Victoria,south,2015,V1A,V1A,-1.386294,True,ha_full,E+D,fit
Victoria,north,2015,V1A,V1A,-1.068711,True,ha_full,E+D,fit
Victoria,south,2016,V1A,V1A,-1.068711,True,ha_full,E+D,fit
Victoria,north,2016,V1A,V1A,-1.386294,True,ha_full,E+D,fit
Victoria,south,2017,V1A,V1A,-1.386294,True,ha_full,E+D,fit
Victoria,north,2017,V1A,V1A,-0.942973,True,ha_full,E+D,fit
Victoria,south,2018,V1A.1,V1A.1,-1.114341,True,ha_full,E+D,fit
Victoria,north,2018,V1A.1,V1A.1,-1.113616,True,ha_full,E+D,fit
Victoria,south,2019,V1A.3,V1A.1,-1.386294,False,ha_full,E+D,fit
Victoria,north,2019,V1A.3,V1A.1,-0.151425,False,ha_full,E+D,fit
Victoria,south,2020,V1A.3,V1A.3,-0.591852,True,ha_full,E+D,fit
Victoria,north,2020,V1A.3a.1,V1A.3,-2.476231,False,ha_full,E+D,fit
Victoria,south,2021,V1A.3a.2,V1A.3,-0.119209,False,ha_full,E+D,fit
Victoria,north,2021,V1A.3a.2,V1A.3,-2.476231,False,ha_full,E+D,fit
Victoria,south,2022,V1A.3a.2,V1A.3a.2,-0.138689,True,ha_full,E+D,fit
Victoria,north,2022,V1A.3a.2,V1A.3,-1.405622,False,ha_full,E+D,fit
Victoria,south,2023,V1A.3a.2,V1A.3a.2,-1.386294,True,ha_full,E+D,fit
Victoria,north,2023,V1A.3a.2,V1A.3a.2,-1.386294,True,ha_full,E+D,fit
Victoria,south,2024,V1A.3a.2,V1A.3a.2,-1.386294,True,ha_full,E+D,fit
Victoria,north,2024,V1A.3a.2,V1A.3a.2,-1.386294,True,ha_full,E+D,fit
H1N1,south,2013,6B.1,6B.1,1.0,True,ha_full,E+D,freq
H1N1,north,2013,6B.1,6B.1,1.0,True,ha_full,E+D,freq
H1N1,south,2014,6B.1,6B.1,1.0,True,ha_full,E+D,freq
H1N1,north,2014,6B.1,6B.1,1.0,True,ha_full,E+D,freq
H1N1,south,2015,6B.1,6B.1,1.0,True,ha_full,E+D,freq
H1N1,north,2015,6B.1,6B.1,0.999873,True,ha_full,E+D,freq
H1N1,south,2016,6B.1,6B.2,0.994459,False,ha_full,E+D,freq
H1N1,north,2016,6B.1,6B.1,0.99982,True,ha_full,E+D,freq
H1N1,south,2017,6B.1,6B.1,0.999963,True,ha_full,E+D,freq
H1N1,north,2017,6B.1A,6B.1,1.0,False,ha_full,E+D,freq
H1N1,south,2018,6B.1A,6B.1,0.985083,False,ha_full,E+D,freq
H1N1,north,2018,6B.1A.5a,6B.1A,0.873125,False,ha_full,E+D,freq
H1N1,south,2019,6B.1A.5a,6B.1A,0.538461,False,ha_full,E+D,freq
H1N1,north,2019,6B.1A.5a.1,6B.1A.5a,0.283637,False,ha_full,E+D,freq
H1N1,south,2020,6B.1A.5a.2,6B.1A.5a,0.519049,False,ha_full,E+D,freq
H1N1,north,2020,6B.1A.5a.1,6B.1A.5a.1,0.4958,True,ha_full,E+D,freq
H1N1,south,2021,6B.1A.5a.1,6B.1A.5a.2,0.596545,False,ha_full,E+D,freq
H1N1,north,2021,6B.1A.5a.1,6B.1A.5a.1,1.0,True,ha_full,E+D,freq
H1N1,south,2022,6B.1A.5a.2a,6B.1A.5a.1,0.995939,False,ha_full,E+D,freq
H1N1,north,2022,6B.1A.5a.2a,6B.1A.5a.2a,0.526554,True,ha_full,E+D,freq
H1N1,south,2023,6B.1A.5a.2a,6B.1A.5a.1,0.519224,False,ha_full,E+D,freq
H1N1,north,2023,6B.1A.5a.2a,6B.1A.5a.2a.1,0.563428,False,ha_full,E+D,freq
H1N1,south,2024,6B.1A.5a.2a,6B.1A.5a.2a,0.747419,True,ha_full,E+D,freq
H1N1,north,2024,6B.1A.5a.2a,6B.1A.5a.2a,0.545628,True,ha_full,E+D,freq
H3N2,south,2013,3C.3a,3C.3a,0.53661,True,ha_full,E+D,freq
H3N2,north,2013,3C.3a,3C.3a,0.686887,True,ha_full,E+D,freq
H3N2,south,2014,3C.3a,3C.2,1.0,False,ha_full,E+D,freq
H3N2,north,2014,3C.2,3C.3a,1.0,False,ha_full,E+D,freq
H3N2,south,2015,3C.2,3C.2,0.621763,True,ha_full,E+D,freq
H3N2,north,2015,3C.2,3C.3a,0.680569,False,ha_full,E+D,freq
H3N2,south,2016,3C.2a,3C.3a,0.640376,False,ha_full,E+D,freq
H3N2,north,2016,3C.2a1,3C.2,0.923357,False,ha_full,E+D,freq
H3N2,south,2017,3C.2a1,3C.3a,0.68686,False,ha_full,E+D,freq
H3N2,north,2017,3C.2a2,3C.3a,0.310899,False,ha_full,E+D,freq
H3N2,south,2018,3C.2a2,3C.2a1,0.467658,False,ha_full,E+D,freq
H3N2,north,2018,3C.2a1b.1,3C.2a1b.1,0.35712,True,ha_full,E+D,freq
H3N2,south,2019,3C.3a1,3C.2a2,0.80391,False,ha_full,E+D,freq
H3N2,north,2019,3C.3a1,3C.2a1b.1,0.457178,False,ha_full,E+D,freq
H3N2,south,2020,3C.3a1,3C.3a1,0.369398,True,ha_full,E+D,freq
H3N2,north,2020,3C.2a1b.2a.2,3C.3a1,0.442977,False,ha_full,E+D,freq
H3N2,south,2021,3C.2a1b.2a.2c,3C.3a1,0.615131,False,ha_full,E+D,freq
H3N2,north,2021,3C.2a1b.2a.2a.1a,3C.2a1b.2a.1a,1.0,False,ha_full,E+D,freq
H3N2,south,2022,3C.2a1b.2a.2a.1,3C.2a1b.2a.2d,0.553045,False,ha_full,E+D,freq
H3N2,north,2022,3C.2a1b.2a.2b,3C.2a1b.2a.2a.3,0.459759,False,ha_full,E+D,freq
H3N2,south,2023,3C.2a1b.2a.2a.3a.1,3C.2a1b.2a.2a.3,0.283488,False,ha_full,E+D,freq
H3N2,north,2023,3C.2a1b.2a.2a.3a.1,3C.2a1b.2a.2b,0.786036,False,ha_full,E+D,freq
H3N2,south,2024,3C.2a1b.2a.2a.3a.1,3C.2a1b.2a.2a.3a.1,0.583151,True,ha_full,E+D,freq
H3N2,north,2024,3C.2a1b.2a.2a.3a.1,3C.2a1b.2a.2a.3a.1,1.0,True,ha_full,E+D,freq
Victoria,south,2013,V1A,V1A,0.973424,True,ha_full,E+D,freq
Victoria,north,2013,V1A,V1A,0.897059,True,ha_full,E+D,freq
Victoria,south,2014,V1A,V1A,1.0,True,ha_full,E+D,freq
Victoria,north,2014,V1A,V1A,0.850481,True,ha_full,E+D,freq
Victoria,south,2015,V1A,V1A,1.0,True,ha_full,E+D,freq
Victoria,north,2015,V1A,V1A,0.983982,True,ha_full,E+D,freq
Victoria,south,2016,V1A,V1A,0.992873,True,ha_full,E+D,freq
Victoria,north,2016,V1A,V1A,1.0,True,ha_full,E+D,freq
Victoria,south,2017,V1A,V1A,1.0,True,ha_full,E+D,freq
Victoria,north,2017,V1A,V1A,0.999109,True,ha_full,E+D,freq
Victoria,south,2018,V1A.1,V1A.1,0.674713,True,ha_full,E+D,freq
Victoria,north,2018,V1A.1,V1A.1,0.845499,True,ha_full,E+D,freq
Victoria,south,2019,V1A.3,V1A.1,1.0,False,ha_full,E+D,freq
Victoria,north,2019,V1A.3,V1A.1,0.529642,False,ha_full,E+D,freq
Victoria,south,2020,V1A.3,V1A.3,0.907636,True,ha_full,E+D,freq
Victoria,north,2020,V1A.3a.1,V1A.3,0.992646,False,ha_full,E+D,freq
Victoria,south,2021,V1A.3a.2,V1A.3,0.999972,False,ha_full,E+D,freq
Victoria,north,2021,V1A.3a.2,V1A.3,0.812478,False,ha_full,E+D,freq
Victoria,south,2022,V1A.3a.2,V1A.3a.2,0.570447,True,ha_full,E+D,freq
Victoria,north,2022,V1A.3a.2,V1A.3,0.489241,False,ha_full,E+D,freq
Victoria,south,2023,V1A.3a.2,V1A.3a.2,1.0,True,ha_full,E+D,freq
Victoria,north,2023,V1A.3a.2,V1A.3a.2,1.0,True,ha_full,E+D,freq
Victoria,south,2024,V1A.3a.2,V1A.3a.2,1.0,True,ha_full,E+D,freq
Victoria,north,2024,V1A.3a.2,V1A.3a.2,1.0,True,ha_full,E+D,freq
H1N1,south,2013,6B.1,6B.1,-1.386294,True,ha_full,G+D,fit
H1N1,north,2013,6B.1,6B.1,-1.386294,True,ha_full,G+D,fit
H1N1,south,2014,6B.1,6B.1,-1.386294,True,ha_full,G+D,fit
H1N1,north,2014,6B.1,6B.1,-1.386294,True,ha_full,G+D,fit
H1N1,south,2015,6B.1,6B.1,-1.386294,True,ha_full,G+D,fit
H1N1,north,2015,6B.1,6B.1,-0.693996,True,ha_full,G+D,fit
H1N1,south,2016,6B.1,6B.1,-0.693996,True,ha_full,G+D,fit
H1N1,north,2016,6B.1,6B.1,-0.659266,True,ha_full,G+D,fit
H1N1,south,2017,6B.1,6B.1,-0.269147,True,ha_full,G+D,fit
H1N1,north,2017,6B.1A,6B.1,-1.386294,False,ha_full,G+D,fit
H1N1,south,2018,6B.1A,6B.1,-0.334873,False,ha_full,G+D,fit
H1N1,north,2018,6B.1A.5a,6B.1A,-0.183687,False,ha_full,G+D,fit
H1N1,south,2019,6B.1A.5a,6B.1A,-0.605654,False,ha_full,G+D,fit
H1N1,north,2019,6B.1A.5a.1,6B.1A.1,-1.267942,False,ha_full,G+D,fit
H1N1,south,2020,6B.1A.5a.2,6B.1A.6,-1.263246,False,ha_full,G+D,fit
H1N1,north,2020,6B.1A.5a.1,6B.1A.5a.1,-1.283249,True,ha_full,G+D,fit
H1N1,south,2021,6B.1A.5a.1,6B.1A.5a,-0.669037,False,ha_full,G+D,fit
H1N1,north,2021,6B.1A.5a.1,6B.1A.5a.1,-1.386294,True,ha_full,G+D,fit
H1N1,south,2022,6B.1A.5a.2a,6B.1A.5a.1,-0.738409,False,ha_full,G+D,fit
H1N1,north,2022,6B.1A.5a.2a,6B.1A.5a.2a,-0.766364,True,ha_full,G+D,fit
H1N1,south,2023,6B.1A.5a.2a,6B.1A.5a.1,-0.9238,False,ha_full,G+D,fit
H1N1,north,2023,6B.1A.5a.2a,6B.1A.5a.2a,-0.819609,True,ha_full,G+D,fit
H1N1,south,2024,6B.1A.5a.2a,6B.1A.5a.2a.1,-0.819609,False,ha_full,G+D,fit
H1N1,north,2024,6B.1A.5a.2a,6B.1A.5a.2a,-0.889977,True,ha_full,G+D,fit
H3N2,south,2013,3C.3a,3C.2,-1.508774,False,ha_full,G+D,fit
H3N2,north,2013,3C.3a,3C.3a,-0.801667,True,ha_full,G+D,fit
H3N2,south,2014,3C.3a,3C.2,-1.386294,False,ha_full,G+D,fit
H3N2,north,2014,3C.2,3C.3a,-1.386294,False,ha_full,G+D,fit
H3N2,south,2015,3C.2,3C.3a,-0.739838,False,ha_full,G+D,fit
H3N2,north,2015,3C.2,3C.2,-0.97554,True,ha_full,G+D,fit
H3N2,south,2016,3C.2a,3C.2,-1.275372,False,ha_full,G+D,fit
H3N2,north,2016,3C.2a1,3C.2,-0.97554,False,ha_full,G+D,fit
H3N2,south,2017,3C.2a1,3C.2a,-0.7238,False,ha_full,G+D,fit
H3N2,north,2017,3C.2a2,3C.2a,-0.706583,False,ha_full,G+D,fit
H3N2,south,2018,3C.2a2,3C.2a2,-0.729952,True,ha_full,G+D,fit
H3N2,north,2018,3C.2a1b.1,3C.2a2,-0.724817,False,ha_full,G+D,fit
H3N2,south,2019,3C.3a1,3C.2a2,-0.626753,False,ha_full,G+D,fit
H3N2,north,2019,3C.3a1,3C.3a1,-0.76602,True,ha_full,G+D,fit
H3N2,south,2020,3C.3a1,3C.2a1b.2,-0.73974,False,ha_full,G+D,fit
H3N2,north,2020,3C.2a1b.2a.2,3C.3a1,-0.781053,False,ha_full,G+D,fit
H3N2,south,2021,3C.2a1b.2a.2c,3C.3a1,-0.723504,False,ha_full,G+D,fit
H3N2,north,2021,3C.2a1b.2a.2a.1a,3C.2a1b.2a.1a,-1.386294,False,ha_full,G+D,fit
H3N2,south,2022,3C.2a1b.2a.2a.1,3C.2a1b.2a.2d,-0.756479,False,ha_full,G+D,fit
H3N2,north,2022,3C.2a1b.2a.2b,3C.2a1b.2a.2a.3,-0.727747,False,ha_full,G+D,fit
H3N2,south,2023,3C.2a1b.2a.2a.3a.1,3C.2a1b.2a.2a.1,-0.673129,False,ha_full,G+D,fit
H3N2,north,2023,3C.2a1b.2a.2a.3a.1,3C.2a1b.2a.2a.1b,-1.242858,False,ha_full,G+D,fit
H3N2,south,2024,3C.2a1b.2a.2a.3a.1,3C.2a1b.2a.2a.3a.1,-1.289254,True,ha_full,G+D,fit
H3N2,north,2024,3C.2a1b.2a.2a.3a.1,3C.2a1b.2a.2a.3a.1,-1.386294,True,ha_full,G+D,fit
Victoria,south,2013,V1A,V1A,-0.801667,True,ha_full,G+D,fit
Victoria,north,2013,V1A,V1A,-0.801667,True,ha_full,G+D,fit
Victoria,south,2014,V1A,V1A,-1.386294,True,ha_full,G+D,fit
Victoria,north,2014,V1A,V1A,-1.316833,True,ha_full,G+D,fit
Victoria,south,2015,V1A,V1A,-1.386294,True,ha_full,G+D,fit
Victoria,north,2015,V1A,V1A,-1.301807,True,ha_full,G+D,fit
Victoria,south,2016,V1A,V1A,-1.301807,True,ha_full,G+D,fit
Victoria,north,2016,V1A,V1A,-1.386294,True,ha_full,G+D,fit
Victoria,south,2017,V1A,V1A,-1.386294,True,ha_full,G+D,fit
Victoria,north,2017,V1A,V1A,-0.805332,True,ha_full,G+D,fit
Victoria,south,2018,V1A.1,V1A,-0.892119,False,ha_full,G+D,fit
Victoria,north,2018,V1A.1,V1A.1,-0.896909,True,ha_full,G+D,fit
Victoria,south,2019,V1A.3,V1A.1,-1.386294,False,ha_full,G+D,fit
Victoria,north,2019,V1A.3,V1A.3,-0.825033,True,ha_full,G+D,fit
Victoria,south,2020,V1A.3,V1A.3,-0.670361,True,ha_full,G+D,fit
Victoria,north,2020,V1A.3a.1,V1A.3,-0.748899,False,ha_full,G+D,fit
Victoria,south,2021,V1A.3a.2,V1A.3,-0.687143,False,ha_full,G+D,fit
Victoria,north,2021,V1A.3a.2,V1A.3a.2,-0.757854,True,ha_full,G+D,fit
Victoria,south,2022,V1A.3a.2,V1A.3a.2,-0.699821,True,ha_full,G+D,fit
Victoria,north,2022,V1A.3a.2,V1A.3a.2,-0.659399,True,ha_full,G+D,fit
Victoria,south,2023,V1A.3a.2,V1A.3a.2,-1.386294,True,ha_full,G+D,fit
Victoria,north,2023,V1A.3a.2,V1A.3a.2,-1.386294,True,ha_full,G+D,fit
Victoria,south,2024,V1A.3a.2,V1A.3a.2,-1.386294,True,ha_full,G+D,fit
Victoria,north,2024,V1A.3a.2,V1A.3a.2,-1.386294,True,ha_full,G+D,fit
H1N1,south,2013,6B.1,6B.1,1.0,True,ha_full,G+D,freq
H1N1,north,2013,6B.1,6B.1,1.0,True,ha_full,G+D,freq
H1N1,south,2014,6B.1,6B.1,1.0,True,ha_full,G+D,freq
H1N1,north,2014,6B.1,6B.1,1.0,True,ha_full,G+D,freq
H1N1,south,2015,6B.1,6B.1,1.0,True,ha_full,G+D,freq
H1N1,north,2015,6B.1,6B.1,0.999873,True,ha_full,G+D,freq
H1N1,south,2016,6B.1,6B.1,0.999871,True,ha_full,G+D,freq
H1N1,north,2016,6B.1,6B.1,0.999844,True,ha_full,G+D,freq
H1N1,south,2017,6B.1,6B.1,0.999989,True,ha_full,G+D,freq
H1N1,north,2017,6B.1A,6B.1,1.0,False,ha_full,G+D,freq
H1N1,south,2018,6B.1A,6B.1,0.987159,False,ha_full,G+D,freq
H1N1,north,2018,6B.1A.5a,6B.1A,0.925707,False,ha_full,G+D,freq
H1N1,south,2019,6B.1A.5a,6B.1A,0.556527,False,ha_full,G+D,freq
H1N1,north,2019,6B.1A.5a.1,6B.1A.5a,0.293162,False,ha_full,G+D,freq
H1N1,south,2020,6B.1A.5a.2,6B.1A.5a,0.545655,False,ha_full,G+D,freq
H1N1,north,2020,6B.1A.5a.1,6B.1A.5a.1,0.514479,True,ha_full,G+D,freq
H1N1,south,2021,6B.1A.5a.1,6B.1A.5a.2,0.575427,False,ha_full,G+D,freq
H1N1,north,2021,6B.1A.5a.1,6B.1A.5a.1,1.0,True,ha_full,G+D,freq
H1N1,south,2022,6B.1A.5a.2a,6B.1A.5a.1,0.984525,False,ha_full,G+D,freq
H1N1,north,2022,6B.1A.5a.2a,6B.1A.5a.2a,0.773858,True,ha_full,G+D,freq
H1N1,south,2023,6B.1A.5a.2a,6B.1A.5a.1,0.558481,False,ha_full,G+D,freq
H1N1,north,2023,6B.1A.5a.2a,6B.1A.5a.2a,0.884037,True,ha_full,G+D,freq
H1N1,south,2024,6B.1A.5a.2a,6B.1A.5a.2a.1,0.792957,False,ha_full,G+D,freq
H1N1,north,2024,6B.1A.5a.2a,6B.1A.5a.2a,0.680176,True,ha_full,G+D,freq
H3N2,south,2013,3C.3a,3C.2,0.780316,False,ha_full,G+D,freq
H3N2,north,2013,3C.3a,3C.3a,0.686887,True,ha_full,G+D,freq
H3N2,south,2014,3C.3a,3C.2,1.0,False,ha_full,G+D,freq
H3N2,north,2014,3C.2,3C.3a,1.0,False,ha_full,G+D,freq
H3N2,south,2015,3C.2,3C.3a,0.944394,False,ha_full,G+D,freq
H3N2,north,2015,3C.2,3C.2,0.891049,True,ha_full,G+D,freq
H3N2,south,2016,3C.2a,3C.2,0.806351,False,ha_full,G+D,freq
H3N2,north,2016,3C.2a1,3C.2,0.925416,False,ha_full,G+D,freq
H3N2,south,2017,3C.2a1,3C.2a,0.45555,False,ha_full,G+D,freq
H3N2,north,2017,3C.2a2,3C.2a,0.548745,False,ha_full,G+D,freq
H3N2,south,2018,3C.2a2,3C.2a1,0.45046,False,ha_full,G+D,freq
H3N2,north,2018,3C.2a1b.1,3C.2a2,0.739731,False,ha_full,G+D,freq
H3N2,south,2019,3C.3a1,3C.2a2,0.870162,False,ha_full,G+D,freq
H3N2,north,2019,3C.3a1,3C.2a1b.1,0.535818,False,ha_full,G+D,freq
H3N2,south,2020,3C.3a1,3C.3a1,0.582119,True,ha_full,G+D,freq
H3N2,north,2020,3C.2a1b.2a.2,3C.2a1b.2b,0.37201,False,ha_full,G+D,freq
H3N2,south,2021,3C.2a1b.2a.2c,3C.3a1,0.584341,False,ha_full,G+D,freq
H3N2,north,2021,3C.2a1b.2a.2a.1a,3C.2a1b.2a.1a,1.0,False,ha_full,G+D,freq
H3N2,south,2022,3C.2a1b.2a.2a.1,3C.2a1b.2a.2d,0.573472,False,ha_full,G+D,freq
H3N2,north,2022,3C.2a1b.2a.2b,3C.2a1b.2a.2a.1a,0.508511,False,ha_full,G+D,freq
H3N2,south,2023,3C.2a1b.2a.2a.3a.1,3C.2a1b.2a.2a.1,0.702833,False,ha_full,G+D,freq
H3N2,north,2023,3C.2a1b.2a.2a.3a.1,3C.2a1b.2a.2b,0.589252,False,ha_full,G+D,freq
H3N2,south,2024,3C.2a1b.2a.2a.3a.1,3C.2a1b.2a.2a.3a.1,0.471643,True,ha_full,G+D,freq
H3N2,north,2024,3C.2a1b.2a.2a.3a.1,3C.2a1b.2a.2a.3a.1,1.0,True,ha_full,G+D,freq
Victoria,south,2013,V1A,V1A,0.973424,True,ha_full,G+D,freq
Victoria,north,2013,V1A,V1A,0.972859,True,ha_full,G+D,freq
Victoria,south,2014,V1A,V1A,1.0,True,ha_full,G+D,freq
Victoria,north,2014,V1A,V1A,0.892401,True,ha_full,G+D,freq
Victoria,south,2015,V1A,V1A,1.0,True,ha_full,G+D,freq
Victoria,north,2015,V1A,V1A,0.970942,True,ha_full,G+D,freq
Victoria,south,2016,V1A,V1A,0.986976,True,ha_full,G+D,freq
Victoria,north,2016,V1A,V1A,1.0,True,ha_full,G+D,freq
Victoria,south,2017,V1A,V1A,1.0,True,ha_full,G+D,freq
Victoria,north,2017,V1A,V1A,0.990961,True,ha_full,G+D,freq
Victoria,south,2018,V1A.1,V1A,0.844233,False,ha_full,G+D,freq
Victoria,north,2018,V1A.1,V1A,0.712568,False,ha_full,G+D,freq
Victoria,south,2019,V1A.3,V1A.1,1.0,False,ha_full,G+D,freq
Victoria,north,2019,V1A.3,V1A.3,0.74245,True,ha_full,G+D,freq
Victoria,south,2020,V1A.3,V1A.3,0.84672,True,ha_full,G+D,freq
Victoria,north,2020,V1A.3a.1,V1A.3,0.99788,False,ha_full,G+D,freq
Victoria,south,2021,V1A.3a.2,V1A.3,0.999727,False,ha_full,G+D,freq
Victoria,north,2021,V1A.3a.2,V1A.3a.2,0.959965,True,ha_full,G+D,freq
Victoria,south,2022,V1A.3a.2,V1A.3a.1,0.500696,False,ha_full,G+D,freq
Victoria,north,2022,V1A.3a.2,V1A.3a.2,0.945479,True,ha_full,G+D,freq
Victoria,south,2023,V1A.3a.2,V1A.3a.2,1.0,True,ha_full,G+D,freq
Victoria,north,2023,V1A.3a.2,V1A.3a.2,1.0,True,ha_full,G+D,freq
Victoria,south,2024,V1A.3a.2,V1A.3a.2,1.0,True,ha_full,G+D,freq
Victoria,north,2024,V1A.3a.2,V1A.3a.2,1.0,True,ha_full,G+D,freq
H1N1,south,2013,6B.1,6B.1,-2.079442,True,ha_full,E+G+D,fit
H1N1,north,2013,6B.1,6B.1,-2.079442,True,ha_full,E+G+D,fit
H1N1,south,2014,6B.1,6B.1,-2.079442,True,ha_full,E+G+D,fit
H1N1,north,2014,6B.1,6B.1,-2.079442,True,ha_full,E+G+D,fit
H1N1,south,2015,6B.1,6B.1,-2.079442,True,ha_full,E+G+D,fit
H1N1,north,2015,6B.1,6B.1,-0.694845,True,ha_full,E+G+D,fit
H1N1,south,2016,6B.1,6B.1,-7.765913,True,ha_full,E+G+D,fit
H1N1,north,2016,6B.1,6B.1,-1.388393,True,ha_full,E+G+D,fit
H1N1,south,2017,6B.1,6B.1,-0.998274,True,ha_full,E+G+D,fit
H1N1,north,2017,6B.1A,6B.1,-2.079442,False,ha_full,E+G+D,fit
H1N1,south,2018,6B.1A,6B.1,-0.860066,False,ha_full,E+G+D,fit
H1N1,north,2018,6B.1A.5a,6B.1A,-0.802379,False,ha_full,E+G+D,fit
H1N1,south,2019,6B.1A.5a,6B.1A,-0.829253,False,ha_full,E+G+D,fit
H1N1,north,2019,6B.1A.5a.1,6B.1A.5a,-1.438168,False,ha_full,E+G+D,fit
H1N1,south,2020,6B.1A.5a.2,6B.1A.5a,-1.987686,False,ha_full,E+G+D,fit
H1N1,north,2020,6B.1A.5a.1,6B.1A.5b,-1.958144,False,ha_full,E+G+D,fit
H1N1,south,2021,6B.1A.5a.1,6B.1A.5a.2,-1.29601,False,ha_full,E+G+D,fit
H1N1,north,2021,6B.1A.5a.1,6B.1A.5a.1,-2.079442,True,ha_full,E+G+D,fit
H1N1,south,2022,6B.1A.5a.2a,6B.1A.5a.1,-1.425778,False,ha_full,E+G+D,fit
H1N1,north,2022,6B.1A.5a.2a,6B.1A.5a.2a,-1.410573,True,ha_full,E+G+D,fit
H1N1,south,2023,6B.1A.5a.2a,6B.1A.5a.1,-1.572141,False,ha_full,E+G+D,fit
H1N1,north,2023,6B.1A.5a.2a,6B.1A.5a.2a,-1.401834,True,ha_full,E+G+D,fit
H1N1,south,2024,6B.1A.5a.2a,6B.1A.5a.2a.1,-1.548737,False,ha_full,E+G+D,fit
H1N1,north,2024,6B.1A.5a.2a,6B.1A.5a.2a,-1.528674,True,ha_full,E+G+D,fit
H3N2,south,2013,3C.3a,3C.3a,-1.909607,True,ha_full,E+G+D,fit
H3N2,north,2013,3C.3a,3C.3a,-1.202501,True,ha_full,E+G+D,fit
H3N2,south,2014,3C.3a,3C.2,-2.079442,False,ha_full,E+G+D,fit
H3N2,north,2014,3C.2,3C.3a,-2.079442,False,ha_full,E+G+D,fit
H3N2,south,2015,3C.2,3C.3a,-1.660483,False,ha_full,E+G+D,fit
H3N2,north,2015,3C.2,3C.2,-1.801904,True,ha_full,E+G+D,fit
H3N2,south,2016,3C.2a,3C.3a,-1.579888,False,ha_full,E+G+D,fit
H3N2,north,2016,3C.2a1,3C.2,-1.566202,False,ha_full,E+G+D,fit
H3N2,south,2017,3C.2a1,3C.3a,-1.377723,False,ha_full,E+G+D,fit
H3N2,north,2017,3C.2a2,3C.3a,-1.448759,False,ha_full,E+G+D,fit
H3N2,south,2018,3C.2a2,3C.2,-1.407913,False,ha_full,E+G+D,fit
H3N2,north,2018,3C.2a1b.1,3C.2,-1.510642,False,ha_full,E+G+D,fit
H3N2,south,2019,3C.3a1,3C.2a2,-1.267393,False,ha_full,E+G+D,fit
H3N2,north,2019,3C.3a1,3C.3a1,-1.343419,True,ha_full,E+G+D,fit
H3N2,south,2020,3C.3a1,3C.2a1b.2b,-1.364786,False,ha_full,E+G+D,fit
H3N2,north,2020,3C.2a1b.2a.2,3C.3a1,-1.358952,False,ha_full,E+G+D,fit
H3N2,south,2021,3C.2a1b.2a.2c,3C.3a1,-1.315156,False,ha_full,E+G+D,fit
H3N2,north,2021,3C.2a1b.2a.2a.1a,3C.2a1b.2a.1a,-2.079442,False,ha_full,E+G+D,fit
H3N2,south,2022,3C.2a1b.2a.2a.1,3C.2a1b.2a.2d,-1.362505,False,ha_full,E+G+D,fit
H3N2,north,2022,3C.2a1b.2a.2b,3C.2a1b.2a.2a.3,-1.312329,False,ha_full,E+G+D,fit
H3N2,south,2023,3C.2a1b.2a.2a.3a.1,3C.2a1b.2a.2a.3a.1,-1.421336,True,ha_full,E+G+D,fit
H3N2,north,2023,3C.2a1b.2a.2a.3a.1,3C.2a1b.2a.1a,-1.481102,False,ha_full,E+G+D,fit
H3N2,south,2024,3C.2a1b.2a.2a.3a.1,3C.2a1b.2a.2a.3a.1,-1.318377,True,ha_full,E+G+D,fit
H3N2,north,2024,3C.2a1b.2a.2a.3a.1,3C.2a1b.2a.2a.3a.1,-2.079442,True,ha_full,E+G+D,fit
Victoria,south,2013,V1A,V1A,-1.202501,True,ha_full,E+G+D,fit
Victoria,north,2013,V1A,V1A,-1.909607,True,ha_full,E+G+D,fit
Victoria,south,2014,V1A,V1A,-2.079442,True,ha_full,E+G+D,fit
Victoria,north,2014,V1A,V1B,-2.332812,False,ha_full,E+G+D,fit
Victoria,south,2015,V1A,V1A,-2.079442,True,ha_full,E+G+D,fit
Victoria,north,2015,V1A,V1A,-1.718915,True,ha_full,E+G+D,fit
Victoria,south,2016,V1A,V1A,-1.718915,True,ha_full,E+G+D,fit
Victoria,north,2016,V1A,V1A,-2.079442,True,ha_full,E+G+D,fit
Victoria,south,2017,V1A,V1A,-2.079442,True,ha_full,E+G+D,fit
Victoria,north,2017,V1A,V1A,-1.470782,True,ha_full,E+G+D,fit
Victoria,south,2018,V1A.1,V1A.1,-1.234842,True,ha_full,E+G+D,fit
Victoria,north,2018,V1A.1,V1A.1,-0.701752,True,ha_full,E+G+D,fit
Victoria,south,2019,V1A.3,V1A.1,-2.079442,False,ha_full,E+G+D,fit
Victoria,north,2019,V1A.3,V1A.3,-0.784705,True,ha_full,E+G+D,fit
Victoria,south,2020,V1A.3,V1A.3,-1.23729,True,ha_full,E+G+D,fit
Victoria,north,2020,V1A.3a.1,V1A.3,-2.674279,False,ha_full,E+G+D,fit
Victoria,south,2021,V1A.3a.2,V1A.3,-0.906512,False,ha_full,E+G+D,fit
Victoria,north,2021,V1A.3a.2,V1A.3a.2,-0.977223,True,ha_full,E+G+D,fit
Victoria,south,2022,V1A.3a.2,V1A.3a.2,-0.787645,True,ha_full,E+G+D,fit
Victoria,north,2022,V1A.3a.2,V1A.3a.2,-2.99899,True,ha_full,E+G+D,fit
Victoria,south,2023,V1A.3a.2,V1A.3a.2,-2.079442,True,ha_full,E+G+D,fit
Victoria,north,2023,V1A.3a.2,V1A.3a.2,-2.079442,True,ha_full,E+G+D,fit
Victoria,south,2024,V1A.3a.2,V1A.3a.2,-2.079442,True,ha_full,E+G+D,fit
Victoria,north,2024,V1A.3a.2,V1A.3a.2,-2.079442,True,ha_full,E+G+D,fit
H1N1,south,2013,6B.1,6B.1,1.0,True,ha_full,E+G+D,freq
H1N1,north,2013,6B.1,6B.1,1.0,True,ha_full,E+G+D,freq
H1N1,south,2014,6B.1,6B.1,1.0,True,ha_full,E+G+D,freq
H1N1,north,2014,6B.1,6B.1,1.0,True,ha_full,E+G+D,freq
H1N1,south,2015,6B.1,6B.1,1.0,True,ha_full,E+G+D,freq
H1N1,north,2015,6B.1,6B.1,1.0,True,ha_full,E+G+D,freq
H1N1,south,2016,6B.1,6B.1,0.867735,True,ha_full,E+G+D,freq
H1N1,north,2016,6B.1,6B.1,0.999832,True,ha_full,E+G+D,freq
H1N1,south,2017,6B.1,6B.1,0.999989,True,ha_full,E+G+D,freq
H1N1,north,2017,6B.1A,6B.1,1.0,False,ha_full,E+G+D,freq
H1N1,south,2018,6B.1A,6B.1,0.988562,False,ha_full,E+G+D,freq
H1N1,north,2018,6B.1A.5a,6B.1A,0.936271,False,ha_full,E+G+D,freq
H1N1,south,2019,6B.1A.5a,6B.1A,0.571291,False,ha_full,E+G+D,freq
H1N1,north,2019,6B.1A.5a.1,6B.1A.5a,0.422858,False,ha_full,E+G+D,freq
H1N1,south,2020,6B.1A.5a.2,6B.1A.5a,0.531128,False,ha_full,E+G+D,freq
H1N1,north,2020,6B.1A.5a.1,6B.1A.5a.1,0.515816,True,ha_full,E+G+D,freq
H1N1,south,2021,6B.1A.5a.1,6B.1A.5a.2,0.588251,False,ha_full,E+G+D,freq
H1N1,north,2021,6B.1A.5a.1,6B.1A.5a.1,1.0,True,ha_full,E+G+D,freq
H1N1,south,2022,6B.1A.5a.2a,6B.1A.5a.1,0.98388,False,ha_full,E+G+D,freq
H1N1,north,2022,6B.1A.5a.2a,6B.1A.5a.2a,0.77928,True,ha_full,E+G+D,freq
H1N1,south,2023,6B.1A.5a.2a,6B.1A.5a.1,0.574391,False,ha_full,E+G+D,freq
H1N1,north,2023,6B.1A.5a.2a,6B.1A.5a.2a,0.906101,True,ha_full,E+G+D,freq
H1N1,south,2024,6B.1A.5a.2a,6B.1A.5a.2a.1,0.781107,False,ha_full,E+G+D,freq
H1N1,north,2024,6B.1A.5a.2a,6B.1A.5a.2a,0.686758,True,ha_full,E+G+D,freq
H3N2,south,2013,3C.3a,3C.2,0.636546,False,ha_full,E+G+D,freq
H3N2,north,2013,3C.3a,3C.3a,0.816485,True,ha_full,E+G+D,freq
H3N2,south,2014,3C.3a,3C.2,1.0,False,ha_full,E+G+D,freq
H3N2,north,2014,3C.2,3C.3a,1.0,False,ha_full,E+G+D,freq
H3N2,south,2015,3C.2,3C.3a,0.895549,False,ha_full,E+G+D,freq
H3N2,north,2015,3C.2,3C.2,0.832929,True,ha_full,E+G+D,freq
H3N2,south,2016,3C.2a,3C.3a,0.623935,False,ha_full,E+G+D,freq
H3N2,north,2016,3C.2a1,3C.2,0.923773,False,ha_full,E+G+D,freq
H3N2,south,2017,3C.2a1,3C.3a,0.689116,False,ha_full,E+G+D,freq
H3N2,north,2017,3C.2a2,3C.3a,0.297276,False,ha_full,E+G+D,freq
H3N2,south,2018,3C.2a2,3C.2a1,0.493883,False,ha_full,E+G+D,freq
H3N2,north,2018,3C.2a1b.1,3C.2a1b.1,0.432752,True,ha_full,E+G+D,freq
H3N2,south,2019,3C.3a1,3C.2a2,0.82085,False,ha_full,E+G+D,freq
H3N2,north,2019,3C.3a1,3C.2a1b.1,0.471936,False,ha_full,E+G+D,freq
H3N2,south,2020,3C.3a1,3C.3a1,0.386847,True,ha_full,E+G+D,freq
H3N2,north,2020,3C.2a1b.2a.2,3C.3a1,0.428271,False,ha_full,E+G+D,freq
H3N2,south,2021,3C.2a1b.2a.2c,3C.3a1,0.60797,False,ha_full,E+G+D,freq
H3N2,north,2021,3C.2a1b.2a.2a.1a,3C.2a1b.2a.1a,1.0,False,ha_full,E+G+D,freq
H3N2,south,2022,3C.2a1b.2a.2a.1,3C.2a1b.2a.2d,0.553512,False,ha_full,E+G+D,freq
H3N2,north,2022,3C.2a1b.2a.2b,3C.2a1b.2a.2a.3,0.452623,False,ha_full,E+G+D,freq
H3N2,south,2023,3C.2a1b.2a.2a.3a.1,3C.2a1b.2a.2a.3,0.271331,False,ha_full,E+G+D,freq
H3N2,north,2023,3C.2a1b.2a.2a.3a.1,3C.2a1b.2a.2b,0.784867,False,ha_full,E+G+D,freq
H3N2,south,2024,3C.2a1b.2a.2a.3a.1,3C.2a1b.2a.2a.3a.1,0.609535,True,ha_full,E+G+D,freq
H3N2,north,2024,3C.2a1b.2a.2a.3a.1,3C.2a1b.2a.2a.3a.1,1.0,True,ha_full,E+G+D,freq
Victoria,south,2013,V1A,V1A,0.986717,True,ha_full,E+G+D,freq
Victoria,north,2013,V1A,V1A,0.946448,True,ha_full,E+G+D,freq
Victoria,south,2014,V1A,V1A,1.0,True,ha_full,E+G+D,freq
Victoria,north,2014,V1A,V1A,0.85782,True,ha_full,E+G+D,freq
Victoria,south,2015,V1A,V1A,1.0,True,ha_full,E+G+D,freq
Victoria,north,2015,V1A,V1A,0.984943,True,ha_full,E+G+D,freq
Victoria,south,2016,V1A,V1A,0.993304,True,ha_full,E+G+D,freq
Victoria,north,2016,V1A,V1A,1.0,True,ha_full,E+G+D,freq
Victoria,south,2017,V1A,V1A,1.0,True,ha_full,E+G+D,freq
Victoria,north,2017,V1A,V1A,0.988021,True,ha_full,E+G+D,freq
Victoria,south,2018,V1A.1,V1A,0.660206,False,ha_full,E+G+D,freq
Victoria,north,2018,V1A.1,V1A.1,0.99997,True,ha_full,E+G+D,freq
Victoria,south,2019,V1A.3,V1A.1,1.0,False,ha_full,E+G+D,freq
Victoria,north,2019,V1A.3,V1A.3,0.933287,True,ha_full,E+G+D,freq
Victoria,south,2020,V1A.3,V1A.3,0.937007,True,ha_full,E+G+D,freq
Victoria,north,2020,V1A.3a.1,V1A.3,0.987709,False,ha_full,E+G+D,freq
Victoria,south,2021,V1A.3a.2,V1A.3,0.999848,False,ha_full,E+G+D,freq
Victoria,north,2021,V1A.3a.2,V1A.3a.2,0.977388,True,ha_full,E+G+D,freq
Victoria,south,2022,V1A.3a.2,V1A.3a.2,0.541059,True,ha_full,E+G+D,freq
Victoria,north,2022,V1A.3a.2,V1A.3a.2,0.811101,True,ha_full,E+G+D,freq
Victoria,south,2023,V1A.3a.2,V1A.3a.2,1.0,True,ha_full,E+G+D,freq
Victoria,north,2023,V1A.3a.2,V1A.3a.2,1.0,True,ha_full,E+G+D,freq
Victoria,south,2024,V1A.3a.2,V1A.3a.2,1.0,True,ha_full,E+G+D,freq
Victoria,north,2024,V1A.3a.2,V1A.3a.2,1.0,True,ha_full,E+G+D,freq
H1N1,south,2013,6B.1,6B.1,-0.693147,True,ha_full_na_full,E,fit
H1N1,north,2013,6B.1,6B.1,-0.693147,True,ha_full_na_full,E,fit
H1N1,south,2014,6B.1,6B.1,-0.693147,True,ha_full_na_full,E,fit
H1N1,north,2014,6B.1,6B.1,-0.000849,True,ha_full_na_full,E,fit
H1N1,south,2015,6B.1,6B.1,-0.000849,True,ha_full_na_full,E,fit
H1N1,north,2015,6B.1,6B.1,-0.658417,True,ha_full_na_full,E,fit
H1N1,south,2016,6B.1,6B.2,-0.658417,False,ha_full_na_full,E,fit
H1N1,north,2016,6B.1,6B.2,-0.658417,False,ha_full_na_full,E,fit
H1N1,south,2017,6B.1,6B.1,-0.658417,True,ha_full_na_full,E,fit
H1N1,north,2017,6B.1A,6B.1,-0.658417,False,ha_full_na_full,E,fit
H1N1,south,2018,6B.1A,6B.1,-0.637185,False,ha_full_na_full,E,fit
H1N1,north,2018,6B.1A.5a,6B.1A.1,-0.631186,False,ha_full_na_full,E,fit
H1N1,south,2019,6B.1A.5a,6B.1A.1,-0.643973,False,ha_full_na_full,E,fit
H1N1,north,2019,6B.1A.5a.1,6B.1A.5b,-0.638525,False,ha_full_na_full,E,fit
H1N1,south,2020,6B.1A.5a.2,6B.1A.7,-0.615536,False,ha_full_na_full,E,fit
H1N1,north,2020,6B.1A.5a.1,6B.1A.5b,-0.610098,False,ha_full_na_full,E,fit
H1N1,south,2021,6B.1A.5a.1,6B.1A.5a.2,-0.605789,False,ha_full_na_full,E,fit
H1N1,north,2021,6B.1A.5a.1,6B.1A.5a.1,-0.693147,True,ha_full_na_full,E,fit
H1N1,south,2022,6B.1A.5a.2a,6B.1A.5a.2a,-0.646755,True,ha_full_na_full,E,fit
H1N1,north,2022,6B.1A.5a.2a,6B.1A.5a.2a,-0.661755,True,ha_full_na_full,E,fit
H1N1,south,2023,6B.1A.5a.2a,6B.1A.5a.2a.1,-0.642354,False,ha_full_na_full,E,fit
H1N1,north,2023,6B.1A.5a.2a,6B.1A.5a.2a,-0.637173,True,ha_full_na_full,E,fit
H1N1,south,2024,6B.1A.5a.2a,6B.1A.5a.2a,-0.658417,True,ha_full_na_full,E,fit
H1N1,north,2024,6B.1A.5a.2a,6B.1A.5a.2a.1,-0.655185,False,ha_full_na_full,E,fit
H3N2,south,2013,3C.3a,3C.3a,-0.400834,True,ha_full_na_full,E,fit
H3N2,north,2013,3C.3a,3C.3a,-0.400834,True,ha_full_na_full,E,fit
H3N2,south,2014,3C.3a,3C.2,-0.693147,False,ha_full_na_full,E,fit
H3N2,north,2014,3C.2,3C.3a,-0.157614,False,ha_full_na_full,E,fit
H3N2,south,2015,3C.2,3C.2,-0.157614,True,ha_full_na_full,E,fit
H3N2,north,2015,3C.2,3C.3a,-0.157614,False,ha_full_na_full,E,fit
H3N2,south,2016,3C.2a,3C.3a,-0.157614,False,ha_full_na_full,E,fit
H3N2,north,2016,3C.2a1,3C.2,-0.207963,False,ha_full_na_full,E,fit
H3N2,south,2017,3C.2a1,3C.3a,-0.033966,False,ha_full_na_full,E,fit
H3N2,north,2017,3C.2a2,3C.3a,-0.026788,False,ha_full_na_full,E,fit
H3N2,south,2018,3C.2a2,3C.2,-0.02136,False,ha_full_na_full,E,fit
H3N2,north,2018,3C.2a1b.1,3C.2,-0.009981,False,ha_full_na_full,E,fit
H3N2,south,2019,3C.3a1,3C.3a1,-0.019668,True,ha_full_na_full,E,fit
H3N2,north,2019,3C.3a1,3C.3a1,-0.0179,True,ha_full_na_full,E,fit
H3N2,south,2020,3C.3a1,3C.2a1b.2b,-0.046004,False,ha_full_na_full,E,fit
H3N2,north,2020,3C.2a1b.2a.2,3C.3a1,-0.009541,False,ha_full_na_full,E,fit
H3N2,south,2021,3C.2a1b.2a.2c,3C.3a1,-0.01122,False,ha_full_na_full,E,fit
H3N2,north,2021,3C.2a1b.2a.2a.1a,3C.2a1b.2a.1a,-0.693147,False,ha_full_na_full,E,fit
H3N2,south,2022,3C.2a1b.2a.2a.1,3C.2a1b.2a.1,-0.693147,False,ha_full_na_full,E,fit
H3N2,north,2022,3C.2a1b.2a.2b,3C.2a1b.2a.2a.3,-0.010672,False,ha_full_na_full,E,fit
H3N2,south,2023,3C.2a1b.2a.2a.3a.1,3C.2a1b.2a.2a.3a.1,-0.010052,True,ha_full_na_full,E,fit
H3N2,north,2023,3C.2a1b.2a.2a.3a.1,3C.2a1b.2a.1a,-0.007698,False,ha_full_na_full,E,fit
H3N2,south,2024,3C.2a1b.2a.2a.3a.1,3C.2a1b.2a.2a.3a.1,-0.03825,True,ha_full_na_full,E,fit
H3N2,north,2024,3C.2a1b.2a.2a.3a.1,3C.2a1b.2a.2a.3a.1,-0.080634,True,ha_full_na_full,E,fit
Victoria,south,2013,V1A,V1A,-0.400834,True,ha_full_na_full,E,fit
Victoria,north,2013,V1A,V1B,-0.400834,False,ha_full_na_full,E,fit
Victoria,south,2014,V1A,V1A,-0.693147,True,ha_full_na_full,E,fit
Victoria,north,2014,V1A,V1A,-0.582224,True,ha_full_na_full,E,fit
Victoria,south,2015,V1A,V1A,-0.693147,True,ha_full_na_full,E,fit
Victoria,north,2015,V1A,V1A,-0.531915,True,ha_full_na_full,E,fit
Victoria,south,2016,V1A,V1A,-0.531915,True,ha_full_na_full,E,fit
Victoria,north,2016,V1A,V1A,-0.693147,True,ha_full_na_full,E,fit
Victoria,south,2017,V1A,V1A,-0.693147,True,ha_full_na_full,E,fit
Victoria,north,2017,V1A,V1A.1,-0.274405,False,ha_full_na_full,E,fit
Victoria,south,2018,V1A.1,V1A.1,-0.315461,True,ha_full_na_full,E,fit
Victoria,north,2018,V1A.1,V1A.2,-0.355585,False,ha_full_na_full,E,fit
Victoria,south,2019,V1A.3,V1A,-0.028931,False,ha_full_na_full,E,fit
Victoria,north,2019,V1A.3,V1A.3,-0.154448,True,ha_full_na_full,E,fit
Victoria,south,2020,V1A.3,V1A.3a,-0.126306,False,ha_full_na_full,E,fit
Victoria,north,2020,V1A.3a.1,V1A.3a,-0.273952,False,ha_full_na_full,E,fit
Victoria,south,2021,V1A.3a.2,V1A.3,-0.088314,False,ha_full_na_full,E,fit
Victoria,north,2021,V1A.3a.2,V1A.3a.2,-0.096114,True,ha_full_na_full,E,fit
Victoria,south,2022,V1A.3a.2,V1A.3a.2,-0.057424,True,ha_full_na_full,E,fit
Victoria,north,2022,V1A.3a.2,V1A.3,-0.054272,False,ha_full_na_full,E,fit
Victoria,south,2023,V1A.3a.2,V1A.3,-0.050706,False,ha_full_na_full,E,fit
Victoria,north,2023,V1A.3a.2,V1A.3a.2,-0.693147,True,ha_full_na_full,E,fit
Victoria,south,2024,V1A.3a.2,V1A.3a.2,-0.217622,True,ha_full_na_full,E,fit
Victoria,north,2024,V1A.3a.2,V1A.3a.2,-0.693147,True,ha_full_na_full,E,fit
H1N1,south,2013,6B.1,6B.1,1.0,True,ha_full_na_full,E,freq
H1N1,north,2013,6B.1,6B.1,1.0,True,ha_full_na_full,E,freq
H1N1,south,2014,6B.1,6B.1,1.0,True,ha_full_na_full,E,freq
H1N1,north,2014,6B.1,6B.1,0.999995,True,ha_full_na_full,E,freq
H1N1,south,2015,6B.1,6B.1,0.999991,True,ha_full_na_full,E,freq
H1N1,north,2015,6B.1,6B.1,0.877913,True,ha_full_na_full,E,freq
H1N1,south,2016,6B.1,6B.1,0.859407,True,ha_full_na_full,E,freq
H1N1,north,2016,6B.1,6B.1,0.824995,True,ha_full_na_full,E,freq
H1N1,south,2017,6B.1,6B.1,0.963493,True,ha_full_na_full,E,freq
H1N1,north,2017,6B.1A,6B.1,0.984505,False,ha_full_na_full,E,freq
H1N1,south,2018,6B.1A,6B.1,0.912859,False,ha_full_na_full,E,freq
H1N1,north,2018,6B.1A.5a,6B.1A,0.738781,False,ha_full_na_full,E,freq
H1N1,south,2019,6B.1A.5a,6B.1A,0.476879,False,ha_full_na_full,E,freq
H1N1,north,2019,6B.1A.5a.1,6B.1A.5a,0.280386,False,ha_full_na_full,E,freq
H1N1,south,2020,6B.1A.5a.2,6B.1A.5a,0.494496,False,ha_full_na_full,E,freq
H1N1,north,2020,6B.1A.5a.1,6B.1A.5a.1,0.493469,True,ha_full_na_full,E,freq
H1N1,south,2021,6B.1A.5a.1,6B.1A.5a.2,0.449984,False,ha_full_na_full,E,freq
H1N1,north,2021,6B.1A.5a.1,6B.1A.5a.1,1.0,True,ha_full_na_full,E,freq
H1N1,south,2022,6B.1A.5a.2a,6B.1A.5a.1,0.952331,False,ha_full_na_full,E,freq
H1N1,north,2022,6B.1A.5a.2a,6B.1A.5a.2a,0.527643,True,ha_full_na_full,E,freq
H1N1,south,2023,6B.1A.5a.2a,6B.1A.5a.1,0.501162,False,ha_full_na_full,E,freq
H1N1,north,2023,6B.1A.5a.2a,6B.1A.5a.2a.1,0.542903,False,ha_full_na_full,E,freq
H1N1,south,2024,6B.1A.5a.2a,6B.1A.5a.2a,0.733838,True,ha_full_na_full,E,freq
H1N1,north,2024,6B.1A.5a.2a,6B.1A.5a.2a,0.540539,True,ha_full_na_full,E,freq
H3N2,south,2013,3C.3a,3C.2,0.636546,False,ha_full_na_full,E,freq
H3N2,north,2013,3C.3a,3C.3a,0.519614,True,ha_full_na_full,E,freq
H3N2,south,2014,3C.3a,3C.2,1.0,False,ha_full_na_full,E,freq
H3N2,north,2014,3C.2,3C.3a,0.948969,False,ha_full_na_full,E,freq
H3N2,south,2015,3C.2,3C.2,0.718893,True,ha_full_na_full,E,freq
H3N2,north,2015,3C.2,3C.3a,0.768227,False,ha_full_na_full,E,freq
H3N2,south,2016,3C.2a,3C.3a,0.640376,False,ha_full_na_full,E,freq
H3N2,north,2016,3C.2a1,3C.2,0.725732,False,ha_full_na_full,E,freq
H3N2,south,2017,3C.2a1,3C.3a,0.686512,False,ha_full_na_full,E,freq
H3N2,north,2017,3C.2a2,3C.3a,0.302836,False,ha_full_na_full,E,freq
H3N2,south,2018,3C.2a2,3C.2a1,0.567478,False,ha_full_na_full,E,freq
H3N2,north,2018,3C.2a1b.1,3C.2a1b.1,0.422883,True,ha_full_na_full,E,freq
H3N2,south,2019,3C.3a1,3C.2a2,0.613001,False,ha_full_na_full,E,freq
H3N2,north,2019,3C.3a1,3C.2a1b.1,0.484174,False,ha_full_na_full,E,freq
H3N2,south,2020,3C.3a1,3C.3a1,0.368947,True,ha_full_na_full,E,freq
H3N2,north,2020,3C.2a1b.2a.2,3C.3a1,0.429975,False,ha_full_na_full,E,freq
H3N2,south,2021,3C.2a1b.2a.2c,3C.3a1,0.593872,False,ha_full_na_full,E,freq
H3N2,north,2021,3C.2a1b.2a.2a.1a,3C.2a1b.2a.1a,1.0,False,ha_full_na_full,E,freq
H3N2,south,2022,3C.2a1b.2a.2a.1,3C.2a1b.2a.1,1.0,False,ha_full_na_full,E,freq
H3N2,north,2022,3C.2a1b.2a.2b,3C.2a1b.2a.2a.3,0.475278,False,ha_full_na_full,E,freq
H3N2,south,2023,3C.2a1b.2a.2a.3a.1,3C.2a1b.2a.2a.3,0.258247,False,ha_full_na_full,E,freq
H3N2,north,2023,3C.2a1b.2a.2a.3a.1,3C.2a1b.2a.2b,0.733842,False,ha_full_na_full,E,freq
H3N2,south,2024,3C.2a1b.2a.2a.3a.1,3C.2a1b.2a.2a.3a.1,0.563935,True,ha_full_na_full,E,freq
H3N2,north,2024,3C.2a1b.2a.2a.3a.1,3C.2a1b.2a.2a.3a.1,0.993829,True,ha_full_na_full,E,freq
Victoria,south,2013,V1A,V1A,0.947534,True,ha_full_na_full,E,freq
Victoria,north,2013,V1A,V1A,0.811205,True,ha_full_na_full,E,freq
Victoria,south,2014,V1A,V1A,1.0,True,ha_full_na_full,E,freq
Victoria,north,2014,V1A,V1A,0.901125,True,ha_full_na_full,E,freq
Victoria,south,2015,V1A,V1A,1.0,True,ha_full_na_full,E,freq
Victoria,north,2015,V1A,V1A,0.975535,True,ha_full_na_full,E,freq
Victoria,south,2016,V1A,V1A,0.989063,True,ha_full_na_full,E,freq
Victoria,north,2016,V1A,V1A,1.0,True,ha_full_na_full,E,freq
Victoria,south,2017,V1A,V1A,1.0,True,ha_full_na_full,E,freq
Victoria,north,2017,V1A,V1A,0.96307,True,ha_full_na_full,E,freq
Victoria,south,2018,V1A.1,V1A,0.628178,False,ha_full_na_full,E,freq
Victoria,north,2018,V1A.1,V1A,0.531202,False,ha_full_na_full,E,freq
Victoria,south,2019,V1A.3,V1A,0.51684,False,ha_full_na_full,E,freq
Victoria,north,2019,V1A.3,V1A.3,0.460455,True,ha_full_na_full,E,freq
Victoria,south,2020,V1A.3,V1A.3,0.750936,True,ha_full_na_full,E,freq
Victoria,north,2020,V1A.3a.1,V1A.3,0.786284,False,ha_full_na_full,E,freq
Victoria,south,2021,V1A.3a.2,V1A.3,0.986337,False,ha_full_na_full,E,freq
Victoria,north,2021,V1A.3a.2,V1A.3a.1,0.496906,False,ha_full_na_full,E,freq
Victoria,south,2022,V1A.3a.2,V1A.3a.2,0.535187,True,ha_full_na_full,E,freq
Victoria,north,2022,V1A.3a.2,V1A.3,0.496606,False,ha_full_na_full,E,freq
Victoria,south,2023,V1A.3a.2,V1A.3a.2,0.884356,True,ha_full_na_full,E,freq
Victoria,north,2023,V1A.3a.2,V1A.3a.2,1.0,True,ha_full_na_full,E,freq
Victoria,south,2024,V1A.3a.2,V1A.3a.2,0.999431,True,ha_full_na_full,E,freq
Victoria,north,2024,V1A.3a.2,V1A.3a.2,1.0,True,ha_full_na_full,E,freq
H1N1,south,2013,6B.1,6B.1,-0.693147,True,ha_full_na_full,G,fit
H1N1,north,2013,6B.1,6B.1,-0.693147,True,ha_full_na_full,G,fit
H1N1,south,2014,6B.1,6B.1,-0.693147,True,ha_full_na_full,G,fit
H1N1,north,2014,6B.1,6B.1,-0.000849,True,ha_full_na_full,G,fit
H1N1,south,2015,6B.1,6B.1,-0.000849,True,ha_full_na_full,G,fit
H1N1,north,2015,6B.1,6B.1,-0.658417,True,ha_full_na_full,G,fit
H1N1,south,2016,6B.1,6B.1,-0.658417,True,ha_full_na_full,G,fit
H1N1,north,2016,6B.1,6B.1,-0.658417,True,ha_full_na_full,G,fit
H1N1,south,2017,6B.1,6B.1,-0.658417,True,ha_full_na_full,G,fit
H1N1,north,2017,6B.1A,6B.1,-0.217622,False,ha_full_na_full,G,fit
H1N1,south,2018,6B.1A,6B.1,-0.115344,False,ha_full_na_full,G,fit
H1N1,north,2018,6B.1A.5a,6B.1A,-0.055078,False,ha_full_na_full,G,fit
H1N1,south,2019,6B.1A.5a,6B.1A,-0.114055,False,ha_full_na_full,G,fit
H1N1,north,2019,6B.1A.5a.1,6B.1A.5a,-0.032869,False,ha_full_na_full,G,fit
H1N1,south,2020,6B.1A.5a.2,6B.1A.5a,-0.594568,False,ha_full_na_full,G,fit
H1N1,north,2020,6B.1A.5a.1,6B.1A.5a.1,-0.065942,True,ha_full_na_full,G,fit
H1N1,south,2021,6B.1A.5a.1,6B.1A.5a,-0.13376,False,ha_full_na_full,G,fit
H1N1,north,2021,6B.1A.5a.1,6B.1A.5a.1,-0.693147,True,ha_full_na_full,G,fit
H1N1,south,2022,6B.1A.5a.2a,6B.1A.5a.1,-0.09917,False,ha_full_na_full,G,fit
H1N1,north,2022,6B.1A.5a.2a,6B.1A.5a.2a,-0.219778,True,ha_full_na_full,G,fit
H1N1,south,2023,6B.1A.5a.2a,6B.1A.5a.1,-0.143622,False,ha_full_na_full,G,fit
H1N1,north,2023,6B.1A.5a.2a,6B.1A.5a.2a.1,-0.174375,False,ha_full_na_full,G,fit
H1N1,south,2024,6B.1A.5a.2a,6B.1A.5a.2a.1,-0.268298,False,ha_full_na_full,G,fit
H1N1,north,2024,6B.1A.5a.2a,6B.1A.5a.2a,-0.191061,True,ha_full_na_full,G,fit
H3N2,south,2013,3C.3a,3C.2,-0.400834,False,ha_full_na_full,G,fit
H3N2,north,2013,3C.3a,3C.3a,-0.400834,True,ha_full_na_full,G,fit
H3N2,south,2014,3C.3a,3C.2,-0.693147,False,ha_full_na_full,G,fit
H3N2,north,2014,3C.2,3C.3a,-0.157614,False,ha_full_na_full,G,fit
H3N2,south,2015,3C.2,3C.3a,-0.157614,False,ha_full_na_full,G,fit
H3N2,north,2015,3C.2,3C.2,-0.157614,True,ha_full_na_full,G,fit
H3N2,south,2016,3C.2a,3C.2,-0.658417,False,ha_full_na_full,G,fit
H3N2,north,2016,3C.2a1,3C.2a,-0.177813,False,ha_full_na_full,G,fit
H3N2,south,2017,3C.2a1,3C.2a,-0.656042,False,ha_full_na_full,G,fit
H3N2,north,2017,3C.2a2,3C.2a1,-0.613062,False,ha_full_na_full,G,fit
H3N2,south,2018,3C.2a2,3C.2a1,-0.621446,False,ha_full_na_full,G,fit
H3N2,north,2018,3C.2a1b.1,3C.2a2,-0.636529,False,ha_full_na_full,G,fit
H3N2,south,2019,3C.3a1,3C.2a2,-0.604095,False,ha_full_na_full,G,fit
H3N2,north,2019,3C.3a1,3C.2a1b.2,-0.641089,False,ha_full_na_full,G,fit
H3N2,south,2020,3C.3a1,3C.3a1,-0.600783,True,ha_full_na_full,G,fit
H3N2,north,2020,3C.2a1b.2a.2,3C.2a1b.2b,-0.612443,False,ha_full_na_full,G,fit
H3N2,south,2021,3C.2a1b.2a.2c,3C.2a1b.1a,-0.611679,False,ha_full_na_full,G,fit
H3N2,north,2021,3C.2a1b.2a.2a.1a,3C.2a1b.2a.1a,-0.693147,False,ha_full_na_full,G,fit
H3N2,south,2022,3C.2a1b.2a.2a.1,3C.2a1b.2a.1,-0.693147,False,ha_full_na_full,G,fit
H3N2,north,2022,3C.2a1b.2a.2b,3C.2a1b.2a.2a.1,-0.623224,False,ha_full_na_full,G,fit
H3N2,south,2023,3C.2a1b.2a.2a.3a.1,3C.2a1b.2a.2a.1a,-0.587303,False,ha_full_na_full,G,fit
H3N2,north,2023,3C.2a1b.2a.2a.3a.1,3C.2a1b.2a.2a.1b,-0.6059,False,ha_full_na_full,G,fit
H3N2,south,2024,3C.2a1b.2a.2a.3a.1,3C.2a1b.2a.2a.3a.1,-0.628907,True,ha_full_na_full,G,fit
H3N2,north,2024,3C.2a1b.2a.2a.3a.1,3C.2a1b.2a.2a.3a.1,-0.640068,True,ha_full_na_full,G,fit
Victoria,south,2013,V1A,V1A,-0.400834,True,ha_full_na_full,G,fit
Victoria,north,2013,V1A,V1A,-0.400834,True,ha_full_na_full,G,fit
Victoria,south,2014,V1A,V1A,-0.693147,True,ha_full_na_full,G,fit
Victoria,north,2014,V1A,V1A,-0.658417,True,ha_full_na_full,G,fit
Victoria,south,2015,V1A,V1A,-0.693147,True,ha_full_na_full,G,fit
Victoria,north,2015,V1A,V1A,-0.217622,True,ha_full_na_full,G,fit
Victoria,south,2016,V1A,V1A,-0.217622,True,ha_full_na_full,G,fit
Victoria,north,2016,V1A,V1A,-0.693147,True,ha_full_na_full,G,fit
Victoria,south,2017,V1A,V1A,-0.693147,True,ha_full_na_full,G,fit
Victoria,north,2017,V1A,V1A,-0.098369,True,ha_full_na_full,G,fit
Victoria,south,2018,V1A.1,V1A,-0.26351,False,ha_full_na_full,G,fit
Victoria,north,2018,V1A.1,V1A.1,-0.180025,True,ha_full_na_full,G,fit
Victoria,south,2019,V1A.3,V1A.1,-0.049277,False,ha_full_na_full,G,fit
Victoria,north,2019,V1A.3,V1A,-0.233542,False,ha_full_na_full,G,fit
Victoria,south,2020,V1A.3,V1A.3,-0.04997,True,ha_full_na_full,G,fit
Victoria,north,2020,V1A.3a.1,V1A.3,-0.136233,False,ha_full_na_full,G,fit
Victoria,south,2021,V1A.3a.2,V1A.3,-0.084301,False,ha_full_na_full,G,fit
Victoria,north,2021,V1A.3a.2,V1A.3a.2,-0.208275,True,ha_full_na_full,G,fit
Victoria,south,2022,V1A.3a.2,V1A.3a,-0.257526,False,ha_full_na_full,G,fit
Victoria,north,2022,V1A.3a.2,V1A.3a.2,-0.083915,True,ha_full_na_full,G,fit
Victoria,south,2023,V1A.3a.2,V1A.3a.2,-0.040143,True,ha_full_na_full,G,fit
Victoria,north,2023,V1A.3a.2,V1A.3a.2,-0.693147,True,ha_full_na_full,G,fit
Victoria,south,2024,V1A.3a.2,V1A.3a.2,-0.157614,True,ha_full_na_full,G,fit
Victoria,north,2024,V1A.3a.2,V1A.3a.2,-0.693147,True,ha_full_na_full,G,fit
H1N1,south,2013,6B.1,6B.1,1.0,True,ha_full_na_full,G,freq
H1N1,north,2013,6B.1,6B.1,1.0,True,ha_full_na_full,G,freq
H1N1,south,2014,6B.1,6B.1,1.0,True,ha_full_na_full,G,freq
H1N1,north,2014,6B.1,6B.1,0.999995,True,ha_full_na_full,G,freq
H1N1,south,2015,6B.1,6B.1,0.999991,True,ha_full_na_full,G,freq
H1N1,north,2015,6B.1,6B.1,0.877913,True,ha_full_na_full,G,freq
H1N1,south,2016,6B.1,6B.1,0.875642,True,ha_full_na_full,G,freq
H1N1,north,2016,6B.1,6B.1,0.844485,True,ha_full_na_full,G,freq
H1N1,south,2017,6B.1,6B.1,0.963493,True,ha_full_na_full,G,freq
H1N1,north,2017,6B.1A,6B.1,0.99591,False,ha_full_na_full,G,freq
H1N1,south,2018,6B.1A,6B.1,0.951965,False,ha_full_na_full,G,freq
H1N1,north,2018,6B.1A.5a,6B.1A,0.861432,False,ha_full_na_full,G,freq
H1N1,south,2019,6B.1A.5a,6B.1A,0.594647,False,ha_full_na_full,G,freq
H1N1,north,2019,6B.1A.5a.1,6B.1A.5a,0.427426,False,ha_full_na_full,G,freq
H1N1,south,2020,6B.1A.5a.2,6B.1A.5a,0.531743,False,ha_full_na_full,G,freq
H1N1,north,2020,6B.1A.5a.1,6B.1A.5a.1,0.61998,True,ha_full_na_full,G,freq
H1N1,south,2021,6B.1A.5a.1,6B.1A.5a.1,0.505958,True,ha_full_na_full,G,freq
H1N1,north,2021,6B.1A.5a.1,6B.1A.5a.1,1.0,True,ha_full_na_full,G,freq
H1N1,south,2022,6B.1A.5a.2a,6B.1A.5a.1,0.984005,False,ha_full_na_full,G,freq
H1N1,north,2022,6B.1A.5a.2a,6B.1A.5a.2a,0.56428,True,ha_full_na_full,G,freq
H1N1,south,2023,6B.1A.5a.2a,6B.1A.5a.1,0.626192,False,ha_full_na_full,G,freq
H1N1,north,2023,6B.1A.5a.2a,6B.1A.5a.2a.1,0.629782,False,ha_full_na_full,G,freq
H1N1,south,2024,6B.1A.5a.2a,6B.1A.5a.2a.1,0.558491,False,ha_full_na_full,G,freq
H1N1,north,2024,6B.1A.5a.2a,6B.1A.5a.2a,0.701031,True,ha_full_na_full,G,freq
H3N2,south,2013,3C.3a,3C.2,0.878106,False,ha_full_na_full,G,freq
H3N2,north,2013,3C.3a,3C.3a,0.519614,True,ha_full_na_full,G,freq
H3N2,south,2014,3C.3a,3C.2,1.0,False,ha_full_na_full,G,freq
H3N2,north,2014,3C.2,3C.3a,0.948969,False,ha_full_na_full,G,freq
H3N2,south,2015,3C.2,3C.3a,0.93064,False,ha_full_na_full,G,freq
H3N2,north,2015,3C.2,3C.2,0.911912,True,ha_full_na_full,G,freq
H3N2,south,2016,3C.2a,3C.2,0.779281,False,ha_full_na_full,G,freq
H3N2,north,2016,3C.2a1,3C.2,0.665188,False,ha_full_na_full,G,freq
H3N2,south,2017,3C.2a1,3C.3a,0.371007,False,ha_full_na_full,G,freq
H3N2,north,2017,3C.2a2,3C.2a1,0.343607,False,ha_full_na_full,G,freq
H3N2,south,2018,3C.2a2,3C.2a1,0.441244,False,ha_full_na_full,G,freq
H3N2,north,2018,3C.2a1b.1,3C.2a2,0.54724,False,ha_full_na_full,G,freq
H3N2,south,2019,3C.3a1,3C.2a2,0.715393,False,ha_full_na_full,G,freq
H3N2,north,2019,3C.3a1,3C.2a1b.1,0.399214,False,ha_full_na_full,G,freq
H3N2,south,2020,3C.3a1,3C.3a1,0.55998,True,ha_full_na_full,G,freq
H3N2,north,2020,3C.2a1b.2a.2,3C.2a1b.2b,0.310957,False,ha_full_na_full,G,freq
H3N2,south,2021,3C.2a1b.2a.2c,3C.3a1,0.417619,False,ha_full_na_full,G,freq
H3N2,north,2021,3C.2a1b.2a.2a.1a,3C.2a1b.2a.1a,1.0,False,ha_full_na_full,G,freq
H3N2,south,2022,3C.2a1b.2a.2a.1,3C.2a1b.2a.1,1.0,False,ha_full_na_full,G,freq
H3N2,north,2022,3C.2a1b.2a.2b,3C.2a1b.2a.2a.1a,0.446351,False,ha_full_na_full,G,freq
H3N2,south,2023,3C.2a1b.2a.2a.3a.1,3C.2a1b.2a.2a.1,0.478824,False,ha_full_na_full,G,freq
H3N2,north,2023,3C.2a1b.2a.2a.3a.1,3C.2a1b.2a.2b,0.579619,False,ha_full_na_full,G,freq
H3N2,south,2024,3C.2a1b.2a.2a.3a.1,3C.2a1b.2a.2a.3a.1,0.458362,True,ha_full_na_full,G,freq
H3N2,north,2024,3C.2a1b.2a.2a.3a.1,3C.2a1b.2a.2a.3a.1,0.986414,True,ha_full_na_full,G,freq
Victoria,south,2013,V1A,V1A,0.947534,True,ha_full_na_full,G,freq
Victoria,north,2013,V1A,V1A,0.946448,True,ha_full_na_full,G,freq
Victoria,south,2014,V1A,V1A,1.0,True,ha_full_na_full,G,freq
Victoria,north,2014,V1A,V1A,0.88542,True,ha_full_na_full,G,freq
Victoria,south,2015,V1A,V1A,1.0,True,ha_full_na_full,G,freq
Victoria,north,2015,V1A,V1A,0.991392,True,ha_full_na_full,G,freq
Victoria,south,2016,V1A,V1A,0.996186,True,ha_full_na_full,G,freq
Victoria,north,2016,V1A,V1A,1.0,True,ha_full_na_full,G,freq
Victoria,south,2017,V1A,V1A,1.0,True,ha_full_na_full,G,freq
Victoria,north,2017,V1A,V1A,0.993139,True,ha_full_na_full,G,freq
Victoria,south,2018,V1A.1,V1A,0.827888,False,ha_full_na_full,G,freq
Victoria,north,2018,V1A.1,V1A,0.686809,False,ha_full_na_full,G,freq
Victoria,south,2019,V1A.3,V1A.1,0.899274,False,ha_full_na_full,G,freq
Victoria,north,2019,V1A.3,V1A.3,0.519409,True,ha_full_na_full,G,freq
Victoria,south,2020,V1A.3,V1A.3,0.814954,True,ha_full_na_full,G,freq
Victoria,north,2020,V1A.3a.1,V1A.3,0.989871,False,ha_full_na_full,G,freq
Victoria,south,2021,V1A.3a.2,V1A.3,0.986243,False,ha_full_na_full,G,freq
Victoria,north,2021,V1A.3a.2,V1A.3a.1,0.357532,False,ha_full_na_full,G,freq
Victoria,south,2022,V1A.3a.2,V1A.3a.1,0.496201,False,ha_full_na_full,G,freq
Victoria,north,2022,V1A.3a.2,V1A.3a.2,0.883268,True,ha_full_na_full,G,freq
Victoria,south,2023,V1A.3a.2,V1A.3a.2,0.926896,True,ha_full_na_full,G,freq
Victoria,north,2023,V1A.3a.2,V1A.3a.2,1.0,True,ha_full_na_full,G,freq
Victoria,south,2024,V1A.3a.2,V1A.3a.2,0.9996,True,ha_full_na_full,G,freq
Victoria,north,2024,V1A.3a.2,V1A.3a.2,1.0,True,ha_full_na_full,G,freq
H1N1,south,2013,6B.1,6B.1,-0.693147,True,ha_full_na_full,D,fit
H1N1,north,2013,6B.1,6B.1,-0.693147,True,ha_full_na_full,D,fit
H1N1,south,2014,6B.1,6B.1,-0.693147,True,ha_full_na_full,D,fit
H1N1,north,2014,6B.1,6B.1,-0.000849,True,ha_full_na_full,D,fit
H1N1,south,2015,6B.1,6B.1,-0.000849,True,ha_full_na_full,D,fit
H1N1,north,2015,6B.1,6B.1,-0.658417,True,ha_full_na_full,D,fit
H1N1,south,2016,6B.1,6B.1,-0.658417,True,ha_full_na_full,D,fit
H1N1,north,2016,6B.1,6B.1,-0.658417,True,ha_full_na_full,D,fit
H1N1,south,2017,6B.1,6B.1,-0.658417,True,ha_full_na_full,D,fit
H1N1,north,2017,6B.1A,6B.1,-0.217622,False,ha_full_na_full,D,fit
H1N1,south,2018,6B.1A,6B.1,-0.096549,False,ha_full_na_full,D,fit
H1N1,north,2018,6B.1A.5a,6B.1A,-0.028394,False,ha_full_na_full,D,fit
H1N1,south,2019,6B.1A.5a,6B.1A.1,-0.022083,False,ha_full_na_full,D,fit
H1N1,north,2019,6B.1A.5a.1,6B.1A.1,-0.597965,False,ha_full_na_full,D,fit
H1N1,south,2020,6B.1A.5a.2,6B.1A.5a,-0.575847,False,ha_full_na_full,D,fit
H1N1,north,2020,6B.1A.5a.1,6B.1A.5a.1,-0.087024,True,ha_full_na_full,D,fit
H1N1,south,2021,6B.1A.5a.1,6B.1A.5a.2,-0.097506,False,ha_full_na_full,D,fit
H1N1,north,2021,6B.1A.5a.1,6B.1A.5a.1,-0.693147,True,ha_full_na_full,D,fit
H1N1,south,2022,6B.1A.5a.2a,6B.1A.5a.1,-0.035307,False,ha_full_na_full,D,fit
H1N1,north,2022,6B.1A.5a.2a,6B.1A.1,-0.136233,False,ha_full_na_full,D,fit
H1N1,south,2023,6B.1A.5a.2a,6B.1A.5a.1,-0.062123,False,ha_full_na_full,D,fit
H1N1,north,2023,6B.1A.5a.2a,6B.1A.5a.2a,-0.097092,True,ha_full_na_full,D,fit
H1N1,south,2024,6B.1A.5a.2a,6B.1A.5a.2a,-0.157614,True,ha_full_na_full,D,fit
H1N1,north,2024,6B.1A.5a.2a,6B.1A.5a.2a.1,-0.128374,False,ha_full_na_full,D,fit
H3N2,south,2013,3C.3a,3C.3a,-0.400834,True,ha_full_na_full,D,fit
H3N2,north,2013,3C.3a,3C.2,-0.400834,False,ha_full_na_full,D,fit
H3N2,south,2014,3C.3a,3C.2,-0.693147,False,ha_full_na_full,D,fit
H3N2,north,2014,3C.2,3C.3a,-0.217622,False,ha_full_na_full,D,fit
H3N2,south,2015,3C.2,3C.3a,-0.217622,False,ha_full_na_full,D,fit
H3N2,north,2015,3C.2,3C.2,-0.658417,True,ha_full_na_full,D,fit
H3N2,south,2016,3C.2a,3C.2,-0.658417,False,ha_full_na_full,D,fit
H3N2,north,2016,3C.2a1,3C.2,-0.639819,False,ha_full_na_full,D,fit
H3N2,south,2017,3C.2a1,3C.3a,-0.649406,False,ha_full_na_full,D,fit
H3N2,north,2017,3C.2a2,3C.2a3,-0.630071,False,ha_full_na_full,D,fit
H3N2,south,2018,3C.2a2,3C.2a3,-0.611179,False,ha_full_na_full,D,fit
H3N2,north,2018,3C.2a1b.1,3C.2a1b.1,-0.649054,True,ha_full_na_full,D,fit
H3N2,south,2019,3C.3a1,3C.2a2,-0.600531,False,ha_full_na_full,D,fit
H3N2,north,2019,3C.3a1,3C.2a1b.2,-0.641584,False,ha_full_na_full,D,fit
H3N2,south,2020,3C.3a1,3C.2a1b.2,-0.645857,False,ha_full_na_full,D,fit
H3N2,north,2020,3C.2a1b.2a.2,3C.3a1,-0.621867,False,ha_full_na_full,D,fit
H3N2,south,2021,3C.2a1b.2a.2c,3C.3a1,-0.596187,False,ha_full_na_full,D,fit
H3N2,north,2021,3C.2a1b.2a.2a.1a,3C.2a1b.2a.1a,-0.693147,False,ha_full_na_full,D,fit
H3N2,south,2022,3C.2a1b.2a.2a.1,3C.2a1b.2a.1,-0.693147,False,ha_full_na_full,D,fit
H3N2,north,2022,3C.2a1b.2a.2b,3C.2a1b.2a.2a.3,-0.613423,False,ha_full_na_full,D,fit
H3N2,south,2023,3C.2a1b.2a.2a.3a.1,3C.2a1b.2a.2a.1,-0.557774,False,ha_full_na_full,D,fit
H3N2,north,2023,3C.2a1b.2a.2a.3a.1,3C.2a1b.2a.2b,-0.573597,False,ha_full_na_full,D,fit
H3N2,south,2024,3C.2a1b.2a.2a.3a.1,3C.2a1b.2a.2a.3a.1,-0.641987,True,ha_full_na_full,D,fit
H3N2,north,2024,3C.2a1b.2a.2a.3a.1,3C.2a1b.2a.2a.3a.1,-0.637445,True,ha_full_na_full,D,fit
Victoria,south,2013,V1A,V1A,-0.400834,True,ha_full_na_full,D,fit
Victoria,north,2013,V1A,V1A,-0.693147,True,ha_full_na_full,D,fit
Victoria,south,2014,V1A,V1A,-0.693147,True,ha_full_na_full,D,fit
Victoria,north,2014,V1A,V1A,-0.090482,True,ha_full_na_full,D,fit
Victoria,south,2015,V1A,V1A,-0.693147,True,ha_full_na_full,D,fit
Victoria,north,2015,V1A,V1A,-0.217622,True,ha_full_na_full,D,fit
Victoria,south,2016,V1A,V1A,-0.217622,True,ha_full_na_full,D,fit
Victoria,north,2016,V1A,V1A,-0.693147,True,ha_full_na_full,D,fit
Victoria,south,2017,V1A,V1A,-0.693147,True,ha_full_na_full,D,fit
Victoria,north,2017,V1A,V1A,-0.021342,True,ha_full_na_full,D,fit
Victoria,south,2018,V1A.1,V1A,-0.028822,False,ha_full_na_full,D,fit
Victoria,north,2018,V1A.1,V1A,-0.033965,False,ha_full_na_full,D,fit
Victoria,south,2019,V1A.3,V1A.1,-0.050537,False,ha_full_na_full,D,fit
Victoria,north,2019,V1A.3,V1A.1,-0.183058,False,ha_full_na_full,D,fit
Victoria,south,2020,V1A.3,V1A.3,-0.6372,True,ha_full_na_full,D,fit
Victoria,north,2020,V1A.3a.1,V1A.3,-0.094763,False,ha_full_na_full,D,fit
Victoria,south,2021,V1A.3a.2,V1A.3,-0.048831,False,ha_full_na_full,D,fit
Victoria,north,2021,V1A.3a.2,V1A.3,-0.273952,False,ha_full_na_full,D,fit
Victoria,south,2022,V1A.3a.2,V1A.3,-0.064996,False,ha_full_na_full,D,fit
Victoria,north,2022,V1A.3a.2,V1A.3a.1,-0.64543,False,ha_full_na_full,D,fit
Victoria,south,2023,V1A.3a.2,V1A.3a.2,-0.62613,True,ha_full_na_full,D,fit
Victoria,north,2023,V1A.3a.2,V1A.3a.2,-0.693147,True,ha_full_na_full,D,fit
Victoria,south,2024,V1A.3a.2,V1A.3a.2,-0.217622,True,ha_full_na_full,D,fit
Victoria,north,2024,V1A.3a.2,V1A.3a.2,-0.693147,True,ha_full_na_full,D,fit
H1N1,south,2013,6B.1,6B.1,1.0,True,ha_full_na_full,D,freq
H1N1,north,2013,6B.1,6B.1,1.0,True,ha_full_na_full,D,freq
H1N1,south,2014,6B.1,6B.1,1.0,True,ha_full_na_full,D,freq
H1N1,north,2014,6B.1,6B.1,0.999995,True,ha_full_na_full,D,freq
H1N1,south,2015,6B.1,6B.1,0.999991,True,ha_full_na_full,D,freq
H1N1,north,2015,6B.1,6B.1,0.877913,True,ha_full_na_full,D,freq
H1N1,south,2016,6B.1,6B.1,0.875642,True,ha_full_na_full,D,freq
H1N1,north,2016,6B.1,6B.1,0.844485,True,ha_full_na_full,D,freq
H1N1,south,2017,6B.1,6B.1,0.963493,True,ha_full_na_full,D,freq
H1N1,north,2017,6B.1A,6B.1,0.99591,False,ha_full_na_full,D,freq
H1N1,south,2018,6B.1A,6B.1,0.967974,False,ha_full_na_full,D,freq
H1N1,north,2018,6B.1A.5a,6B.1A,0.886584,False,ha_full_na_full,D,freq
H1N1,south,2019,6B.1A.5a,6B.1A.1,0.517371,False,ha_full_na_full,D,freq
H1N1,north,2019,6B.1A.5a.1,6B.1A.5a,0.285003,False,ha_full_na_full,D,freq
H1N1,south,2020,6B.1A.5a.2,6B.1A.5a,0.53758,False,ha_full_na_full,D,freq
H1N1,north,2020,6B.1A.5a.1,6B.1A.5a.1,0.571911,True,ha_full_na_full,D,freq
H1N1,south,2021,6B.1A.5a.1,6B.1A.5a.2,0.495114,False,ha_full_na_full,D,freq
H1N1,north,2021,6B.1A.5a.1,6B.1A.5a.1,1.0,True,ha_full_na_full,D,freq
H1N1,south,2022,6B.1A.5a.2a,6B.1A.5a.1,0.978954,False,ha_full_na_full,D,freq
H1N1,north,2022,6B.1A.5a.2a,6B.1A.5a.2a,0.9496,True,ha_full_na_full,D,freq
H1N1,south,2023,6B.1A.5a.2a,6B.1A.5a.1,0.590133,False,ha_full_na_full,D,freq
H1N1,north,2023,6B.1A.5a.2a,6B.1A.5a.2a,0.541277,True,ha_full_na_full,D,freq
H1N1,south,2024,6B.1A.5a.2a,6B.1A.5a.2a,0.937687,True,ha_full_na_full,D,freq
H1N1,north,2024,6B.1A.5a.2a,6B.1A.5a.2a.1,0.513325,False,ha_full_na_full,D,freq
H3N2,south,2013,3C.3a,3C.2,0.636546,False,ha_full_na_full,D,freq
H3N2,north,2013,3C.3a,3C.2,0.791784,False,ha_full_na_full,D,freq
H3N2,south,2014,3C.3a,3C.2,1.0,False,ha_full_na_full,D,freq
H3N2,north,2014,3C.2,3C.3a,0.928866,False,ha_full_na_full,D,freq
H3N2,south,2015,3C.2,3C.3a,0.904045,False,ha_full_na_full,D,freq
H3N2,north,2015,3C.2,3C.2,0.654787,True,ha_full_na_full,D,freq
H3N2,south,2016,3C.2a,3C.2,0.779281,False,ha_full_na_full,D,freq
H3N2,north,2016,3C.2a1,3C.2,0.688148,False,ha_full_na_full,D,freq
H3N2,south,2017,3C.2a1,3C.3a,0.380242,False,ha_full_na_full,D,freq
H3N2,north,2017,3C.2a2,3C.2a1,0.316023,False,ha_full_na_full,D,freq
H3N2,south,2018,3C.2a2,3C.2a1,0.421077,False,ha_full_na_full,D,freq
H3N2,north,2018,3C.2a1b.1,3C.2a2,0.539318,False,ha_full_na_full,D,freq
H3N2,south,2019,3C.3a1,3C.2a2,0.714963,False,ha_full_na_full,D,freq
H3N2,north,2019,3C.3a1,3C.2a1b.1,0.382613,False,ha_full_na_full,D,freq
H3N2,south,2020,3C.3a1,3C.3a1,0.535666,True,ha_full_na_full,D,freq
H3N2,north,2020,3C.2a1b.2a.2,3C.2a1b.2b,0.2951,False,ha_full_na_full,D,freq
H3N2,south,2021,3C.2a1b.2a.2c,3C.3a1,0.450068,False,ha_full_na_full,D,freq
H3N2,north,2021,3C.2a1b.2a.2a.1a,3C.2a1b.2a.1a,1.0,False,ha_full_na_full,D,freq
H3N2,south,2022,3C.2a1b.2a.2a.1,3C.2a1b.2a.1,1.0,False,ha_full_na_full,D,freq
H3N2,north,2022,3C.2a1b.2a.2b,3C.2a1b.2a.2a.1a,0.437421,False,ha_full_na_full,D,freq
H3N2,south,2023,3C.2a1b.2a.2a.3a.1,3C.2a1b.2a.2a.1,0.505327,False,ha_full_na_full,D,freq
H3N2,north,2023,3C.2a1b.2a.2a.3a.1,3C.2a1b.2a.2b,0.603004,False,ha_full_na_full,D,freq
H3N2,south,2024,3C.2a1b.2a.2a.3a.1,3C.2a1b.2a.2a.3a.1,0.449967,True,ha_full_na_full,D,freq
H3N2,north,2024,3C.2a1b.2a.2a.3a.1,3C.2a1b.2a.2a.3a.1,0.986598,True,ha_full_na_full,D,freq
Victoria,south,2013,V1A,V1A,0.947534,True,ha_full_na_full,D,freq
Victoria,north,2013,V1A,V1A,0.897059,True,ha_full_na_full,D,freq
Victoria,south,2014,V1A,V1A,1.0,True,ha_full_na_full,D,freq
Victoria,north,2014,V1A,V1A,0.987018,True,ha_full_na_full,D,freq
Victoria,south,2015,V1A,V1A,1.0,True,ha_full_na_full,D,freq
Victoria,north,2015,V1A,V1A,0.991392,True,ha_full_na_full,D,freq
Victoria,south,2016,V1A,V1A,0.996186,True,ha_full_na_full,D,freq
Victoria,north,2016,V1A,V1A,1.0,True,ha_full_na_full,D,freq
Victoria,south,2017,V1A,V1A,1.0,True,ha_full_na_full,D,freq
Victoria,north,2017,V1A,V1A,0.996696,True,ha_full_na_full,D,freq
Victoria,south,2018,V1A.1,V1A,0.921222,False,ha_full_na_full,D,freq
Victoria,north,2018,V1A.1,V1A,0.850061,False,ha_full_na_full,D,freq
Victoria,south,2019,V1A.3,V1A.1,0.871399,False,ha_full_na_full,D,freq
Victoria,north,2019,V1A.3,V1A.1,0.467296,False,ha_full_na_full,D,freq
Victoria,south,2020,V1A.3,V1A.3,0.628173,True,ha_full_na_full,D,freq
Victoria,north,2020,V1A.3a.1,V1A.3,0.991395,False,ha_full_na_full,D,freq
Victoria,south,2021,V1A.3a.2,V1A.3,0.990205,False,ha_full_na_full,D,freq
Victoria,north,2021,V1A.3a.2,V1A.3a.1,0.813479,False,ha_full_na_full,D,freq
Victoria,south,2022,V1A.3a.2,V1A.3a.1,0.457227,False,ha_full_na_full,D,freq
Victoria,north,2022,V1A.3a.2,V1A.3a.2,0.700278,True,ha_full_na_full,D,freq
Victoria,south,2023,V1A.3a.2,V1A.3a.2,0.871278,True,ha_full_na_full,D,freq
Victoria,north,2023,V1A.3a.2,V1A.3a.2,1.0,True,ha_full_na_full,D,freq
Victoria,south,2024,V1A.3a.2,V1A.3a.2,0.999431,True,ha_full_na_full,D,freq
Victoria,north,2024,V1A.3a.2,V1A.3a.2,1.0,True,ha_full_na_full,D,freq
H1N1,south,2013,6B.1,6B.1,-1.386294,True,ha_full_na_full,E+G,fit
H1N1,north,2013,6B.1,6B.1,-1.386294,True,ha_full_na_full,E+G,fit
H1N1,south,2014,6B.1,6B.1,-1.386294,True,ha_full_na_full,E+G,fit
H1N1,north,2014,6B.1,6B.1,-0.001698,True,ha_full_na_full,E+G,fit
H1N1,south,2015,6B.1,6B.1,-0.001698,True,ha_full_na_full,E+G,fit
H1N1,north,2015,6B.1,6B.1,-1.316833,True,ha_full_na_full,E+G,fit
H1N1,south,2016,6B.1,6B.1,-1.387544,True,ha_full_na_full,E+G,fit
H1N1,north,2016,6B.1,6B.1,-1.387544,True,ha_full_na_full,E+G,fit
H1N1,south,2017,6B.1,6B.1,-0.926715,True,ha_full_na_full,E+G,fit
H1N1,north,2017,6B.1A,6B.1,-0.876038,False,ha_full_na_full,E+G,fit
H1N1,south,2018,6B.1A,6B.1,-0.752529,False,ha_full_na_full,E+G,fit
H1N1,north,2018,6B.1A.5a,6B.1A,-0.71815,False,ha_full_na_full,E+G,fit
H1N1,south,2019,6B.1A.5a,6B.1A,-0.796472,False,ha_full_na_full,E+G,fit
H1N1,north,2019,6B.1A.5a.1,6B.1A.5a,-0.700109,False,ha_full_na_full,E+G,fit
H1N1,south,2020,6B.1A.5a.2,6B.1A.7,-1.25344,False,ha_full_na_full,E+G,fit
H1N1,north,2020,6B.1A.5a.1,6B.1A.5a.1,-0.70935,True,ha_full_na_full,E+G,fit
H1N1,south,2021,6B.1A.5a.1,6B.1A.5a,-0.815248,False,ha_full_na_full,E+G,fit
H1N1,north,2021,6B.1A.5a.1,6B.1A.5a.1,-1.386294,True,ha_full_na_full,E+G,fit
H1N1,south,2022,6B.1A.5a.2a,6B.1A.5a.1,-0.787692,False,ha_full_na_full,E+G,fit
H1N1,north,2022,6B.1A.5a.2a,6B.1A.5a.2a,-0.881534,True,ha_full_na_full,E+G,fit
H1N1,south,2023,6B.1A.5a.2a,6B.1A.5a.1,-0.841408,False,ha_full_na_full,E+G,fit
H1N1,north,2023,6B.1A.5a.2a,6B.1A.5a.2a.1,-0.893711,False,ha_full_na_full,E+G,fit
H1N1,south,2024,6B.1A.5a.2a,6B.1A.5a.2a.1,-0.997425,False,ha_full_na_full,E+G,fit
H1N1,north,2024,6B.1A.5a.2a,6B.1A.5a.2a,-0.826037,True,ha_full_na_full,E+G,fit
H3N2,south,2013,3C.3a,3C.2,-1.508774,False,ha_full_na_full,E+G,fit
H3N2,north,2013,3C.3a,3C.3a,-0.801667,True,ha_full_na_full,E+G,fit
H3N2,south,2014,3C.3a,3C.2,-1.386294,False,ha_full_na_full,E+G,fit
H3N2,north,2014,3C.2,3C.3a,-0.739838,False,ha_full_na_full,E+G,fit
H3N2,south,2015,3C.2,3C.2,-0.97554,True,ha_full_na_full,E+G,fit
H3N2,north,2015,3C.2,3C.3a,-0.97554,False,ha_full_na_full,E+G,fit
H3N2,south,2016,3C.2a,3C.3a,-0.886741,False,ha_full_na_full,E+G,fit
H3N2,north,2016,3C.2a1,3C.2a,-0.782119,False,ha_full_na_full,E+G,fit
H3N2,south,2017,3C.2a1,3C.3a,-0.712334,False,ha_full_na_full,E+G,fit
H3N2,north,2017,3C.2a2,3C.3a,-0.755254,False,ha_full_na_full,E+G,fit
H3N2,south,2018,3C.2a2,3C.2,-0.74028,False,ha_full_na_full,E+G,fit
H3N2,north,2018,3C.2a1b.1,3C.2,-0.781227,False,ha_full_na_full,E+G,fit
H3N2,south,2019,3C.3a1,3C.3a1,-0.707925,True,ha_full_na_full,E+G,fit
H3N2,north,2019,3C.3a1,3C.3a1,-0.714608,True,ha_full_na_full,E+G,fit
H3N2,south,2020,3C.3a1,3C.2a1b.2b,-0.733857,False,ha_full_na_full,E+G,fit
H3N2,north,2020,3C.2a1b.2a.2,3C.3a1,-0.733557,False,ha_full_na_full,E+G,fit
H3N2,south,2021,3C.2a1b.2a.2c,3C.3a1,-0.7071,False,ha_full_na_full,E+G,fit
H3N2,north,2021,3C.2a1b.2a.2a.1a,3C.2a1b.2a.1a,-1.386294,False,ha_full_na_full,E+G,fit
H3N2,south,2022,3C.2a1b.2a.2a.1,3C.2a1b.2a.1,-1.386294,False,ha_full_na_full,E+G,fit
H3N2,north,2022,3C.2a1b.2a.2b,3C.2a1b.2a.2a.3,-0.687157,False,ha_full_na_full,E+G,fit
H3N2,south,2023,3C.2a1b.2a.2a.3a.1,3C.2a1b.2a.2a.3a.1,-0.714211,True,ha_full_na_full,E+G,fit
H3N2,north,2023,3C.2a1b.2a.2a.3a.1,3C.2a1b.2a.2b,-0.715637,False,ha_full_na_full,E+G,fit
H3N2,south,2024,3C.2a1b.2a.2a.3a.1,3C.2a1b.2a.2a.3a.1,-0.667157,True,ha_full_na_full,E+G,fit
H3N2,north,2024,3C.2a1b.2a.2a.3a.1,3C.2a1b.2a.2a.3a.1,-0.720702,True,ha_full_na_full,E+G,fit
Victoria,south,2013,V1A,V1A,-0.801667,True,ha_full_na_full,E+G,fit
Victoria,north,2013,V1A,V1A,-1.508774,True,ha_full_na_full,E+G,fit
Victoria,south,2014,V1A,V1A,-1.386294,True,ha_full_na_full,E+G,fit
Victoria,north,2014,V1A,V1A,-0.48592,True,ha_full_na_full,E+G,fit
Victoria,south,2015,V1A,V1A,-1.386294,True,ha_full_na_full,E+G,fit
Victoria,north,2015,V1A,V1A,-0.746673,True,ha_full_na_full,E+G,fit
Victoria,south,2016,V1A,V1A,-0.746673,True,ha_full_na_full,E+G,fit
Victoria,north,2016,V1A,V1A,-1.386294,True,ha_full_na_full,E+G,fit
Victoria,south,2017,V1A,V1A,-1.386294,True,ha_full_na_full,E+G,fit
Victoria,north,2017,V1A,V1A.1,-1.139527,False,ha_full_na_full,E+G,fit
Victoria,south,2018,V1A.1,V1A.1,-0.548542,True,ha_full_na_full,E+G,fit
Victoria,north,2018,V1A.1,V1A.1,-0.078809,True,ha_full_na_full,E+G,fit
Victoria,south,2019,V1A.3,V1A.1,-1.172214,False,ha_full_na_full,E+G,fit
Victoria,north,2019,V1A.3,V1A.3,-0.389175,True,ha_full_na_full,E+G,fit
Victoria,south,2020,V1A.3,V1A.3,-0.619997,True,ha_full_na_full,E+G,fit
Victoria,north,2020,V1A.3a.1,V1A.3a,-1.640177,False,ha_full_na_full,E+G,fit
Victoria,south,2021,V1A.3a.2,V1A.3,-0.102321,False,ha_full_na_full,E+G,fit
Victoria,north,2021,V1A.3a.2,V1A.3a.2,-0.214705,True,ha_full_na_full,E+G,fit
Victoria,south,2022,V1A.3a.2,V1A.3a.2,-0.239247,True,ha_full_na_full,E+G,fit
Victoria,north,2022,V1A.3a.2,V1A.3a.2,-1.81577,True,ha_full_na_full,E+G,fit
Victoria,south,2023,V1A.3a.2,V1A.3a.2,-0.348301,True,ha_full_na_full,E+G,fit
Victoria,north,2023,V1A.3a.2,V1A.3a.2,-1.386294,True,ha_full_na_full,E+G,fit
Victoria,south,2024,V1A.3a.2,V1A.3a.2,-0.315227,True,ha_full_na_full,E+G,fit
Victoria,north,2024,V1A.3a.2,V1A.3a.2,-1.386294,True,ha_full_na_full,E+G,fit
H1N1,south,2013,6B.1,6B.1,1.0,True,ha_full_na_full,E+G,freq
H1N1,north,2013,6B.1,6B.1,1.0,True,ha_full_na_full,E+G,freq
H1N1,south,2014,6B.1,6B.1,1.0,True,ha_full_na_full,E+G,freq
H1N1,north,2014,6B.1,6B.1,1.0,True,ha_full_na_full,E+G,freq
H1N1,south,2015,6B.1,6B.1,1.0,True,ha_full_na_full,E+G,freq
H1N1,north,2015,6B.1,6B.1,0.885292,True,ha_full_na_full,E+G,freq
H1N1,south,2016,6B.1,6B.1,0.867735,True,ha_full_na_full,E+G,freq
H1N1,north,2016,6B.1,6B.1,0.834971,True,ha_full_na_full,E+G,freq
H1N1,south,2017,6B.1,6B.1,0.988474,True,ha_full_na_full,E+G,freq
H1N1,north,2017,6B.1A,6B.1,0.996188,False,ha_full_na_full,E+G,freq
H1N1,south,2018,6B.1A,6B.1,0.95558,False,ha_full_na_full,E+G,freq
H1N1,north,2018,6B.1A.5a,6B.1A,0.8588,False,ha_full_na_full,E+G,freq
H1N1,south,2019,6B.1A.5a,6B.1A,0.589207,False,ha_full_na_full,E+G,freq
H1N1,north,2019,6B.1A.5a.1,6B.1A.5a,0.429936,False,ha_full_na_full,E+G,freq
H1N1,south,2020,6B.1A.5a.2,6B.1A.5a,0.516443,False,ha_full_na_full,E+G,freq
H1N1,north,2020,6B.1A.5a.1,6B.1A.5a.1,0.628621,True,ha_full_na_full,E+G,freq
H1N1,south,2021,6B.1A.5a.1,6B.1A.5a.1,0.502107,True,ha_full_na_full,E+G,freq
H1N1,north,2021,6B.1A.5a.1,6B.1A.5a.1,1.0,True,ha_full_na_full,E+G,freq
H1N1,south,2022,6B.1A.5a.2a,6B.1A.5a.1,0.983486,False,ha_full_na_full,E+G,freq
H1N1,north,2022,6B.1A.5a.2a,6B.1A.5a.2a,0.56585,True,ha_full_na_full,E+G,freq
H1N1,south,2023,6B.1A.5a.2a,6B.1A.5a.1,0.635787,False,ha_full_na_full,E+G,freq
H1N1,north,2023,6B.1A.5a.2a,6B.1A.5a.2a.1,0.610433,False,ha_full_na_full,E+G,freq
H1N1,south,2024,6B.1A.5a.2a,6B.1A.5a.2a.1,0.54099,False,ha_full_na_full,E+G,freq
H1N1,north,2024,6B.1A.5a.2a,6B.1A.5a.2a,0.71149,True,ha_full_na_full,E+G,freq
H3N2,south,2013,3C.3a,3C.2,0.780316,False,ha_full_na_full,E+G,freq
H3N2,north,2013,3C.3a,3C.3a,0.686887,True,ha_full_na_full,E+G,freq
H3N2,south,2014,3C.3a,3C.2,1.0,False,ha_full_na_full,E+G,freq
H3N2,north,2014,3C.2,3C.3a,0.959248,False,ha_full_na_full,E+G,freq
H3N2,south,2015,3C.2,3C.2,0.668914,True,ha_full_na_full,E+G,freq
H3N2,north,2015,3C.2,3C.3a,0.723647,False,ha_full_na_full,E+G,freq
H3N2,south,2016,3C.2a,3C.3a,0.623935,False,ha_full_na_full,E+G,freq
H3N2,north,2016,3C.2a1,3C.2,0.71096,False,ha_full_na_full,E+G,freq
H3N2,south,2017,3C.2a1,3C.3a,0.685645,False,ha_full_na_full,E+G,freq
H3N2,north,2017,3C.2a2,3C.2a1,0.306082,False,ha_full_na_full,E+G,freq
H3N2,south,2018,3C.2a2,3C.2a1,0.583477,False,ha_full_na_full,E+G,freq
H3N2,north,2018,3C.2a1b.1,3C.2a1b.1,0.429145,True,ha_full_na_full,E+G,freq
H3N2,south,2019,3C.3a1,3C.2a2,0.634734,False,ha_full_na_full,E+G,freq
H3N2,north,2019,3C.3a1,3C.2a1b.1,0.493296,False,ha_full_na_full,E+G,freq
H3N2,south,2020,3C.3a1,3C.3a1,0.389709,True,ha_full_na_full,E+G,freq
H3N2,north,2020,3C.2a1b.2a.2,3C.3a1,0.412899,False,ha_full_na_full,E+G,freq
H3N2,south,2021,3C.2a1b.2a.2c,3C.3a1,0.588026,False,ha_full_na_full,E+G,freq
H3N2,north,2021,3C.2a1b.2a.2a.1a,3C.2a1b.2a.1a,1.0,False,ha_full_na_full,E+G,freq
H3N2,south,2022,3C.2a1b.2a.2a.1,3C.2a1b.2a.1,1.0,False,ha_full_na_full,E+G,freq
H3N2,north,2022,3C.2a1b.2a.2b,3C.2a1b.2a.2a.3,0.469916,False,ha_full_na_full,E+G,freq
H3N2,south,2023,3C.2a1b.2a.2a.3a.1,3C.2a1b.2a.2a.1,0.246061,False,ha_full_na_full,E+G,freq
H3N2,north,2023,3C.2a1b.2a.2a.3a.1,3C.2a1b.2a.2b,0.743221,False,ha_full_na_full,E+G,freq
H3N2,south,2024,3C.2a1b.2a.2a.3a.1,3C.2a1b.2a.2a.3a.1,0.589698,True,ha_full_na_full,E+G,freq
H3N2,north,2024,3C.2a1b.2a.2a.3a.1,3C.2a1b.2a.2a.3a.1,0.994221,True,ha_full_na_full,E+G,freq
Victoria,south,2013,V1A,V1A,0.973424,True,ha_full_na_full,E+G,freq
Victoria,north,2013,V1A,V1A,0.897059,True,ha_full_na_full,E+G,freq
Victoria,south,2014,V1A,V1A,1.0,True,ha_full_na_full,E+G,freq
Victoria,north,2014,V1A,V1A,0.989716,True,ha_full_na_full,E+G,freq
Victoria,south,2015,V1A,V1A,1.0,True,ha_full_na_full,E+G,freq
Victoria,north,2015,V1A,V1A,0.992777,True,ha_full_na_full,E+G,freq
Victoria,south,2016,V1A,V1A,0.996802,True,ha_full_na_full,E+G,freq
Victoria,north,2016,V1A,V1A,1.0,True,ha_full_na_full,E+G,freq
Victoria,south,2017,V1A,V1A,1.0,True,ha_full_na_full,E+G,freq
Victoria,north,2017,V1A,V1A,0.978606,True,ha_full_na_full,E+G,freq
Victoria,south,2018,V1A.1,V1A.1,0.524088,True,ha_full_na_full,E+G,freq
Victoria,north,2018,V1A.1,V1A.1,0.99995,True,ha_full_na_full,E+G,freq
Victoria,south,2019,V1A.3,V1A.1,0.757081,False,ha_full_na_full,E+G,freq
Victoria,north,2019,V1A.3,V1A.3,0.815462,True,ha_full_na_full,E+G,freq
Victoria,south,2020,V1A.3,V1A.3,0.916515,True,ha_full_na_full,E+G,freq
Victoria,north,2020,V1A.3a.1,V1A.3,0.884681,False,ha_full_na_full,E+G,freq
Victoria,south,2021,V1A.3a.2,V1A.3,0.99629,False,ha_full_na_full,E+G,freq
Victoria,north,2021,V1A.3a.2,V1A.3a.2,0.734095,True,ha_full_na_full,E+G,freq
Victoria,south,2022,V1A.3a.2,V1A.3a.2,0.537436,True,ha_full_na_full,E+G,freq
Victoria,north,2022,V1A.3a.2,V1A.3a.2,0.78094,True,ha_full_na_full,E+G,freq
Victoria,south,2023,V1A.3a.2,V1A.3a.2,0.929144,True,ha_full_na_full,E+G,freq
Victoria,north,2023,V1A.3a.2,V1A.3a.2,1.0,True,ha_full_na_full,E+G,freq
Victoria,south,2024,V1A.3a.2,V1A.3a.2,0.999932,True,ha_full_na_full,E+G,freq
Victoria,north,2024,V1A.3a.2,V1A.3a.2,1.0,True,ha_full_na_full,E+G,freq
H1N1,south,2013,6B.1,6B.1,-1.386294,True,ha_full_na_full,E+D,fit
H1N1,north,2013,6B.1,6B.1,-1.386294,True,ha_full_na_full,E+D,fit
H1N1,south,2014,6B.1,6B.1,-1.386294,True,ha_full_na_full,E+D,fit
H1N1,north,2014,6B.1,6B.1,-0.001698,True,ha_full_na_full,E+D,fit
H1N1,south,2015,6B.1,6B.1,-0.001698,True,ha_full_na_full,E+D,fit
H1N1,north,2015,6B.1,6B.1,-1.316833,True,ha_full_na_full,E+D,fit
H1N1,south,2016,6B.1,6B.1,-1.387544,True,ha_full_na_full,E+D,fit
H1N1,north,2016,6B.1,6B.1,-1.387544,True,ha_full_na_full,E+D,fit
H1N1,south,2017,6B.1,6B.1,-0.926715,True,ha_full_na_full,E+D,fit
H1N1,north,2017,6B.1A,6B.1,-0.876038,False,ha_full_na_full,E+D,fit
H1N1,south,2018,6B.1A,6B.1,-0.733734,False,ha_full_na_full,E+D,fit
H1N1,north,2018,6B.1A.5a,6B.1A,-0.691467,False,ha_full_na_full,E+D,fit
H1N1,south,2019,6B.1A.5a,6B.1A.1,-0.666056,False,ha_full_na_full,E+D,fit
H1N1,north,2019,6B.1A.5a.1,6B.1A.1,-0.670024,False,ha_full_na_full,E+D,fit
H1N1,south,2020,6B.1A.5a.2,6B.1A.7,-1.287946,False,ha_full_na_full,E+D,fit
H1N1,north,2020,6B.1A.5a.1,6B.1A.5a.1,-0.757311,True,ha_full_na_full,E+D,fit
H1N1,south,2021,6B.1A.5a.1,6B.1A.5a.2,-0.703295,False,ha_full_na_full,E+D,fit
H1N1,north,2021,6B.1A.5a.1,6B.1A.5a.1,-1.386294,True,ha_full_na_full,E+D,fit
H1N1,south,2022,6B.1A.5a.2a,6B.1A.5a.1,-0.72383,False,ha_full_na_full,E+D,fit
H1N1,north,2022,6B.1A.5a.2a,6B.1A.5a.2a,-0.797988,True,ha_full_na_full,E+D,fit
H1N1,south,2023,6B.1A.5a.2a,6B.1A.5a.1,-0.759908,False,ha_full_na_full,E+D,fit
H1N1,north,2023,6B.1A.5a.2a,6B.1A.5a.2a,-0.734265,True,ha_full_na_full,E+D,fit
H1N1,south,2024,6B.1A.5a.2a,6B.1A.5a.2a,-0.81603,True,ha_full_na_full,E+D,fit
H1N1,north,2024,6B.1A.5a.2a,6B.1A.5a.2a.1,-0.783559,False,ha_full_na_full,E+D,fit
H3N2,south,2013,3C.3a,3C.3a,-0.801667,True,ha_full_na_full,E+D,fit
H3N2,north,2013,3C.3a,3C.2,-1.508774,False,ha_full_na_full,E+D,fit
H3N2,south,2014,3C.3a,3C.2,-1.386294,False,ha_full_na_full,E+D,fit
H3N2,north,2014,3C.2,3C.3a,-0.872257,False,ha_full_na_full,E+D,fit
H3N2,south,2015,3C.2,3C.2,-0.950824,True,ha_full_na_full,E+D,fit
H3N2,north,2015,3C.2,3C.3a,-0.946749,False,ha_full_na_full,E+D,fit
H3N2,south,2016,3C.2a,3C.3a,-0.886741,False,ha_full_na_full,E+D,fit
H3N2,north,2016,3C.2a1,3C.2,-0.909726,False,ha_full_na_full,E+D,fit
H3N2,south,2017,3C.2a1,3C.3a,-0.683372,False,ha_full_na_full,E+D,fit
H3N2,north,2017,3C.2a2,3C.3a,-0.664109,False,ha_full_na_full,E+D,fit
H3N2,south,2018,3C.2a2,3C.2,-0.71322,False,ha_full_na_full,E+D,fit
H3N2,north,2018,3C.2a1b.1,3C.2,-0.768855,False,ha_full_na_full,E+D,fit
H3N2,south,2019,3C.3a1,3C.3a1,-0.72139,True,ha_full_na_full,E+D,fit
H3N2,north,2019,3C.3a1,3C.3a1,-0.661984,True,ha_full_na_full,E+D,fit
H3N2,south,2020,3C.3a1,3C.2a1b.2b,-0.698728,False,ha_full_na_full,E+D,fit
H3N2,north,2020,3C.2a1b.2a.2,3C.3a1,-0.631408,False,ha_full_na_full,E+D,fit
H3N2,south,2021,3C.2a1b.2a.2c,3C.3a1,-0.607407,False,ha_full_na_full,E+D,fit
H3N2,north,2021,3C.2a1b.2a.2a.1a,3C.2a1b.2a.1a,-1.386294,False,ha_full_na_full,E+D,fit
H3N2,south,2022,3C.2a1b.2a.2a.1,3C.2a1b.2a.1,-1.386294,False,ha_full_na_full,E+D,fit
H3N2,north,2022,3C.2a1b.2a.2b,3C.2a1b.2a.2a.3,-0.624094,False,ha_full_na_full,E+D,fit
H3N2,south,2023,3C.2a1b.2a.2a.3a.1,3C.2a1b.2a.2a.3a.1,-0.700236,True,ha_full_na_full,E+D,fit
H3N2,north,2023,3C.2a1b.2a.2a.3a.1,3C.2a1b.2a.2b,-0.653453,False,ha_full_na_full,E+D,fit
H3N2,south,2024,3C.2a1b.2a.2a.3a.1,3C.2a1b.2a.2a.3a.1,-0.680237,True,ha_full_na_full,E+D,fit
H3N2,north,2024,3C.2a1b.2a.2a.3a.1,3C.2a1b.2a.2a.3a.1,-0.71808,True,ha_full_na_full,E+D,fit
Victoria,south,2013,V1A,V1A,-0.801667,True,ha_full_na_full,E+D,fit
Victoria,north,2013,V1A,V1B,-1.093981,False,ha_full_na_full,E+D,fit
Victoria,south,2014,V1A,V1A,-1.386294,True,ha_full_na_full,E+D,fit
Victoria,north,2014,V1A,V1A,-0.699142,True,ha_full_na_full,E+D,fit
Victoria,south,2015,V1A,V1A,-1.386294,True,ha_full_na_full,E+D,fit
Victoria,north,2015,V1A,V1A,-0.876958,True,ha_full_na_full,E+D,fit
Victoria,south,2016,V1A,V1A,-0.876958,True,ha_full_na_full,E+D,fit
Victoria,north,2016,V1A,V1A,-1.386294,True,ha_full_na_full,E+D,fit
Victoria,south,2017,V1A,V1A,-1.386294,True,ha_full_na_full,E+D,fit
Victoria,north,2017,V1A,V1A,-0.781497,True,ha_full_na_full,E+D,fit
Victoria,south,2018,V1A.1,V1A,-0.85588,False,ha_full_na_full,E+D,fit
Victoria,north,2018,V1A.1,V1A,-0.87424,False,ha_full_na_full,E+D,fit
Victoria,south,2019,V1A.3,V1A,-0.735343,False,ha_full_na_full,E+D,fit
Victoria,north,2019,V1A.3,V1A.3,-0.821017,True,ha_full_na_full,E+D,fit
Victoria,south,2020,V1A.3,V1A.3a,-0.870976,False,ha_full_na_full,E+D,fit
Victoria,north,2020,V1A.3a.1,V1A.3a,-0.995041,False,ha_full_na_full,E+D,fit
Victoria,south,2021,V1A.3a.2,V1A.3,-0.290195,False,ha_full_na_full,E+D,fit
Victoria,north,2021,V1A.3a.2,V1A.3a.2,-0.848662,True,ha_full_na_full,E+D,fit
Victoria,south,2022,V1A.3a.2,V1A.3a.2,-0.741152,True,ha_full_na_full,E+D,fit
Victoria,north,2022,V1A.3a.2,V1A.3,-0.799741,False,ha_full_na_full,E+D,fit
Victoria,south,2023,V1A.3a.2,V1A.3,-0.740656,False,ha_full_na_full,E+D,fit
Victoria,north,2023,V1A.3a.2,V1A.3a.2,-1.386294,True,ha_full_na_full,E+D,fit
Victoria,south,2024,V1A.3a.2,V1A.3a.2,-0.876038,True,ha_full_na_full,E+D,fit
Victoria,north,2024,V1A.3a.2,V1A.3a.2,-1.386294,True,ha_full_na_full,E+D,fit
H1N1,south,2013,6B.1,6B.1,1.0,True,ha_full_na_full,E+D,freq
H1N1,north,2013,6B.1,6B.1,1.0,True,ha_full_na_full,E+D,freq
H1N1,south,2014,6B.1,6B.1,1.0,True,ha_full_na_full,E+D,freq
H1N1,north,2014,6B.1,6B.1,1.0,True,ha_full_na_full,E+D,freq
H1N1,south,2015,6B.1,6B.1,1.0,True,ha_full_na_full,E+D,freq
H1N1,north,2015,6B.1,6B.1,0.885292,True,ha_full_na_full,E+D,freq
H1N1,south,2016,6B.1,6B.1,0.867735,True,ha_full_na_full,E+D,freq
H1N1,north,2016,6B.1,6B.1,0.834971,True,ha_full_na_full,E+D,freq
H1N1,south,2017,6B.1,6B.1,0.988474,True,ha_full_na_full,E+D,freq
H1N1,north,2017,6B.1A,6B.1,0.996188,False,ha_full_na_full,E+D,freq
H1N1,south,2018,6B.1A,6B.1,0.970424,False,ha_full_na_full,E+D,freq
H1N1,north,2018,6B.1A.5a,6B.1A,0.887013,False,ha_full_na_full,E+D,freq
H1N1,south,2019,6B.1A.5a,6B.1A.1,0.526654,False,ha_full_na_full,E+D,freq
H1N1,north,2019,6B.1A.5a.1,6B.1A.5a,0.39694,False,ha_full_na_full,E+D,freq
H1N1,south,2020,6B.1A.5a.2,6B.1A.5a,0.522454,False,ha_full_na_full,E+D,freq
H1N1,north,2020,6B.1A.5a.1,6B.1A.5a.1,0.570795,True,ha_full_na_full,E+D,freq
H1N1,south,2021,6B.1A.5a.1,6B.1A.5a.2,0.516214,False,ha_full_na_full,E+D,freq
H1N1,north,2021,6B.1A.5a.1,6B.1A.5a.1,1.0,True,ha_full_na_full,E+D,freq
H1N1,south,2022,6B.1A.5a.2a,6B.1A.5a.1,0.978103,False,ha_full_na_full,E+D,freq
H1N1,north,2022,6B.1A.5a.2a,6B.1A.5a.2a,0.952241,True,ha_full_na_full,E+D,freq
H1N1,south,2023,6B.1A.5a.2a,6B.1A.5a.1,0.600618,False,ha_full_na_full,E+D,freq
H1N1,north,2023,6B.1A.5a.2a,6B.1A.5a.2a,0.561598,True,ha_full_na_full,E+D,freq
H1N1,south,2024,6B.1A.5a.2a,6B.1A.5a.2a,0.941693,True,ha_full_na_full,E+D,freq
H1N1,north,2024,6B.1A.5a.2a,6B.1A.5a.2a.1,0.518415,False,ha_full_na_full,E+D,freq
H3N2,south,2013,3C.3a,3C.3a,0.53661,True,ha_full_na_full,E+D,freq
H3N2,north,2013,3C.3a,3C.2,0.652174,False,ha_full_na_full,E+D,freq
H3N2,south,2014,3C.3a,3C.2,1.0,False,ha_full_na_full,E+D,freq
H3N2,north,2014,3C.2,3C.3a,0.933885,False,ha_full_na_full,E+D,freq
H3N2,south,2015,3C.2,3C.2,0.62407,True,ha_full_na_full,E+D,freq
H3N2,north,2015,3C.2,3C.3a,0.6844,False,ha_full_na_full,E+D,freq
H3N2,south,2016,3C.2a,3C.3a,0.623935,False,ha_full_na_full,E+D,freq
H3N2,north,2016,3C.2a1,3C.2,0.741171,False,ha_full_na_full,E+D,freq
H3N2,south,2017,3C.2a1,3C.3a,0.694846,False,ha_full_na_full,E+D,freq
H3N2,north,2017,3C.2a2,3C.3a,0.317744,False,ha_full_na_full,E+D,freq
H3N2,south,2018,3C.2a2,3C.2a1,0.562674,False,ha_full_na_full,E+D,freq
H3N2,north,2018,3C.2a1b.1,3C.2a1b.1,0.434581,True,ha_full_na_full,E+D,freq
H3N2,south,2019,3C.3a1,3C.2a2,0.635938,False,ha_full_na_full,E+D,freq
H3N2,north,2019,3C.3a1,3C.2a1b.1,0.472776,False,ha_full_na_full,E+D,freq
H3N2,south,2020,3C.3a1,3C.3a1,0.36602,True,ha_full_na_full,E+D,freq
H3N2,north,2020,3C.2a1b.2a.2,3C.3a1,0.443467,False,ha_full_na_full,E+D,freq
H3N2,south,2021,3C.2a1b.2a.2c,3C.3a1,0.617212,False,ha_full_na_full,E+D,freq
H3N2,north,2021,3C.2a1b.2a.2a.1a,3C.2a1b.2a.1a,1.0,False,ha_full_na_full,E+D,freq
H3N2,south,2022,3C.2a1b.2a.2a.1,3C.2a1b.2a.1,1.0,False,ha_full_na_full,E+D,freq
H3N2,north,2022,3C.2a1b.2a.2b,3C.2a1b.2a.2a.3,0.485463,False,ha_full_na_full,E+D,freq
H3N2,south,2023,3C.2a1b.2a.2a.3a.1,3C.2a1b.2a.2a.1,0.263071,False,ha_full_na_full,E+D,freq
H3N2,north,2023,3C.2a1b.2a.2a.3a.1,3C.2a1b.2a.2b,0.757119,False,ha_full_na_full,E+D,freq
H3N2,south,2024,3C.2a1b.2a.2a.3a.1,3C.2a1b.2a.2a.3a.1,0.575977,True,ha_full_na_full,E+D,freq
H3N2,north,2024,3C.2a1b.2a.2a.3a.1,3C.2a1b.2a.2a.3a.1,0.994358,True,ha_full_na_full,E+D,freq
Victoria,south,2013,V1A,V1A,0.973424,True,ha_full_na_full,E+D,freq
Victoria,north,2013,V1A,V1A,0.811205,True,ha_full_na_full,E+D,freq
Victoria,south,2014,V1A,V1A,1.0,True,ha_full_na_full,E+D,freq
Victoria,north,2014,V1A,V1A,0.989098,True,ha_full_na_full,E+D,freq
Victoria,south,2015,V1A,V1A,1.0,True,ha_full_na_full,E+D,freq
Victoria,north,2015,V1A,V1A,0.990874,True,ha_full_na_full,E+D,freq
Victoria,south,2016,V1A,V1A,0.995955,True,ha_full_na_full,E+D,freq
Victoria,north,2016,V1A,V1A,1.0,True,ha_full_na_full,E+D,freq
Victoria,south,2017,V1A,V1A,1.0,True,ha_full_na_full,E+D,freq
Victoria,north,2017,V1A,V1A,0.996151,True,ha_full_na_full,E+D,freq
Victoria,south,2018,V1A.1,V1A,0.901081,False,ha_full_na_full,E+D,freq
Victoria,north,2018,V1A.1,V1A,0.825869,False,ha_full_na_full,E+D,freq
Victoria,south,2019,V1A.3,V1A,0.496131,False,ha_full_na_full,E+D,freq
Victoria,north,2019,V1A.3,V1A.3,0.458215,True,ha_full_na_full,E+D,freq
Victoria,south,2020,V1A.3,V1A.3,0.762003,True,ha_full_na_full,E+D,freq
Victoria,north,2020,V1A.3a.1,V1A.3,0.800168,False,ha_full_na_full,E+D,freq
Victoria,south,2021,V1A.3a.2,V1A.3,0.993756,False,ha_full_na_full,E+D,freq
Victoria,north,2021,V1A.3a.2,V1A.3a.1,0.512168,False,ha_full_na_full,E+D,freq
Victoria,south,2022,V1A.3a.2,V1A.3a.2,0.535086,True,ha_full_na_full,E+D,freq
Victoria,north,2022,V1A.3a.2,V1A.3,0.481005,False,ha_full_na_full,E+D,freq
Victoria,south,2023,V1A.3a.2,V1A.3a.2,0.891062,True,ha_full_na_full,E+D,freq
Victoria,north,2023,V1A.3a.2,V1A.3a.2,1.0,True,ha_full_na_full,E+D,freq
Victoria,south,2024,V1A.3a.2,V1A.3a.2,0.99947,True,ha_full_na_full,E+D,freq
Victoria,north,2024,V1A.3a.2,V1A.3a.2,1.0,True,ha_full_na_full,E+D,freq
H1N1,south,2013,6B.1,6B.1,-1.386294,True,ha_full_na_full,G+D,fit
H1N1,north,2013,6B.1,6B.1,-1.386294,True,ha_full_na_full,G+D,fit
H1N1,south,2014,6B.1,6B.1,-1.386294,True,ha_full_na_full,G+D,fit
H1N1,north,2014,6B.1,6B.1,-0.001698,True,ha_full_na_full,G+D,fit
H1N1,south,2015,6B.1,6B.1,-0.001698,True,ha_full_na_full,G+D,fit
H1N1,north,2015,6B.1,6B.1,-1.316833,True,ha_full_na_full,G+D,fit
H1N1,south,2016,6B.1,6B.1,-1.316833,True,ha_full_na_full,G+D,fit
H1N1,north,2016,6B.1,6B.1,-1.316833,True,ha_full_na_full,G+D,fit
H1N1,south,2017,6B.1,6B.1,-1.316833,True,ha_full_na_full,G+D,fit
H1N1,north,2017,6B.1A,6B.1,-0.893232,False,ha_full_na_full,G+D,fit
H1N1,south,2018,6B.1A,6B.1,-0.731987,False,ha_full_na_full,G+D,fit
H1N1,north,2018,6B.1A.5a,6B.1A,-0.618866,False,ha_full_na_full,G+D,fit
H1N1,south,2019,6B.1A.5a,6B.1A,-0.858214,False,ha_full_na_full,G+D,fit
H1N1,north,2019,6B.1A.5a.1,6B.1A.5a,-0.703416,False,ha_full_na_full,G+D,fit
H1N1,south,2020,6B.1A.5a.2,6B.1A.5a,-1.170416,False,ha_full_na_full,G+D,fit
H1N1,north,2020,6B.1A.5a.1,6B.1A.5a.1,-0.700941,True,ha_full_na_full,G+D,fit
H1N1,south,2021,6B.1A.5a.1,6B.1A.5a.1,-0.810954,True,ha_full_na_full,G+D,fit
H1N1,north,2021,6B.1A.5a.1,6B.1A.5a.1,-1.386294,True,ha_full_na_full,G+D,fit
H1N1,south,2022,6B.1A.5a.2a,6B.1A.5a.1,-0.495262,False,ha_full_na_full,G+D,fit
H1N1,north,2022,6B.1A.5a.2a,6B.1A.5a.2a,-0.758213,True,ha_full_na_full,G+D,fit
H1N1,south,2023,6B.1A.5a.2a,6B.1A.5a.1,-0.597432,False,ha_full_na_full,G+D,fit
H1N1,north,2023,6B.1A.5a.2a,6B.1A.5a.2a,-0.659342,True,ha_full_na_full,G+D,fit
H1N1,south,2024,6B.1A.5a.2a,6B.1A.5a.2a,-1.265554,True,ha_full_na_full,G+D,fit
H1N1,north,2024,6B.1A.5a.2a,6B.1A.5a.2a,-0.822513,True,ha_full_na_full,G+D,fit
H3N2,south,2013,3C.3a,3C.2,-1.508774,False,ha_full_na_full,G+D,fit
H3N2,north,2013,3C.3a,3C.2,-1.508774,False,ha_full_na_full,G+D,fit
H3N2,south,2014,3C.3a,3C.2,-1.386294,False,ha_full_na_full,G+D,fit
H3N2,north,2014,3C.2,3C.3a,-0.18634,False,ha_full_na_full,G+D,fit
H3N2,south,2015,3C.2,3C.3a,-0.18634,False,ha_full_na_full,G+D,fit
H3N2,north,2015,3C.2,3C.2,-0.81603,True,ha_full_na_full,G+D,fit
H3N2,south,2016,3C.2a,3C.2,-1.316833,False,ha_full_na_full,G+D,fit
H3N2,north,2016,3C.2a1,3C.2a,-0.914962,False,ha_full_na_full,G+D,fit
H3N2,south,2017,3C.2a1,3C.3a,-1.327774,False,ha_full_na_full,G+D,fit
H3N2,north,2017,3C.2a2,3C.2a3,-1.293072,False,ha_full_na_full,G+D,fit
H3N2,south,2018,3C.2a2,3C.2a3,-1.267031,False,ha_full_na_full,G+D,fit
H3N2,north,2018,3C.2a1b.1,3C.2a2,-1.298975,False,ha_full_na_full,G+D,fit
H3N2,south,2019,3C.3a1,3C.2a2,-1.204626,False,ha_full_na_full,G+D,fit
H3N2,north,2019,3C.3a1,3C.2a1b.2,-1.282673,False,ha_full_na_full,G+D,fit
H3N2,south,2020,3C.3a1,3C.3a1,-1.26596,True,ha_full_na_full,G+D,fit
H3N2,north,2020,3C.2a1b.2a.2,3C.2a1b.2b,-1.269801,False,ha_full_na_full,G+D,fit
H3N2,south,2021,3C.2a1b.2a.2c,3C.3a1,-1.292066,False,ha_full_na_full,G+D,fit
H3N2,north,2021,3C.2a1b.2a.2a.1a,3C.2a1b.2a.1a,-1.386294,False,ha_full_na_full,G+D,fit
H3N2,south,2022,3C.2a1b.2a.2a.1,3C.2a1b.2a.1,-1.386294,False,ha_full_na_full,G+D,fit
H3N2,north,2022,3C.2a1b.2a.2b,3C.2a1b.2a.2a.1a,-1.274669,False,ha_full_na_full,G+D,fit
H3N2,south,2023,3C.2a1b.2a.2a.3a.1,3C.2a1b.2a.2a.1,-1.185798,False,ha_full_na_full,G+D,fit
H3N2,north,2023,3C.2a1b.2a.2a.3a.1,3C.2a1b.2a.2b,-1.209379,False,ha_full_na_full,G+D,fit
H3N2,south,2024,3C.2a1b.2a.2a.3a.1,3C.2a1b.2a.2a.3a.1,-1.270895,True,ha_full_na_full,G+D,fit
H3N2,north,2024,3C.2a1b.2a.2a.3a.1,3C.2a1b.2a.2a.3a.1,-1.277513,True,ha_full_na_full,G+D,fit
Victoria,south,2013,V1A,V1A,-0.801667,True,ha_full_na_full,G+D,fit
Victoria,north,2013,V1A,V1A,-1.093981,True,ha_full_na_full,G+D,fit
Victoria,south,2014,V1A,V1A,-1.386294,True,ha_full_na_full,G+D,fit
Victoria,north,2014,V1A,V1A,-0.748899,True,ha_full_na_full,G+D,fit
Victoria,south,2015,V1A,V1A,-1.386294,True,ha_full_na_full,G+D,fit
Victoria,north,2015,V1A,V1A,-0.876038,True,ha_full_na_full,G+D,fit
Victoria,south,2016,V1A,V1A,-0.876038,True,ha_full_na_full,G+D,fit
Victoria,north,2016,V1A,V1A,-1.386294,True,ha_full_na_full,G+D,fit
Victoria,south,2017,V1A,V1A,-1.386294,True,ha_full_na_full,G+D,fit
Victoria,north,2017,V1A,V1A,-0.659362,True,ha_full_na_full,G+D,fit
Victoria,south,2018,V1A.1,V1A,-0.692443,False,ha_full_na_full,G+D,fit
Victoria,north,2018,V1A.1,V1A,-0.711957,False,ha_full_na_full,G+D,fit
Victoria,south,2019,V1A.3,V1A.1,-0.671167,False,ha_full_na_full,G+D,fit
Victoria,north,2019,V1A.3,V1A,-0.935672,False,ha_full_na_full,G+D,fit
Victoria,south,2020,V1A.3,V1A.3,-0.68717,True,ha_full_na_full,G+D,fit
Victoria,north,2020,V1A.3a.1,V1A.3,-0.773329,False,ha_full_na_full,G+D,fit
Victoria,south,2021,V1A.3a.2,V1A.3,-1e-06,False,ha_full_na_full,G+D,fit
Victoria,north,2021,V1A.3a.2,V1A.3,-0.117712,False,ha_full_na_full,G+D,fit
Victoria,south,2022,V1A.3a.2,V1A.3a.1,-0.135177,False,ha_full_na_full,G+D,fit
Victoria,north,2022,V1A.3a.2,V1A.3a.2,-0.774956,True,ha_full_na_full,G+D,fit
Victoria,south,2023,V1A.3a.2,V1A.3a.2,-0.666273,True,ha_full_na_full,G+D,fit
Victoria,north,2023,V1A.3a.2,V1A.3a.2,-1.386294,True,ha_full_na_full,G+D,fit
Victoria,south,2024,V1A.3a.2,V1A.3a.2,-0.81603,True,ha_full_na_full,G+D,fit
Victoria,north,2024,V1A.3a.2,V1A.3a.2,-1.386294,True,ha_full_na_full,G+D,fit
H1N1,south,2013,6B.1,6B.1,1.0,True,ha_full_na_full,G+D,freq
H1N1,north,2013,6B.1,6B.1,1.0,True,ha_full_na_full,G+D,freq
H1N1,south,2014,6B.1,6B.1,1.0,True,ha_full_na_full,G+D,freq
H1N1,north,2014,6B.1,6B.1,1.0,True,ha_full_na_full,G+D,freq
H1N1,south,2015,6B.1,6B.1,1.0,True,ha_full_na_full,G+D,freq
H1N1,north,2015,6B.1,6B.1,0.885292,True,ha_full_na_full,G+D,freq
H1N1,south,2016,6B.1,6B.1,0.88314,True,ha_full_na_full,G+D,freq
H1N1,north,2016,6B.1,6B.1,0.853547,True,ha_full_na_full,G+D,freq
H1N1,south,2017,6B.1,6B.1,0.9659,True,ha_full_na_full,G+D,freq
H1N1,north,2017,6B.1A,6B.1,0.995508,False,ha_full_na_full,G+D,freq
H1N1,south,2018,6B.1A,6B.1,0.966955,False,ha_full_na_full,G+D,freq
H1N1,north,2018,6B.1A.5a,6B.1A,0.878996,False,ha_full_na_full,G+D,freq
H1N1,south,2019,6B.1A.5a,6B.1A,0.557484,False,ha_full_na_full,G+D,freq
H1N1,north,2019,6B.1A.5a.1,6B.1A.5a,0.428804,False,ha_full_na_full,G+D,freq
H1N1,south,2020,6B.1A.5a.2,6B.1A.5a,0.559465,False,ha_full_na_full,G+D,freq
H1N1,north,2020,6B.1A.5a.1,6B.1A.5a.1,0.629302,True,ha_full_na_full,G+D,freq
H1N1,south,2021,6B.1A.5a.1,6B.1A.5a.1,0.504642,True,ha_full_na_full,G+D,freq
H1N1,north,2021,6B.1A.5a.1,6B.1A.5a.1,1.0,True,ha_full_na_full,G+D,freq
H1N1,south,2022,6B.1A.5a.2a,6B.1A.5a.1,0.98679,False,ha_full_na_full,G+D,freq
H1N1,north,2022,6B.1A.5a.2a,6B.1A.5a.2a,0.770289,True,ha_full_na_full,G+D,freq
H1N1,south,2023,6B.1A.5a.2a,6B.1A.5a.1,0.659097,False,ha_full_na_full,G+D,freq
H1N1,north,2023,6B.1A.5a.2a,6B.1A.5a.2a.1,0.508616,False,ha_full_na_full,G+D,freq
H1N1,south,2024,6B.1A.5a.2a,6B.1A.5a.2a,0.88123,True,ha_full_na_full,G+D,freq
H1N1,north,2024,6B.1A.5a.2a,6B.1A.5a.2a,0.559285,True,ha_full_na_full,G+D,freq
H3N2,south,2013,3C.3a,3C.2,0.780316,False,ha_full_na_full,G+D,freq
H3N2,north,2013,3C.3a,3C.2,0.652174,False,ha_full_na_full,G+D,freq
H3N2,south,2014,3C.3a,3C.2,1.0,False,ha_full_na_full,G+D,freq
H3N2,north,2014,3C.2,3C.3a,0.998435,False,ha_full_na_full,G+D,freq
H3N2,south,2015,3C.2,3C.3a,0.997833,False,ha_full_na_full,G+D,freq
H3N2,north,2015,3C.2,3C.2,0.917429,True,ha_full_na_full,G+D,freq
H3N2,south,2016,3C.2a,3C.2,0.791203,False,ha_full_na_full,G+D,freq
H3N2,north,2016,3C.2a1,3C.2,0.686246,False,ha_full_na_full,G+D,freq
H3N2,south,2017,3C.2a1,3C.3a,0.38427,False,ha_full_na_full,G+D,freq
H3N2,north,2017,3C.2a2,3C.2a1,0.335221,False,ha_full_na_full,G+D,freq
H3N2,south,2018,3C.2a2,3C.2a1,0.437357,False,ha_full_na_full,G+D,freq
H3N2,north,2018,3C.2a1b.1,3C.2a2,0.552583,False,ha_full_na_full,G+D,freq
H3N2,south,2019,3C.3a1,3C.2a2,0.734932,False,ha_full_na_full,G+D,freq
H3N2,north,2019,3C.3a1,3C.2a1b.1,0.390353,False,ha_full_na_full,G+D,freq
H3N2,south,2020,3C.3a1,3C.3a1,0.557934,True,ha_full_na_full,G+D,freq
H3N2,north,2020,3C.2a1b.2a.2,3C.2a1b.2b,0.3136,False,ha_full_na_full,G+D,freq
H3N2,south,2021,3C.2a1b.2a.2c,3C.3a1,0.442062,False,ha_full_na_full,G+D,freq
H3N2,north,2021,3C.2a1b.2a.2a.1a,3C.2a1b.2a.1a,1.0,False,ha_full_na_full,G+D,freq
H3N2,south,2022,3C.2a1b.2a.2a.1,3C.2a1b.2a.1,1.0,False,ha_full_na_full,G+D,freq
H3N2,north,2022,3C.2a1b.2a.2b,3C.2a1b.2a.2a.1a,0.449309,False,ha_full_na_full,G+D,freq
H3N2,south,2023,3C.2a1b.2a.2a.3a.1,3C.2a1b.2a.2a.1,0.512629,False,ha_full_na_full,G+D,freq
H3N2,north,2023,3C.2a1b.2a.2a.3a.1,3C.2a1b.2a.2b,0.608773,False,ha_full_na_full,G+D,freq
H3N2,south,2024,3C.2a1b.2a.2a.3a.1,3C.2a1b.2a.2a.3a.1,0.47532,True,ha_full_na_full,G+D,freq
H3N2,north,2024,3C.2a1b.2a.2a.3a.1,3C.2a1b.2a.2a.3a.1,0.987537,True,ha_full_na_full,G+D,freq
Victoria,south,2013,V1A,V1A,0.973424,True,ha_full_na_full,G+D,freq
Victoria,north,2013,V1A,V1A,0.946448,True,ha_full_na_full,G+D,freq
Victoria,south,2014,V1A,V1A,1.0,True,ha_full_na_full,G+D,freq
Victoria,north,2014,V1A,V1A,0.987893,True,ha_full_na_full,G+D,freq
Victoria,south,2015,V1A,V1A,1.0,True,ha_full_na_full,G+D,freq
Victoria,north,2015,V1A,V1A,0.991975,True,ha_full_na_full,G+D,freq
Victoria,south,2016,V1A,V1A,0.996445,True,ha_full_na_full,G+D,freq
Victoria,north,2016,V1A,V1A,1.0,True,ha_full_na_full,G+D,freq
Victoria,south,2017,V1A,V1A,1.0,True,ha_full_na_full,G+D,freq
Victoria,north,2017,V1A,V1A,0.996946,True,ha_full_na_full,G+D,freq
Victoria,south,2018,V1A.1,V1A,0.921404,False,ha_full_na_full,G+D,freq
Victoria,north,2018,V1A.1,V1A,0.846981,False,ha_full_na_full,G+D,freq
Victoria,south,2019,V1A.3,V1A.1,0.906755,False,ha_full_na_full,G+D,freq
Victoria,north,2019,V1A.3,V1A.3,0.527362,True,ha_full_na_full,G+D,freq
Victoria,south,2020,V1A.3,V1A.3,0.819531,True,ha_full_na_full,G+D,freq
Victoria,north,2020,V1A.3a.1,V1A.3,0.990686,False,ha_full_na_full,G+D,freq
Victoria,south,2021,V1A.3a.2,V1A.3,0.999987,False,ha_full_na_full,G+D,freq
Victoria,north,2021,V1A.3a.2,V1A.3,0.999892,False,ha_full_na_full,G+D,freq
Victoria,south,2022,V1A.3a.2,V1A.3a.1,0.50663,False,ha_full_na_full,G+D,freq
Victoria,north,2022,V1A.3a.2,V1A.3a.2,0.879888,True,ha_full_na_full,G+D,freq
Victoria,south,2023,V1A.3a.2,V1A.3a.2,0.931748,True,ha_full_na_full,G+D,freq
Victoria,north,2023,V1A.3a.2,V1A.3a.2,1.0,True,ha_full_na_full,G+D,freq
Victoria,south,2024,V1A.3a.2,V1A.3a.2,0.999628,True,ha_full_na_full,G+D,freq
Victoria,north,2024,V1A.3a.2,V1A.3a.2,1.0,True,ha_full_na_full,G+D,freq
H1N1,south,2013,6B.1,6B.1,-2.079442,True,ha_full_na_full,E+G+D,fit
H1N1,north,2013,6B.1,6B.1,-2.079442,True,ha_full_na_full,E+G+D,fit
H1N1,south,2014,6B.1,6B.1,-2.079442,True,ha_full_na_full,E+G+D,fit
H1N1,north,2014,6B.1,6B.1,-0.002547,True,ha_full_na_full,E+G+D,fit
H1N1,south,2015,6B.1,6B.1,-0.002547,True,ha_full_na_full,E+G+D,fit
H1N1,north,2015,6B.1,6B.1,-1.97525,True,ha_full_na_full,E+G+D,fit
H1N1,south,2016,6B.1,6B.1,-2.045961,True,ha_full_na_full,E+G+D,fit
H1N1,north,2016,6B.1,6B.1,-2.045961,True,ha_full_na_full,E+G+D,fit
H1N1,south,2017,6B.1,6B.1,-1.500873,True,ha_full_na_full,E+G+D,fit
H1N1,north,2017,6B.1A,6B.1,-1.508939,False,ha_full_na_full,E+G+D,fit
H1N1,south,2018,6B.1A,6B.1,-1.317688,False,ha_full_na_full,E+G+D,fit
H1N1,north,2018,6B.1A.5a,6B.1A,-1.191117,False,ha_full_na_full,E+G+D,fit
H1N1,south,2019,6B.1A.5a,6B.1A,-1.492864,False,ha_full_na_full,E+G+D,fit
H1N1,north,2019,6B.1A.5a.1,6B.1A.5a,-1.346316,False,ha_full_na_full,E+G+D,fit
H1N1,south,2020,6B.1A.5a.2,6B.1A.5a,-1.884368,False,ha_full_na_full,E+G+D,fit
H1N1,north,2020,6B.1A.5a.1,6B.1A.5a.1,-1.371229,True,ha_full_na_full,E+G+D,fit
H1N1,south,2021,6B.1A.5a.1,6B.1A.5a.1,-1.45559,True,ha_full_na_full,E+G+D,fit
H1N1,north,2021,6B.1A.5a.1,6B.1A.5a.1,-2.079442,True,ha_full_na_full,E+G+D,fit
H1N1,south,2022,6B.1A.5a.2a,6B.1A.5a.1,-1.183785,False,ha_full_na_full,E+G+D,fit
H1N1,north,2022,6B.1A.5a.2a,6B.1A.5a.2a,-1.419969,True,ha_full_na_full,E+G+D,fit
H1N1,south,2023,6B.1A.5a.2a,6B.1A.5a.1,-1.332353,False,ha_full_na_full,E+G+D,fit
H1N1,north,2023,6B.1A.5a.2a,6B.1A.5a.2a,-1.283181,True,ha_full_na_full,E+G+D,fit
H1N1,south,2024,6B.1A.5a.2a,6B.1A.5a.2a,-1.923971,True,ha_full_na_full,E+G+D,fit
H1N1,north,2024,6B.1A.5a.2a,6B.1A.5a.2a,-1.498078,True,ha_full_na_full,E+G+D,fit
H3N2,south,2013,3C.3a,3C.3a,-1.909607,True,ha_full_na_full,E+G+D,fit
H3N2,north,2013,3C.3a,3C.3a,-1.909607,True,ha_full_na_full,E+G+D,fit
H3N2,south,2014,3C.3a,3C.2,-2.079442,False,ha_full_na_full,E+G+D,fit
H3N2,north,2014,3C.2,3C.3a,-1.339458,False,ha_full_na_full,E+G+D,fit
H3N2,south,2015,3C.2,3C.2,-1.781399,True,ha_full_na_full,E+G+D,fit
H3N2,north,2015,3C.2,3C.3a,-1.781399,False,ha_full_na_full,E+G+D,fit
H3N2,south,2016,3C.2a,3C.3a,-1.625059,False,ha_full_na_full,E+G+D,fit
H3N2,north,2016,3C.2a1,3C.2,-1.456742,False,ha_full_na_full,E+G+D,fit
H3N2,south,2017,3C.2a1,3C.3a,-1.35808,False,ha_full_na_full,E+G+D,fit
H3N2,north,2017,3C.2a2,3C.3a,-1.401593,False,ha_full_na_full,E+G+D,fit
H3N2,south,2018,3C.2a2,3C.2,-1.438685,False,ha_full_na_full,E+G+D,fit
H3N2,north,2018,3C.2a1b.1,3C.2,-1.560506,False,ha_full_na_full,E+G+D,fit
H3N2,south,2019,3C.3a1,3C.3a1,-1.408429,True,ha_full_na_full,E+G+D,fit
H3N2,north,2019,3C.3a1,3C.3a1,-1.359584,True,ha_full_na_full,E+G+D,fit
H3N2,south,2020,3C.3a1,3C.2a1b.2b,-1.386581,False,ha_full_na_full,E+G+D,fit
H3N2,north,2020,3C.2a1b.2a.2,3C.3a1,-1.355424,False,ha_full_na_full,E+G+D,fit
H3N2,south,2021,3C.2a1b.2a.2c,3C.3a1,-1.303287,False,ha_full_na_full,E+G+D,fit
H3N2,north,2021,3C.2a1b.2a.2a.1a,3C.2a1b.2a.1a,-2.079442,False,ha_full_na_full,E+G+D,fit
H3N2,south,2022,3C.2a1b.2a.2a.1,3C.2a1b.2a.1,-2.079442,False,ha_full_na_full,E+G+D,fit
H3N2,north,2022,3C.2a1b.2a.2b,3C.2a1b.2a.2a.3,-1.30058,False,ha_full_na_full,E+G+D,fit
H3N2,south,2023,3C.2a1b.2a.2a.3a.1,3C.2a1b.2a.2a.3a.1,-1.404395,True,ha_full_na_full,E+G+D,fit
H3N2,north,2023,3C.2a1b.2a.2a.3a.1,3C.2a1b.2a.2b,-1.289235,False,ha_full_na_full,E+G+D,fit
H3N2,south,2024,3C.2a1b.2a.2a.3a.1,3C.2a1b.2a.2a.3a.1,-1.309145,True,ha_full_na_full,E+G+D,fit
H3N2,north,2024,3C.2a1b.2a.2a.3a.1,3C.2a1b.2a.2a.3a.1,-1.358147,True,ha_full_na_full,E+G+D,fit
Victoria,south,2013,V1A,V1A,-1.202501,True,ha_full_na_full,E+G+D,fit
Victoria,north,2013,V1A,V1A,-2.201921,True,ha_full_na_full,E+G+D,fit
Victoria,south,2014,V1A,V1A,-2.079442,True,ha_full_na_full,E+G+D,fit
Victoria,north,2014,V1A,V1A,-1.057214,True,ha_full_na_full,E+G+D,fit
Victoria,south,2015,V1A,V1A,-2.079442,True,ha_full_na_full,E+G+D,fit
Victoria,north,2015,V1A,V1A,-1.486414,True,ha_full_na_full,E+G+D,fit
Victoria,south,2016,V1A,V1A,-1.486414,True,ha_full_na_full,E+G+D,fit
Victoria,north,2016,V1A,V1A,-2.079442,True,ha_full_na_full,E+G+D,fit
Victoria,south,2017,V1A,V1A,-2.079442,True,ha_full_na_full,E+G+D,fit
Victoria,north,2017,V1A,V1A,-1.524812,True,ha_full_na_full,E+G+D,fit
Victoria,south,2018,V1A.1,V1A.1,-1.500183,True,ha_full_na_full,E+G+D,fit
Victoria,north,2018,V1A.1,V1A.1,-0.772932,True,ha_full_na_full,E+G+D,fit
Victoria,south,2019,V1A.3,V1A.1,-1.794104,False,ha_full_na_full,E+G+D,fit
Victoria,north,2019,V1A.3,V1A.3,-1.055744,True,ha_full_na_full,E+G+D,fit
Victoria,south,2020,V1A.3,V1A.3,-1.298578,True,ha_full_na_full,E+G+D,fit
Victoria,north,2020,V1A.3a.1,V1A.3a,-2.361266,False,ha_full_na_full,E+G+D,fit
Victoria,south,2021,V1A.3a.2,V1A.3,-0.06783,False,ha_full_na_full,E+G+D,fit
Victoria,north,2021,V1A.3a.2,V1A.3,-2.397279,False,ha_full_na_full,E+G+D,fit
Victoria,south,2022,V1A.3a.2,V1A.3a.2,-0.644237,True,ha_full_na_full,E+G+D,fit
Victoria,north,2022,V1A.3a.2,V1A.3a.2,-2.50471,True,ha_full_na_full,E+G+D,fit
Victoria,south,2023,V1A.3a.2,V1A.3a.2,-0.912206,True,ha_full_na_full,E+G+D,fit
Victoria,north,2023,V1A.3a.2,V1A.3a.2,-2.079442,True,ha_full_na_full,E+G+D,fit
Victoria,south,2024,V1A.3a.2,V1A.3a.2,-0.897452,True,ha_full_na_full,E+G+D,fit
Victoria,north,2024,V1A.3a.2,V1A.3a.2,-2.079442,True,ha_full_na_full,E+G+D,fit
H1N1,south,2013,6B.1,6B.1,1.0,True,ha_full_na_full,E+G+D,freq
H1N1,north,2013,6B.1,6B.1,1.0,True,ha_full_na_full,E+G+D,freq
H1N1,south,2014,6B.1,6B.1,1.0,True,ha_full_na_full,E+G+D,freq
H1N1,north,2014,6B.1,6B.1,1.0,True,ha_full_na_full,E+G+D,freq
H1N1,south,2015,6B.1,6B.1,1.0,True,ha_full_na_full,E+G+D,freq
H1N1,north,2015,6B.1,6B.1,0.89228,True,ha_full_na_full,E+G+D,freq
H1N1,south,2016,6B.1,6B.1,0.875642,True,ha_full_na_full,E+G+D,freq
H1N1,north,2016,6B.1,6B.1,0.844485,True,ha_full_na_full,E+G+D,freq
H1N1,south,2017,6B.1,6B.1,0.990404,True,ha_full_na_full,E+G+D,freq
H1N1,north,2017,6B.1A,6B.1,0.996188,False,ha_full_na_full,E+G+D,freq
H1N1,south,2018,6B.1A,6B.1,0.962671,False,ha_full_na_full,E+G+D,freq
H1N1,north,2018,6B.1A.5a,6B.1A,0.888345,False,ha_full_na_full,E+G+D,freq
H1N1,south,2019,6B.1A.5a,6B.1A,0.572444,False,ha_full_na_full,E+G+D,freq
H1N1,north,2019,6B.1A.5a.1,6B.1A.5a,0.436521,False,ha_full_na_full,E+G+D,freq
H1N1,south,2020,6B.1A.5a.2,6B.1A.5a,0.544114,False,ha_full_na_full,E+G+D,freq
H1N1,north,2020,6B.1A.5a.1,6B.1A.5a.1,0.633394,True,ha_full_na_full,E+G+D,freq
H1N1,south,2021,6B.1A.5a.1,6B.1A.5a.1,0.492103,True,ha_full_na_full,E+G+D,freq
H1N1,north,2021,6B.1A.5a.1,6B.1A.5a.1,1.0,True,ha_full_na_full,E+G+D,freq
H1N1,south,2022,6B.1A.5a.2a,6B.1A.5a.1,0.98632,False,ha_full_na_full,E+G+D,freq
H1N1,north,2022,6B.1A.5a.2a,6B.1A.5a.2a,0.771694,True,ha_full_na_full,E+G+D,freq
H1N1,south,2023,6B.1A.5a.2a,6B.1A.5a.1,0.661518,False,ha_full_na_full,E+G+D,freq
H1N1,north,2023,6B.1A.5a.2a,6B.1A.5a.2a,0.508467,True,ha_full_na_full,E+G+D,freq
H1N1,south,2024,6B.1A.5a.2a,6B.1A.5a.2a,0.888434,True,ha_full_na_full,E+G+D,freq
H1N1,north,2024,6B.1A.5a.2a,6B.1A.5a.2a,0.554256,True,ha_full_na_full,E+G+D,freq
H3N2,south,2013,3C.3a,3C.2,0.636546,False,ha_full_na_full,E+G+D,freq
H3N2,north,2013,3C.3a,3C.3a,0.519614,True,ha_full_na_full,E+G+D,freq
H3N2,south,2014,3C.3a,3C.2,1.0,False,ha_full_na_full,E+G+D,freq
H3N2,north,2014,3C.2,3C.3a,0.966589,False,ha_full_na_full,E+G+D,freq
H3N2,south,2015,3C.2,3C.2,0.621763,True,ha_full_na_full,E+G+D,freq
H3N2,north,2015,3C.2,3C.3a,0.680569,False,ha_full_na_full,E+G+D,freq
H3N2,south,2016,3C.2a,3C.3a,0.60298,False,ha_full_na_full,E+G+D,freq
H3N2,north,2016,3C.2a1,3C.2,0.729064,False,ha_full_na_full,E+G+D,freq
H3N2,south,2017,3C.2a1,3C.3a,0.693564,False,ha_full_na_full,E+G+D,freq
H3N2,north,2017,3C.2a2,3C.3a,0.300904,False,ha_full_na_full,E+G+D,freq
H3N2,south,2018,3C.2a2,3C.2a1,0.582151,False,ha_full_na_full,E+G+D,freq
H3N2,north,2018,3C.2a1b.1,3C.2a1b.1,0.441689,True,ha_full_na_full,E+G+D,freq
H3N2,south,2019,3C.3a1,3C.2a2,0.661984,False,ha_full_na_full,E+G+D,freq
H3N2,north,2019,3C.3a1,3C.2a1b.1,0.483765,False,ha_full_na_full,E+G+D,freq
H3N2,south,2020,3C.3a1,3C.3a1,0.386698,True,ha_full_na_full,E+G+D,freq
H3N2,north,2020,3C.2a1b.2a.2,3C.3a1,0.426054,False,ha_full_na_full,E+G+D,freq
H3N2,south,2021,3C.2a1b.2a.2c,3C.3a1,0.611458,False,ha_full_na_full,E+G+D,freq
H3N2,north,2021,3C.2a1b.2a.2a.1a,3C.2a1b.2a.1a,1.0,False,ha_full_na_full,E+G+D,freq
H3N2,south,2022,3C.2a1b.2a.2a.1,3C.2a1b.2a.1,1.0,False,ha_full_na_full,E+G+D,freq
H3N2,north,2022,3C.2a1b.2a.2b,3C.2a1b.2a.2a.3,0.479848,False,ha_full_na_full,E+G+D,freq
H3N2,south,2023,3C.2a1b.2a.2a.3a.1,3C.2a1b.2a.2a.1,0.270531,False,ha_full_na_full,E+G+D,freq
H3N2,north,2023,3C.2a1b.2a.2a.3a.1,3C.2a1b.2a.2b,0.765979,False,ha_full_na_full,E+G+D,freq
H3N2,south,2024,3C.2a1b.2a.2a.3a.1,3C.2a1b.2a.2a.3a.1,0.601496,True,ha_full_na_full,E+G+D,freq
H3N2,north,2024,3C.2a1b.2a.2a.3a.1,3C.2a1b.2a.2a.3a.1,0.994716,True,ha_full_na_full,E+G+D,freq
Victoria,south,2013,V1A,V1A,0.986717,True,ha_full_na_full,E+G+D,freq
Victoria,north,2013,V1A,V1A,0.897059,True,ha_full_na_full,E+G+D,freq
Victoria,south,2014,V1A,V1A,1.0,True,ha_full_na_full,E+G+D,freq
Victoria,north,2014,V1A,V1A,0.989801,True,ha_full_na_full,E+G+D,freq
Victoria,south,2015,V1A,V1A,1.0,True,ha_full_na_full,E+G+D,freq
Victoria,north,2015,V1A,V1A,0.991392,True,ha_full_na_full,E+G+D,freq
Victoria,south,2016,V1A,V1A,0.996186,True,ha_full_na_full,E+G+D,freq
Victoria,north,2016,V1A,V1A,1.0,True,ha_full_na_full,E+G+D,freq
Victoria,south,2017,V1A,V1A,1.0,True,ha_full_na_full,E+G+D,freq
Victoria,north,2017,V1A,V1A,0.991456,True,ha_full_na_full,E+G+D,freq
Victoria,south,2018,V1A.1,V1A,0.711672,False,ha_full_na_full,E+G+D,freq
Victoria,north,2018,V1A.1,V1A.1,0.999948,True,ha_full_na_full,E+G+D,freq
Victoria,south,2019,V1A.3,V1A.1,0.772325,False,ha_full_na_full,E+G+D,freq
Victoria,north,2019,V1A.3,V1A.3,0.8184,True,ha_full_na_full,E+G+D,freq
Victoria,south,2020,V1A.3,V1A.3,0.907923,True,ha_full_na_full,E+G+D,freq
Victoria,north,2020,V1A.3a.1,V1A.3,0.893042,False,ha_full_na_full,E+G+D,freq
Victoria,south,2021,V1A.3a.2,V1A.3,0.999459,False,ha_full_na_full,E+G+D,freq
Victoria,north,2021,V1A.3a.2,V1A.3,0.616804,False,ha_full_na_full,E+G+D,freq
Victoria,south,2022,V1A.3a.2,V1A.3a.2,0.523597,True,ha_full_na_full,E+G+D,freq
Victoria,north,2022,V1A.3a.2,V1A.3a.2,0.783886,True,ha_full_na_full,E+G+D,freq
Victoria,south,2023,V1A.3a.2,V1A.3a.2,0.937092,True,ha_full_na_full,E+G+D,freq
Victoria,north,2023,V1A.3a.2,V1A.3a.2,1.0,True,ha_full_na_full,E+G+D,freq
Victoria,south,2024,V1A.3a.2,V1A.3a.2,0.999946,True,ha_full_na_full,E+G+D,freq
Victoria,north,2024,V1A.3a.2,V1A.3a.2,1.0,True,ha_full_na_full,E+G+D,freq
H1N1,south,2013,6B.1,6B.1,-0.693147,True,ha1_na_full,E,fit
H1N1,north,2013,6B.1,6B.1,-0.693147,True,ha1_na_full,E,fit
H1N1,south,2014,6B.1,6B.1,-0.693147,True,ha1_na_full,E,fit
H1N1,north,2014,6B.1,6B.1,-0.000849,True,ha1_na_full,E,fit
H1N1,south,2015,6B.1,6B.1,-0.693147,True,ha1_na_full,E,fit
H1N1,north,2015,6B.1,6B.1,-0.658417,True,ha1_na_full,E,fit
H1N1,south,2016,6B.1,6B.2,-0.658417,False,ha1_na_full,E,fit
H1N1,north,2016,6B.1,6B.2,-0.658417,False,ha1_na_full,E,fit
H1N1,south,2017,6B.1,6B.2,-0.658417,False,ha1_na_full,E,fit
H1N1,north,2017,6B.1A,6B.1,-0.658417,False,ha1_na_full,E,fit
H1N1,south,2018,6B.1A,6B.1,-0.637914,False,ha1_na_full,E,fit
H1N1,north,2018,6B.1A.5a,6B.1A.1,-0.619461,False,ha1_na_full,E,fit
H1N1,south,2019,6B.1A.5a,6B.1A.1,-0.619037,False,ha1_na_full,E,fit
H1N1,north,2019,6B.1A.5a.1,6B.1A.5b,-0.610584,False,ha1_na_full,E,fit
H1N1,south,2020,6B.1A.5a.2,6B.1A.5b,-0.601716,False,ha1_na_full,E,fit
H1N1,north,2020,6B.1A.5a.1,6B.1A.5b,-0.617209,False,ha1_na_full,E,fit
H1N1,south,2021,6B.1A.5a.1,6B.1A.5a.2,-0.617559,False,ha1_na_full,E,fit
H1N1,north,2021,6B.1A.5a.1,6B.1A.5b,-0.658417,False,ha1_na_full,E,fit
H1N1,south,2022,6B.1A.5a.2a,6B.1A.5a.2a,-0.657116,True,ha1_na_full,E,fit
H1N1,north,2022,6B.1A.5a.2a,6B.1A.5a.2a,-0.661755,True,ha1_na_full,E,fit
H1N1,south,2023,6B.1A.5a.2a,6B.1A.5a.2a.1,-0.653052,False,ha1_na_full,E,fit
H1N1,north,2023,6B.1A.5a.2a,6B.1A.5a.2a,-0.664696,True,ha1_na_full,E,fit
H1N1,south,2024,6B.1A.5a.2a,6B.1A.5a.2a,-0.658417,True,ha1_na_full,E,fit
H1N1,north,2024,6B.1A.5a.2a,6B.1A.5a.2a.1,-0.650189,False,ha1_na_full,E,fit
H3N2,south,2013,3C.3a,3C.3a,-0.400834,True,ha1_na_full,E,fit
H3N2,north,2013,3C.3a,3C.3a,-0.400834,True,ha1_na_full,E,fit
H3N2,south,2014,3C.3a,,,False,ha1_na_full,E,fit
H3N2,north,2014,3C.2,3C.3a,-0.693147,False,ha1_na_full,E,fit
H3N2,south,2015,3C.2,3C.2,-0.157614,True,ha1_na_full,E,fit
H3N2,north,2015,3C.2,3C.3a,-0.157614,False,ha1_na_full,E,fit
H3N2,south,2016,3C.2a,3C.3a,-0.157614,False,ha1_na_full,E,fit
H3N2,north,2016,3C.2a1,3C.2,-0.131899,False,ha1_na_full,E,fit
H3N2,south,2017,3C.2a1,3C.3a,-0.023285,False,ha1_na_full,E,fit
H3N2,north,2017,3C.2a2,3C.3a,-0.012463,False,ha1_na_full,E,fit
H3N2,south,2018,3C.2a2,3C.2,-0.010309,False,ha1_na_full,E,fit
H3N2,north,2018,3C.2a1b.1,3C.2,-0.057046,False,ha1_na_full,E,fit
H3N2,south,2019,3C.3a1,3C.3a1,-0.012819,True,ha1_na_full,E,fit
H3N2,north,2019,3C.3a1,3C.3a1,-0.011139,True,ha1_na_full,E,fit
H3N2,south,2020,3C.3a1,3C.2a1b.1b,-0.061665,False,ha1_na_full,E,fit
H3N2,north,2020,3C.2a1b.2a.2,3C.3a1,-0.014877,False,ha1_na_full,E,fit
H3N2,south,2021,3C.2a1b.2a.2c,3C.3a1,-0.073257,False,ha1_na_full,E,fit
H3N2,north,2021,3C.2a1b.2a.2a.1a,3C.2a1b.2a.1a,-0.693147,False,ha1_na_full,E,fit
H3N2,south,2022,3C.2a1b.2a.2a.1,3C.2a1b.2a.1,-0.693147,False,ha1_na_full,E,fit
H3N2,north,2022,3C.2a1b.2a.2b,3C.2a1b.2a.2a.3,-0.014439,False,ha1_na_full,E,fit
H3N2,south,2023,3C.2a1b.2a.2a.3a.1,3C.2a1b.2a.2a.3a.1,-0.013603,True,ha1_na_full,E,fit
H3N2,north,2023,3C.2a1b.2a.2a.3a.1,3C.2a1b.2a.1a,-0.010671,False,ha1_na_full,E,fit
H3N2,south,2024,3C.2a1b.2a.2a.3a.1,3C.2a1b.2a.2b,-0.020757,False,ha1_na_full,E,fit
H3N2,north,2024,3C.2a1b.2a.2a.3a.1,3C.2a1b.2a.2a.3a.1,-0.157614,True,ha1_na_full,E,fit
Victoria,south,2013,V1A,V1A,-0.400834,True,ha1_na_full,E,fit
Victoria,north,2013,V1A,V1B,-0.400834,False,ha1_na_full,E,fit
Victoria,south,2014,V1A,V1A,-0.693147,True,ha1_na_full,E,fit
Victoria,north,2014,V1A,V1A,-0.582224,True,ha1_na_full,E,fit
Victoria,south,2015,V1A,V1A,-0.693147,True,ha1_na_full,E,fit
Victoria,north,2015,V1A,V1A,-0.531915,True,ha1_na_full,E,fit
Victoria,south,2016,V1A,V1A,-0.531915,True,ha1_na_full,E,fit
Victoria,north,2016,V1A,V1A,-0.693147,True,ha1_na_full,E,fit
Victoria,south,2017,V1A,V1A,-0.693147,True,ha1_na_full,E,fit
Victoria,north,2017,V1A,V1A.1,-0.274785,False,ha1_na_full,E,fit
Victoria,south,2018,V1A.1,V1A.1,-0.42959,True,ha1_na_full,E,fit
Victoria,north,2018,V1A.1,V1A.1,-0.351967,True,ha1_na_full,E,fit
Victoria,south,2019,V1A.3,V1A,-0.056537,False,ha1_na_full,E,fit
Victoria,north,2019,V1A.3,V1A.3,-0.164806,True,ha1_na_full,E,fit
Victoria,south,2020,V1A.3,V1A.3a,-0.14413,False,ha1_na_full,E,fit
Victoria,north,2020,V1A.3a.1,V1A.3a.1,-0.187799,True,ha1_na_full,E,fit
Victoria,south,2021,V1A.3a.2,V1A.3,-0.222542,False,ha1_na_full,E,fit
Victoria,north,2021,V1A.3a.2,V1A.3a.2,-0.177551,True,ha1_na_full,E,fit
Victoria,south,2022,V1A.3a.2,V1A.3a.2,-0.111906,True,ha1_na_full,E,fit
Victoria,north,2022,V1A.3a.2,V1A.3,-0.094727,False,ha1_na_full,E,fit
Victoria,south,2023,V1A.3a.2,V1A.3,-0.089794,False,ha1_na_full,E,fit
Victoria,north,2023,V1A.3a.2,V1A.3a.2,-0.693147,True,ha1_na_full,E,fit
Victoria,south,2024,V1A.3a.2,V1A.3a.2,-0.310541,True,ha1_na_full,E,fit
Victoria,north,2024,V1A.3a.2,V1A.3a.2,-0.693147,True,ha1_na_full,E,fit
H1N1,south,2013,6B.1,6B.1,1.0,True,ha1_na_full,E,freq
H1N1,north,2013,6B.1,6B.1,1.0,True,ha1_na_full,E,freq
H1N1,south,2014,6B.1,6B.1,1.0,True,ha1_na_full,E,freq
H1N1,north,2014,6B.1,6B.1,0.999995,True,ha1_na_full,E,freq
H1N1,south,2015,6B.1,6B.1,0.989717,True,ha1_na_full,E,freq
H1N1,north,2015,6B.1,6B.1,0.877913,True,ha1_na_full,E,freq
H1N1,south,2016,6B.1,6B.1,0.859407,True,ha1_na_full,E,freq
H1N1,north,2016,6B.1,6B.1,0.824995,True,ha1_na_full,E,freq
H1N1,south,2017,6B.1,6B.1,0.958179,True,ha1_na_full,E,freq
H1N1,north,2017,6B.1A,6B.1,0.984505,False,ha1_na_full,E,freq
H1N1,south,2018,6B.1A,6B.1,0.912346,False,ha1_na_full,E,freq
H1N1,north,2018,6B.1A.5a,6B.1A,0.730744,False,ha1_na_full,E,freq
H1N1,south,2019,6B.1A.5a,6B.1A,0.476061,False,ha1_na_full,E,freq
H1N1,north,2019,6B.1A.5a.1,6B.1A.5a,0.28676,False,ha1_na_full,E,freq
H1N1,south,2020,6B.1A.5a.2,6B.1A.5a,0.490947,False,ha1_na_full,E,freq
H1N1,north,2020,6B.1A.5a.1,6B.1A.5a.1,0.496466,True,ha1_na_full,E,freq
H1N1,south,2021,6B.1A.5a.1,6B.1A.5a.2,0.44687,False,ha1_na_full,E,freq
H1N1,north,2021,6B.1A.5a.1,6B.1A.5a.1,0.867059,True,ha1_na_full,E,freq
H1N1,south,2022,6B.1A.5a.2a,6B.1A.5a.1,0.953451,False,ha1_na_full,E,freq
H1N1,north,2022,6B.1A.5a.2a,6B.1A.5a.2a,0.527643,True,ha1_na_full,E,freq
H1N1,south,2023,6B.1A.5a.2a,6B.1A.5a.1,0.474636,False,ha1_na_full,E,freq
H1N1,north,2023,6B.1A.5a.2a,6B.1A.5a.2a.1,0.563209,False,ha1_na_full,E,freq
H1N1,south,2024,6B.1A.5a.2a,6B.1A.5a.2a,0.733838,True,ha1_na_full,E,freq
H1N1,north,2024,6B.1A.5a.2a,6B.1A.5a.2a,0.537522,True,ha1_na_full,E,freq
H3N2,south,2013,3C.3a,3C.2,0.636546,False,ha1_na_full,E,freq
H3N2,north,2013,3C.3a,3C.3a,0.519614,True,ha1_na_full,E,freq
H3N2,south,2014,3C.3a,,,False,ha1_na_full,E,freq
H3N2,north,2014,3C.2,3C.3a,1.0,False,ha1_na_full,E,freq
H3N2,south,2015,3C.2,3C.2,0.718893,True,ha1_na_full,E,freq
H3N2,north,2015,3C.2,3C.3a,0.768227,False,ha1_na_full,E,freq
H3N2,south,2016,3C.2a,3C.3a,0.640376,False,ha1_na_full,E,freq
H3N2,north,2016,3C.2a1,3C.2,0.891132,False,ha1_na_full,E,freq
H3N2,south,2017,3C.2a1,3C.3a,0.715065,False,ha1_na_full,E,freq
H3N2,north,2017,3C.2a2,3C.3a,0.308491,False,ha1_na_full,E,freq
H3N2,south,2018,3C.2a2,3C.2a3,0.266679,False,ha1_na_full,E,freq
H3N2,north,2018,3C.2a1b.1,3C.2a1b.1,0.374503,True,ha1_na_full,E,freq
H3N2,south,2019,3C.3a1,3C.2a1b.1,0.397171,False,ha1_na_full,E,freq
H3N2,north,2019,3C.3a1,3C.2a1b.1,0.554896,False,ha1_na_full,E,freq
H3N2,south,2020,3C.3a1,3C.3a1,0.279068,True,ha1_na_full,E,freq
H3N2,north,2020,3C.2a1b.2a.2,3C.3a1,0.444943,False,ha1_na_full,E,freq
H3N2,south,2021,3C.2a1b.2a.2c,3C.3a1,0.485106,False,ha1_na_full,E,freq
H3N2,north,2021,3C.2a1b.2a.2a.1a,3C.2a1b.2a.1a,1.0,False,ha1_na_full,E,freq
H3N2,south,2022,3C.2a1b.2a.2a.1,3C.2a1b.2a.1,1.0,False,ha1_na_full,E,freq
H3N2,north,2022,3C.2a1b.2a.2b,3C.2a1b.2a.2a.1a,0.457012,False,ha1_na_full,E,freq
H3N2,south,2023,3C.2a1b.2a.2a.3a.1,3C.2a1b.2a.2a.1,0.264771,False,ha1_na_full,E,freq
H3N2,north,2023,3C.2a1b.2a.2a.3a.1,3C.2a1b.2a.2b,0.736888,False,ha1_na_full,E,freq
H3N2,south,2024,3C.2a1b.2a.2a.3a.1,3C.2a1b.2a.2a.3a.1,0.513398,True,ha1_na_full,E,freq
H3N2,north,2024,3C.2a1b.2a.2a.3a.1,3C.2a1b.2a.2a.3a.1,0.998196,True,ha1_na_full,E,freq
Victoria,south,2013,V1A,V1A,0.947534,True,ha1_na_full,E,freq
Victoria,north,2013,V1A,V1A,0.811205,True,ha1_na_full,E,freq
Victoria,south,2014,V1A,V1A,1.0,True,ha1_na_full,E,freq
Victoria,north,2014,V1A,V1A,0.901125,True,ha1_na_full,E,freq
Victoria,south,2015,V1A,V1A,1.0,True,ha1_na_full,E,freq
Victoria,north,2015,V1A,V1A,0.975535,True,ha1_na_full,E,freq
Victoria,south,2016,V1A,V1A,0.989063,True,ha1_na_full,E,freq
Victoria,north,2016,V1A,V1A,1.0,True,ha1_na_full,E,freq
Victoria,south,2017,V1A,V1A,1.0,True,ha1_na_full,E,freq
Victoria,north,2017,V1A,V1A,0.963629,True,ha1_na_full,E,freq
Victoria,south,2018,V1A.1,V1A,0.627082,False,ha1_na_full,E,freq
Victoria,north,2018,V1A.1,V1A,0.486184,False,ha1_na_full,E,freq
Victoria,south,2019,V1A.3,V1A,0.614343,False,ha1_na_full,E,freq
Victoria,north,2019,V1A.3,V1A.3,0.473255,True,ha1_na_full,E,freq
Victoria,south,2020,V1A.3,V1A.3,0.585677,True,ha1_na_full,E,freq
Victoria,north,2020,V1A.3a.1,V1A.3,0.917331,False,ha1_na_full,E,freq
Victoria,south,2021,V1A.3a.2,V1A.3,0.981809,False,ha1_na_full,E,freq
Victoria,north,2021,V1A.3a.2,V1A.3a.1,0.571006,False,ha1_na_full,E,freq
Victoria,south,2022,V1A.3a.2,V1A.3a.2,0.550218,True,ha1_na_full,E,freq
Victoria,north,2022,V1A.3a.2,V1A.3a.2,0.47139,True,ha1_na_full,E,freq
Victoria,south,2023,V1A.3a.2,V1A.3a.2,0.878246,True,ha1_na_full,E,freq
Victoria,north,2023,V1A.3a.2,V1A.3a.2,1.0,True,ha1_na_full,E,freq
Victoria,south,2024,V1A.3a.2,V1A.3a.2,0.999148,True,ha1_na_full,E,freq
Victoria,north,2024,V1A.3a.2,V1A.3a.2,1.0,True,ha1_na_full,E,freq
H1N1,south,2013,6B.1,6B.1,-0.693147,True,ha1_na_full,G,fit
H1N1,north,2013,6B.1,6B.1,-0.693147,True,ha1_na_full,G,fit
H1N1,south,2014,6B.1,6B.1,-0.693147,True,ha1_na_full,G,fit
H1N1,north,2014,6B.1,6B.1,-0.000849,True,ha1_na_full,G,fit
H1N1,south,2015,6B.1,6B.1,-0.000849,True,ha1_na_full,G,fit
H1N1,north,2015,6B.1,6B.1,-0.658417,True,ha1_na_full,G,fit
H1N1,south,2016,6B.1,6B.1,-0.658417,True,ha1_na_full,G,fit
H1N1,north,2016,6B.1,6B.1,-0.658417,True,ha1_na_full,G,fit
H1N1,south,2017,6B.1,6B.1,-0.658417,True,ha1_na_full,G,fit
H1N1,north,2017,6B.1A,6B.1,-0.217622,False,ha1_na_full,G,fit
H1N1,south,2018,6B.1A,6B.1,-0.115344,False,ha1_na_full,G,fit
H1N1,north,2018,6B.1A.5a,6B.1A,-0.055078,False,ha1_na_full,G,fit
H1N1,south,2019,6B.1A.5a,6B.1A,-0.128113,False,ha1_na_full,G,fit
H1N1,north,2019,6B.1A.5a.1,6B.1A.5a,-0.038509,False,ha1_na_full,G,fit
H1N1,south,2020,6B.1A.5a.2,6B.1A.7,-0.609202,False,ha1_na_full,G,fit
H1N1,north,2020,6B.1A.5a.1,6B.1A.5a.1,-0.03903,True,ha1_na_full,G,fit
H1N1,south,2021,6B.1A.5a.1,6B.1A.5a,-0.161786,False,ha1_na_full,G,fit
H1N1,north,2021,6B.1A.5a.1,6B.1A.5a.1,-0.217622,True,ha1_na_full,G,fit
H1N1,south,2022,6B.1A.5a.2a,6B.1A.5a.1,-0.094693,False,ha1_na_full,G,fit
H1N1,north,2022,6B.1A.5a.2a,6B.1A.5a.1,-0.096064,False,ha1_na_full,G,fit
H1N1,south,2023,6B.1A.5a.2a,6B.1A.5a.1,-0.058029,False,ha1_na_full,G,fit
H1N1,north,2023,6B.1A.5a.2a,6B.1A.5a.2a.1,-0.058523,False,ha1_na_full,G,fit
H1N1,south,2024,6B.1A.5a.2a,6B.1A.5a.2a.1,-0.090482,False,ha1_na_full,G,fit
H1N1,north,2024,6B.1A.5a.2a,6B.1A.5a.2a,-3.5e-05,True,ha1_na_full,G,fit
H3N2,south,2013,3C.3a,3C.2,-0.400834,False,ha1_na_full,G,fit
H3N2,north,2013,3C.3a,3C.3a,-0.400834,True,ha1_na_full,G,fit
H3N2,south,2014,3C.3a,,,False,ha1_na_full,G,fit
H3N2,north,2014,3C.2,3C.3a,-0.693147,False,ha1_na_full,G,fit
H3N2,south,2015,3C.2,3C.3a,-0.157614,False,ha1_na_full,G,fit
H3N2,north,2015,3C.2,3C.2,-0.157614,True,ha1_na_full,G,fit
H3N2,south,2016,3C.2a,3C.2,-0.157614,False,ha1_na_full,G,fit
H3N2,north,2016,3C.2a1,3C.2a,-0.060639,False,ha1_na_full,G,fit
H3N2,south,2017,3C.2a1,3C.2a,-0.167439,False,ha1_na_full,G,fit
H3N2,north,2017,3C.2a2,3C.2a1,-0.014888,False,ha1_na_full,G,fit
H3N2,south,2018,3C.2a2,3C.2a1,-0.021261,False,ha1_na_full,G,fit
H3N2,north,2018,3C.2a1b.1,3C.2a2,-0.070132,False,ha1_na_full,G,fit
H3N2,south,2019,3C.3a1,3C.2a2,-0.008696,False,ha1_na_full,G,fit
H3N2,north,2019,3C.3a1,3C.2a1b.2,-0.625584,False,ha1_na_full,G,fit
H3N2,south,2020,3C.3a1,3C.3a1,-0.591719,True,ha1_na_full,G,fit
H3N2,north,2020,3C.2a1b.2a.2,3C.2a1b.2b,-0.609461,False,ha1_na_full,G,fit
H3N2,south,2021,3C.2a1b.2a.2c,3C.2a1b.1a,-0.613498,False,ha1_na_full,G,fit
H3N2,north,2021,3C.2a1b.2a.2a.1a,3C.2a1b.2a.1a,-0.693147,False,ha1_na_full,G,fit
H3N2,south,2022,3C.2a1b.2a.2a.1,3C.2a1b.2a.1,-0.693147,False,ha1_na_full,G,fit
H3N2,north,2022,3C.2a1b.2a.2b,3C.2a1b.2a.2a.1,-0.628761,False,ha1_na_full,G,fit
H3N2,south,2023,3C.2a1b.2a.2a.3a.1,3C.2a1b.2a.2a.1a,-0.587121,False,ha1_na_full,G,fit
H3N2,north,2023,3C.2a1b.2a.2a.3a.1,3C.2a1b.2a.2a.1,-0.600979,False,ha1_na_full,G,fit
H3N2,south,2024,3C.2a1b.2a.2a.3a.1,3C.2a1b.2a.2a.3a.1,-0.631007,True,ha1_na_full,G,fit
H3N2,north,2024,3C.2a1b.2a.2a.3a.1,3C.2a1b.2a.2a.3a.1,-0.658417,True,ha1_na_full,G,fit
Victoria,south,2013,V1A,V1A,-0.400834,True,ha1_na_full,G,fit
Victoria,north,2013,V1A,V1A,-0.400834,True,ha1_na_full,G,fit
Victoria,south,2014,V1A,V1A,-0.693147,True,ha1_na_full,G,fit
Victoria,north,2014,V1A,V1A,-0.658417,True,ha1_na_full,G,fit
Victoria,south,2015,V1A,V1A,-0.693147,True,ha1_na_full,G,fit
Victoria,north,2015,V1A,V1A,-0.217622,True,ha1_na_full,G,fit
Victoria,south,2016,V1A,V1A,-0.217622,True,ha1_na_full,G,fit
Victoria,north,2016,V1A,V1A,-0.693147,True,ha1_na_full,G,fit
Victoria,south,2017,V1A,V1A,-0.693147,True,ha1_na_full,G,fit
Victoria,north,2017,V1A,V1A,-0.096609,True,ha1_na_full,G,fit
Victoria,south,2018,V1A.1,V1A,-0.263092,False,ha1_na_full,G,fit
Victoria,north,2018,V1A.1,V1A.1,-0.118437,True,ha1_na_full,G,fit
Victoria,south,2019,V1A.3,V1A.1,-0.0495,False,ha1_na_full,G,fit
Victoria,north,2019,V1A.3,V1A.3,-3e-06,True,ha1_na_full,G,fit
Victoria,south,2020,V1A.3,V1A.3,-0.029182,True,ha1_na_full,G,fit
Victoria,north,2020,V1A.3a.1,V1A.3,-0.060529,False,ha1_na_full,G,fit
Victoria,south,2021,V1A.3a.2,V1A.3,-0.0,False,ha1_na_full,G,fit
Victoria,north,2021,V1A.3a.2,V1A.3a.2,-0.000154,True,ha1_na_full,G,fit
Victoria,south,2022,V1A.3a.2,V1A.3a,-0.000642,False,ha1_na_full,G,fit
Victoria,north,2022,V1A.3a.2,V1A.3a.2,-0.083915,True,ha1_na_full,G,fit
Victoria,south,2023,V1A.3a.2,V1A.3a.2,-0.040143,True,ha1_na_full,G,fit
Victoria,north,2023,V1A.3a.2,V1A.3a.2,-0.693147,True,ha1_na_full,G,fit
Victoria,south,2024,V1A.3a.2,V1A.3a.2,-0.157614,True,ha1_na_full,G,fit
Victoria,north,2024,V1A.3a.2,V1A.3a.2,-0.693147,True,ha1_na_full,G,fit
H1N1,south,2013,6B.1,6B.1,1.0,True,ha1_na_full,G,freq
H1N1,north,2013,6B.1,6B.1,1.0,True,ha1_na_full,G,freq
H1N1,south,2014,6B.1,6B.1,1.0,True,ha1_na_full,G,freq
H1N1,north,2014,6B.1,6B.1,0.999995,True,ha1_na_full,G,freq
H1N1,south,2015,6B.1,6B.1,0.999991,True,ha1_na_full,G,freq
H1N1,north,2015,6B.1,6B.1,0.877913,True,ha1_na_full,G,freq
H1N1,south,2016,6B.1,6B.1,0.875642,True,ha1_na_full,G,freq
H1N1,north,2016,6B.1,6B.1,0.844485,True,ha1_na_full,G,freq
H1N1,south,2017,6B.1,6B.1,0.963493,True,ha1_na_full,G,freq
H1N1,north,2017,6B.1A,6B.1,0.99591,False,ha1_na_full,G,freq
H1N1,south,2018,6B.1A,6B.1,0.951965,False,ha1_na_full,G,freq
H1N1,north,2018,6B.1A.5a,6B.1A,0.861432,False,ha1_na_full,G,freq
H1N1,south,2019,6B.1A.5a,6B.1A,0.584744,False,ha1_na_full,G,freq
H1N1,north,2019,6B.1A.5a.1,6B.1A.5a,0.418378,False,ha1_na_full,G,freq
H1N1,south,2020,6B.1A.5a.2,6B.1A.5a,0.52522,False,ha1_na_full,G,freq
H1N1,north,2020,6B.1A.5a.1,6B.1A.5a.1,0.624121,True,ha1_na_full,G,freq
H1N1,south,2021,6B.1A.5a.1,6B.1A.5a.1,0.495651,True,ha1_na_full,G,freq
H1N1,north,2021,6B.1A.5a.1,6B.1A.5a.1,0.966435,True,ha1_na_full,G,freq
H1N1,south,2022,6B.1A.5a.2a,6B.1A.5a.1,0.987325,False,ha1_na_full,G,freq
H1N1,north,2022,6B.1A.5a.2a,6B.1A.5a.2a,0.509299,True,ha1_na_full,G,freq
H1N1,south,2023,6B.1A.5a.2a,6B.1A.5a.1,0.597886,False,ha1_na_full,G,freq
H1N1,north,2023,6B.1A.5a.2a,6B.1A.5a.2a.1,0.633005,False,ha1_na_full,G,freq
H1N1,south,2024,6B.1A.5a.2a,6B.1A.5a.2a.1,0.804325,False,ha1_na_full,G,freq
H1N1,north,2024,6B.1A.5a.2a,6B.1A.5a.2a,0.768401,True,ha1_na_full,G,freq
H3N2,south,2013,3C.3a,3C.2,0.878106,False,ha1_na_full,G,freq
H3N2,north,2013,3C.3a,3C.3a,0.519614,True,ha1_na_full,G,freq
H3N2,south,2014,3C.3a,,,False,ha1_na_full,G,freq
H3N2,north,2014,3C.2,3C.3a,1.0,False,ha1_na_full,G,freq
H3N2,south,2015,3C.2,3C.3a,0.93064,False,ha1_na_full,G,freq
H3N2,north,2015,3C.2,3C.2,0.911912,True,ha1_na_full,G,freq
H3N2,south,2016,3C.2a,3C.2,0.950665,False,ha1_na_full,G,freq
H3N2,north,2016,3C.2a1,3C.2a,0.502348,False,ha1_na_full,G,freq
H3N2,south,2017,3C.2a1,3C.2a,0.420334,False,ha1_na_full,G,freq
H3N2,north,2017,3C.2a2,3C.2a1,0.52276,False,ha1_na_full,G,freq
H3N2,south,2018,3C.2a2,3C.2a1,0.564585,False,ha1_na_full,G,freq
H3N2,north,2018,3C.2a1b.1,3C.2a2,0.648994,False,ha1_na_full,G,freq
H3N2,south,2019,3C.3a1,3C.2a2,0.869316,False,ha1_na_full,G,freq
H3N2,north,2019,3C.3a1,3C.2a1b.1,0.388115,False,ha1_na_full,G,freq
H3N2,south,2020,3C.3a1,3C.3a1,0.5707,True,ha1_na_full,G,freq
H3N2,north,2020,3C.2a1b.2a.2,3C.2a1b.2b,0.311937,False,ha1_na_full,G,freq
H3N2,south,2021,3C.2a1b.2a.2c,3C.3a1,0.415509,False,ha1_na_full,G,freq
H3N2,north,2021,3C.2a1b.2a.2a.1a,3C.2a1b.2a.1a,1.0,False,ha1_na_full,G,freq
H3N2,south,2022,3C.2a1b.2a.2a.1,3C.2a1b.2a.1,1.0,False,ha1_na_full,G,freq
H3N2,north,2022,3C.2a1b.2a.2b,3C.2a1b.2a.2a.1a,0.446843,False,ha1_na_full,G,freq
H3N2,south,2023,3C.2a1b.2a.2a.3a.1,3C.2a1b.2a.2a.1,0.479049,False,ha1_na_full,G,freq
H3N2,north,2023,3C.2a1b.2a.2a.3a.1,3C.2a1b.2a.2b,0.574954,False,ha1_na_full,G,freq
H3N2,south,2024,3C.2a1b.2a.2a.3a.1,3C.2a1b.2a.2a.3a.1,0.458508,True,ha1_na_full,G,freq
H3N2,north,2024,3C.2a1b.2a.2a.3a.1,3C.2a1b.2a.2a.3a.1,0.990231,True,ha1_na_full,G,freq
Victoria,south,2013,V1A,V1A,0.947534,True,ha1_na_full,G,freq
Victoria,north,2013,V1A,V1A,0.946448,True,ha1_na_full,G,freq
Victoria,south,2014,V1A,V1A,1.0,True,ha1_na_full,G,freq
Victoria,north,2014,V1A,V1A,0.88542,True,ha1_na_full,G,freq
Victoria,south,2015,V1A,V1A,1.0,True,ha1_na_full,G,freq
Victoria,north,2015,V1A,V1A,0.991392,True,ha1_na_full,G,freq
Victoria,south,2016,V1A,V1A,0.996186,True,ha1_na_full,G,freq
Victoria,north,2016,V1A,V1A,1.0,True,ha1_na_full,G,freq
Victoria,south,2017,V1A,V1A,1.0,True,ha1_na_full,G,freq
Victoria,north,2017,V1A,V1A,0.993425,True,ha1_na_full,G,freq
Victoria,south,2018,V1A.1,V1A,0.828013,False,ha1_na_full,G,freq
Victoria,north,2018,V1A.1,V1A,0.593934,False,ha1_na_full,G,freq
Victoria,south,2019,V1A.3,V1A.1,0.899237,False,ha1_na_full,G,freq
Victoria,north,2019,V1A.3,V1A.3,0.643632,True,ha1_na_full,G,freq
Victoria,south,2020,V1A.3,V1A.3,0.809187,True,ha1_na_full,G,freq
Victoria,north,2020,V1A.3a.1,V1A.3,0.95748,False,ha1_na_full,G,freq
Victoria,south,2021,V1A.3a.2,V1A.3,0.9965,False,ha1_na_full,G,freq
Victoria,north,2021,V1A.3a.2,V1A.3,0.54317,False,ha1_na_full,G,freq
Victoria,south,2022,V1A.3a.2,V1A.3a.1,0.503151,False,ha1_na_full,G,freq
Victoria,north,2022,V1A.3a.2,V1A.3a.2,0.883268,True,ha1_na_full,G,freq
Victoria,south,2023,V1A.3a.2,V1A.3a.2,0.926896,True,ha1_na_full,G,freq
Victoria,north,2023,V1A.3a.2,V1A.3a.2,1.0,True,ha1_na_full,G,freq
Victoria,south,2024,V1A.3a.2,V1A.3a.2,0.9996,True,ha1_na_full,G,freq
Victoria,north,2024,V1A.3a.2,V1A.3a.2,1.0,True,ha1_na_full,G,freq
H1N1,south,2013,6B.1,6B.1,-0.693147,True,ha1_na_full,D,fit
H1N1,north,2013,6B.1,6B.1,-0.693147,True,ha1_na_full,D,fit
H1N1,south,2014,6B.1,6B.1,-0.693147,True,ha1_na_full,D,fit
H1N1,north,2014,6B.1,6B.1,-0.000849,True,ha1_na_full,D,fit
H1N1,south,2015,6B.1,6B.1,-0.000849,True,ha1_na_full,D,fit
H1N1,north,2015,6B.1,6B.1,-0.658417,True,ha1_na_full,D,fit
H1N1,south,2016,6B.1,6B.1,-0.658417,True,ha1_na_full,D,fit
H1N1,north,2016,6B.1,6B.1,-0.658417,True,ha1_na_full,D,fit
H1N1,south,2017,6B.1,6B.1,-0.658417,True,ha1_na_full,D,fit
H1N1,north,2017,6B.1A,6B.1,-0.217622,False,ha1_na_full,D,fit
H1N1,south,2018,6B.1A,6B.1,-0.096549,False,ha1_na_full,D,fit
H1N1,north,2018,6B.1A.5a,6B.1A,-0.028491,False,ha1_na_full,D,fit
H1N1,south,2019,6B.1A.5a,6B.1A.1,-0.022863,False,ha1_na_full,D,fit
H1N1,north,2019,6B.1A.5a.1,6B.1A.1,-0.594576,False,ha1_na_full,D,fit
H1N1,south,2020,6B.1A.5a.2,6B.1A.5a,-0.570668,False,ha1_na_full,D,fit
H1N1,north,2020,6B.1A.5a.1,6B.1A.5a.1,-0.01862,True,ha1_na_full,D,fit
H1N1,south,2021,6B.1A.5a.1,6B.1A.5a.2,-0.011079,False,ha1_na_full,D,fit
H1N1,north,2021,6B.1A.5a.1,6B.1A.5a.1,-0.090482,True,ha1_na_full,D,fit
H1N1,south,2022,6B.1A.5a.2a,6B.1A.5a.1,-0.038293,False,ha1_na_full,D,fit
H1N1,north,2022,6B.1A.5a.2a,6B.1A.1,-0.136233,False,ha1_na_full,D,fit
H1N1,south,2023,6B.1A.5a.2a,6B.1A.5a.1,-0.133517,False,ha1_na_full,D,fit
H1N1,north,2023,6B.1A.5a.2a,6B.1A.5a.2a,-0.033497,True,ha1_na_full,D,fit
H1N1,south,2024,6B.1A.5a.2a,6B.1A.5a.2a,-0.090482,True,ha1_na_full,D,fit
H1N1,north,2024,6B.1A.5a.2a,6B.1A.5a.2a.1,-0.054053,False,ha1_na_full,D,fit
H3N2,south,2013,3C.3a,3C.3a,-0.400834,True,ha1_na_full,D,fit
H3N2,north,2013,3C.3a,3C.2,-0.400834,False,ha1_na_full,D,fit
H3N2,south,2014,3C.3a,,,False,ha1_na_full,D,fit
H3N2,north,2014,3C.2,3C.3a,-0.693147,False,ha1_na_full,D,fit
H3N2,south,2015,3C.2,3C.3a,-0.217622,False,ha1_na_full,D,fit
H3N2,north,2015,3C.2,3C.2,-0.217622,True,ha1_na_full,D,fit
H3N2,south,2016,3C.2a,3C.2,-0.658417,False,ha1_na_full,D,fit
H3N2,north,2016,3C.2a1,3C.2,-0.096398,False,ha1_na_full,D,fit
H3N2,south,2017,3C.2a1,3C.3a,-0.631214,False,ha1_na_full,D,fit
H3N2,north,2017,3C.2a2,3C.2a3,-0.632174,False,ha1_na_full,D,fit
H3N2,south,2018,3C.2a2,3C.2a3,-0.614799,False,ha1_na_full,D,fit
H3N2,north,2018,3C.2a1b.1,3C.2,-0.616261,False,ha1_na_full,D,fit
H3N2,south,2019,3C.3a1,3C.2a2,-0.602833,False,ha1_na_full,D,fit
H3N2,north,2019,3C.3a1,3C.3a1,-0.630535,True,ha1_na_full,D,fit
H3N2,south,2020,3C.3a1,3C.2a1b.2,-0.645883,False,ha1_na_full,D,fit
H3N2,north,2020,3C.2a1b.2a.2,3C.3a1,-0.622734,False,ha1_na_full,D,fit
H3N2,south,2021,3C.2a1b.2a.2c,3C.3a1,-0.596402,False,ha1_na_full,D,fit
H3N2,north,2021,3C.2a1b.2a.2a.1a,3C.2a1b.2a.1a,-0.693147,False,ha1_na_full,D,fit
H3N2,south,2022,3C.2a1b.2a.2a.1,3C.2a1b.2a.1,-0.693147,False,ha1_na_full,D,fit
H3N2,north,2022,3C.2a1b.2a.2b,3C.2a1b.2a.2a.3,-0.617809,False,ha1_na_full,D,fit
H3N2,south,2023,3C.2a1b.2a.2a.3a.1,3C.2a1b.2a.2a.1,-0.55459,False,ha1_na_full,D,fit
H3N2,north,2023,3C.2a1b.2a.2a.3a.1,3C.2a1b.2a.2b,-0.571388,False,ha1_na_full,D,fit
H3N2,south,2024,3C.2a1b.2a.2a.3a.1,3C.2a1b.2a.2a.3a.1,-0.638301,True,ha1_na_full,D,fit
H3N2,north,2024,3C.2a1b.2a.2a.3a.1,3C.2a1b.2a.2a.3a.1,-0.658417,True,ha1_na_full,D,fit
Victoria,south,2013,V1A,V1A,-0.400834,True,ha1_na_full,D,fit
Victoria,north,2013,V1A,V1A,-0.693147,True,ha1_na_full,D,fit
Victoria,south,2014,V1A,V1A,-0.693147,True,ha1_na_full,D,fit
Victoria,north,2014,V1A,V1A,-0.090482,True,ha1_na_full,D,fit
Victoria,south,2015,V1A,V1A,-0.693147,True,ha1_na_full,D,fit
Victoria,north,2015,V1A,V1A,-0.217622,True,ha1_na_full,D,fit
Victoria,south,2016,V1A,V1A,-0.217622,True,ha1_na_full,D,fit
Victoria,north,2016,V1A,V1A,-0.693147,True,ha1_na_full,D,fit
Victoria,south,2017,V1A,V1A,-0.693147,True,ha1_na_full,D,fit
Victoria,north,2017,V1A,V1A,-0.021104,True,ha1_na_full,D,fit
Victoria,south,2018,V1A.1,V1A,-0.026312,False,ha1_na_full,D,fit
Victoria,north,2018,V1A.1,V1A,-0.034413,False,ha1_na_full,D,fit
Victoria,south,2019,V1A.3,V1A.1,-0.050537,False,ha1_na_full,D,fit
Victoria,north,2019,V1A.3,V1A.1,-0.238495,False,ha1_na_full,D,fit
Victoria,south,2020,V1A.3,V1A.3,-0.634788,True,ha1_na_full,D,fit
Victoria,north,2020,V1A.3a.1,V1A.3,-0.148865,False,ha1_na_full,D,fit
Victoria,south,2021,V1A.3a.2,V1A.3,-0.048831,False,ha1_na_full,D,fit
Victoria,north,2021,V1A.3a.2,V1A.3,-0.273952,False,ha1_na_full,D,fit
Victoria,south,2022,V1A.3a.2,V1A.3,-0.074786,False,ha1_na_full,D,fit
Victoria,north,2022,V1A.3a.2,V1A.3a.1,-0.64543,False,ha1_na_full,D,fit
Victoria,south,2023,V1A.3a.2,V1A.3a.2,-0.222703,True,ha1_na_full,D,fit
Victoria,north,2023,V1A.3a.2,V1A.3a.2,-0.693147,True,ha1_na_full,D,fit
Victoria,south,2024,V1A.3a.2,V1A.3a.2,-0.217622,True,ha1_na_full,D,fit
Victoria,north,2024,V1A.3a.2,V1A.3a.2,-0.693147,True,ha1_na_full,D,fit
H1N1,south,2013,6B.1,6B.1,1.0,True,ha1_na_full,D,freq
H1N1,north,2013,6B.1,6B.1,1.0,True,ha1_na_full,D,freq
H1N1,south,2014,6B.1,6B.1,1.0,True,ha1_na_full,D,freq
H1N1,north,2014,6B.1,6B.1,0.999995,True,ha1_na_full,D,freq
H1N1,south,2015,6B.1,6B.1,0.999991,True,ha1_na_full,D,freq
H1N1,north,2015,6B.1,6B.1,0.877913,True,ha1_na_full,D,freq
H1N1,south,2016,6B.1,6B.1,0.875642,True,ha1_na_full,D,freq
H1N1,north,2016,6B.1,6B.1,0.844485,True,ha1_na_full,D,freq
H1N1,south,2017,6B.1,6B.1,0.963493,True,ha1_na_full,D,freq
H1N1,north,2017,6B.1A,6B.1,0.99591,False,ha1_na_full,D,freq
H1N1,south,2018,6B.1A,6B.1,0.967974,False,ha1_na_full,D,freq
H1N1,north,2018,6B.1A.5a,6B.1A,0.887187,False,ha1_na_full,D,freq
H1N1,south,2019,6B.1A.5a,6B.1A.1,0.510258,False,ha1_na_full,D,freq
H1N1,north,2019,6B.1A.5a.1,6B.1A.5a,0.285382,False,ha1_na_full,D,freq
H1N1,south,2020,6B.1A.5a.2,6B.1A.5a,0.54032,False,ha1_na_full,D,freq
H1N1,north,2020,6B.1A.5a.1,6B.1A.5a.1,0.577293,True,ha1_na_full,D,freq
H1N1,south,2021,6B.1A.5a.1,6B.1A.5a.2,0.508626,False,ha1_na_full,D,freq
H1N1,north,2021,6B.1A.5a.1,6B.1A.5a.1,0.986652,True,ha1_na_full,D,freq
H1N1,south,2022,6B.1A.5a.2a,6B.1A.5a.1,0.977314,False,ha1_na_full,D,freq
H1N1,north,2022,6B.1A.5a.2a,6B.1A.5a.2a,0.9496,True,ha1_na_full,D,freq
H1N1,south,2023,6B.1A.5a.2a,6B.1A.5a.1,0.52734,False,ha1_na_full,D,freq
H1N1,north,2023,6B.1A.5a.2a,6B.1A.5a.2a,0.611306,True,ha1_na_full,D,freq
H1N1,south,2024,6B.1A.5a.2a,6B.1A.5a.2a,0.964446,True,ha1_na_full,D,freq
H1N1,north,2024,6B.1A.5a.2a,6B.1A.5a.2a.1,0.536787,False,ha1_na_full,D,freq
H3N2,south,2013,3C.3a,3C.2,0.636546,False,ha1_na_full,D,freq
H3N2,north,2013,3C.3a,3C.2,0.791784,False,ha1_na_full,D,freq
H3N2,south,2014,3C.3a,,,False,ha1_na_full,D,freq
H3N2,north,2014,3C.2,3C.3a,1.0,False,ha1_na_full,D,freq
H3N2,south,2015,3C.2,3C.3a,0.904045,False,ha1_na_full,D,freq
H3N2,north,2015,3C.2,3C.2,0.87907,True,ha1_na_full,D,freq
H3N2,south,2016,3C.2a,3C.2,0.779281,False,ha1_na_full,D,freq
H3N2,north,2016,3C.2a1,3C.2,0.872476,False,ha1_na_full,D,freq
H3N2,south,2017,3C.2a1,3C.3a,0.38604,False,ha1_na_full,D,freq
H3N2,north,2017,3C.2a2,3C.2a1,0.311109,False,ha1_na_full,D,freq
H3N2,south,2018,3C.2a2,3C.2a1,0.41594,False,ha1_na_full,D,freq
H3N2,north,2018,3C.2a1b.1,3C.2a2,0.526269,False,ha1_na_full,D,freq
H3N2,south,2019,3C.3a1,3C.2a2,0.730227,False,ha1_na_full,D,freq
H3N2,north,2019,3C.3a1,3C.2a1b.1,0.377854,False,ha1_na_full,D,freq
H3N2,south,2020,3C.3a1,3C.3a1,0.52975,True,ha1_na_full,D,freq
H3N2,north,2020,3C.2a1b.2a.2,3C.2a1b.2b,0.293465,False,ha1_na_full,D,freq
H3N2,south,2021,3C.2a1b.2a.2c,3C.3a1,0.449249,False,ha1_na_full,D,freq
H3N2,north,2021,3C.2a1b.2a.2a.1a,3C.2a1b.2a.1a,1.0,False,ha1_na_full,D,freq
H3N2,south,2022,3C.2a1b.2a.2a.1,3C.2a1b.2a.1,1.0,False,ha1_na_full,D,freq
H3N2,north,2022,3C.2a1b.2a.2b,3C.2a1b.2a.2a.1a,0.439163,False,ha1_na_full,D,freq
H3N2,south,2023,3C.2a1b.2a.2a.3a.1,3C.2a1b.2a.2a.1,0.506211,False,ha1_na_full,D,freq
H3N2,north,2023,3C.2a1b.2a.2a.3a.1,3C.2a1b.2a.2b,0.603834,False,ha1_na_full,D,freq
H3N2,south,2024,3C.2a1b.2a.2a.3a.1,3C.2a1b.2a.2a.3a.1,0.449094,True,ha1_na_full,D,freq
H3N2,north,2024,3C.2a1b.2a.2a.3a.1,3C.2a1b.2a.2a.3a.1,0.990231,True,ha1_na_full,D,freq
Victoria,south,2013,V1A,V1A,0.947534,True,ha1_na_full,D,freq
Victoria,north,2013,V1A,V1A,0.897059,True,ha1_na_full,D,freq
Victoria,south,2014,V1A,V1A,1.0,True,ha1_na_full,D,freq
Victoria,north,2014,V1A,V1A,0.987018,True,ha1_na_full,D,freq
Victoria,south,2015,V1A,V1A,1.0,True,ha1_na_full,D,freq
Victoria,north,2015,V1A,V1A,0.991392,True,ha1_na_full,D,freq
Victoria,south,2016,V1A,V1A,0.996186,True,ha1_na_full,D,freq
Victoria,north,2016,V1A,V1A,1.0,True,ha1_na_full,D,freq
Victoria,south,2017,V1A,V1A,1.0,True,ha1_na_full,D,freq
Victoria,north,2017,V1A,V1A,0.996935,True,ha1_na_full,D,freq
Victoria,south,2018,V1A.1,V1A,0.932059,False,ha1_na_full,D,freq
Victoria,north,2018,V1A.1,V1A,0.848236,False,ha1_na_full,D,freq
Victoria,south,2019,V1A.3,V1A.1,0.871399,False,ha1_na_full,D,freq
Victoria,north,2019,V1A.3,V1A.1,0.434931,False,ha1_na_full,D,freq
Victoria,south,2020,V1A.3,V1A.3,0.629542,True,ha1_na_full,D,freq
Victoria,north,2020,V1A.3a.1,V1A.3,0.934416,False,ha1_na_full,D,freq
Victoria,south,2021,V1A.3a.2,V1A.3,0.990205,False,ha1_na_full,D,freq
Victoria,north,2021,V1A.3a.2,V1A.3a.1,0.813479,False,ha1_na_full,D,freq
Victoria,south,2022,V1A.3a.2,V1A.3a.1,0.460236,False,ha1_na_full,D,freq
Victoria,north,2022,V1A.3a.2,V1A.3a.2,0.700278,True,ha1_na_full,D,freq
Victoria,south,2023,V1A.3a.2,V1A.3a.2,0.918381,True,ha1_na_full,D,freq
Victoria,north,2023,V1A.3a.2,V1A.3a.2,1.0,True,ha1_na_full,D,freq
Victoria,south,2024,V1A.3a.2,V1A.3a.2,0.999431,True,ha1_na_full,D,freq
Victoria,north,2024,V1A.3a.2,V1A.3a.2,1.0,True,ha1_na_full,D,freq
H1N1,south,2013,6B.1,6B.1,-1.386294,True,ha1_na_full,E+G,fit
H1N1,north,2013,6B.1,6B.1,-1.386294,True,ha1_na_full,E+G,fit
H1N1,south,2014,6B.1,6B.1,-1.386294,True,ha1_na_full,E+G,fit
H1N1,north,2014,6B.1,6B.1,-0.001698,True,ha1_na_full,E+G,fit
H1N1,south,2015,6B.1,6B.1,-0.693996,True,ha1_na_full,E+G,fit
H1N1,north,2015,6B.1,6B.1,-1.316833,True,ha1_na_full,E+G,fit
H1N1,south,2016,6B.1,6B.1,-1.387544,True,ha1_na_full,E+G,fit
H1N1,north,2016,6B.1,6B.1,-1.387544,True,ha1_na_full,E+G,fit
H1N1,south,2017,6B.1,6B.1,-0.997425,True,ha1_na_full,E+G,fit
H1N1,north,2017,6B.1A,6B.1,-0.876038,False,ha1_na_full,E+G,fit
H1N1,south,2018,6B.1A,6B.1,-0.753258,False,ha1_na_full,E+G,fit
H1N1,north,2018,6B.1A.5a,6B.1A,-0.749853,False,ha1_na_full,E+G,fit
H1N1,south,2019,6B.1A.5a,6B.1A,-0.799461,False,ha1_na_full,E+G,fit
H1N1,north,2019,6B.1A.5a.1,6B.1A.5a,-0.00699,False,ha1_na_full,E+G,fit
H1N1,south,2020,6B.1A.5a.2,6B.1A.5b,-0.000717,False,ha1_na_full,E+G,fit
H1N1,north,2020,6B.1A.5a.1,6B.1A.5a.1,-0.329589,True,ha1_na_full,E+G,fit
H1N1,south,2021,6B.1A.5a.1,6B.1A.5a,-0.898768,False,ha1_na_full,E+G,fit
H1N1,north,2021,6B.1A.5a.1,6B.1A.5a.1,-0.946749,True,ha1_na_full,E+G,fit
H1N1,south,2022,6B.1A.5a.2a,6B.1A.5a.1,-0.767802,False,ha1_na_full,E+G,fit
H1N1,north,2022,6B.1A.5a.2a,6B.1A.5a.1,-0.763818,False,ha1_na_full,E+G,fit
H1N1,south,2023,6B.1A.5a.2a,6B.1A.5a.1,-0.808456,False,ha1_na_full,E+G,fit
H1N1,north,2023,6B.1A.5a.2a,6B.1A.5a.2a.1,-0.72322,False,ha1_na_full,E+G,fit
H1N1,south,2024,6B.1A.5a.2a,6B.1A.5a.2a.1,-1.349421,False,ha1_na_full,E+G,fit
H1N1,north,2024,6B.1A.5a.2a,6B.1A.5a.2a,-0.570626,True,ha1_na_full,E+G,fit
H3N2,south,2013,3C.3a,3C.2,-1.508774,False,ha1_na_full,E+G,fit
H3N2,north,2013,3C.3a,3C.3a,-0.801667,True,ha1_na_full,E+G,fit
H3N2,south,2014,3C.3a,,,False,ha1_na_full,E+G,fit
H3N2,north,2014,3C.2,3C.3a,-1.386294,False,ha1_na_full,E+G,fit
H3N2,south,2015,3C.2,3C.2,-0.97554,True,ha1_na_full,E+G,fit
H3N2,north,2015,3C.2,3C.3a,-0.97554,False,ha1_na_full,E+G,fit
H3N2,south,2016,3C.2a,3C.3a,-0.886741,False,ha1_na_full,E+G,fit
H3N2,north,2016,3C.2a1,3C.2,-0.872059,False,ha1_na_full,E+G,fit
H3N2,south,2017,3C.2a1,3C.3a,-0.702851,False,ha1_na_full,E+G,fit
H3N2,north,2017,3C.2a2,3C.3a,-0.742213,False,ha1_na_full,E+G,fit
H3N2,south,2018,3C.2a2,3C.2,-0.72316,False,ha1_na_full,E+G,fit
H3N2,north,2018,3C.2a1b.1,3C.2,-0.8193,False,ha1_na_full,E+G,fit
H3N2,south,2019,3C.3a1,3C.3a1,-0.704964,True,ha1_na_full,E+G,fit
H3N2,north,2019,3C.3a1,3C.3a1,-0.712234,True,ha1_na_full,E+G,fit
H3N2,south,2020,3C.3a1,3C.2a1b.2b,-0.771959,False,ha1_na_full,E+G,fit
H3N2,north,2020,3C.2a1b.2a.2,3C.3a1,-0.735545,False,ha1_na_full,E+G,fit
H3N2,south,2021,3C.2a1b.2a.2c,3C.2a1b.1a,-0.725209,False,ha1_na_full,E+G,fit
H3N2,north,2021,3C.2a1b.2a.2a.1a,3C.2a1b.2a.1a,-1.386294,False,ha1_na_full,E+G,fit
H3N2,south,2022,3C.2a1b.2a.2a.1,3C.2a1b.2a.1,-1.386294,False,ha1_na_full,E+G,fit
H3N2,north,2022,3C.2a1b.2a.2b,3C.2a1b.2a.2a.3,-0.702303,False,ha1_na_full,E+G,fit
H3N2,south,2023,3C.2a1b.2a.2a.3a.1,3C.2a1b.2a.2a.3a.1,-0.716132,True,ha1_na_full,E+G,fit
H3N2,north,2023,3C.2a1b.2a.2a.3a.1,3C.2a1b.2a.2b,-0.702372,False,ha1_na_full,E+G,fit
H3N2,south,2024,3C.2a1b.2a.2a.3a.1,3C.2a1b.2a.2b,-0.765617,False,ha1_na_full,E+G,fit
H3N2,north,2024,3C.2a1b.2a.2a.3a.1,3C.2a1b.2a.2a.3a.1,-0.81603,True,ha1_na_full,E+G,fit
Victoria,south,2013,V1A,V1A,-0.801667,True,ha1_na_full,E+G,fit
Victoria,north,2013,V1A,V1A,-1.508774,True,ha1_na_full,E+G,fit
Victoria,south,2014,V1A,V1A,-1.386294,True,ha1_na_full,E+G,fit
Victoria,north,2014,V1A,V1A,-0.48592,True,ha1_na_full,E+G,fit
Victoria,south,2015,V1A,V1A,-1.386294,True,ha1_na_full,E+G,fit
Victoria,north,2015,V1A,V1A,-0.746673,True,ha1_na_full,E+G,fit
Victoria,south,2016,V1A,V1A,-0.746673,True,ha1_na_full,E+G,fit
Victoria,north,2016,V1A,V1A,-1.386294,True,ha1_na_full,E+G,fit
Victoria,south,2017,V1A,V1A,-1.386294,True,ha1_na_full,E+G,fit
Victoria,north,2017,V1A,V1A.1,-1.190684,False,ha1_na_full,E+G,fit
Victoria,south,2018,V1A.1,V1A.1,-0.67711,True,ha1_na_full,E+G,fit
Victoria,north,2018,V1A.1,V1A.1,-0.417809,True,ha1_na_full,E+G,fit
Victoria,south,2019,V1A.3,V1A,-1.31237,False,ha1_na_full,E+G,fit
Victoria,north,2019,V1A.3,V1A.3,-0.199509,True,ha1_na_full,E+G,fit
Victoria,south,2020,V1A.3,V1A,-1.367185,False,ha1_na_full,E+G,fit
Victoria,north,2020,V1A.3a.1,V1A.3,-1.287778,False,ha1_na_full,E+G,fit
Victoria,south,2021,V1A.3a.2,V1A.3,-0.110022,False,ha1_na_full,E+G,fit
Victoria,north,2021,V1A.3a.2,V1A.3a.2,-0.16094,True,ha1_na_full,E+G,fit
Victoria,south,2022,V1A.3a.2,V1A.3a.2,-0.174613,True,ha1_na_full,E+G,fit
Victoria,north,2022,V1A.3a.2,V1A.3a.2,-1.589487,True,ha1_na_full,E+G,fit
Victoria,south,2023,V1A.3a.2,V1A.3a.2,-0.408712,True,ha1_na_full,E+G,fit
Victoria,north,2023,V1A.3a.2,V1A.3a.2,-1.386294,True,ha1_na_full,E+G,fit
Victoria,south,2024,V1A.3a.2,V1A.3a.2,-0.435243,True,ha1_na_full,E+G,fit
Victoria,north,2024,V1A.3a.2,V1A.3a.2,-1.386294,True,ha1_na_full,E+G,fit
H1N1,south,2013,6B.1,6B.1,1.0,True,ha1_na_full,E+G,freq
H1N1,north,2013,6B.1,6B.1,1.0,True,ha1_na_full,E+G,freq
H1N1,south,2014,6B.1,6B.1,1.0,True,ha1_na_full,E+G,freq
H1N1,north,2014,6B.1,6B.1,1.0,True,ha1_na_full,E+G,freq
H1N1,south,2015,6B.1,6B.1,0.999991,True,ha1_na_full,E+G,freq
H1N1,north,2015,6B.1,6B.1,0.885292,True,ha1_na_full,E+G,freq
H1N1,south,2016,6B.1,6B.1,0.867735,True,ha1_na_full,E+G,freq
H1N1,north,2016,6B.1,6B.1,0.834971,True,ha1_na_full,E+G,freq
H1N1,south,2017,6B.1,6B.1,0.986747,True,ha1_na_full,E+G,freq
H1N1,north,2017,6B.1A,6B.1,0.996188,False,ha1_na_full,E+G,freq
H1N1,south,2018,6B.1A,6B.1,0.955294,False,ha1_na_full,E+G,freq
H1N1,north,2018,6B.1A.5a,6B.1A,0.853515,False,ha1_na_full,E+G,freq
H1N1,south,2019,6B.1A.5a,6B.1A,0.577627,False,ha1_na_full,E+G,freq
H1N1,north,2019,6B.1A.5a.1,6B.1A.5a,0.570274,False,ha1_na_full,E+G,freq
H1N1,south,2020,6B.1A.5a.2,6B.1A.5b,0.49625,False,ha1_na_full,E+G,freq
H1N1,north,2020,6B.1A.5a.1,6B.1A.5a.1,0.754973,True,ha1_na_full,E+G,freq
H1N1,south,2021,6B.1A.5a.1,6B.1A.5a.1,0.490561,True,ha1_na_full,E+G,freq
H1N1,north,2021,6B.1A.5a.1,6B.1A.5a.1,0.964064,True,ha1_na_full,E+G,freq
H1N1,south,2022,6B.1A.5a.2a,6B.1A.5a.1,0.987315,False,ha1_na_full,E+G,freq
H1N1,north,2022,6B.1A.5a.2a,6B.1A.5a.2a,0.510816,True,ha1_na_full,E+G,freq
H1N1,south,2023,6B.1A.5a.2a,6B.1A.5a.1,0.580438,False,ha1_na_full,E+G,freq
H1N1,north,2023,6B.1A.5a.2a,6B.1A.5a.2a.1,0.633005,False,ha1_na_full,E+G,freq
H1N1,south,2024,6B.1A.5a.2a,6B.1A.5a.2a.1,0.829475,False,ha1_na_full,E+G,freq
H1N1,north,2024,6B.1A.5a.2a,6B.1A.5a.2a,0.714335,True,ha1_na_full,E+G,freq
H3N2,south,2013,3C.3a,3C.2,0.780316,False,ha1_na_full,E+G,freq
H3N2,north,2013,3C.3a,3C.3a,0.686887,True,ha1_na_full,E+G,freq
H3N2,south,2014,3C.3a,,,False,ha1_na_full,E+G,freq
H3N2,north,2014,3C.2,3C.3a,1.0,False,ha1_na_full,E+G,freq
H3N2,south,2015,3C.2,3C.2,0.668914,True,ha1_na_full,E+G,freq
H3N2,north,2015,3C.2,3C.3a,0.723647,False,ha1_na_full,E+G,freq
H3N2,south,2016,3C.2a,3C.3a,0.623935,False,ha1_na_full,E+G,freq
H3N2,north,2016,3C.2a1,3C.2,0.894086,False,ha1_na_full,E+G,freq
H3N2,south,2017,3C.2a1,3C.3a,0.717782,False,ha1_na_full,E+G,freq
H3N2,north,2017,3C.2a2,3C.3a,0.296186,False,ha1_na_full,E+G,freq
H3N2,south,2018,3C.2a2,3C.2a3,0.268382,False,ha1_na_full,E+G,freq
H3N2,north,2018,3C.2a1b.1,3C.2a1b.1,0.377299,True,ha1_na_full,E+G,freq
H3N2,south,2019,3C.3a1,3C.2a1b.1,0.38304,False,ha1_na_full,E+G,freq
H3N2,north,2019,3C.3a1,3C.2a1b.1,0.567306,False,ha1_na_full,E+G,freq
H3N2,south,2020,3C.3a1,3C.3a1,0.301299,True,ha1_na_full,E+G,freq
H3N2,north,2020,3C.2a1b.2a.2,3C.3a1,0.430748,False,ha1_na_full,E+G,freq
H3N2,south,2021,3C.2a1b.2a.2c,3C.3a1,0.473264,False,ha1_na_full,E+G,freq
H3N2,north,2021,3C.2a1b.2a.2a.1a,3C.2a1b.2a.1a,1.0,False,ha1_na_full,E+G,freq
H3N2,south,2022,3C.2a1b.2a.2a.1,3C.2a1b.2a.1,1.0,False,ha1_na_full,E+G,freq
H3N2,north,2022,3C.2a1b.2a.2b,3C.2a1b.2a.2a.1a,0.470948,False,ha1_na_full,E+G,freq
H3N2,south,2023,3C.2a1b.2a.2a.3a.1,3C.2a1b.2a.2a.1,0.270844,False,ha1_na_full,E+G,freq
H3N2,north,2023,3C.2a1b.2a.2a.3a.1,3C.2a1b.2a.2b,0.739214,False,ha1_na_full,E+G,freq
H3N2,south,2024,3C.2a1b.2a.2a.3a.1,3C.2a1b.2a.2a.3a.1,0.540264,True,ha1_na_full,E+G,freq
H3N2,north,2024,3C.2a1b.2a.2a.3a.1,3C.2a1b.2a.2a.3a.1,0.998319,True,ha1_na_full,E+G,freq
Victoria,south,2013,V1A,V1A,0.973424,True,ha1_na_full,E+G,freq
Victoria,north,2013,V1A,V1A,0.897059,True,ha1_na_full,E+G,freq
Victoria,south,2014,V1A,V1A,1.0,True,ha1_na_full,E+G,freq
Victoria,north,2014,V1A,V1A,0.989716,True,ha1_na_full,E+G,freq
Victoria,south,2015,V1A,V1A,1.0,True,ha1_na_full,E+G,freq
Victoria,north,2015,V1A,V1A,0.992777,True,ha1_na_full,E+G,freq
Victoria,south,2016,V1A,V1A,0.996802,True,ha1_na_full,E+G,freq
Victoria,north,2016,V1A,V1A,1.0,True,ha1_na_full,E+G,freq
Victoria,south,2017,V1A,V1A,1.0,True,ha1_na_full,E+G,freq
Victoria,north,2017,V1A,V1A,0.980038,True,ha1_na_full,E+G,freq
Victoria,south,2018,V1A.1,V1A.1,0.542738,True,ha1_na_full,E+G,freq
Victoria,north,2018,V1A.1,V1A.1,0.768334,True,ha1_na_full,E+G,freq
Victoria,south,2019,V1A.3,V1A.1,0.601966,False,ha1_na_full,E+G,freq
Victoria,north,2019,V1A.3,V1A.3,0.798518,True,ha1_na_full,E+G,freq
Victoria,south,2020,V1A.3,V1A.3,0.770048,True,ha1_na_full,E+G,freq
Victoria,north,2020,V1A.3a.1,V1A.3,0.976136,False,ha1_na_full,E+G,freq
Victoria,south,2021,V1A.3a.2,V1A.3,0.996467,False,ha1_na_full,E+G,freq
Victoria,north,2021,V1A.3a.2,V1A.3a.2,0.764794,True,ha1_na_full,E+G,freq
Victoria,south,2022,V1A.3a.2,V1A.3a.2,0.560618,True,ha1_na_full,E+G,freq
Victoria,north,2022,V1A.3a.2,V1A.3a.2,0.803743,True,ha1_na_full,E+G,freq
Victoria,south,2023,V1A.3a.2,V1A.3a.2,0.926044,True,ha1_na_full,E+G,freq
Victoria,north,2023,V1A.3a.2,V1A.3a.2,1.0,True,ha1_na_full,E+G,freq
Victoria,south,2024,V1A.3a.2,V1A.3a.2,0.999862,True,ha1_na_full,E+G,freq
Victoria,north,2024,V1A.3a.2,V1A.3a.2,1.0,True,ha1_na_full,E+G,freq
H1N1,south,2013,6B.1,6B.1,-1.386294,True,ha1_na_full,E+D,fit
H1N1,north,2013,6B.1,6B.1,-1.386294,True,ha1_na_full,E+D,fit
H1N1,south,2014,6B.1,6B.1,-1.386294,True,ha1_na_full,E+D,fit
H1N1,north,2014,6B.1,6B.1,-0.001698,True,ha1_na_full,E+D,fit
H1N1,south,2015,6B.1,6B.1,-0.693996,True,ha1_na_full,E+D,fit
H1N1,north,2015,6B.1,6B.1,-1.316833,True,ha1_na_full,E+D,fit
H1N1,south,2016,6B.1,6B.1,-1.387544,True,ha1_na_full,E+D,fit
H1N1,north,2016,6B.1,6B.1,-1.387544,True,ha1_na_full,E+D,fit
H1N1,south,2017,6B.1,6B.1,-0.997425,True,ha1_na_full,E+D,fit
H1N1,north,2017,6B.1A,6B.1,-0.876038,False,ha1_na_full,E+D,fit
H1N1,south,2018,6B.1A,6B.1,-0.734462,False,ha1_na_full,E+D,fit
H1N1,north,2018,6B.1A.5a,6B.1A,-0.723266,False,ha1_na_full,E+D,fit
H1N1,south,2019,6B.1A.5a,6B.1A.1,-0.6419,False,ha1_na_full,E+D,fit
H1N1,north,2019,6B.1A.5a.1,6B.1A.1,-0.66511,False,ha1_na_full,E+D,fit
H1N1,south,2020,6B.1A.5a.2,6B.1A.5b,-1.264826,False,ha1_na_full,E+D,fit
H1N1,north,2020,6B.1A.5a.1,6B.1A.5b,-0.457307,False,ha1_na_full,E+D,fit
H1N1,south,2021,6B.1A.5a.1,6B.1A.5a.2,-0.628638,False,ha1_na_full,E+D,fit
H1N1,north,2021,6B.1A.5a.1,6B.1A.5a.1,-0.819609,True,ha1_na_full,E+D,fit
H1N1,south,2022,6B.1A.5a.2a,6B.1A.5a.1,-0.711402,False,ha1_na_full,E+D,fit
H1N1,north,2022,6B.1A.5a.2a,6B.1A.5a.2a,-0.797988,True,ha1_na_full,E+D,fit
H1N1,south,2023,6B.1A.5a.2a,6B.1A.5a.2a,-0.817472,True,ha1_na_full,E+D,fit
H1N1,north,2023,6B.1A.5a.2a,6B.1A.5a.2a,-0.698193,True,ha1_na_full,E+D,fit
H1N1,south,2024,6B.1A.5a.2a,6B.1A.5a.2a,-0.748899,True,ha1_na_full,E+D,fit
H1N1,north,2024,6B.1A.5a.2a,6B.1A.5a.2a.1,-0.704242,False,ha1_na_full,E+D,fit
H3N2,south,2013,3C.3a,3C.3a,-0.801667,True,ha1_na_full,E+D,fit
H3N2,north,2013,3C.3a,3C.2,-1.508774,False,ha1_na_full,E+D,fit
H3N2,south,2014,3C.3a,,,False,ha1_na_full,E+D,fit
H3N2,north,2014,3C.2,3C.3a,-1.386294,False,ha1_na_full,E+D,fit
H3N2,south,2015,3C.2,3C.2,-0.950824,True,ha1_na_full,E+D,fit
H3N2,north,2015,3C.2,3C.3a,-0.950824,False,ha1_na_full,E+D,fit
H3N2,south,2016,3C.2a,3C.3a,-0.886741,False,ha1_na_full,E+D,fit
H3N2,north,2016,3C.2a1,3C.2,-0.769418,False,ha1_na_full,E+D,fit
H3N2,south,2017,3C.2a1,3C.3a,-0.654499,False,ha1_na_full,E+D,fit
H3N2,north,2017,3C.2a2,3C.3a,-0.650861,False,ha1_na_full,E+D,fit
H3N2,south,2018,3C.2a2,3C.2,-0.693808,False,ha1_na_full,E+D,fit
H3N2,north,2018,3C.2a1b.1,3C.2,-0.673307,False,ha1_na_full,E+D,fit
H3N2,south,2019,3C.3a1,3C.3a1,-0.718188,True,ha1_na_full,E+D,fit
H3N2,north,2019,3C.3a1,3C.3a1,-0.641675,True,ha1_na_full,E+D,fit
H3N2,south,2020,3C.3a1,3C.2a1b.1b,-0.72968,False,ha1_na_full,E+D,fit
H3N2,north,2020,3C.2a1b.2a.2,3C.3a1,-0.637611,False,ha1_na_full,E+D,fit
H3N2,south,2021,3C.2a1b.2a.2c,3C.3a1,-0.669659,False,ha1_na_full,E+D,fit
H3N2,north,2021,3C.2a1b.2a.2a.1a,3C.2a1b.2a.1a,-1.386294,False,ha1_na_full,E+D,fit
H3N2,south,2022,3C.2a1b.2a.2a.1,3C.2a1b.2a.1,-1.386294,False,ha1_na_full,E+D,fit
H3N2,north,2022,3C.2a1b.2a.2b,3C.2a1b.2a.2a.3,-0.632248,False,ha1_na_full,E+D,fit
H3N2,south,2023,3C.2a1b.2a.2a.3a.1,3C.2a1b.2a.2a.3a.1,-0.703351,True,ha1_na_full,E+D,fit
H3N2,north,2023,3C.2a1b.2a.2a.3a.1,3C.2a1b.2a.2b,-0.618605,False,ha1_na_full,E+D,fit
H3N2,south,2024,3C.2a1b.2a.2a.3a.1,3C.2a1b.2a.2b,-0.698304,False,ha1_na_full,E+D,fit
H3N2,north,2024,3C.2a1b.2a.2a.3a.1,3C.2a1b.2a.2a.3a.1,-0.81603,True,ha1_na_full,E+D,fit
Victoria,south,2013,V1A,V1A,-0.801667,True,ha1_na_full,E+D,fit
Victoria,north,2013,V1A,V1B,-1.093981,False,ha1_na_full,E+D,fit
Victoria,south,2014,V1A,V1A,-1.386294,True,ha1_na_full,E+D,fit
Victoria,north,2014,V1A,V1A,-0.699142,True,ha1_na_full,E+D,fit
Victoria,south,2015,V1A,V1A,-1.386294,True,ha1_na_full,E+D,fit
Victoria,north,2015,V1A,V1A,-0.876958,True,ha1_na_full,E+D,fit
Victoria,south,2016,V1A,V1A,-0.876958,True,ha1_na_full,E+D,fit
Victoria,north,2016,V1A,V1A,-1.386294,True,ha1_na_full,E+D,fit
Victoria,south,2017,V1A,V1A,-1.386294,True,ha1_na_full,E+D,fit
Victoria,north,2017,V1A,V1A,-0.778454,True,ha1_na_full,E+D,fit
Victoria,south,2018,V1A.1,V1A,-0.874005,False,ha1_na_full,E+D,fit
Victoria,north,2018,V1A.1,V1A,-0.873896,False,ha1_na_full,E+D,fit
Victoria,south,2019,V1A.3,V1A,-0.748013,False,ha1_na_full,E+D,fit
Victoria,north,2019,V1A.3,V1A.3,-0.787502,True,ha1_na_full,E+D,fit
Victoria,south,2020,V1A.3,V1A.3a,-0.843544,False,ha1_na_full,E+D,fit
Victoria,north,2020,V1A.3a.1,V1A.3a.1,-0.926682,True,ha1_na_full,E+D,fit
Victoria,south,2021,V1A.3a.2,V1A.3,-0.157035,False,ha1_na_full,E+D,fit
Victoria,north,2021,V1A.3a.2,V1A.3,-1.463545,False,ha1_na_full,E+D,fit
Victoria,south,2022,V1A.3a.2,V1A.3a.2,-0.508484,True,ha1_na_full,E+D,fit
Victoria,north,2022,V1A.3a.2,V1A.3,-0.840196,False,ha1_na_full,E+D,fit
Victoria,south,2023,V1A.3a.2,V1A.3,-0.779744,False,ha1_na_full,E+D,fit
Victoria,north,2023,V1A.3a.2,V1A.3a.2,-1.386294,True,ha1_na_full,E+D,fit
Victoria,south,2024,V1A.3a.2,V1A.3a.2,-0.308104,True,ha1_na_full,E+D,fit
Victoria,north,2024,V1A.3a.2,V1A.3a.2,-1.386294,True,ha1_na_full,E+D,fit
H1N1,south,2013,6B.1,6B.1,1.0,True,ha1_na_full,E+D,freq
H1N1,north,2013,6B.1,6B.1,1.0,True,ha1_na_full,E+D,freq
H1N1,south,2014,6B.1,6B.1,1.0,True,ha1_na_full,E+D,freq
H1N1,north,2014,6B.1,6B.1,1.0,True,ha1_na_full,E+D,freq
H1N1,south,2015,6B.1,6B.1,0.999991,True,ha1_na_full,E+D,freq
H1N1,north,2015,6B.1,6B.1,0.885292,True,ha1_na_full,E+D,freq
H1N1,south,2016,6B.1,6B.1,0.867735,True,ha1_na_full,E+D,freq
H1N1,north,2016,6B.1,6B.1,0.834971,True,ha1_na_full,E+D,freq
H1N1,south,2017,6B.1,6B.1,0.986747,True,ha1_na_full,E+D,freq
H1N1,north,2017,6B.1A,6B.1,0.996188,False,ha1_na_full,E+D,freq
H1N1,south,2018,6B.1A,6B.1,0.970235,False,ha1_na_full,E+D,freq
H1N1,north,2018,6B.1A.5a,6B.1A,0.882795,False,ha1_na_full,E+D,freq
H1N1,south,2019,6B.1A.5a,6B.1A.1,0.524107,False,ha1_na_full,E+D,freq
H1N1,north,2019,6B.1A.5a.1,6B.1A.5a,0.417666,False,ha1_na_full,E+D,freq
H1N1,south,2020,6B.1A.5a.2,6B.1A.5a,0.521639,False,ha1_na_full,E+D,freq
H1N1,north,2020,6B.1A.5a.1,6B.1A.5a.1,0.586556,True,ha1_na_full,E+D,freq
H1N1,south,2021,6B.1A.5a.1,6B.1A.5a.2,0.523467,False,ha1_na_full,E+D,freq
H1N1,north,2021,6B.1A.5a.1,6B.1A.5a.1,0.985688,True,ha1_na_full,E+D,freq
H1N1,south,2022,6B.1A.5a.2a,6B.1A.5a.1,0.97698,False,ha1_na_full,E+D,freq
H1N1,north,2022,6B.1A.5a.2a,6B.1A.5a.2a,0.952241,True,ha1_na_full,E+D,freq
H1N1,south,2023,6B.1A.5a.2a,6B.1A.5a.1,0.509353,False,ha1_na_full,E+D,freq
H1N1,north,2023,6B.1A.5a.2a,6B.1A.5a.2a,0.611307,True,ha1_na_full,E+D,freq
H1N1,south,2024,6B.1A.5a.2a,6B.1A.5a.2a,0.966792,True,ha1_na_full,E+D,freq
H1N1,north,2024,6B.1A.5a.2a,6B.1A.5a.2a.1,0.544863,False,ha1_na_full,E+D,freq
H3N2,south,2013,3C.3a,3C.3a,0.53661,True,ha1_na_full,E+D,freq
H3N2,north,2013,3C.3a,3C.2,0.652174,False,ha1_na_full,E+D,freq
H3N2,south,2014,3C.3a,,,False,ha1_na_full,E+D,freq
H3N2,north,2014,3C.2,3C.3a,1.0,False,ha1_na_full,E+D,freq
H3N2,south,2015,3C.2,3C.2,0.62407,True,ha1_na_full,E+D,freq
H3N2,north,2015,3C.2,3C.3a,0.6827,False,ha1_na_full,E+D,freq
H3N2,south,2016,3C.2a,3C.3a,0.623935,False,ha1_na_full,E+D,freq
H3N2,north,2016,3C.2a1,3C.2,0.899438,False,ha1_na_full,E+D,freq
H3N2,south,2017,3C.2a1,3C.3a,0.731376,False,ha1_na_full,E+D,freq
H3N2,north,2017,3C.2a2,3C.3a,0.320984,False,ha1_na_full,E+D,freq
H3N2,south,2018,3C.2a2,3C.2a3,0.280876,False,ha1_na_full,E+D,freq
H3N2,north,2018,3C.2a1b.1,3C.2a1b.1,0.377307,True,ha1_na_full,E+D,freq
H3N2,south,2019,3C.3a1,3C.2a1b.1,0.388385,False,ha1_na_full,E+D,freq
H3N2,north,2019,3C.3a1,3C.2a1b.1,0.546023,False,ha1_na_full,E+D,freq
H3N2,south,2020,3C.3a1,3C.3a1,0.267305,True,ha1_na_full,E+D,freq
H3N2,north,2020,3C.2a1b.2a.2,3C.3a1,0.45901,False,ha1_na_full,E+D,freq
H3N2,south,2021,3C.2a1b.2a.2c,3C.3a1,0.508149,False,ha1_na_full,E+D,freq
H3N2,north,2021,3C.2a1b.2a.2a.1a,3C.2a1b.2a.1a,1.0,False,ha1_na_full,E+D,freq
H3N2,south,2022,3C.2a1b.2a.2a.1,3C.2a1b.2a.1,1.0,False,ha1_na_full,E+D,freq
H3N2,north,2022,3C.2a1b.2a.2b,3C.2a1b.2a.2a.1a,0.457038,False,ha1_na_full,E+D,freq
H3N2,south,2023,3C.2a1b.2a.2a.3a.1,3C.2a1b.2a.2a.1,0.291583,False,ha1_na_full,E+D,freq
H3N2,north,2023,3C.2a1b.2a.2a.3a.1,3C.2a1b.2a.2b,0.76151,False,ha1_na_full,E+D,freq
H3N2,south,2024,3C.2a1b.2a.2a.3a.1,3C.2a1b.2a.2a.3a.1,0.524062,True,ha1_na_full,E+D,freq
H3N2,north,2024,3C.2a1b.2a.2a.3a.1,3C.2a1b.2a.2a.3a.1,0.998319,True,ha1_na_full,E+D,freq
Victoria,south,2013,V1A,V1A,0.973424,True,ha1_na_full,E+D,freq
Victoria,north,2013,V1A,V1A,0.811205,True,ha1_na_full,E+D,freq
Victoria,south,2014,V1A,V1A,1.0,True,ha1_na_full,E+D,freq
Victoria,north,2014,V1A,V1A,0.989098,True,ha1_na_full,E+D,freq
Victoria,south,2015,V1A,V1A,1.0,True,ha1_na_full,E+D,freq
Victoria,north,2015,V1A,V1A,0.990874,True,ha1_na_full,E+D,freq
Victoria,south,2016,V1A,V1A,0.995955,True,ha1_na_full,E+D,freq
Victoria,north,2016,V1A,V1A,1.0,True,ha1_na_full,E+D,freq
Victoria,south,2017,V1A,V1A,1.0,True,ha1_na_full,E+D,freq
Victoria,north,2017,V1A,V1A,0.996487,True,ha1_na_full,E+D,freq
Victoria,south,2018,V1A.1,V1A,0.916022,False,ha1_na_full,E+D,freq
Victoria,north,2018,V1A.1,V1A,0.813497,False,ha1_na_full,E+D,freq
Victoria,south,2019,V1A.3,V1A,0.646257,False,ha1_na_full,E+D,freq
Victoria,north,2019,V1A.3,V1A.3,0.483117,True,ha1_na_full,E+D,freq
Victoria,south,2020,V1A.3,V1A.3,0.58709,True,ha1_na_full,E+D,freq
Victoria,north,2020,V1A.3a.1,V1A.3,0.922375,False,ha1_na_full,E+D,freq
Victoria,south,2021,V1A.3a.2,V1A.3,0.996596,False,ha1_na_full,E+D,freq
Victoria,north,2021,V1A.3a.2,V1A.3a.1,0.742968,False,ha1_na_full,E+D,freq
Victoria,south,2022,V1A.3a.2,V1A.3a.2,0.540493,True,ha1_na_full,E+D,freq
Victoria,north,2022,V1A.3a.2,V1A.3a.2,0.480134,True,ha1_na_full,E+D,freq
Victoria,south,2023,V1A.3a.2,V1A.3a.2,0.88538,True,ha1_na_full,E+D,freq
Victoria,north,2023,V1A.3a.2,V1A.3a.2,1.0,True,ha1_na_full,E+D,freq
Victoria,south,2024,V1A.3a.2,V1A.3a.2,0.999946,True,ha1_na_full,E+D,freq
Victoria,north,2024,V1A.3a.2,V1A.3a.2,1.0,True,ha1_na_full,E+D,freq
H1N1,south,2013,6B.1,6B.1,-1.386294,True,ha1_na_full,G+D,fit
H1N1,north,2013,6B.1,6B.1,-1.386294,True,ha1_na_full,G+D,fit
H1N1,south,2014,6B.1,6B.1,-1.386294,True,ha1_na_full,G+D,fit
H1N1,north,2014,6B.1,6B.1,-0.001698,True,ha1_na_full,G+D,fit
H1N1,south,2015,6B.1,6B.1,-0.001698,True,ha1_na_full,G+D,fit
H1N1,north,2015,6B.1,6B.1,-1.316833,True,ha1_na_full,G+D,fit
H1N1,south,2016,6B.1,6B.1,-1.316833,True,ha1_na_full,G+D,fit
H1N1,north,2016,6B.1,6B.1,-1.316833,True,ha1_na_full,G+D,fit
H1N1,south,2017,6B.1,6B.1,-1.316833,True,ha1_na_full,G+D,fit
H1N1,north,2017,6B.1A,6B.1,-0.893232,False,ha1_na_full,G+D,fit
H1N1,south,2018,6B.1A,6B.1,-0.745256,False,ha1_na_full,G+D,fit
H1N1,north,2018,6B.1A.5a,6B.1A,-0.619008,False,ha1_na_full,G+D,fit
H1N1,south,2019,6B.1A.5a,6B.1A,-0.870257,False,ha1_na_full,G+D,fit
H1N1,north,2019,6B.1A.5a.1,6B.1A.5a,-0.711358,False,ha1_na_full,G+D,fit
H1N1,south,2020,6B.1A.5a.2,6B.1A.5a,-1.183455,False,ha1_na_full,G+D,fit
H1N1,north,2020,6B.1A.5a.1,6B.1A.5a.1,-0.701207,True,ha1_na_full,G+D,fit
H1N1,south,2021,6B.1A.5a.1,6B.1A.5a.1,-0.697353,True,ha1_na_full,G+D,fit
H1N1,north,2021,6B.1A.5a.1,6B.1A.5a.1,-0.746673,True,ha1_na_full,G+D,fit
H1N1,south,2022,6B.1A.5a.2a,6B.1A.5a.1,-0.374857,False,ha1_na_full,G+D,fit
H1N1,north,2022,6B.1A.5a.2a,6B.1A.5a.2a,-0.721392,True,ha1_na_full,G+D,fit
H1N1,south,2023,6B.1A.5a.2a,6B.1A.5a.1,-0.532408,False,ha1_na_full,G+D,fit
H1N1,north,2023,6B.1A.5a.2a,6B.1A.5a.2a,-0.599519,True,ha1_na_full,G+D,fit
H1N1,south,2024,6B.1A.5a.2a,6B.1A.5a.2a,-1.318852,True,ha1_na_full,G+D,fit
H1N1,north,2024,6B.1A.5a.2a,6B.1A.5a.2a,-0.755448,True,ha1_na_full,G+D,fit
H3N2,south,2013,3C.3a,3C.2,-1.508774,False,ha1_na_full,G+D,fit
H3N2,north,2013,3C.3a,3C.2,-1.508774,False,ha1_na_full,G+D,fit
H3N2,south,2014,3C.3a,,,False,ha1_na_full,G+D,fit
H3N2,north,2014,3C.2,3C.3a,-1.386294,False,ha1_na_full,G+D,fit
H3N2,south,2015,3C.2,3C.3a,-0.18634,False,ha1_na_full,G+D,fit
H3N2,north,2015,3C.2,3C.2,-0.18634,True,ha1_na_full,G+D,fit
H3N2,south,2016,3C.2a,3C.2,-0.81603,False,ha1_na_full,G+D,fit
H3N2,north,2016,3C.2a1,3C.2a,-0.776314,False,ha1_na_full,G+D,fit
H3N2,south,2017,3C.2a1,3C.2a,-0.858846,False,ha1_na_full,G+D,fit
H3N2,north,2017,3C.2a2,3C.2a1,-0.761612,False,ha1_na_full,G+D,fit
H3N2,south,2018,3C.2a2,3C.2a1,-0.725375,False,ha1_na_full,G+D,fit
H3N2,north,2018,3C.2a1b.1,3C.2a2,-0.850016,False,ha1_na_full,G+D,fit
H3N2,south,2019,3C.3a1,3C.2a2,-1.205656,False,ha1_na_full,G+D,fit
H3N2,north,2019,3C.3a1,3C.2a1b.2,-1.29632,False,ha1_na_full,G+D,fit
H3N2,south,2020,3C.3a1,3C.3a1,-1.304929,True,ha1_na_full,G+D,fit
H3N2,north,2020,3C.2a1b.2a.2,3C.2a1b.2b,-1.274277,False,ha1_na_full,G+D,fit
H3N2,south,2021,3C.2a1b.2a.2c,3C.2a1b.1a,-1.289735,False,ha1_na_full,G+D,fit
H3N2,north,2021,3C.2a1b.2a.2a.1a,3C.2a1b.2a.1a,-1.386294,False,ha1_na_full,G+D,fit
H3N2,south,2022,3C.2a1b.2a.2a.1,3C.2a1b.2a.1,-1.386294,False,ha1_na_full,G+D,fit
H3N2,north,2022,3C.2a1b.2a.2b,3C.2a1b.2a.2a.1a,-1.276154,False,ha1_na_full,G+D,fit
H3N2,south,2023,3C.2a1b.2a.2a.3a.1,3C.2a1b.2a.2a.1,-1.182394,False,ha1_na_full,G+D,fit
H3N2,north,2023,3C.2a1b.2a.2a.3a.1,3C.2a1b.2a.2b,-1.226542,False,ha1_na_full,G+D,fit
H3N2,south,2024,3C.2a1b.2a.2a.3a.1,3C.2a1b.2a.2a.3a.1,-1.269308,True,ha1_na_full,G+D,fit
H3N2,north,2024,3C.2a1b.2a.2a.3a.1,3C.2a1b.2a.2a.3a.1,-1.316833,True,ha1_na_full,G+D,fit
Victoria,south,2013,V1A,V1A,-0.801667,True,ha1_na_full,G+D,fit
Victoria,north,2013,V1A,V1A,-1.093981,True,ha1_na_full,G+D,fit
Victoria,south,2014,V1A,V1A,-1.386294,True,ha1_na_full,G+D,fit
Victoria,north,2014,V1A,V1A,-0.748899,True,ha1_na_full,G+D,fit
Victoria,south,2015,V1A,V1A,-1.386294,True,ha1_na_full,G+D,fit
Victoria,north,2015,V1A,V1A,-0.876038,True,ha1_na_full,G+D,fit
Victoria,south,2016,V1A,V1A,-0.876038,True,ha1_na_full,G+D,fit
Victoria,north,2016,V1A,V1A,-1.386294,True,ha1_na_full,G+D,fit
Victoria,south,2017,V1A,V1A,-1.386294,True,ha1_na_full,G+D,fit
Victoria,north,2017,V1A,V1A,-0.658677,True,ha1_na_full,G+D,fit
Victoria,south,2018,V1A.1,V1A,-0.68989,False,ha1_na_full,G+D,fit
Victoria,north,2018,V1A.1,V1A,-0.731476,False,ha1_na_full,G+D,fit
Victoria,south,2019,V1A.3,V1A.1,-0.67139,False,ha1_na_full,G+D,fit
Victoria,north,2019,V1A.3,V1A.3,-0.661294,True,ha1_na_full,G+D,fit
Victoria,south,2020,V1A.3,V1A.3,-0.66397,True,ha1_na_full,G+D,fit
Victoria,north,2020,V1A.3a.1,V1A.3,-0.708988,False,ha1_na_full,G+D,fit
Victoria,south,2021,V1A.3a.2,V1A.3,-0.621076,False,ha1_na_full,G+D,fit
Victoria,north,2021,V1A.3a.2,V1A.3a.2,-0.752702,True,ha1_na_full,G+D,fit
Victoria,south,2022,V1A.3a.2,V1A.3a.1,-0.682424,False,ha1_na_full,G+D,fit
Victoria,north,2022,V1A.3a.2,V1A.3a.2,-0.774956,True,ha1_na_full,G+D,fit
Victoria,south,2023,V1A.3a.2,V1A.3a.2,-0.666273,True,ha1_na_full,G+D,fit
Victoria,north,2023,V1A.3a.2,V1A.3a.2,-1.386294,True,ha1_na_full,G+D,fit
Victoria,south,2024,V1A.3a.2,V1A.3a.2,-0.748899,True,ha1_na_full,G+D,fit
Victoria,north,2024,V1A.3a.2,V1A.3a.2,-1.386294,True,ha1_na_full,G+D,fit
H1N1,south,2013,6B.1,6B.1,1.0,True,ha1_na_full,G+D,freq
H1N1,north,2013,6B.1,6B.1,1.0,True,ha1_na_full,G+D,freq
H1N1,south,2014,6B.1,6B.1,1.0,True,ha1_na_full,G+D,freq
H1N1,north,2014,6B.1,6B.1,1.0,True,ha1_na_full,G+D,freq
H1N1,south,2015,6B.1,6B.1,1.0,True,ha1_na_full,G+D,freq
H1N1,north,2015,6B.1,6B.1,0.885292,True,ha1_na_full,G+D,freq
H1N1,south,2016,6B.1,6B.1,0.88314,True,ha1_na_full,G+D,freq
H1N1,north,2016,6B.1,6B.1,0.853547,True,ha1_na_full,G+D,freq
H1N1,south,2017,6B.1,6B.1,0.9659,True,ha1_na_full,G+D,freq
H1N1,north,2017,6B.1A,6B.1,0.995508,False,ha1_na_full,G+D,freq
H1N1,south,2018,6B.1A,6B.1,0.955716,False,ha1_na_full,G+D,freq
H1N1,north,2018,6B.1A.5a,6B.1A,0.878639,False,ha1_na_full,G+D,freq
H1N1,south,2019,6B.1A.5a,6B.1A,0.549976,False,ha1_na_full,G+D,freq
H1N1,north,2019,6B.1A.5a.1,6B.1A.5a,0.420891,False,ha1_na_full,G+D,freq
H1N1,south,2020,6B.1A.5a.2,6B.1A.5a,0.555818,False,ha1_na_full,G+D,freq
H1N1,north,2020,6B.1A.5a.1,6B.1A.5a.1,0.62993,True,ha1_na_full,G+D,freq
H1N1,south,2021,6B.1A.5a.1,6B.1A.5a.1,0.4927,True,ha1_na_full,G+D,freq
H1N1,north,2021,6B.1A.5a.1,6B.1A.5a.1,0.97172,True,ha1_na_full,G+D,freq
H1N1,south,2022,6B.1A.5a.2a,6B.1A.5a.1,0.993659,False,ha1_na_full,G+D,freq
H1N1,north,2022,6B.1A.5a.2a,6B.1A.5a.2a,0.731798,True,ha1_na_full,G+D,freq
H1N1,south,2023,6B.1A.5a.2a,6B.1A.5a.1,0.592072,False,ha1_na_full,G+D,freq
H1N1,north,2023,6B.1A.5a.2a,6B.1A.5a.2a,0.534178,True,ha1_na_full,G+D,freq
H1N1,south,2024,6B.1A.5a.2a,6B.1A.5a.2a,0.872758,True,ha1_na_full,G+D,freq
H1N1,north,2024,6B.1A.5a.2a,6B.1A.5a.2a,0.564213,True,ha1_na_full,G+D,freq
H3N2,south,2013,3C.3a,3C.2,0.780316,False,ha1_na_full,G+D,freq
H3N2,north,2013,3C.3a,3C.2,0.652174,False,ha1_na_full,G+D,freq
H3N2,south,2014,3C.3a,,,False,ha1_na_full,G+D,freq
H3N2,north,2014,3C.2,3C.3a,1.0,False,ha1_na_full,G+D,freq
H3N2,south,2015,3C.2,3C.3a,0.997833,False,ha1_na_full,G+D,freq
H3N2,north,2015,3C.2,3C.2,0.997193,True,ha1_na_full,G+D,freq
H3N2,south,2016,3C.2a,3C.2,0.953878,False,ha1_na_full,G+D,freq
H3N2,north,2016,3C.2a1,3C.2,0.497878,False,ha1_na_full,G+D,freq
H3N2,south,2017,3C.2a1,3C.3a,0.4243,False,ha1_na_full,G+D,freq
H3N2,north,2017,3C.2a2,3C.2a1,0.506395,False,ha1_na_full,G+D,freq
H3N2,south,2018,3C.2a2,3C.2a1,0.549783,False,ha1_na_full,G+D,freq
H3N2,north,2018,3C.2a1b.1,3C.2a2,0.637151,False,ha1_na_full,G+D,freq
H3N2,south,2019,3C.3a1,3C.2a2,0.749959,False,ha1_na_full,G+D,freq
H3N2,north,2019,3C.3a1,3C.2a1b.1,0.383404,False,ha1_na_full,G+D,freq
H3N2,south,2020,3C.3a1,3C.3a1,0.556603,True,ha1_na_full,G+D,freq
H3N2,north,2020,3C.2a1b.2a.2,3C.2a1b.2b,0.312903,False,ha1_na_full,G+D,freq
H3N2,south,2021,3C.2a1b.2a.2c,3C.3a1,0.439026,False,ha1_na_full,G+D,freq
H3N2,north,2021,3C.2a1b.2a.2a.1a,3C.2a1b.2a.1a,1.0,False,ha1_na_full,G+D,freq
H3N2,south,2022,3C.2a1b.2a.2a.1,3C.2a1b.2a.1,1.0,False,ha1_na_full,G+D,freq
H3N2,north,2022,3C.2a1b.2a.2b,3C.2a1b.2a.2a.1a,0.451615,False,ha1_na_full,G+D,freq
H3N2,south,2023,3C.2a1b.2a.2a.3a.1,3C.2a1b.2a.2a.1,0.51371,False,ha1_na_full,G+D,freq
H3N2,north,2023,3C.2a1b.2a.2a.3a.1,3C.2a1b.2a.2b,0.605098,False,ha1_na_full,G+D,freq
H3N2,south,2024,3C.2a1b.2a.2a.3a.1,3C.2a1b.2a.2a.3a.1,0.47461,True,ha1_na_full,G+D,freq
H3N2,north,2024,3C.2a1b.2a.2a.3a.1,3C.2a1b.2a.2a.3a.1,0.990891,True,ha1_na_full,G+D,freq
Victoria,south,2013,V1A,V1A,0.973424,True,ha1_na_full,G+D,freq
Victoria,north,2013,V1A,V1A,0.946448,True,ha1_na_full,G+D,freq
Victoria,south,2014,V1A,V1A,1.0,True,ha1_na_full,G+D,freq
Victoria,north,2014,V1A,V1A,0.987893,True,ha1_na_full,G+D,freq
Victoria,south,2015,V1A,V1A,1.0,True,ha1_na_full,G+D,freq
Victoria,north,2015,V1A,V1A,0.991975,True,ha1_na_full,G+D,freq
Victoria,south,2016,V1A,V1A,0.996445,True,ha1_na_full,G+D,freq
Victoria,north,2016,V1A,V1A,1.0,True,ha1_na_full,G+D,freq
Victoria,south,2017,V1A,V1A,1.0,True,ha1_na_full,G+D,freq
Victoria,north,2017,V1A,V1A,0.997175,True,ha1_na_full,G+D,freq
Victoria,south,2018,V1A.1,V1A,0.932232,False,ha1_na_full,G+D,freq
Victoria,north,2018,V1A.1,V1A,0.841183,False,ha1_na_full,G+D,freq
Victoria,south,2019,V1A.3,V1A.1,0.90672,False,ha1_na_full,G+D,freq
Victoria,north,2019,V1A.3,V1A.3,0.651344,True,ha1_na_full,G+D,freq
Victoria,south,2020,V1A.3,V1A.3,0.81403,True,ha1_na_full,G+D,freq
Victoria,north,2020,V1A.3a.1,V1A.3,0.958148,False,ha1_na_full,G+D,freq
Victoria,south,2021,V1A.3a.2,V1A.3,0.996833,False,ha1_na_full,G+D,freq
Victoria,north,2021,V1A.3a.2,V1A.3,0.56487,False,ha1_na_full,G+D,freq
Victoria,south,2022,V1A.3a.2,V1A.3a.1,0.503364,False,ha1_na_full,G+D,freq
Victoria,north,2022,V1A.3a.2,V1A.3a.2,0.879888,True,ha1_na_full,G+D,freq
Victoria,south,2023,V1A.3a.2,V1A.3a.2,0.931748,True,ha1_na_full,G+D,freq
Victoria,north,2023,V1A.3a.2,V1A.3a.2,1.0,True,ha1_na_full,G+D,freq
Victoria,south,2024,V1A.3a.2,V1A.3a.2,0.999793,True,ha1_na_full,G+D,freq
Victoria,north,2024,V1A.3a.2,V1A.3a.2,1.0,True,ha1_na_full,G+D,freq
H1N1,south,2013,6B.1,6B.1,-2.079442,True,ha1_na_full,E+G+D,fit
H1N1,north,2013,6B.1,6B.1,-2.079442,True,ha1_na_full,E+G+D,fit
H1N1,south,2014,6B.1,6B.1,-2.079442,True,ha1_na_full,E+G+D,fit
H1N1,north,2014,6B.1,6B.1,-0.002547,True,ha1_na_full,E+G+D,fit
H1N1,south,2015,6B.1,6B.1,-0.694845,True,ha1_na_full,E+G+D,fit
H1N1,north,2015,6B.1,6B.1,-1.97525,True,ha1_na_full,E+G+D,fit
H1N1,south,2016,6B.1,6B.1,-2.045961,True,ha1_na_full,E+G+D,fit
H1N1,north,2016,6B.1,6B.1,-2.045961,True,ha1_na_full,E+G+D,fit
H1N1,south,2017,6B.1,6B.1,-1.571584,True,ha1_na_full,E+G+D,fit
H1N1,north,2017,6B.1A,6B.1,-1.508939,False,ha1_na_full,E+G+D,fit
H1N1,south,2018,6B.1A,6B.1,-1.318417,False,ha1_na_full,E+G+D,fit
H1N1,north,2018,6B.1A.5a,6B.1A,-1.223024,False,ha1_na_full,E+G+D,fit
H1N1,south,2019,6B.1A.5a,6B.1A,-1.494,False,ha1_na_full,E+G+D,fit
H1N1,north,2019,6B.1A.5a.1,6B.1A.5a,-0.653176,False,ha1_na_full,E+G+D,fit
H1N1,south,2020,6B.1A.5a.2,6B.1A.5b,-0.663826,False,ha1_na_full,E+G+D,fit
H1N1,north,2020,6B.1A.5a.1,6B.1A.5a.1,-1.194797,True,ha1_na_full,E+G+D,fit
H1N1,south,2021,6B.1A.5a.1,6B.1A.5a.1,-1.470872,True,ha1_na_full,E+G+D,fit
H1N1,north,2021,6B.1A.5a.1,6B.1A.5a.1,-1.480255,True,ha1_na_full,E+G+D,fit
H1N1,south,2022,6B.1A.5a.2a,6B.1A.5a.1,-1.088401,False,ha1_na_full,E+G+D,fit
H1N1,north,2022,6B.1A.5a.2a,6B.1A.5a.2a,-1.383147,True,ha1_na_full,E+G+D,fit
H1N1,south,2023,6B.1A.5a.2a,6B.1A.5a.1,-1.307766,False,ha1_na_full,E+G+D,fit
H1N1,north,2023,6B.1A.5a.2a,6B.1A.5a.2a,-1.264215,True,ha1_na_full,E+G+D,fit
H1N1,south,2024,6B.1A.5a.2a,6B.1A.5a.2a,-2.393536,True,ha1_na_full,E+G+D,fit
H1N1,north,2024,6B.1A.5a.2a,6B.1A.5a.2a,-1.009744,True,ha1_na_full,E+G+D,fit
H3N2,south,2013,3C.3a,3C.3a,-1.909607,True,ha1_na_full,E+G+D,fit
H3N2,north,2013,3C.3a,3C.3a,-1.909607,True,ha1_na_full,E+G+D,fit
H3N2,south,2014,3C.3a,,,False,ha1_na_full,E+G+D,fit
H3N2,north,2014,3C.2,3C.3a,-2.079442,False,ha1_na_full,E+G+D,fit
H3N2,south,2015,3C.2,3C.2,-1.781399,True,ha1_na_full,E+G+D,fit
H3N2,north,2015,3C.2,3C.3a,-1.781399,False,ha1_na_full,E+G+D,fit
H3N2,south,2016,3C.2a,3C.3a,-1.625059,False,ha1_na_full,E+G+D,fit
H3N2,north,2016,3C.2a1,3C.2,-1.276566,False,ha1_na_full,E+G+D,fit
H3N2,south,2017,3C.2a1,3C.3a,-1.330698,False,ha1_na_full,E+G+D,fit
H3N2,north,2017,3C.2a2,3C.3a,-1.389963,False,ha1_na_full,E+G+D,fit
H3N2,south,2018,3C.2a2,3C.2,-1.408872,False,ha1_na_full,E+G+D,fit
H3N2,north,2018,3C.2a1b.1,3C.2,-1.43556,False,ha1_na_full,E+G+D,fit
H3N2,south,2019,3C.3a1,3C.3a1,-1.410333,True,ha1_na_full,E+G+D,fit
H3N2,north,2019,3C.3a1,3C.3a1,-1.342769,True,ha1_na_full,E+G+D,fit
H3N2,south,2020,3C.3a1,3C.2a1b.2b,-1.428808,False,ha1_na_full,E+G+D,fit
H3N2,north,2020,3C.2a1b.2a.2,3C.3a1,-1.358279,False,ha1_na_full,E+G+D,fit
H3N2,south,2021,3C.2a1b.2a.2c,3C.3a1,-1.374612,False,ha1_na_full,E+G+D,fit
H3N2,north,2021,3C.2a1b.2a.2a.1a,3C.2a1b.2a.1a,-2.079442,False,ha1_na_full,E+G+D,fit
H3N2,south,2022,3C.2a1b.2a.2a.1,3C.2a1b.2a.1,-2.079442,False,ha1_na_full,E+G+D,fit
H3N2,north,2022,3C.2a1b.2a.2b,3C.2a1b.2a.2a.3,-1.318796,False,ha1_na_full,E+G+D,fit
H3N2,south,2023,3C.2a1b.2a.2a.3a.1,3C.2a1b.2a.2a.3a.1,-1.408239,True,ha1_na_full,E+G+D,fit
H3N2,north,2023,3C.2a1b.2a.2a.3a.1,3C.2a1b.2a.2b,-1.264496,False,ha1_na_full,E+G+D,fit
H3N2,south,2024,3C.2a1b.2a.2a.3a.1,3C.2a1b.2a.2a.3a.1,-1.416925,True,ha1_na_full,E+G+D,fit
H3N2,north,2024,3C.2a1b.2a.2a.3a.1,3C.2a1b.2a.2a.3a.1,-1.46596,True,ha1_na_full,E+G+D,fit
Victoria,south,2013,V1A,V1A,-1.202501,True,ha1_na_full,E+G+D,fit
Victoria,north,2013,V1A,V1A,-2.201921,True,ha1_na_full,E+G+D,fit
Victoria,south,2014,V1A,V1A,-2.079442,True,ha1_na_full,E+G+D,fit
Victoria,north,2014,V1A,V1A,-1.057214,True,ha1_na_full,E+G+D,fit
Victoria,south,2015,V1A,V1A,-2.079442,True,ha1_na_full,E+G+D,fit
Victoria,north,2015,V1A,V1A,-1.486414,True,ha1_na_full,E+G+D,fit
Victoria,south,2016,V1A,V1A,-1.486414,True,ha1_na_full,E+G+D,fit
Victoria,north,2016,V1A,V1A,-2.079442,True,ha1_na_full,E+G+D,fit
Victoria,south,2017,V1A,V1A,-2.079442,True,ha1_na_full,E+G+D,fit
Victoria,north,2017,V1A,V1A,-1.504485,True,ha1_na_full,E+G+D,fit
Victoria,south,2018,V1A.1,V1A.1,-1.684026,True,ha1_na_full,E+G+D,fit
Victoria,north,2018,V1A.1,V1A.1,-1.111523,True,ha1_na_full,E+G+D,fit
Victoria,south,2019,V1A.3,V1A,-2.039003,False,ha1_na_full,E+G+D,fit
Victoria,north,2019,V1A.3,V1A.3,-0.73918,True,ha1_na_full,E+G+D,fit
Victoria,south,2020,V1A.3,V1A,-2.17932,False,ha1_na_full,E+G+D,fit
Victoria,north,2020,V1A.3a.1,V1A.3,-1.873112,False,ha1_na_full,E+G+D,fit
Victoria,south,2021,V1A.3a.2,V1A.3,-0.046619,False,ha1_na_full,E+G+D,fit
Victoria,north,2021,V1A.3a.2,V1A.3,-2.177878,False,ha1_na_full,E+G+D,fit
Victoria,south,2022,V1A.3a.2,V1A.3a.2,-0.384677,True,ha1_na_full,E+G+D,fit
Victoria,north,2022,V1A.3a.2,V1A.3a.2,-2.513201,True,ha1_na_full,E+G+D,fit
Victoria,south,2023,V1A.3a.2,V1A.3a.2,-0.882872,True,ha1_na_full,E+G+D,fit
Victoria,north,2023,V1A.3a.2,V1A.3a.2,-2.079442,True,ha1_na_full,E+G+D,fit
Victoria,south,2024,V1A.3a.2,V1A.3a.2,-0.897452,True,ha1_na_full,E+G+D,fit
Victoria,north,2024,V1A.3a.2,V1A.3a.2,-2.079442,True,ha1_na_full,E+G+D,fit
H1N1,south,2013,6B.1,6B.1,1.0,True,ha1_na_full,E+G+D,freq
H1N1,north,2013,6B.1,6B.1,1.0,True,ha1_na_full,E+G+D,freq
H1N1,south,2014,6B.1,6B.1,1.0,True,ha1_na_full,E+G+D,freq
H1N1,north,2014,6B.1,6B.1,1.0,True,ha1_na_full,E+G+D,freq
H1N1,south,2015,6B.1,6B.1,1.0,True,ha1_na_full,E+G+D,freq
H1N1,north,2015,6B.1,6B.1,0.89228,True,ha1_na_full,E+G+D,freq
H1N1,south,2016,6B.1,6B.1,0.875642,True,ha1_na_full,E+G+D,freq
H1N1,north,2016,6B.1,6B.1,0.844485,True,ha1_na_full,E+G+D,freq
H1N1,south,2017,6B.1,6B.1,0.988962,True,ha1_na_full,E+G+D,freq
H1N1,north,2017,6B.1A,6B.1,0.996188,False,ha1_na_full,E+G+D,freq
H1N1,south,2018,6B.1A,6B.1,0.96243,False,ha1_na_full,E+G+D,freq
H1N1,north,2018,6B.1A.5a,6B.1A,0.883426,False,ha1_na_full,E+G+D,freq
H1N1,south,2019,6B.1A.5a,6B.1A,0.56177,False,ha1_na_full,E+G+D,freq
H1N1,north,2019,6B.1A.5a.1,6B.1A.5a,0.56493,False,ha1_na_full,E+G+D,freq
H1N1,south,2020,6B.1A.5a.2,6B.1A.5b,0.501398,False,ha1_na_full,E+G+D,freq
H1N1,north,2020,6B.1A.5a.1,6B.1A.5a.1,0.673467,True,ha1_na_full,E+G+D,freq
H1N1,south,2021,6B.1A.5a.1,6B.1A.5a.1,0.484319,True,ha1_na_full,E+G+D,freq
H1N1,north,2021,6B.1A.5a.1,6B.1A.5a.1,0.969128,True,ha1_na_full,E+G+D,freq
H1N1,south,2022,6B.1A.5a.2a,6B.1A.5a.1,0.991668,False,ha1_na_full,E+G+D,freq
H1N1,north,2022,6B.1A.5a.2a,6B.1A.5a.2a,0.733073,True,ha1_na_full,E+G+D,freq
H1N1,south,2023,6B.1A.5a.2a,6B.1A.5a.1,0.584744,False,ha1_na_full,E+G+D,freq
H1N1,north,2023,6B.1A.5a.2a,6B.1A.5a.2a,0.534179,True,ha1_na_full,E+G+D,freq
H1N1,south,2024,6B.1A.5a.2a,6B.1A.5a.2a,0.875841,True,ha1_na_full,E+G+D,freq
H1N1,north,2024,6B.1A.5a.2a,6B.1A.5a.2a,0.593307,True,ha1_na_full,E+G+D,freq
H3N2,south,2013,3C.3a,3C.2,0.636546,False,ha1_na_full,E+G+D,freq
H3N2,north,2013,3C.3a,3C.3a,0.519614,True,ha1_na_full,E+G+D,freq
H3N2,south,2014,3C.3a,,,False,ha1_na_full,E+G+D,freq
H3N2,north,2014,3C.2,3C.3a,1.0,False,ha1_na_full,E+G+D,freq
H3N2,south,2015,3C.2,3C.2,0.621763,True,ha1_na_full,E+G+D,freq
H3N2,north,2015,3C.2,3C.3a,0.680569,False,ha1_na_full,E+G+D,freq
H3N2,south,2016,3C.2a,3C.3a,0.60298,False,ha1_na_full,E+G+D,freq
H3N2,north,2016,3C.2a1,3C.2,0.9675,False,ha1_na_full,E+G+D,freq
H3N2,south,2017,3C.2a1,3C.3a,0.734301,False,ha1_na_full,E+G+D,freq
H3N2,north,2017,3C.2a2,3C.3a,0.30537,False,ha1_na_full,E+G+D,freq
H3N2,south,2018,3C.2a2,3C.2a3,0.282862,False,ha1_na_full,E+G+D,freq
H3N2,north,2018,3C.2a1b.1,3C.2a1b.1,0.38055,True,ha1_na_full,E+G+D,freq
H3N2,south,2019,3C.3a1,3C.2a1b.1,0.373802,False,ha1_na_full,E+G+D,freq
H3N2,north,2019,3C.3a1,3C.2a1b.1,0.558241,False,ha1_na_full,E+G+D,freq
H3N2,south,2020,3C.3a1,3C.3a1,0.288962,True,ha1_na_full,E+G+D,freq
H3N2,north,2020,3C.2a1b.2a.2,3C.3a1,0.444583,False,ha1_na_full,E+G+D,freq
H3N2,south,2021,3C.2a1b.2a.2c,3C.3a1,0.493274,False,ha1_na_full,E+G+D,freq
H3N2,north,2021,3C.2a1b.2a.2a.1a,3C.2a1b.2a.1a,1.0,False,ha1_na_full,E+G+D,freq
H3N2,south,2022,3C.2a1b.2a.2a.1,3C.2a1b.2a.1,1.0,False,ha1_na_full,E+G+D,freq
H3N2,north,2022,3C.2a1b.2a.2b,3C.2a1b.2a.2a.1a,0.47418,False,ha1_na_full,E+G+D,freq
H3N2,south,2023,3C.2a1b.2a.2a.3a.1,3C.2a1b.2a.2a.1,0.299659,False,ha1_na_full,E+G+D,freq
H3N2,north,2023,3C.2a1b.2a.2a.3a.1,3C.2a1b.2a.2b,0.764322,False,ha1_na_full,E+G+D,freq
H3N2,south,2024,3C.2a1b.2a.2a.3a.1,3C.2a1b.2a.2a.3a.1,0.557428,True,ha1_na_full,E+G+D,freq
H3N2,north,2024,3C.2a1b.2a.2a.3a.1,3C.2a1b.2a.2a.3a.1,0.998461,True,ha1_na_full,E+G+D,freq
Victoria,south,2013,V1A,V1A,0.986717,True,ha1_na_full,E+G+D,freq
Victoria,north,2013,V1A,V1A,0.897059,True,ha1_na_full,E+G+D,freq
Victoria,south,2014,V1A,V1A,1.0,True,ha1_na_full,E+G+D,freq
Victoria,north,2014,V1A,V1A,0.989801,True,ha1_na_full,E+G+D,freq
Victoria,south,2015,V1A,V1A,1.0,True,ha1_na_full,E+G+D,freq
Victoria,north,2015,V1A,V1A,0.991392,True,ha1_na_full,E+G+D,freq
Victoria,south,2016,V1A,V1A,0.996186,True,ha1_na_full,E+G+D,freq
Victoria,north,2016,V1A,V1A,1.0,True,ha1_na_full,E+G+D,freq
Victoria,south,2017,V1A,V1A,1.0,True,ha1_na_full,E+G+D,freq
Victoria,north,2017,V1A,V1A,0.992182,True,ha1_na_full,E+G+D,freq
Victoria,south,2018,V1A.1,V1A,0.720596,False,ha1_na_full,E+G+D,freq
Victoria,north,2018,V1A.1,V1A.1,0.760399,True,ha1_na_full,E+G+D,freq
Victoria,south,2019,V1A.3,V1A.1,0.649276,False,ha1_na_full,E+G+D,freq
Victoria,north,2019,V1A.3,V1A.3,0.847729,True,ha1_na_full,E+G+D,freq
Victoria,south,2020,V1A.3,V1A.3,0.791479,True,ha1_na_full,E+G+D,freq
Victoria,north,2020,V1A.3a.1,V1A.3,0.979773,False,ha1_na_full,E+G+D,freq
Victoria,south,2021,V1A.3a.2,V1A.3,0.999864,False,ha1_na_full,E+G+D,freq
Victoria,north,2021,V1A.3a.2,V1A.3,0.89865,False,ha1_na_full,E+G+D,freq
Victoria,south,2022,V1A.3a.2,V1A.3a.2,0.541995,True,ha1_na_full,E+G+D,freq
Victoria,north,2022,V1A.3a.2,V1A.3a.2,0.78217,True,ha1_na_full,E+G+D,freq
Victoria,south,2023,V1A.3a.2,V1A.3a.2,0.938774,True,ha1_na_full,E+G+D,freq
Victoria,north,2023,V1A.3a.2,V1A.3a.2,1.0,True,ha1_na_full,E+G+D,freq
Victoria,south,2024,V1A.3a.2,V1A.3a.2,0.999946,True,ha1_na_full,E+G+D,freq
Victoria,north,2024,V1A.3a.2,V1A.3a.2,1.0,True,ha1_na_full,E+G+D,freq
