timepoint	strain	frequency	weighted_distance_to_present	weighted_distance_to_future	fitness	projected_frequency	y	future_timepoint	model	hemisphere	forecast_year
2012-09-01	B/Alaska/01/2012_EPI_ISL_117023	0.000138	2.9483560000000004	3.4290049999999974	-0.018607636353096542	0.0001365021943379814	2.945977137185382	2013-02-01	lbi	south	2013
2012-09-01	B/Alaska/12/2012_EPI_ISL_128369	0.013722	1.9780890000000007	2.454278999999998	0.00958499958971864	0.01373344805245059	1.9761690248812875	2013-02-01	lbi	south	2013
2012-09-01	B/Argentina/35/2012_EPI_ISL_128371	0.020194	1.8813110000000002	2.199704999999999	0.019521704928965898	0.02029469985743868	1.8796933719786746	2013-02-01	lbi	south	2013
2012-09-01	B/Argentina/44/2012_EPI_ISL_128379	0.023578	1.0062129999999996	1.4648189999999992	0.002745808655777842	0.023530521076656895	1.0043018109121855	2013-02-01	lbi	south	2013
2012-09-01	B/Athens_GR/152/2012_EPI_ISL_117498	7.900000000000001e-05	2.999241	3.4648109999999974	0.10074725143187349	8.212693685725502e-05	2.9974063291182453	2013-02-01	lbi	south	2013
2012-09-01	B/Athens_GR/152/2012_EPI_ISL_117498__dup2	7.900000000000001e-05	2.999241	3.4648109999999974	0.10074725143187349	8.212693685725502e-05	2.9974063291182453	2013-02-01	lbi	south	2013
2012-09-01	B/Athens_GR/98/2012_EPI_ISL_117496__dup2	6.3e-05	1.0062129999999996	1.4648189999999992	0.1100122881348598	6.574695555695523e-05	1.0043018109121855	2013-02-01	lbi	south	2013
2012-09-01	B/Austria/653113/2012_EPI_ISL_106892	1e-05	1.948644000000001	2.429008999999998	-11.554950542779096	8.085179866437808e-08	1.946250141574056	2013-02-01	lbi	south	2013
2012-09-01	B/BRISBANE/1/2012_EPI_ISL_118621	2.7000000000000002e-05	2.9584840000000003	3.442144999999998	-11.552289639197861	2.1854202181029493e-07	2.9568141511312582	2013-02-01	lbi	south	2013
2012-09-01	B/BRISBANE/15/2012_EPI_ISL_122553	0.003629	1.9822810000000006	2.422831999999998	0.027549064437124984	0.003659315441098439	1.980216100909479	2013-02-01	lbi	south	2013
2012-09-01	B/Bahrain/10/2012_EPI_ISL_122136	6.3e-05	1.9797690000000006	2.464764999999998	-0.009497923728198113	6.255320315161066e-05	1.9781677327142881	2013-02-01	lbi	south	2013
2012-09-01	B/Bahrain/15/2012_EPI_ISL_122140	7.099999999999999e-05	1.0062129999999996	1.4648189999999992	-0.02275942136033713	7.01080043106204e-05	1.0043018109121855	2013-02-01	lbi	south	2013
2012-09-01	B/Bangladesh/6704/2012_EPI_ISL_125888	0.012577	1.9627840000000008	2.3180629999999978	-0.023462000547050315	0.012415356109917121	1.9613231535753053	2013-02-01	lbi	south	2013
2012-09-01	B/Beijing-Chaoyang/1147/2012_EPI_ISL_117040	2.8999999999999997e-05	4.730687000000002	4.831004999999997	-11.526192692050813	2.3729664081942828e-07	4.72990380036268	2013-02-01	lbi	south	2013
2012-09-01	B/Beijing-Xicheng/1241/2012_EPI_ISL_117041	6.3e-05	1.0062129999999996	1.4648189999999992	-0.01948038836722755	6.229356218836904e-05	1.0043018109121855	2013-02-01	lbi	south	2013
2012-09-01	B/Brazil/0944/2012_EPI_ISL_125887	0.000162	1.9207470000000004	2.309577999999998	-0.016196265390944976	0.00016040278822143815	1.9197346830538415	2013-02-01	lbi	south	2013
2012-09-01	B/CHANTHABURI/32/2012_EPI_ISL_122528	0.000234	2.9621530000000007	3.4346619999999977	0.06691900256852197	0.00023985731362610434	2.960462547366511	2013-02-01	lbi	south	2013
2012-09-01	B/CHIANG_RAI/50/2012_EPI_ISL_122581	0.000593	1.8648689999999988	2.2603179999999976	-0.020222465175360388	0.0005861692431584823	1.8638366301511555	2013-02-01	lbi	south	2013
2012-09-01	B/CHIBA-C/25/2012_EPI_ISL_122194	0.00093	2.0043410000000006	2.4518009999999983	-0.016498085283196975	0.000920715026444427	2.002460380859299	2013-02-01	lbi	south	2013
2012-09-01	B/California/02/2012_EPI_ISL_105784	2.8999999999999997e-05	1.0062129999999996	1.4648189999999992	-11.561796510700221	2.3380234596737547e-07	1.0043018109121855	2013-02-01	lbi	south	2013
2012-09-01	B/California/03/2012_EPI_ISL_115045	3.5e-05	1.0062129999999996	1.4648189999999992	-11.561481166239748	2.8221232356910057e-07	1.0043018109121855	2013-02-01	lbi	south	2013
2012-09-01	B/Centre/1376/2012_EPI_ISL_128112	0.002838	1.0062129999999996	1.4648189999999992	-0.01770649625302809	0.002808251531380504	1.0043018109121855	2013-02-01	lbi	south	2013
2012-09-01	B/Centre/1376/2012_EPI_ISL_128112__dup2	0.002838	1.0062129999999996	1.4648189999999992	-0.01770649625302809	0.002808251531380504	1.0043018109121855	2013-02-01	lbi	south	2013
2012-09-01	B/Chiang_Rai/55/2012_EPI_ISL_122166	0.00065	1.0062129999999996	1.4648189999999992	0.0711828920198264	0.000667455077323509	1.0043018109121855	2013-02-01	lbi	south	2013
2012-09-01	B/Connecticut/01/2012_EPI_ISL_120322	0.000124	2.0059530000000008	2.464814999999998	-0.018573373430505677	0.00012265589668681654	2.004056499118814	2013-02-01	lbi	south	2013
2012-09-01	B/DARWIN/1/2012_EPI_ISL_118576	1.3000000000000001e-05	2.9011750000000007	3.3087789999999977	-11.515536276506523	1.0684772693531475e-07	2.8991839394532115	2013-02-01	lbi	south	2013
2012-09-01	B/DARWIN/13/2012_EPI_ISL_122533	0.001603	1.9867100000000004	2.464814999999998	0.025754516249584216	0.0016151827512691653	1.9847669967991821	2013-02-01	lbi	south	2013
2012-09-01	B/DARWIN/19/2012_EPI_ISL_122537	0.0038829999999999997	1.0062129999999996	1.4648189999999992	-0.018977997130556458	0.003840262558354349	1.0043018109121855	2013-02-01	lbi	south	2013
2012-09-01	B/DARWIN/23/2012_EPI_ISL_122555	0.006428	1.9867100000000004	2.464814999999998	0.010629028235839043	0.00643616197941553	1.9847669967991821	2013-02-01	lbi	south	2013
2012-09-01	B/DARWIN/3/2012_EPI_ISL_118612	3.9e-05	2.9011750000000007	3.3087789999999977	-11.523112026027974	3.195329615345389e-07	2.8991839394532115	2013-02-01	lbi	south	2013
2012-09-01	B/DARWIN/40/2012_EPI_ISL_122587	0.012020999999999999	1.0062129999999996	1.4648189999999992	0.018980335650705917	0.012078219392977164	1.0043018109121855	2013-02-01	lbi	south	2013
2012-09-01	B/DARWIN/8/2012_EPI_ISL_121695	0.001105	2.9185250000000007	3.309573999999998	-0.02094887443165325	0.0010919409755616252	2.9175508011027187	2013-02-01	lbi	south	2013
2012-09-01	B/Daejeon/3330/2012_EPI_ISL_128382	0.0025440000000000003	1.9586210000000002	2.4421489999999975	-0.020829833308194642	0.0025140593939178666	1.9568847698918603	2013-02-01	lbi	south	2013
2012-09-01	B/Dakar/01/2012_EPI_ISL_128353	0.0021079999999999996	3.7999439999999987	4.364134999999998	0.032258671851673144	0.0021297847767551884	3.7961171305536316	2013-02-01	lbi	south	2013
2012-09-01	B/Dakar/01/2012_EPI_ISL_128353__dup2	0.0021079999999999996	3.7999439999999987	4.364134999999998	0.032258671851673144	0.0021297847767551884	3.7961171305536316	2013-02-01	lbi	south	2013
2012-09-01	B/Dakar/03/2012_EPI_ISL_128354	0.0021899999999999997	3.8077979999999987	4.375208999999999	-0.014825795891930244	0.002169646640388202	3.8039740323164644	2013-02-01	lbi	south	2013
2012-09-01	B/Dakar/04/2012_EPI_ISL_128355	0.0021899999999999997	2.839907000000001	3.3932739999999972	0.09871585870447505	0.002274757238847881	2.8359502969888237	2013-02-01	lbi	south	2013
2012-09-01	B/Dakar/04/2012_EPI_ISL_128355__dup2	0.0021899999999999997	2.839907000000001	3.3932739999999972	0.09871585870447505	0.002274757238847881	2.8359502969888237	2013-02-01	lbi	south	2013
2012-09-01	B/Dakar/05/2012_EPI_ISL_128356	0.002274	4.747248000000003	5.086337999999995	-0.014905099391452308	0.0022527915230798603	4.744034593658823	2013-02-01	lbi	south	2013
2012-09-01	B/Dakar/06/2012_EPI_ISL_128357	0.002361	2.839907000000001	3.3932739999999972	0.029540761522084843	0.0023826995167113515	2.8359502969888237	2013-02-01	lbi	south	2013
2012-09-01	B/Dakar/06/2012_EPI_ISL_128357__dup2	0.002361	2.839907000000001	3.3932739999999972	0.029540761522084843	0.0023826995167113515	2.8359502969888237	2013-02-01	lbi	south	2013
2012-09-01	B/Dakar/07/2012_EPI_ISL_128358	0.0027370000000000003	2.839907000000001	3.3932739999999972	0.09713950148300754	0.002841060532012457	2.8359502969888237	2013-02-01	lbi	south	2013
2012-09-01	B/Dakar/08/2012_EPI_ISL_128359	0.003387	2.839907000000001	3.3932739999999972	0.09065588404398148	0.0035062884127696173	2.8359502969888237	2013-02-01	lbi	south	2013
2012-09-01	B/Dakar/08/2012_EPI_ISL_128359__dup2	0.003387	2.839907000000001	3.3932739999999972	0.020805068976056745	0.0034057103566200535	2.8359502969888237	2013-02-01	lbi	south	2013
2012-09-01	B/Dakar/09/2012_EPI_ISL_128360	0.0038829999999999997	2.839907000000001	3.3932739999999972	0.019211623535781406	0.0039018589006787783	2.8359502969888237	2013-02-01	lbi	south	2013
2012-09-01	B/Dakar/10/2012_EPI_ISL_128361	0.006618000000000001	2.872804000000001	3.2768019999999978	-0.022393065667860746	0.006535853561266096	2.870545811425147	2013-02-01	lbi	south	2013
2012-09-01	B/Dakar/10/2012_EPI_ISL_128361__dup2	0.006618000000000001	2.872804000000001	3.2768019999999978	0.04844183477802124	0.006731631216893515	2.870545811425147	2013-02-01	lbi	south	2013
2012-09-01	B/Dakar/17/2012_EPI_ISL_128362	0.0027370000000000003	3.8159749999999972	4.351286999999998	0.026637636658387878	0.0027588160828753276	3.811864586986111	2013-02-01	lbi	south	2013
2012-09-01	B/Dakar/17/2012_EPI_ISL_128362__dup2	0.0027370000000000003	3.8159749999999972	4.351286999999998	0.026637636658387878	0.0027588160828753276	3.811864586986111	2013-02-01	lbi	south	2013
2012-09-01	B/Delaware/01/2012_EPI_ISL_104023	1.4000000000000001e-05	2.864687000000001	3.2603139999999984	-11.319962791179437	1.2483609445316534e-07	2.8636961443452122	2013-02-01	lbi	south	2013
2012-09-01	B/Delaware/03/2012_EPI_ISL_117028	0.000516	1.0062129999999996	1.4648189999999992	-0.019699903629456353	0.0005101672734969006	1.0043018109121855	2013-02-01	lbi	south	2013
2012-09-01	B/Delaware/07/2012_EPI_ISL_121430	0.004152	1.9978970000000005	2.261590999999999	-0.023499943815937688	0.0040985722833593325	1.9961046663454691	2013-02-01	lbi	south	2013
2012-09-01	B/Denmark/15/2012_EPI_ISL_122721	0.002451	1.9586210000000002	2.4421489999999975	0.04049910427202743	0.0024848465775210876	1.9568847698918603	2013-02-01	lbi	south	2013
2012-09-01	B/Denmark/5/2012_EPI_ISL_122723	0.00028700000000000004	1.0062129999999996	1.4648189999999992	0.06447344991211257	0.0002938843551456221	1.0043018109121855	2013-02-01	lbi	south	2013
2012-09-01	B/Djibouti/IP1157/2012_EPI_ISL_128113	0.0009710000000000001	1.0062129999999996	1.4648189999999992	0.05857152528587427	0.000991849574702914	1.0043018109121855	2013-02-01	lbi	south	2013
2012-09-01	B/Djibouti/IP1157/2012_EPI_ISL_128113__dup2	0.0009710000000000001	1.0062129999999996	1.4648189999999992	0.05857152528587427	0.000991849574702914	1.0043018109121855	2013-02-01	lbi	south	2013
2012-09-01	B/England/322/2012_EPI_ISL_122052	0.000317	1.0062129999999996	1.4648189999999992	0.07473173964749454	0.0003259943942344183	1.0043018109121855	2013-02-01	lbi	south	2013
2012-09-01	B/England/507/2012_EPI_ISL_122054	0.001539	1.9913120000000006	2.464814999999998	0.013431828634086271	0.0015427547806663273	1.9893862168782304	2013-02-01	lbi	south	2013
2012-09-01	B/England/507/2012_EPI_ISL_122054__dup2	0.001539	1.9913120000000006	2.464814999999998	0.013431828634086271	0.0015427547806663273	1.9893862168782304	2013-02-01	lbi	south	2013
2012-09-01	B/England/537/2012_EPI_ISL_122055	0.0025440000000000003	1.9594050000000005	2.443732999999998	0.05901004719635244	0.0025991003139071694	1.9570216918567047	2013-02-01	lbi	south	2013
2012-09-01	B/England/537/2012_EPI_ISL_122055__dup2	0.0025440000000000003	1.9594050000000005	2.443732999999998	0.05901004719635244	0.0025991003139071694	1.9570216918567047	2013-02-01	lbi	south	2013
2012-09-01	B/Ethiopia/116/2012_EPI_ISL_124963	0.004292	1.0062129999999996	1.4648189999999992	0.036324193115876896	0.004343706831118949	1.0043018109121855	2013-02-01	lbi	south	2013
2012-09-01	B/Ethiopia/65/2012_EPI_ISL_124956	0.001419	1.0062129999999996	1.4648189999999992	0.037196276769663174	0.0014366169851111079	1.0043018109121855	2013-02-01	lbi	south	2013
2012-09-01	B/Finland/235/2012_EPI_ISL_121466	7.099999999999999e-05	2.864687000000001	3.2603139999999984	-0.022414975283960224	7.011806687727529e-05	2.8636961443452122	2013-02-01	lbi	south	2013
2012-09-01	B/Finland/292/2012_EPI_ISL_125836	0.006241	1.9687550000000007	2.464682999999998	0.07153206574207295	0.006409528044590802	1.9658446426446428	2013-02-01	lbi	south	2013
2012-09-01	B/Finland/292/2012_EPI_ISL_125836__dup2	0.006241	1.9687550000000007	2.464682999999998	0.07153206574207295	0.006409528044590802	1.9658446426446428	2013-02-01	lbi	south	2013
2012-09-01	B/Finland/292/2012_EPI_ISL_125836__dup3	0.006241	1.9687550000000007	2.464682999999998	0.07153206574207295	0.006409528044590802	1.9658446426446428	2013-02-01	lbi	south	2013
2012-09-01	B/Florida/01/2012_EPI_ISL_105778	3.1e-05	2.0061390000000006	2.464814999999998	-11.564019952719512	2.496952123239699e-07	2.004301311521763	2013-02-01	lbi	south	2013
2012-09-01	B/Florida/04/2012_EPI_ISL_120320	0.001419	2.965201	3.4589149999999975	-0.016916272411602207	0.0014045881641675576	2.963270271780548	2013-02-01	lbi	south	2013
2012-09-01	B/Florida/05/2012_EPI_ISL_122141	0.008278	1.0062129999999996	1.4648189999999992	0.03008232559782657	0.00835596690072259	1.0043018109121855	2013-02-01	lbi	south	2013
2012-09-01	B/Florida/07/2012_EPI_ISL_122115	0.0052	1.0062129999999996	1.4648189999999992	0.025495483476563854	0.005238954369373406	1.0043018109121855	2013-02-01	lbi	south	2013
2012-09-01	B/Florida/10/2012_EPI_ISL_124961	0.019249000000000002	1.0062129999999996	1.4648189999999992	-0.018768622031022364	0.019038800702045427	1.0043018109121855	2013-02-01	lbi	south	2013
2012-09-01	B/Florida/19/2012_EPI_ISL_127866	0.022979	1.0062129999999996	1.4648189999999992	-0.015212019020663794	0.022761775161329555	1.0043018109121855	2013-02-01	lbi	south	2013
2012-09-01	B/Florida/22/2012_EPI_ISL_128364	0.025855	3.7623499999999974	4.1979489999999995	-0.023524123762024188	0.025522042090680718	3.7622798034494926	2013-02-01	lbi	south	2013
2012-09-01	B/GIFU/5/2012_EPI_ISL_123238	0.00065	2.851073	3.199700999999997	0.10216059817415617	0.0006761260111406256	2.8493728987532045	2013-02-01	lbi	south	2013
2012-09-01	B/GUNMA/59/2012_EPI_ISL_128346	0.014906	1.9738450000000007	2.464696999999998	-0.018116179847005438	0.014747234815543027	1.9722960694830576	2013-02-01	lbi	south	2013
2012-09-01	B/Georgia/436/2012_EPI_ISL_125837	0.000852	1.9383239999999997	2.391474999999998	0.07802559026712695	0.0008773775279654074	1.9362236270411315	2013-02-01	lbi	south	2013
2012-09-01	B/Georgia/436/2012_EPI_ISL_125837__dup2	0.000852	1.9383239999999997	2.391474999999998	0.07802559026712695	0.0008773775279654074	1.9362236270411315	2013-02-01	lbi	south	2013
2012-09-01	B/Georgia/498/2012_EPI_ISL_125838	0.001105	3.9992789999999983	4.464806999999999	-0.02347921353475605	0.0010907903401682593	3.9975600349041125	2013-02-01	lbi	south	2013
2012-09-01	B/Georgia/655/2012_EPI_ISL_125839	0.0021079999999999996	2.92988	3.376484999999998	0.1071311030092354	0.002197274606464203	2.9274345286152745	2013-02-01	lbi	south	2013
2012-09-01	B/Georgia/655/2012_EPI_ISL_125839__dup2	0.0021079999999999996	2.92988	3.376484999999998	0.1071311030092354	0.002197274606464203	2.9274345286152745	2013-02-01	lbi	south	2013
2012-09-01	B/Georgia/741/2012_EPI_ISL_125840	0.0055320000000000005	2.9080859999999995	3.391470999999998	-0.005160325322384322	0.005502703215047762	2.90590315381566	2013-02-01	lbi	south	2013
2012-09-01	B/Georgia/741/2012_EPI_ISL_125840__dup2	0.0055320000000000005	2.9080859999999995	3.391470999999998	-0.005160325322384322	0.005502703215047762	2.90590315381566	2013-02-01	lbi	south	2013
2012-09-01	B/Guatemala/52/2012_EPI_ISL_107105	0.00018999999999999998	3.834641999999998	4.270901999999999	0.09956890634186487	0.00019742352681510544	3.8323234486218376	2013-02-01	lbi	south	2013
2012-09-01	B/HIROSHIMA-C/7/2012_EPI_ISL_121867	0.00038700000000000003	2.0054270000000005	2.464814999999998	-0.0234373292567943	0.000382030071251255	2.003537750769685	2013-02-01	lbi	south	2013
2012-09-01	B/HIROSHIMA/27/2012_EPI_ISL_122334	0.0052	1.9577050000000005	2.464646999999998	-0.023373917229602695	0.00513335622571754	1.9564642958041432	2013-02-01	lbi	south	2013
2012-09-01	B/HOKKAIDO/8/2012_EPI_ISL_121215	9.9e-05	2.9281110000000004	3.355664999999998	0.13844671636785816	0.00010454798669673167	2.9256857454107976	2013-02-01	lbi	south	2013
2012-09-01	B/HYOGO/3041/2012_EPI_ISL_122335	0.005704	1.994793000000001	2.464814999999998	0.027590523254552395	0.005751748648486333	1.992798313615215	2013-02-01	lbi	south	2013
2012-09-01	B/Honduras/9745/2012_EPI_ISL_128365	0.017051	2.872804000000001	3.2768019999999978	0.02632951253523315	0.01718470373050301	2.870545811425147	2013-02-01	lbi	south	2013
2012-09-01	B/Hong_Kong/3496/2012_EPI_ISL_128119	0.004016	5.682750000000002	5.801865999999995	-0.017018431182000224	0.003975042962744284	5.682121022595285	2013-02-01	lbi	south	2013
2012-09-01	B/Hong_Kong/3496/2012_EPI_ISL_128119__dup2	0.004016	4.683165000000002	4.808338999999997	0.09248356116166072	0.004160608703095968	4.682487233935635	2013-02-01	lbi	south	2013
2012-09-01	B/Hong_Kong/3501/2012_EPI_ISL_128120	0.004152	1.962671000000001	2.420558999999998	0.027862258011061552	0.004187230793324829	1.9605964056400043	2013-02-01	lbi	south	2013
2012-09-01	B/Hong_Kong/3501/2012_EPI_ISL_128120__dup2	0.004152	2.892239	3.2792599999999976	0.027862258011061552	0.004187230793324829	2.890828810191672	2013-02-01	lbi	south	2013
2012-09-01	B/Hong_Kong/3508/2012_EPI_ISL_128121	0.0044340000000000004	1.8648689999999988	2.2603179999999976	0.02970878845047711	0.004475065372218045	1.8638366301511555	2013-02-01	lbi	south	2013
2012-09-01	B/Hong_Kong/3508/2012_EPI_ISL_128121__dup2	0.0044340000000000004	1.8648689999999988	2.2603179999999976	-0.02146276905507447	0.004380660349029065	1.8638366301511555	2013-02-01	lbi	south	2013
2012-09-01	B/Hong_Kong/3514/2012_EPI_ISL_128122	0.00458	4.721585000000003	4.831004999999997	-0.017252747279176684	0.004532848456892012	4.720838578042178	2013-02-01	lbi	south	2013
2012-09-01	B/Hong_Kong/3525/2012_EPI_ISL_128375	0.0052	1.0062129999999996	1.4648189999999992	-0.019338923521076936	0.005141993926436443	1.0043018109121855	2013-02-01	lbi	south	2013
2012-09-01	B/Hong_Kong/3534/2012_EPI_ISL_128123	0.0052	4.720345000000003	4.830288999999997	-0.017478663811305473	0.005145981073192436	4.719612312809578	2013-02-01	lbi	south	2013
2012-09-01	B/Hong_Kong/3534/2012_EPI_ISL_128123__dup2	0.0052	3.7307569999999983	3.8310089999999977	-0.005150147110784245	0.0051724833818644275	3.729904274955963	2013-02-01	lbi	south	2013
2012-09-01	B/Hong_Kong/3546/2012_EPI_ISL_128124	0.006058	2.917201000000001	3.414438999999998	0.027638619877981118	0.006108834432715342	2.9153951132015665	2013-02-01	lbi	south	2013
2012-09-01	B/Hong_Kong/3546/2012_EPI_ISL_128124__dup2	0.006058	2.917201000000001	3.414438999999998	0.027638619877981118	0.006108834432715342	2.9153951132015665	2013-02-01	lbi	south	2013
2012-09-01	B/Hong_Kong/3553/2012_EPI_ISL_127861	0.006812	3.754200999999998	4.112683999999998	-0.022300166043767312	0.006727705933396525	3.7544884884664533	2013-02-01	lbi	south	2013
2012-09-01	B/Hubei-Jiangan/12/2012_EPI_ISL_117034	1.3000000000000001e-05	5.730259000000004	5.831000999999997	-11.541263878838937	1.057084543234218e-07	5.729487291957109	2013-02-01	lbi	south	2013
2012-09-01	B/IWATE/4/2012_EPI_ISL_118956	9.4e-05	1.962671000000001	2.420558999999998	0.08026766752120996	9.68903406880051e-05	1.9605964056400043	2013-02-01	lbi	south	2013
2012-09-01	B/Idaho/02/2012_EPI_ISL_120325	0.002361	1.0062129999999996	1.4648189999999992	0.043882619974851406	0.002396980619204758	1.0043018109121855	2013-02-01	lbi	south	2013
2012-09-01	B/Idaho/03/2012_EPI_ISL_124959	0.012577	1.9594050000000005	2.443732999999998	0.02298341578905165	0.012657961176022402	1.9570216918567047	2013-02-01	lbi	south	2013
2012-09-01	B/India/5526/2012_EPI_ISL_124955	0.0021899999999999997	1.0062129999999996	1.4648189999999992	0.04544551621807197	0.0022248230012956514	1.0043018109121855	2013-02-01	lbi	south	2013
2012-09-01	B/Indiana/01/2012_EPI_ISL_117373	0.000621	2.004959000000001	2.464814999999998	0.0016812956848763457	0.0006194746676894685	2.0030628615768085	2013-02-01	lbi	south	2013
2012-09-01	B/Ireland/12M17522/2012_EPI_ISL_122057	0.000317	1.0062129999999996	1.4648189999999992	0.07473173964749454	0.0003259943942344183	1.0043018109121855	2013-02-01	lbi	south	2013
2012-09-01	B/Ireland/12M17522/2012_EPI_ISL_122057__dup2	0.000317	1.0062129999999996	1.4648189999999992	0.06327923937731682	0.0003244424953763309	1.0043018109121855	2013-02-01	lbi	south	2013
2012-09-01	B/Jiangsu-Canglang/1132/2012_EPI_ISL_128384	0.001539	7.539875999999998	7.542976999999994	-0.015267928356596941	0.0015244160290167946	7.539817785601045	2013-02-01	lbi	south	2013
2012-09-01	B/Jiangsu-Jingjiang/33/2012_EPI_ISL_126285	0.00021099999999999998	5.933381999999998	6.2950659999999985	-0.023555030116965532	0.00020828008251801413	5.932227130395924	2013-02-01	lbi	south	2013
2012-09-01	B/Jiangsu-Nanjinggulou/182/2012_EPI_ISL_117024	3.1e-05	1.8648689999999988	2.2603179999999976	-11.563943888161777	2.4970312618100086e-07	1.8638366301511555	2013-02-01	lbi	south	2013
2012-09-01	B/Jilin-Chuanying/1417/2012_EPI_ISL_128383	0.001478	1.9662500000000007	2.435679999999998	-0.023483905476389972	0.0014589909239666925	1.964468644476999	2013-02-01	lbi	south	2013
2012-09-01	B/KANAGAWA/80/2012_EPI_ISL_128344	0.008502	1.962671000000001	2.420558999999998	0.01828879147270229	0.008540008017397838	1.9605964056400043	2013-02-01	lbi	south	2013
2012-09-01	B/KAWASAKI/1/2012_EPI_ISL_111439	3.1e-05	3.913692999999999	4.397884999999999	-11.184522904108736	2.924707885980244e-07	3.9119521766757592	2013-02-01	lbi	south	2013
2012-09-01	B/KOBE/374/2012_EPI_ISL_121870	0.000852	2.0044970000000006	2.464814999999998	0.05810823112598449	0.0008701263897631585	2.0025615581326615	2013-02-01	lbi	south	2013
2012-09-01	B/KOBE/63/2012_EPI_ISL_128342	0.011211	1.0062129999999996	1.4648189999999992	-0.016998632847677143	0.011096756543978688	1.0043018109121855	2013-02-01	lbi	south	2013
2012-09-01	B/KUMAMOTO-C/12/2012_EPI_ISL_122193	0.001668	2.851073	3.199700999999997	0.07909870473066069	0.0017184509670055562	2.8493728987532045	2013-02-01	lbi	south	2013
2012-09-01	B/KUMAMOTO-C/12/2012_EPI_ISL_122193__dup2	0.001668	2.851073	3.199700999999997	0.04563339830795827	0.0016946553838298344	2.8493728987532045	2013-02-01	lbi	south	2013
2012-09-01	B/KUMAMOTO-C/9/2012_EPI_ISL_121869	0.000593	2.8303540000000016	3.259876999999998	-0.02274622025514656	0.0005855531722989797	2.8297735582187986	2013-02-01	lbi	south	2013
2012-09-01	B/KUMAMOTO/4/2012_EPI_ISL_121868	0.000621	2.9612850000000006	3.4205549999999976	-0.023462443032893212	0.0006130185833493414	2.95936921769609	2013-02-01	lbi	south	2013
2012-09-01	B/Kaliningrad/06/2012_EPI_ISL_122144	0.006618000000000001	1.0062129999999996	1.4648189999999992	0.02320342509048452	0.006661212267767867	1.0043018109121855	2013-02-01	lbi	south	2013
2012-09-01	B/Kansas/01/2012_EPI_ISL_105783	2.3e-05	3.862121999999997	4.230399999999999	-11.56394874269221	1.8526323501097666e-07	3.861238722621007	2013-02-01	lbi	south	2013
2012-09-01	B/Karlovy_Vary/24/2012_EPI_ISL_122059	1e-05	1.0062129999999996	1.4648189999999992	-11.561413304508523	8.063437241112555e-08	1.0043018109121855	2013-02-01	lbi	south	2013
2012-09-01	B/Kentucky/01/2012_EPI_ISL_118939	0.000492	1.0062129999999996	1.4648189999999992	0.06741876718301125	0.0005044204045442372	1.0043018109121855	2013-02-01	lbi	south	2013
2012-09-01	B/Laos/I008/2012_EPI_ISL_122183	1.4000000000000001e-05	3.961597999999998	4.427470999999999	-11.541296460821776	1.1383832842691181e-07	3.959953001111922	2013-02-01	lbi	south	2013
2012-09-01	B/Laos/I014/2012_EPI_ISL_122184	1.8e-05	2.9621530000000007	3.4346619999999977	-11.525469125916485	1.4733198198228912e-07	2.960462547366511	2013-02-01	lbi	south	2013
2012-09-01	B/Laos/I057/2012_EPI_ISL_122186	4.2e-05	2.9621530000000007	3.4346619999999977	-11.319861033598857	3.745241624697985e-07	2.960462547366511	2013-02-01	lbi	south	2013
2012-09-01	B/Laos/I071/2012_EPI_ISL_122187	6.3e-05	3.8213019999999975	4.1135579999999985	-0.022393975536275416	6.221798402193523e-05	3.8207335368462267	2013-02-01	lbi	south	2013
2012-09-01	B/Laos/I080/2012_EPI_ISL_122188	6.7e-05	3.8917209999999973	4.293362999999999	0.0840205591150201	6.916821059281909e-05	3.890694951918173	2013-02-01	lbi	south	2013
2012-09-01	B/Laos/I117/2012_EPI_ISL_122189	9.9e-05	3.913644999999998	4.4344899999999985	-0.011056753143341331	9.823406571184831e-05	3.9126250322584615	2013-02-01	lbi	south	2013
2012-09-01	B/Laos/I118/2012_EPI_ISL_122190	9.9e-05	3.959662999999998	4.434657999999999	-0.011056753143341331	9.823406571184831e-05	3.9580839327191066	2013-02-01	lbi	south	2013
2012-09-01	B/Laos/SA024/2012_EPI_ISL_122191	5.3e-05	2.9621530000000007	3.4346619999999977	-0.00898195570616199	5.263543798782184e-05	2.960462547366511	2013-02-01	lbi	south	2013
2012-09-01	B/Lefkada_GR/58/2012_EPI_ISL_117495	4.4e-05	2.0002010000000006	2.463312999999998	0.1191638799578479	4.609393767024097e-05	1.9982779121171783	2013-02-01	lbi	south	2013
2012-09-01	B/Lisboa/3/2012_EPI_ISL_122268	0.000593	1.0062129999999996	1.4648189999999992	0.08063886910257297	0.0006113282901785563	1.0043018109121855	2013-02-01	lbi	south	2013
2012-09-01	B/Lisboa/3/2012_EPI_ISL_122268__dup2	0.000593	1.0062129999999996	1.4648189999999992	0.08063886910257297	0.0006113282901785563	1.0043018109121855	2013-02-01	lbi	south	2013
2012-09-01	B/Lorraine/1023/2012_EPI_ISL_128131	0.000593	3.976795999999998	4.463881999999998	0.1008158437653696	0.0006164894362709899	3.9749172708386267	2013-02-01	lbi	south	2013
2012-09-01	B/Lorraine/1023/2012_EPI_ISL_128131__dup2	0.000593	3.976795999999998	4.463881999999998	0.1008158437653696	0.0006164894362709899	3.9749172708386267	2013-02-01	lbi	south	2013
2012-09-01	B/MACAU/200052/2012_EPI_ISL_121698	1.9e-05	3.7307569999999983	3.8310089999999977	-11.376941967922345	1.6544552034226306e-07	3.729904274955963	2013-02-01	lbi	south	2013
2012-09-01	B/MACAU/200143/2012_EPI_ISL_122594	6.3e-05	3.7307569999999983	3.8310089999999977	0.0687501781075581	6.462625942403072e-05	3.729904274955963	2013-02-01	lbi	south	2013
2012-09-01	B/MACAU/600042/2012_EPI_ISL_121700	3.5e-05	4.683165000000002	4.808338999999997	-11.527255489333395	2.8626570179732265e-07	4.682487233935635	2013-02-01	lbi	south	2013
2012-09-01	B/MALAYSIA/212/2012_EPI_ISL_122602	1.4000000000000001e-05	3.874151999999997	4.256816999999998	-11.517484072670184	1.1497343463913965e-07	3.872292519230807	2013-02-01	lbi	south	2013
2012-09-01	B/MALAYSIA/221/2012_EPI_ISL_122586	2.1e-05	2.9281110000000004	3.355664999999998	-11.486112842556084	1.7472923593849854e-07	2.9256857454107976	2013-02-01	lbi	south	2013
2012-09-01	B/MALAYSIA/269/2012_EPI_ISL_122589	0.00021099999999999998	3.925225999999997	4.355660999999999	0.0020060664723055583	0.00021051021544918027	3.9228452561714278	2013-02-01	lbi	south	2013
2012-09-01	B/MALAYSIA/346/2012_EPI_ISL_122590	0.000334	4.860023999999998	5.315985999999994	-9.551574660670377e-06	0.00033294496299930107	4.857719792944707	2013-02-01	lbi	south	2013
2012-09-01	B/MIE/1/2012_EPI_ISL_106361	2.3e-05	2.0055810000000007	2.464814999999998	-11.535601883357394	1.8746438806802473e-07	2.0037290932928684	2013-02-01	lbi	south	2013
2012-09-01	B/MOROCCO/940/2012_EPI_ISL_128314	0.011478	1.0062129999999996	1.4648189999999992	0.02006781490917813	0.011537861548124544	1.0043018109121855	2013-02-01	lbi	south	2013
2012-09-01	B/Madagascar/01591/2012_EPI_ISL_128133	0.00021099999999999998	1.948607000000001	2.464482999999998	0.09786101388514128	0.0002190880585462029	1.946058365711411	2013-02-01	lbi	south	2013
2012-09-01	B/Madagascar/01591/2012_EPI_ISL_128133__dup2	0.00021099999999999998	1.948607000000001	2.464482999999998	0.09102622427969173	0.00021846502079259227	1.946058365711411	2013-02-01	lbi	south	2013
2012-09-01	B/Madagascar/01593/2012_EPI_ISL_128134	0.00028700000000000004	1.948607000000001	2.464482999999998	0.0929870450517645	0.0002973967199122932	1.946058365711411	2013-02-01	lbi	south	2013
2012-09-01	B/Madagascar/01593/2012_EPI_ISL_128134__dup2	0.00028700000000000004	1.948607000000001	2.464482999999998	0.08706927513465516	0.0002966643210006915	1.946058365711411	2013-02-01	lbi	south	2013
2012-09-01	B/Madagascar/01706/2012_EPI_ISL_128135	0.00044699999999999997	2.7829950000000014	3.2603139999999984	0.10131313934670162	0.00046480250250179256	2.7809453233071886	2013-02-01	lbi	south	2013
2012-09-01	B/Madagascar/01706/2012_EPI_ISL_128135__dup2	0.00044699999999999997	2.7829950000000014	3.2603139999999984	0.10131313934670162	0.00046480250250179256	2.7809453233071886	2013-02-01	lbi	south	2013
2012-09-01	B/Madagascar/01732/2012_EPI_ISL_128136	0.00044699999999999997	2.004413000000001	2.464814999999998	0.04804760272573079	0.0004546003202897679	2.0024834096310284	2013-02-01	lbi	south	2013
2012-09-01	B/Madagascar/01732/2012_EPI_ISL_128136__dup2	0.00044699999999999997	2.004413000000001	2.464814999999998	0.04804760272573079	0.0004546003202897679	2.0024834096310284	2013-02-01	lbi	south	2013
2012-09-01	B/Madagascar/02853/2012_EPI_ISL_128137	0.001153	1.948607000000001	2.464482999999998	0.06463090594999259	0.0011807348186365614	1.946058365711411	2013-02-01	lbi	south	2013
2012-09-01	B/Madagascar/02853/2012_EPI_ISL_128137__dup2	0.001153	1.948607000000001	2.464482999999998	0.06463090594999259	0.0011807348186365614	1.946058365711411	2013-02-01	lbi	south	2013
2012-09-01	B/Madagascar/02856/2012_EPI_ISL_128138	0.001419	1.948607000000001	2.464482999999998	0.056675677947073656	0.0014483246155927822	1.946058365711411	2013-02-01	lbi	south	2013
2012-09-01	B/Madagascar/02856/2012_EPI_ISL_128138__dup2	0.001419	1.948607000000001	2.464482999999998	0.06095171730683024	0.0014509073711779957	1.946058365711411	2013-02-01	lbi	south	2013
2012-09-01	B/Madagascar/03104/2012_EPI_ISL_128110	0.003387	3.735402999999998	4.237643999999998	-0.021232276292045986	0.0033465768210516472	3.733528282286858	2013-02-01	lbi	south	2013
2012-09-01	B/Madagascar/03142/2012_EPI_ISL_128139	0.004292	2.9104450000000006	3.4585829999999973	0.04410282909347213	0.004357808051425869	2.9078360029081054	2013-02-01	lbi	south	2013
2012-09-01	B/Madagascar/03142/2012_EPI_ISL_128139__dup2	0.004292	2.9104450000000006	3.4585829999999973	0.04410282909347213	0.004357808051425869	2.9078360029081054	2013-02-01	lbi	south	2013
2012-09-01	B/Madagascar/03165/2012_EPI_ISL_128140	0.0044340000000000004	1.948607000000001	2.464482999999998	0.03911182643921709	0.00449263276772143	1.946058365711411	2013-02-01	lbi	south	2013
2012-09-01	B/Madagascar/03165/2012_EPI_ISL_128140__dup2	0.0044340000000000004	1.948607000000001	2.464482999999998	0.03564470231749609	0.004486147238694382	1.946058365711411	2013-02-01	lbi	south	2013
2012-09-01	B/Maine/01/2012_EPI_ISL_111441	0.00018999999999999998	4.833592000000003	5.270897999999996	0.09956890634186487	0.00019742352681510544	4.831277112021629	2013-02-01	lbi	south	2013
2012-09-01	B/Maine/02/2012_EPI_ISL_117038	0.000273	1.0062129999999996	1.4648189999999992	0.06528655975052858	0.00027964325884821293	1.0043018109121855	2013-02-01	lbi	south	2013
2012-09-01	B/Maryland/02/2012_EPI_ISL_107112	4.4e-05	1.0062129999999996	1.4648189999999992	-0.019250997787913303	4.35107733969447e-05	1.0043018109121855	2013-02-01	lbi	south	2013
2012-09-01	B/Maryland/05/2012_EPI_ISL_120324	0.001805	1.0062129999999996	1.4648189999999992	0.04828533950904591	0.0018358721783422855	1.0043018109121855	2013-02-01	lbi	south	2013
2012-09-01	B/Maryland/06/2012_EPI_ISL_124957	0.01551	1.9751810000000005	2.464362999999998	-0.02352012642829061	0.015310289388204648	1.9736812321357784	2013-02-01	lbi	south	2013
2012-09-01	B/Massachusetts/01/2012_EPI_ISL_107095	0.00018999999999999998	2.9281110000000004	3.355664999999998	0.1215195582049693	0.00019923746570244276	2.9256857454107976	2013-02-01	lbi	south	2013
2012-09-01	B/Mexico/1195/2012_EPI_ISL_107106	2.4e-05	1.0062129999999996	1.4648189999999992	-11.561692459676433	1.934999855939733e-07	1.0043018109121855	2013-02-01	lbi	south	2013
2012-09-01	B/Mexico/7024/2012_EPI_ISL_127862	0.0052	1.0062129999999996	1.4648189999999992	0.03275283913297007	0.0052548204105660875	1.0043018109121855	2013-02-01	lbi	south	2013
2012-09-01	B/Milano/03/2012_EPI_ISL_125841	0.000162	1.0062129999999996	1.4648189999999992	0.0743102121742175	0.00016656724646038675	1.0043018109121855	2013-02-01	lbi	south	2013
2012-09-01	B/Milano/03/2012_EPI_ISL_125841__dup2	0.000162	1.0062129999999996	1.4648189999999992	0.0794936734100215	0.00016692738308802244	1.0043018109121855	2013-02-01	lbi	south	2013
2012-09-01	B/Missouri/02/2012_EPI_ISL_107100	9.4e-05	1.0062129999999996	1.4648189999999992	0.11221443621148107	9.818868495656138e-05	1.0043018109121855	2013-02-01	lbi	south	2013
2012-09-01	B/Montserrat/1105/2012_EPI_ISL_128372	0.0052	1.9207470000000004	2.309577999999998	-0.020073617285018927	0.005140420087812372	1.9197346830538415	2013-02-01	lbi	south	2013
2012-09-01	B/NAGANO/2220/2012_EPI_ISL_122332	0.003271	1.0062129999999996	1.4648189999999992	0.04276081020784058	0.0033192967549666545	1.0043018109121855	2013-02-01	lbi	south	2013
2012-09-01	B/NIIGATA/138/2012_EPI_ISL_116148	3.5e-05	3.9587949999999985	4.420550999999998	-11.555488952700154	2.82917819138601e-07	3.956990603048688	2013-02-01	lbi	south	2013
2012-09-01	B/NONG_KHAI/39/2012_EPI_ISL_122531	0.000334	2.9479640000000007	3.3859949999999976	-0.02345819014781626	0.0003297078416426442	2.9455907258907725	2013-02-01	lbi	south	2013
2012-09-01	B/NONTHABURI/45/2012_EPI_ISL_122591	0.00035099999999999997	2.9337430000000007	3.4290049999999974	-0.022587590222275408	0.0003466150903036167	2.9313345475401005	2013-02-01	lbi	south	2013
2012-09-01	B/NONTHABURI/54/2012_EPI_ISL_122532	0.000621	2.9621530000000007	3.4346619999999977	0.05174841666923722	0.0006325334528603509	2.960462547366511	2013-02-01	lbi	south	2013
2012-09-01	B/Nevada/03/2012_EPI_ISL_121423	0.004152	1.0062129999999996	1.4648189999999992	0.028744776857163427	0.004188770788984845	1.0043018109121855	2013-02-01	lbi	south	2013
2012-09-01	B/Nevada/10/2012_EPI_ISL_125937	0.017363	1.9702890000000006	2.464624999999998	-0.02235824237351357	0.017147729221370683	1.9687733735969044	2013-02-01	lbi	south	2013
2012-09-01	B/Nevada/13/2012_EPI_ISL_128385	0.024744	1.0062129999999996	1.4648189999999992	0.005203779601610209	0.024719476712369213	1.0043018109121855	2013-02-01	lbi	south	2013
2012-09-01	B/New_Hampshire/04/2012_EPI_ISL_117033	0.00044699999999999997	5.728544000000004	5.831000999999997	-0.012855101689666686	0.000443209464060139	5.727725733490389	2013-02-01	lbi	south	2013
2012-09-01	B/New_Hampshire/06/2012_EPI_ISL_121252	0.002451	2.993802	3.4639809999999978	-0.023491862383529155	0.002419468808467045	2.991947467717787	2013-02-01	lbi	south	2013
2012-09-01	B/New_Hampshire/08/2012_EPI_ISL_122156	0.008278	1.0062129999999996	1.4648189999999992	0.03008232559782657	0.00835596690072259	1.0043018109121855	2013-02-01	lbi	south	2013
2012-09-01	B/New_Jersey/01/2012_EPI_ISL_122157	0.0035060000000000004	2.8881890000000006	3.300849999999998	-0.022553599173687922	0.003462249908796825	2.887117174443528	2013-02-01	lbi	south	2013
2012-09-01	B/New_Jersey/01/2012_EPI_ISL_122157__dup2	0.0035060000000000004	1.0062129999999996	1.4648189999999992	0.039162992583326436	0.003552437142531667	1.0043018109121855	2013-02-01	lbi	south	2013
2012-09-01	B/New_Jersey/01/2012_EPI_ISL_122157__dup3	0.0035060000000000004	1.0062129999999996	1.4648189999999992	0.039162992583326436	0.003552437142531667	1.0043018109121855	2013-02-01	lbi	south	2013
2012-09-01	B/New_Jersey/01/2012_EPI_ISL_122157__dup4	0.0035060000000000004	1.9463570000000006	2.3659709999999974	-0.023497371949037473	0.0034608886859548455	1.9450642043660955	2013-02-01	lbi	south	2013
2012-09-01	B/New_Jersey/01/2012_EPI_ISL_122157__dup5	0.0035060000000000004	1.9357810000000006	2.323519999999998	-0.022553599173687922	0.003462249908796825	1.9345342154638552	2013-02-01	lbi	south	2013
2012-09-01	B/New_Jersey/01/2012_EPI_ISL_122157__dup6	0.0035060000000000004	1.0062129999999996	1.4648189999999992	0.039162992583326436	0.003552437142531667	1.0043018109121855	2013-02-01	lbi	south	2013
2012-09-01	B/New_Jersey/01/2012_EPI_ISL_122157__dup7	0.0035060000000000004	1.0062129999999996	1.4648189999999992	0.039162992583326436	0.003552437142531667	1.0043018109121855	2013-02-01	lbi	south	2013
2012-09-01	B/New_Jersey/01/2012_EPI_ISL_122157__dup8	0.0035060000000000004	1.9357810000000006	2.323519999999998	-0.023496940073771646	0.003460889308734994	1.9345342154638552	2013-02-01	lbi	south	2013
2012-09-01	B/New_Mexico/01/2012_EPI_ISL_107107	2e-05	1.0062129999999996	1.4648189999999992	-11.5615855205351	1.6125717312807733e-07	1.0043018109121855	2013-02-01	lbi	south	2013
2012-09-01	B/New_Mexico/02/2012_EPI_ISL_124962	0.009198	1.0062129999999996	1.4648189999999992	0.023814105858414997	0.009260414407753603	1.0043018109121855	2013-02-01	lbi	south	2013
2012-09-01	B/New_York/03/2012_EPI_ISL_122114	0.0021079999999999996	1.0062129999999996	1.4648189999999992	0.046081533496308696	0.0021420867195519632	1.0043018109121855	2013-02-01	lbi	south	2013
2012-09-01	B/New_York/07/2012_EPI_ISL_128380	0.025855	1.0062129999999996	1.4648189999999992	0.0008906402980941269	0.025782998268458444	1.0043018109121855	2013-02-01	lbi	south	2013
2012-09-01	B/New_York/08/2012_EPI_ISL_128378	0.025583	1.0062129999999996	1.4648189999999992	0.004425424879094744	0.02554935782594167	1.0043018109121855	2013-02-01	lbi	south	2013
2012-09-01	B/Norway/710/2012_EPI_ISL_122043	0.000138	3.7307569999999983	3.8310089999999977	-0.004591405379417719	0.0001373017126492846	3.729904274955963	2013-02-01	lbi	south	2013
2012-09-01	B/Norway/710/2012_EPI_ISL_122043__dup2	0.000138	3.7307569999999983	3.8310089999999977	0.05763526090974733	0.0001409081928950083	3.729904274955963	2013-02-01	lbi	south	2013
2012-09-01	B/OKAYAMA/9/2012_EPI_ISL_122333	0.000426	2.0053490000000007	2.464814999999998	0.003596783170531428	0.00042529293606072114	2.0034512250400662	2013-02-01	lbi	south	2013
2012-09-01	B/OSAKA-C/1003/2012_EPI_ISL_121255	8.9e-05	2.0051570000000005	2.457627999999998	-0.017924217170186565	8.805909584613796e-05	2.0032830599180067	2013-02-01	lbi	south	2013
2012-09-01	B/OSAKA/1/2012_EPI_ISL_118945	4.7e-05	3.9158239999999975	4.413525999999999	-0.017196960532009607	4.6517211708558835e-05	3.9142553530697644	2013-02-01	lbi	south	2013
2012-09-01	B/Oman/65/2012_EPI_ISL_105782	2.6000000000000002e-05	2.9363820000000005	3.340755999999997	-11.56538045242574	2.0930310867145387e-07	2.9344483714777434	2013-02-01	lbi	south	2013
2012-09-01	B/Orebro/1/2012_EPI_ISL_108518	5.9999999999999995e-05	1.0062129999999996	1.4648189999999992	0.11125020039549957	6.264845368760623e-05	1.0043018109121855	2013-02-01	lbi	south	2013
2012-09-01	B/PERTH/11/2012_EPI_ISL_122547	2.7000000000000002e-05	2.9011750000000007	3.3087789999999977	-11.520723721301364	2.2143537392389997e-07	2.8991839394532115	2013-02-01	lbi	south	2013
2012-09-01	B/PERTH/16/2012_EPI_ISL_122550	0.000154	2.9011750000000007	3.3087789999999977	0.00203726119123099	0.0001536445239432615	2.8991839394532115	2013-02-01	lbi	south	2013
2012-09-01	B/PERTH/19/2012_EPI_ISL_122548	0.00020099999999999998	2.9011750000000007	3.3087789999999977	0.0008956397758848714	0.00020044066708467596	2.8991839394532115	2013-02-01	lbi	south	2013
2012-09-01	B/PERTH/20/2012_EPI_ISL_122534	0.000234	2.9011750000000007	3.3087789999999977	0.00023526025591854037	0.00023328463731016577	2.8991839394532115	2013-02-01	lbi	south	2013
2012-09-01	B/PERTH/23/2012_EPI_ISL_122549	0.000334	2.9011750000000007	3.3087789999999977	-0.0012370903136414689	0.0003327747136920875	2.8991839394532115	2013-02-01	lbi	south	2013
2012-09-01	B/PERTH/34/2012_EPI_ISL_122538	0.000681	2.9011750000000007	3.3087789999999977	-0.004092492391556951	0.0006776949685928031	2.8991839394532115	2013-02-01	lbi	south	2013
2012-09-01	B/PERTH/504/2012_EPI_ISL_122545	0.000566	2.9011750000000007	3.3087789999999977	-0.0033688568163532094	0.0005634229417259296	2.8991839394532115	2013-02-01	lbi	south	2013
2012-09-01	B/PERTH/505/2012_EPI_ISL_122530	0.001478	2.0020690000000005	2.434904999999998	-0.023483905476389972	0.0014589909239666925	2.000245468247781	2013-02-01	lbi	south	2013
2012-09-01	B/PERTH/6/2012_EPI_ISL_122546	4.7e-05	2.9011750000000007	3.3087789999999977	0.007443929559438247	4.699726581716491e-05	2.8991839394532115	2013-02-01	lbi	south	2013
2012-09-01	B/PHUKET/53/2012_EPI_ISL_122580	0.00065	7.691472999999999	7.830046999999992	-0.02132500621435624	0.0006422175636824324	7.692037202081147	2013-02-01	lbi	south	2013
2012-09-01	B/Paraguay/190/2012_EPI_ISL_125894	1e-05	1.977389000000001	2.464648999999998	-11.561413304508523	8.063437241112555e-08	1.9751799673602408	2013-02-01	lbi	south	2013
2012-09-01	B/Paraguay/252/2012_EPI_ISL_127860	0.010947	1.9797690000000006	2.464764999999998	-0.019107211665130734	0.010825931216603326	1.9781677327142881	2013-02-01	lbi	south	2013
2012-09-01	B/Paraguay/255/2012_EPI_ISL_125895	1e-05	1.0062129999999996	1.4648189999999992	-11.561413304508523	8.063437241112555e-08	1.0043018109121855	2013-02-01	lbi	south	2013
2012-09-01	B/Pays_de_Loire/1240/2012_EPI_ISL_128141	0.001478	2.0002010000000006	2.463312999999998	0.05137333992247199	0.0015052147329372041	1.9982779121171783	2013-02-01	lbi	south	2013
2012-09-01	B/Pays_de_Loire/1240/2012_EPI_ISL_128141__dup2	0.001478	2.0002010000000006	2.463312999999998	-0.020771558215774356	0.0014606407268973924	1.9982779121171783	2013-02-01	lbi	south	2013
2012-09-01	B/Pennsylvania/04/2012_EPI_ISL_125940	0.013432	1.0062129999999996	1.4648189999999992	0.01956633107408505	0.013499231320638055	1.0043018109121855	2013-02-01	lbi	south	2013
2012-09-01	B/Peru/302/2012_EPI_ISL_125893	1e-05	3.852774999999998	4.260309999999999	-11.550486595951885	8.100232115945406e-08	3.851958129867771	2013-02-01	lbi	south	2013
2012-09-01	B/Peru/3384/2012_EPI_ISL_127863	0.005365	3.843364999999998	4.257571999999999	-0.02308889917803531	0.005296870573365715	3.842648985853047	2013-02-01	lbi	south	2013
2012-09-01	B/Peru/6253/2012_EPI_ISL_127864	0.022675999999999998	1.0062129999999996	1.4648189999999992	-0.015135484383157826	0.02246235577806296	1.0043018109121855	2013-02-01	lbi	south	2013
2012-09-01	B/Puerto_Rico/04/2012_EPI_ISL_127859	0.01674	3.8907209999999983	4.324532999999999	-0.023437088486592476	0.016525023344487612	3.890364202426189	2013-02-01	lbi	south	2013
2012-09-01	B/Rhode_Island/01/2012_EPI_ISL_118941	0.001539	3.7307569999999983	3.8310089999999977	0.12384187250703657	0.0016153858135071633	3.729904274955963	2013-02-01	lbi	south	2013
2012-09-01	B/Rhode_Island/02/2012_EPI_ISL_121427	0.00504	3.863342999999997	4.305288999999999	-0.010780303805400999	0.005001583066984426	3.861214385431033	2013-02-01	lbi	south	2013
2012-09-01	B/SAGA/1023/2012_EPI_ISL_118957	4.4e-05	4.936548999999999	5.355681999999995	0.009448429481093822	4.403420271683849e-05	4.934093347207871	2013-02-01	lbi	south	2013
2012-09-01	B/SAPPORO/19/2012_EPI_ISL_121865	0.00011100000000000001	2.9281110000000004	3.355664999999998	0.12598615664100404	0.00011661345014473985	2.9256857454107976	2013-02-01	lbi	south	2013
2012-09-01	B/SAPPORO/57/2012_EPI_ISL_117337	0.000171	2.9281110000000004	3.355664999999998	0.1153867105543462	0.0001788560941940949	2.9256857454107976	2013-02-01	lbi	south	2013
2012-09-01	B/SENDAI/20/2012_EPI_ISL_122329	0.0021899999999999997	2.9532750000000005	3.4646429999999975	-0.023327501668428185	0.00216197452992652	2.952140007967934	2013-02-01	lbi	south	2013
2012-09-01	B/SHIMANE/16/2012_EPI_ISL_122192	0.0025440000000000003	1.9862070000000005	2.464755999999998	-0.023492436240532304	0.0025112717980438483	1.9845320325005567	2013-02-01	lbi	south	2013
2012-09-01	B/SHIZUOKA/65/2012_EPI_ISL_128339	0.001153	3.950109999999997	4.390411999999998	-0.023474015185513564	0.0011381755532379806	3.947890580307005	2013-02-01	lbi	south	2013
2012-09-01	B/SOUTH_AUSTRALIA/11/2012_EPI_ISL_122551	0.005879	1.0062129999999996	1.4648189999999992	0.03454989000339272	0.005945428790664895	1.0043018109121855	2013-02-01	lbi	south	2013
2012-09-01	B/SOUTH_AUSTRALIA/16/2012_EPI_ISL_122573	0.010177	1.0062129999999996	1.4648189999999992	-0.01675482040241429	0.010074316697358626	1.0043018109121855	2013-02-01	lbi	south	2013
2012-09-01	B/SOUTH_AUSTRALIA/5/2012_EPI_ISL_118620	9.9e-05	1.0062129999999996	1.4648189999999992	0.09237957719138316	0.00010256036248328469	1.0043018109121855	2013-02-01	lbi	south	2013
2012-09-01	B/SYDNEY/2/2012_EPI_ISL_122536	0.00028700000000000004	2.005627000000001	2.464538999999998	-0.019976938475183902	0.00028372307609461297	2.0037343647599983	2013-02-01	lbi	south	2013
2012-09-01	B/Santiago/32756/2012_EPI_ISL_122162	0.0052	3.852728999999998	4.309237999999999	-0.02261934648523066	0.005134970429639198	3.851221296993783	2013-02-01	lbi	south	2013
2012-09-01	B/Santiago/34960/2012_EPI_ISL_122163	0.006241	1.0062129999999996	1.4648189999999992	0.024068176215439944	0.006284014448211271	1.0043018109121855	2013-02-01	lbi	south	2013
2012-09-01	B/Slovenia/955/2012_EPI_ISL_122041	0.001059	1.971556	2.4388619999999985	-0.023472296063792298	0.0010453848866058782	1.969846613018897	2013-02-01	lbi	south	2013
2012-09-01	B/South_Carolina/01/2012_EPI_ISL_117031	0.000146	1.0062129999999996	1.4648189999999992	0.08140716016612749	0.00015056072010445647	1.0043018109121855	2013-02-01	lbi	south	2013
2012-09-01	B/St._Petersburg/18/2012_EPI_ISL_122728	0.0021899999999999997	1.0062129999999996	1.4648189999999992	0.04440188272372781	0.0022238557533621564	1.0043018109121855	2013-02-01	lbi	south	2013
2012-09-01	B/St._Petersburg/44/2012_EPI_ISL_128319	0.006618000000000001	2.7794030000000016	3.1050769999999988	-0.015538145744615752	0.006554548059989668	2.7792695022928116	2013-02-01	lbi	south	2013
2012-09-01	B/St._Petersburg/44/2012_EPI_ISL_128319__dup2	0.006618000000000001	2.7794030000000016	3.1050769999999988	-0.015538145744615752	0.006554548059989668	2.7792695022928116	2013-02-01	lbi	south	2013
2012-09-01	B/St._Petersburg/46/2012_EPI_ISL_125891	0.006618000000000001	2.795845	3.044463999999998	-0.021903744987871537	0.0065371862505802835	2.795126244120329	2013-02-01	lbi	south	2013
2012-09-01	B/St_Petersburg/18/2012_EPI_ISL_122048	0.0021899999999999997	1.0062129999999996	1.4648189999999992	0.04440188272372781	0.0022238557533621564	1.0043018109121855	2013-02-01	lbi	south	2013
2012-09-01	B/St_Petersburg/18/2012_EPI_ISL_122048__dup2	0.0021899999999999997	1.0062129999999996	1.4648189999999992	0.04440188272372781	0.0022238557533621564	1.0043018109121855	2013-02-01	lbi	south	2013
2012-09-01	B/St_Petersburg/27/2012_EPI_ISL_122049	0.0021899999999999997	1.8648689999999988	2.2603179999999976	0.04043272798044958	0.0022201809480845596	1.8638366301511555	2013-02-01	lbi	south	2013
2012-09-01	B/Stockholm/10/2012_EPI_ISL_120227	0.001478	1.0062129999999996	1.4648189999999992	0.051659031287060085	0.0015053939214567248	1.0043018109121855	2013-02-01	lbi	south	2013
2012-09-01	B/Stockholm/11/2012_EPI_ISL_120287	0.002361	1.0062129999999996	1.4648189999999992	0.043882619974851406	0.002396980619204758	1.0043018109121855	2013-02-01	lbi	south	2013
2012-09-01	B/Stockholm/3/2012_EPI_ISL_108503	0.00020099999999999998	2.005799000000001	2.464814999999998	-0.02019245985059575	0.00019868716845815846	2.0039044365752714	2013-02-01	lbi	south	2013
2012-09-01	B/Stockholm/5/2012_EPI_ISL_122731	0.00011100000000000001	1.0062129999999996	1.4648189999999992	0.09923911689120696	0.00011532105489090952	1.0043018109121855	2013-02-01	lbi	south	2013
2012-09-01	B/Stockholm/5/2012_EPI_ISL_122731__dup2	0.00011100000000000001	1.0062129999999996	1.4648189999999992	0.09923911689120696	0.00011532105489090952	1.0043018109121855	2013-02-01	lbi	south	2013
2012-09-01	B/Sukhbaatar/1604/2012_EPI_ISL_122161	0.001254	1.9895250000000002	2.464789999999998	-0.023475486454709517	0.00123787620884798	1.9878183409251948	2013-02-01	lbi	south	2013
2012-09-01	B/TOCHIGI/1/2012_EPI_ISL_106374	1.9e-05	2.9822310000000005	3.4228279999999973	-11.478755661507236	1.5857371849016146e-07	2.9802157837620427	2013-02-01	lbi	south	2013
2012-09-01	B/TOWNSVILLE/1/2012_EPI_ISL_122529	0.000426	2.0051570000000005	2.457627999999998	-0.019273301653176794	0.00042125948208018176	2.0032830599180067	2013-02-01	lbi	south	2013
2012-09-01	B/TOWNSVILLE/3/2012_EPI_ISL_122552	0.002029	1.0062129999999996	1.4648189999999992	0.04350600259008496	0.0020595978572376483	1.0043018109121855	2013-02-01	lbi	south	2013
2012-09-01	B/TOWNSVILLE/5/2012_EPI_ISL_122554	0.004292	1.0062129999999996	1.4648189999999992	0.036324193115876896	0.004343706831118949	1.0043018109121855	2013-02-01	lbi	south	2013
2012-09-01	B/TOYAMA/13/2012_EPI_ISL_122182	0.000368	3.9273629999999975	4.355660999999999	-0.00043542405596931616	0.0003667724756217077	3.9249522004595496	2013-02-01	lbi	south	2013
2012-09-01	B/Taiwan/1317/2012_EPI_ISL_122339	0.000621	3.7307569999999983	3.8310089999999977	-0.00913382785443115	0.0006166894084032237	3.729904274955963	2013-02-01	lbi	south	2013
2012-09-01	B/Taiwan/1353/2012_EPI_ISL_122340	0.001105	4.901056999999999	5.279643999999996	0.06798141489749708	0.0011331610440012008	4.89868157551433	2013-02-01	lbi	south	2013
2012-09-01	B/Taiwan/1366/2012_EPI_ISL_125892	0.0021079999999999996	4.8924189999999985	5.279618999999996	0.055490573341834576	0.002150501110844805	4.890097836906387	2013-02-01	lbi	south	2013
2012-09-01	B/Taiwan/978/2012_EPI_ISL_122338	0.000131	3.877910999999997	4.256841999999998	0.0041942373562268214	0.00013081513050647713	3.8760782575888566	2013-02-01	lbi	south	2013
2012-09-01	B/Tak/57/2012_EPI_ISL_122167	0.000566	1.0062129999999996	1.4648189999999992	0.07381252251661947	0.0005818365013837149	1.0043018109121855	2013-02-01	lbi	south	2013
2012-09-01	B/Texas/02/2012_EPI_ISL_107102	4.7e-05	1.8813110000000002	2.199704999999999	0.16771523775418806	5.0242894686253026e-05	1.8796933719786746	2013-02-01	lbi	south	2013
2012-09-01	B/Texas/03/2012_EPI_ISL_117027	0.000317	1.8813110000000002	2.199704999999999	0.08086589899117883	0.0003268286689245533	1.8796933719786746	2013-02-01	lbi	south	2013
2012-09-01	B/Texas/05/2012_EPI_ISL_117377	0.000852	2.9663350000000004	3.4589149999999975	-0.016147891060803686	0.0008436168529099682	2.964392214403063	2013-02-01	lbi	south	2013
2012-09-01	B/Texas/09/2012_EPI_ISL_121431	0.005365	1.8813110000000002	2.199704999999999	0.03134897310832471	0.005418389521805738	1.8796933719786746	2013-02-01	lbi	south	2013
2012-09-01	B/Ukraine/104/2012_EPI_ISL_122734	0.000368	1.0062129999999996	1.4648189999999992	0.07257756212489432	0.0003781019150987164	1.0043018109121855	2013-02-01	lbi	south	2013
2012-09-01	B/Ukraine/5374/2012_EPI_ISL_122735	0.000566	1.0062129999999996	1.4648189999999992	0.07381252251661947	0.0005818365013837149	1.0043018109121855	2013-02-01	lbi	south	2013
2012-09-01	B/Ukraine/5374/2012_EPI_ISL_122735__dup2	0.000566	1.0062129999999996	1.4648189999999992	0.07383312791734117	0.0005818414968111031	1.0043018109121855	2013-02-01	lbi	south	2013
2012-09-01	B/Ukraine/5376/2012_EPI_ISL_122736	0.001059	1.0062129999999996	1.4648189999999992	0.09901154335090027	0.0011001208784174466	1.0043018109121855	2013-02-01	lbi	south	2013
2012-09-01	B/Ukraine/5376/2012_EPI_ISL_122736__dup2	0.001059	1.0062129999999996	1.4648189999999992	0.09901154335090027	0.0011001208784174466	1.0043018109121855	2013-02-01	lbi	south	2013
2012-09-01	B/Ulaanbaatar/153/2012_EPI_ISL_121218	1.8e-05	1.0062129999999996	1.4648189999999992	-11.561512583767838	1.4513586647362962e-07	1.0043018109121855	2013-02-01	lbi	south	2013
2012-09-01	B/Ulaanbaatar/63/2012_EPI_ISL_121216	1.3000000000000001e-05	1.0062129999999996	1.4648189999999992	-11.555372692562127	1.0508885195621936e-07	1.0043018109121855	2013-02-01	lbi	south	2013
2012-09-01	B/Ulaanbaatar/71/2012_EPI_ISL_121217	1.3000000000000001e-05	1.0062129999999996	1.4648189999999992	-11.254573624777597	1.1912092413246706e-07	1.0043018109121855	2013-02-01	lbi	south	2013
2012-09-01	B/Ulaanbaatar/71/2012_EPI_ISL_121217__dup2	1.3000000000000001e-05	1.0062129999999996	1.4648189999999992	-11.564149660657788	1.0470523654596339e-07	1.0043018109121855	2013-02-01	lbi	south	2013
2012-09-01	B/Utah/04/2012_EPI_ISL_122113	0.006428	1.9641330000000008	2.464570999999998	0.0240297199155554	0.006472199588592208	1.9620962293712392	2013-02-01	lbi	south	2013
2012-09-01	B/Utah/07/2012_EPI_ISL_122152	0.014606000000000001	1.9641330000000008	2.464570999999998	0.011620879216737332	0.014630591181882069	1.9620962293712392	2013-02-01	lbi	south	2013
2012-09-01	B/VICTORIA/500/2012_EPI_ISL_118622	0.000273	1.8648689999999988	2.2603179999999976	-0.022349597257779213	0.00026961624950937993	1.8638366301511555	2013-02-01	lbi	south	2013
2012-09-01	B/VICTORIA/800/2012_EPI_ISL_118613	7.099999999999999e-05	2.9584400000000004	3.442144999999998	-0.02023873113226837	7.018167655961231e-05	2.9567441879967205	2013-02-01	lbi	south	2013
2012-09-01	B/VICTORIA/801/2012_EPI_ISL_118619	9.9e-05	1.0062129999999996	1.4648189999999992	0.09237957719138316	0.00010256036248328469	1.0043018109121855	2013-02-01	lbi	south	2013
2012-09-01	B/VICTORIA/804/2012_EPI_ISL_122588	0.014013999999999999	1.9414450000000003	2.4144429999999986	-0.022003809018536435	0.013842295040660596	1.939830450932427	2013-02-01	lbi	south	2013
2012-09-01	B/Vermont/02/2012_EPI_ISL_117039	0.000593	1.9704340000000005	2.3893319999999982	-0.015823335009419823	0.0005872446596275685	1.9684944335086334	2013-02-01	lbi	south	2013
2012-09-01	B/Virginia/03/2012_EPI_ISL_122110	0.005365	1.0062129999999996	1.4648189999999992	-0.014870134257869053	0.005315040723171265	1.0043018109121855	2013-02-01	lbi	south	2013
2012-09-01	B/Vsetin/51/2012_EPI_ISL_122060	1e-05	1.0062129999999996	1.4648189999999992	-11.555090337268124	8.0847089369915e-08	1.0043018109121855	2013-02-01	lbi	south	2013
2012-09-01	B/WAKAYAMA-C/21/2012_EPI_ISL_128341	0.0031579999999999998	4.905607000000002	5.3914379999999955	-0.02206059963340726	0.00311923314954213	4.903915184214607	2013-02-01	lbi	south	2013
2012-09-01	B/WAKAYAMA-C/5/2012_EPI_ISL_121866	6.3e-05	2.9621530000000007	3.4346619999999977	0.08501406775905061	6.506569433081535e-05	2.960462547366511	2013-02-01	lbi	south	2013
2012-09-01	B/Washington/04/2012_EPI_ISL_120131	0.002029	1.0062129999999996	1.4648189999999992	0.03238488200546801	0.002050076170020904	1.0043018109121855	2013-02-01	lbi	south	2013
2012-09-01	B/Washington/08/2012_EPI_ISL_121432	0.0044340000000000004	1.0062129999999996	1.4648189999999992	0.03539177593116423	0.004485674486518201	1.0043018109121855	2013-02-01	lbi	south	2013
2012-09-01	B/Washington/09/2012_EPI_ISL_122139	0.008057	1.0062129999999996	1.4648189999999992	-0.015912064559536213	0.007978508097506802	1.0043018109121855	2013-02-01	lbi	south	2013
2012-09-01	B/Washington/12/2012_EPI_ISL_127865	0.023578	1.0062129999999996	1.4648189999999992	0.008328287904918913	0.02358531755016755	1.0043018109121855	2013-02-01	lbi	south	2013
2012-09-01	B/Wisconsin/01/2012_EPI_ISL_104046	1.4999999999999999e-05	1.0062129999999996	1.4648189999999992	-11.560927291112176	1.2097605446262596e-07	1.0043018109121855	2013-02-01	lbi	south	2013
2012-09-01	B/Wisconsin/03/2012_EPI_ISL_117371	1e-05	1.0062129999999996	1.4648189999999992	-11.561413304508523	8.063437241112555e-08	1.0043018109121855	2013-02-01	lbi	south	2013
2012-09-01	B/Wisconsin/06/2012_EPI_ISL_122138	0.008278	1.0062129999999996	1.4648189999999992	0.02524242229456677	0.008339133017002558	1.0043018109121855	2013-02-01	lbi	south	2013
2012-09-01	B/Wisconsin/07/2012_EPI_ISL_122112	0.00458	1.9594050000000005	2.443732999999998	0.041778354866986146	0.0046457221706667755	1.9570216918567047	2013-02-01	lbi	south	2013
2012-09-01	B/Wyoming/03/2012_EPI_ISL_122149	0.00784	1.9680510000000009	2.458918999999998	-0.01934866310291543	0.0077525132280928544	1.9660794481088835	2013-02-01	lbi	south	2013
2012-09-01	B/YAMAGATA/251/2012_EPI_ISL_122196	0.002639	1.962671000000001	2.420558999999998	0.03517313529463017	0.0026695120888341676	1.9605964056400043	2013-02-01	lbi	south	2013
2012-09-01	B/YAMAGATA/256/2012_EPI_ISL_122330	0.0021899999999999997	1.0062129999999996	1.4648189999999992	0.04440188272372781	0.0022238557533621564	1.0043018109121855	2013-02-01	lbi	south	2013
2012-09-01	B/YAMAGATA/259/2012_EPI_ISL_128343	0.013432	1.9793370000000008	2.464728999999998	0.009889648628682165	0.01344491265983659	1.9774119855925145	2013-02-01	lbi	south	2013
2012-09-01	B/YAMAGATA/3/2012_EPI_ISL_106363	1.9e-05	3.9056829999999985	4.441972999999997	-11.320419479146503	1.6938817852430102e-07	3.904722966947603	2013-02-01	lbi	south	2013
2012-09-01	B/YAMAGUCHI/1/2012_EPI_ISL_106375	5.3e-05	3.878258999999999	4.231630999999999	-0.02342393970706307	5.231965565254058e-05	3.875745057379728	2013-02-01	lbi	south	2013
2012-09-01	B/YAMAGUCHI/15/2012_EPI_ISL_122197	0.002838	1.9822810000000006	2.422831999999998	0.030935805363424555	0.0028657488207865602	1.980216100909479	2013-02-01	lbi	south	2013
2012-09-01	B/YAMANASHI/188/2012_EPI_ISL_128345	0.001539	1.962671000000001	2.420558999999998	0.03739626035850986	0.0015582366305650127	1.9605964056400043	2013-02-01	lbi	south	2013
2012-09-01	B/YOKOHAMA/35/2012_EPI_ISL_121254	0.00028700000000000004	4.926893	5.3556569999999954	0.0006440114841433777	0.00028617134527153445	4.924540685100931	2013-02-01	lbi	south	2013
2012-09-01	B/YOKOHAMA/4/2012_EPI_ISL_106371	6.3e-05	2.851073	3.199700999999997	0.10456214527536718	6.559782066390959e-05	2.8493728987532045	2013-02-01	lbi	south	2013
2012-09-01	B/YOKOHAMA/78/2012_EPI_ISL_122331	0.006241	1.0062129999999996	1.4648189999999992	0.03349520656368345	0.0063087461531543465	1.0043018109121855	2013-02-01	lbi	south	2013
2013-09-01	B/AICHI/48/2012_EPI_ISL_137257	2e-05	5.245358999999999	5.524988999999998	0.0018263499253699182	1.999108853260607e-05	5.246759689428791	2014-02-01	lbi	south	2014
2013-09-01	B/Aichi/2/2013_EPI_ISL_144981	0.000125	3.489008000000001	3.6979529999999996	0.005891317384301024	0.00012515610536623968	3.4906206724018074	2014-02-01	lbi	south	2014
2013-09-01	B/Aichi/55/2013_EPI_ISL_144986	0.028747	2.763985999999999	2.6112869999999995	0.0018263466171211087	0.028734191062733064	2.7652342522378532	2014-02-01	lbi	south	2014
2013-09-01	B/Alaska/01/2013_EPI_ISL_138556	0.0001419999999999	2.0876200000000003	2.3829519999999986	0.0018263469043925734	0.0001419367284027416	2.089423907752112	2014-02-01	lbi	south	2014
2013-09-01	B/Alaska/03/2013_EPI_ISL_138959	0.000981	1.4900979999999981	1.697951	0.0018263466497663505	0.0009805628911860214	1.4916899887425388	2014-02-01	lbi	south	2014
2013-09-01	B/Alaska/05/2013_EPI_ISL_143233	0.022394999999999998	2.0876200000000003	2.3829519999999986	0.0018263469159183426	0.022385021356316218	2.089423907752112	2014-02-01	lbi	south	2014
2013-09-01	B/Alaska/06/2013_EPI_ISL_144243	0.02623	2.0876200000000003	2.3829519999999986	0.0018263468172097913	0.0262183125765584	2.089423907752112	2014-02-01	lbi	south	2014
2013-09-01	B/BRISBANE/1/2013_EPI_ISL_141566	7.6e-05	3.7133679999999996	3.5599009999999978	0.0018263466547564088	7.596613632037979e-05	3.714635727816207	2014-02-01	lbi	south	2014
2013-09-01	B/Belgrade/658/2013_EPI_ISL_143977	0.000434	1.4900979999999981	1.697951	0.0018263466562953986	0.00043380662056665754	1.4916899887425388	2014-02-01	lbi	south	2014
2013-09-01	B/Bratislava/911/2013_EPI_ISL_144817	0.003811	4.751206999999998	4.611206999999998	0.11858099084523388	0.003999197501130396	4.750426325759207	2014-02-01	lbi	south	2014
2013-09-01	B/Brazil/368/2013_EPI_ISL_145274	0.018359999999999998	1.4900979999999981	1.697951	0.0018263466263350615	0.018351819247706	1.4916899887425388	2014-02-01	lbi	south	2014
2013-09-01	B/Brazil/389/2013_EPI_ISL_145272	0.029623000000000003	2.0876200000000003	2.3829519999999986	0.0018263468095281658	0.02960980074162805	2.089423907752112	2014-02-01	lbi	south	2014
2013-09-01	B/Brazil/390/2013_EPI_ISL_145273	0.030516	4.212636999999996	4.380977999999996	0.0018263466090530703	0.030502402840902165	4.214332846297142	2014-02-01	lbi	south	2014
2013-09-01	B/CANBERRA/1/2013_EPI_ISL_145327	0.002769	2.8102849999999995	2.6113749999999993	0.0018263466301792054	0.002767766203539178	2.8115126225726272	2014-02-01	lbi	south	2014
2013-09-01	B/CASABLANCA/247/2013_EPI_ISL_141515	0.000883	1.4900979999999981	1.697951	0.0018263466490001865	0.0008826065575096642	1.4916899887425388	2014-02-01	lbi	south	2014
2013-09-01	B/CHIBA-C/40/2013_EPI_ISL_143689	0.011987000000000001	2.3755089999999996	2.697873999999998	0.0018263472711651954	0.011981658898766711	2.377163041783145	2014-02-01	lbi	south	2014
2013-09-01	B/California/05/2013_EPI_ISL_143231	0.012905000000000002	3.3199600000000005	3.6077129999999995	0.0018263466117446371	0.012899249857854369	3.3216497634068656	2014-02-01	lbi	south	2014
2013-09-01	B/CasteloBranco_PT/177/2013_EPI_ISL_144819	0.001801	3.4768920000000003	3.6979529999999996	0.0018263465998391174	0.0018001975198667552	3.478511863198333	2014-02-01	lbi	south	2014
2013-09-01	B/Catalonia/2078138NS/2013_EPI_ISL_142192	0.001088	7.464827999999999	7.556816999999998	0.0018263466075207427	0.0010875152146703488	7.466497219008587	2014-02-01	lbi	south	2014
2013-09-01	B/Catalonia/NSVH28244/2013_EPI_ISL_135027	0.000411	2.345780999999999	2.607711999999998	0.0018263466778012845	0.00041081686878915644	2.3474482631225766	2014-02-01	lbi	south	2014
2013-09-01	B/Centre/890/2013_EPI_ISL_145262	0.000713	1.8214909999999989	1.6113739999999992	0.0018263467930190007	0.000712682305257252	1.8227026343633193	2014-02-01	lbi	south	2014
2013-09-01	B/Chiang_Rai/15/2013_EPI_ISL_137519	6.2e-05	6.459959000000005	6.477183999999998	0.0018263466117446371	6.197237436551498e-05	6.461619362098521	2014-02-01	lbi	south	2014
2013-09-01	B/Colorado/05/2013_EPI_ISL_142894	0.006661	3.0742870000000004	3.3829189999999993	0.001826346682411592	0.006658032026787902	3.076107843698535	2014-02-01	lbi	south	2014
2013-09-01	B/Delaware/01/2013_EPI_ISL_139542	0.001033	2.0876200000000003	2.3829519999999986	0.0018263472181666448	0.0010325397215443972	2.089423907752112	2014-02-01	lbi	south	2014
2013-09-01	B/Delaware/04/2013_EPI_ISL_140976	0.003483	2.0876200000000003	2.3829519999999986	0.001826347089897494	0.0034814480638402016	2.089423907752112	2014-02-01	lbi	south	2014
2013-09-01	B/EHIME/6/2013_EPI_ISL_145000	0.025427	1.8214909999999989	1.6113739999999992	0.0018263466393931582	0.025415670371130687	1.8227026343633193	2014-02-01	lbi	south	2014
2013-09-01	B/England/22/2013_EPI_ISL_140366	5.5e-05	4.476014999999997	4.697953999999997	0.0018263465998391174	5.497549338849058e-05	4.477646249008862	2014-02-01	lbi	south	2014
2013-09-01	B/England/226/2013_EPI_ISL_140367	0.000346	3.0800460000000007	3.3822149999999995	0.001826346742705355	0.0003458458311554553	3.0818642776339322	2014-02-01	lbi	south	2014
2013-09-01	B/FUKUI/26/2013_EPI_ISL_144994	0.028747	2.3755089999999996	2.697873999999998	0.0018263472193192217	0.02873419106994293	2.377163041783145	2014-02-01	lbi	south	2014
2013-09-01	B/FUKUOKA-C/1/2013_EPI_ISL_137261	0.000192	4.4668959999999975	4.696665999999997	0.0018263466098258966	0.00019191444964789295	4.468531312263956	2014-02-01	lbi	south	2014
2013-09-01	B/Finland/310/2013_EPI_ISL_137579	0.000118	5.484032999999998	5.588212999999999	0.0018263466059817526	0.00011794742217924527	5.485671667921892	2014-02-01	lbi	south	2014
2013-09-01	B/Firenze/3/2013_EPI_ISL_144822	0.000181	2.3823729999999994	2.646476999999998	0.0018263466263350615	0.0001809193509713936	2.384009909758083	2014-02-01	lbi	south	2014
2013-09-01	B/Georgia/07/2013_EPI_ISL_142893	0.011123000000000001	3.423051	3.554699	0.0018932327759692874	0.011118353727754588	3.424692950606527	2014-02-01	lbi	south	2014
2013-09-01	B/Gothenburg/1/2013_EPI_ISL_141791	0.00496	4.355459999999997	4.554699999999997	0.001906626240285568	0.004957955789321307	4.35714273086797	2014-02-01	lbi	south	2014
2013-09-01	B/Haute_Normandie/1452/2013_EPI_ISL_145268	0.004353	1.4900979999999981	1.697951	0.0018263466370946667	0.00435106041316026	1.4916899887425388	2014-02-01	lbi	south	2014
2013-09-01	B/Hawaii/15/2012_EPI_ISL_138548	2.1e-05	2.4483330000000003	2.691171999999999	0.0018263465998391174	2.0990642930150945e-05	2.4497767730857354	2014-02-01	lbi	south	2014
2013-09-01	B/Hong_Kong/05/2013_EPI_ISL_137525	8.6e-05	2.4899149999999994	2.697951999999998	0.0018263465998391174	8.596168057109437e-05	2.491518065381396	2014-02-01	lbi	south	2014
2013-09-01	B/Hong_Kong/20/2013_EPI_ISL_144526	0.000217	2.4133649999999998	2.5931199999999985	0.001826346968916893	0.00021690331031158232	2.4149895908170986	2014-02-01	lbi	south	2014
2013-09-01	B/Hong_Kong/74/2013_EPI_ISL_145281	0.007528	6.376206000000004	6.657403999999998	0.0413029864704569	0.007649439125148136	6.376234523337136	2014-02-01	lbi	south	2014
2013-09-01	B/Hungary/05/2013_EPI_ISL_143979	0.0014039999999999999	1.4900979999999981	1.697951	0.0018263466466950326	0.001403374413071776	1.4916899887425388	2014-02-01	lbi	south	2014
2013-09-01	B/Hungary/07/2013_EPI_ISL_143980	0.0014039999999999999	2.9798810000000007	3.3570779999999996	0.001826346712365267	0.001403374413110176	2.98172370215857	2014-02-01	lbi	south	2014
2013-09-01	B/Hungary/23/2013_EPI_ISL_143983	0.006661	4.914086999999997	5.350299999999999	0.0018580635806115138	0.006658120015754307	4.915802598604493	2014-02-01	lbi	south	2014
2013-09-01	B/Hungary/26/2013_EPI_ISL_143984	0.008487	4.885486999999999	5.180754999999999	0.001856373544928505	0.008483324543192866	4.8871165993462995	2014-02-01	lbi	south	2014
2013-09-01	B/ISHIKAWA/76/2013_EPI_ISL_145001	0.015997	2.787623999999999	2.6113749999999993	0.002079379555269342	0.01599155804810547	2.788857992770915	2014-02-01	lbi	south	2014
2013-09-01	B/Idaho/03/2013_EPI_ISL_141616	0.00475	2.345780999999999	2.607711999999998	0.00182634668394392	0.0047478835200814775	2.3474482631225766	2014-02-01	lbi	south	2014
2013-09-01	B/Illinois/02/2013_EPI_ISL_139541	0.0025210000000000002	1.4900979999999981	1.697951	0.0018364871365387798	0.002519887353108442	1.4916899887425388	2014-02-01	lbi	south	2014
2013-09-01	B/Indiana/03/2013_EPI_ISL_140979	0.003483	1.4900979999999981	1.697951	0.0018263466390134075	0.0034814480631861476	1.4916899887425388	2014-02-01	lbi	south	2014
2013-09-01	B/Indiana/04/2013_EPI_ISL_143465	0.008487	1.4900979999999981	1.697951	0.001826346632097946	0.00848321840717074	1.4916899887425388	2014-02-01	lbi	south	2014
2013-09-01	B/Indonesia/Nihrd-Buas704/2013_EPI_ISL_144647	0.0025210000000000002	6.338630000000005	6.5134589999999974	0.05143304453168121	0.0025725031973588175	6.3388193878228805	2014-02-01	lbi	south	2014
2013-09-01	B/Iowa/03/2013_EPI_ISL_138565	0.00045999999999999996	2.345780999999999	2.607711999999998	0.0018263467235046227	0.00045979503563652225	2.3474482631225766	2014-02-01	lbi	south	2014
2013-09-01	B/Iowa/04/2013_EPI_ISL_139932	0.002186	2.4151049999999996	2.697912999999998	0.0018263471371331604	0.002185025974075356	2.4167413988196986	2014-02-01	lbi	south	2014
2013-09-01	B/Iowa/09/2012_EPI_ISL_136473	1.7e-05	2.345780999999999	2.607711999999998	0.0018263467235046227	1.699242523004539e-05	2.3474482631225766	2014-02-01	lbi	south	2014
2013-09-01	B/Japan/3942/2013_EPI_ISL_145278	0.015444999999999999	1.8214909999999989	1.6113739999999992	0.001826346731565999	0.015438118098760735	1.8227026343633193	2014-02-01	lbi	south	2014
2013-09-01	B/KOBE/251/2013_EPI_ISL_137269	0.0001419999999999	4.381282999999996	4.646478999999997	0.005817787580463808	0.00014217297981617338	4.382940593417353	2014-02-01	lbi	south	2014
2013-09-01	B/KOCHI/112/2012_EPI_ISL_133559	1.4000000000000001e-05	1.4900979999999981	1.697951	-38.62905146101192	1.4303556605542366e-12	1.4916899887425388	2014-02-01	lbi	south	2014
2013-09-01	B/KUMAMOTO/24/2013_EPI_ISL_144999	0.043825	2.7338299999999993	2.6113449999999996	0.0018263466148159548	0.043805472686647896	2.735091688990024	2014-02-01	lbi	south	2014
2013-09-01	B/Kraljevo/899/2013_EPI_ISL_143986	0.0005139999999999	1.4900979999999981	1.697951	0.0018263466536038318	0.000513770974587485	1.4916899887425388	2014-02-01	lbi	south	2014
2013-09-01	B/Kutaisi/384/2013_EPI_ISL_143987	0.000713	3.467283000000001	3.6909939999999994	0.0018263470937349754	0.0007126823053465498	3.4689066690307304	2014-02-01	lbi	south	2014
2013-09-01	B/Laos/011/2013_EPI_ISL_144653	9.8e-05	2.485753	2.4784679999999986	0.001849849768150441	9.79572929638172e-05	2.4873579126111216	2014-02-01	lbi	south	2014
2013-09-01	B/Laos/044/2013_EPI_ISL_144863	0.000118	8.223769999999998	8.524861999999995	0.001945776580533876	0.00011795329168263018	8.224858382247508	2014-02-01	lbi	south	2014
2013-09-01	B/Laos/051/2013_EPI_ISL_144864	0.000125	10.115783999999989	10.473389	0.0019446915971841083	0.0001249504643630755	10.116928402334318	2014-02-01	lbi	south	2014
2013-09-01	B/Laos/992/2012_EPI_ISL_137524	3.2e-05	6.206793000000002	6.472573999999997	0.0018263491234628733	3.1985741641482384e-05	6.2082365675482984	2014-02-01	lbi	south	2014
2013-09-01	B/Laos/I052/2013_EPI_ISL_143693	0.000134	1.4900979999999981	1.697951	0.0018263466678145055	0.00013394029298666155	1.4916899887425388	2014-02-01	lbi	south	2014
2013-09-01	B/Laos/I075/2013_EPI_ISL_143694	0.000204	3.449217000000001	3.684475	0.0018263469051587374	0.00020390910277597835	3.450494112424751	2014-02-01	lbi	south	2014
2013-09-01	B/Laos/I1002/2012_EPI_ISL_140288	3.4e-05	2.485753	2.4784679999999986	0.0018263466167346954	3.398485045857887e-05	2.4873579126111216	2014-02-01	lbi	south	2014
2013-09-01	B/Laos/I112/2013_EPI_ISL_143695	0.000434	3.449217000000001	3.684475	0.001826346870981168	0.00043380662060546254	3.450494112424751	2014-02-01	lbi	south	2014
2013-09-01	B/Laos/I114/2013_EPI_ISL_143696	0.000434	5.245358999999999	5.524988999999998	0.001826348721360105	0.0004338066209399236	5.246759689428791	2014-02-01	lbi	south	2014
2013-09-01	B/Laos/I999/2012_EPI_ISL_140287	3.4e-05	6.172963000000003	6.309975999999995	0.0018263466071343295	3.398485045844293e-05	6.174748510146172	2014-02-01	lbi	south	2014
2013-09-01	B/Leon/116/2013_EPI_ISL_143586	0.00496	2.345780999999999	2.607711999999998	0.001826346683564169	0.004957789949389558	2.3474482631225766	2014-02-01	lbi	south	2014
2013-09-01	B/Linares/260/2012_EPI_ISL_141609	5e-05	3.9272519999999997	4.187533999999998	0.0018263471006437746	4.997772127269294e-05	3.9290298150031076	2014-02-01	lbi	south	2014
2013-09-01	B/Lisboa_PT/74/2013_EPI_ISL_144833	0.0009310000000000001	2.787623999999999	2.6113749999999993	0.0022842810477528247	0.0009307627480968209	2.788857992770915	2014-02-01	lbi	south	2014
2013-09-01	B/MALAYSIA/18/2013_EPI_ISL_145334	0.006131	3.3407690000000008	3.671992999999999	0.0018263465998391174	0.006128268181178832	3.3420861275207883	2014-02-01	lbi	south	2014
2013-09-01	B/MALAYSIA/19/2013_EPI_ISL_145335	0.006131	1.4900979999999981	1.697951	0.0018263466344030999	0.006128268181267088	1.4916899887425388	2014-02-01	lbi	south	2014
2013-09-01	B/MALAYSIA/20/2013_EPI_ISL_145336	0.006131	2.398888	2.671801999999998	0.001826346614049791	0.006128268181215117	2.400517899639952	2014-02-01	lbi	south	2014
2013-09-01	B/Massachusetts/01/2013_EPI_ISL_138566	0.000411	1.4900979999999981	1.697951	0.0018263466520715042	0.00041081686878475214	1.4916899887425388	2014-02-01	lbi	south	2014
2013-09-01	B/Massachusetts/02/2013_EPI_ISL_138960	0.001632	3.0843230000000004	3.337934	0.0018263467092939495	0.0016312728220746983	3.086161362105713	2014-02-01	lbi	south	2014
2013-09-01	B/Massachusetts/03/2013_EPI_ISL_139926	0.001552	2.446714	2.6977819999999983	0.0018263472592596759	0.0015513084684069148	2.4476507777611913	2014-02-01	lbi	south	2014
2013-09-01	B/Massachusetts/04/2013_EPI_ISL_144253	0.007837	2.446714	2.6977819999999983	0.0018263470153863954	0.007833508032003614	2.4476507777611913	2014-02-01	lbi	south	2014
2013-09-01	B/Milano/101/2013_EPI_ISL_144834	0.0009310000000000001	2.345780999999999	2.607711999999998	0.0018263467162094105	0.0009305851699484806	2.3474482631225766	2014-02-01	lbi	south	2014
2013-09-01	B/Minnesota/02/2013_EPI_ISL_138552	0.0005139999999999	2.0876200000000003	2.3829519999999986	0.0018263470868195143	0.0005137709746802241	2.089423907752112	2014-02-01	lbi	south	2014
2013-09-01	B/Minnesota/03/2013_EPI_ISL_141608	0.00475	1.4900979999999981	1.697951	0.0018263466363218407	0.004747883519987269	1.4916899887425388	2014-02-01	lbi	south	2014
2013-09-01	B/Montana/01/2013_EPI_ISL_139546	0.001552	3.0830379999999997	3.273211	0.0018263467104465264	0.0015513084680521736	3.0848549408480053	2014-02-01	lbi	south	2014
2013-09-01	B/NAGANO-C/23/2013_EPI_ISL_143700	0.015997	1.8214909999999989	1.6113739999999992	0.0018263467131314308	0.015989872141403603	1.8227026343633193	2014-02-01	lbi	south	2014
2013-09-01	B/NAGANO/2029/2013_EPI_ISL_137270	0.0001419999999999	2.7828649999999993	2.558958999999999	0.0018263469166845065	0.0001419367284034686	2.7841055454568036	2014-02-01	lbi	south	2014
2013-09-01	B/NEWCASTLE/2/2013_EPI_ISL_141574	5.1e-05	2.0876200000000003	2.3829519999999986	0.0018263471014099385	5.0977275698163074e-05	2.089423907752112	2014-02-01	lbi	south	2014
2013-09-01	B/Nebraska/12/2012_EPI_ISL_134550	3.6e-05	3.345698	3.6077129999999995	0.00182634663286411	3.598395930932535e-05	3.347376295203955	2014-02-01	lbi	south	2014
2013-09-01	B/Nebraska/13/2012_EPI_ISL_134556	4.7e-05	2.0876200000000003	2.3829519999999986	0.0018263469562385473	4.697905799350468e-05	2.089423907752112	2014-02-01	lbi	south	2014
2013-09-01	B/Nevada/04/2013_EPI_ISL_138551	0.000327	2.485753	2.4784679999999986	0.0018459286188183953	0.00032685696392735746	2.4873579126111216	2014-02-01	lbi	south	2014
2013-09-01	B/Nevada/05/2013_EPI_ISL_138567	0.000676	3.4873720000000006	3.6979529999999996	0.0018263465998391174	0.0006756987914658115	3.488987193576673	2014-02-01	lbi	south	2014
2013-09-01	B/Nevada/09/2013_EPI_ISL_143232	0.020303	3.0470030000000006	3.3829529999999997	0.0018263466628244472	0.02029395349628758	3.0488360007595356	2014-02-01	lbi	south	2014
2013-09-01	B/Nevada/10/2013_EPI_ISL_144247	0.035264	2.4151049999999996	2.697912999999998	0.0018263468759712265	0.035248287255905154	2.4167413988196986	2014-02-01	lbi	south	2014
2013-09-01	B/New_Hampshire/03/2013_EPI_ISL_139543	0.0025210000000000002	2.446714	2.6977819999999983	0.001826347126759968	0.002519876706596599	2.4476507777611913	2014-02-01	lbi	south	2014
2013-09-01	B/New_Jersey/02/2013_EPI_ISL_135849	7.6e-05	2.0876200000000003	2.3829519999999986	0.0018263470745275812	7.596613633366663e-05	2.089423907752112	2014-02-01	lbi	south	2014
2013-09-01	B/New_Jersey/04/2013_EPI_ISL_141615	0.007528	2.345780999999999	2.607711999999998	0.0018263466762622944	0.007524645713486099	2.3474482631225766	2014-02-01	lbi	south	2014
2013-09-01	B/New_Jersey/07/2013_EPI_ISL_143226	0.024643	2.0876200000000003	2.3829519999999986	0.001826346907463891	0.024632019704476774	2.089423907752112	2014-02-01	lbi	south	2014
2013-09-01	B/New_Mexico/02/2013_EPI_ISL_138952	0.000883	2.0876200000000003	2.3829519999999986	0.001826347223156703	0.0008826065577208117	2.089423907752112	2014-02-01	lbi	south	2014
2013-09-01	B/New_York/03/2013_EPI_ISL_140980	0.00475	3.073779	3.3829529999999997	0.0018263466885542273	0.004747883520090599	3.0756000699919888	2014-02-01	lbi	south	2014
2013-09-01	B/New_York/16/2012_EPI_ISL_137418	1.6e-05	1.4900979999999981	1.697951	0.0018263466908593812	1.599287080453106e-05	1.4916899887425388	2014-02-01	lbi	south	2014
2013-09-01	B/New_York/17/2012_EPI_ISL_137420	1.6e-05	1.4900979999999981	1.697951	0.0018263466908593812	1.599287080453106e-05	1.4916899887425388	2014-02-01	lbi	south	2014
2013-09-01	B/New_York/18/2012_EPI_ISL_137416	1.6e-05	1.4900979999999981	1.697951	0.0018263466889406406	1.5992870804518275e-05	1.4916899887425388	2014-02-01	lbi	south	2014
2013-09-01	B/New_York/19/2012_EPI_ISL_137417	1.6e-05	1.4900979999999981	1.697951	0.0018263466889406406	1.5992870804518275e-05	1.4916899887425388	2014-02-01	lbi	south	2014
2013-09-01	B/North_Carolina/10/2013_EPI_ISL_143234	0.013385	3.646174999999999	3.5599009999999978	0.0018263466113582242	0.013379035981972329	3.647472335640308	2014-02-01	lbi	south	2014
2013-09-01	B/North_Dakota/02/2013_EPI_ISL_139931	0.001714	2.486659	2.697951999999998	0.0018263465998391174	0.0017132362848704154	2.4882635161727973	2014-02-01	lbi	south	2014
2013-09-01	B/North_Dakota/04/2012_EPI_ISL_136474	4.1e-05	3.3657260000000004	3.6979139999999995	0.001826346841027493	4.098173143917507e-05	3.36739539594751	2014-02-01	lbi	south	2014
2013-09-01	B/Norway/1908/2013_EPI_ISL_144862	0.0039840000000000006	2.0876200000000003	2.3829519999999986	0.0018263469735205384	0.003982224830797244	2.089423907752112	2014-02-01	lbi	south	2014
2013-09-01	B/Norway/2486/2013_EPI_ISL_144861	0.067094	1.8214909999999989	1.6113739999999992	0.0018263466820251791	0.06706410460970358	1.8227026343633193	2014-02-01	lbi	south	2014
2013-09-01	B/OKINAWA/38/2012_EPI_ISL_133558	1.3000000000000001e-05	2.4900609999999994	2.697951999999998	-38.62905146111273	1.3281873990302833e-12	2.491689988739882	2014-02-01	lbi	south	2014
2013-09-01	B/OSAKA-C/1019/2012_EPI_ISL_137272	5e-05	1.4900979999999981	1.697951	0.00182634667357739	4.997772126379969e-05	1.4916899887425388	2014-02-01	lbi	south	2014
2013-09-01	B/Ohio/02/2013_EPI_ISL_138964	0.00048600000000000005	3.343478	3.6077129999999995	0.001852570461816738	0.00048578875866410736	3.3451572597102004	2014-02-01	lbi	south	2014
2013-09-01	B/Oklahoma/04/2013_EPI_ISL_140983	0.0029	2.345780999999999	2.607711999999998	0.0018263466943171118	0.002898707833325431	2.3474482631225766	2014-02-01	lbi	south	2014
2013-09-01	B/Ozirgeti/542/2013_EPI_ISL_143989	0.0009310000000000001	2.4687199999999994	2.690992999999998	0.0018263470714562637	0.0009305851700862253	2.4703320336414247	2014-02-01	lbi	south	2014
2013-09-01	B/Pakistan/1009/2012_EPI_ISL_135851	1.7e-05	3.476394000000001	3.6979529999999996	0.0018263465998391174	1.6992425229169814e-05	3.477328548205819	2014-02-01	lbi	south	2014
2013-09-01	B/Paris/1087/2013_EPI_ISL_145264	0.001269	1.8214909999999989	1.6113739999999992	0.0018263467861035396	0.0012684345657347077	1.8227026343633193	2014-02-01	lbi	south	2014
2013-09-01	B/Paris/958/2013_EPI_ISL_145263	0.000883	2.0876200000000003	2.3829519999999986	0.001826347223156703	0.0008826065577208117	2.089423907752112	2014-02-01	lbi	south	2014
2013-09-01	B/Pennsylvania/03/2013_EPI_ISL_142182	0.011548000000000001	2.0876200000000003	2.3829519999999986	0.0018263468801951207	0.011542854504080909	2.089423907752112	2014-02-01	lbi	south	2014
2013-09-01	B/Petropavlovsk/9/2013_EPI_ISL_138523	5.1e-05	2.3823589999999997	2.672076999999998	0.0018263465998391174	5.0977275687509446e-05	2.383989783148997	2014-02-01	lbi	south	2014
2013-09-01	B/Phuket/151/2013_EPI_ISL_145275	0.005403	5.439312999999999	5.590169999999998	0.0018263465998391174	0.005400592559600265	5.440971597651099	2014-02-01	lbi	south	2014
2013-09-01	B/Picardie/1254/2013_EPI_ISL_145267	0.0019850000000000002	1.4900979999999981	1.697951	0.0018388446554019142	0.001984125866466369	1.4916899887425388	2014-02-01	lbi	south	2014
2013-09-01	B/Portalegre_PT/233/2013_EPI_ISL_144839	0.003483	2.345780999999999	2.607711999999998	0.0018263466897068042	0.003481448063259684	2.3474482631225766	2014-02-01	lbi	south	2014
2013-09-01	B/Rhode_Island/01/2013_EPI_ISL_144245	0.015444999999999999	3.3916060000000003	3.6979529999999996	0.0018263466109784733	0.015438118097985053	3.39326353280801	2014-02-01	lbi	south	2014
2013-09-01	B/SAITAMA/11/2013_EPI_ISL_144995	0.011548000000000001	1.8214909999999989	1.6113739999999992	0.0018263466463086196	0.011542854502956027	1.8227026343633193	2014-02-01	lbi	south	2014
2013-09-01	B/SAKAI/3/2013_EPI_ISL_137271	0.000204	3.267784000000001	3.6463999999999994	0.0018263480450373061	0.00020390910287282487	3.2694829627986883	2014-02-01	lbi	south	2014
2013-09-01	B/SAPPORO/16/2013_EPI_ISL_143699	0.015444999999999999	2.4099109999999997	2.6436199999999976	0.001826346968916893	0.015438118100287506	2.411549713132654	2014-02-01	lbi	south	2014
2013-09-01	B/SAPPORO/24/2013_EPI_ISL_144996	0.024643	3.360532000000001	3.6436209999999996	0.0018263469247525447	0.02463201970465421	3.362203710260466	2014-02-01	lbi	south	2014
2013-09-01	B/SENDAI/10/2013_EPI_ISL_144993	0.014908000000000001	1.8214909999999989	1.6113739999999992	0.0018263467039174779	0.014901357372202894	1.8227026343633193	2014-02-01	lbi	south	2014
2013-09-01	B/SHIGA/2/2013_EPI_ISL_140295	9.8e-05	1.4900979999999981	1.697951	0.0018263466728112262	9.795633367701611e-05	1.4916899887425388	2014-02-01	lbi	south	2014
2013-09-01	B/SHIZUOKA-C/10/2012_EPI_ISL_137260	3.4e-05	3.4757360000000013	3.6951889999999996	0.0018263466443898789	3.3984850458970485e-05	3.4773563782844805	2014-02-01	lbi	south	2014
2013-09-01	B/SHIZUOKA/111/2013_EPI_ISL_143690	0.006940000000000001	1.4900979999999981	1.697951	0.0018263466336369358	0.006936907711299955	1.4916899887425388	2014-02-01	lbi	south	2014
2013-09-01	B/SHIZUOKA/5/2013_EPI_ISL_137262	9.2e-05	4.475540999999997	4.695189999999997	0.0018263466386269946	9.195900712405228e-05	4.477172460270234	2014-02-01	lbi	south	2014
2013-09-01	B/SOUTH_AUCKLAND/9/2013_EPI_ISL_145340	0.03236	3.3195270000000003	3.6979139999999995	0.0018263467192807285	0.032345581202547116	3.3212169810539245	2014-02-01	lbi	south	2014
2013-09-01	B/SOUTH_AUSTRALIA/3/2013_EPI_ISL_141581	9.2e-05	2.4895409999999996	2.697951999999998	0.001826347610669047	9.195900716129728e-05	2.491144232026184	2014-02-01	lbi	south	2014
2013-09-01	B/SOUTH_AUSTRALIA/5/2013_EPI_ISL_141583	9.2e-05	2.4895409999999996	2.697951999999998	0.0018263471816839217	9.195900714486018e-05	2.491144232026184	2014-02-01	lbi	south	2014
2013-09-01	B/SOUTH_AUSTRALIA/9/2013_EPI_ISL_141584	5.1e-05	2.4895409999999996	2.697951999999998	0.0018263476970856655	5.097727571081554e-05	2.491144232026184	2014-02-01	lbi	south	2014
2013-09-01	B/Saint-Petersburg/144/2013_EPI_ISL_143605	0.0029	1.8214909999999989	1.6113739999999992	0.0018263467592211822	0.002898707833403822	1.8227026343633193	2014-02-01	lbi	south	2014
2013-09-01	B/Samara/07/2013_EPI_ISL_141607	0.0029	3.707940999999999	3.5855009999999976	0.001826346629792792	0.002898707833247499	3.7092050131032845	2014-02-01	lbi	south	2014
2013-09-01	B/Samara/11/2013_EPI_ISL_143595	0.0029	4.751206999999998	4.611206999999998	0.12517351400121865	0.0030515806919462958	4.750426325759207	2014-02-01	lbi	south	2014
2013-09-01	B/Seoul/16/2013_EPI_ISL_137253	5.1e-05	2.713766	2.5598999999999994	0.0018263469666117392	5.097727569529988e-05	2.715022555378864	2014-02-01	lbi	south	2014
2013-09-01	B/Slovenia/1190/2013_EPI_ISL_143596	0.0025210000000000002	2.480505	2.697951999999998	0.0018263472688600417	0.0025198767067457963	2.482112258238068	2014-02-01	lbi	south	2014
2013-09-01	B/Slovenia/473/2013_EPI_ISL_143600	0.000275	3.331940000000001	3.6077129999999995	0.0018263547176114558	0.0002748774678721999	3.333624425362452	2014-02-01	lbi	south	2014
2013-09-01	B/Slovenia/527/2013_EPI_ISL_143601	0.000388	2.480505	2.697951999999998	0.0018263475288693984	0.00038782711714529616	2.482112258238068	2014-02-01	lbi	south	2014
2013-09-01	B/Slovenia/84/2013_EPI_ISL_143604	8.1e-05	2.480505	2.697951999999998	0.0018263475561381688	8.096390847712865e-05	2.482112258238068	2014-02-01	lbi	south	2014
2013-09-01	B/South_Dakota/01/2013_EPI_ISL_138557	0.000411	2.4892649999999996	2.697951999999998	0.0018263465998391174	0.00041081686877581143	2.4908683550049866	2014-02-01	lbi	south	2014
2013-09-01	B/St_Petersburg/121/2013_EPI_ISL_141617	0.0029	3.472938000000001	3.6979529999999996	0.0018263469708356338	0.002898707833659409	3.4745596250000275	2014-02-01	lbi	south	2014
2013-09-01	B/Sweden/1/2013_EPI_ISL_139642	0.000606	3.476846000000001	3.6978889999999995	0.0018263465998391174	0.0006057299816986416	3.478465883696541	2014-02-01	lbi	south	2014
2013-09-01	B/Sweden/2/2013_EPI_ISL_139643	0.00064	3.343478	3.6077129999999995	0.0018514007355567364	0.0006397215103177659	3.3451572597102004	2014-02-01	lbi	south	2014
2013-09-01	B/Sweden/3/2013_EPI_ISL_139644	0.0025210000000000002	1.4900979999999981	1.697951	0.0018364871365387798	0.002519887353108442	1.4916899887425388	2014-02-01	lbi	south	2014
2013-09-01	B/TOCHIGI/5/2013_EPI_ISL_145002	0.043825	1.8214909999999989	1.6113739999999992	0.001826346683564169	0.043805472687902705	1.8227026343633193	2014-02-01	lbi	south	2014
2013-09-01	B/TOKYO/30018/2013_EPI_ISL_144997	0.019638	1.8214909999999989	1.6113739999999992	0.0018263466424711383	0.019629249803315554	1.8227026343633193	2014-02-01	lbi	south	2014
2013-09-01	B/TOWNSVILLE/2/2013_EPI_ISL_141586	0.00016	1.4900979999999981	1.697951	0.0018263466601328804	0.00015992870804326312	1.4916899887425388	2014-02-01	lbi	south	2014
2013-09-01	B/Tanzania/335/2012_EPI_ISL_135852	1.4999999999999999e-05	1.4900979999999981	1.697951	-38.629051461017326	1.5325239220189389e-12	1.4916899887425388	2014-02-01	lbi	south	2014
2013-09-01	B/Taraz/83/2013_EPI_ISL_138524	5.1e-05	1.4900979999999981	1.697951	0.00182634667357739	5.0977275689075684e-05	1.4916899887425388	2014-02-01	lbi	south	2014
2013-09-01	B/Tbilisi/524/2013_EPI_ISL_143995	0.000981	4.348311999999996	4.665119999999996	0.001826347067232369	0.0009805628913565848	4.349979054399404	2014-02-01	lbi	south	2014
2013-09-01	B/Texas/06/2013_EPI_ISL_140978	0.001714	3.0841809999999996	3.3829529999999997	0.0018263467085277854	0.0017132362849480024	3.0859974351822146	2014-02-01	lbi	south	2014
2013-09-01	B/Trnava/783/2013_EPI_ISL_144848	0.001891	1.4900979999999981	1.697951	0.0018263466440034657	0.0018901574181736129	1.4916899887425388	2014-02-01	lbi	south	2014
2013-09-01	B/Tunisia/17027/2012_EPI_ISL_138522	3.2e-05	1.4900979999999981	1.697951	0.001826346683177756	3.198574160895975e-05	1.4916899887425388	2014-02-01	lbi	south	2014
2013-09-01	B/Utah/02/2013_EPI_ISL_138560	0.000794	2.485753	2.4784679999999986	0.0018263466102056473	0.0007936462136481828	2.4873579126111216	2014-02-01	lbi	south	2014
2013-09-01	B/Utah/17/2012_EPI_ISL_134545	3.4e-05	3.331940000000001	3.6077129999999995	0.0018263575953361502	3.398485061403976e-05	3.333624425362452	2014-02-01	lbi	south	2014
2013-09-01	B/VICTORIA/802/2013_EPI_ISL_145349	0.037294	2.4154989999999996	2.697931999999998	0.0018263465998391174	0.03727738273509759	2.417135223272343	2014-02-01	lbi	south	2014
2013-09-01	B/VICTORIA/832/2012_EPI_ISL_141591	1.4000000000000001e-05	2.4515319999999994	2.6455359999999977	-38.62877361988556	1.4305212583177023e-12	2.453166866862045	2014-02-01	lbi	south	2014
2013-09-01	B/VICTORIA/835/2012_EPI_ISL_141593	3.6e-05	2.4515319999999994	2.6455359999999977	0.0018263465998391174	3.59839593088302e-05	2.453166866862045	2014-02-01	lbi	south	2014
2013-09-01	B/Valladolid/93/2013_EPI_ISL_143608	0.002769	2.478748999999999	2.697951999999998	0.0018263469739069514	0.0027677662039355773	2.480357040667348	2014-02-01	lbi	south	2014
2013-09-01	B/Valparaiso/1032/2013_EPI_ISL_141610	5.5e-05	2.996410000000001	3.356803	0.0018263467876425295	5.4975493392792485e-05	2.9982518186495257	2014-02-01	lbi	south	2014
2013-09-01	B/Vermont/01/2013_EPI_ISL_137527	0.000118	2.0876200000000003	2.3829519999999986	0.0018263470438077427	0.00011794742220076213	2.089423907752112	2014-02-01	lbi	south	2014
2013-09-01	B/Vermont/02/2013_EPI_ISL_142183	0.008157	2.0876200000000003	2.3829519999999986	0.0018263470096235108	0.008153365448117908	2.089423907752112	2014-02-01	lbi	south	2014
2013-09-01	B/Vietnam/3071/2013_EPI_ISL_145279	0.019638	4.2189229999999975	4.503634999999997	0.0026584876267453017	0.0196360569430398	4.220609022184674	2014-02-01	lbi	south	2014
2013-09-01	B/Vietnam/3072/2013_EPI_ISL_145283	0.018359999999999998	4.229618999999996	4.503634999999997	0.0026738159430659517	0.018358300643518097	4.23130067005044	2014-02-01	lbi	south	2014
2013-09-01	B/Virginia/03/2013_EPI_ISL_139549	0.001269	2.0876200000000003	2.3829519999999986	0.0018263471935827792	0.0012684345659500662	2.089423907752112	2014-02-01	lbi	south	2014
2013-09-01	B/Virginia/05/2012_EPI_ISL_134548	1.6e-05	2.0876200000000003	2.3829519999999986	0.001826347007318357	1.599287080663985e-05	2.089423907752112	2014-02-01	lbi	south	2014
2013-09-01	B/Virginia/05/2013_EPI_ISL_141611	0.008487	2.0876200000000003	2.3829519999999986	0.0018263469013212559	0.00848321840812236	2.089423907752112	2014-02-01	lbi	south	2014
2013-09-01	B/WAKAYAMA/32/2013_EPI_ISL_137268	0.000171	2.3755089999999996	2.697873999999998	0.001826348337305492	0.00017092380684068274	2.377163041783145	2014-02-01	lbi	south	2014
2013-09-01	B/Washington/02/2013_EPI_ISL_139935	0.003483	1.4900979999999981	1.697951	0.0018375482266695716	0.003481464312284755	1.4916899887425388	2014-02-01	lbi	south	2014
2013-09-01	B/West_Virginia/01/2012_EPI_ISL_136471	2e-05	3.343478	3.6077129999999995	0.0018682089157020115	1.9991437205139045e-05	3.3451572597102004	2014-02-01	lbi	south	2014
2013-09-01	B/Wisconsin/01/2013_EPI_ISL_135854	0.000125	1.4900979999999981	1.697951	0.0018263466701196592	0.00012494430315931922	1.4916899887425388	2014-02-01	lbi	south	2014
2013-09-01	B/Wisconsin/02/2013_EPI_ISL_138549	0.00045999999999999996	2.4891669999999997	2.697951999999998	0.0018263465998391174	0.00045979503561283027	2.4907703986713123	2014-02-01	lbi	south	2014
2013-09-01	B/Wisconsin/03/2013_EPI_ISL_141619	0.0025210000000000002	2.4850449999999995	2.697951999999998	0.0018263465998391174	0.002519876706043359	2.4866502353304516	2014-02-01	lbi	south	2014
2013-09-01	B/Wisconsin/14/2012_EPI_ISL_133996	1.3000000000000001e-05	1.4900979999999981	1.697951	-38.629051461012615	1.3281873990856899e-12	1.4916899887425388	2014-02-01	lbi	south	2014
2013-09-01	B/Wisconsin/16/2012_EPI_ISL_134549	1.1e-05	3.0843230000000004	3.337934	-38.628897976953084	1.1239227506121414e-12	3.086161362105713	2014-02-01	lbi	south	2014
2013-09-01	B/Wyoming/03/2013_EPI_ISL_139934	0.001801	4.328326999999997	4.544323999999996	0.0018263842341665257	0.0018001975480955981	4.330024030266262	2014-02-01	lbi	south	2014
2013-09-01	B/Zamora/102/2013_EPI_ISL_143611	0.0036439999999999997	2.0876200000000003	2.3829519999999986	0.001826346980049587	0.003642376326170841	2.089423907752112	2014-02-01	lbi	south	2014
2014-09-01	B/AICHI/49/2014_EPI_ISL_165135	0.010844	3.231648	4.289651999999999	-0.012764835526444777	0.010766348374021215	3.2307084437257565	2015-02-01	lbi	south	2015
2014-09-01	B/AICHI/51/2014_EPI_ISL_164693	0.014071	3.231648	4.289651999999999	-0.013606994246034055	0.013965339209014419	3.2307084437257565	2015-02-01	lbi	south	2015
2014-09-01	B/Alaska/02/2014_EPI_ISL_164321	0.025682	1.76427	2.081336999999999	-0.021819864358721467	0.025402075300518277	1.7657572604937561	2015-02-01	lbi	south	2015
2014-09-01	B/Arizona/01/2014_EPI_ISL_155675	3.1e-05	1.76427	2.081336999999999	-0.0008420481864369709	3.093129576368774e-05	1.7657572604937561	2015-02-01	lbi	south	2015
2014-09-01	B/Arizona/03/2014_EPI_ISL_164337	0.025023	1.76427	2.081336999999999	-0.024308490212359507	0.02472460724655292	1.7657572604937561	2015-02-01	lbi	south	2015
2014-09-01	B/BRISBANE/3/2014_EPI_ISL_161857	9.7e-05	3.2411109999999996	4.162991999999999	-0.023290187825768655	9.588397451756996e-05	3.240324331531135	2015-02-01	lbi	south	2015
2014-09-01	B/Bangladesh/2004/2014_EPI_ISL_164881	0.029120999999999998	3.2147349999999992	4.163113999999999	-0.024716864984116592	0.028768844052201002	3.2144949716426816	2015-02-01	lbi	south	2015
2014-09-01	B/Bangladesh/214/2014_EPI_ISL_162365	0.003803	2.2937129999999986	3.289655999999999	-0.018353022322336238	0.003766986196885762	2.2927377581556168	2015-02-01	lbi	south	2015
2014-09-01	B/Bangladesh/6784/2014_EPI_ISL_164883	0.050227	4.0726249999999995	5.284095999999999	-0.024717594016163243	0.049619597241860006	4.074234965066243	2015-02-01	lbi	south	2015
2014-09-01	B/Bangladesh/7751/2014_EPI_ISL_163681	0.001439	2.2937129999999986	3.289655999999999	0.14824728274976584	0.001527832794728516	2.2927377581556168	2015-02-01	lbi	south	2015
2014-09-01	B/Belgium/14G0509/2014_EPI_ISL_165470	0.006594	3.2803229999999997	4.289651999999999	-0.02366590651025122	0.006517112947705731	3.2795116938759263	2015-02-01	lbi	south	2015
2014-09-01	B/Berlin/1/2014_EPI_ISL_155947	7.2e-05	1.76427	2.081336999999999	0.2767449946231877	8.064918197468306e-05	1.7657572604937561	2015-02-01	lbi	south	2015
2014-09-01	B/Bilthoven/4311400416/2014_EPI_ISL_163364	0.002832	3.287395	4.289651999999999	-0.012767651180410587	0.0028117173390226394	3.286473078551511	2015-02-01	lbi	south	2015
2014-09-01	B/Brandenburg/2/2014_EPI_ISL_158862	0.000328	3.8555139999999994	4.470812	-0.00666992094294229	0.00032647931822310804	3.856586686780656	2015-02-01	lbi	south	2015
2014-09-01	B/Brazil/2920/2014_EPI_ISL_164325	0.000802	1.76427	2.081336999999999	-0.023090503935911375	0.0007928386180034886	1.7657572604937561	2015-02-01	lbi	south	2015
2014-09-01	B/Brazil/5137/2014_EPI_ISL_164336	0.002712	1.76427	2.081336999999999	0.13335374267509104	0.002861604718025316	1.7657572604937561	2015-02-01	lbi	south	2015
2014-09-01	B/Burkina_Faso/285/2014_EPI_ISL_164885	0.0011330000000000001	2.2937129999999986	3.289655999999999	0.12989382523774198	0.0011937785603179714	2.2927377581556168	2015-02-01	lbi	south	2015
2014-09-01	B/Burkina_Faso/40/2014_EPI_ISL_164886	0.0019	5.216065999999997	6.219329999999998	-0.020037136420383135	0.0018806871351846953	5.213980939247057	2015-02-01	lbi	south	2015
2014-09-01	B/CHIBA-C/21/2014_EPI_ISL_159378	0.000248	2.2937129999999986	3.289655999999999	0.19134209102213393	0.00026808034908520727	2.2927377581556168	2015-02-01	lbi	south	2015
2014-09-01	B/CHIBA/22/2014_EPI_ISL_163852	0.00059	5.201763999999997	6.235458999999998	-0.024719727993024538	0.0005828645219132541	5.2017062693553795	2015-02-01	lbi	south	2015
2014-09-01	B/California/02/2014_EPI_ISL_157843	0.000139	2.763984000000001	3.0813329999999985	-0.024472781843495287	0.00013733305979122179	2.765482594374172	2015-02-01	lbi	south	2015
2014-09-01	B/California/04/2014_EPI_ISL_158949	0.000221	2.7638200000000013	3.0813329999999985	-0.024490210220629072	0.00021834809938061544	2.7653205642949934	2015-02-01	lbi	south	2015
2014-09-01	B/California/05/2014_EPI_ISL_158962	0.000725	2.7056900000000015	3.0813329999999985	-0.007731926329837999	0.0007213194808062246	2.7074280969102307	2015-02-01	lbi	south	2015
2014-09-01	B/California/06/2014_EPI_ISL_159693	0.001439	1.76427	2.081336999999999	-0.014021737180049529	0.0014279475957437557	1.7657572604937561	2015-02-01	lbi	south	2015
2014-09-01	B/California/07/2014_EPI_ISL_163154	0.003803	2.7056900000000015	3.0813329999999985	-0.012491510728187848	0.0037761975379150873	2.7074280969102307	2015-02-01	lbi	south	2015
2014-09-01	B/California/08/2014_EPI_ISL_163153	0.007103	1.76427	2.081336999999999	-0.0240363745914824	0.007019094366594684	1.7657572604937561	2015-02-01	lbi	south	2015
2014-09-01	B/California/16/2014_EPI_ISL_163533	0.00545	2.7442280000000006	3.0813329999999985	-0.024720016615652034	0.005384086885440269	2.7459614213132766	2015-02-01	lbi	south	2015
2014-09-01	B/California/17/2014_EPI_ISL_163532	0.005886	1.76427	2.081336999999999	0.158870647744243	0.006277079855715406	1.7657572604937561	2015-02-01	lbi	south	2015
2014-09-01	B/California/18/2014_EPI_ISL_164320	0.013632	2.7247660000000007	3.0813329999999985	-0.012771158387630913	0.013534348429927099	2.7265300473889424	2015-02-01	lbi	south	2015
2014-09-01	B/Cameroon/7386/2013_EPI_ISL_159707	1.2e-05	4.2936289999999975	5.214213999999998	-23.484721870420515	6.74012432496327e-10	4.292737754336222	2015-02-01	lbi	south	2015
2014-09-01	B/Cankiri/226/2014_EPI_ISL_155948	5.600000000000001e-05	4.287097999999998	5.28262	0.13594619741917954	5.9153044967023555e-05	4.286183746388865	2015-02-01	lbi	south	2015
2014-09-01	B/Cankiri/348/2014_EPI_ISL_158870	8.1e-05	4.287097999999998	5.28262	-0.012496462311644039	8.0428969105697e-05	4.286183746388865	2015-02-01	lbi	south	2015
2014-09-01	B/Concepcion/264/2014_EPI_ISL_154836	2.5e-05	3.674649	3.7231769999999997	-23.48438036256599	1.4043923914136019e-09	3.6770572275340534	2015-02-01	lbi	south	2015
2014-09-01	B/Cote_d_Ivoire/2212/2013_EPI_ISL_158876	1e-05	5.818892000000004	5.858822999999998	-23.484738030142577	5.616732451994017e-10	5.820386983627506	2015-02-01	lbi	south	2015
2014-09-01	B/England/199/2014_EPI_ISL_163194	0.000407	3.242654	4.289262999999999	-0.024710983664277146	0.0004020791944841501	3.2423140019631167	2015-02-01	lbi	south	2015
2014-09-01	B/England/373/2014_EPI_ISL_163196	0.001508	4.219873999999998	5.219333999999998	0.1290713659018077	0.0015883506226139238	4.217742313517423	2015-02-01	lbi	south	2015
2014-09-01	B/Ethiopia/919/2014_EPI_ISL_158956	3.3e-05	1.868697	2.484875999999999	-0.024719119745418835	3.260090525062681e-05	1.869621584802423	2015-02-01	lbi	south	2015
2014-09-01	B/Ethiopia/923/2013_EPI_ISL_157842	1e-05	2.8686690000000006	3.484871999999999	-23.48473862165131	5.616731067683227e-10	2.8696215836790784	2015-02-01	lbi	south	2015
2014-09-01	B/Ethiopia/925/2013_EPI_ISL_157847	1e-05	2.2937129999999986	3.289655999999999	-23.4823019493013	5.622436519046417e-10	2.2927377581556168	2015-02-01	lbi	south	2015
2014-09-01	B/Ethiopia/948/2013_EPI_ISL_158952	1.9e-05	5.204057999999996	6.282879999999998	-23.48472296613216	1.0671858642324144e-09	5.204037723735962	2015-02-01	lbi	south	2015
2014-09-01	B/FUKUI/2/2014_EPI_ISL_159367	6.7e-05	3.293571	4.289651999999999	-0.024707931993247913	6.619002526924996e-05	3.2926053781050793	2015-02-01	lbi	south	2015
2014-09-01	B/FUKUOKA-C/4/2013_EPI_ISL_156818	1.8e-05	3.20415	4.284325999999999	-23.36118300724478	1.0644230465428072e-09	3.2040377280047005	2015-02-01	lbi	south	2015
2014-09-01	B/Florida/01/2014_EPI_ISL_155577	6.7e-05	1.76427	2.081336999999999	-0.01694502357027734	6.640446651919292e-05	1.7657572604937561	2015-02-01	lbi	south	2015
2014-09-01	B/Florida/04/2014_EPI_ISL_158955	0.000478	2.7633060000000014	3.0813329999999985	-0.024517809389571123	0.0004722587841062159	2.764812742925542	2015-02-01	lbi	south	2015
2014-09-01	B/Florida/07/2014_EPI_ISL_163529	0.013203999999999999	2.2937129999999986	3.289655999999999	0.06618800276329818	0.013547882697753312	2.2927377581556168	2015-02-01	lbi	south	2015
2014-09-01	B/GUNMA/30/2014_EPI_ISL_159377	0.000103	2.2937129999999986	3.289655999999999	-0.024106574871618228	0.00010178031440343284	2.2927377581556168	2015-02-01	lbi	south	2015
2014-09-01	B/Goias/42189/2014_EPI_ISL_163142	0.008819	2.7466020000000007	3.0813329999999985	-0.02472005014797415	0.008712341574180736	2.748332576109703	2015-02-01	lbi	south	2015
2014-09-01	B/Goias/57970/2014_EPI_ISL_165459	0.052862	3.5837489999999996	4.352793999999999	-0.02404771610340384	0.05223731000949172	3.5880765228586053	2015-02-01	lbi	south	2015
2014-09-01	B/Goias/7141/2014_EPI_ISL_157203	0.000176	2.7639100000000014	3.0813329999999985	-0.024719743366286608	0.00017387144949089367	2.765409517594773	2015-02-01	lbi	south	2015
2014-09-01	B/Guangdong-Zhongshan/1465/2014_EPI_ISL_164862	0.015925	3.2279309999999994	4.163148	-0.024716097570448042	0.015732426359858075	3.227531389335024	2015-02-01	lbi	south	2015
2014-09-01	B/Gwangju/1701/2013_EPI_ISL_157836	1.1e-05	3.276045	4.289651999999999	-23.484721708097663	6.178447715759341e-10	3.2753130737715668	2015-02-01	lbi	south	2015
2014-09-01	B/HAMAMATU-C/14166/2014_EPI_ISL_163839	0.0019	4.265512999999998	5.1619199999999985	0.17053844720025463	0.0020361152449123346	4.263456445389662	2015-02-01	lbi	south	2015
2014-09-01	B/HAMAMATU-C/14166/2014_EPI_ISL_163839__dup2	0.0019	6.123347999999998	7.029926000000001	0.17053844720025463	0.0020361152449123346	6.122342988614263	2015-02-01	lbi	south	2015
2014-09-01	B/HIROSHIMA/9/2014_EPI_ISL_159384	0.000365	3.2411109999999996	4.162991999999999	0.1631841593767553	0.0003899516985160651	3.240324331531135	2015-02-01	lbi	south	2015
2014-09-01	B/HYOGO/1227/2014_EPI_ISL_163838	0.000531	2.2937129999999986	3.289655999999999	-0.01762307713481938	0.0005261315100569438	2.2927377581556168	2015-02-01	lbi	south	2015
2014-09-01	B/Hawaii/01/2014_EPI_ISL_157026	4.1e-05	2.2937129999999986	3.289655999999999	0.25333330221366396	4.547941188295919e-05	2.2927377581556168	2015-02-01	lbi	south	2015
2014-09-01	B/Hawaii/02/2014_EPI_ISL_157032	3.3e-05	4.689332999999998	5.353185999999999	-0.021243433243102003	3.2648152173239473e-05	4.6924205502689	2015-02-01	lbi	south	2015
2014-09-01	B/Hawaii/07/2014_EPI_ISL_164887	0.02984	5.563018000000002	6.757063999999997	0.05673679041796686	0.030496814418040242	5.552797688120037	2015-02-01	lbi	south	2015
2014-09-01	B/Hawaii/08/2014_EPI_ISL_164888	0.034335000000000004	5.563018000000002	6.757063999999997	0.052383777915455836	0.035027166438659274	5.552797688120037	2015-02-01	lbi	south	2015
2014-09-01	B/Hong_Kong/3221/2014_EPI_ISL_164276	0.014071	2.2937129999999986	3.289655999999999	0.08981483511818218	0.014580294393052721	2.2927377581556168	2015-02-01	lbi	south	2015
2014-09-01	B/Hong_Kong/3224/2014_EPI_ISL_164277	0.014518999999999999	2.2937129999999986	3.289655999999999	0.08876967287110216	0.01503795935856736	2.2927377581556168	2015-02-01	lbi	south	2015
2014-09-01	B/Hong_Kong/3298/2014_EPI_ISL_164278	0.020709	3.2522249999999997	4.289623999999999	-0.015657989555032358	0.02053593655778246	3.2516038061688426	2015-02-01	lbi	south	2015
2014-09-01	B/IBARAKI/20/2014_EPI_ISL_163182	6.7e-05	2.2937129999999986	3.289655999999999	0.20208116354687777	7.274973274046023e-05	2.2927377581556168	2015-02-01	lbi	south	2015
2014-09-01	B/ISHIKAWA/56/2014_EPI_ISL_159382	0.000531	3.292643	4.289429999999999	-0.024719838960232787	0.0005245780454673609	3.291688602064683	2015-02-01	lbi	south	2015
2014-09-01	B/IWATE/3/2014_EPI_ISL_159379	0.000148	2.2937129999999986	3.289655999999999	-0.014701408843102346	0.00014682168377599982	2.2927377581556168	2015-02-01	lbi	south	2015
2014-09-01	B/Iceland/63/2014_EPI_ISL_164282	0.001734	1.76427	2.081336999999999	-0.02364744907958313	0.0017137944738511237	1.7657572604937561	2015-02-01	lbi	south	2015
2014-09-01	B/Iceland/66/2014_EPI_ISL_164283	0.001989	1.76427	2.081336999999999	-0.024470368707925412	0.0019651491408298996	1.7657572604937561	2015-02-01	lbi	south	2015
2014-09-01	B/Iceland/77/2014_EPI_ISL_164284	0.010484	2.7432940000000006	3.0813329999999985	-0.024693165100589	0.010357320815472826	2.7450426188628083	2015-02-01	lbi	south	2015
2014-09-01	B/Idaho/02/2014_EPI_ISL_163158	0.011592	1.76427	2.081336999999999	0.1294654031897054	0.012211660221867418	1.7657572604937561	2015-02-01	lbi	south	2015
2014-09-01	B/Indiana/01/2014_EPI_ISL_159506	0.0006889999999999	1.76427	2.081336999999999	-0.015845543103507855	0.0006831886911418856	1.7657572604937561	2015-02-01	lbi	south	2015
2014-09-01	B/Indiana/02/2014_EPI_ISL_162370	0.008819	4.219873999999998	5.219333999999998	0.07894379667944341	0.009096901505991437	4.217742313517423	2015-02-01	lbi	south	2015
2014-09-01	B/Iowa/01/2014_EPI_ISL_158959	0.00018700000000000002	2.2937129999999986	3.289655999999999	0.1860994512380697	0.0002017001488712593	2.2927377581556168	2015-02-01	lbi	south	2015
2014-09-01	B/Iowa/02/2014_EPI_ISL_159509	0.0010789999999999999	1.868697	2.484875999999999	-0.024719630577500488	0.0010659505841894357	1.869621584802423	2015-02-01	lbi	south	2015
2014-09-01	B/KITAKYUSYU/2/2014_EPI_ISL_159369	0.000176	3.256249	4.289631999999999	0.1965512352088004	0.00019066395321372194	3.2554814408734467	2015-02-01	lbi	south	2015
2014-09-01	B/KOBE/266/2014_EPI_ISL_159368	0.00011	2.2937129999999986	3.289655999999999	0.20610394181307426	0.00011964022763025029	2.2927377581556168	2015-02-01	lbi	south	2015
2014-09-01	B/KOCHI/103/2014_EPI_ISL_159370	4.9e-05	4.151547999999999	5.157661999999998	0.21277834019840186	5.344270086191348e-05	4.1516243013802185	2015-02-01	lbi	south	2015
2014-09-01	B/KUMAMOTO-C/3/2014_EPI_ISL_159386	0.00018700000000000002	2.2937129999999986	3.289655999999999	0.18512768408714322	0.00020161849641178273	2.2927377581556168	2015-02-01	lbi	south	2015
2014-09-01	B/Khabarovsk/14/2014_EPI_ISL_164286	0.009134	4.790037999999998	5.4209999999999985	-0.02362091058163978	0.009027665409596522	4.790953481269987	2015-02-01	lbi	south	2015
2014-09-01	B/Korea/2934/2014_EPI_ISL_164317	0.000166	4.217246999999999	5.280320999999999	-0.02145207120151724	0.00016421582250116825	4.217066941121372	2015-02-01	lbi	south	2015
2014-09-01	B/MIYAGI/22/2014_EPI_ISL_162079	0.001989	3.2897269999999996	4.2808779999999995	-0.024719943220420794	0.0019649447968137193	3.28880786856199	2015-02-01	lbi	south	2015
2014-09-01	B/Maryland/01/2014_EPI_ISL_157845	3.1e-05	5.252084999999998	6.289615999999997	0.007534031205503092	3.103943560515659e-05	5.251479648426427	2015-02-01	lbi	south	2015
2014-09-01	B/Maryland/07/2014_EPI_ISL_164324	0.011981	3.20415	4.284325999999999	-0.023156900843421094	0.011843811337309698	3.2040377280047005	2015-02-01	lbi	south	2015
2014-09-01	B/Mato_Grosso/35132/2014_EPI_ISL_162359	0.002597	1.76427	2.081336999999999	-0.022817100090880137	0.0025676265115294034	1.7657572604937561	2015-02-01	lbi	south	2015
2014-09-01	B/Mato_Grosso/35137/2014_EPI_ISL_162360	0.002712	1.76427	2.081336999999999	0.13335374267509104	0.002861604718025316	1.7657572604937561	2015-02-01	lbi	south	2015
2014-09-01	B/Mato_Grosso/60031/2014_EPI_ISL_164625	0.036697	3.616079	4.3530619999999995	-0.023920365938975886	0.03626526212674364	3.6200206186241015	2015-02-01	lbi	south	2015
2014-09-01	B/Mexico/1238/2014_EPI_ISL_164313	0.001989	1.76427	2.081336999999999	-0.024497565025635267	0.001965126872280912	1.7657572604937561	2015-02-01	lbi	south	2015
2014-09-01	B/Mexico/1340/2014_EPI_ISL_164338	0.003963	3.695558	2.891401	-0.023132861627443536	0.0039176608354316595	3.697874790662473	2015-02-01	lbi	south	2015
2014-09-01	B/Michigan/03/2013_EPI_ISL_155568	2.2e-05	3.763323	4.081328999999999	-23.484373745881125	1.235868711670022e-09	3.76492438746132	2015-02-01	lbi	south	2015
2014-09-01	B/Montana/01/2014_EPI_ISL_163143	0.001309	1.76427	2.081336999999999	-0.012893664124047188	0.0012995567633330464	1.7657572604937561	2015-02-01	lbi	south	2015
2014-09-01	B/Montana/01/2014_EPI_ISL_163143__dup2	0.001309	2.674707	3.0760069999999984	-0.008522526561385886	0.001301925812304207	2.6770572303428373	2015-02-01	lbi	south	2015
2014-09-01	B/Moscow/12/2014_EPI_ISL_165487	0.003085	3.813764	4.421003999999999	0.07459343153364718	0.0031764505113963297	3.8143928989746163	2015-02-01	lbi	south	2015
2014-09-01	B/Moscow/2/2014_EPI_ISL_165489	0.000531	3.813764	4.421003999999999	0.11471813965265056	0.0005559583460507546	3.8143928989746163	2015-02-01	lbi	south	2015
2014-09-01	B/NAGANO-C/3/2014_EPI_ISL_159373	4.3e-05	2.2937129999999986	3.289655999999999	0.30016565784078436	4.863781272336288e-05	2.2927377581556168	2015-02-01	lbi	south	2015
2014-09-01	B/NIIGATA-C/3/2014_EPI_ISL_159381	8.6e-05	3.2411109999999996	4.162991999999999	0.26873992370708555	9.601019585361983e-05	3.240324331531135	2015-02-01	lbi	south	2015
2014-09-01	B/Nevada/02/2014_EPI_ISL_158954	0.000346	1.76427	2.081336999999999	-0.004388802213223307	0.0003447233583935075	1.7657572604937561	2015-02-01	lbi	south	2015
2014-09-01	B/Nevada/03/2014_EPI_ISL_158961	0.0009310000000000001	2.762370000000001	3.0813329999999985	-0.024540464392813675	0.0009198091583527998	2.763917640459615	2015-02-01	lbi	south	2015
2014-09-01	B/Nevada/04/2014_EPI_ISL_159510	0.001508	1.76427	2.081336999999999	-0.024000555067572142	0.0014902086839305865	1.7657572604937561	2015-02-01	lbi	south	2015
2014-09-01	B/Nevada/06/2014_EPI_ISL_162362	0.006116	2.7247660000000007	3.0813329999999985	-0.009978592883686882	0.006079258122478913	2.7265300473889424	2015-02-01	lbi	south	2015
2014-09-01	B/Nevada/09/2014_EPI_ISL_164371	0.0164139999999999	1.76427	2.081336999999999	0.1304013417645694	0.017298168862120877	1.7657572604937561	2015-02-01	lbi	south	2015
2014-09-01	B/Nevada/11/2014_EPI_ISL_163531	0.021294	1.76427	2.081336999999999	-0.02405852752890873	0.021042266061106353	1.7657572604937561	2015-02-01	lbi	south	2015
2014-09-01	B/Nevada/12/2013_EPI_ISL_154835	1.4999999999999999e-05	2.762370000000001	3.0813329999999985	-23.439008845116827	8.587168170268245e-10	2.763917640459615	2015-02-01	lbi	south	2015
2014-09-01	B/Nevada/18/2014_EPI_ISL_164889	0.048477	1.76427	2.081336999999999	0.0779431507079219	0.0499837473519123	1.7657572604937561	2015-02-01	lbi	south	2015
2014-09-01	B/New_Mexico/01/2014_EPI_ISL_163535	0.012379000000000001	2.7056900000000015	3.0813329999999985	-0.004348448227776701	0.012333532386520362	2.7074280969102307	2015-02-01	lbi	south	2015
2014-09-01	B/New_Mexico/02/2014_EPI_ISL_163534	0.012379000000000001	2.7056900000000015	3.0813329999999985	-0.004348448227776701	0.012333532386520362	2.7074280969102307	2015-02-01	lbi	south	2015
2014-09-01	B/New_York/12/2014_EPI_ISL_164891	0.051983	1.76427	2.081336999999999	-0.024038966618686326	0.051368884751696375	1.7657572604937561	2015-02-01	lbi	south	2015
2014-09-01	B/New_York/13/2014_EPI_ISL_164892	0.049351	1.76427	2.081336999999999	-0.02361073126797715	0.04877668111136805	1.7657572604937561	2015-02-01	lbi	south	2015
2014-09-01	B/New_Zealand/21/2014_EPI_ISL_164863	0.011212999999999999	4.233593999999998	5.289627999999999	-0.022498205161485922	0.011087647995434973	4.233086060299278	2015-02-01	lbi	south	2015
2014-09-01	B/OKAYAMA/8/2014_EPI_ISL_163181	0.000117	3.2731209999999997	4.161923999999999	-0.012845776596637572	0.00011615826980713522	3.271600906369311	2015-02-01	lbi	south	2015
2014-09-01	B/OSAKA-C/1/2014_EPI_ISL_159371	3.8e-05	2.2937129999999986	3.289655999999999	0.255913355066907	4.2196988355405284e-05	2.2927377581556168	2015-02-01	lbi	south	2015
2014-09-01	B/OSAKA-C/43/2014_EPI_ISL_163996	0.002379	2.2937129999999986	3.289655999999999	0.09791707008811568	0.0024734430780257314	2.2927377581556168	2015-02-01	lbi	south	2015
2014-09-01	B/OSAKA/5/2014_EPI_ISL_159376	0.000248	3.2411109999999996	4.162991999999999	0.19134209102213393	0.00026808034908520727	3.240324331531135	2015-02-01	lbi	south	2015
2014-09-01	B/Ohio/01/2014_EPI_ISL_159507	0.000843	2.7625540000000015	3.0813329999999985	-0.024537151532114616	0.000832868088959197	2.764091523079968	2015-02-01	lbi	south	2015
2014-09-01	B/Oklahoma/02/2014_EPI_ISL_159604	0.002177	1.76427	2.081336999999999	-0.024325557068825707	0.0021510245459757968	1.7657572604937561	2015-02-01	lbi	south	2015
2014-09-01	B/Oregon/01/2014_EPI_ISL_159600	0.0015810000000000002	1.76427	2.081336999999999	-0.023084324423514494	0.0015629439931651881	1.7657572604937561	2015-02-01	lbi	south	2015
2014-09-01	B/Quebec/RV1810/2014_EPI_ISL_163528	0.0048460000000000005	1.76427	2.081336999999999	-0.016435046913815095	0.00480394672458177	1.7657572604937561	2015-02-01	lbi	south	2015
2014-09-01	B/Rondonia/12920/2014_EPI_ISL_157964	0.000531	1.76427	2.081336999999999	-0.020271023474424683	0.0005255513434986095	1.7657572604937561	2015-02-01	lbi	south	2015
2014-09-01	B/SAITAMA/12/2014_EPI_ISL_159388	0.000176	2.2937129999999986	3.289655999999999	0.18804827668771273	0.00018998964521939319	2.2927377581556168	2015-02-01	lbi	south	2015
2014-09-01	B/SAPPORO/2/2014_EPI_ISL_156817	3.1e-05	3.20415	4.284325999999999	-0.020003297931140224	3.068532800429877e-05	3.2040377280047005	2015-02-01	lbi	south	2015
2014-09-01	B/SHIGA/14/2014_EPI_ISL_159385	0.000148	2.2937129999999986	3.289655999999999	-0.014701408843102346	0.00014682168377599982	2.2927377581556168	2015-02-01	lbi	south	2015
2014-09-01	B/SHIMANE/24/2014_EPI_ISL_163837	0.001508	3.256249	4.289631999999999	0.12704968693552804	0.0015870132130519968	3.2554814408734467	2015-02-01	lbi	south	2015
2014-09-01	B/SHIZUOKA-C/7/2014_EPI_ISL_159375	0.000117	4.291430999999998	5.280409999999999	-0.024170734699004173	0.00011561144118297014	4.2903728016887746	2015-02-01	lbi	south	2015
2014-09-01	B/Sachsen/1/2014_EPI_ISL_158882	0.000221	5.843401000000005	6.4708039999999984	-0.005478930439311367	0.0002200845832996494	5.844618700452027	2015-02-01	lbi	south	2015
2014-09-01	B/Santiago/84220/2013_EPI_ISL_154841	1e-05	7.144043999999996	7.700680999999998	-23.484738630320415	5.616731047394888e-10	7.14620571894856	2015-02-01	lbi	south	2015
2014-09-01	B/Sao_Paulo/1318/2014_EPI_ISL_157202	4.6e-05	1.76427	2.081336999999999	-0.0050177070215362074	4.5818265121630095e-05	1.7657572604937561	2015-02-01	lbi	south	2015
2014-09-01	B/Sao_Paulo/6-9739/2014_EPI_ISL_164159	0.02984	1.76427	2.081336999999999	-0.024465480487715855	0.02948223720367129	1.7657572604937561	2015-02-01	lbi	south	2015
2014-09-01	B/Sao_Paulo/93684/2013_EPI_ISL_154020	1.2e-05	3.689449	4.35319	-23.48473864742307	6.74007720884335e-10	3.6925511415295738	2015-02-01	lbi	south	2015
2014-09-01	B/Shanghai-Xuhui/1172/2014_EPI_ISL_163760	0.0009789999999999	3.8158949999999994	4.232141999999999	-0.02471988848022357	0.0009671598793145049	3.8172461627037424	2015-02-01	lbi	south	2015
2014-09-01	B/South_Africa/662/2014_EPI_ISL_165493	0.000802	3.2916729999999994	4.289622	0.1328771242154634	0.0008460734739380728	3.2906040245711403	2015-02-01	lbi	south	2015
2014-09-01	B/South_Carolina/01/2014_EPI_ISL_159605	0.001439	2.2937129999999986	3.289655999999999	0.14824728274976584	0.001527832794728516	2.2927377581556168	2015-02-01	lbi	south	2015
2014-09-01	B/South_Dakota/01/2014_EPI_ISL_159505	0.0019	1.76427	2.081336999999999	-0.02243582491617619	0.0018788084147732364	1.7657572604937561	2015-02-01	lbi	south	2015
2014-09-01	B/TOCHIGI/14215/2014_EPI_ISL_163840	0.00059	2.2937129999999986	3.289655999999999	0.14951511690503233	0.0006267530669525338	2.2927377581556168	2015-02-01	lbi	south	2015
2014-09-01	B/TOYAMA/6/2014_EPI_ISL_159387	0.000157	3.287395	4.289651999999999	-0.0046047544376748165	0.00015640664052943705	3.286473078551511	2015-02-01	lbi	south	2015
2014-09-01	B/Taiwan/113/2014_EPI_ISL_163842	0.005242	4.835787999999999	5.457015999999999	-0.024720013867678203	0.005178602474457496	4.837116991949377	2015-02-01	lbi	south	2015
2014-09-01	B/Taiwan/126/2014_EPI_ISL_163843	0.004657	3.284391	4.289651999999999	-0.0186370958433949	0.004612352984459945	3.2835130521866978	2015-02-01	lbi	south	2015
2014-09-01	B/Taiwan/132/2014_EPI_ISL_163844	0.0036490000000000003	5.159379999999997	6.228768999999997	-0.021798381344920594	0.003609259500297844	5.159562891721939	2015-02-01	lbi	south	2015
2014-09-01	B/Taiwan/190/2014_EPI_ISL_163845	0.017946	6.1756030000000015	7.462907999999997	-0.01812277236454202	0.017777759715536377	6.167460302409182	2015-02-01	lbi	south	2015
2014-09-01	B/Taiwan/63/2014_EPI_ISL_163841	0.002177	3.256249	4.289631999999999	-0.021483031087646775	0.002153573698250255	3.2554814408734467	2015-02-01	lbi	south	2015
2014-09-01	B/Texas/01/2014_EPI_ISL_157854	0.000198	1.76427	2.081336999999999	-0.0037104077562141267	0.00019732520522606925	1.7657572604937561	2015-02-01	lbi	south	2015
2014-09-01	B/Texas/03/2014_EPI_ISL_158960	0.000328	2.763606000000001	3.0813329999999985	-0.024719798094111473	0.00032403314848038044	2.765109194196794	2015-02-01	lbi	south	2015
2014-09-01	B/Texas/04/2014_EPI_ISL_159504	0.002712	2.7588380000000012	3.0813329999999985	-0.024719966311823462	0.0026792007228189758	2.760398859048117	2015-02-01	lbi	south	2015
2014-09-01	B/Texas/07/2014_EPI_ISL_161027	0.003963	1.76427	2.081336999999999	-0.024452498837653835	0.003915507306287241	1.7657572604937561	2015-02-01	lbi	south	2015
2014-09-01	B/Texas/08/2014_EPI_ISL_163156	0.003803	1.76427	2.081336999999999	-0.024537787772438	0.003757291224951928	1.7657572604937561	2015-02-01	lbi	south	2015
2014-09-01	B/Texas/09/2013_EPI_ISL_155571	1.4999999999999999e-05	1.76427	2.081336999999999	-23.46212417410659	8.50485884248034e-10	1.7657572604937561	2015-02-01	lbi	south	2015
2014-09-01	B/Texas/19/2014_EPI_ISL_163530	0.019572	2.703492000000001	2.024814999999999	-0.023677099879546363	0.01934369725800092	2.7057101123333362	2015-02-01	lbi	south	2015
2014-09-01	B/Texas/21/2014_EPI_ISL_164328	0.021294	1.76427	2.081336999999999	-0.02332032893344656	0.021048739294604314	1.7657572604937561	2015-02-01	lbi	south	2015
2014-09-01	B/Texas/22/2014_EPI_ISL_164329	0.028414	1.76427	2.081336999999999	-0.019949847959147886	0.02812620412586703	1.7657572604937561	2015-02-01	lbi	south	2015
2014-09-01	B/Texas/23/2014_EPI_ISL_164897	0.029120999999999998	1.76427	2.081336999999999	-0.024493864491425262	0.028771517287392485	1.7657572604937561	2015-02-01	lbi	south	2015
2014-09-01	B/Tokat/143/2014_EPI_ISL_155955	4.6e-05	4.287097999999998	5.28262	0.14043302147387118	4.868092568281802e-05	4.286183746388865	2015-02-01	lbi	south	2015
2014-09-01	B/Tomsk/1/2014_EPI_ISL_165495	0.009458	2.2937129999999986	3.289655999999999	0.07490795532839231	0.009739645497653127	2.2927377581556168	2015-02-01	lbi	south	2015
2014-09-01	B/Ulaanbaatar/402/2014_EPI_ISL_155816	9.7e-05	6.115474999999999	7.284157999999999	-0.022408843724924344	9.59191921399777e-05	6.112332697578616	2015-02-01	lbi	south	2015
2014-09-01	B/Utah/04/2014_EPI_ISL_161026	0.00545	2.2937129999999986	3.289655999999999	0.09873517690834506	0.005668289483850401	2.2927377581556168	2015-02-01	lbi	south	2015
2014-09-01	B/Vietnam/11702/2014_EPI_ISL_159390	7.6e-05	3.7510870000000005	4.067272999999999	-0.0020428636203539048	7.579363175125066e-05	3.7527223624719874	2015-02-01	lbi	south	2015
2014-09-01	B/WAKAYAMA-C/1/2014_EPI_ISL_159383	9.7e-05	3.2916729999999994	4.289622	0.1988349793018925	0.0001051818771175815	3.2906040245711403	2015-02-01	lbi	south	2015
2014-09-01	B/WAKAYAMA/14/2014_EPI_ISL_159374	0.00011	3.2934849999999996	4.289651999999999	-0.024708803949487435	0.0001086701512590456	3.2925204178530993	2015-02-01	lbi	south	2015
2014-09-01	B/Washington/02/2014_EPI_ISL_159511	0.002379	2.2937129999999986	3.289655999999999	-0.019372272879914616	0.002355470697687521	2.2927377581556168	2015-02-01	lbi	south	2015
2014-09-01	B/Washington/03/2014_EPI_ISL_163155	0.0010789999999999999	1.76427	2.081336999999999	0.16728889408079145	0.0011547345841747604	1.7657572604937561	2015-02-01	lbi	south	2015
2014-09-01	B/Washington/03/2014_EPI_ISL_163155__dup2	0.0010789999999999999	2.7133340000000006	2.9548289999999984	-0.024545321675267663	0.0010660280056159794	2.715217290027401	2015-02-01	lbi	south	2015
2014-09-01	B/Washington/04/2014_EPI_ISL_159607	0.002832	1.76427	2.081336999999999	-0.02439207673287336	0.002798131683847354	1.7657572604937561	2015-02-01	lbi	south	2015
2014-09-01	B/Washington/07/2014_EPI_ISL_163152	0.006845	3.232935	3.2331339999999997	-0.024719960185543795	0.006762215705939769	3.2326906099952004	2015-02-01	lbi	south	2015
2014-09-01	B/Wisconsin/01/2014_EPI_ISL_157852	0.000103	2.2937129999999986	3.289655999999999	0.20823917959778668	0.00011212647118553256	2.2927377581556168	2015-02-01	lbi	south	2015
2014-09-01	B/YAMAGATA/23/2014_EPI_ISL_159372	0.000124	2.2937129999999986	3.289655999999999	0.22579303364119838	0.0001359781382238911	2.2927377581556168	2015-02-01	lbi	south	2015
2014-09-01	B/YAMAGUCHI/12/2014_EPI_ISL_159380	0.000407	2.2937129999999986	3.289655999999999	0.14592880702947159	0.0004317078054866576	2.2927377581556168	2015-02-01	lbi	south	2015
2015-09-01	B/AICHI/5/2015_EPI_ISL_187487	0.00023500000000000002	8.338036999999993	8.242104	0.3411038881131335	0.0002691347568407229	8.325175023407867	2016-02-01	lbi	south	2016
2015-09-01	B/Alabama/02/2015_EPI_ISL_177162	0.00037	2.005724999999998	1.18188	0.4927302245321185	0.00045137899966746914	2.0327489275039983	2016-02-01	lbi	south	2016
2015-09-01	B/Alaska/19/2015_EPI_ISL_193232	0.004171	6.221598999999999	5.573207	-0.3328205989154186	0.0036073760079317657	6.247208608311782	2016-02-01	lbi	south	2016
2015-09-01	B/Alaska/40/2015_EPI_ISL_193616	0.015276	2.005724999999998	1.18188	-0.11408021990286263	0.014472490190622767	2.0327489275039983	2016-02-01	lbi	south	2016
2015-09-01	B/Arizona/06/2015_EPI_ISL_193229	0.005906000000000001	4.851816999999997	4.397022999999998	-0.35999955539489664	0.005050408056785213	4.861708108999949	2016-02-01	lbi	south	2016
2015-09-01	B/Arkansas/02/2015_EPI_ISL_173757	4e-05	4.263582999999999	3.5901229999999993	0.303754023075337	4.510277187072016e-05	4.287329647383785	2016-02-01	lbi	south	2016
2015-09-01	B/Arkansas/03/2015_EPI_ISL_173758	3.7e-05	4.263582999999999	3.5901229999999993	0.30446416263929865	4.173241041861383e-05	4.287329647383785	2016-02-01	lbi	south	2016
2015-09-01	B/Arkansas/07/2015_EPI_ISL_177179	0.00042800000000000005	3.866016999999998	3.397028	0.2750261551369766	0.0004768574034573566	3.8738242441580293	2016-02-01	lbi	south	2016
2015-09-01	B/Arkansas/08/2015_EPI_ISL_177186	0.000181	2.878367999999999	2.12221	0.5140764919847	0.00022278242986324763	2.9083236651975826	2016-02-01	lbi	south	2016
2015-09-01	B/Arkansas/12/2015_EPI_ISL_178120	0.0004940000000000001	4.263582999999999	3.5901229999999993	0.0791389174459986	0.00050725312578083	4.287329647383785	2016-02-01	lbi	south	2016
2015-09-01	B/Arkansas/13/2015_EPI_ISL_178148	0.00037	5.262826999999997	4.567450999999998	-0.32478033452845645	0.00032107602754602465	5.286687495328695	2016-02-01	lbi	south	2016
2015-09-01	B/Arkansas/14/2015_EPI_ISL_178149	0.0004940000000000001	4.263582999999999	3.5901229999999993	0.3026596704816105	0.0005567653007342709	4.287329647383785	2016-02-01	lbi	south	2016
2015-09-01	B/Arkansas/16/2015_EPI_ISL_182681	0.000303	4.263582999999999	3.5901229999999993	0.27649318902425873	0.00033779472067830077	4.287329647383785	2016-02-01	lbi	south	2016
2015-09-01	B/Bankgok/22/2015_EPI_ISL_194554	0.0035229999999999997	9.210679999999996	9.182434000000004	0.14651848531101708	0.003720515905753069	9.200749761101461	2016-02-01	lbi	south	2016
2015-09-01	B/Brazil/2786/2015_EPI_ISL_193622	0.001019	7.320375999999994	7.217622999999998	1.0122728845063726	0.0015435766098156067	7.300922960052294	2016-02-01	lbi	south	2016
2015-09-01	B/Brisbane/136/2015_EPI_ISL_194558	0.017443	2.005724999999998	1.18188	-0.10515578586909462	0.016587071821966764	2.0327489275039983	2016-02-01	lbi	south	2016
2015-09-01	B/Brisbane/15/2015_EPI_ISL_194559	0.000653	5.634876999999994	6.207890000000002	0.5087533326628724	0.0008019592205068484	5.597912184109138	2016-02-01	lbi	south	2016
2015-09-01	B/Brisbane/4/2015_EPI_ISL_192839	8.9e-05	2.878367999999999	2.12221	0.5312816137395786	0.00011033307921986686	2.9083236651975826	2016-02-01	lbi	south	2016
2015-09-01	B/Brisbane/55/2015_EPI_ISL_194564	0.005063000000000001	2.005724999999998	1.18188	0.3065267013695793	0.005715482534492451	2.0327489275039983	2016-02-01	lbi	south	2016
2015-09-01	B/Brisbane/69/2015_EPI_ISL_194565	0.007451	2.005724999999998	1.18188	0.1941976656680226	0.008026624033944363	2.0327489275039983	2016-02-01	lbi	south	2016
2015-09-01	B/Brisbane/73/2015_EPI_ISL_194567	0.008315000000000001	3.758893	3.058016	0.4160462642170636	0.00982483926188624	3.756453632675864	2016-02-01	lbi	south	2016
2015-09-01	B/California/02/2015_EPI_ISL_178178	0.00011200000000000001	2.3624070000000006	1.6212409999999988	0.1651495273352602	0.00011920101254786689	2.3809019659662036	2016-02-01	lbi	south	2016
2015-09-01	B/California/04/2015_EPI_ISL_177165	0.000172	2.3624070000000006	1.6212409999999988	0.11656529837629045	0.00017939021871219007	2.3809019659662036	2016-02-01	lbi	south	2016
2015-09-01	B/California/05/2015_EPI_ISL_177187	8.4e-05	2.8854709999999986	2.3977279999999994	-0.0011599305912250793	8.341545210180571e-05	2.8909744366710446	2016-02-01	lbi	south	2016
2015-09-01	B/California/21/2015_EPI_ISL_182666	0.000118	2.005724999999998	1.18188	0.5076791777118194	0.000144852747212964	2.0327489275039983	2016-02-01	lbi	south	2016
2015-09-01	B/California/27/2015_EPI_ISL_182667	0.00023500000000000002	2.005724999999998	1.18188	-0.36038917499214096	0.00020092333807009274	2.0327489275039983	2016-02-01	lbi	south	2016
2015-09-01	B/California/42/2015_EPI_ISL_182668	0.00022400000000000002	2.005724999999998	1.18188	0.5555953385453504	0.0002805197645558372	2.0327489275039983	2016-02-01	lbi	south	2016
2015-09-01	B/California/81/2015_EPI_ISL_193625	0.003286	2.005724999999998	1.18188	0.3609221814567267	0.0037945101950750994	2.0327489275039983	2016-02-01	lbi	south	2016
2015-09-01	B/California/87/2015_EPI_ISL_193228	0.004454	2.005724999999998	1.18188	0.3101496630222528	0.00503559488865349	2.0327489275039983	2016-02-01	lbi	south	2016
2015-09-01	B/Canberra/30/2015_EPI_ISL_194571	0.024278	5.634876999999994	6.207890000000002	-0.07722521672641214	0.023356924476595584	5.597912184109138	2016-02-01	lbi	south	2016
2015-09-01	B/Christchurch/503/2015_EPI_ISL_194576	0.017757	2.005724999999998	1.18188	-0.07193738126205637	0.01712100325414819	2.0327489275039983	2016-02-01	lbi	south	2016
2015-09-01	B/Colorado/02/2015_EPI_ISL_177233	0.000125	2.005724999999998	1.18188	0.4957737869185575	0.00015268641199446724	2.0327489275039983	2016-02-01	lbi	south	2016
2015-09-01	B/Colorado/04/2015_EPI_ISL_177232	0.0004940000000000001	2.005724999999998	1.18188	0.4388763088139205	0.0005892795686097415	2.0327489275039983	2016-02-01	lbi	south	2016
2015-09-01	B/Colorado/05/2015_EPI_ISL_182683	0.000303	4.263582999999999	3.5901229999999993	0.2759175604720406	0.0003377137119409642	4.287329647383785	2016-02-01	lbi	south	2016
2015-09-01	B/Connecticut/50/2015_EPI_ISL_193273	0.0013130000000000001	3.359764999999999	2.6212359999999992	-0.37533486365141555	0.0011156365552419153	3.3786706928557253	2016-02-01	lbi	south	2016
2015-09-01	B/Darwin/14/2015_EPI_ISL_194578	0.017757	5.634876999999994	6.207890000000002	0.43443684561597534	0.021142711401008298	5.597912184109138	2016-02-01	lbi	south	2016
2015-09-01	B/Darwin/17/2015_EPI_ISL_194579	0.020602000000000002	6.507519999999999	7.148219999999997	-0.03979747675242931	0.020131906634845622	6.473486921802723	2016-02-01	lbi	south	2016
2015-09-01	B/Darwin/9/2015_EPI_ISL_194580	0.003062	6.628265999999997	7.207884999999999	-0.3703259979932568	0.0026071713843204016	6.5922906174232905	2016-02-01	lbi	south	2016
2015-09-01	B/Delaware/02/2015_EPI_ISL_182724	0.002038	2.005724999999998	1.18188	0.4067109737926769	0.0023987119728709266	2.0327489275039983	2016-02-01	lbi	south	2016
2015-09-01	B/Denmark/01/2015_EPI_ISL_191543	0.000543	2.005724999999998	1.18188	0.4210040704572656	0.0006429247947200002	2.0327489275039983	2016-02-01	lbi	south	2016
2015-09-01	B/Denmark/02/2015_EPI_ISL_191546	0.001019	2.9966549999999987	2.167255000000001	0.3193788865918659	0.001156497874822153	3.0240577651985383	2016-02-01	lbi	south	2016
2015-09-01	B/Denmark/03/2015_EPI_ISL_191547	0.003173	3.8496289999999997	3.043656	-0.20406377501097955	0.002895480330266196	3.863388497322471	2016-02-01	lbi	south	2016
2015-09-01	B/FUKUI/7/2015_EPI_ISL_194907	0.001019	2.005724999999998	1.18188	0.39654761256176846	0.0011942877718898956	2.0327489275039983	2016-02-01	lbi	south	2016
2015-09-01	B/FUKUSHIMA/30/2015_EPI_ISL_192533	0.0035229999999999997	4.263582999999999	3.5901229999999993	0.044092262608065154	0.0035650737832596036	4.287329647383785	2016-02-01	lbi	south	2016
2015-09-01	B/FUKUSHIMA/34/2015_EPI_ISL_194925	0.018072	2.788150999999999	2.1681910000000006	-0.0777238555256247	0.01738276006405057	2.817940158625932	2016-02-01	lbi	south	2016
2015-09-01	B/Finland/507/2015_EPI_ISL_190980	0.001259	5.634876999999994	6.207890000000002	0.4903215198096646	0.0015343678361553208	5.597912184109138	2016-02-01	lbi	south	2016
2015-09-01	B/Finland/507/2015_EPI_ISL_190980__dup2	0.001259	5.634876999999994	6.207890000000002	0.4903215198096646	0.0015343678361553208	5.597912184109138	2016-02-01	lbi	south	2016
2015-09-01	B/Finland/530/2015_EPI_ISL_190982	0.0027489999999999997	5.634876999999994	6.207890000000002	0.3456725082377152	0.0031543028211844498	5.597912184109138	2016-02-01	lbi	south	2016
2015-09-01	B/Finland/530/2015_EPI_ISL_190982__dup2	0.0027489999999999997	5.634876999999994	6.207890000000002	0.2038732158170222	0.002973335709887492	5.597912184109138	2016-02-01	lbi	south	2016
2015-09-01	B/Florida/01/2015_EPI_ISL_172210	1.2e-05	2.3624070000000006	1.6212409999999988	-3.68414542935789	2.568561793895676e-06	2.3809019659662036	2016-02-01	lbi	south	2016
2015-09-01	B/Florida/05/2015_EPI_ISL_178212	0.000131	3.831053999999998	3.397693	0.46804130741502437	0.00015817699212605988	3.8352970015782537	2016-02-01	lbi	south	2016
2015-09-01	B/Florida/07/2015_EPI_ISL_177195	0.0001629999999999	2.8854709999999986	2.3977279999999994	-0.37498051659733395	0.0001385191237431448	2.8909744366710446	2016-02-01	lbi	south	2016
2015-09-01	B/Florida/10/2015_EPI_ISL_177168	0.000408	2.8854709999999986	2.3977279999999994	-0.2856878176708903	0.0003598656108212222	2.8909744366710446	2016-02-01	lbi	south	2016
2015-09-01	B/Florida/11/2015_EPI_ISL_177166	0.000388	4.263582999999999	3.5901229999999993	0.32771960807269546	0.00044188746743252516	4.287329647383785	2016-02-01	lbi	south	2016
2015-09-01	B/Florida/12/2015_EPI_ISL_179674	0.000335	3.831053999999998	3.397693	-0.0019878102418737823	0.0003325540330578328	3.8352970015782537	2016-02-01	lbi	south	2016
2015-09-01	B/Florida/13/2015_EPI_ISL_182742	0.001546	2.8854709999999986	2.3977279999999994	-0.36065559027842664	0.0013216723444310838	2.8909744366710446	2016-02-01	lbi	south	2016
2015-09-01	B/Florida/25/2015_EPI_ISL_188737	0.0009339999999999999	2.3624070000000006	1.6212409999999988	-0.013897374314662357	0.0009225909301916939	2.3809019659662036	2016-02-01	lbi	south	2016
2015-09-01	B/Florida/28/2015_EPI_ISL_188742	0.000749	2.005724999999998	1.18188	0.6325657712932481	0.000968557769663352	2.0327489275039983	2016-02-01	lbi	south	2016
2015-09-01	B/Florida/39/2015_EPI_ISL_193632	0.0028510000000000002	5.257198999999997	4.5901179999999995	-0.2589043440067772	0.0025428692633072607	5.281666436521765	2016-02-01	lbi	south	2016
2015-09-01	B/Florida/50/2015_EPI_ISL_193221	0.007245000000000001	3.831053999999998	3.397693	-0.20438430663158882	0.0066104486287763544	3.8352970015782537	2016-02-01	lbi	south	2016
2015-09-01	B/Florida/52/2015_EPI_ISL_193225	0.007451	3.831053999999998	3.397693	0.2555915198191418	0.00823460003004921	3.8352970015782537	2016-02-01	lbi	south	2016
2015-09-01	B/Florida/55/2015_EPI_ISL_193634	0.010223999999999999	3.831053999999998	3.397693	0.17660507353715535	0.010933411977007855	3.8352970015782537	2016-02-01	lbi	south	2016
2015-09-01	B/Florida/58/2015_EPI_ISL_193268	0.0161949999999999	2.005724999999998	1.18188	-0.09427118010767488	0.01547031411276615	2.0327489275039983	2016-02-01	lbi	south	2016
2015-09-01	B/Fujian-Hanjiang/31/2015_EPI_ISL_178046	1.7e-05	4.413338999999999	4.246700999999999	-3.978689708811915	3.21853420526316e-06	4.400138884398532	2016-02-01	lbi	south	2016
2015-09-01	B/Ghana/DILI-15-093/2015_EPI_ISL_191885	5.9999999999999995e-05	7.3700799999999935	7.195999999999998	-0.37549433151005046	5.09777195414801e-05	7.360070766038111	2016-02-01	lbi	south	2016
2015-09-01	B/Ghana/DILI-15-174/2015_EPI_ISL_191886	0.00027400000000000005	5.412763999999993	5.246696	-0.3754940971513589	0.00023279827530538276	5.399671204569201	2016-02-01	lbi	south	2016
2015-09-01	B/Guangxi-Changzhou/31/2015_EPI_ISL_178048	1.8e-05	4.479902999999998	4.261137999999999	-3.9786913376088573	3.4078574339535406e-06	4.471984869306319	2016-02-01	lbi	south	2016
2015-09-01	B/HAMAMATU-C/15083/2015_EPI_ISL_177030	0.0001	2.005724999999998	1.18188	0.4536058576580246	0.00012002171700524395	2.0327489275039983	2016-02-01	lbi	south	2016
2015-09-01	B/HAMAMATU-C/15102/2015_EPI_ISL_194903	0.00023500000000000002	2.005724999999998	1.18188	0.6106754661668655	0.0003011274809444016	2.0327489275039983	2016-02-01	lbi	south	2016
2015-09-01	B/HYOGO/3223/2015_EPI_ISL_187492	0.000471	2.005724999999998	1.18188	0.3718233979992626	0.0005463635434224713	2.0327489275039983	2016-02-01	lbi	south	2016
2015-09-01	B/Hawaii/04/2015_EPI_ISL_182665	6.3e-05	2.005724999999998	1.18188	-0.2877348634153671	5.5520108738398125e-05	2.0327489275039983	2016-02-01	lbi	south	2016
2015-09-01	B/Hawaii/09/2015_EPI_ISL_194868	0.0039020000000000005	2.967467999999999	2.1817090000000006	-0.3473868009890906	0.0033543057416350456	3.0000058905712064	2016-02-01	lbi	south	2016
2015-09-01	B/Hawaii/11/2015_EPI_ISL_193223	0.007245000000000001	2.788150999999999	2.1681910000000006	0.11863558004295395	0.007562812480433088	2.817940158625932	2016-02-01	lbi	south	2016
2015-09-01	B/Hawaii/12/2015_EPI_ISL_193224	0.009003	2.788150999999999	2.1681910000000006	0.07787103141842468	0.009239651726353536	2.817940158625932	2016-02-01	lbi	south	2016
2015-09-01	B/Hawaii/13/2015_EPI_ISL_192671	0.012354	2.788150999999999	2.1681910000000006	-0.014512919576562472	0.012199963039957512	2.817940158625932	2016-02-01	lbi	south	2016
2015-09-01	B/Hawaii/15/2015_EPI_ISL_192673	0.012918	2.967467999999999	2.1817090000000006	-0.356557796942424	0.011062444724399071	3.0000058905712064	2016-02-01	lbi	south	2016
2015-09-01	B/Hawaii/16/2015_EPI_ISL_192674	0.011802	3.660793999999998	3.108521	-0.012876339534839975	0.01166279594857306	3.6935148963195243	2016-02-01	lbi	south	2016
2015-09-01	B/Hawaii/17/2015_EPI_ISL_192675	0.010998	2.788150999999999	2.1681910000000006	-0.001508539839294942	0.010919879708948758	2.817940158625932	2016-02-01	lbi	south	2016
2015-09-01	B/Hawaii/20/2015_EPI_ISL_194869	0.018387999999999998	2.788150999999999	2.1681910000000006	-0.02342539316395238	0.018091419629097445	2.817940158625932	2016-02-01	lbi	south	2016
2015-09-01	B/Hawaii/22/2015_EPI_ISL_194871	0.020916999999999998	2.788150999999999	2.1681910000000006	-0.05093307137155736	0.020345101841617107	2.817940158625932	2016-02-01	lbi	south	2016
2015-09-01	B/Hong_Kong/1183/2015_EPI_ISL_193079	0.009003	2.858698999999999	2.0582810000000005	-0.251435408236975	0.008055001287496257	2.872079659627925	2016-02-01	lbi	south	2016
2015-09-01	B/Hong_Kong/1198/2015_EPI_ISL_193645	0.00924	7.320375999999994	7.217622999999998	0.1463634444330194	0.009757407390714318	7.300922960052294	2016-02-01	lbi	south	2016
2015-09-01	B/Hong_Kong/1337/2015_EPI_ISL_193083	0.012634999999999999	8.523892999999992	9.207651000000006	-0.3608759130161712	0.01080064497069922	8.493124541059723	2016-02-01	lbi	south	2016
2015-09-01	B/Hong_Kong/1372/2015_EPI_ISL_193649	0.013203999999999999	6.574464999999998	7.207769	0.2372307023882403	0.014481413719570565	6.536327120942519	2016-02-01	lbi	south	2016
2015-09-01	B/Idaho/02/2015_EPI_ISL_173773	1.4000000000000001e-05	4.263582999999999	3.5901229999999993	-3.189678678690531	3.6822523684711857e-06	4.287329647383785	2016-02-01	lbi	south	2016
2015-09-01	B/Idaho/07/2015_EPI_ISL_178129	0.000449	2.005724999999998	1.18188	0.4677472822457142	0.000542082207043715	2.0327489275039983	2016-02-01	lbi	south	2016
2015-09-01	B/Idaho/08/2015_EPI_ISL_182677	0.0011099999999999999	2.005724999999998	1.18188	0.5316119441423638	0.001376253657758453	2.0327489275039983	2016-02-01	lbi	south	2016
2015-09-01	B/Idaho/17/2015_EPI_ISL_193231	0.00573	2.005724999999998	1.18188	0.2032921280146841	0.006196103698885167	2.0327489275039983	2016-02-01	lbi	south	2016
2015-09-01	B/Idaho/18/2015_EPI_ISL_193233	0.005906000000000001	2.005724999999998	1.18188	0.16936730035684855	0.006296781101634262	2.0327489275039983	2016-02-01	lbi	south	2016
2015-09-01	B/Idaho/19/2015_EPI_ISL_193650	0.010998	2.005724999999998	1.18188	-0.2825333443398035	0.009713253431308208	2.0327489275039983	2016-02-01	lbi	south	2016
2015-09-01	B/Idaho/21/2015_EPI_ISL_193651	0.00877	2.005724999999998	1.18188	0.45982438606684206	0.010553213126978041	2.0327489275039983	2016-02-01	lbi	south	2016
2015-09-01	B/Idaho/21/2015_EPI_ISL_193651__dup2	0.00877	2.917157999999998	2.1434399999999996	-0.3503000676962636	0.007529875588899293	2.9491634134061133	2016-02-01	lbi	south	2016
2015-09-01	B/Idaho/22/2015_EPI_ISL_193653	0.010998	2.005724999999998	1.18188	0.366766456046909	0.012730909679796955	2.0327489275039983	2016-02-01	lbi	south	2016
2015-09-01	B/Idaho/24/2015_EPI_ISL_194872	1.1e-05	4.005233	3.1818699999999986	-3.9778857359965007	2.083278714241889e-06	4.03238371784624	2016-02-01	lbi	south	2016
2015-09-01	B/Idaho/25/2015_EPI_ISL_193654	0.014078	2.9613449999999983	2.1311519999999997	-0.37532929494272815	0.011961894795991327	2.993377198185549	2016-02-01	lbi	south	2016
2015-09-01	B/Idaho/25/2015_EPI_ISL_193654__dup2	0.014078	2.005724999999998	1.18188	0.03965315895112155	0.014219802274359542	2.0327489275039983	2016-02-01	lbi	south	2016
2015-09-01	B/Illinois/03/2015_EPI_ISL_177201	0.00020099999999999998	4.351148999999998	3.614890999999999	-0.3752645237087237	0.00017079171354275483	4.3687760544922725	2016-02-01	lbi	south	2016
2015-09-01	B/Illinois/07/2015_EPI_ISL_188739	0.001158	2.005724999999998	1.18188	0.4159679976661923	0.001368225237511472	2.0327489275039983	2016-02-01	lbi	south	2016
2015-09-01	B/Illinois/13/2015_EPI_ISL_188740	0.000471	3.866016999999998	3.397028	-0.09657683589570616	0.0004494918940542459	3.8738242441580293	2016-02-01	lbi	south	2016
2015-09-01	B/Indiana/01/2015_EPI_ISL_178204	7.099999999999999e-05	6.136045999999999	5.530448	-0.3081949813605327	6.20391337997758e-05	6.162776140252342	2016-02-01	lbi	south	2016
2015-09-01	B/Indiana/06/2015_EPI_ISL_182738	0.00161	6.574464999999998	7.207769	-0.25502433100385447	0.0014383176267955316	6.536327120942519	2016-02-01	lbi	south	2016
2015-09-01	B/Indiana/22/2015_EPI_ISL_180330	0.0027489999999999997	6.574464999999998	7.207769	0.9586442994778855	0.0040721552662439505	6.536327120942519	2016-02-01	lbi	south	2016
2015-09-01	B/Indiana/27/2015_EPI_ISL_193246	0.004454	2.3624070000000006	1.6212409999999988	-0.1235791076293542	0.004203053768227765	2.3809019659662036	2016-02-01	lbi	south	2016
2015-09-01	B/Iowa/03/2015_EPI_ISL_177211	0.000248	2.005724999999998	1.18188	0.4006416469034888	0.0002911570582014354	2.0327489275039983	2016-02-01	lbi	south	2016
2015-09-01	B/Jiangxi-Yushui/133/2015_EPI_ISL_178056	2.4e-05	4.413338999999999	4.246700999999999	-3.978689799760594	4.543812823476562e-06	4.400138884398532	2016-02-01	lbi	south	2016
2015-09-01	B/KANAGAWA/10/2015_EPI_ISL_190389	0.001961	5.660565999999995	4.947915000000001	0.1868484326451902	0.0021060373226044976	5.680480070583031	2016-02-01	lbi	south	2016
2015-09-01	B/KANAGAWA/12/2015_EPI_ISL_190390	0.002118	4.703552999999999	3.998605999999999	0.12744599609720833	0.0022190403337435665	4.72034427806528	2016-02-01	lbi	south	2016
2015-09-01	B/KANAGAWA/14/2015_EPI_ISL_190883	0.0022	3.83091	3.0582759999999998	0.1302021316569038	0.002307600692111308	3.8447695403717006	2016-02-01	lbi	south	2016
2015-09-01	B/KANAGAWA/14/2015_EPI_ISL_190883__dup2	0.0022	4.703552999999999	3.998605999999999	0.1302021316569038	0.002307600692111308	4.72034427806528	2016-02-01	lbi	south	2016
2015-09-01	B/KANAGAWA/18/2015_EPI_ISL_194909	0.002955	3.83091	3.0582759999999998	-0.2632512271700299	0.0026308598036700577	3.8447695403717006	2016-02-01	lbi	south	2016
2015-09-01	B/KANAGAWA/7/2015_EPI_ISL_190388	0.001208	2.9627379999999994	2.131189	0.4060811464618071	0.001421434612317614	2.992884720021741	2016-02-01	lbi	south	2016
2015-09-01	B/KAWASAKI/18/2015_EPI_ISL_194911	0.0035229999999999997	3.9393989999999994	3.0905589999999994	-0.3752337578815502	0.002993566766664926	3.970016458518488	2016-02-01	lbi	south	2016
2015-09-01	B/Kansas/03/2015_EPI_ISL_177190	0.000335	2.005724999999998	1.18188	0.5381140474947096	0.0004164826454092904	2.0327489275039983	2016-02-01	lbi	south	2016
2015-09-01	B/Kansas/04/2015_EPI_ISL_177182	0.000335	4.263582999999999	3.5901229999999993	0.2629303314254204	0.0003713648161368054	4.287329647383785	2016-02-01	lbi	south	2016
2015-09-01	B/Krasnoyarsk/1/2015_EPI_ISL_191890	0.0001629999999999	6.365507999999994	6.221450000000004	-0.3194650093402964	0.00014176061923224195	6.348629257198339	2016-02-01	lbi	south	2016
2015-09-01	B/Louisiana/01/2015_EPI_ISL_177215	0.000131	3.866016999999998	3.397028	0.4757087826750476	0.00015868314111900048	3.8738242441580293	2016-02-01	lbi	south	2016
2015-09-01	B/Louisiana/03/2015_EPI_ISL_178203	0.000248	4.263582999999999	3.5901229999999993	0.08789175646992678	0.0002555838117365395	4.287329647383785	2016-02-01	lbi	south	2016
2015-09-01	B/Louisiana/12/2015_EPI_ISL_182669	0.0004940000000000001	3.0047209999999986	2.1818750000000002	0.36277085833358613	0.0005708863289904735	3.0316071548460157	2016-02-01	lbi	south	2016
2015-09-01	B/Louisiana/13/2015_EPI_ISL_182670	0.000471	4.580358999999998	4.379276999999998	-0.34744283639690976	0.00040487983536962495	4.579084002697331	2016-02-01	lbi	south	2016
2015-09-01	B/Louisiana/16/2015_EPI_ISL_180333	0.001743	5.859013	5.366934999999998	-0.3541651377454569	0.0014941224341424439	5.867847754421457	2016-02-01	lbi	south	2016
2015-09-01	B/MIE/3/2015_EPI_ISL_190375	0.0001629999999999	2.005724999999998	1.18188	-0.03727183385555	0.0001594483977507661	2.0327489275039983	2016-02-01	lbi	south	2016
2015-09-01	B/MIE/3/2015_EPI_ISL_190375__dup2	0.0001629999999999	2.005724999999998	1.18188	0.3991986338158704	0.00019125029968176556	2.0327489275039983	2016-02-01	lbi	south	2016
2015-09-01	B/Maryland/04/2015_EPI_ISL_182684	6.3e-05	4.263582999999999	3.5901229999999993	-0.10111194704368492	6.0009616430990834e-05	4.287329647383785	2016-02-01	lbi	south	2016
2015-09-01	B/Massachusetts/01/2015_EPI_ISL_177227	0.00037	4.263582999999999	3.5901229999999993	-0.10608779628894852	0.00035170748864402985	4.287329647383785	2016-02-01	lbi	south	2016
2015-09-01	B/Massachusetts/02/2015_EPI_ISL_178190	0.000352	4.263582999999999	3.5901229999999993	0.2571015031746178	0.0003892636496718578	4.287329647383785	2016-02-01	lbi	south	2016
2015-09-01	B/Massachusetts/09/2015_EPI_ISL_180336	0.0013130000000000001	2.005724999999998	1.18188	0.25127596464922	0.0014484774766809606	2.0327489275039983	2016-02-01	lbi	south	2016
2015-09-01	B/Minnesota/08/2015_EPI_ISL_182700	0.00022400000000000002	3.0052609999999986	2.1818750000000002	0.5555953385453504	0.0002805197645558372	3.032187887974885	2016-02-01	lbi	south	2016
2015-09-01	B/Minnesota/10/2015_EPI_ISL_180338	0.001368	2.3624070000000006	1.6212409999999988	-0.0741750809974493	0.0013177735529769558	2.3809019659662036	2016-02-01	lbi	south	2016
2015-09-01	B/Minnesota/18/2015_EPI_ISL_193222	0.0070420000000000005	2.3624070000000006	1.6212409999999988	0.3658748634922479	0.00814855128731089	2.3809019659662036	2016-02-01	lbi	south	2016
2015-09-01	B/Minnesota/20/2015_EPI_ISL_193226	0.007451	2.3624070000000006	1.6212409999999988	0.34732294054619695	0.00855543042052965	2.3809019659662036	2016-02-01	lbi	south	2016
2015-09-01	B/Missouri/01/2015_EPI_ISL_192091	0.000155	5.257198999999997	4.5901179999999995	-0.1624347829624413	0.00014391804881524873	5.281666436521765	2016-02-01	lbi	south	2016
2015-09-01	B/Missouri/01/2015_EPI_ISL_192091__dup2	0.000155	6.168631999999997	5.551677999999999	-0.28221245672888035	0.00013691176511114252	6.198080922423879	2016-02-01	lbi	south	2016
2015-09-01	B/Missouri/05/2015_EPI_ISL_182686	0.000408	2.005724999999998	1.18188	0.49073593745422295	0.0004973234187708635	2.0327489275039983	2016-02-01	lbi	south	2016
2015-09-01	B/Missouri/11/2015_EPI_ISL_193289	0.0039020000000000005	2.005724999999998	1.18188	-0.33472612455356515	0.003372047404820085	2.0327489275039983	2016-02-01	lbi	south	2016
2015-09-01	B/Moldova/049.05/2015_EPI_ISL_191896	5.600000000000001e-05	2.8854709999999986	2.3977279999999994	-0.37513563625680896	4.7586316451364646e-05	2.8909744366710446	2016-02-01	lbi	south	2016
2015-09-01	B/Montana/10/2015_EPI_ISL_182735	0.000543	2.3624070000000006	1.6212409999999988	0.022460740132632603	0.000544554503941018	2.3809019659662036	2016-02-01	lbi	south	2016
2015-09-01	B/Moscow/113/2015_EPI_ISL_191906	0.001743	2.8854709999999986	2.3977279999999994	-0.30948625328781854	0.0015221978368380384	2.8909744366710446	2016-02-01	lbi	south	2016
2015-09-01	B/NAGASAKI/68/2015_EPI_ISL_194924	0.008315000000000001	2.005724999999998	1.18188	0.21846548127066315	0.009048404748410887	2.0327489275039983	2016-02-01	lbi	south	2016
2015-09-01	B/NIIGATA/481/2015_EPI_ISL_187495	0.0008560000000000001	2.005724999999998	1.18188	0.353307815848969	0.0009853353507577407	2.0327489275039983	2016-02-01	lbi	south	2016
2015-09-01	B/NIIGATA/509/2015_EPI_ISL_187496	0.001208	2.005724999999998	1.18188	0.2657462052078492	0.0013407025395071658	2.0327489275039983	2016-02-01	lbi	south	2016
2015-09-01	B/Nebraska/04/2015_EPI_ISL_173800	2.3e-05	5.257198999999997	4.5901179999999995	-2.547186189268111	7.90635377742636e-06	5.281666436521765	2016-02-01	lbi	south	2016
2015-09-01	B/Nebraska/09/2015_EPI_ISL_182697	0.000471	3.8845129999999974	3.397723	-0.37549448185554224	0.00040017507333206883	3.8901740865243783	2016-02-01	lbi	south	2016
2015-09-01	B/Nevada/01/2015_EPI_ISL_178176	0.00020099999999999998	2.005724999999998	1.18188	0.49019518364792164	0.0002449497227005728	2.0327489275039983	2016-02-01	lbi	south	2016
2015-09-01	B/Nevada/13/2015_EPI_ISL_194881	0.003646	2.005724999999998	1.18188	0.012425917961269822	0.003641181499828837	2.0327489275039983	2016-02-01	lbi	south	2016
2015-09-01	B/Nevada/15/2015_EPI_ISL_193236	0.004751	2.005724999999998	1.18188	-0.23200188499194974	0.004285287931026446	2.0327489275039983	2016-02-01	lbi	south	2016
2015-09-01	B/Nevada/16/2015_EPI_ISL_189826	0.004905	2.9844649999999984	2.1818750000000002	-0.3752565015325634	0.004167841567746871	3.0128421055242622	2016-02-01	lbi	south	2016
2015-09-01	B/Nevada/17/2015_EPI_ISL_193237	0.006086	2.005724999999998	1.18188	0.16344525451963968	0.006472699893221349	2.0327489275039983	2016-02-01	lbi	south	2016
2015-09-01	B/Nevada/18/2015_EPI_ISL_193234	0.006648	2.005724999999998	1.18188	0.2505304218906718	0.007331673572961765	2.0327489275039983	2016-02-01	lbi	south	2016
2015-09-01	B/Nevada/19/2015_EPI_ISL_193230	0.0070420000000000005	2.005724999999998	1.18188	0.23635708949408887	0.007720463616066919	2.0327489275039983	2016-02-01	lbi	south	2016
2015-09-01	B/Nevada/22/2015_EPI_ISL_193227	0.00877	2.005724999999998	1.18188	0.10819224724299374	0.009114959675731917	2.0327489275039983	2016-02-01	lbi	south	2016
2015-09-01	B/Nevada/23/2015_EPI_ISL_193659	0.011802	2.005724999999998	1.18188	-0.08094978262011279	0.011336640557957429	2.0327489275039983	2016-02-01	lbi	south	2016
2015-09-01	B/Nevada/27/2015_EPI_ISL_193660	0.015276	2.005724999999998	1.18188	0.03161893900808145	0.015378302725770029	2.0327489275039983	2016-02-01	lbi	south	2016
2015-09-01	B/New_Caledonia/21/2015_EPI_ISL_194583	0.000684	5.361786999999993	5.246644	-0.32559318439973667	0.0005933557682509778	5.343227209592807	2016-02-01	lbi	south	2016
2015-09-01	B/New_Caledonia/27/2015_EPI_ISL_194585	0.003062	7.191442999999996	7.136282999999996	-0.11646199959951882	0.0028980628726278	7.178937739804143	2016-02-01	lbi	south	2016
2015-09-01	B/New_Caledonia/27/2015_EPI_ISL_194585__dup2	0.003062	5.361786999999993	5.246644	-0.11646199959951882	0.0028980628726278	5.343227209592807	2016-02-01	lbi	south	2016
2015-09-01	B/New_Hampshire/01/2015_EPI_ISL_173801	5.3e-05	3.831053999999998	3.397693	0.7755212345600441	7.274250204439933e-05	3.8352970015782537	2016-02-01	lbi	south	2016
2015-09-01	B/New_Jersey/03/2015_EPI_ISL_182731	0.001743	4.263582999999999	3.5901229999999993	-0.034341780310457926	0.0017071046804935219	4.287329647383785	2016-02-01	lbi	south	2016
2015-09-01	B/New_Jersey/07/2015_EPI_ISL_182685	0.000319	2.3624070000000006	1.6212409999999988	0.06832090422404823	0.00032608504480639145	2.3809019659662036	2016-02-01	lbi	south	2016
2015-09-01	B/New_Mexico/01/2015_EPI_ISL_173804	1.6e-05	2.8854709999999986	2.3977279999999994	-2.7301286216069696	5.0964040595454465e-06	2.8909744366710446	2016-02-01	lbi	south	2016
2015-09-01	B/New_Mexico/02/2015_EPI_ISL_178173	7.5e-05	5.263416999999998	4.5901179999999995	0.22765951600726292	8.19284511955885e-05	5.287165790481396	2016-02-01	lbi	south	2016
2015-09-01	B/New_Mexico/03/2015_EPI_ISL_178124	0.000471	2.3624070000000006	1.6212409999999988	0.03433346315450434	0.0004746908634798999	2.3809019659662036	2016-02-01	lbi	south	2016
2015-09-01	B/New_Mexico/04/2015_EPI_ISL_178126	0.000518	2.3624070000000006	1.6212409999999988	0.015151145204535565	0.0005179031699570005	2.3809019659662036	2016-02-01	lbi	south	2016
2015-09-01	B/New_Mexico/14/2015_EPI_ISL_180342	0.00161	2.3624070000000006	1.6212409999999988	-0.124802482162865	0.0015185155100852549	2.3809019659662036	2016-02-01	lbi	south	2016
2015-09-01	B/New_Mexico/19/2015_EPI_ISL_193662	0.002651	2.3624070000000006	1.6212409999999988	-0.09032013706166978	0.0025365467572896192	2.3809019659662036	2016-02-01	lbi	south	2016
2015-09-01	B/New_York/01/2015_EPI_ISL_173805	3.3e-05	4.263582999999999	3.5901229999999993	0.295832702486913	3.708717647448533e-05	4.287329647383785	2016-02-01	lbi	south	2016
2015-09-01	B/Newcastle/1005/2015_EPI_ISL_194588	0.018387999999999998	5.634876999999994	6.207890000000002	0.41414668795769116	0.02170970667402401	5.597912184109138	2016-02-01	lbi	south	2016
2015-09-01	B/Newcastle/7/2015_EPI_ISL_194590	0.009724	3.758893	3.058016	0.3578457783669942	0.011214409780258242	3.756453632675864	2016-02-01	lbi	south	2016
2015-09-01	B/North_Carolina/01/2015_EPI_ISL_173806	7.5e-05	2.3624070000000006	1.6212409999999988	0.022426208920240692	7.521362830723324e-05	2.3809019659662036	2016-02-01	lbi	south	2016
2015-09-01	B/North_Dakota/02/2015_EPI_ISL_173809	2.4e-05	5.136225999999996	4.530452999999998	-2.2000177590023706	9.534147607361296e-06	5.162904385077373	2016-02-01	lbi	south	2016
2015-09-01	B/North_Dakota/05/2015_EPI_ISL_178182	1.3000000000000001e-05	3.3194200000000005	2.5705500000000003	-3.6868212772004583	2.7795079067328613e-06	3.341037758483953	2016-02-01	lbi	south	2016
2015-09-01	B/North_Dakota/06/2015_EPI_ISL_177171	0.00027400000000000005	2.005724999999998	1.18188	0.5948576716421387	0.0003487954141159702	2.0327489275039983	2016-02-01	lbi	south	2016
2015-09-01	B/North_Dakota/07/2015_EPI_ISL_182741	0.00161	2.005724999999998	1.18188	0.15257515109797282	0.0017045603758186277	2.0327489275039983	2016-02-01	lbi	south	2016
2015-09-01	B/North_Dakota/08/2015_EPI_ISL_182740	0.001426	2.005724999999998	1.18188	-0.18447349229819385	0.001311943258694824	2.0327489275039983	2016-02-01	lbi	south	2016
2015-09-01	B/North_Dakota/30/2015_EPI_ISL_193663	0.0028510000000000002	2.005724999999998	1.18188	0.22167327437845563	0.0031066151243823014	2.0327489275039983	2016-02-01	lbi	south	2016
2015-09-01	B/North_Dakota/31/2015_EPI_ISL_194885	0.002955	2.878367999999999	2.12221	0.21484208137208816	0.0032107875814864025	2.9083236651975826	2016-02-01	lbi	south	2016
2015-09-01	B/Norway/1570/2015_EPI_ISL_192948	0.000408	5.4032749999999945	5.246696	-0.36076378581062024	0.00034878266962391855	5.39161036455508	2016-02-01	lbi	south	2016
2015-09-01	B/Norway/1570/2015_EPI_ISL_192948__dup2	0.000408	5.4032749999999945	5.246696	-0.3599197252100935	0.0003489053552420808	5.39161036455508	2016-02-01	lbi	south	2016
2015-09-01	B/Norway/1571/2015_EPI_ISL_192990	0.0004940000000000001	5.4032749999999945	5.246696	-0.36129279298875144	0.00042220751218749453	5.39161036455508	2016-02-01	lbi	south	2016
2015-09-01	B/Norway/2102/2015_EPI_ISL_192962	0.0027489999999999997	4.413338999999999	4.246700999999999	-0.3754942578483633	0.0023356292553448088	4.400138884398532	2016-02-01	lbi	south	2016
2015-09-01	B/Norway/2179/2015_EPI_ISL_190988	0.0039020000000000005	2.005724999999998	1.18188	0.004477802236420404	0.003883959286092063	2.0327489275039983	2016-02-01	lbi	south	2016
2015-09-01	B/Norway/2354/2015_EPI_ISL_192996	0.004601	2.005724999999998	1.18188	0.24269890706837388	0.005057631499229128	2.0327489275039983	2016-02-01	lbi	south	2016
2015-09-01	B/OSAKA/11/2015_EPI_ISL_187491	0.000471	11.163672999999996	11.131737999999997	-0.33358792682040306	0.00040722391720525246	11.15746393440048	2016-02-01	lbi	south	2016
2015-09-01	B/OSAKA/9/2015_EPI_ISL_187490	0.000408	9.210679999999996	9.182434000000004	0.2604389947758222	0.0004518198312774074	9.200749761101461	2016-02-01	lbi	south	2016
2015-09-01	B/Oklahoma/02/2015_EPI_ISL_178167	7.5e-05	2.005724999999998	1.18188	0.5579096665420281	9.401464324767752e-05	2.0327489275039983	2016-02-01	lbi	south	2016
2015-09-01	B/Oklahoma/05/2015_EPI_ISL_182671	0.0008939999999999	6.259974999999999	5.5901130000000006	-0.33285460883297835	0.0007731835173029507	6.284236913314572	2016-02-01	lbi	south	2016
2015-09-01	B/Paris/415/2015_EPI_ISL_175269	5e-05	5.4032749999999945	5.246696	-0.3532418656818447	4.287714654833549e-05	5.39161036455508	2016-02-01	lbi	south	2016
2015-09-01	B/Pennsylvania/02/2015_EPI_ISL_178169	4.7e-05	3.885192999999998	3.397723	-0.262474017351546	4.1858023650555145e-05	3.8907417323483515	2016-02-01	lbi	south	2016
2015-09-01	B/Pennsylvania/03/2015_EPI_ISL_178172	8.4e-05	4.885008999999997	4.3977179999999985	-0.2726314559616036	7.449413769503233e-05	4.890592744072962	2016-02-01	lbi	south	2016
2015-09-01	B/Perth/24/2015_EPI_ISL_194593	0.009003	5.634876999999994	6.207890000000002	-0.30515125447797076	0.007876720002403394	5.597912184109138	2016-02-01	lbi	south	2016
2015-09-01	B/Perth/25/2015_EPI_ISL_194594	0.009003	6.616854999999998	7.207862999999999	-0.37173932151278954	0.0076611840378230074	6.582589816033493	2016-02-01	lbi	south	2016
2015-09-01	B/Rhode_Island/01/2015_EPI_ISL_178139	0.000118	3.362154999999999	2.6212359999999992	-0.3752425466214416	0.00010026670022979844	3.380701432565749	2016-02-01	lbi	south	2016
2015-09-01	B/Rhode_Island/03/2015_EPI_ISL_182699	0.0005690000000000001	3.866016999999998	3.397028	-0.10704463539993808	0.0005406534915781448	3.8738242441580293	2016-02-01	lbi	south	2016
2015-09-01	B/Rhode_Island/07/2015_EPI_ISL_180348	0.002285	3.357820999999999	2.6212359999999992	-0.3753540125432265	0.0019415149956273662	3.377018935974954	2016-02-01	lbi	south	2016
2015-09-01	B/Rhode_Island/08/2015_EPI_ISL_194887	0.002955	2.3624070000000006	1.6212409999999988	-0.09836013206259138	0.0028179659694596857	2.3809019659662036	2016-02-01	lbi	south	2016
2015-09-01	B/Ryazan/01/2015_EPI_ISL_192688	0.00027400000000000005	2.8854709999999986	2.3977279999999994	-0.37413047757016027	0.00023293058300822463	2.8909744366710446	2016-02-01	lbi	south	2016
2015-09-01	B/Ryazan/2/2015_EPI_ISL_191914	0.00027400000000000005	2.8854709999999986	2.3977279999999994	-0.354472668688168	0.000234846294894983	2.8909744366710446	2016-02-01	lbi	south	2016
2015-09-01	B/SAITAMA-C/2/2015_EPI_ISL_187488	8e-05	2.005724999999998	1.18188	0.5022620286990981	9.798383878732753e-05	2.0327489275039983	2016-02-01	lbi	south	2016
2015-09-01	B/SAITAMA/4/2015_EPI_ISL_177027	8.4e-05	2.005724999999998	1.18188	-0.30885399841363315	7.337826008420846e-05	2.0327489275039983	2016-02-01	lbi	south	2016
2015-09-01	B/SAKAI/2/2015_EPI_ISL_187489	0.000543	2.005724999999998	1.18188	0.4210040704572656	0.0006429247947200002	2.0327489275039983	2016-02-01	lbi	south	2016
2015-09-01	B/SAKAI/3/2015_EPI_ISL_190380	0.002955	7.0709809999999935	6.473451000000004	-0.34306778705048563	0.0025448044608017235	7.100461718960158	2016-02-01	lbi	south	2016
2015-09-01	B/SAKAI/3/2015_EPI_ISL_190380__dup2	0.002955	7.0709809999999935	6.473451000000004	0.07024409363780329	0.003023052546794772	7.100461718960158	2016-02-01	lbi	south	2016
2015-09-01	B/Santiago/34852/2015_EPI_ISL_193666	0.007662	2.917157999999998	2.1434399999999996	-0.34911519134204905	0.006581801275773636	2.9491634134061133	2016-02-01	lbi	south	2016
2015-09-01	B/Sao_Paulo/2513/2015_EPI_ISL_172309	3.1e-05	3.9668249999999974	3.484651	-3.978691349685484	5.86908777338716e-06	3.9704291802693783	2016-02-01	lbi	south	2016
2015-09-01	B/South_Africa/R1588/2015_EPI_ISL_193100	0.002555	2.005724999999998	1.18188	0.21536933875942607	0.0027767731688723507	2.0327489275039983	2016-02-01	lbi	south	2016
2015-09-01	B/South_Australia/1015/2015_EPI_ISL_194597	0.019021	2.005724999999998	1.18188	-0.14668525115863143	0.01777734425766757	2.0327489275039983	2016-02-01	lbi	south	2016
2015-09-01	B/South_Australia/3/2015_EPI_ISL_192846	0.000131	5.634876999999994	6.207890000000002	-0.20321377436861623	0.00011958471017369113	5.597912184109138	2016-02-01	lbi	south	2016
2015-09-01	B/South_Australia/48/2015_EPI_ISL_194629	0.00948	6.3235159999999935	6.246587000000003	0.3797340456286271	0.011033177944676406	6.298803680657659	2016-02-01	lbi	south	2016
2015-09-01	B/South_Australia/48/2015_EPI_ISL_194629__dup2	0.00948	6.347601999999994	6.253786000000003	0.3797340456286271	0.011033177944676406	6.322441166116261	2016-02-01	lbi	south	2016
2015-09-01	B/South_Australia/49/2015_EPI_ISL_194602	0.010737	2.005724999999998	1.18188	-0.28165824429607067	0.009486200782605288	2.0327489275039983	2016-02-01	lbi	south	2016
2015-09-01	B/Sydney/11/2015_EPI_ISL_194606	0.009973000000000001	2.9857629999999986	2.1136320000000004	-0.375305056172492	0.00847401489094643	3.015800897722104	2016-02-01	lbi	south	2016
2015-09-01	B/Sydney/503/2015_EPI_ISL_194608	0.000335	9.243426999999988	8.562369999999998	-0.30096544862355085	0.0002936029476406801	9.26907490948134	2016-02-01	lbi	south	2016
2015-09-01	B/TOKYO/50143/2015_EPI_ISL_194915	0.003646	2.995660999999999	2.1818750000000002	-0.3752361267802719	0.0030980793806872904	3.024220407660551	2016-02-01	lbi	south	2016
2015-09-01	B/TOKYO/50175/2015_EPI_ISL_194910	0.005063000000000001	2.005724999999998	1.18188	0.3065267013695793	0.005715482534492451	2.0327489275039983	2016-02-01	lbi	south	2016
2015-09-01	B/TOYAMA/8/2015_EPI_ISL_187497	7.099999999999999e-05	2.005724999999998	1.18188	0.016458787445045767	7.102541565201443e-05	2.0327489275039983	2016-02-01	lbi	south	2016
2015-09-01	B/Taiwan/113/2015_EPI_ISL_194913	0.002372	5.402672999999994	5.246696	-0.3754944919158986	0.002015319044511109	5.39105783825272	2016-02-01	lbi	south	2016
2015-09-01	B/Taiwan/197/2015_EPI_ISL_194914	0.007662	9.322696999999993	9.242099000000003	0.028554663843119096	0.007703470161420009	9.309768083085034	2016-02-01	lbi	south	2016
2015-09-01	B/Tasmania/2/2015_EPI_ISL_194610	0.013784000000000001	3.758893	3.058016	0.43332267024390053	0.01640456560441898	3.756453632675864	2016-02-01	lbi	south	2016
2015-09-01	B/Tasmania/5/2015_EPI_ISL_194612	0.018072	3.758893	3.058016	0.30278410709260983	0.020369198829469054	3.756453632675864	2016-02-01	lbi	south	2016
2015-09-01	B/Texas/02/2015_EPI_ISL_173825	5e-05	2.3624070000000006	1.6212409999999988	0.0522470482194984	5.076934276966904e-05	2.3809019659662036	2016-02-01	lbi	south	2016
2015-09-01	B/Texas/03/2015_EPI_ISL_173826	5.600000000000001e-05	4.263582999999999	3.5901229999999993	0.2547077321077924	6.186657111587265e-05	4.287329647383785	2016-02-01	lbi	south	2016
2015-09-01	B/Texas/10/2015_EPI_ISL_177188	0.000335	2.3624070000000006	1.6212409999999988	0.057054412869062814	0.0003408366324038994	2.3809019659662036	2016-02-01	lbi	south	2016
2015-09-01	B/Texas/11/2015_EPI_ISL_177173	0.000261	2.3624070000000006	1.6212409999999988	0.11021933186610239	0.00027149540200517694	2.3809019659662036	2016-02-01	lbi	south	2016
2015-09-01	B/Texas/11/2015_EPI_ISL_177173__dup2	0.000261	2.3624070000000006	1.6212409999999988	0.07246656638725954	0.00026725810711208015	2.3809019659662036	2016-02-01	lbi	south	2016
2015-09-01	B/Texas/13/2015_EPI_ISL_177164	0.00037	3.0049689999999987	2.1818750000000002	-0.3750676770796143	0.00031441849388921355	3.032120090516218	2016-02-01	lbi	south	2016
2015-09-01	B/Texas/14/2015_EPI_ISL_177189	0.000181	5.2632049999999975	4.5901179999999995	-0.3178677490513115	0.00015751996475800898	5.287014607454271	2016-02-01	lbi	south	2016
2015-09-01	B/Texas/15/2015_EPI_ISL_178141	0.000352	2.3624070000000006	1.6212409999999988	-0.024052537589592436	0.00034623210010187777	2.3809019659662036	2016-02-01	lbi	south	2016
2015-09-01	B/Texas/19/2015_EPI_ISL_178195	0.000335	6.243250999999999	5.5900870000000005	-0.3238460766586845	0.0002908171564451796	6.264100022868652	2016-02-01	lbi	south	2016
2015-09-01	B/Texas/20/2015_EPI_ISL_178194	0.000684	2.3624070000000006	1.6212409999999988	0.011636084966743234	0.0006828712676992624	2.3809019659662036	2016-02-01	lbi	south	2016
2015-09-01	B/Texas/22/2015_EPI_ISL_178192	0.000352	4.263582999999999	3.5901229999999993	-0.17190227810512876	0.00032554649758185963	4.287329647383785	2016-02-01	lbi	south	2016
2015-09-01	B/Texas/27/2015_EPI_ISL_182673	0.000624	2.3624070000000006	1.6212409999999988	-0.01693570535668347	0.0006155978437286599	2.3809019659662036	2016-02-01	lbi	south	2016
2015-09-01	B/Texas/28/2015_EPI_ISL_182730	0.002118	3.3581549999999996	2.598493999999999	-0.37535142447569725	0.001799620654311759	3.3773027246575853	2016-02-01	lbi	south	2016
2015-09-01	B/Texas/94/2015_EPI_ISL_193667	0.014974000000000001	2.3624070000000006	1.6212409999999988	-0.22127128459863413	0.013566710978431155	2.3809019659662036	2016-02-01	lbi	south	2016
2015-09-01	B/Townsville/3/2015_EPI_ISL_194613	0.001259	5.634876999999994	6.207890000000002	0.5430734473313259	0.0015684665665885527	5.597912184109138	2016-02-01	lbi	south	2016
2015-09-01	B/Utah/06/2015_EPI_ISL_178164	0.000653	2.005724999999998	1.18188	0.5579372672346546	0.0008185635742063187	2.0327489275039983	2016-02-01	lbi	south	2016
2015-09-01	B/Utah/11/2015_EPI_ISL_178158	7.099999999999999e-05	3.885312999999998	3.397723	-0.37525377227640266	6.0329681513518726e-05	3.8908537773080156	2016-02-01	lbi	south	2016
2015-09-01	B/Utah/15/2015_EPI_ISL_182739	0.002118	3.0014729999999985	2.1818750000000002	-0.37519821978018875	0.0017997355372845034	3.0291494564294275	2016-02-01	lbi	south	2016
2015-09-01	B/Utah/27/2015_EPI_ISL_193668	0.003404	2.005724999999998	1.18188	0.24505599781277695	0.003745510606647219	2.0327489275039983	2016-02-01	lbi	south	2016
2015-09-01	B/Utah/28/2015_EPI_ISL_193235	0.004601	2.9796869999999984	2.181792	-0.37525211731878944	0.003909536000721732	3.010513105036519	2016-02-01	lbi	south	2016
2015-09-01	B/Utah/33/2015_EPI_ISL_193238	0.004905	2.005724999999998	1.18188	0.36106590813560463	0.005664390488422263	2.0327489275039983	2016-02-01	lbi	south	2016
2015-09-01	B/Utah/34/2015_EPI_ISL_193239	0.005224	2.005724999999998	1.18188	0.22299130492806998	0.005695500689777105	2.0327489275039983	2016-02-01	lbi	south	2016
2015-09-01	B/Utah/41/2015_EPI_ISL_194896	0.024569	2.005724999999998	1.18188	-0.18339845680277964	0.02261400798853357	2.0327489275039983	2016-02-01	lbi	south	2016
2015-09-01	B/Victoria/525/2015_EPI_ISL_194621	0.022164	2.9258669999999984	2.1301490000000003	-0.36378636075816884	0.01892325852855061	2.964560901955022	2016-02-01	lbi	south	2016
2015-09-01	B/Victoria/557/2015_EPI_ISL_194624	0.017757	2.9258669999999984	2.1301490000000003	-0.36218488188260883	0.015170754245936816	2.964560901955022	2016-02-01	lbi	south	2016
2015-09-01	B/WAKAYAMA-C/56/2015_EPI_ISL_194908	0.003404	2.005724999999998	1.18188	0.24505599781277695	0.003745510606647219	2.0327489275039983	2016-02-01	lbi	south	2016
2015-09-01	B/WAKAYAMA/70/2015_EPI_ISL_192526	0.0018859999999999999	2.005724999999998	1.18188	-0.3264503262500576	0.0016354815544720228	2.0327489275039983	2016-02-01	lbi	south	2016
2015-09-01	B/WAKAYAMA/71/2015_EPI_ISL_192527	0.002372	2.005724999999998	1.18188	0.3723553738895413	0.0027521478091865263	2.0327489275039983	2016-02-01	lbi	south	2016
2015-09-01	B/Washington/09/2015_EPI_ISL_177221	9.4e-05	4.005317	3.1818699999999986	0.5187174476890555	0.00011592311004790239	4.032285235063809	2016-02-01	lbi	south	2016
2015-09-01	B/Washington/16/2015_EPI_ISL_182712	0.000819	2.005724999999998	1.18188	0.4467609908124462	0.0009801783760354872	2.0327489275039983	2016-02-01	lbi	south	2016
2015-09-01	B/Washington/17/2015_EPI_ISL_182711	0.0007160000000000001	2.005724999999998	1.18188	0.37843717283633604	0.0008328573650573758	2.0327489275039983	2016-02-01	lbi	south	2016
2015-09-01	B/Washington/18/2015_EPI_ISL_182694	0.0004940000000000001	2.005724999999998	1.18188	0.3465479717835625	0.000567040415202272	2.0327489275039983	2016-02-01	lbi	south	2016
2015-09-01	B/Wellington/3/2015_EPI_ISL_194627	0.007245000000000001	2.005724999999998	1.18188	0.20054670315975892	0.007825383750819695	2.0327489275039983	2016-02-01	lbi	south	2016
2015-09-01	B/Wisconsin/01/2015_EPI_ISL_173838	7.099999999999999e-05	3.0055669999999988	2.1818750000000002	-0.3749281060487101	6.0337868460548865e-05	3.0326282517670755	2016-02-01	lbi	south	2016
2015-09-01	B/Wisconsin/09/2015_EPI_ISL_177213	0.00023500000000000002	2.3624070000000006	1.6212409999999988	0.09552163258748536	0.0002429574364026818	2.3809019659662036	2016-02-01	lbi	south	2016
2015-09-01	B/Wisconsin/11/2015_EPI_ISL_178199	0.00042800000000000005	2.3624070000000006	1.6212409999999988	0.06441141021534721	0.00043679385580196834	2.3809019659662036	2016-02-01	lbi	south	2016
2015-09-01	B/Wisconsin/24/2015_EPI_ISL_182732	0.001814	2.005724999999998	1.18188	0.1911851169149287	0.0019516884931853474	2.0327489275039983	2016-02-01	lbi	south	2016
2015-09-01	B/Wisconsin/45/2015_EPI_ISL_194898	0.0035229999999999997	2.3624070000000006	1.6212409999999988	-0.10625015124782632	0.003348599095001916	2.3809019659662036	2016-02-01	lbi	south	2016
2015-09-01	B/Wisconsin/49/2015_EPI_ISL_193240	0.004751	2.005724999999998	1.18188	-0.23200188499194974	0.004285287931026446	2.0327489275039983	2016-02-01	lbi	south	2016
2015-09-01	B/Wyoming/02/2015_EPI_ISL_173843	5.9999999999999995e-05	2.005724999999998	1.18188	-0.3010126905616145	5.25845674702893e-05	2.0327489275039983	2016-02-01	lbi	south	2016
2015-09-01	B/Wyoming/04/2015_EPI_ISL_177180	9.4e-05	2.005724999999998	1.18188	-0.3740507977896603	7.991314504598955e-05	2.0327489275039983	2016-02-01	lbi	south	2016
2015-09-01	B/Wyoming/08/2015_EPI_ISL_178206	0.00037	2.005724999999998	1.18188	0.4927302245321185	0.00045137899966746914	2.0327489275039983	2016-02-01	lbi	south	2016
2015-09-01	B/Wyoming/20/2015_EPI_ISL_180357	0.001426	2.005724999999998	1.18188	-0.18447349229819385	0.001311943258694824	2.0327489275039983	2016-02-01	lbi	south	2016
2015-09-01	B/Wyoming/24/2015_EPI_ISL_180358	0.001961	2.005724999999998	1.18188	0.2639262524849966	0.002174772135697329	2.0327489275039983	2016-02-01	lbi	south	2016
2015-09-01	B/YAMAGUCHI/4/2015_EPI_ISL_187493	0.000653	2.005724999999998	1.18188	0.5579372672346546	0.0008185635742063187	2.0327489275039983	2016-02-01	lbi	south	2016
2015-09-01	B/YOKOHAMA/13/2015_EPI_ISL_177028	0.000388	2.005724999999998	1.18188	0.4946039666670579	0.000473707669538717	2.0327489275039983	2016-02-01	lbi	south	2016
2015-09-01	B/YOKOHAMA/14/2015_EPI_ISL_177029	0.000388	2.005724999999998	1.18188	0.3179757576281655	0.0004400970687636578	2.0327489275039983	2016-02-01	lbi	south	2016
2015-09-01	B/YOKOHAMA/20/2015_EPI_ISL_187494	0.0007160000000000001	2.005724999999998	1.18188	0.37843717283633604	0.0008328573650573758	2.0327489275039983	2016-02-01	lbi	south	2016
2015-09-01	B/YOKOHAMA/27/2015_EPI_ISL_194912	0.018072	2.005724999999998	1.18188	-0.07496860096178178	0.017402727327042945	2.0327489275039983	2016-02-01	lbi	south	2016
2015-09-01	B/Yaroslavl/04/2015_EPI_ISL_193219	0.000352	2.8854709999999986	2.3977279999999994	-0.3753066796155938	0.0002990926726068996	2.8909744366710446	2016-02-01	lbi	south	2016
2016-09-01	B/Alsace/233/2016_EPI_ISL_216340	4.2e-05	0.8470689999999987	0.738875999999998	9.146940959739e-15	4.200054600709832e-05	0.8470800120401573	2017-02-01	lbi	south	2017
2016-09-01	B/Anhui-Langya/11133/2015_EPI_ISL_212617	1e-05	2.7032529999999966	2.7094279999999946	1.0038191889489384e-14	1.0000130001690083e-05	2.703288142745856	2017-02-01	lbi	south	2017
2016-09-01	B/Anhui-Yingjiang/11004/2016_EPI_ISL_225380	0.012076	0.8470689999999987	0.738875999999998	-2.609057503365222e-16	0.012076156990040889	0.8470800120401573	2017-02-01	lbi	south	2017
2016-09-01	B/Antananarivo/2324/2016_EPI_ISL_230545	0.010126000000000001	1.8268039999999968	1.7388669999999966	-1.6341342662845373e-16	0.010126131639711333	1.826827748760734	2017-02-01	lbi	south	2017
2016-09-01	B/Antananarivo/2478/2016_EPI_ISL_230547	0.011498999999999999	0.8470689999999987	0.738875999999998	-2.2583667116140756e-16	0.011499149488943374	0.8470800120401573	2017-02-01	lbi	south	2017
2016-09-01	B/Athens.GR/1965/2016_EPI_ISL_213064	0.000148	0.8470689999999987	0.738875999999998	9.913233144470325e-15	0.0001480019240250132	0.8470800120401573	2017-02-01	lbi	south	2017
2016-09-01	B/Bahrain/112/2016_EPI_ISL_224296	5e-05	0.8470689999999987	0.738875999999998	9.442717553131574e-15	5.0000650008450394e-05	0.8470800120401573	2017-02-01	lbi	south	2017
2016-09-01	B/Bahrain/115/2016_EPI_ISL_217587	4.2e-05	0.8470689999999987	0.738875999999998	9.146940959739e-15	4.200054600709832e-05	0.8470800120401573	2017-02-01	lbi	south	2017
2016-09-01	B/Bahrain/116/2016_EPI_ISL_220623	4.2e-05	5.481591999999991	5.642582999999995	1.0489250127317212e-14	4.200054600709835e-05	5.481663261622402	2017-02-01	lbi	south	2017
2016-09-01	B/Bahrain/116/2016_EPI_ISL_220623__dup2	4.2e-05	5.481591999999991	5.642582999999995	1.0489250127317212e-14	4.200054600709835e-05	5.481663261622402	2017-02-01	lbi	south	2017
2016-09-01	B/Bahrain/184/2016_EPI_ISL_232347	0.00014	0.8470689999999987	0.738875999999998	9.864707056238228e-15	0.00014000182002366112	0.8470800120401573	2017-02-01	lbi	south	2017
2016-09-01	B/Bahrain/196/2016_EPI_ISL_232348	0.000174	0.8470689999999987	0.738875999999998	1.0027945423708527e-14	0.0001740022620294074	0.8470800120401573	2017-02-01	lbi	south	2017
2016-09-01	B/Bahrain/228/2016_EPI_ISL_232349	0.000293	0.8470689999999987	0.738875999999998	9.934493234895987e-15	0.0002930038090495194	0.8470800120401573	2017-02-01	lbi	south	2017
2016-09-01	B/Bahrain/232/2016_EPI_ISL_232352	0.000341	1.836677999999997	1.7388669999999966	9.736054469126318e-15	0.0003410044330576317	1.836701877124403	2017-02-01	lbi	south	2017
2016-09-01	B/Bahrain/274/2016_EPI_ISL_232354	0.0007019999999999	1.8261899999999969	1.7366929999999965	-1.0537254633344844e-17	0.0007020091261185407	1.8262137407786307	2017-02-01	lbi	south	2017
2016-09-01	B/Bahrain/277/2016_EPI_ISL_232356	0.0007019999999999	0.8470689999999987	0.738875999999998	-6.535971177023475e-16	0.0007020091261185406	0.8470800120401573	2017-02-01	lbi	south	2017
2016-09-01	B/Bahrain/309/2016_EPI_ISL_232359	0.001417	1.844221999999997	1.7388669999999966	-3.151216452210736e-16	0.0014170184212394783	1.844245975197678	2017-02-01	lbi	south	2017
2016-09-01	B/Bahrain/44/2016_EPI_ISL_222860	1.8e-05	0.8470689999999987	0.738875999999998	9.259388000344142e-15	1.800023400304214e-05	0.8470800120401573	2017-02-01	lbi	south	2017
2016-09-01	B/Bahrain/598/2016_EPI_ISL_232363	0.003092	0.8470689999999987	0.738875999999998	-3.587849236574634e-16	0.00309204019652256	0.8470800120401573	2017-02-01	lbi	south	2017
2016-09-01	B/Bahrain/618/2016_EPI_ISL_232366	0.004101	0.8470689999999987	0.738875999999998	-4.762813312295428e-16	0.004101053313693084	0.8470800120401573	2017-02-01	lbi	south	2017
2016-09-01	B/Bahrain/630/2016_EPI_ISL_232367	0.004848	1.8373599999999968	1.7388669999999966	1.1659361511426247e-17	0.004848063024819331	1.8373838859905185	2017-02-01	lbi	south	2017
2016-09-01	B/Bahrain/99/2016_EPI_ISL_217585	3.7e-05	7.461077999999987	7.634282999999991	1.0470140286399715e-14	3.7000481006253306e-05	7.46117499527494	2017-02-01	lbi	south	2017
2016-09-01	B/Bangladesh/311001/2016_EPI_ISL_229280	0.000459	3.7015479999999985	3.694394999999994	1.202951911113857e-16	0.00045900596707757277	3.70159612074957	2017-02-01	lbi	south	2017
2016-09-01	B/Beijing-Huairou/1414/2016_EPI_ISL_223483	0.00011899999999999999	1.8463259999999968	1.7388669999999966	1.0049138732599108e-14	0.00011900154702011195	1.8463500025500335	2017-02-01	lbi	south	2017
2016-09-01	B/Beijing-Xicheng/1233/2016_EPI_ISL_223476	6.3e-05	2.841422999999996	2.7267099999999944	9.645097581489156e-15	6.300081901064751e-05	2.8414599389792063	2017-02-01	lbi	south	2017
2016-09-01	B/Brazil/02/2016_EPI_ISL_229285	1.3000000000000001e-05	1.7051179999999968	1.711362999999997	9.153206386866857e-15	1.30001690021971e-05	1.7051401668221686	2017-02-01	lbi	south	2017
2016-09-01	B/Brazil/121/2016_EPI_ISL_229289	0.0005549999999999	1.7051179999999968	1.711362999999997	8.877799226115792e-17	0.0005550072150936971	1.7051401668221686	2017-02-01	lbi	south	2017
2016-09-01	B/Brazil/2691/2016_EPI_ISL_222877	3.9e-05	2.764862999999996	2.7359279999999946	9.748012833316555e-15	3.9000507006591305e-05	2.764898943686268	2017-02-01	lbi	south	2017
2016-09-01	B/Brazil/27/2016_EPI_ISL_229287	8e-05	0.8470689999999987	0.738875999999998	9.296859315179458e-15	8.000104001352062e-05	0.8470800120401573	2017-02-01	lbi	south	2017
2016-09-01	B/Brazil/3070/2016_EPI_ISL_222876	5.3e-05	1.8433279999999967	1.7388669999999966	1.0075594993694918e-14	5.300068900895743e-05	1.8433519635755269	2017-02-01	lbi	south	2017
2016-09-01	B/Brazil/36/2016_EPI_ISL_229288	5.9999999999999995e-05	1.7051179999999968	1.711362999999997	9.993965922167982e-15	6.000078001014048e-05	1.7051401668221686	2017-02-01	lbi	south	2017
2016-09-01	B/Bretagne/2597/2015_EPI_ISL_213851	1.1e-05	0.8470689999999987	0.738875999999998	9.549313936090124e-15	1.1000143001859087e-05	0.8470800120401573	2017-02-01	lbi	south	2017
2016-09-01	B/Brisbane/1/2016_EPI_ISL_222809	2.1e-05	0.8470689999999987	0.738875999999998	8.848458335606674e-15	2.100027300354916e-05	0.8470800120401573	2017-02-01	lbi	south	2017
2016-09-01	B/Brisbane/46/2015_15/298_EPI_ISL_221495	0.008148	1.776245999999997	1.7293759999999962	-1.0991790909002414e-17	0.008148105925377045	1.7762690914981898	2017-02-01	lbi	south	2017
2016-09-01	B/Brisbane/60/2008_15/146_EPI_ISL_207652	6.7e-05	3.525184999999998	3.681633999999993	1.0477043976947806e-14	6.700087101132356e-05	3.5252308280007636	2017-02-01	lbi	south	2017
2016-09-01	B/Brisbane/60/2008_BX-31_15/250_EPI_ISL_219061	0.004389	3.447078999999996	3.606954999999994	-1.8739452989108601e-16	0.004389057057741757	3.447123812609563	2017-02-01	lbi	south	2017
2016-09-01	B/Brisbane/60/2008_BX-35_15/300_EPI_ISL_217973	0.003324	4.493127999999993	4.675084999999995	1.2071159607827797e-16	0.003324043212561769	4.493186411423349	2017-02-01	lbi	south	2017
2016-09-01	B/Brisbane/60/2008_NIB-58_10/260_EPI_ISL_216035	0.0018850000000000002	4.486122999999993	4.6045639999999946	-2.6059945948006383e-16	0.0018850245053185723	4.486181320357165	2017-02-01	lbi	south	2017
2016-09-01	B/Brisbane/60/2008_NIB-58_16/200_EPI_ISL_232491	0.035756	4.375553999999992	4.604139999999995	7.293306291323635e-17	0.035756464834042906	4.375610882941478	2017-02-01	lbi	south	2017
2016-09-01	B/Bucuresti/196001/2016_EPI_ISL_223685	0.0020399999999999997	0.8470689999999987	0.738875999999998	-7.549837758572903e-16	0.0020400265203447667	0.8470800120401573	2017-02-01	lbi	south	2017
2016-09-01	B/California/49/2016_EPI_ISL_217794	5.9999999999999995e-05	1.843933999999997	1.7373189999999965	1.0439521143990264e-14	6.000078001014049e-05	1.8439579714536296	2017-02-01	lbi	south	2017
2016-09-01	B/California/59/2016_EPI_ISL_222318__dup2	0.00011200000000000001	0.8470689999999987	0.738875999999998	9.043760573063229e-15	0.00011200145601892886	0.8470800120401573	2017-02-01	lbi	south	2017
2016-09-01	B/Catalonia/8515S/2016_EPI_ISL_218627	1.8e-05	6.486963999999997	6.639713999999993	1.053508880572724e-14	1.8000234003042153e-05	6.487048331628311	2017-02-01	lbi	south	2017
2016-09-01	B/Champagne_Ardenne/1590/2016_EPI_ISL_219082	0.0007019999999999	0.8470689999999987	0.738875999999998	-6.535971177023475e-16	0.0007020091261185406	0.8470800120401573	2017-02-01	lbi	south	2017
2016-09-01	B/Colorado/33/2016_EPI_ISL_225303	0.007262	0.8470689999999987	0.738875999999998	-2.0213251807669194e-16	0.007262094407227306	0.8470800120401573	2017-02-01	lbi	south	2017
2016-09-01	B/Connecticut/10/2016_EPI_ISL_220675__dup2	0.000125	0.8470689999999987	0.738875999999998	1.005355342044937e-14	0.000125001625021126	0.8470800120401573	2017-02-01	lbi	south	2017
2016-09-01	B/Croatia/84/2016_EPI_ISL_215939	1.9e-05	0.8470689999999987	0.738875999999998	8.817390718473456e-15	1.9000247003211146e-05	0.8470800120401573	2017-02-01	lbi	south	2017
2016-09-01	B/Czech_Republic/115/2016_EPI_ISL_224384	0.000805	0.8470689999999987	0.738875999999998	-6.520048242254131e-16	0.0008050104651360479	0.8470800120401573	2017-02-01	lbi	south	2017
2016-09-01	B/Delaware/03/2016_EPI_ISL_218669__dup2	0.00011200000000000001	0.8470689999999987	0.738875999999998	9.695307916372237e-15	0.00011200145601892889	0.8470800120401573	2017-02-01	lbi	south	2017
2016-09-01	B/Delaware/34/2016_EPI_ISL_229426	0.008859	2.7730869999999963	2.738799999999994	-8.30251611011241e-17	0.008859115168497207	2.7731230505996574	2017-02-01	lbi	south	2017
2016-09-01	B/Delaware/37/2016_EPI_ISL_232268	0.011217	0.8470689999999987	0.738875999999998	-2.7156853232455054e-16	0.011217145822895715	0.8470800120401573	2017-02-01	lbi	south	2017
2016-09-01	B/Dominican_Republic/9777/2016_EPI_ISL_232223	0.012969	1.8211179999999965	1.7351549999999965	-1.1721378717365351e-16	0.01296916859919181	1.821141674841773	2017-02-01	lbi	south	2017
2016-09-01	B/Dominican_Republic/9784/2016_EPI_ISL_232224	0.015175999999999999	1.8155399999999966	1.7262229999999967	-2.1353803459751182e-16	0.0151761972905648	1.8155636023268305	2017-02-01	lbi	south	2017
2016-09-01	B/Dominican_Republic/9785/2016_EPI_ISL_232225	0.015175999999999999	0.8470689999999987	0.738875999999998	-2.358520359228652e-16	0.0151761972905648	0.8470800120401573	2017-02-01	lbi	south	2017
2016-09-01	B/EHIME/25/2016_EPI_ISL_231974	0.0017399999999999	0.8470689999999987	0.738875999999998	-3.690609785817933e-16	0.0017400226202939667	0.8470800120401573	2017-02-01	lbi	south	2017
2016-09-01	B/Egypt/1764/2016_EPI_ISL_223702	5e-05	4.701434999999993	4.6943859999999935	1.0203311200891964e-14	5.000065000845041e-05	4.701496119449553	2017-02-01	lbi	south	2017
2016-09-01	B/Egypt/98/2016_EPI_ISL_224394	0.000377	3.7015479999999985	3.694394999999994	9.980777804581186e-15	0.00037700490106371606	3.70159612074957	2017-02-01	lbi	south	2017
2016-09-01	B/England/735/2016_EPI_ISL_229952	0.000148	0.8470689999999987	0.738875999999998	9.913233144470325e-15	0.0001480019240250132	0.8470800120401573	2017-02-01	lbi	south	2017
2016-09-01	B/England/854/2016_EPI_ISL_229986	0.001005	0.8470689999999987	0.738875999999998	-6.214134587411815e-16	0.0010050130651698488	0.8470800120401573	2017-02-01	lbi	south	2017
2016-09-01	B/England/880/2016_EPI_ISL_229995	0.0015400000000000001	0.8470689999999987	0.738875999999998	-9.07401148175545e-16	0.0015400200202602657	0.8470800120401573	2017-02-01	lbi	south	2017
2016-09-01	B/England/898/2016_EPI_ISL_229997	0.0017399999999999	0.8470689999999987	0.738875999999998	-3.690609785817933e-16	0.0017400226202939667	0.8470800120401573	2017-02-01	lbi	south	2017
2016-09-01	B/Estonia/97395/2015_EPI_ISL_208165	1e-05	0.8470689999999987	0.738875999999998	9.832989188477524e-15	1.0000130001690081e-05	0.8470800120401573	2017-02-01	lbi	south	2017
2016-09-01	B/Estonia/97823/2016_EPI_ISL_231707	5.3e-05	0.8470689999999987	0.738875999999998	9.589525142060617e-15	5.300068900895742e-05	0.8470800120401573	2017-02-01	lbi	south	2017
2016-09-01	B/Estonia/98655/2016_EPI_ISL_231709	0.000215	0.8470689999999987	0.738875999999998	9.638265922823165e-15	0.0002150027950363367	0.8470800120401573	2017-02-01	lbi	south	2017
2016-09-01	B/Florida/02/2016_EPI_ISL_212904	3.5e-05	0.8470689999999987	0.738875999999998	9.381234610743863e-15	3.500045500591527e-05	0.8470800120401573	2017-02-01	lbi	south	2017
2016-09-01	B/Florida/20/2016_EPI_ISL_217665__dup2	8.499999999999999e-05	0.8470689999999987	0.738875999999998	9.528854183916725e-15	8.500110501436566e-05	0.8470800120401573	2017-02-01	lbi	south	2017
2016-09-01	B/Florida/38/2016_EPI_ISL_222324	0.00053	0.8470689999999987	0.738875999999998	-7.827999089385137e-16	0.0005300068900895718	0.8470800120401573	2017-02-01	lbi	south	2017
2016-09-01	B/Florida/42/2016_EPI_ISL_220757	0.0005549999999999	0.8470689999999987	0.738875999999998	-5.028745988302104e-16	0.000555007215093697	0.8470800120401573	2017-02-01	lbi	south	2017
2016-09-01	B/Florida/56/2016_EPI_ISL_225225	0.0036969999999999998	1.8396619999999968	1.7388669999999966	-2.537370423099298e-16	0.003697048061624807	1.8396859159169074	2017-02-01	lbi	south	2017
2016-09-01	B/Florida/73/2016_EPI_ISL_230586	0.015503	1.8160499999999966	1.7388149999999964	-1.0038138511249208e-16	0.015503201541620068	1.8160736089569165	2017-02-01	lbi	south	2017
2016-09-01	B/Florida/76/2016_EPI_ISL_232306	0.018565	0.8470689999999987	0.738875999999998	-1.1978193283391683e-16	0.01856524134813756	0.8470800120401573	2017-02-01	lbi	south	2017
2016-09-01	B/Fujian-Gulou/1499/2016_EPI_ISL_223439	0.00088	1.8006559999999974	1.7220329999999966	-1.4331140954133173e-17	0.0008800114401487234	1.8006794088323148	2017-02-01	lbi	south	2017
2016-09-01	B/Fujian-Gulou/1654/2016_EPI_ISL_223399	0.002382	1.8421659999999969	1.7267189999999968	7.723073679571057e-17	0.002382030966402567	1.8421899484693305	2017-02-01	lbi	south	2017
2016-09-01	B/Fujian-Licheng/180/2016_EPI_ISL_223383	0.000193	1.7235359999999964	1.6547949999999971	9.915863534161772e-15	0.00019300250903261858	1.7235584062592817	2017-02-01	lbi	south	2017
2016-09-01	B/Fujian-Meilie/1456/2016_EPI_ISL_225367	0.012969	0.8470689999999987	0.738875999999998	-1.2301785585474801e-16	0.01296916859919181	0.8470800120401573	2017-02-01	lbi	south	2017
2016-09-01	B/Georgia/07/2016_EPI_ISL_225150	0.000279	0.8470689999999987	0.738875999999998	9.882467304892978e-15	0.0002790036270471533	0.8470800120401573	2017-02-01	lbi	south	2017
2016-09-01	B/Georgia/1017/2016_EPI_ISL_223705	0.001303	0.8470689999999987	0.738875999999998	-3.7683005534551643e-16	0.0013030169392202117	0.8470800120401573	2017-02-01	lbi	south	2017
2016-09-01	B/Georgia/1095/2016_EPI_ISL_224398	0.003324	3.7859959999999973	3.7199349999999933	9.425134588495159e-17	0.003324043212561769	3.7860452185878426	2017-02-01	lbi	south	2017
2016-09-01	B/Georgia/17/2016_EPI_ISL_229264	0.0017399999999999	0.8470689999999987	0.738875999999998	-2.0631708021645138e-16	0.0017400226202939667	0.8470800120401573	2017-02-01	lbi	south	2017
2016-09-01	B/Georgia/933/2016_EPI_ISL_223707	0.000805	0.8470689999999987	0.738875999999998	-6.520048242254131e-16	0.0008050104651360479	0.8470800120401573	2017-02-01	lbi	south	2017
2016-09-01	B/Georgia/NCDC1148/2016_EPI_ISL_232261	0.005517	0.8470689999999987	0.738875999999998	-4.734345950685281e-16	0.005517071721932394	0.8470800120401573	2017-02-01	lbi	south	2017
2016-09-01	B/Georgia/NCDC1197/2016_EPI_ISL_232262	0.010938	0.8470689999999987	0.738875999999998	-2.2175114212564985e-16	0.010938142195848563	0.8470800120401573	2017-02-01	lbi	south	2017
2016-09-01	B/Guangdong-Duanzhou/1386/2016_EPI_ISL_225366	0.0050100000000000006	1.7663629999999964	1.6524129999999972	-3.1565003905876504e-16	0.0050100651308467095	1.7663859630175198	2017-02-01	lbi	south	2017
2016-09-01	B/Guangxi-Jiangzhou/1345/2016_EPI_ISL_225365	0.0050100000000000006	1.8370359999999968	1.7388669999999966	1.2658710429355978e-17	0.00501006513084671	1.8370598817784636	2017-02-01	lbi	south	2017
2016-09-01	B/Guangxi-Jinchengjiang/1555/2016_EPI_ISL_230736	0.01237	1.8095019999999968	1.7075449999999968	-3.9678648894107176e-17	0.012370160812090579	1.8095255238318098	2017-02-01	lbi	south	2017
2016-09-01	B/Guangxi-Qinnan/1241/2016_EPI_ISL_225373	0.0015400000000000001	0.8470689999999987	0.738875999999998	-9.07401148175545e-16	0.0015400200202602657	0.8470800120401573	2017-02-01	lbi	south	2017
2016-09-01	B/HAMAMATU-C/179/2016_EPI_ISL_231977	0.001359	1.788601999999997	1.7362249999999964	-3.013619325298042e-16	0.0013590176672296761	1.7886252521282782	2017-02-01	lbi	south	2017
2016-09-01	B/HIROSHIMA/25/2016_EPI_ISL_231973	0.0021219999999999998	0.8470689999999987	0.738875999999998	-6.060472900362443e-16	0.0021220275863586256	0.8470800120401573	2017-02-01	lbi	south	2017
2016-09-01	B/Hawaii/04/2016_EPI_ISL_217805	9.499999999999999e-05	1.8463639999999968	1.7388669999999966	1.0076127267247104e-14	9.500123501605576e-05	1.84638800304404	2017-02-01	lbi	south	2017
2016-09-01	B/Hawaii/22/2016_EPI_ISL_229417	0.003092	0.8470689999999987	0.738875999999998	-3.587849236574634e-16	0.00309204019652256	0.8470800120401573	2017-02-01	lbi	south	2017
2016-09-01	B/Hawaii/24/2016_EPI_ISL_230572	0.004691	1.837673999999997	1.7286149999999967	9.480693403713047e-17	0.004691060983792798	1.8376978900725713	2017-02-01	lbi	south	2017
2016-09-01	B/Heilongjiang-Daoli/1268/2016_EPI_ISL_223444	0.0007019999999999	1.8006559999999974	1.7220329999999966	-2.0723797774844795e-17	0.0007020091261185407	1.8006794088323148	2017-02-01	lbi	south	2017
2016-09-01	B/Heilongjiang-Gongnong/1251/2016_EPI_ISL_223415	0.000769	2.763088999999997	2.6907019999999964	-2.1800390819364e-16	0.000769009997129964	2.763124920623968	2017-02-01	lbi	south	2017
2016-09-01	B/Henan-Hualong/1140/2016_EPI_ISL_223480	5.3e-05	2.7032529999999966	2.7094279999999946	1.0147597097152526e-14	5.300068900895743e-05	2.703288142745856	2017-02-01	lbi	south	2017
2016-09-01	B/Henan-Shancheng/126/2016_EPI_ISL_212684	1.8e-05	3.696518999999999	3.698937999999993	1.0078416755963127e-14	1.8000234003042146e-05	3.6965670553717205	2017-02-01	lbi	south	2017
2016-09-01	B/Henan-Yicheng/1118/2016_EPI_ISL_223477	0.000133	3.702509999999998	3.709418999999994	1.0200241132162909e-14	0.0001330017290224781	3.702558133255732	2017-02-01	lbi	south	2017
2016-09-01	B/Henan-Zhongyuan/176/2016_EPI_ISL_223382	5.3e-05	3.579719999999998	3.625346999999994	1.0147597097152526e-14	5.300068900895743e-05	3.5797665369649807	2017-02-01	lbi	south	2017
2016-09-01	B/Hong_Kong/1149/2016_EPI_ISL_232211	0.0074769999999999	0.8470689999999987	0.738875999999998	-2.4518445810660693e-16	0.007477097202263542	0.8470800120401573	2017-02-01	lbi	south	2017
2016-09-01	B/Hong_Kong/48/2016_EPI_ISL_217558	1.4000000000000001e-05	0.8470689999999987	0.738875999999998	9.163863027985957e-15	1.4000182002366108e-05	0.8470800120401573	2017-02-01	lbi	south	2017
2016-09-01	B/Hong_Kong/49/2016_EPI_ISL_229224	1.3000000000000001e-05	0.8470689999999987	0.738875999999998	9.138605143401185e-15	1.30001690021971e-05	0.8470800120401573	2017-02-01	lbi	south	2017
2016-09-01	B/Hong_Kong/58/2016_EPI_ISL_208161	1.3000000000000001e-05	0.8470689999999987	0.738875999999998	9.201031689071236e-15	1.30001690021971e-05	0.8470800120401573	2017-02-01	lbi	south	2017
2016-09-01	B/Hong_Kong/62/2016_EPI_ISL_208158	1.4999999999999999e-05	1.847025999999997	1.7388669999999966	1.0530973435243156e-14	1.5000195002535123e-05	1.8470500116501518	2017-02-01	lbi	south	2017
2016-09-01	B/Hong_Kong/63/2016_EPI_ISL_217561	1.4999999999999999e-05	0.8470689999999987	0.738875999999998	9.235889679120597e-15	1.5000195002535112e-05	0.8470800120401573	2017-02-01	lbi	south	2017
2016-09-01	B/Hubei-Wuchang/1399/2016_EPI_ISL_230729	0.017869	1.8113179999999967	1.7387869999999965	1.2065066683711498e-16	0.01786923230001993	1.8113415474401169	2017-02-01	lbi	south	2017
2016-09-01	B/Hunan-Jishou/11515/2016_EPI_ISL_230751	0.012969	0.8470689999999987	0.738875999999998	-1.9179351179369804e-16	0.012969168599191809	0.8470800120401573	2017-02-01	lbi	south	2017
2016-09-01	B/Hunan-Suxian/1467/2016_EPI_ISL_225381	0.004848	2.7533829999999964	2.7168409999999956	-1.6962576917637442e-16	0.00484806302481933	2.7534187944443285	2017-02-01	lbi	south	2017
2016-09-01	B/Hungary/144/2016_EPI_ISL_232037	0.001146	1.844763999999997	1.7388669999999966	-3.3568791398521625e-16	0.0011460148981936784	1.8447879822437696	2017-02-01	lbi	south	2017
2016-09-01	B/Hungary/87/2016_EPI_ISL_231743	0.000308	1.7051179999999968	1.711362999999997	9.726867446865553e-15	0.00030800400405205444	1.7051401668221686	2017-02-01	lbi	south	2017
2016-09-01	B/Iceland/10292/2016_EPI_ISL_224583	0.012667	2.7463959999999967	2.6474339999999956	-2.4854690105746896e-16	0.01266716467314077	2.746431703612146	2017-02-01	lbi	south	2017
2016-09-01	B/Iceland/57/2016_EPI_ISL_224590	0.004848	1.836677999999997	1.7388669999999966	9.504240624479981e-17	0.004848063024819331	1.836701877124403	2017-02-01	lbi	south	2017
2016-09-01	B/Idaho/07/2016_EPI_ISL_217631	5.3e-05	0.8470689999999987	0.738875999999998	9.589525142060617e-15	5.300068900895742e-05	0.8470800120401573	2017-02-01	lbi	south	2017
2016-09-01	B/Idaho/18/2016_EPI_ISL_218675	0.000148	1.7051179999999968	1.711362999999997	1.0195301511414299e-14	0.0001480019240250132	1.7051401668221686	2017-02-01	lbi	south	2017
2016-09-01	B/Idaho/40/2016_EPI_ISL_230558	0.005344	0.8470689999999987	0.738875999999998	-4.2951272656862004e-16	0.005344069472903156	0.8470800120401573	2017-02-01	lbi	south	2017
2016-09-01	B/Iquique/28387/2016_EPI_ISL_229312	0.001811	2.839798999999996	2.7388579999999942	1.2058853874463234e-16	0.0018110235433060659	2.839835917866932	2017-02-01	lbi	south	2017
2016-09-01	B/Irkutsk/2/2016_EPI_ISL_232336	0.012076	2.7860719999999963	2.708192999999994	-2.0997324613275357e-16	0.012076156990040889	2.7861082194068523	2017-02-01	lbi	south	2017
2016-09-01	B/Irkutsk/3/2016_EPI_ISL_232337	0.016168000000000002	0.8470689999999987	0.738875999999998	-1.502152758538731e-16	0.016168210186732455	0.8470800120401573	2017-02-01	lbi	south	2017
2016-09-01	B/Irkutsk/4/2016_EPI_ISL_232338	0.016168000000000002	1.7970019999999969	1.7388089999999965	-4.12246462726186e-17	0.016168210186732458	1.7970253613296974	2017-02-01	lbi	south	2017
2016-09-01	B/Irkutsk/5/2016_EPI_ISL_232339	0.015835	3.739861999999997	3.7301429999999938	1.2064723599113655e-16	0.015835205857676175	3.739910618838045	2017-02-01	lbi	south	2017
2016-09-01	B/Istanbul/1913250/2016_EPI_ISL_224592	0.000582	2.8378929999999953	2.7388339999999944	8.184962126269846e-17	0.0005820075660983603	2.8379298930886097	2017-02-01	lbi	south	2017
2016-09-01	B/Jiangsu-Beitang/1454/2016_EPI_ISL_230735	0.013583000000000001	1.776245999999997	1.7293759999999962	1.1217153597908221e-17	0.013583176581295582	1.7762690914981898	2017-02-01	lbi	south	2017
2016-09-01	B/Jiangsu-Guangling/1589/2016_EPI_ISL_223412	0.002475	1.7235359999999964	1.6547949999999971	-1.2761140811762773e-17	0.0024750321754182848	1.7235584062592817	2017-02-01	lbi	south	2017
2016-09-01	B/Jiangxi-Guixi/1379/2016_EPI_ISL_225377	0.006062	0.8470689999999987	0.738875999999998	-4.572835174125053e-16	0.0060620788070245	0.8470800120401573	2017-02-01	lbi	south	2017
2016-09-01	B/Jiangxi-Zhanggong/318/2016_EPI_ISL_223384	3.9e-05	0.8470689999999987	0.738875999999998	8.995568253401184e-15	3.90005070065913e-05	0.8470800120401573	2017-02-01	lbi	south	2017
2016-09-01	B/Jilin-Chaoyang/1206/2016_EPI_ISL_223389	8e-05	0.8470689999999987	0.738875999999998	9.519629085081923e-15	8.000104001352065e-05	0.8470800120401573	2017-02-01	lbi	south	2017
2016-09-01	B/Jordan/20364/2016_EPI_ISL_223709	0.001811	2.8224489999999967	2.7366839999999946	1.204992769685712e-16	0.0018110235433060659	2.822485692314	2017-02-01	lbi	south	2017
2016-09-01	B/Jordan/4203/2016_EPI_ISL_223711	0.0017399999999999	1.8435759999999972	1.7388669999999966	-3.0158380085078276e-16	0.0017400226202939667	1.843599966799569	2017-02-01	lbi	south	2017
2016-09-01	B/Jordan/4338/2016_EPI_ISL_223712	0.000396	2.7463959999999967	2.6474339999999956	-1.1858378717224082e-16	0.00039600514806692553	2.746431703612146	2017-02-01	lbi	south	2017
2016-09-01	B/Jordan/4380/2016_EPI_ISL_223713	0.00067	2.7463959999999967	2.6474339999999956	-6.858980288618984e-16	0.0006700087101132325	2.746431703612146	2017-02-01	lbi	south	2017
2016-09-01	B/Jordan/4441/2016_EPI_ISL_223714	0.001005	2.7463959999999967	2.6474339999999956	-6.211455605172037e-16	0.0010050130651698488	2.746431703612146	2017-02-01	lbi	south	2017
2016-09-01	B/KANAGAWA/80/2016_EPI_ISL_231978	0.005517	1.836021999999997	1.7388669999999966	-4.733467807222487e-16	0.005517071721932394	1.8360458685962922	2017-02-01	lbi	south	2017
2016-09-01	B/KANAGAWA/AC35/2016_EPI_ISL_221778	0.002293	0.8470689999999987	0.738875999999998	-3.9791687329395067e-16	0.0022930298093875256	0.8470800120401573	2017-02-01	lbi	south	2017
2016-09-01	B/KANAGAWA/AC35/2016_EPI_ISL_221778__dup2	0.002293	0.8470689999999987	0.738875999999998	-6.106808331390554e-16	0.0022930298093875256	0.8470800120401573	2017-02-01	lbi	south	2017
2016-09-01	B/KANAGAWA/AC4/2016_EPI_ISL_213053	0.000125	0.8470689999999987	0.738875999999998	9.81988383329707e-15	0.00012500162502112597	0.8470800120401573	2017-02-01	lbi	south	2017
2016-09-01	B/KANAGAWA/IC11/2016_EPI_ISL_213051	0.000193	0.8470689999999987	0.738875999999998	1.0087457302675646e-14	0.00019300250903261858	0.8470800120401573	2017-02-01	lbi	south	2017
2016-09-01	B/KANAGAWA/IC14/2016_EPI_ISL_217888	0.000204	0.8470689999999987	0.738875999999998	9.630043904218004e-15	0.0002040026520344776	0.8470800120401573	2017-02-01	lbi	south	2017
2016-09-01	B/KANAGAWA/IC2/2016_EPI_ISL_212467	0.000106	1.846843999999997	1.7388669999999966	8.768730731271754e-15	0.0001060013780179148	1.8468680092841212	2017-02-01	lbi	south	2017
2016-09-01	B/KANAGAWA/IC29/2016_EPI_ISL_217895	0.0005549999999999	0.8470689999999987	0.738875999999998	-3.6576421681854e-16	0.000555007215093697	0.8470800120401573	2017-02-01	lbi	south	2017
2016-09-01	B/KANAGAWA/IC30/2016_EPI_ISL_217886	0.000582	0.8470689999999987	0.738875999999998	-2.0986423345855507e-16	0.0005820075660983602	0.8470800120401573	2017-02-01	lbi	south	2017
2016-09-01	B/KANAGAWA/IC31/2016_EPI_ISL_221768__dup2	0.00061	0.8470689999999987	0.738875999999998	-3.8721856411994487e-16	0.0006100079301030923	0.8470800120401573	2017-02-01	lbi	south	2017
2016-09-01	B/KANAGAWA/IC32/2016_EPI_ISL_217887	0.00061	0.8470689999999987	0.738875999999998	-3.8721856411994487e-16	0.0006100079301030923	0.8470800120401573	2017-02-01	lbi	south	2017
2016-09-01	B/KANAGAWA/IC41/2016_EPI_ISL_221773	0.0015400000000000001	0.8470689999999987	0.738875999999998	-9.07401148175545e-16	0.0015400200202602657	0.8470800120401573	2017-02-01	lbi	south	2017
2016-09-01	B/KANAGAWA/IC41/2016_EPI_ISL_221773__dup2	0.0015400000000000001	0.8470689999999987	0.738875999999998	-9.07401148175545e-16	0.0015400200202602657	0.8470800120401573	2017-02-01	lbi	south	2017
2016-09-01	B/KANAGAWA/IC42/2016_EPI_ISL_221777	0.001961	1.843133999999997	1.7388669999999966	-7.432911996482207e-16	0.001961025493331416	1.843157961053494	2017-02-01	lbi	south	2017
2016-09-01	B/KANAGAWA/IC45/2016_EPI_ISL_223134__dup3	0.004243	0.8470689999999987	0.738875999999998	-3.135705786168697e-16	0.004243055159717083	0.8470800120401573	2017-02-01	lbi	south	2017
2016-09-01	B/KANAGAWA/ZC12/2016_EPI_ISL_217896	0.00053	2.8422049999999968	2.7388579999999942	-4.8291326543533146e-17	0.000530006890089572	2.8422419491453383	2017-02-01	lbi	south	2017
2016-09-01	B/KANAGAWA/ZC16/2016_EPI_ISL_221776	0.001359	2.819539999999997	2.730304999999994	-1.8411491842699615e-17	0.0013590176672296764	2.8195766544965077	2017-02-01	lbi	south	2017
2016-09-01	B/KOCHI/104/2016_EPI_ISL_224426	5.600000000000001e-05	1.7663629999999964	1.6524129999999972	9.050315139264477e-15	5.600072800946444e-05	1.7663859630175198	2017-02-01	lbi	south	2017
2016-09-01	B/KUMAMOTO/1/2016_EPI_ISL_217882	3.9e-05	0.8470689999999987	0.738875999999998	8.995568253401184e-15	3.90005070065913e-05	0.8470800120401573	2017-02-01	lbi	south	2017
2016-09-01	B/Kazakhstan/4720/2016_EPI_ISL_231714	0.001359	0.8470689999999987	0.738875999999998	-4.115287963796471e-16	0.0013590176672296761	0.8470800120401573	2017-02-01	lbi	south	2017
2016-09-01	B/Kentucky/06/2016_EPI_ISL_230563	0.000293	0.8470689999999987	0.738875999999998	9.934493234895987e-15	0.0002930038090495194	0.8470800120401573	2017-02-01	lbi	south	2017
2016-09-01	B/Kentucky/10/2016_EPI_ISL_222909__dup2	0.000505	1.846045999999997	1.7386069999999962	-3.655780576808604e-16	0.0005050065650853469	1.8460699989099862	2017-02-01	lbi	south	2017
2016-09-01	B/Kentucky/16/2016_EPI_ISL_222333	0.0005549999999999	0.8470689999999987	0.738875999999998	-1.1632345229912308e-16	0.0005550072150936971	0.8470800120401573	2017-02-01	lbi	south	2017
2016-09-01	B/Laos/0071/2016_EPI_ISL_222861	2.6000000000000002e-05	0.8470689999999987	0.738875999999998	8.883730786091921e-15	2.60003380043942e-05	0.8470800120401573	2017-02-01	lbi	south	2017
2016-09-01	B/Laos/0141/2016_EPI_ISL_222863	3.5e-05	0.8470689999999987	0.738875999999998	8.95739029906442e-15	3.500045500591526e-05	0.8470800120401573	2017-02-01	lbi	south	2017
2016-09-01	B/Laos/0265/2016_EPI_ISL_222865	5.9999999999999995e-05	0.8470689999999987	0.738875999999998	9.606627338765008e-15	6.0000780010140463e-05	0.8470800120401573	2017-02-01	lbi	south	2017
2016-09-01	B/Laos/0406/2016_EPI_ISL_225031__dup2	0.000125	0.8470689999999987	0.738875999999998	1.005355342044937e-14	0.000125001625021126	0.8470800120401573	2017-02-01	lbi	south	2017
2016-09-01	B/Laos/0425/2016_EPI_ISL_222869	0.00011899999999999999	0.8470689999999987	0.738875999999998	1.0049138732599108e-14	0.00011900154702011195	0.8470800120401573	2017-02-01	lbi	south	2017
2016-09-01	B/Laos/0528/2016_EPI_ISL_222870	0.000174	1.845595999999997	1.7353589999999965	9.578648081739677e-15	0.00017400226202940737	1.8456199930599102	2017-02-01	lbi	south	2017
2016-09-01	B/Laos/F0086/2016_EPI_ISL_223128	2.3e-05	0.8470689999999987	0.738875999999998	8.365418614879011e-15	2.300029900388717e-05	0.8470800120401573	2017-02-01	lbi	south	2017
2016-09-01	B/Laos/F0087/2016_EPI_ISL_221689	2.3e-05	1.8006559999999974	1.7220329999999966	9.146310637709859e-15	2.3000299003887178e-05	1.8006794088323148	2017-02-01	lbi	south	2017
2016-09-01	B/Laos/F0239/2016_EPI_ISL_221691	5.3e-05	0.8470689999999987	0.738875999999998	9.589525142060617e-15	5.300068900895742e-05	0.8470800120401573	2017-02-01	lbi	south	2017
2016-09-01	B/Laos/F0418/2016_EPI_ISL_221693	0.000125	1.846805999999997	1.7388669999999966	1.005355342044937e-14	0.000125001625021126	1.8468300087901148	2017-02-01	lbi	south	2017
2016-09-01	B/Laos/F0421/2016_EPI_ISL_221694	0.00011899999999999999	1.845595999999997	1.7353589999999965	1.0024106427782406e-14	0.00011900154702011195	1.8456199930599102	2017-02-01	lbi	south	2017
2016-09-01	B/Laos/F0650/2016_EPI_ISL_221698	0.000293	0.8470689999999987	0.738875999999998	9.934493234895987e-15	0.0002930038090495194	0.8470800120401573	2017-02-01	lbi	south	2017
2016-09-01	B/Laos/F0651/2016_EPI_ISL_221699	0.000293	1.846469999999997	1.7388669999999966	9.934493234895987e-15	0.0002930038090495194	1.846494004422058	2017-02-01	lbi	south	2017
2016-09-01	B/Laos/F0693/2016_EPI_ISL_221700	0.000437	1.845595999999997	1.7353589999999965	5.860654091105384e-17	0.0004370056810738547	1.8456199930599102	2017-02-01	lbi	south	2017
2016-09-01	B/Liaoning-Heping/1118/2016_EPI_ISL_223462	8.499999999999999e-05	1.824205999999997	1.7263409999999968	9.431203305152156e-15	8.500110501436566e-05	1.8242297149862956	2017-02-01	lbi	south	2017
2016-09-01	B/Liaoning-Lianshan/1129/2016_EPI_ISL_223421	0.000174	2.778180999999998	2.6698119999999945	1.0497567095423257e-14	0.00017400226202940745	2.77821711682252	2017-02-01	lbi	south	2017
2016-09-01	B/Liaoning-Lianshan/1170/2016_EPI_ISL_223427	0.000377	1.7663629999999964	1.6524129999999972	9.944618347110977e-15	0.00037700490106371606	1.7663859630175198	2017-02-01	lbi	south	2017
2016-09-01	B/Lopburi/56/2016_EPI_ISL_232285	0.0001	0.8470689999999987	0.738875999999998	8.752536866424657e-15	0.00010000130001690075	0.8470800120401573	2017-02-01	lbi	south	2017
2016-09-01	B/Louisiana/11/2016_EPI_ISL_224303	0.006251	2.7463959999999967	2.6474339999999956	-3.4852662029659694e-16	0.006251081264056442	2.746431703612146	2017-02-01	lbi	south	2017
2016-09-01	B/MIYAGI/8/2016_EPI_ISL_224436	0.000359	0.8470689999999987	0.738875999999998	9.946371164983403e-15	0.0003590046670606739	0.8470800120401573	2017-02-01	lbi	south	2017
2016-09-01	B/MIYAZAKI/8/2016_EPI_ISL_217907	3.9e-05	0.8470689999999987	0.738875999999998	8.995568253401184e-15	3.90005070065913e-05	0.8470800120401573	2017-02-01	lbi	south	2017
2016-09-01	B/Macau/610481/2016_EPI_ISL_227612	0.000193	1.824205999999997	1.7263409999999968	9.572430080121705e-15	0.00019300250903261853	1.8242297149862956	2017-02-01	lbi	south	2017
2016-09-01	B/Malaysia/0471/2016_EPI_ISL_227603	4.2e-05	2.712465999999997	2.698335999999995	1.0006032695269679e-14	4.200054600709834e-05	2.7125012625164135	2017-02-01	lbi	south	2017
2016-09-01	B/Mali/075/2016_EPI_ISL_232273	0.000251	0.8470689999999987	0.738875999999998	9.928737545489369e-15	0.00025100326304242104	0.8470800120401573	2017-02-01	lbi	south	2017
2016-09-01	B/Mali/104/2016_EPI_ISL_232277	0.0005549999999999	0.8470689999999987	0.738875999999998	-7.744770704835967e-16	0.0005550072150936969	0.8470800120401573	2017-02-01	lbi	south	2017
2016-09-01	B/Massachusetts/04/2016_EPI_ISL_220659	0.000183	1.843933999999997	1.7373189999999965	1.0455465167843205e-14	0.00018300237903092853	1.8439579714536296	2017-02-01	lbi	south	2017
2016-09-01	B/Massachusetts/14/2016_EPI_ISL_229409	0.002382	0.8470689999999987	0.738875999999998	-8.045125495094413e-16	0.0023820309664025663	0.8470800120401573	2017-02-01	lbi	south	2017
2016-09-01	B/Michigan/09/2016_EPI_ISL_220686__dup2	0.000183	1.843933999999997	1.7373189999999965	1.0455465167843205e-14	0.00018300237903092853	1.8439579714536296	2017-02-01	lbi	south	2017
2016-09-01	B/Michigan/14/2016_EPI_ISL_220690__dup2	0.000377	1.843933999999997	1.7373189999999965	1.0465015315449456e-14	0.00037700490106371617	1.8439579714536296	2017-02-01	lbi	south	2017
2016-09-01	B/Michigan/23/2016_EPI_ISL_229377	0.0007019999999999	2.842516999999997	2.737309999999994	1.187556830431927e-16	0.0007020091261185407	2.8425539532013917	2017-02-01	lbi	south	2017
2016-09-01	B/Mississippi/03/2016_EPI_ISL_217800	0.000293	2.8458709999999967	2.708341999999995	1.053488910368204e-14	0.00029300380904951945	2.8459079968039585	2017-02-01	lbi	south	2017
2016-09-01	B/Moscow/CRIE-312/2016_EPI_ISL_232503	0.004243	0.8470689999999987	0.738875999999998	-4.708490502736621e-16	0.004243055159717083	0.8470800120401573	2017-02-01	lbi	south	2017
2016-09-01	B/NAGANO-C/9/2016_EPI_ISL_224440	3.9e-05	0.8470689999999987	0.738875999999998	8.995568253401184e-15	3.90005070065913e-05	0.8470800120401573	2017-02-01	lbi	south	2017
2016-09-01	B/NAGANO/2009/2016_EPI_ISL_212542	2e-05	1.8006559999999974	1.7220329999999966	9.244018363354056e-15	2.0000260003380156e-05	1.8006794088323148	2017-02-01	lbi	south	2017
2016-09-01	B/NAGANO/2233/2016_EPI_ISL_231957	0.001811	3.759092999999996	3.640177999999994	8.810249697909198e-17	0.0018110235433060659	3.7591418688442952	2017-02-01	lbi	south	2017
2016-09-01	B/Nevada/17/2016_EPI_ISL_220753	0.00053	0.8470689999999987	0.738875999999998	-7.821182266061628e-16	0.0005300068900895718	0.8470800120401573	2017-02-01	lbi	south	2017
2016-09-01	B/Nevada/26/2016_EPI_ISL_229389	0.00257	0.8470689999999987	0.738875999999998	-2.7505750321539294e-16	0.0025700334104343395	0.8470800120401573	2017-02-01	lbi	south	2017
2016-09-01	B/New_Mexico/02/2016_EPI_ISL_218687	2.6000000000000002e-05	2.8005909999999967	2.722023999999996	9.987960659028541e-15	2.600033800439421e-05	2.800627408156306	2017-02-01	lbi	south	2017
2016-09-01	B/New_Mexico/07/2016_EPI_ISL_217832	6.3e-05	0.8470689999999987	0.738875999999998	9.250822987111594e-15	6.30008190106475e-05	0.8470800120401573	2017-02-01	lbi	south	2017
2016-09-01	B/New_Mexico/13/2016_EPI_ISL_218688	0.000505	0.8470689999999987	0.738875999999998	-5.14442050534006e-16	0.0005050065650853469	0.8470800120401573	2017-02-01	lbi	south	2017
2016-09-01	B/New_Mexico/29/2016_EPI_ISL_222393	0.001359	0.8470689999999987	0.738875999999998	-4.115287963796471e-16	0.0013590176672296761	0.8470800120401573	2017-02-01	lbi	south	2017
2016-09-01	B/Newcastle/2/2016_EPI_ISL_227607	0.0009199999999999999	0.8470689999999987	0.738875999999998	-2.545256090846529e-16	0.0009200119601554834	0.8470800120401573	2017-02-01	lbi	south	2017
2016-09-01	B/Nonthaburi/8/2016_EPI_ISL_232281	0.000215	0.8470689999999987	0.738875999999998	9.951716946955552e-15	0.00021500279503633673	0.8470800120401573	2017-02-01	lbi	south	2017
2016-09-01	B/Nord_Pas_de_Calais/338/2016_EPI_ISL_216344	5.600000000000001e-05	1.843933999999997	1.7373189999999965	1.0438644984972803e-14	5.600072800946448e-05	1.8439579714536296	2017-02-01	lbi	south	2017
2016-09-01	B/North_Carolina/17/2016_EPI_ISL_223001	0.002668	0.8470689999999987	0.738875999999998	-3.7928738181348007e-16	0.002668034684450902	0.8470800120401573	2017-02-01	lbi	south	2017
2016-09-01	B/North_Carolina/18/2016_EPI_ISL_225260	0.003092	2.7424479999999964	2.652403999999995	-6.217452971042348e-17	0.0030920401965225603	2.7424836522874805	2017-02-01	lbi	south	2017
2016-09-01	B/North_Carolina/24/2016_EPI_ISL_230549	0.00792	1.8261899999999969	1.7366929999999965	4.860240460600006e-17	0.00792010296133851	1.8262137407786307	2017-02-01	lbi	south	2017
2016-09-01	B/Norway/3701/2016_EPI_ISL_224525	0.009864	1.827327999999997	1.7388669999999966	-1.660329491990477e-16	0.009864128233667053	1.827351755572823	2017-02-01	lbi	south	2017
2016-09-01	B/OITA/4/2016_EPI_ISL_224430	0.000265	0.8470689999999987	0.738875999999998	1.00628674570749e-14	0.00026500344504478714	0.8470800120401573	2017-02-01	lbi	south	2017
2016-09-01	B/OSAKA/19/2016_EPI_ISL_231970	0.000148	1.7663629999999964	1.6524129999999972	9.913233144470325e-15	0.0001480019240250132	1.7663859630175198	2017-02-01	lbi	south	2017
2016-09-01	B/Ohio/12/2016_EPI_ISL_232238	0.018216999999999997	0.8470689999999987	0.738875999999998	-1.3576065476875552e-16	0.018217236824078737	0.8470800120401573	2017-02-01	lbi	south	2017
2016-09-01	B/Oman/1950/2016_EPI_ISL_223721	0.000183	1.8466899999999968	1.7388669999999966	1.0533749497377385e-14	0.00018300237903092853	1.8467140072820951	2017-02-01	lbi	south	2017
2016-09-01	B/Oman/4391/2016_EPI_ISL_232219	1.2e-05	0.8470689999999987	0.738875999999998	9.18880113335573e-15	1.2000156002028094e-05	0.8470800120401573	2017-02-01	lbi	south	2017
2016-09-01	B/Oman/7822/2015_EPI_ISL_223723	1e-05	0.8470689999999987	0.738875999999998	9.08563338891596e-15	1.0000130001690078e-05	0.8470800120401573	2017-02-01	lbi	south	2017
2016-09-01	B/Oregon/01/2016_EPI_ISL_211612	1.6e-05	1.846903999999997	1.7388669999999966	1.0531010822401712e-14	1.6000208002704134e-05	1.8469280100641312	2017-02-01	lbi	south	2017
2016-09-01	B/Paris/1130/2016_EPI_ISL_216492	0.000308	0.8470689999999987	0.738875999999998	9.930030279259115e-15	0.0003080040040520545	0.8470800120401573	2017-02-01	lbi	south	2017
2016-09-01	B/Paris/2361/2016_EPI_ISL_224257	0.003092	1.8408159999999971	1.7382629999999966	1.2060330158542353e-16	0.0030920401965225603	1.8408399309191024	2017-02-01	lbi	south	2017
2016-09-01	B/Paris/620/2016_EPI_ISL_216473	0.00011899999999999999	0.8470689999999987	0.738875999999998	1.0049138732599108e-14	0.00011900154702011195	0.8470800120401573	2017-02-01	lbi	south	2017
2016-09-01	B/Parma/114/2016_EPI_ISL_224409	0.000279	0.8470689999999987	0.738875999999998	9.882467304892978e-15	0.0002790036270471533	0.8470800120401573	2017-02-01	lbi	south	2017
2016-09-01	B/Pays_de_Loire/1615/2016_EPI_ISL_219015	0.000582	1.8155399999999966	1.7262229999999967	-6.825308143254511e-16	0.0005820075660983601	1.8155636023268305	2017-02-01	lbi	south	2017
2016-09-01	B/Pennsylvania/35/2016_EPI_ISL_224306__dup2	0.001303	0.8470689999999987	0.738875999999998	-3.7683005534551643e-16	0.0013030169392202117	0.8470800120401573	2017-02-01	lbi	south	2017
2016-09-01	B/Pennsylvania/45/2016_EPI_ISL_230562__dup2	0.0050100000000000006	0.8470689999999987	0.738875999999998	-3.1565003905876504e-16	0.0050100651308467095	0.8470800120401573	2017-02-01	lbi	south	2017
2016-09-01	B/Peru/5516/2016_EPI_ISL_230589	0.006845	0.8470689999999987	0.738875999999998	-2.2915158309219334e-16	0.006845088986156832	0.8470800120401573	2017-02-01	lbi	south	2017
2016-09-01	B/Peru/73/2016_EPI_ISL_232295	0.0020399999999999997	1.8429759999999968	1.7388669999999966	-2.8631174222650517e-16	0.002040026520344767	1.8429999589994674	2017-02-01	lbi	south	2017
2016-09-01	B/Peru/74/2016_EPI_ISL_232296	0.001811	1.830931999999997	1.7382009999999963	1.1994384258851764e-16	0.0018110235433060659	1.8309558024254318	2017-02-01	lbi	south	2017
2016-09-01	B/Peru/78/2016_EPI_ISL_232299	0.004243	1.838569999999997	1.7388669999999966	-7.16078917232757e-17	0.004243055159717084	1.8385939017207227	2017-02-01	lbi	south	2017
2016-09-01	B/Peru/8116/2016_EPI_ISL_230590	0.009104000000000001	0.8470689999999987	0.738875999999998	-2.422039861288249e-16	0.009104118353538611	0.8470800120401573	2017-02-01	lbi	south	2017
2016-09-01	B/Puerto_Rico/04/2016_EPI_ISL_230578	0.012969	1.821117999999997	1.7388349999999966	-6.742839144673672e-17	0.01296916859919181	1.8211416748417733	2017-02-01	lbi	south	2017
2016-09-01	B/Rennes/1632/2016_EPI_ISL_219017	0.000377	0.8470689999999987	0.738875999999998	9.32612304275247e-15	0.000377004901063716	0.8470800120401573	2017-02-01	lbi	south	2017
2016-09-01	B/SAGAMIHARA/2/2016_EPI_ISL_224437	2.4e-05	0.8470689999999987	0.738875999999998	9.470417469760745e-15	2.400031200405619e-05	0.8470800120401573	2017-02-01	lbi	south	2017
2016-09-01	B/SHIGA/2/2016_EPI_ISL_220937	3.5e-05	1.846985999999997	1.7388099999999966	1.0127172446014023e-14	3.500045500591528e-05	1.847010011130145	2017-02-01	lbi	south	2017
2016-09-01	B/Santiago/20267/2016_EPI_ISL_229308	0.000769	0.8470689999999987	0.738875999999998	-1.9224569019377898e-16	0.000769009997129964	0.8470800120401573	2017-02-01	lbi	south	2017
2016-09-01	B/Santiago/21423/2016_EPI_ISL_229309	0.001005	2.7877589999999963	2.6645399999999952	8.311232978110367e-17	0.001005013065169849	2.7877952413381375	2017-02-01	lbi	south	2017
2016-09-01	B/Santiago/27247/2016_EPI_ISL_229311	0.00105	0.8470689999999987	0.738875999999998	-5.177660158706217e-16	0.0010500136501774538	0.8470800120401573	2017-02-01	lbi	south	2017
2016-09-01	B/Santiago/28120/2016_EPI_ISL_230542	0.004101	0.8470689999999987	0.738875999999998	-4.762813312295428e-16	0.004101053313693084	0.8470800120401573	2017-02-01	lbi	south	2017
2016-09-01	B/Sao_Paulo/2691/2016_EPI_ISL_214559	3.9e-05	2.764862999999996	2.7359279999999946	9.748012833316555e-15	3.9000507006591305e-05	2.764898943686268	2017-02-01	lbi	south	2017
2016-09-01	B/Sao_Paulo/44554/2016_EPI_ISL_231637	0.030394	0.8470689999999987	0.738875999999998	-3.9931710698225086e-17	0.030394395127136705	0.8470800120401573	2017-02-01	lbi	south	2017
2016-09-01	B/Sao_Paulo/654/2016_EPI_ISL_215020	1.4000000000000001e-05	3.8469459999999978	3.7388489999999934	1.053476779299139e-14	1.4000182002366118e-05	3.8469960109481427	2017-02-01	lbi	south	2017
2016-09-01	B/Shaanxi-Beilin/12235/2015_EPI_ISL_212689	1e-05	0.8470689999999987	0.738875999999998	9.836829071908889e-15	1.0000130001690081e-05	0.8470800120401573	2017-02-01	lbi	south	2017
2016-09-01	B/Shaanxi-Qindou/34/2016_EPI_ISL_223394	0.0005549999999999	2.700672999999997	2.642259999999995	-3.5550846240618024e-16	0.000555007215093697	2.7007081092054217	2017-02-01	lbi	south	2017
2016-09-01	B/Shaanxi-Qindou/38/2016_EPI_ISL_223418	0.0005549999999999	2.7553239999999977	2.6664389999999947	-3.5550846240618024e-16	0.000555007215093697	2.755359819677657	2017-02-01	lbi	south	2017
2016-09-01	B/Shandong-Mudan/1203/2016_EPI_ISL_223426	0.000437	3.6578259999999987	3.7000259999999927	1.2029654553955806e-16	0.0004370056810738547	3.6578735523561807	2017-02-01	lbi	south	2017
2016-09-01	B/Shanghai-Xuhui/1142/2016_EPI_ISL_223397	0.000251	5.458919999999989	5.664413999999994	1.0535088822672046e-14	0.0002510032630424211	5.45899096688257	2017-02-01	lbi	south	2017
2016-09-01	B/Sichuan-Gaoxin/1405/2016_EPI_ISL_225368	0.00838	1.8302959999999968	1.6672209999999967	-1.5092035748026017e-16	0.008380108941416251	1.8303197941573244	2017-02-01	lbi	south	2017
2016-09-01	B/Sichuan-Gaoxin/1442/2016_EPI_ISL_225379	0.011784999999999999	0.8470689999999987	0.738875999999998	-2.226619255588611e-16	0.011785153206991708	0.8470800120401573	2017-02-01	lbi	south	2017
2016-09-01	B/Sichuan-Gaoxin/17/2016_EPI_ISL_212577	1.4000000000000001e-05	1.824205999999997	1.7263409999999968	9.096740926172725e-15	1.4000182002366108e-05	1.8242297149862956	2017-02-01	lbi	south	2017
2016-09-01	B/Sichuan-Qingyang/1115/2016_EPI_ISL_223479	5e-05	1.8463259999999968	1.7388669999999966	9.442717553131574e-15	5.0000650008450394e-05	1.8463500025500335	2017-02-01	lbi	south	2017
2016-09-01	B/Singapore/INFEN-16-0031/2016_EPI_ISL_226514	4.4e-05	0.8470689999999987	0.738875999999998	9.563279372927694e-15	4.400057200743635e-05	0.8470800120401573	2017-02-01	lbi	south	2017
2016-09-01	B/Singapore/INFEN-16-0192/2016_EPI_ISL_226533	0.00053	1.8321009999999969	1.7372659999999966	-7.821182266061628e-16	0.0005300068900895718	1.8321248176226295	2017-02-01	lbi	south	2017
2016-09-01	B/Singapore/INFGP-16-0194/2016_EPI_ISL_226513	5.600000000000001e-05	0.8470689999999987	0.738875999999998	9.050315139264477e-15	5.600072800946444e-05	0.8470800120401573	2017-02-01	lbi	south	2017
2016-09-01	B/Singapore/INFGP-16-0299/2016_EPI_ISL_226522	9e-05	0.8470689999999987	0.738875999999998	9.302236825579118e-15	9.00011700152107e-05	0.8470800120401573	2017-02-01	lbi	south	2017
2016-09-01	B/Singapore/INFGP-16-0398/2016_EPI_ISL_226523	0.000193	0.8470689999999987	0.738875999999998	1.0087457302675646e-14	0.00019300250903261858	0.8470800120401573	2017-02-01	lbi	south	2017
2016-09-01	B/Singapore/INFGP-16-0756/2016_EPI_ISL_226531	0.000769	1.8455179999999969	1.7388669999999966	1.1896634339038088e-16	0.0007690099971299641	1.845541992045897	2017-02-01	lbi	south	2017
2016-09-01	B/Singapore/INFGP-16-0980/2016_EPI_ISL_226485	0.003324	1.840334999999997	1.7283859999999962	-2.642067234189574e-16	0.0033240432125617686	1.8403589246660212	2017-02-01	lbi	south	2017
2016-09-01	B/Singapore/INFGP-16-0995/2016_EPI_ISL_226486	0.003963	1.773864999999997	1.7285089999999967	-7.516803791154369e-17	0.0039630515196697625	1.7738880605447873	2017-02-01	lbi	south	2017
2016-09-01	B/Singapore/INFKK-16-0077/2016_EPI_ISL_226515	4.2e-05	2.8468749999999967	2.6956689999999957	1.053481393247819e-14	4.200054600709835e-05	2.8469120098561276	2017-02-01	lbi	south	2017
2016-09-01	B/Singapore/INFKK-16-0204/2016_EPI_ISL_226525	0.000193	0.8470689999999987	0.738875999999998	1.0087457302675646e-14	0.00019300250903261858	0.8470800120401573	2017-02-01	lbi	south	2017
2016-09-01	B/Singapore/INFKK-16-0486/2016_EPI_ISL_226488	0.003206	0.8470689999999987	0.738875999999998	-6.635194204707775e-16	0.0032060416785418258	0.8470800120401573	2017-02-01	lbi	south	2017
2016-09-01	B/Singapore/INFKK-16-0523/2016_EPI_ISL_226465	0.005175	2.8138429999999963	2.7189719999999946	-1.643581058408246e-16	0.005175067275874594	2.8138795804345462	2017-02-01	lbi	south	2017
2016-09-01	B/Singapore/INFKK-16-0548/2016_EPI_ISL_226448__dup2	0.00838	0.8470689999999987	0.738875999999998	-1.8769808518853492e-16	0.008380108941416251	0.8470800120401573	2017-02-01	lbi	south	2017
2016-09-01	B/Singapore/INFKK-16-0575/2016_EPI_ISL_226474__dup2	0.011784999999999999	1.7235359999999964	1.6547949999999971	3.640687553051619e-17	0.01178515320699171	1.7235584062592817	2017-02-01	lbi	south	2017
2016-09-01	B/Singapore/INFTT-16-0481/2016_EPI_ISL_226491	0.001961	1.8016419999999969	1.7294739999999962	-1.5468743366735895e-16	0.0019610254933314164	1.8016654216504817	2017-02-01	lbi	south	2017
2016-09-01	B/Singapore/INFTT-16-0481/2016_EPI_ISL_226491__dup2	0.001961	0.8470689999999987	0.738875999999998	-7.432911996482207e-16	0.001961025493331416	0.8470800120401573	2017-02-01	lbi	south	2017
2016-09-01	B/Singapore/INFTT-16-0533/2016_EPI_ISL_226450	0.005517	6.464506999999998	6.6425739999999935	1.2071161333911043e-16	0.005517071721932395	6.464591039683516	2017-02-01	lbi	south	2017
2016-09-01	B/Singapore/INFTT-16-0633/2016_EPI_ISL_226477	0.014211000000000001	0.8470689999999987	0.738875999999998	-2.4580520846548713e-16	0.014211184745401714	0.8470800120401573	2017-02-01	lbi	south	2017
2016-09-01	B/Slovenia/1601/2016_EPI_ISL_224612	0.004691	1.7051179999999968	1.711362999999997	8.431358014429381e-17	0.004691060983792798	1.7051401668221686	2017-02-01	lbi	south	2017
2016-09-01	B/Slovenia/1604/2016_EPI_ISL_224613	0.004691	1.7051179999999968	1.711362999999997	-6.458627330175412e-17	0.004691060983792798	1.7051401668221686	2017-02-01	lbi	south	2017
2016-09-01	B/South_Africa/2635/2016_EPI_ISL_232308	0.0074769999999999	0.8470689999999987	0.738875999999998	-2.4518445810660693e-16	0.007477097202263542	0.8470800120401573	2017-02-01	lbi	south	2017
2016-09-01	B/South_Africa/3077/2016_EPI_ISL_232311	0.009607	0.8470689999999987	0.738875999999998	-2.363894490196708e-16	0.009607124892623617	0.8470800120401573	2017-02-01	lbi	south	2017
2016-09-01	B/South_Africa/R2537/2016_EPI_ISL_231723	0.006445	0.8470689999999987	0.738875999999998	-3.999737330671706e-16	0.006445083786089228	0.8470800120401573	2017-02-01	lbi	south	2017
2016-09-01	B/South_Africa/R2895/2016_EPI_ISL_231724	0.009104000000000001	0.8470689999999987	0.738875999999998	-3.3381889240672457e-16	0.009104118353538611	0.8470800120401573	2017-02-01	lbi	south	2017
2016-09-01	B/South_Africa/R3073/2016_EPI_ISL_231727	0.009864	0.8470689999999987	0.738875999999998	-2.331189545067667e-16	0.009864128233667053	0.8470800120401573	2017-02-01	lbi	south	2017
2016-09-01	B/South_Africa/R3225/2016_EPI_ISL_231728	0.011784999999999999	1.8233299999999968	1.7385789999999963	-1.0780956575223142e-16	0.01178515320699171	1.8233537035981473	2017-02-01	lbi	south	2017
2016-09-01	B/South_Africa/R3352/2016_EPI_ISL_231731	0.01237	1.822315999999997	1.7388389999999967	-7.09027605446962e-17	0.012370160812090579	1.8223396904159759	2017-02-01	lbi	south	2017
2016-09-01	B/South_Auckland/8/2016_EPI_ISL_227621	0.008618	0.8470689999999987	0.738875999999998	-3.422436069058444e-16	0.008618112035456475	0.8470800120401573	2017-02-01	lbi	south	2017
2016-09-01	B/South_Australia/17/2016_EPI_ISL_227624	0.013275	2.7939429999999965	2.6813179999999948	1.2064235928859512e-16	0.013275172577243527	2.793979321731182	2017-02-01	lbi	south	2017
2016-09-01	B/South_Australia/9/2016_EPI_ISL_227613	0.002475	0.8470689999999987	0.738875999999998	-7.960523363396436e-16	0.002475032175418284	0.8470800120401573	2017-02-01	lbi	south	2017
2016-09-01	B/St.-Petersburg/124/2016_EPI_ISL_231733	5.600000000000001e-05	0.8470689999999987	0.738875999999998	9.050315139264477e-15	5.600072800946444e-05	0.8470800120401573	2017-02-01	lbi	south	2017
2016-09-01	B/Stockholm/2/2016_EPI_ISL_211881	2.4e-05	0.8470689999999987	0.738875999999998	8.878964039784494e-15	2.4000312004056187e-05	0.8470800120401573	2017-02-01	lbi	south	2017
2016-09-01	B/Stockholm/9/2016_EPI_ISL_220443	0.000265	0.8470689999999987	0.738875999999998	1.00628674570749e-14	0.00026500344504478714	0.8470800120401573	2017-02-01	lbi	south	2017
2016-09-01	B/Sweden/12/2016_EPI_ISL_215745	0.000279	0.8470689999999987	0.738875999999998	9.882467304892978e-15	0.0002790036270471533	0.8470800120401573	2017-02-01	lbi	south	2017
2016-09-01	B/Sweden/22/2016_EPI_ISL_222409	0.000842	1.7051179999999968	1.711362999999997	-1.5785814053575302e-16	0.0008420109461423011	1.7051401668221686	2017-02-01	lbi	south	2017
2016-09-01	B/Sweden/3/2016_EPI_ISL_212177	9.499999999999999e-05	0.8470689999999987	0.738875999999998	9.313436857482626e-15	9.500123501605571e-05	0.8470800120401573	2017-02-01	lbi	south	2017
2016-09-01	B/Sydney/3/2016_EPI_ISL_222808	0.00011200000000000001	1.846725999999997	1.7388669999999966	1.0492747249399117e-14	0.00011200145601892894	1.8467500077501011	2017-02-01	lbi	south	2017
2016-09-01	B/Sydney/9/2016_EPI_ISL_227608	0.000193	0.8470689999999987	0.738875999999998	1.0087457302675646e-14	0.00019300250903261858	0.8470800120401573	2017-02-01	lbi	south	2017
2016-09-01	B/TOCHIGI/16203/2016_EPI_ISL_221765	2.6000000000000002e-05	1.846829999999997	1.7388669999999966	9.273951642425881e-15	2.60003380043942e-05	1.8468540091021188	2017-02-01	lbi	south	2017
2016-09-01	B/TOKYO/15515/2016_EPI_ISL_212548	1.4999999999999999e-05	0.8470689999999987	0.738875999999998	9.169164996738178e-15	1.5000195002535112e-05	0.8470800120401573	2017-02-01	lbi	south	2017
2016-09-01	B/TOKYO/15724/2016_EPI_ISL_221767	0.000125	0.8470689999999987	0.738875999999998	1.005355342044937e-14	0.000125001625021126	0.8470800120401573	2017-02-01	lbi	south	2017
2016-09-01	B/TOKYO/15733/2016_EPI_ISL_231969	0.00011899999999999999	0.8470689999999987	0.738875999999998	1.0049138732599108e-14	0.00011900154702011195	0.8470800120401573	2017-02-01	lbi	south	2017
2016-09-01	B/TOKYO/EH17/2016_EPI_ISL_217891	0.000279	0.8470689999999987	0.738875999999998	9.882467304892978e-15	0.0002790036270471533	0.8470800120401573	2017-02-01	lbi	south	2017
2016-09-01	B/TOKYO/EH2/2016_EPI_ISL_213047	5.600000000000001e-05	0.8470689999999987	0.738875999999998	9.050315139264477e-15	5.600072800946444e-05	0.8470800120401573	2017-02-01	lbi	south	2017
2016-09-01	B/TOKYO/EH8/2016_EPI_ISL_217890	0.000106	2.7032529999999966	2.7094279999999946	1.0187791776747967e-14	0.00010600137801791487	2.703288142745856	2017-02-01	lbi	south	2017
2016-09-01	B/TOKYO/EH8/2016_EPI_ISL_217890__dup2	0.000106	2.7032529999999966	2.7094279999999946	1.0187791776747967e-14	0.00010600137801791487	2.703288142745856	2017-02-01	lbi	south	2017
2016-09-01	B/TOYAMA/71/2016_EPI_ISL_231960	0.001146	0.8470689999999987	0.738875999999998	-5.06061332934545e-16	0.0011460148981936784	0.8470800120401573	2017-02-01	lbi	south	2017
2016-09-01	B/Taiwan/6047/2016_EPI_ISL_214594	5.3e-05	1.846725999999997	1.7388669999999966	1.0487413700709535e-14	5.300068900895745e-05	1.8467500077501011	2017-02-01	lbi	south	2017
2016-09-01	B/Temuco/21639/2016_EPI_ISL_229310	0.00105	0.8470689999999987	0.738875999999998	-6.145846184777569e-16	0.0010500136501774538	0.8470800120401573	2017-02-01	lbi	south	2017
2016-09-01	B/Texas/06/2016_EPI_ISL_217515	2.7000000000000002e-05	1.846903999999997	1.7388669999999966	1.0531297947984159e-14	2.7000351004563227e-05	1.8469280100641312	2017-02-01	lbi	south	2017
2016-09-01	B/Texas/16/2016_EPI_ISL_220648	3.3e-05	1.846903999999997	1.7388669999999966	1.0531400329444944e-14	3.300042900557728e-05	1.8469280100641312	2017-02-01	lbi	south	2017
2016-09-01	B/Townsville/8/2016_EPI_ISL_227610	0.00277	0.8470689999999987	0.738875999999998	-5.607173617364874e-16	0.0027700360104681403	0.8470800120401573	2017-02-01	lbi	south	2017
2016-09-01	B/Trnava/192/2016_EPI_ISL_224421	0.000251	1.7051179999999968	1.711362999999997	1.0224938167235418e-14	0.00025100326304242104	1.7051401668221686	2017-02-01	lbi	south	2017
2016-09-01	B/Turkey/TR-19/2016_EPI_ISL_213324	2.8999999999999997e-05	1.8390699999999973	1.7388429999999964	9.958472787655977e-15	2.9000377004901232e-05	1.839093908220807	2017-02-01	lbi	south	2017
2016-09-01	B/Turkey/TR-30/2016_EPI_ISL_213325	2.8999999999999997e-05	1.8390699999999973	1.7388429999999964	9.958472787655977e-15	2.9000377004901232e-05	1.839093908220807	2017-02-01	lbi	south	2017
2016-09-01	B/Turkey/TR-35/2016_EPI_ISL_213326	2.8999999999999997e-05	1.8390699999999973	1.7388429999999964	9.26190665074493e-15	2.900037700490122e-05	1.839093908220807	2017-02-01	lbi	south	2017
2016-09-01	B/Uganda/150/2016_EPI_ISL_229294	0.002982	2.8169369999999954	2.7322039999999945	-8.714747492835298e-17	0.0029820387665039695	2.8169736206570684	2017-02-01	lbi	south	2017
2016-09-01	B/Uganda/4784/2016_EPI_ISL_229297	0.000148	1.834021999999997	1.7322129999999965	9.352742384563482e-15	0.00014800192402501317	1.8340458425959543	2017-02-01	lbi	south	2017
2016-09-01	B/Uganda/4807/2016_EPI_ISL_229298	0.001005	2.8319989999999957	2.7322039999999945	-1.4560666713197198e-16	0.0010050130651698488	2.832035816465614	2017-02-01	lbi	south	2017
2016-09-01	B/Uganda/4816/2016_EPI_ISL_229306	0.001811	0.8470689999999987	0.738875999999998	-5.522485068760849e-16	0.0018110235433060654	0.8470800120401573	2017-02-01	lbi	south	2017
2016-09-01	B/Uganda/4825/2016_EPI_ISL_229300	0.002382	1.834021999999997	1.7322129999999965	-9.890967465329021e-17	0.002382030966402567	1.8340458425959543	2017-02-01	lbi	south	2017
2016-09-01	B/Uganda/4844/2016_EPI_ISL_229302	0.003324	0.8470689999999987	0.738875999999998	-3.4255374392437916e-16	0.0033240432125617686	0.8470800120401573	2017-02-01	lbi	south	2017
2016-09-01	B/Uganda/5519/2016_EPI_ISL_229296	0.002293	0.8470689999999987	0.738875999999998	-6.106808331390554e-16	0.0022930298093875256	0.8470800120401573	2017-02-01	lbi	south	2017
2016-09-01	B/Ulaanbaatar/1913/2016_EPI_ISL_232322	0.002293	1.8016419999999969	1.7294739999999962	-1.4455148959208425e-16	0.0022930298093875256	1.8016654216504817	2017-02-01	lbi	south	2017
2016-09-01	B/Uruguay/02/2016_EPI_ISL_232368	1.9e-05	1.7051179999999968	1.711362999999997	9.89151055227597e-15	1.9000247003211156e-05	1.7051401668221686	2017-02-01	lbi	south	2017
2016-09-01	B/Valparaiso/32814/2016_EPI_ISL_229314	0.0066430000000000005	1.789781999999997	1.6645489999999972	9.711014520302538e-17	0.006643086360122693	1.7898052674684775	2017-02-01	lbi	south	2017
2016-09-01	B/Vermont/14/2016_EPI_ISL_229423	0.00838	0.8470689999999987	0.738875999999998	-2.523664538831547e-16	0.008380108941416251	0.8470800120401573	2017-02-01	lbi	south	2017
2016-09-01	B/Vina_Del_Mar/32296/2016_EPI_ISL_229313	0.006251	5.62378699999999	5.693556999999993	1.2071161368151782e-16	0.006251081264056443	5.6238601101814325	2017-02-01	lbi	south	2017
2016-09-01	B/Virginia/01/2016_EPI_ISL_212859	5.600000000000001e-05	1.8438519999999972	1.7385649999999966	1.01558929697739e-14	5.6000728009464466e-05	1.8438759703876155	2017-02-01	lbi	south	2017
2016-09-01	B/Vologda/CRIE-321/2016_EPI_ISL_232504	0.013895	1.788601999999997	1.7362249999999964	-9.586767047394864e-17	0.013895180637348308	1.7886252521282782	2017-02-01	lbi	south	2017
2016-09-01	B/Vologda/CRIE-323/2016_EPI_ISL_232505	0.013895	0.8470689999999987	0.738875999999998	-1.832959808682048e-16	0.013895180637348306	0.8470800120401573	2017-02-01	lbi	south	2017
2016-09-01	B/Vologda/CRIE-324/2016_EPI_ISL_232506	0.013895	0.8470689999999987	0.738875999999998	-1.1917425750879365e-16	0.013895180637348308	0.8470800120401573	2017-02-01	lbi	south	2017
2016-09-01	B/Vologda/CRIE-325/2016_EPI_ISL_232507	0.013895	0.8470689999999987	0.738875999999998	-1.681132892435022e-16	0.013895180637348306	0.8470800120401573	2017-02-01	lbi	south	2017
2016-09-01	B/Vologda/CRIE-327/2016_EPI_ISL_232508	0.013895	1.7125629999999967	1.7185489999999968	1.2071019455429e-16	0.013895180637348308	1.712585263608427	2017-02-01	lbi	south	2017
2016-09-01	B/Vologda/CRIE-328/2016_EPI_ISL_232509	0.013895	2.760268999999996	2.733013999999995	3.1379647706987955e-17	0.013895180637348308	2.760304883963491	2017-02-01	lbi	south	2017
2016-09-01	B/Vologda/CRIE-330/2016_EPI_ISL_232510	0.013895	0.8470689999999987	0.738875999999998	-1.9166971567111044e-16	0.013895180637348306	0.8470800120401573	2017-02-01	lbi	south	2017
2016-09-01	B/WAKAYAMA-C/2/2016_EPI_ISL_212543	1.4000000000000001e-05	1.847027999999997	1.7388669999999966	9.895720584117855e-15	1.4000182002366115e-05	1.8470520116761522	2017-02-01	lbi	south	2017
2016-09-01	B/Washington/12/2016_EPI_ISL_220629	3.9e-05	0.8470689999999987	0.738875999999998	9.545378709699834e-15	3.9000507006591305e-05	0.8470800120401573	2017-02-01	lbi	south	2017
2016-09-01	B/Washington/16/2016_EPI_ISL_212933	3.1e-05	0.8470689999999987	0.738875999999998	9.359980695628828e-15	3.100040300523924e-05	0.8470800120401573	2017-02-01	lbi	south	2017
2016-09-01	B/Washington/34/2016_EPI_ISL_217652	2.3e-05	0.8470689999999987	0.738875999999998	8.365418614879011e-15	2.300029900388717e-05	0.8470800120401573	2017-02-01	lbi	south	2017
2016-09-01	B/Washington/77/2016_EPI_ISL_224312__dup2	0.0018850000000000002	0.8470689999999987	0.738875999999998	-5.460756099484218e-16	0.001885024505318572	0.8470800120401573	2017-02-01	lbi	south	2017
2016-09-01	B/Washington/88/2016_EPI_ISL_225255	0.004101	0.8470689999999987	0.738875999999998	-4.763156898240237e-16	0.004101053313693084	0.8470800120401573	2017-02-01	lbi	south	2017
2016-09-01	B/Wisconsin/09/2016_EPI_ISL_217746	0.000156	0.8470689999999987	0.738875999999998	1.0018603876892824e-14	0.00015600202802636525	0.8470800120401573	2017-02-01	lbi	south	2017
2016-09-01	B/Wisconsin/37/2016_EPI_ISL_229413	0.005875	1.835305999999997	1.7388669999999966	-1.8257858523885102e-16	0.005875076375992897	1.835329859288171	2017-02-01	lbi	south	2017
2016-09-01	B/YAMAGATA/191/2016_EPI_ISL_231958	0.005517	0.8470689999999987	0.738875999999998	-4.733467807222487e-16	0.005517071721932394	0.8470800120401573	2017-02-01	lbi	south	2017
2016-09-01	B/Yunnan-Lushui/1687/2016_EPI_ISL_230737	0.012667	1.809645999999997	1.7012079999999967	-2.0395662533700484e-16	0.01266716467314077	1.8096695257038344	2017-02-01	lbi	south	2017
2016-09-01	B/heilongJiangxi-An/1700/2015_EPI_ISL_212613	1e-05	2.7032529999999966	2.7094279999999946	1.0038191889489384e-14	1.0000130001690083e-05	2.703288142745856	2017-02-01	lbi	south	2017
2017-09-01	B/AKITA/2/2017_EPI_ISL_271957	0.0018989999999999999	3.513549999999996	4.3798800000000035	-1.4815070646541013e-18	0.0018990170911538226	3.5135816222346037	2018-02-01	lbi	south	2018
2017-09-01	B/Acre/146980-IEC/2017_EPI_ISL_275394	0.0005809999999999	2.518189999999997	3.379888999999997	1.8208625684378564e-16	0.0005810052290469621	2.518212663913978	2018-02-01	lbi	south	2018
2017-09-01	B/Alaska/12/2017_EPI_ISL_273760	0.019777	3.282547999999999	4.641298999999996	3.4075546347349995e-18	0.019777177994601977	3.2825775431978887	2018-02-01	lbi	south	2018
2017-09-01	B/Alaska/13/2017_EPI_ISL_276641	0.020648	3.282547999999999	4.641298999999996	3.03250433243578e-17	0.02064818583367253	3.2825775431978887	2018-02-01	lbi	south	2018
2017-09-01	B/Alaska/14/2017_EPI_ISL_276642	0.020648	3.282547999999999	4.641298999999996	3.03250433243578e-17	0.02064818583367253	3.2825775431978887	2018-02-01	lbi	south	2018
2017-09-01	B/Alaska/15/2017_EPI_ISL_276640	0.02122	3.282547999999999	4.641298999999996	5.2930054537631435e-17	0.021220190981718862	3.2825775431978887	2018-02-01	lbi	south	2018
2017-09-01	B/Alaska/18/2017_EPI_ISL_276389	0.00584	3.282547999999999	4.641298999999996	1.3352889166303852e-16	0.005840052560473052	3.2825775431978887	2018-02-01	lbi	south	2018
2017-09-01	B/Almatinskay/222/2017_EPI_ISL_268803	7e-05	2.518189999999997	3.379888999999997	8.055728906292032e-17	7.000063000567013e-05	2.518212663913978	2018-02-01	lbi	south	2018
2017-09-01	B/Amazonas/145488-IEC/2017_EPI_ISL_276521	2.1e-05	2.518189999999997	3.379888999999997	-8.060045204086972e-16	2.1000189001701034e-05	2.518212663913978	2018-02-01	lbi	south	2018
2017-09-01	B/Analavory/2825/2017_EPI_ISL_274404	0.014230000000000001	3.461260999999996	4.379768000000003	-7.36100474304331e-17	0.01423012807115266	3.4612921516293684	2018-02-01	lbi	south	2018
2017-09-01	B/Analavory/2827/2017_EPI_ISL_276654	0.014230000000000001	3.461260999999996	4.379768000000003	-7.36100474304331e-17	0.01423012807115266	3.4612921516293684	2018-02-01	lbi	south	2018
2017-09-01	B/Anhui-Dangtu/1136/2017_EPI_ISL_270620	0.004716	4.463929999999996	5.201411999999999	-1.5605109048288954e-16	0.0047160424443820044	4.463970175731582	2018-02-01	lbi	south	2018
2017-09-01	B/Anhui-Yingzhou/1148/2017_EPI_ISL_270707	0.000328	2.518189999999997	3.379888999999997	-7.418699800746673e-17	0.00032800295202656867	2.518212663913978	2018-02-01	lbi	south	2018
2017-09-01	B/Ankara/551/2017_EPI_ISL_275443	9.8e-05	4.465989999999995	5.36055	-1.6183415914944485e-16	9.800088200793817e-05	4.466030194271748	2018-02-01	lbi	south	2018
2017-09-01	B/Ankara/90/2017_EPI_ISL_261218	1.9e-05	2.518189999999997	3.379888999999997	-7.3726037859579515e-16	1.900017100153903e-05	2.518212663913978	2018-02-01	lbi	south	2018
2017-09-01	B/Argentina/6/2017_EPI_ISL_276445	2.4e-05	3.518132999999996	4.3798800000000035	-8.236322777024763e-16	2.400021600194404e-05	3.518164663481975	2018-02-01	lbi	south	2018
2017-09-01	B/Arizona/06/2017_EPI_ISL_256110	0.000136	4.093741999999996	4.805950999999998	-1.618440853742033e-16	0.00013600122401101624	4.093778844009599	2018-02-01	lbi	south	2018
2017-09-01	B/Arizona/31/2017_EPI_ISL_270010	0.010740999999999999	4.261057000000001	5.641264000000001	2.5093448196668166e-16	0.010741096669870042	4.261095349858148	2018-02-01	lbi	south	2018
2017-09-01	B/Arizona/34/2017_EPI_ISL_272617	0.014515	3.282547999999999	4.641298999999996	1.9681394722193476e-16	0.014515130636175743	3.2825775431978887	2018-02-01	lbi	south	2018
2017-09-01	B/Arizona/35/2017_EPI_ISL_274413	0.018897	7.221184999999995	7.208587999999999	-1.6027753501325473e-16	0.018897170074530692	7.221249991249924	2018-02-01	lbi	south	2018
2017-09-01	B/Arizona/38/2017_EPI_ISL_276386	0.009290000000000001	3.282547999999999	4.641298999999996	2.691226547193416e-16	0.009290083610752512	3.2825775431978887	2018-02-01	lbi	south	2018
2017-09-01	B/Arizona/44/2017_EPI_ISL_276384	0.009761	3.282547999999999	4.641298999999996	2.6046547786704075e-16	0.009761087849790661	3.2825775431978887	2018-02-01	lbi	south	2018
2017-09-01	B/Arizona/45/2017_EPI_ISL_276385	0.010492	3.282547999999999	4.641298999999996	2.498007095589527e-16	0.010492094428849873	3.2825775431978887	2018-02-01	lbi	south	2018
2017-09-01	B/Arizona/47/2017_EPI_ISL_276648	0.024934	3.282547999999999	4.641298999999996	2.9779534319221276e-17	0.024934224408019706	3.2825775431978887	2018-02-01	lbi	south	2018
2017-09-01	B/Arizona/59/2017_EPI_ISL_276365	0.0017579999999999	3.282547999999999	4.641298999999996	3.56932649760919e-16	0.001758015822142302	3.2825775431978887	2018-02-01	lbi	south	2018
2017-09-01	B/Arizona/75/2017_EPI_ISL_276358	0.005501	3.282547999999999	4.641298999999996	1.3606516384645002e-16	0.005501049509445592	3.2825775431978887	2018-02-01	lbi	south	2018
2017-09-01	B/Astrakhan/02/2017_EPI_ISL_273887	2.7000000000000002e-05	3.485821999999995	4.203509000000002	-8.066365095445404e-16	2.7000243002187046e-05	3.4858533726803573	2018-02-01	lbi	south	2018
2017-09-01	B/Athens.GR/1280/2017_EPI_ISL_268008	0.000129	2.518189999999997	3.379888999999997	4.8588084580776596e-17	0.00012900116101044926	2.518212663913978	2018-02-01	lbi	south	2018
2017-09-01	B/Athens.GR/1886/2017_EPI_ISL_268013	0.000637	2.518189999999997	3.379888999999997	1.8909795349573078e-16	0.0006370057330515982	2.518212663913978	2018-02-01	lbi	south	2018
2017-09-01	B/Athens_GR/580/2017_EPI_ISL_261220	3.1e-05	2.518189999999997	3.379888999999997	4.636570069780705e-16	3.100027900251107e-05	2.518212663913978	2018-02-01	lbi	south	2018
2017-09-01	B/Athens_GR/77/2017_EPI_ISL_261221	1.2e-05	2.518189999999997	3.379888999999997	-6.448484154812978e-16	1.200010800097202e-05	2.518212663913978	2018-02-01	lbi	south	2018
2017-09-01	B/Athens_GR/78/2017_EPI_ISL_261222	1.1e-05	2.518189999999997	3.379888999999997	-7.154608154902188e-16	1.1000099000891018e-05	2.518212663913978	2018-02-01	lbi	south	2018
2017-09-01	B/Bahia/128/2017_EPI_ISL_267613	8.8e-05	2.518189999999997	3.379888999999997	2.5014117031910887e-16	8.800079200712817e-05	2.518212663913978	2018-02-01	lbi	south	2018
2017-09-01	B/Bangladesh/0010/2017_EPI_ISL_272618	8.3e-05	3.504975999999996	4.371768000000003	2.858647479605616e-17	8.300074700672316e-05	3.505007545067909	2018-02-01	lbi	south	2018
2017-09-01	B/Bangladesh/2025/2017_EPI_ISL_268467	0.00020800000000000001	3.4938439999999966	4.363656000000003	-1.4819341267882666e-16	0.0002080018720168484	3.493875444879008	2018-02-01	lbi	south	2018
2017-09-01	B/Bangladesh/2109/2017_EPI_ISL_269988	0.0018989999999999999	2.518189999999997	3.379888999999997	-1.4210508390856847e-16	0.0018990170911538224	2.518212663913978	2018-02-01	lbi	south	2018
2017-09-01	B/Bangladesh/3004/2017_EPI_ISL_268468	0.001827	3.0883949999999962	3.702384000000001	-1.6180249245526338e-16	0.0018270164431479904	3.0884227958051675	2018-02-01	lbi	south	2018
2017-09-01	B/Bangladesh/8001/2017_EPI_ISL_268470	0.000312	2.518189999999997	3.379888999999997	7.147385494250246e-17	0.00031200280802527264	2.518212663913978	2018-02-01	lbi	south	2018
2017-09-01	B/Bangladesh/8002/2017_EPI_ISL_269990	0.001441	3.4938439999999966	4.363656000000003	-1.6264797978753733e-17	0.001441012969116724	3.493875444879008	2018-02-01	lbi	south	2018
2017-09-01	B/Bangladesh/8005/2017_EPI_ISL_268471	2.3e-05	3.518134999999996	4.3798800000000035	-7.937758343141729e-16	2.300020700186304e-05	3.5181666634999753	2018-02-01	lbi	south	2018
2017-09-01	B/Bangladesh/8008/2017_EPI_ISL_269991	0.001827	3.514488999999996	4.379154000000003	-1.617853729667411e-16	0.0018270164431479904	3.5145206306856798	2018-02-01	lbi	south	2018
2017-09-01	B/Bayern/10/2017_EPI_ISL_258053	0.000188	3.517804999999996	4.374610000000003	-1.2973875829061172e-16	0.00018800169201522836	3.5178366605299485	2018-02-01	lbi	south	2018
2017-09-01	B/Belgium/S1204/2017_EPI_ISL_262008	0.000269	2.518189999999997	3.379888999999997	3.226989540621792e-16	0.00026900242102178955	2.518212663913978	2018-02-01	lbi	south	2018
2017-09-01	B/Brisbane/3/2017_EPI_ISL_261889	3.1e-05	3.513108999999996	4.375296000000003	-7.575185394249659e-16	3.100027900251105e-05	3.5131406182655684	2018-02-01	lbi	south	2018
2017-09-01	B/Bulgaria/513/2017_EPI_ISL_263075	0.00021899999999999998	2.518189999999997	3.379888999999997	2.9008670665671573e-16	0.00021900197101773947	2.518212663913978	2018-02-01	lbi	south	2018
2017-09-01	B/Buzau/210450/2017_EPI_ISL_276660	0.000909	3.4936469999999966	4.275321000000001	2.0315096529603123e-16	0.0009090081810736308	3.4936784431059906	2018-02-01	lbi	south	2018
2017-09-01	B/California/01/2017_EPI_ISL_247689	1.4000000000000001e-05	2.518189999999997	3.379888999999997	-7.915142839660007e-16	1.4000126001134024e-05	2.518212663913978	2018-02-01	lbi	south	2018
2017-09-01	B/California/21/2017_EPI_ISL_266868	0.0015609999999999999	3.282547999999999	4.641298999999996	3.746377384556014e-16	0.0015610140491264443	3.2825775431978887	2018-02-01	lbi	south	2018
2017-09-01	B/Ceara/145411-IEC/2017_EPI_ISL_276500	2.7000000000000002e-05	3.510418999999996	4.3798800000000035	-5.402753599510618e-16	2.700024300218705e-05	3.51045059405535	2018-02-01	lbi	south	2018
2017-09-01	B/Ceara/146936-IEC/2017_EPI_ISL_275410	0.00247	3.510418999999996	4.3798800000000035	-3.31154523579857e-17	0.002470022230200075	3.51045059405535	2018-02-01	lbi	south	2018
2017-09-01	B/Colorado/06/2017_EPI_ISL_257735__dup9	0.00024300000000000002	5.968125999999995	5.771252999999998	7.252479956751159e-16	0.00024300218701968357	5.9681797136174275	2018-02-01	lbi	south	2018
2017-09-01	B/Colorado/12/2017_EPI_ISL_264100	0.000762	3.282547999999999	4.641298999999996	1.9798540928639295e-16	0.0007620068580617235	3.2825775431978887	2018-02-01	lbi	south	2018
2017-09-01	B/Colorado/13/2017_EPI_ISL_260482__dup2	0.001274	5.968125999999995	5.771252999999998	5.274652652655976e-16	0.0012740114661031966	5.9681797136174275	2018-02-01	lbi	south	2018
2017-09-01	B/Connecticut/10/2017_EPI_ISL_256835	4.1e-05	2.518189999999997	3.379888999999997	-2.6106370103655245e-16	4.100036900332108e-05	2.518212663913978	2018-02-01	lbi	south	2018
2017-09-01	B/Connecticut/12/2017_EPI_ISL_256834	4.7e-05	2.518189999999997	3.379888999999997	-6.580473744102472e-16	4.7000423003807075e-05	2.518212663913978	2018-02-01	lbi	south	2018
2017-09-01	B/Dakar/04/2017_EPI_ISL_275466	0.00037999999999999997	3.4365889999999957	4.358059000000003	1.8691068586653672e-16	0.00038000342003078073	3.436619929579369	2018-02-01	lbi	south	2018
2017-09-01	B/Dakar/06/2017_EPI_ISL_275468	0.000797	3.4365889999999957	4.358059000000003	1.0906592917946932e-16	0.0007970071730645585	3.436619929579369	2018-02-01	lbi	south	2018
2017-09-01	B/Dakar/08/2017_EPI_ISL_275470	0.000797	5.4333730000000005	6.358041000000004	1.4394266671134868e-17	0.0007970071730645585	5.43342190079711	2018-02-01	lbi	south	2018
2017-09-01	B/Dakar/09/2017_EPI_ISL_275471	0.002129	2.518189999999997	3.379888999999997	-4.7881963839552456e-17	0.002129019161172453	2.518212663913978	2018-02-01	lbi	south	2018
2017-09-01	B/Delaware/13/2017_EPI_ISL_258183__dup2	0.000283	3.5173109999999963	4.3798800000000035	-1.543380137561955e-16	0.0002830025470229235	3.5173426560839087	2018-02-01	lbi	south	2018
2017-09-01	B/Delaware/14/2017_EPI_ISL_258196	0.000283	2.518189999999997	3.379888999999997	4.3862295668782956e-17	0.00028300254702292357	2.518212663913978	2018-02-01	lbi	south	2018
2017-09-01	B/Delaware/24/2017_EPI_ISL_264389	0.0015609999999999999	5.309176999999994	5.2088899999999985	1.8414270574902035e-16	0.001561014049126444	5.309224783023055	2018-02-01	lbi	south	2018
2017-09-01	B/EHIME/3/2017_EPI_ISL_271952	0.001625	3.5149309999999963	4.3798800000000035	-6.082070317469049e-17	0.0016250146251316282	3.5149626346637155	2018-02-01	lbi	south	2018
2017-09-01	B/Ecuador/2934/2017_EPI_ISL_272621	0.000608	4.500198999999997	5.371203	-5.06079251691659e-17	0.0006080054720492492	4.5002395021555195	2018-02-01	lbi	south	2018
2017-09-01	B/Egypt/1428/2017_EPI_ISL_269526	0.000269	3.517642999999996	4.3798800000000035	-5.1844112247846295e-17	0.0002690024210217895	3.517674659071935	2018-02-01	lbi	south	2018
2017-09-01	B/Egypt/174/2017_EPI_ISL_268024	1.2e-05	2.518189999999997	3.379888999999997	-6.448484154812978e-16	1.200010800097202e-05	2.518212663913978	2018-02-01	lbi	south	2018
2017-09-01	B/England/23/2017_EPI_ISL_270910__dup2	6.6e-05	2.518189999999997	3.379888999999997	1.5903089847940333e-16	6.600059400534614e-05	2.518212663913978	2018-02-01	lbi	south	2018
2017-09-01	B/Esteli/240/2017_EPI_ISL_276581	0.00415	3.504940999999996	4.3798800000000035	-6.100170167174654e-17	0.004150037350336158	3.5049725447529063	2018-02-01	lbi	south	2018
2017-09-01	B/FUKUI/11/2017_EPI_ISL_271960	0.00584	5.468451	6.274747000000001	-1.6184222505654466e-16	0.005840052560473051	5.46850021650195	2018-02-01	lbi	south	2018
2017-09-01	B/FUKUSHIMA/3/2017_EPI_ISL_265152	7.900000000000001e-05	3.485821999999995	4.203509000000002	3.5481997879336206e-17	7.900071100639917e-05	3.4858533726803573	2018-02-01	lbi	south	2018
2017-09-01	B/Fianarantsoa/2440/2017_EPI_ISL_274358	0.006559000000000001	2.518189999999997	3.379888999999997	-8.556810086889805e-17	0.006559059031531292	2.518212663913978	2018-02-01	lbi	south	2018
2017-09-01	B/Fianarantsoa/2441/2017_EPI_ISL_274405	0.006559000000000001	2.518189999999997	3.379888999999997	-4.6408820502689546e-17	0.006559059031531292	2.518212663913978	2018-02-01	lbi	south	2018
2017-09-01	B/Florida/10/2017_EPI_ISL_256846__dup2	0.000129	4.515680999999996	5.379486999999999	-1.6176760659655431e-16	0.00012900116101044923	4.515721641494774	2018-02-01	lbi	south	2018
2017-09-01	B/Florida/14/2017_EPI_ISL_258170	0.00020800000000000001	2.518189999999997	3.379888999999997	8.743652458905921e-17	0.00020800187201684844	2.518212663913978	2018-02-01	lbi	south	2018
2017-09-01	B/Florida/18/2017_EPI_ISL_259478	0.000362	2.518189999999997	3.379888999999997	2.5718105270471515e-16	0.00036200325802932274	2.518212663913978	2018-02-01	lbi	south	2018
2017-09-01	B/Florida/22/2017_EPI_ISL_262826	0.000697	3.5159479999999963	4.379496000000003	4.1223187986711623e-17	0.0006970062730564584	3.5159796438167983	2018-02-01	lbi	south	2018
2017-09-01	B/Florida/35/2017_EPI_ISL_268483	0.001274	2.518189999999997	3.379888999999997	1.30914004215114e-17	0.0012740114661031964	2.518212663913978	2018-02-01	lbi	south	2018
2017-09-01	B/Florida/57/2017_EPI_ISL_268815	0.009761	5.968125999999995	5.771252999999998	2.38434428165294e-19	0.009761087849790661	5.9681797136174275	2018-02-01	lbi	south	2018
2017-09-01	B/Florida/64/2017_EPI_ISL_268917	0.0008699999999999	5.968125999999995	5.771252999999998	4.773689939970987e-16	0.000870007830070372	5.9681797136174275	2018-02-01	lbi	south	2018
2017-09-01	B/Florida/77/2017_EPI_ISL_268923	0.004016	5.968125999999995	5.771252999999998	2.6098422992741916e-16	0.004016036144325303	5.9681797136174275	2018-02-01	lbi	south	2018
2017-09-01	B/Florida/80/2017_EPI_ISL_268926	0.00817	5.968125999999995	5.771252999999998	1.6884897862482334e-16	0.008170073530661787	5.9681797136174275	2018-02-01	lbi	south	2018
2017-09-01	B/Florida/81/2017_EPI_ISL_270015	0.01125	5.968125999999995	5.771252999999998	-9.333110816652894e-18	0.011250101250911271	5.9681797136174275	2018-02-01	lbi	south	2018
2017-09-01	B/Florida/83/2017_EPI_ISL_270080	0.0123	5.968125999999995	5.771252999999998	8.106173434054255e-18	0.012300110700996325	5.9681797136174275	2018-02-01	lbi	south	2018
2017-09-01	B/Florida/87/2017_EPI_ISL_274423	0.02122	6.880471999999991	6.763310999999993	-5.2717719814903964e-17	0.021220190981718862	6.880533924805326	2018-02-01	lbi	south	2018
2017-09-01	B/Florida/89/2017_EPI_ISL_274393	0.018603	6.880471999999991	6.763310999999993	-4.2066237994532265e-17	0.018603167428506883	6.880533924805326	2018-02-01	lbi	south	2018
2017-09-01	B/Florida/90/2017_EPI_ISL_274394	0.020648	5.968125999999995	5.771252999999998	-3.43775158442717e-17	0.02064818583367253	5.9681797136174275	2018-02-01	lbi	south	2018
2017-09-01	B/Fujian-Gulou/1994/2017_EPI_ISL_270621	0.0037579999999999996	3.4902379999999953	4.2828490000000015	-1.6182684582685122e-16	0.0037580338223044047	3.490269412424715	2018-02-01	lbi	south	2018
2017-09-01	B/Georgia/425/2017_EPI_ISL_273315	0.000666	2.518189999999997	3.379888999999997	1.720713934110985e-16	0.0006660059940539473	2.518212663913978	2018-02-01	lbi	south	2018
2017-09-01	B/Georgia/501/2017_EPI_ISL_273322	0.001384	2.518189999999997	3.379888999999997	2.2439870046880494e-16	0.0013840124561121069	2.518212663913978	2018-02-01	lbi	south	2018
2017-09-01	B/Georgia/506/2017_EPI_ISL_273319	0.0017579999999999	2.518189999999997	3.379888999999997	-1.4173713952722263e-16	0.0017580158221423014	2.518212663913978	2018-02-01	lbi	south	2018
2017-09-01	B/Georgia/515/2017_EPI_ISL_273321	0.001625	2.518189999999997	3.379888999999997	1.8695191599715866e-17	0.0016250146251316282	2.518212663913978	2018-02-01	lbi	south	2018
2017-09-01	B/Georgia/518/2017_EPI_ISL_273318	0.001827	2.518189999999997	3.379888999999997	1.324141471765772e-16	0.0018270164431479906	2.518212663913978	2018-02-01	lbi	south	2018
2017-09-01	B/Georgia/523/2017_EPI_ISL_273320	0.0017579999999999	5.503349000000002	6.374444000000004	-1.618458324613513e-16	0.0017580158221423014	5.50339853058678	2018-02-01	lbi	south	2018
2017-09-01	B/Georgia/559/2017_EPI_ISL_273317	0.002956	2.518189999999997	3.379888999999997	-2.3445984285171367e-17	0.0029560266042394415	2.518212663913978	2018-02-01	lbi	south	2018
2017-09-01	B/Goias/524558/2017_EPI_ISL_264578	1.2e-05	2.518189999999997	3.379888999999997	-6.448484154812978e-16	1.200010800097202e-05	2.518212663913978	2018-02-01	lbi	south	2018
2017-09-01	B/Guangdong-Dongwanbendi/1421/2017_EPI_ISL_270618	0.009290000000000001	3.499600999999996	4.3798800000000035	-1.6133159881516722e-16	0.009290083610752509	3.499632496692474	2018-02-01	lbi	south	2018
2017-09-01	B/Guangxi-Lingshan/35/2017_EPI_ISL_270715	0.000297	3.5175869999999962	4.3798800000000035	-4.4957337599602835e-17	0.0002970026730240576	3.517618658567931	2018-02-01	lbi	south	2018
2017-09-01	B/Guangxi-Xixiangtang/1136/2017_EPI_ISL_270721	8.8e-05	4.488016999999997	5.2733149999999975	-1.6177569990801396e-16	8.800079200712816e-05	4.4880573925165335	2018-02-01	lbi	south	2018
2017-09-01	B/HYOGO/3233/2017_EPI_ISL_267603	0.000909	4.444519999999996	5.2891809999999975	-5.113586219385018e-17	0.0009090081810736308	4.444560001040009	2018-02-01	lbi	south	2018
2017-09-01	B/Hawaii/35/2017_EPI_ISL_272629	0.0123	4.126110000000001	5.609911	4.6394245909276634e-17	0.012300110700996325	4.126147135324218	2018-02-01	lbi	south	2018
2017-09-01	B/Hawaii/51/2017_EPI_ISL_276638	0.018603	3.4809749999999955	4.360969000000003	-1.6113113972363156e-16	0.01860316742850688	3.481006329056965	2018-02-01	lbi	south	2018
2017-09-01	B/Heilongjiang-Taoshan/116/2017_EPI_ISL_253324	1.3000000000000001e-05	2.518189999999997	3.379888999999997	-7.1741733728030965e-16	1.3000117001053022e-05	2.518212663913978	2018-02-01	lbi	south	2018
2017-09-01	B/Hong_Kong/194/2017_EPI_ISL_269528	0.002381	4.483456999999997	5.2733149999999975	-1.6180920470711493e-16	0.0023810214291928654	4.4834973514761645	2018-02-01	lbi	south	2018
2017-09-01	B/Hong_Kong/201/2017_EPI_ISL_269529	0.002381	3.5134189999999963	4.359055000000003	-1.6182621087932072e-16	0.0023810214291928654	3.5134506210555934	2018-02-01	lbi	south	2018
2017-09-01	B/Hong_Kong/21/2017_EPI_ISL_247608	1.9e-05	3.514488999999996	4.379154000000003	-7.140479140210627e-17	1.9000171001539037e-05	3.5145206306856798	2018-02-01	lbi	south	2018
2017-09-01	B/Hong_Kong/217/2017_EPI_ISL_269531	0.002656	3.5111289999999964	4.275480000000001	-1.2600012536525591e-16	0.002656023904215141	3.511160600445408	2018-02-01	lbi	south	2018
2017-09-01	B/Hong_Kong/238/2017_EPI_ISL_269535	0.004286	2.518189999999997	3.379888999999997	-7.498540559263685e-17	0.004286038574347175	2.518212663913978	2018-02-01	lbi	south	2018
2017-09-01	B/Hong_Kong/296/2017_EPI_ISL_276543	0.012569	6.224426999999996	6.506437000000001	-2.1856724236555093e-17	0.012569113122018114	6.224483020347189	2018-02-01	lbi	south	2018
2017-09-01	B/Hong_Kong/296/2017_EPI_ISL_276543__dup2	0.012569	6.224426999999996	6.506437000000001	-2.1856724236555093e-17	0.012569113122018114	6.224483020347189	2018-02-01	lbi	south	2018
2017-09-01	B/Hong_Kong/348/2017_EPI_ISL_276544	0.021504	4.412218999999996	5.0482499999999995	-1.618445054026202e-16	0.021504193537741863	4.412258710328392	2018-02-01	lbi	south	2018
2017-09-01	B/Hubei-Wujiagang/1127/2017_EPI_ISL_270719	0.000129	3.4882279999999954	4.2733240000000015	-1.617800478554266e-16	0.00012900116101044923	3.488259394334552	2018-02-01	lbi	south	2018
2017-09-01	B/IBARAKI/1/2017_EPI_ISL_267597	1.2e-05	2.518189999999997	3.379888999999997	-6.448484154812978e-16	1.200010800097202e-05	2.518212663913978	2018-02-01	lbi	south	2018
2017-09-01	B/ISHIKAWA/67/2017_EPI_ISL_267610	0.000439	3.4580269999999955	4.289190000000001	3.450749439564393e-16	0.00043900395103555997	3.4580581225231066	2018-02-01	lbi	south	2018
2017-09-01	B/Idaho/04/2017_EPI_ISL_260489	0.00053	2.518189999999997	3.379888999999997	1.8480717888158415e-16	0.000530004770042931	2.518212663913978	2018-02-01	lbi	south	2018
2017-09-01	B/Illinois/03/2017_EPI_ISL_249892	5e-05	3.517982999999996	4.349204000000004	-1.6182058734591525e-16	5.00004500040501e-05	3.5180146621319626	2018-02-01	lbi	south	2018
2017-09-01	B/Illinois/05/2017_EPI_ISL_258171__dup2	8.3e-05	2.518189999999997	3.379888999999997	3.306302780824523e-16	8.300074700672317e-05	2.518212663913978	2018-02-01	lbi	south	2018
2017-09-01	B/Illinois/08/2017_EPI_ISL_256871	0.000178	4.126110000000001	5.609911	1.5772023336057042e-16	0.00017800160201441836	4.126147135324218	2018-02-01	lbi	south	2018
2017-09-01	B/Illinois/30/2017_EPI_ISL_268870	0.000909	4.126110000000001	5.609911	3.457035162313811e-17	0.0009090081810736308	4.126147135324218	2018-02-01	lbi	south	2018
2017-09-01	B/Illinois/41/2017_EPI_ISL_268881	0.00205	3.282547999999999	4.641298999999996	2.494794649192063e-16	0.0020500184501660544	3.2825775431978887	2018-02-01	lbi	south	2018
2017-09-01	B/Iowa/06/2017_EPI_ISL_253228__dup2	0.000136	5.309176999999994	5.2088899999999985	3.172957593706287e-16	0.0001360012240110163	5.309224783023055	2018-02-01	lbi	south	2018
2017-09-01	B/Irkutsk/10/2017_EPI_ISL_273736	0.000833	5.432481	6.357997000000003	-1.6184462151656151e-16	0.0008330074970674745	5.432529892769039	2018-02-01	lbi	south	2018
2017-09-01	B/Irkutsk/579/2017_EPI_ISL_276670	0.000169	4.517447999999996	5.379198999999999	-1.6182789009652595e-16	0.0001690015210136893	4.517488657397917	2018-02-01	lbi	south	2018
2017-09-01	B/Jamaica/1087/2017_EPI_ISL_272635	0.010492	5.968125999999995	5.771252999999998	5.941822229189224e-17	0.010492094428849873	5.9681797136174275	2018-02-01	lbi	south	2018
2017-09-01	B/Jamaica/1101/2017_EPI_ISL_272636	0.010740999999999999	5.968125999999995	5.771252999999998	5.725583015276793e-17	0.010741096669870042	5.9681797136174275	2018-02-01	lbi	south	2018
2017-09-01	B/Jamaica/1134/2017_EPI_ISL_272638	0.012034	7.9197479999999985	7.768340999999992	-1.2425522932998628e-16	0.012034108306974777	7.919819278373509	2018-02-01	lbi	south	2018
2017-09-01	B/Jamaica/1137/2017_EPI_ISL_272639	0.0123	6.943516999999993	6.771207999999993	-1.2459730966221472e-16	0.012300110700996325	6.943579492215432	2018-02-01	lbi	south	2018
2017-09-01	B/Jiangsu-Haizhou/123/2017_EPI_ISL_253322	1.8e-05	5.497982999999998	6.323006000000003	-8.236290879068845e-16	1.800016200145803e-05	5.498032482292344	2018-02-01	lbi	south	2018
2017-09-01	B/Jiangxi-Donghu/15/2017_EPI_ISL_242417	1.2e-05	3.5181569999999964	4.285968000000001	-8.236249315093167e-16	1.200010800097202e-05	3.518188663697977	2018-02-01	lbi	south	2018
2017-09-01	B/KANAGAWA/AC1623/2017_EPI_ISL_259047	2.7000000000000002e-05	3.1061009999999967	3.807390000000001	-3.488649359552212e-16	2.7000243002187053e-05	3.1061289551606013	2018-02-01	lbi	south	2018
2017-09-01	B/KANAGAWA/AC1629/2017_EPI_ISL_259057__dup2	8.8e-05	3.4580269999999955	4.289190000000001	6.122752927863111e-16	8.800079200712819e-05	3.4580581225231066	2018-02-01	lbi	south	2018
2017-09-01	B/KANAGAWA/AC1633/2017_EPI_ISL_259058__dup2	0.000198	2.518189999999997	3.379888999999997	4.88232269032785e-16	0.00019800178201603844	2.518212663913978	2018-02-01	lbi	south	2018
2017-09-01	B/KANAGAWA/IC1637/2017_EPI_ISL_259056	0.000188	4.427347999999996	5.191393999999997	-1.1868479035405599e-17	0.00018800169201522836	4.427387846490619	2018-02-01	lbi	south	2018
2017-09-01	B/KANAGAWA/IC1638/2017_EPI_ISL_259059	0.00021899999999999998	5.460393999999997	6.097626000000002	-2.4793753287654513e-17	0.0002190019710177394	5.460443143988299	2018-02-01	lbi	south	2018
2017-09-01	B/KANAGAWA/IC1638/2017_EPI_ISL_259059__dup2	0.00021899999999999998	3.5173049999999964	4.378574000000003	-2.4793753287654513e-17	0.0002190019710177394	3.517336656029908	2018-02-01	lbi	south	2018
2017-09-01	B/KANAGAWA/IC1639/2017_EPI_ISL_259060	0.000231	4.442641999999996	5.232880999999996	-1.729254556964747e-17	0.00023100207901871145	4.442681984137858	2018-02-01	lbi	south	2018
2017-09-01	B/KANAGAWA/IC1639/2017_EPI_ISL_259060__dup2	0.000231	3.4580269999999955	4.289190000000001	2.860405888564902e-16	0.0002310020790187115	3.4580581225231066	2018-02-01	lbi	south	2018
2017-09-01	B/KANAGAWA/ZC1618/2017_EPI_ISL_259062	0.00021899999999999998	3.502804999999997	4.323580000000002	-1.6184065426248836e-16	0.00021900197101773939	3.502836525528733	2018-02-01	lbi	south	2018
2017-09-01	B/KANAGAWA/ZC1618/2017_EPI_ISL_259062__dup2	0.00021899999999999998	2.518189999999997	3.379888999999997	2.9008670665671573e-16	0.00021900197101773947	2.518212663913978	2018-02-01	lbi	south	2018
2017-09-01	B/KITAKYUSYU/5/2017_EPI_ISL_271962	0.0005809999999999	3.5170189999999963	4.3798800000000035	5.4832725660661805e-17	0.0005810052290469621	3.517050653455885	2018-02-01	lbi	south	2018
2017-09-01	B/Kaliningrad/22/2017_EPI_ISL_276444	9.8e-05	3.503174999999997	4.324063000000002	-1.6180889276800601e-16	9.800088200793817e-05	3.503206528858763	2018-02-01	lbi	south	2018
2017-09-01	B/Kansas/01/2017_EPI_ISL_253229	1.9e-05	3.514612999999996	4.3798800000000035	-1.1807916477511266e-16	1.9000171001539037e-05	3.5146446318016897	2018-02-01	lbi	south	2018
2017-09-01	B/Karaganda/115/2017_EPI_ISL_268819	8.8e-05	2.518189999999997	3.379888999999997	2.5014117031910887e-16	8.800079200712817e-05	2.518212663913978	2018-02-01	lbi	south	2018
2017-09-01	B/Karaganda/72/2017_EPI_ISL_268822	2.8999999999999997e-05	2.518189999999997	3.379888999999997	-7.715707269541081e-16	2.9000261002349043e-05	2.518212663913978	2018-02-01	lbi	south	2018
2017-09-01	B/Karaganda/75/2017_EPI_ISL_268823	2.8999999999999997e-05	2.518189999999997	3.379888999999997	-7.715707269541081e-16	2.9000261002349043e-05	2.518212663913978	2018-02-01	lbi	south	2018
2017-09-01	B/Kazakhstan/7440/2017_EPI_ISL_276675	0.000439	3.513108999999996	4.375296000000003	-9.045016140476252e-18	0.00043900395103555986	3.5131406182655684	2018-02-01	lbi	south	2018
2017-09-01	B/Kharkiv/191/2017_EPI_ISL_269709	0.000283	2.518189999999997	3.379888999999997	4.3862295668782956e-17	0.00028300254702292357	2.518212663913978	2018-02-01	lbi	south	2018
2017-09-01	B/Khmelnitsky/155/2017_EPI_ISL_268838	0.0015	3.485821999999995	4.203509000000002	-1.4566990968393667e-16	0.0015000135001215027	3.4858533726803573	2018-02-01	lbi	south	2018
2017-09-01	B/Krasnoyarsk/5427/2017_EPI_ISL_273748	0.000762	3.5166439999999963	4.376826000000003	3.687574848828806e-17	0.0007620068580617235	3.5166756500808543	2018-02-01	lbi	south	2018
2017-09-01	B/Kyiv/129/2017_EPI_ISL_268839	0.0015	2.518189999999997	3.379888999999997	-1.616918152099354e-16	0.0015000135001215027	2.518212663913978	2018-02-01	lbi	south	2018
2017-09-01	B/Kyiv/196/2017_EPI_ISL_267619	0.004016	2.518189999999997	3.379888999999997	2.1661337803924382e-17	0.004016036144325303	2.518212663913978	2018-02-01	lbi	south	2018
2017-09-01	B/Kyiv/303/2017_EPI_ISL_269718	0.00415	2.518189999999997	3.379888999999997	-4.0577396202088384e-17	0.004150037350336158	2.518212663913978	2018-02-01	lbi	south	2018
2017-09-01	B/Kyrgyzstan/117/2017_EPI_ISL_267628	8.8e-05	2.518189999999997	3.379888999999997	2.3584490937009773e-16	8.800079200712817e-05	2.518212663913978	2018-02-01	lbi	south	2018
2017-09-01	B/Kyrgyzstan/136/2017_EPI_ISL_267634	0.000833	3.510174999999996	4.3368680000000035	-1.6182005157527045e-16	0.0008330074970674745	3.5102065918593306	2018-02-01	lbi	south	2018
2017-09-01	B/Kyrgyzstan/65/2017_EPI_ISL_267640	1.1e-05	3.5181589999999963	4.309840000000001	-2.403721464644705e-16	1.100009900089102e-05	3.5181906637159774	2018-02-01	lbi	south	2018
2017-09-01	B/Kyrgyzstan/790/2017_EPI_ISL_267645	0.000188	2.518189999999997	3.379888999999997	5.432737704704952e-16	0.0001880016920152284	2.518212663913978	2018-02-01	lbi	south	2018
2017-09-01	B/Kyrgyzstan/814/2017_EPI_ISL_267647	5.9e-05	2.518189999999997	3.379888999999997	2.483442018293514e-16	5.900053100477911e-05	2.518212663913978	2018-02-01	lbi	south	2018
2017-09-01	B/Kyrgyzstan/837/2017_EPI_ISL_267648	0.00010400000000000001	2.518189999999997	3.379888999999997	2.570574691725874e-17	0.00010400093600842422	2.518212663913978	2018-02-01	lbi	south	2018
2017-09-01	B/Kyrgyzstan/854/2017_EPI_ISL_267650	9.300000000000001e-05	2.518189999999997	3.379888999999997	2.291915981761015e-16	9.30008370075332e-05	2.518212663913978	2018-02-01	lbi	south	2018
2017-09-01	B/Kyrgyzstan/966/2017_EPI_ISL_267652	0.002656	2.518189999999997	3.379888999999997	-1.8072283627313772e-17	0.002656023904215141	2.518212663913978	2018-02-01	lbi	south	2018
2017-09-01	B/Laos/0106/2017_EPI_ISL_270019	1.8e-05	2.518189999999997	3.379888999999997	-1.8710649924556758e-16	1.8000162001458032e-05	2.518212663913978	2018-02-01	lbi	south	2018
2017-09-01	B/Laos/0186/2017_EPI_ISL_268843	2.6000000000000002e-05	2.518189999999997	3.379888999999997	-9.533547636425573e-17	2.6000234002106054e-05	2.518212663913978	2018-02-01	lbi	south	2018
2017-09-01	B/Laos/0734/2017_EPI_ISL_270021	0.000269	2.518189999999997	3.379888999999997	3.2875834315998745e-16	0.00026900242102178955	2.518212663913978	2018-02-01	lbi	south	2018
2017-09-01	B/Laos/0743/2017_EPI_ISL_268492	0.000269	2.518189999999997	3.379888999999997	3.226989540621792e-16	0.00026900242102178955	2.518212663913978	2018-02-01	lbi	south	2018
2017-09-01	B/Laos/3949/2017_EPI_ISL_270023	1e-05	3.517363999999996	4.3798800000000035	-9.666867883934553e-17	1.0000090000810021e-05	3.517395656560913	2018-02-01	lbi	south	2018
2017-09-01	B/Laos/F0035/2017_EPI_ISL_269492	1.3000000000000001e-05	4.517357999999996	5.378343999999999	-8.235589931541575e-16	1.3000117001053022e-05	4.517398656587909	2018-02-01	lbi	south	2018
2017-09-01	B/Laos/F0056/2017_EPI_ISL_269493	1.1e-05	2.518189999999997	3.379888999999997	-7.154608154902188e-16	1.1000099000891018e-05	2.518212663913978	2018-02-01	lbi	south	2018
2017-09-01	B/Laos/F0318/2017_EPI_ISL_269496	3.9e-05	3.5181029999999964	4.3798800000000035	-8.23632468660444e-16	3.9000351003159066e-05	3.5181346632119728	2018-02-01	lbi	south	2018
2017-09-01	B/Laos/F0541/2017_EPI_ISL_269497	0.000129	2.518189999999997	3.379888999999997	4.8588084580776596e-17	0.00012900116101044926	2.518212663913978	2018-02-01	lbi	south	2018
2017-09-01	B/Laos/F0548/2017_EPI_ISL_269498	0.000129	2.518189999999997	3.379888999999997	2.622971932060393e-16	0.00012900116101044926	2.518212663913978	2018-02-01	lbi	south	2018
2017-09-01	B/Latvia/02-04598/2017_EPI_ISL_266981	7e-05	2.518189999999997	3.379888999999997	1.5375792454247713e-16	7.000063000567013e-05	2.518212663913978	2018-02-01	lbi	south	2018
2017-09-01	B/Linkoping/4/2017_EPI_ISL_261691__dup2	0.000169	2.518189999999997	3.379888999999997	-6.180726828794995e-17	0.00016900152101368934	2.518212663913978	2018-02-01	lbi	south	2018
2017-09-01	B/Louisiana/24/2017_EPI_ISL_270095	0.00053	2.518189999999997	3.379888999999997	-9.601787218408502e-18	0.000530004770042931	2.518212663913978	2018-02-01	lbi	south	2018
2017-09-01	B/Lyon/CHU/12.1R308/2017_EPI_ISL_273314	2e-05	2.518189999999997	3.379888999999997	-7.380450618981897e-16	2.0000180001620036e-05	2.518212663913978	2018-02-01	lbi	south	2018
2017-09-01	B/Lyon/CHU/25.1R258/2017_EPI_ISL_273311	4.4e-05	2.518189999999997	3.379888999999997	-6.565292771292589e-16	4.400039600356408e-05	2.518212663913978	2018-02-01	lbi	south	2018
2017-09-01	B/MIE/13/2017_EPI_ISL_267599	0.0013289999999999999	3.4936469999999966	4.275321000000001	1.687172100056225e-16	0.0013290119611076515	3.4936784431059906	2018-02-01	lbi	south	2018
2017-09-01	B/MIE/3/2017_EPI_ISL_259049	3.9e-05	3.4580269999999955	4.289190000000001	4.837860277349849e-16	3.900035100315909e-05	3.4580581225231066	2018-02-01	lbi	south	2018
2017-09-01	B/Maldives/133/2017_EPI_ISL_262780	0.000188	2.518189999999997	3.379888999999997	5.194528926377856e-16	0.0001880016920152284	2.518212663913978	2018-02-01	lbi	south	2018
2017-09-01	B/Maldives/49/2017_EPI_ISL_262781	4.7e-05	3.5100549999999964	4.3798800000000035	-4.3813502561549015e-16	4.7000423003807075e-05	3.510086590779321	2018-02-01	lbi	south	2018
2017-09-01	B/Maranhao/145937-IEC/2017_EPI_ISL_276504	8.8e-05	2.518189999999997	3.379888999999997	2.5014117031910887e-16	8.800079200712817e-05	2.518212663913978	2018-02-01	lbi	south	2018
2017-09-01	B/Maryland/37/2017_EPI_ISL_267569	0.0018989999999999999	3.282547999999999	4.641298999999996	4.0730750070824525e-16	0.001899017091153823	3.2825775431978887	2018-02-01	lbi	south	2018
2017-09-01	B/Maryland/38/2017_EPI_ISL_267572	0.001973	5.309176999999994	5.2088899999999985	7.346564124314323e-17	0.0019730177571598167	5.309224783023055	2018-02-01	lbi	south	2018
2017-09-01	B/Mexico/451/2017_EPI_ISL_259440	9.300000000000001e-05	3.5156489999999962	4.3798800000000035	5.840923957337568e-17	9.30008370075332e-05	3.515680641125774	2018-02-01	lbi	south	2018
2017-09-01	B/Minas_Gerais/68/2017_EPI_ISL_272644	1.2e-05	3.5181569999999964	4.365715000000003	-8.235582964208404e-16	1.200010800097202e-05	3.518188663697977	2018-02-01	lbi	south	2018
2017-09-01	B/Mississippi/02/2017_EPI_ISL_255235	2.8999999999999997e-05	5.309176999999994	5.2088899999999985	1.0300573837489967e-16	2.9000261002349054e-05	5.309224783023055	2018-02-01	lbi	south	2018
2017-09-01	B/Missouri/04/2017_EPI_ISL_256827	7.4e-05	3.282547999999999	4.641298999999996	5.354512421072648e-16	7.400066600599415e-05	3.2825775431978887	2018-02-01	lbi	south	2018
2017-09-01	B/Moldova/267.11/2017_EPI_ISL_269560	0.0005809999999999	3.5161929999999963	4.379688000000003	-1.5985562752393934e-16	0.000581005229046962	3.516224646021818	2018-02-01	lbi	south	2018
2017-09-01	B/Moldova/379.16/2017_EPI_ISL_269566	0.002294	2.518189999999997	3.379888999999997	1.76118338152174e-16	0.0022940206461858187	2.518212663913978	2018-02-01	lbi	south	2018
2017-09-01	B/Moldova/406.18/2017_EPI_ISL_269567	0.003885	2.518189999999997	3.379888999999997	1.0591975339787241e-16	0.0038850349653146926	2.518212663913978	2018-02-01	lbi	south	2018
2017-09-01	B/Moldova/422.18/2017_EPI_ISL_269568	0.003885	3.4664739999999954	4.375908000000003	-1.618450297355348e-16	0.003885034965314692	3.4665051985467903	2018-02-01	lbi	south	2018
2017-09-01	B/Moscow/107/2017_EPI_ISL_273906	0.001441	2.518189999999997	3.379888999999997	-1.564990047781502e-17	0.001441012969116724	2.518212663913978	2018-02-01	lbi	south	2018
2017-09-01	B/Moscow/113/2017_EPI_ISL_276420	0.002294	4.508995999999996	5.379871	-1.6184388463101137e-16	0.0022940206461858183	4.509036581329232	2018-02-01	lbi	south	2018
2017-09-01	B/Moscow/117/2017_EPI_ISL_276421	0.003885	2.518189999999997	3.379888999999997	1.3430725462288868e-16	0.0038850349653146926	2.518212663913978	2018-02-01	lbi	south	2018
2017-09-01	B/Moscow/77/2017_EPI_ISL_274361	0.000169	2.518189999999997	3.379888999999997	2.2850808130522785e-16	0.00016900152101368934	2.518212663913978	2018-02-01	lbi	south	2018
2017-09-01	B/NAGANO/2272/2017_EPI_ISL_271951	0.002129	3.504724999999996	4.328644000000003	-1.5277550207133134e-16	0.0021290191611724528	3.504756542808889	2018-02-01	lbi	south	2018
2017-09-01	B/NAGANO/2272/2017_EPI_ISL_271951__dup2	0.002129	3.504724999999996	4.328644000000003	-1.0926049830490336e-17	0.002129019161172453	3.504756542808889	2018-02-01	lbi	south	2018
2017-09-01	B/NAGANO/2279/2017_EPI_ISL_269507	0.00247	3.504724999999996	4.328644000000003	-1.8445236185427896e-17	0.002470022230200075	3.504756542808889	2018-02-01	lbi	south	2018
2017-09-01	B/NARA/1/2017_EPI_ISL_265153	3.1e-05	2.518189999999997	3.379888999999997	6.041795147506776e-16	3.100027900251107e-05	2.518212663913978	2018-02-01	lbi	south	2018
2017-09-01	B/Netherlands/3094/2017_EPI_ISL_259073	0.0015	2.518189999999997	3.379888999999997	-1.6068181297151126e-16	0.0015000135001215027	2.518212663913978	2018-02-01	lbi	south	2018
2017-09-01	B/New_Jersey/28/2017_EPI_ISL_266634	0.004716	5.309176999999994	5.2088899999999985	7.257636785297931e-17	0.004716042444382005	5.309224783023055	2018-02-01	lbi	south	2018
2017-09-01	B/New_Zealand/290/2017_EPI_ISL_276470	0.0123	3.462828999999996	4.379358000000004	-7.202348224057663e-17	0.012300110700996325	3.4628601657414952	2018-02-01	lbi	south	2018
2017-09-01	B/New_Zealand/543/2017_EPI_ISL_276476	0.015375999999999999	3.462828999999996	4.379358000000004	-8.203772957248381e-17	0.015376138385245486	3.4628601657414952	2018-02-01	lbi	south	2018
2017-09-01	B/Newcastle/4/2017_EPI_ISL_269264	0.000178	2.518189999999997	3.379888999999997	8.750970376290525e-17	0.00017800160201441836	2.518212663913978	2018-02-01	lbi	south	2018
2017-09-01	B/North_Carolina/21/2017_EPI_ISL_268896	0.000637	2.518189999999997	3.379888999999997	1.8909795349573078e-16	0.0006370057330515982	2.518212663913978	2018-02-01	lbi	south	2018
2017-09-01	B/North_Carolina/24/2017_EPI_ISL_268899	0.000833	5.490465999999998	6.363638000000002	-1.5971171739715618e-16	0.0008330074970674745	5.490515414638734	2018-02-01	lbi	south	2018
2017-09-01	B/Norway/2077/2017_EPI_ISL_259624__dup2	0.0012230000000000001	2.518189999999997	3.379888999999997	-1.2430211099754986e-17	0.0012230110070990655	2.518212663913978	2018-02-01	lbi	south	2018
2017-09-01	B/Norway/2424/2017_EPI_ISL_269572	0.00317	2.518189999999997	3.379888999999997	1.3364787640806192e-16	0.0031700285302567765	2.518212663913978	2018-02-01	lbi	south	2018
2017-09-01	B/Norway/998/2017_EPI_ISL_263095	9.8e-05	5.078054999999997	5.689371000000004	-1.417464961196204e-16	9.800088200793817e-05	5.078100702906329	2018-02-01	lbi	south	2018
2017-09-01	B/Nosy_Be/1638/2017_EPI_ISL_273913	0.001384	2.518189999999997	3.379888999999997	1.6540330773705106e-16	0.0013840124561121069	2.518212663913978	2018-02-01	lbi	south	2018
2017-09-01	B/OITA/8/2017_EPI_ISL_267602	0.001173	3.5156489999999962	4.3798800000000035	-5.926618769063785e-17	0.0011730105570950152	3.515680641125774	2018-02-01	lbi	south	2018
2017-09-01	B/OSAKA-C/1/2017_EPI_ISL_265148	4.4e-05	2.518189999999997	3.379888999999997	-6.565292771292589e-16	4.400039600356408e-05	2.518212663913978	2018-02-01	lbi	south	2018
2017-09-01	B/Odessa/167/2017_EPI_ISL_267654	0.0005059999999999	2.518189999999997	3.379888999999997	1.8966400904765714e-16	0.000506004554040887	2.518212663913978	2018-02-01	lbi	south	2018
2017-09-01	B/Odessa/174/2017_EPI_ISL_268851	0.001034	3.5161129999999963	4.379764000000003	2.9629297704489907e-19	0.001034009306083756	3.5161446453018117	2018-02-01	lbi	south	2018
2017-09-01	B/Osorno/29000/2017_Apr_4_EPI_ISL_266303	0.001384	3.510418999999996	4.3798800000000035	-4.6861824931173926e-18	0.0013840124561121069	3.51045059405535	2018-02-01	lbi	south	2018
2017-09-01	B/Pakistan/06/2017_EPI_ISL_255782	1e-05	3.518050999999996	4.3794730000000035	-8.236319080678631e-16	1.0000090000810018e-05	3.5180826627439683	2018-02-01	lbi	south	2018
2017-09-01	B/Pakistan/52/2017_EPI_ISL_255796	6.3e-05	2.518189999999997	3.379888999999997	2.4108421355667025e-16	6.300056700510312e-05	2.518212663913978	2018-02-01	lbi	south	2018
2017-09-01	B/Panama/322496/2017_EPI_ISL_276526	0.0123	2.518189999999997	3.379888999999997	-7.124173301400682e-17	0.012300110700996325	2.518212663913978	2018-02-01	lbi	south	2018
2017-09-01	B/Panama/322609/2017_EPI_ISL_276531	0.018897	3.282547999999999	4.641298999999996	7.63290748107041e-17	0.018897170074530695	3.2825775431978887	2018-02-01	lbi	south	2018
2017-09-01	B/Paraiba/147733-IEC/2017_EPI_ISL_276515	0.00317	2.518189999999997	3.379888999999997	1.3364787640806192e-16	0.0031700285302567765	2.518212663913978	2018-02-01	lbi	south	2018
2017-09-01	B/Parana/234/2017_EPI_ISL_267658	0.0015609999999999999	2.518189999999997	3.379888999999997	2.0865772658456038e-17	0.001561014049126444	2.518212663913978	2018-02-01	lbi	south	2018
2017-09-01	B/Pennsylvania/07/2017_EPI_ISL_258186	0.000188	2.518189999999997	3.379888999999997	5.432737704704952e-16	0.0001880016920152284	2.518212663913978	2018-02-01	lbi	south	2018
2017-09-01	B/Pennsylvania/13/2017_EPI_ISL_264134	0.0037579999999999996	6.2930799999999945	6.208880999999998	-1.9916814845826722e-17	0.003758033822304405	6.293136638229749	2018-02-01	lbi	south	2018
2017-09-01	B/Pennsylvania/16/2017_EPI_ISL_268852	0.004286	6.2930799999999945	6.208880999999998	-2.6965206804643795e-17	0.004286038574347175	6.293136638229749	2018-02-01	lbi	south	2018
2017-09-01	B/Pernambuco/145850-IEC/2017_EPI_ISL_276503	2.6000000000000002e-05	3.5180409999999958	4.3798800000000035	-1.7285217921415554e-16	2.600023400210605e-05	3.518072662653968	2018-02-01	lbi	south	2018
2017-09-01	B/Pernambuco/147092-IEC/2017_EPI_ISL_276509	0.00041799999999999997	2.518189999999997	3.379888999999997	1.6412122767778267e-16	0.0004180037620338588	2.518212663913978	2018-02-01	lbi	south	2018
2017-09-01	B/Peru/0017/2017_EPI_ISL_274426	0.010740999999999999	3.282547999999999	4.641298999999996	2.4060144706210725e-16	0.010741096669870042	3.2825775431978887	2018-02-01	lbi	south	2018
2017-09-01	B/Peru/9217/2017_EPI_ISL_276438	0.00247	4.610716999999999	4.983836000000003	-1.6073205168065717e-16	0.0024700222302000744	4.610758496826472	2018-02-01	lbi	south	2018
2017-09-01	B/PtaArenas/25380/2017_EPI_ISL_266301	0.00034500000000000004	2.518189999999997	3.379888999999997	2.6285094102771546e-16	0.00034500310502794574	2.518212663913978	2018-02-01	lbi	south	2018
2017-09-01	B/Puerto_Rico/15/2017_EPI_ISL_268887	0.0013289999999999999	2.518189999999997	3.379888999999997	1.6950188590491928e-16	0.0013290119611076515	2.518212663913978	2018-02-01	lbi	south	2018
2017-09-01	B/Puerto_Rico/29/2017_EPI_ISL_274422	0.010001999999999999	2.518189999999997	3.379888999999997	-1.5314636778838745e-16	0.010002090018810179	2.518212663913978	2018-02-01	lbi	south	2018
2017-09-01	B/Puerto_Rico/32/2017_EPI_ISL_274397	0.007540000000000001	6.953036999999992	6.771243999999992	-1.171233098908869e-16	0.0075400678606107555	6.953099577896204	2018-02-01	lbi	south	2018
2017-09-01	B/Punta_Arenas/25380/2017_EPI_ISL_266647	0.001125	2.518189999999997	3.379888999999997	-8.613734696836262e-18	0.0011250101250911272	2.518212663913978	2018-02-01	lbi	south	2018
2017-09-01	B/Qatar/11-VI-17-0001490/2017_EPI_ISL_261283	1.6e-05	2.518189999999997	3.379888999999997	2.3645037762643355e-16	1.600014400129603e-05	2.518212663913978	2018-02-01	lbi	south	2018
2017-09-01	B/Qatar/47-VI-17-0000937/2017_EPI_ISL_261288	1.3000000000000001e-05	2.518189999999997	3.379888999999997	-7.912198032696905e-16	1.3000117001053022e-05	2.518212663913978	2018-02-01	lbi	south	2018
2017-09-01	B/Rio_Grande_Do_Norte/145796-IEC/2017_EPI_ISL_276522	0.00011	3.517950999999996	4.3790660000000035	-1.6182652172264776e-16	0.00011000099000891021	3.5179826618439605	2018-02-01	lbi	south	2018
2017-09-01	B/Rio_Grande_do_Norte/146305-IEC/2017_EPI_ISL_275428	0.000637	2.518189999999997	3.379888999999997	1.8909795349573078e-16	0.0006370057330515982	2.518212663913978	2018-02-01	lbi	south	2018
2017-09-01	B/Rio_Grande_do_Norte/146306-IEC/2017_EPI_ISL_275429	0.000762	6.509130999999995	7.379852999999995	-1.60972591048092e-16	0.0007620068580617234	6.509189582706246	2018-02-01	lbi	south	2018
2017-09-01	B/Rio_Grande_do_Norte/146306-IEC/2017_EPI_ISL_275429__dup2	0.000762	3.515132999999996	4.3798800000000035	-1.60972591048092e-16	0.0007620068580617234	3.515164636481732	2018-02-01	lbi	south	2018
2017-09-01	B/Romania/210088/2017_EPI_ISL_258059	0.000949	4.506147999999996	5.357960999999999	-1.61569071200108e-16	0.0009490085410768708	4.506188555697001	2018-02-01	lbi	south	2018
2017-09-01	B/SAGA/73/2017_EPI_ISL_265160	0.000297	3.5175869999999962	4.379026000000003	-1.6184432473074416e-16	0.00029700267302405753	3.517618658567931	2018-02-01	lbi	south	2018
2017-09-01	B/SAGAMIHARA/31/2017_EPI_ISL_271954	0.0013289999999999999	5.458611999999997	6.098932000000003	1.687172100056225e-16	0.0013290119611076515	5.458661127950156	2018-02-01	lbi	south	2018
2017-09-01	B/SAITAMA/93/2017_EPI_ISL_265165	0.0012230000000000001	3.4580269999999955	4.289190000000001	-4.2323148969952203e-17	0.0012230110070990655	3.4580581225231066	2018-02-01	lbi	south	2018
2017-09-01	B/SAPPORO/2/2017_EPI_ISL_259050	2.8999999999999997e-05	2.518189999999997	3.379888999999997	-1.0850806470253913e-16	2.9000261002349054e-05	2.518212663913978	2018-02-01	lbi	south	2018
2017-09-01	B/SENDAI/4/2017_EPI_ISL_265167	0.00099	2.518189999999997	3.379888999999997	1.9413485389549142e-16	0.0009900089100801919	2.518212663913978	2018-02-01	lbi	south	2018
2017-09-01	B/SHIMANE/5/2017_EPI_ISL_271958	0.00584	2.518189999999997	3.379888999999997	-3.9133357701984186e-17	0.005840052560473052	2.518212663913978	2018-02-01	lbi	south	2018
2017-09-01	B/Santiago/21344b/2017_EPI_ISL_276048	0.000482	2.518189999999997	3.379888999999997	-5.733211444024605e-18	0.00048200433803904295	2.518212663913978	2018-02-01	lbi	south	2018
2017-09-01	B/Santiago/25385/2017_EPI_ISL_266649	0.000949	3.5162079999999962	4.379859000000003	-4.680823826194052e-17	0.0009490085410768709	3.5162396461568193	2018-02-01	lbi	south	2018
2017-09-01	B/Santiago/30900/2017_EPI_ISL_266305	0.001384	2.518189999999997	3.379888999999997	7.449698400567751e-18	0.0013840124561121069	2.518212663913978	2018-02-01	lbi	south	2018
2017-09-01	B/Santiago/34576/2017_EPI_ISL_269749	0.004286	3.509608999999996	4.3798800000000035	1.718133761014112e-17	0.004286038574347175	3.5096405867652845	2018-02-01	lbi	south	2018
2017-09-01	B/Sao_Paulo/526128/2017_EPI_ISL_273333	0.0079569999999999	3.480344999999996	4.294553000000001	-9.150750751425076e-17	0.007957071613644433	3.4803763233869147	2018-02-01	lbi	south	2018
2017-09-01	B/Shandong-Zhangdian/1170/2017_EPI_ISL_270710	0.000297	3.513108999999996	4.375296000000003	1.6170754316410585e-17	0.0002970026730240576	3.5131406182655684	2018-02-01	lbi	south	2018
2017-09-01	B/Shanghai-Baoshan/1441/2017_EPI_ISL_270616	0.009290000000000001	3.483562999999996	4.255590000000001	-8.395472134052985e-17	0.00929008361075251	3.483594352349175	2018-02-01	lbi	south	2018
2017-09-01	B/Shanghai-Jingan/1237/2017_EPI_ISL_270720	0.00010400000000000001	3.4875109999999956	4.282093000000001	-1.6093020807954285e-16	0.0001040009360084242	3.487542387881494	2018-02-01	lbi	south	2018
2017-09-01	B/Shanghai-Jinshan/1197/2017_EPI_ISL_270708	0.00037999999999999997	2.518189999999997	3.379888999999997	3.0459008243819444e-16	0.00038000342003078084	2.518212663913978	2018-02-01	lbi	south	2018
2017-09-01	B/Sichuan-Dongxin/1297/2017_EPI_ISL_270681	0.000729	3.5132069999999964	4.379602000000003	-3.582153474036679e-17	0.0007290065610590505	3.513238619147576	2018-02-01	lbi	south	2018
2017-09-01	B/Sichuan-Gaoxin/1176/2017_EPI_ISL_270714	0.00041799999999999997	3.4580269999999955	4.289190000000001	4.4380276316730407e-16	0.0004180037620338589	3.4580581225231066	2018-02-01	lbi	south	2018
2017-09-01	B/Sichuan-Longquanyi/510/2017_EPI_ISL_270619	0.001173	3.4580269999999955	4.289190000000001	2.9353702988637886e-16	0.0011730105570950155	3.4580581225231066	2018-02-01	lbi	south	2018
2017-09-01	B/Singapore/EN0024/2017_EPI_ISL_255475	1.8e-05	2.518189999999997	3.379888999999997	-1.8710649924556758e-16	1.8000162001458032e-05	2.518212663913978	2018-02-01	lbi	south	2018
2017-09-01	B/Singapore/EN0391/2017_EPI_ISL_269673	0.008831	2.518189999999997	3.379888999999997	-8.311491131980414e-17	0.008831079479715329	2.518212663913978	2018-02-01	lbi	south	2018
2017-09-01	B/Singapore/GP0061/2017_EPI_ISL_255471	2.1e-05	2.518189999999997	3.379888999999997	-8.060045204086972e-16	2.1000189001701034e-05	2.518212663913978	2018-02-01	lbi	south	2018
2017-09-01	B/Singapore/GP0109/2017_EPI_ISL_255472	4.4e-05	2.518189999999997	3.379888999999997	-6.565292771292589e-16	4.400039600356408e-05	2.518212663913978	2018-02-01	lbi	south	2018
2017-09-01	B/Singapore/GP0466/2017_EPI_ISL_269674	0.0008699999999999	3.5111289999999964	4.275480000000001	-1.147095225508664e-16	0.0008700078300703718	3.511160600445408	2018-02-01	lbi	south	2018
2017-09-01	B/Singapore/GP0531/2017_EPI_ISL_269668	0.001384	3.4938439999999966	4.363656000000003	-1.4405234536970836e-17	0.0013840124561121069	3.493875444879008	2018-02-01	lbi	south	2018
2017-09-01	B/Singapore/GP0756/2017_EPI_ISL_269671	0.003885	2.518189999999997	3.379888999999997	1.3430725462288868e-16	0.0038850349653146926	2.518212663913978	2018-02-01	lbi	south	2018
2017-09-01	B/Singapore/KK0073/2017_EPI_ISL_255476	6.3e-05	3.5170819999999963	4.379838000000003	-1.618438303929018e-16	6.300056700510311e-05	3.5171136540228902	2018-02-01	lbi	south	2018
2017-09-01	B/Singapore/KK0171/2017_EPI_ISL_269665	0.000188	2.518189999999997	3.379888999999997	5.181804910318206e-16	0.0001880016920152284	2.518212663913978	2018-02-01	lbi	south	2018
2017-09-01	B/Singapore/KK0243/2017_EPI_ISL_269675	0.00041799999999999997	3.4878839999999958	4.294553000000001	7.23482878054663e-17	0.0004180037620338588	3.4879153912385252	2018-02-01	lbi	south	2018
2017-09-01	B/Singapore/KK0272/2017_EPI_ISL_269676	0.000608	2.518189999999997	3.379888999999997	1.7740983621370465e-16	0.0006080054720492492	2.518212663913978	2018-02-01	lbi	south	2018
2017-09-01	B/Singapore/KK0364/2017_EPI_ISL_269669	0.001827	2.518189999999997	3.379888999999997	-2.487877322541486e-17	0.0018270164431479906	2.518212663913978	2018-02-01	lbi	south	2018
2017-09-01	B/Singapore/TT0007/2017_EPI_ISL_255477	1.2e-05	3.5170819999999963	4.379838000000003	-1.5523385277430647e-16	1.2000108000972022e-05	3.5171136540228902	2018-02-01	lbi	south	2018
2017-09-01	B/Singapore/TT0131/2017_EPI_ISL_255490	7.4e-05	2.518189999999997	3.379888999999997	-1.4285679757145032e-16	7.400066600599413e-05	2.518212663913978	2018-02-01	lbi	south	2018
2017-09-01	B/Singapore/TT0171/2017_EPI_ISL_255478	0.00010400000000000001	2.518189999999997	3.379888999999997	3.2866347752975876e-16	0.00010400093600842424	2.518212663913978	2018-02-01	lbi	south	2018
2017-09-01	B/Singapore/TT0476/2017_EPI_ISL_269670	0.003396	2.518189999999997	3.379888999999997	1.187232893301105e-16	0.003396030564275083	2.518212663913978	2018-02-01	lbi	south	2018
2017-09-01	B/Singapore/TT0739/2017_EPI_ISL_269672	0.0079569999999999	4.477920999999996	5.363647	-1.6065616989727927e-16	0.007957071613644432	4.477961301651715	2018-02-01	lbi	south	2018
2017-09-01	B/South_Australia/7/2017_EPI_ISL_261888	8.8e-05	2.518189999999997	3.379888999999997	2.5014117031910887e-16	8.800079200712817e-05	2.518212663913978	2018-02-01	lbi	south	2018
2017-09-01	B/South_Carolina/02/2017_EPI_ISL_247709	2.7000000000000002e-05	2.518189999999997	3.379888999999997	-8.066365095445404e-16	2.7000243002187046e-05	2.518212663913978	2018-02-01	lbi	south	2018
2017-09-01	B/South_Dakota/05/2017_EPI_ISL_247695	2.4e-05	4.644948999999999	5.108126000000002	-8.195262358548538e-16	2.400021600194404e-05	4.644990804917243	2018-02-01	lbi	south	2018
2017-09-01	B/South_Dakota/27/2017_EPI_ISL_273825	0.0005809999999999	3.6453439999999993	4.108134999999999	-1.6031278570929864e-16	0.000581005229046962	3.6453768083912763	2018-02-01	lbi	south	2018
2017-09-01	B/St_Petersburg/148/2017_EPI_ISL_273919	0.000144	3.5178929999999964	4.378445000000004	-1.618246260438925e-16	0.00014400129601166426	3.5179246613219557	2018-02-01	lbi	south	2018
2017-09-01	B/St_Petersburg/287/2017_EPI_ISL_273923	0.00317	2.518189999999997	3.379888999999997	1.3364787640806192e-16	0.0031700285302567765	2.518212663913978	2018-02-01	lbi	south	2018
2017-09-01	B/St_Petersburg/289/2017_EPI_ISL_273924	0.004016	3.5100549999999964	4.3798800000000035	-1.6183915355161261e-16	0.004016036144325302	3.510086590779321	2018-02-01	lbi	south	2018
2017-09-01	B/St_Petersburg/297/2017_EPI_ISL_273925	0.006193	4.437321999999997	5.281941999999997	-1.6146841026982371e-16	0.006193055737501644	4.437361936257427	2018-02-01	lbi	south	2018
2017-09-01	B/Stockholm/10/2017_EPI_ISL_268754	0.004016	6.018273999999991	6.6874369999999965	-1.5266301651481545e-16	0.004016036144325302	6.018328164953485	2018-02-01	lbi	south	2018
2017-09-01	B/Stockholm/9/2017_EPI_ISL_268759	0.002381	2.518189999999997	3.379888999999997	1.7286034395467543e-16	0.002381021429192866	2.518212663913978	2018-02-01	lbi	south	2018
2017-09-01	B/Suriname/2085/2017_EPI_ISL_276584	0.009059000000000001	5.968125999999995	5.771252999999998	2.0000532846044495e-16	0.009059081531733798	5.9681797136174275	2018-02-01	lbi	south	2018
2017-09-01	B/Sydney/8/2017_EPI_ISL_269275	8.3e-05	2.518189999999997	3.379888999999997	3.306302780824523e-16	8.300074700672317e-05	2.518212663913978	2018-02-01	lbi	south	2018
2017-09-01	B/TOCHIGI/17218/2017_EPI_ISL_265155	0.00037999999999999997	4.516651999999996	5.379871	-1.6070714555322223e-16	0.0003800034200307807	4.5166926502338525	2018-02-01	lbi	south	2018
2017-09-01	B/Tanzania/4350/2017_EPI_ISL_266660	0.000797	2.518189999999997	3.379888999999997	1.5529796264703396e-16	0.0007970071730645585	2.518212663913978	2018-02-01	lbi	south	2018
2017-09-01	B/Tasmania/1000/2017_EPI_ISL_269263	0.000328	2.518189999999997	3.379888999999997	3.0371581984293074e-16	0.0003280029520265687	2.518212663913978	2018-02-01	lbi	south	2018
2017-09-01	B/Tennessee/35/2017_EPI_ISL_276396	0.001384	3.514612999999996	4.3798800000000035	-1.6184270903583277e-16	0.0013840124561121066	3.5146446318016897	2018-02-01	lbi	south	2018
2017-09-01	B/Texas/80/2017_EPI_ISL_274403	0.006559000000000001	2.518189999999997	3.379888999999997	6.324851366288933e-17	0.006559059031531292	2.518212663913978	2018-02-01	lbi	south	2018
2017-09-01	B/Toamasina/1430/2017_EPI_ISL_274406	0.001384	3.4636109999999953	4.218895000000001	4.435189228267092e-18	0.0013840124561121069	3.4636421727795583	2018-02-01	lbi	south	2018
2017-09-01	B/Toamasina/1433/2017_EPI_ISL_274369	0.001441	3.4636109999999953	4.218895000000001	-1.600434167796824e-16	0.0014410129691167237	3.4636421727795583	2018-02-01	lbi	south	2018
2017-09-01	B/Toamasina/1836/2017_EPI_ISL_274407	0.002956	3.4636109999999953	4.218895000000001	-3.466644526741525e-17	0.0029560266042394415	3.4636421727795583	2018-02-01	lbi	south	2018
2017-09-01	B/Tocantins/489999/2017_EPI_ISL_267074	0.001441	2.518189999999997	3.379888999999997	-1.564990047781502e-17	0.001441012969116724	2.518212663913978	2018-02-01	lbi	south	2018
2017-09-01	B/Tomsk/13/2017_EPI_ISL_273926	0.000797	3.5165869999999964	4.3798800000000035	-4.121428459415101e-17	0.0007970071730645585	3.51661864956785	2018-02-01	lbi	south	2018
2017-09-01	B/Tomsk/8/2017_EPI_ISL_276427	0.000637	2.518189999999997	3.379888999999997	1.8909795349573078e-16	0.0006370057330515982	2.518212663913978	2018-02-01	lbi	south	2018
2017-09-01	B/Tunisia/1368/2017_EPI_ISL_261299	7e-05	2.518189999999997	3.379888999999997	-2.16378252990089e-17	7.000063000567013e-05	2.518212663913978	2018-02-01	lbi	south	2018
2017-09-01	B/Tunisia/1649/2017_EPI_ISL_261301	9.8e-05	2.518189999999997	3.379888999999997	2.9185491525056e-17	9.800088200793819e-05	2.518212663913978	2018-02-01	lbi	south	2018
2017-09-01	B/Tunisia/1978/2017_EPI_ISL_261303	0.000152	3.5173109999999963	4.3798800000000035	-1.5345779505974819e-16	0.00015200136801231227	3.5173426560839087	2018-02-01	lbi	south	2018
2017-09-01	B/Tunisia/978/2017_EPI_ISL_261314	4.4e-05	3.4938889999999967	4.3770200000000035	-8.236266857263089e-16	4.400039600356407e-05	3.493920445284011	2018-02-01	lbi	south	2018
2017-09-01	B/Uruguay/124/2017_EPI_ISL_272654	0.008831	2.518189999999997	3.379888999999997	-8.311491131980414e-17	0.008831079479715329	2.518212663913978	2018-02-01	lbi	south	2018
2017-09-01	B/Uruguay/138/2017_EPI_ISL_272657	0.009059000000000001	4.126110000000001	5.609911	1.0884433036277867e-16	0.009059081531733798	4.126147135324218	2018-02-01	lbi	south	2018
2017-09-01	B/Uruguay/140/2017_EPI_ISL_272658	0.009059000000000001	4.126110000000001	5.609911	1.0884433036277867e-16	0.009059081531733798	4.126147135324218	2018-02-01	lbi	south	2018
2017-09-01	B/Uruguay/379/2017_EPI_ISL_276586	0.013947999999999999	4.126110000000001	5.609911	-6.687180148238692e-17	0.013948125533129815	4.126147135324218	2018-02-01	lbi	south	2018
2017-09-01	B/Uruguay/383/2017_EPI_ISL_276590	0.014230000000000001	4.126110000000001	5.609911	-6.788689267893521e-17	0.01423012807115266	4.126147135324218	2018-02-01	lbi	south	2018
2017-09-01	B/Uruguay/511/2017_EPI_ISL_276585	0.017128	4.126110000000001	5.609911	1.3680585604438416e-17	0.017128154153387403	4.126147135324218	2018-02-01	lbi	south	2018
2017-09-01	B/Utah/01/2017_EPI_ISL_249002	1.1e-05	4.513077999999997	5.366192999999999	-8.219368140827094e-16	1.1000099000891018e-05	4.513118618067563	2018-02-01	lbi	south	2018
2017-09-01	B/Utah/30/2017_EPI_ISL_270017	0.010740999999999999	3.282547999999999	4.641298999999996	2.4060144706210725e-16	0.010741096669870042	3.2825775431978887	2018-02-01	lbi	south	2018
2017-09-01	B/Vina_Del_Mar/51186/2017_EPI_ISL_276560	0.018013	2.518189999999997	3.379888999999997	-1.5491055350827355e-16	0.018013162118459086	2.518212663913978	2018-02-01	lbi	south	2018
2017-09-01	B/VinadelMar/45053/2017_EPI_ISL_276053	0.01125	2.518189999999997	3.379888999999997	-6.756864993840889e-17	0.011250101250911271	2.518212663913978	2018-02-01	lbi	south	2018
2017-09-01	B/VinadelMar/45053/2017_EPI_ISL_276053__dup2	0.01125	2.518189999999997	3.379888999999997	-6.842346865703822e-17	0.011250101250911271	2.518212663913978	2018-02-01	lbi	south	2018
2017-09-01	B/Vladivostok/14/2017_EPI_ISL_276424	5e-05	2.518189999999997	3.379888999999997	-1.3689122649264431e-16	5.00004500040501e-05	2.518212663913978	2018-02-01	lbi	south	2018
2017-09-01	B/WAKAYAMA-C/5/2017_EPI_ISL_271961	7.900000000000001e-05	2.518189999999997	3.379888999999997	3.5481997879336206e-17	7.900071100639917e-05	2.518212663913978	2018-02-01	lbi	south	2018
2017-09-01	B/WAKAYAMA/96/2017_EPI_ISL_267600	0.001078	2.518189999999997	3.379888999999997	2.5315919447369873e-16	0.0010780097020873201	2.518212663913978	2018-02-01	lbi	south	2018
2017-09-01	B/Wisconsin/04/2017_EPI_ISL_247704	2.4e-05	2.518189999999997	3.379888999999997	-7.940470943574064e-16	2.400021600194404e-05	2.518212663913978	2018-02-01	lbi	south	2018
2017-09-01	B/Wisconsin/63/2017_EPI_ISL_272662	0.010245	3.282547999999999	4.641298999999996	2.5398274331862644e-16	0.010245092205829866	3.2825775431978887	2018-02-01	lbi	south	2018
2017-09-01	B/YAMAGATA/116/2017_EPI_ISL_271959	0.00502	4.475772999999997	5.203499999999999	-7.862198920480626e-17	0.0050200451804066305	4.475813282319541	2018-02-01	lbi	south	2018
2017-09-01	B/YOKOHAMA/1/2017_EPI_ISL_273850	1.4000000000000001e-05	4.516449999999996	5.379871	-8.235797192881529e-16	1.4000126001134024e-05	4.516490648415836	2018-02-01	lbi	south	2018
2017-09-01	B/YOKOSUKA/13/2017_EPI_ISL_265166	0.00045999999999999996	2.518189999999997	3.379888999999997	8.181938615783704e-17	0.0004600041400372609	2.518212663913978	2018-02-01	lbi	south	2018
2017-09-01	B/Yekaterinburg/29/2017_EPI_ISL_276684	0.00247	3.504940999999996	4.3798800000000035	-4.1896485494878064e-17	0.002470022230200075	3.5049725447529063	2018-02-01	lbi	south	2018
2017-09-01	B/Yunnan-Zhaoyang/1255/2017_EPI_ISL_270711	0.00041799999999999997	2.518189999999997	3.379888999999997	1.6412122767778267e-16	0.0004180037620338588	2.518212663913978	2018-02-01	lbi	south	2018
2017-09-01	B/Zhejiang-Haishu/121/2017_EPI_ISL_253319	1.1e-05	2.518189999999997	3.379888999999997	-7.154608154902188e-16	1.1000099000891018e-05	2.518212663913978	2018-02-01	lbi	south	2018
2017-09-01	B/Zhejiang-Lucheng/1434/2017_EPI_ISL_270688	0.00317	4.480212999999997	5.230302999999997	-1.6182696223652947e-16	0.003170028530256776	4.480253322279902	2018-02-01	lbi	south	2018
2017-09-01	B/Zhejiang-Lucheng/1434/2017_EPI_ISL_270688__dup2	0.00317	2.518189999999997	3.379888999999997	1.3364787640806192e-16	0.0031700285302567765	2.518212663913978	2018-02-01	lbi	south	2018
2017-09-01	B/Zhejiang-Xiacheng/1233/2017_EPI_ISL_270717	0.000833	3.483562999999996	4.255590000000001	1.3838671547946754e-17	0.0008330074970674746	3.483594352349175	2018-02-01	lbi	south	2018
2018-09-01	A/KANAGAWA/AC1738/2018_EPI_ISL_312697	0.002516	5.024020999999997	4.175444999999999	-0.002141380122141722	0.002513351042802949	5.020277135560786	2019-02-01	lbi	south	2019
2018-09-01	B/AICHI/109/2018_EPI_ISL_312693	0.000258	5.024020999999997	4.175444999999999	-0.0068853165015637895	0.0002572194329906163	5.020277135560786	2019-02-01	lbi	south	2019
2018-09-01	B/AICHI/117/2018_EPI_ISL_312686	0.000258	3.1002999999999994	5.089661	-0.017995426108232362	0.0002560314614261186	3.1072023592258473	2019-02-01	lbi	south	2019
2018-09-01	B/AICHI/152/2018_EPI_ISL_312700	0.000523	6.673429999999994	6.107103000000002	0.004817869215793838	0.0005239665005272306	6.670309575511755	2019-02-01	lbi	south	2019
2018-09-01	B/AICHI/68/2018_EPI_ISL_312688	0.000121	6.023765999999995	5.175440000000002	0.005743692446740364	0.0001212703793972505	6.020034594801985	2019-02-01	lbi	south	2019
2018-09-01	B/AICHI/85/2018_EPI_ISL_312689	0.000143	5.024020999999997	4.175444999999999	-0.00841077979032364	0.00014247677174091366	5.020277135560786	2019-02-01	lbi	south	2019
2018-09-01	B/Abu_Dhabi/002/2018_EPI_ISL_307852	1.4000000000000001e-05	6.015071999999995	5.091158000000002	1.1428997522553561	2.253578301456475e-05	6.01128869033743	2019-02-01	lbi	south	2019
2018-09-01	B/Abu_Dhabi/004/2018_EPI_ISL_307851	1.4000000000000001e-05	5.024020999999997	4.175444999999999	1.1259916302885047	2.237757522329087e-05	5.020277135560786	2019-02-01	lbi	south	2019
2018-09-01	B/Abu_Dhabi/044/2018_EPI_ISL_314420	2.4e-05	5.024020999999997	4.175444999999999	1.129415761370633	3.8416327837953744e-05	5.020277135560786	2019-02-01	lbi	south	2019
2018-09-01	B/Abu_Dhabi/247/2018_EPI_ISL_307854	1.4000000000000001e-05	6.015071999999995	5.091158000000002	1.143763343717525	2.254389351942976e-05	6.01128869033743	2019-02-01	lbi	south	2019
2018-09-01	B/Alaska/07/2018_EPI_ISL_305128	0.000188	3.1002999999999994	5.089661	-0.02091986555680954	0.0001863383662848826	3.1072023592258473	2019-02-01	lbi	south	2019
2018-09-01	B/Alaska/16/2018_EPI_ISL_314490	0.006912000000000001	3.1002999999999994	5.089661	-0.00577817083202208	0.006894267731216658	3.1072023592258473	2019-02-01	lbi	south	2019
2018-09-01	B/Alaska/17/2018_EPI_ISL_315110	0.005175	3.1002999999999994	5.089661	-0.006483245353785828	0.005160207693362352	3.1072023592258473	2019-02-01	lbi	south	2019
2018-09-01	B/Alberta/RV3823/2018_EPI_ISL_316093	0.006701	2.7972329999999985	4.2263	-0.003545299113374103	0.006690030301094696	2.8029244758697986	2019-02-01	lbi	south	2019
2018-09-01	B/Amazonas/152512-IEC/2018_EPI_ISL_320265	0.004070000000000001	3.1002999999999994	5.089661	-0.00758964623463044	0.004056495766712329	3.1072023592258473	2019-02-01	lbi	south	2019
2018-09-01	B/Amazonas/153158-IEC/2018_EPI_ISL_320923	0.008042	3.1002999999999994	5.089661	-0.005566187175916911	0.008022077323507763	3.1072023592258473	2019-02-01	lbi	south	2019
2018-09-01	B/Amazonas/153158-IEC/2018_EPI_ISL_320923__dup2	0.008042	3.1002999999999994	5.089661	-0.005566187175916911	0.008022077323507763	3.1072023592258473	2019-02-01	lbi	south	2019
2018-09-01	B/Argentina/1/2018_EPI_ISL_309642	1.4000000000000001e-05	3.1002999999999994	5.089661	1.1069682293733256	2.220090234600211e-05	3.1072023592258473	2019-02-01	lbi	south	2019
2018-09-01	B/Argentina/42/2018_EPI_ISL_319675	0.013772	4.072742999999999	6.089432000000002	-0.0032274245463224144	0.01375127610803115	4.079699807009784	2019-02-01	lbi	south	2019
2018-09-01	B/Argentina/58/2018_EPI_ISL_319674	0.0151389999999999	3.1002999999999994	5.089661	-0.0029158497170319268	0.01511818162559875	3.1072023592258473	2019-02-01	lbi	south	2019
2018-09-01	B/Argentina/9/2018_EPI_ISL_313121	7.7e-05	3.1002999999999994	5.089661	-0.024119037170441338	7.621777212206105e-05	3.1072023592258473	2019-02-01	lbi	south	2019
2018-09-01	B/Arizona/13/2018_EPI_ISL_306821	0.000198	6.746719999999996	6.159684000000001	0.002455987108828967	0.00019817078334611452	6.742212084144407	2019-02-01	lbi	south	2019
2018-09-01	B/Arizona/17/2018_EPI_ISL_306832	0.000352	3.7892020000000004	5.226295	-0.004795088586691605	0.00035124081275023734	3.794911286059417	2019-02-01	lbi	south	2019
2018-09-01	B/Arizona/20/2018_EPI_ISL_306823	0.000877	2.7972329999999985	4.2263	-0.010656328128064873	0.0008729739345532306	2.8029244758697986	2019-02-01	lbi	south	2019
2018-09-01	B/Arizona/28/2018_EPI_ISL_314428	0.003657	3.7892020000000004	5.226295	-0.000693633973159504	0.0036553540924410648	3.794911286059417	2019-02-01	lbi	south	2019
2018-09-01	B/Arizona/30/2018_EPI_ISL_315147	0.014447	2.7972329999999985	4.2263	-0.002147921027426643	0.01443175022099378	2.8029244758697986	2019-02-01	lbi	south	2019
2018-09-01	B/Baden-Wurttemberg/108/2018_EPI_ISL_309981	0.000169	3.7958100000000012	5.226295	-0.01396547471277758	0.00016799237803595283	3.8013600143494077	2019-02-01	lbi	south	2019
2018-09-01	B/Bahrain/323/2018_EPI_ISL_315837	0.002516	6.018975999999994	5.175440000000002	-0.0012950934514445252	0.002514237455529575	6.01524866064972	2019-02-01	lbi	south	2019
2018-09-01	B/Belgium/G0144/2018_EPI_ISL_321002__dup2	5.6999999999999996e-05	3.795906	5.202627000000001	-0.028123131129449412	5.632689551609157e-05	3.8016210392125362	2019-02-01	lbi	south	2019
2018-09-01	B/Belgium/G0188/2018_EPI_ISL_321003__dup2	8.6e-05	3.797048	5.226295	0.0004975934528520778	8.600397097137113e-05	3.802752467927857	2019-02-01	lbi	south	2019
2018-09-01	B/Belgium/G0261/2018_EPI_ISL_308158	0.000121	2.7972329999999985	4.2263	-0.01541897213415433	0.0001202057449986174	2.8029244758697986	2019-02-01	lbi	south	2019
2018-09-01	B/Belgium/G0434/2018_EPI_ISL_320447	0.0004980000000000001	5.793763999999994	7.211742999999994	0.0015057848725596402	0.0004982322480223456	5.799492999007373	2019-02-01	lbi	south	2019
2018-09-01	B/Belgium/S0540/2018_EPI_ISL_321008	8.1e-05	2.7972329999999985	4.2263	-0.016815073673047725	8.042151311014698e-05	2.8029244758697986	2019-02-01	lbi	south	2019
2018-09-01	B/Belgium/S1041/2018_EPI_ISL_320582	0.000221	3.795782	5.211753	0.0008394466180540688	0.0002210416871475418	3.80148592799946	2019-02-01	lbi	south	2019
2018-09-01	B/Berlin/40/2018_EPI_ISL_309992	0.00040899999999999997	7.022358999999996	6.175435000000001	0.005666800280891538	0.00040990079427653434	7.018637532383675	2019-02-01	lbi	south	2019
2018-09-01	B/Bolivia/326/2018_EPI_ISL_314454	0.007128	3.1002999999999994	5.089661	-0.006419393149495727	0.007107814306955175	3.1072023592258473	2019-02-01	lbi	south	2019
2018-09-01	B/Bolivia/350/2018_EPI_ISL_315119	0.007807	3.1002999999999994	5.089661	-0.005339682688568258	0.007788394505334704	3.1072023592258473	2019-02-01	lbi	south	2019
2018-09-01	B/Brazil/2199/2018_EPI_ISL_319697	9.7e-05	7.098781999999995	9.089284000000003	-0.022936175834032197	9.606192936048175e-05	7.1056834782950435	2019-02-01	lbi	south	2019
2018-09-01	B/Brazil/2227/2018_EPI_ISL_319698	0.00037	3.1002999999999994	5.089661	-0.017047553911929896	0.00036732194600921664	3.1072023592258473	2019-02-01	lbi	south	2019
2018-09-01	B/Brisbane/11/2018_EPI_ISL_312758	0.000576	7.682217999999989	7.058470999999996	0.0027669846038294215	0.0005765715328983861	7.677713690817091	2019-02-01	lbi	south	2019
2018-09-01	B/Brisbane/23/2018_EPI_ISL_321458	0.019596000000000002	6.938899999999995	6.161517000000001	0.005233249100895992	0.019635611416311743	6.93503610573011	2019-02-01	lbi	south	2019
2018-09-01	B/Bulgaria/1021/2018_EPI_ISL_314134	0.000549	3.447674999999998	5.157933000000001	-0.0161159479324871	0.00054523795040092	3.4539835773719587	2019-02-01	lbi	south	2019
2018-09-01	B/California/90/2017_EPI_ISL_295973	1e-05	6.746719999999996	6.159684000000001	1.137213381820038	1.6058894081941957e-05	6.742212084144407	2019-02-01	lbi	south	2019
2018-09-01	B/Cambodia/c0625429/2018_EPI_ISL_321459	0.008778	5.989176999999999	5.394367999999999	0.004812895051612318	0.00879420345910609	5.989368309317308	2019-02-01	lbi	south	2019
2018-09-01	B/Cambodia/c0625449/2018_EPI_ISL_321460	0.0151389999999999	6.954411999999999	6.393889	0.0049752813945602645	0.015167971581957044	6.9545821163150165	2019-02-01	lbi	south	2019
2018-09-01	B/Connecticut/10/2018_EPI_ISL_305867	0.000188	2.7972329999999985	4.2263	-0.015437500757976426	0.00018676450903082223	2.8029244758697986	2019-02-01	lbi	south	2019
2018-09-01	B/Connecticut/25/2018_EPI_ISL_309716	0.001905	2.7972329999999985	4.2263	-0.00817201904664222	0.0018982185537479393	2.8029244758697986	2019-02-01	lbi	south	2019
2018-09-01	B/Connecticut/31/2018_EPI_ISL_313080	0.004366	3.788488	5.226295	0.00034899376272214203	0.004365931264342211	3.7941926133411155	2019-02-01	lbi	south	2019
2018-09-01	B/Darwin/6/2018_EPI_ISL_312542	2.3e-05	6.9495399999999945	6.173121000000001	1.1429734611196047	3.7024209166398465e-05	6.945632136776453	2019-02-01	lbi	south	2019
2018-09-01	B/Delaware/25/2018_EPI_ISL_314487	0.001905	2.7972329999999985	4.2263	-0.00817201904664222	0.0018982185537479393	2.8029244758697986	2019-02-01	lbi	south	2019
2018-09-01	B/Delaware/25/2018_EPI_ISL_314487__dup2	0.001905	4.628160000000001	6.100950000000001	-0.008171964678676856	0.0018982185967488898	4.633769314188486	2019-02-01	lbi	south	2019
2018-09-01	B/Delaware/26/2018_EPI_ISL_313067	0.003159	2.7972329999999985	4.2263	-0.007538624329342615	0.003148585394199138	2.8029244758697986	2019-02-01	lbi	south	2019
2018-09-01	B/Delaware/29/2018_EPI_ISL_321163	0.006292	2.7972329999999985	4.2263	-0.006527839124723564	0.0062738982671197395	2.8029244758697986	2019-02-01	lbi	south	2019
2018-09-01	B/Delaware/29/2018_EPI_ISL_321163__dup2	0.006292	2.7972329999999985	4.2263	-0.006527839124723564	0.0062738982671197395	2.8029244758697986	2019-02-01	lbi	south	2019
2018-09-01	B/District_Of_Columbia/14/2018_EPI_ISL_315144	0.008042	2.7972329999999985	4.2263	-0.003273059318459095	0.008029745840186793	2.8029244758697986	2019-02-01	lbi	south	2019
2018-09-01	B/Dnipro/398/2018_EPI_ISL_316615	0.001423	6.021161999999995	5.175440000000002	-0.0018356988139976709	0.0014216828662820126	6.017433769828216	2019-02-01	lbi	south	2019
2018-09-01	B/EHIME/28/2018_EPI_ISL_305413	0.000178	3.1002999999999994	5.089661	-0.021163495250259443	0.00017640884246791858	3.1072023592258473	2019-02-01	lbi	south	2019
2018-09-01	B/East_Kazakhstan/ZVL442/2018_EPI_ISL_303803	0.000121	7.918387999999995	7.151297999999997	0.005742614167387045	0.00012127032491253513	7.914245850091585	2019-02-01	lbi	south	2019
2018-09-01	B/East_kazakhstan/ZVL437/2018_EPI_ISL_303802	6.1e-05	6.023885999999995	5.175440000000002	0.005714363512368893	6.113555986395395e-05	6.020154864441052	2019-02-01	lbi	south	2019
2018-09-01	B/El_Salvador/433/2018_EPI_ISL_319662	0.019596000000000002	2.7972329999999985	4.2263	-0.0011998814958918782	0.019583049204948105	2.8029244758697986	2019-02-01	lbi	south	2019
2018-09-01	B/England/27/2018_EPI_ISL_298092	1.4999999999999999e-05	3.1002999999999994	5.089661	1.1073279795444295	2.3790246878323788e-05	3.1072023592258473	2019-02-01	lbi	south	2019
2018-09-01	B/FUKUSHIMA/16/2018_EPI_ISL_312706	5.6999999999999996e-05	6.023893999999995	5.113632000000002	0.005201811001083506	5.71144718208253e-05	6.020162906617138	2019-02-01	lbi	south	2019
2018-09-01	B/Finland/856/2018_EPI_ISL_316622__dup2	5.6999999999999996e-05	3.1002999999999994	5.089661	-0.025513398181057627	5.638817806032246e-05	3.1072023592258473	2019-02-01	lbi	south	2019
2018-09-01	B/Finland/894/2018_EPI_ISL_313887	0.00020899999999999998	7.014120999999996	6.101485000000001	0.005737588522195936	0.00020946648622169873	7.010400218599491	2019-02-01	lbi	south	2019
2018-09-01	B/Florida/17/2018_EPI_ISL_305873	0.000664	6.948257999999995	6.152629000000002	0.0038813657315756194	0.0006649675401182685	6.944376250114549	2019-02-01	lbi	south	2019
2018-09-01	B/Florida/25/2018_EPI_ISL_309707	0.001685	3.938491999999998	6.0888110000000015	-0.012636921413220575	0.0016758810421384324	3.9455319230218096	2019-02-01	lbi	south	2019
2018-09-01	B/Florida/39/2018_EPI_ISL_320267	0.019987	8.300693999999995	6.870590999999999	0.00336427532706619	0.020011811735735987	8.29950895748316	2019-02-01	lbi	south	2019
2018-09-01	B/Florida/39/2018_EPI_ISL_320267__dup2	0.019987	7.405264999999992	5.894727999999997	0.00336427532706619	0.020011811735735987	7.404165725837164	2019-02-01	lbi	south	2019
2018-09-01	B/Florida/39/2018_EPI_ISL_320267__dup3	0.019987	7.405264999999992	5.894727999999997	0.004236525394930028	0.02001908610093815	7.404165725837164	2019-02-01	lbi	south	2019
2018-09-01	B/Florida/42/2018_EPI_ISL_321189	0.0329649999999999	3.938491999999998	6.0888110000000015	-0.0007500058296277723	0.03294938949494497	3.9455319230218096	2019-02-01	lbi	south	2019
2018-09-01	B/Florida/43/2018_EPI_ISL_321182	0.033316000000000005	3.938491999999998	6.0888110000000015	-0.0006910099517140192	0.03330104186300346	3.9455319230218096	2019-02-01	lbi	south	2019
2018-09-01	B/GIFU/18/2018_EPI_ISL_312702	3.7e-05	5.024020999999997	4.175444999999999	1.1281568000299889	5.919411264641972e-05	5.020277135560786	2019-02-01	lbi	south	2019
2018-09-01	B/GIFU/2/2018_EPI_ISL_312701	2.3e-05	5.024020999999997	4.175444999999999	1.1276396914983544	3.678841293881463e-05	5.020277135560786	2019-02-01	lbi	south	2019
2018-09-01	B/Gangwon/1116/2017_EPI_ISL_312692	1e-05	6.924674999999999	6.293155000000001	1.144375291112532	1.61068874650271e-05	6.924869915989983	2019-02-01	lbi	south	2019
2018-09-01	B/Gangwon/1116/2017_EPI_ISL_312692__dup2	1e-05	6.924674999999999	6.293155000000001	1.137549653017958	1.606114429939322e-05	6.924869915989983	2019-02-01	lbi	south	2019
2018-09-01	B/Guatemala/35/2018_EPI_ISL_313618	0.00037	3.1002999999999994	5.089661	-0.017047553911929896	0.00036732194600921664	3.1072023592258473	2019-02-01	lbi	south	2019
2018-09-01	B/Guatemala/58/2018_EPI_ISL_321156	0.00242	4.095446999999999	6.0896560000000015	-0.010247651786380658	0.002409300671692646	4.1023837578824605	2019-02-01	lbi	south	2019
2018-09-01	B/Guyane/316/2018_EPI_ISL_321173	0.000245	3.1002999999999994	5.089661	-0.01818122313833222	0.0002431118300190719	3.1072023592258473	2019-02-01	lbi	south	2019
2018-09-01	B/Guyane/542/2018_EPI_ISL_321166	0.001004	3.1002999999999994	5.089661	-0.014548062224508967	0.000997771657539878	3.1072023592258473	2019-02-01	lbi	south	2019
2018-09-01	B/Gyeongbuk/922/2018_EPI_ISL_320992	0.00011399999999999999	6.988935999999999	6.394363	0.004342630844472703	0.00011418805794308846	6.989139933201408	2019-02-01	lbi	south	2019
2018-09-01	B/HK/1360/2018_EPI_ISL_319846	0.014791	2.7972329999999985	4.2263	-0.002076225944808596	0.014775828496894048	2.8029244758697986	2019-02-01	lbi	south	2019
2018-09-01	B/HK/1361/2018_EPI_ISL_319847	0.015846000000000002	2.7972329999999985	4.2263	-0.0018634026282750632	0.01583115014356232	2.8029244758697986	2019-02-01	lbi	south	2019
2018-09-01	B/HYOGO/1196/2018_EPI_ISL_305409	2.3e-05	5.024020999999997	4.175444999999999	1.1276396914983544	3.678841293881463e-05	5.020277135560786	2019-02-01	lbi	south	2019
2018-09-01	B/Hawaii/10/2018_EPI_ISL_305157	0.000121	6.015071999999995	5.091158000000002	0.003873754063972219	0.00012117592947312915	6.01128869033743	2019-02-01	lbi	south	2019
2018-09-01	B/Hawaii/12/2018_EPI_ISL_305158	0.000258	4.099771	6.0896560000000015	-0.019731638695363908	0.0002558463096364451	4.106690666606573	2019-02-01	lbi	south	2019
2018-09-01	B/Hawaii/18/2018_EPI_ISL_313113	0.002516	2.7972329999999985	4.2263	-0.009727060840665203	0.00250541963441485	2.8029244758697986	2019-02-01	lbi	south	2019
2018-09-01	B/Hawaii/19/2018_EPI_ISL_313114	0.0026149999999999997	2.7972329999999985	4.2263	-0.006773358515473551	0.002607210060357538	2.8029244758697986	2019-02-01	lbi	south	2019
2018-09-01	B/Hawaii/22/2018_EPI_ISL_315845	0.009293000000000001	3.9805949999999974	6.0892050000000015	-0.00512952181892906	0.009271664954862502	3.9876404240180325	2019-02-01	lbi	south	2019
2018-09-01	B/Hawaii/25/2018_EPI_ISL_320938	0.0165699999999999	4.947442000000001	7.089161999999995	-0.00307066104610564	0.016546146449001178	4.954548131120029	2019-02-01	lbi	south	2019
2018-09-01	B/Hawaii/26/2018_EPI_ISL_320898	0.018058	6.870205999999995	6.151249000000001	0.004975398575240152	0.018092558570604753	6.866216433314337	2019-02-01	lbi	south	2019
2018-09-01	B/Hawaii/26/2018_EPI_ISL_320898__dup2	0.018058	5.949598999999996	5.175344000000002	0.004505865460414797	0.018089019310415667	5.945706185194783	2019-02-01	lbi	south	2019
2018-09-01	B/Hawaii/71/2017_EPI_ISL_300107	1.1e-05	3.1002999999999994	5.089661	1.1043424277455667	1.7424491838536025e-05	3.1072023592258473	2019-02-01	lbi	south	2019
2018-09-01	B/Hebei-Cixian/149/2018_EPI_ISL_314482__dup2	3.5e-05	9.850763999999991	8.935243000000003	1.1453894465287469	5.639793287185465e-05	9.846328917064156	2019-02-01	lbi	south	2019
2018-09-01	B/Hebei-Cixian/149/2018_EPI_ISL_314482__dup3	3.5e-05	9.850763999999991	8.935243000000003	1.1453894465287469	5.639793287185465e-05	9.846328917064156	2019-02-01	lbi	south	2019
2018-09-01	B/Hessen/33/2018_EPI_ISL_310007	0.000352	3.7965160000000004	5.226295	-0.0034997301444167316	0.00035143044006635896	3.8022216149896675	2019-02-01	lbi	south	2019
2018-09-01	B/Honduras/1864/2018_EPI_ISL_314453	0.000604	4.099078999999999	6.0896560000000015	-0.018284509082485526	0.0005993192902396493	4.106003720645367	2019-02-01	lbi	south	2019
2018-09-01	B/Honduras/2032/2018_EPI_ISL_315116	0.002327	2.7972329999999985	4.2263	-0.007551272289563579	0.0023193161128549525	2.8029244758697986	2019-02-01	lbi	south	2019
2018-09-01	B/Honduras/2062/2018_EPI_ISL_316471	0.0026149999999999997	4.095056999999999	6.0896560000000015	-0.008555893945713797	0.002605274344169305	4.101991810537507	2019-02-01	lbi	south	2019
2018-09-01	B/Honduras/2093/2018_EPI_ISL_316474	0.0026149999999999997	3.1002999999999994	5.089661	-0.009455295071778532	0.0026042981993032468	3.1072023592258473	2019-02-01	lbi	south	2019
2018-09-01	B/Honduras/2095/2018_EPI_ISL_314451	0.0026149999999999997	4.095056999999999	6.0896560000000015	-0.009455295071778532	0.0026042981993032468	4.10199376282724	2019-02-01	lbi	south	2019
2018-09-01	B/Honduras/796/2018_EPI_ISL_309669	0.00040899999999999997	4.095337	6.0896560000000015	-0.015786001467984628	0.00040625315421912865	4.102275279920484	2019-02-01	lbi	south	2019
2018-09-01	B/Hong_Kong/1248/2018_EPI_ISL_314112	0.001984	5.024020999999997	4.175444999999999	-0.002585224209917238	0.0019815446652463394	5.020277135560786	2019-02-01	lbi	south	2019
2018-09-01	B/Hong_Kong/1281/2018_EPI_ISL_314108	0.002327	6.0193539999999945	5.175440000000002	-0.0021812682042150707	0.002324511396666179	6.015628112767447	2019-02-01	lbi	south	2019
2018-09-01	B/Hong_Kong/1294/2018_EPI_ISL_319668	0.002516	6.018975999999995	5.175440000000002	-0.0020379188867609313	0.002513459392806619	6.015250216775167	2019-02-01	lbi	south	2019
2018-09-01	B/Hong_Kong/1298/2018_EPI_ISL_321032	0.002822	2.7972329999999985	4.2263	-0.006238372277796509	0.0028142206695040634	2.8029244758697986	2019-02-01	lbi	south	2019
2018-09-01	B/Hong_Kong/1301/2018_EPI_ISL_320893	0.003043	2.7972329999999985	4.2263	-0.0067625556067485906	0.003033948728563965	2.8029244758697986	2019-02-01	lbi	south	2019
2018-09-01	B/Hong_Kong/1304/2018_EPI_ISL_319670	0.003159	5.024020999999997	4.175444999999999	-0.0017422792460320168	0.0031561988707641455	5.020277135560786	2019-02-01	lbi	south	2019
2018-09-01	B/Hong_Kong/1320/2018_EPI_ISL_321033	0.004366	5.024020999999997	4.175444999999999	-0.0011682874549548373	0.004363171992680145	5.020277135560786	2019-02-01	lbi	south	2019
2018-09-01	B/Hong_Kong/1356/2018_EPI_ISL_319669	0.009826999999999999	5.024020999999997	4.175444999999999	0.0008106884106418537	0.009828735888960582	5.020277135560786	2019-02-01	lbi	south	2019
2018-09-01	B/Hong_Kong/1360/2018_EPI_ISL_321039	0.014791	2.7972329999999985	4.2263	-0.0023412658755044076	0.014774196843423152	2.8029244758697986	2019-02-01	lbi	south	2019
2018-09-01	B/Hong_Kong/1361/2018_EPI_ISL_321040	0.015846000000000002	2.7972329999999985	4.2263	-0.0011948839692200355	0.015835560515814362	2.8029244758697986	2019-02-01	lbi	south	2019
2018-09-01	B/Hong_Kong/917/2018_EPI_ISL_314098	0.000389	2.7972329999999985	4.2263	-0.012323741361815244	0.0003869452823661868	2.8029244758697986	2019-02-01	lbi	south	2019
2018-09-01	B/Hunan-Tianyuan/11058/2018_EPI_ISL_297027	1.4000000000000001e-05	5.024020999999997	4.175444999999999	1.1281166402995275	2.239739756895978e-05	5.020277135560786	2019-02-01	lbi	south	2019
2018-09-01	B/Hungary/183/2018_EPI_ISL_321364	0.000245	2.7972329999999985	4.2263	-0.013899509133374573	0.00024354594019358487	2.8029244758697986	2019-02-01	lbi	south	2019
2018-09-01	B/Hungary/253/2018_EPI_ISL_321367	0.00043	2.7972329999999985	4.2263	-0.010878031516808535	0.00042798645075660765	2.8029244758697986	2019-02-01	lbi	south	2019
2018-09-01	B/India/2250/2018_EPI_ISL_321153	0.00011399999999999999	8.02066199999999	7.175354999999996	0.005173742937512646	0.00011422760773894076	8.016957215919224	2019-02-01	lbi	south	2019
2018-09-01	B/India/2456/2018_EPI_ISL_321195	0.000151	6.0237059999999945	5.175440000000002	-0.003020663680635281	0.00015078576723100539	6.019975564026318	2019-02-01	lbi	south	2019
2018-09-01	B/India/4710/2018_EPI_ISL_321160	0.003401	7.984881999999994	7.061049999999996	0.005612212252259587	0.0034084129425358033	7.981063630402923	2019-02-01	lbi	south	2019
2018-09-01	B/India/4711/2018_EPI_ISL_321190	0.007128	6.000645999999994	5.145342000000002	0.005114303083102383	0.007142054586718696	5.996868901511344	2019-02-01	lbi	south	2019
2018-09-01	B/Indonesia/NIHRD-BKL831/2018_EPI_ISL_321489	0.003278	5.024020999999997	4.175444999999999	-0.0009654315110843182	0.003276153627086618	5.020277135560786	2019-02-01	lbi	south	2019
2018-09-01	B/Indonesia/NIHRD-MTR479/2018_EPI_ISL_321488	9.1e-05	7.986136999999992	7.175381999999997	0.00532257426808577	9.118734150956777e-05	7.982264865997331	2019-02-01	lbi	south	2019
2018-09-01	B/Jamaica/7116/2018_EPI_ISL_315831	0.000576	4.0991349999999995	6.0896560000000015	-0.01850483341457384	0.0005714838111312361	4.106059391603584	2019-02-01	lbi	south	2019
2018-09-01	B/Jordan/10536/2018_EPI_ISL_314932	6.1e-05	5.024020999999997	4.175444999999999	-0.010079335942365859	6.073456545028969e-05	5.020277135560786	2019-02-01	lbi	south	2019
2018-09-01	B/Jordan/20222/2018_EPI_ISL_314934	3.5e-05	5.993633999999995	5.175440000000002	1.1291858371798533	5.6018444508472095e-05	5.989858357577037	2019-02-01	lbi	south	2019
2018-09-01	B/Jordan/20228/2018_EPI_ISL_314935	3.5e-05	5.024020999999997	4.175444999999999	1.1303297158776997	5.604515016603994e-05	5.020277135560786	2019-02-01	lbi	south	2019
2018-09-01	B/Jordan/30080/2018_EPI_ISL_321041	0.000169	5.024020999999997	4.175444999999999	-0.007672574261598893	0.00016843343906997748	5.020277135560786	2019-02-01	lbi	south	2019
2018-09-01	B/Jordan/30080/2018_EPI_ISL_321041__dup2	0.000169	5.024020999999997	4.175444999999999	-0.007672574261598893	0.00016843343906997748	5.020277135560786	2019-02-01	lbi	south	2019
2018-09-01	B/Jordan/30151/2018_EPI_ISL_321042	0.001198	5.024020999999997	4.175444999999999	-0.003936067687611251	0.0011958441215766543	5.020277135560786	2019-02-01	lbi	south	2019
2018-09-01	B/Jordan/30151/2018_EPI_ISL_321042__dup2	0.001198	5.024020999999997	4.175444999999999	-0.003936067687611251	0.0011958441215766543	5.020277135560786	2019-02-01	lbi	south	2019
2018-09-01	B/KAGAWA/18162/2018_EPI_ISL_316139	0.000389	5.034229000000001	6.988442999999995	-0.01701047719642221	0.00038619039038472917	5.041159204336996	2019-02-01	lbi	south	2019
2018-09-01	B/KAGAWA/18162/2018_EPI_ISL_316139__dup2	0.000389	4.098730999999999	6.0896560000000015	-0.01701047719642221	0.00038619039038472917	4.105657597664307	2019-02-01	lbi	south	2019
2018-09-01	B/KAGAWA/18238/2018_EPI_ISL_316140	0.00215	3.1002999999999994	5.089661	-0.010153140413687322	0.0021405786921742777	3.1072023592258473	2019-02-01	lbi	south	2019
2018-09-01	B/KANAGAWA/5/2018_EPI_ISL_312699	1.9e-05	5.024020999999997	4.175444999999999	1.1288340929594012	3.0405556165496545e-05	5.020277135560786	2019-02-01	lbi	south	2019
2018-09-01	B/KOCHI/130/2018_EPI_ISL_316142	0.00155	4.097186999999999	6.0896560000000015	-0.012265761314261693	0.0015418500698761422	4.104118659086095	2019-02-01	lbi	south	2019
2018-09-01	B/Kazakhstan/021/2018_EPI_ISL_305907	3.5e-05	7.021512999999996	6.175435000000001	1.1431462394222882	5.634524406408471e-05	7.017484197276069	2019-02-01	lbi	south	2019
2018-09-01	B/Kazakhstan/026/2018_EPI_ISL_305906	3.5e-05	7.916941999999994	7.151297999999997	1.1431462394222882	5.634524406408471e-05	7.912827428922066	2019-02-01	lbi	south	2019
2018-09-01	B/Kazakhstan/099/2018_EPI_ISL_305905	1.4999999999999999e-05	7.021512999999996	6.175435000000001	1.1427152179103883	2.414362534324612e-05	7.017484197276069	2019-02-01	lbi	south	2019
2018-09-01	B/Kazakhstan/103/2018_EPI_ISL_306140	4.2e-05	7.021512999999996	6.175435000000001	1.1407224263781308	6.754604217787796e-05	7.017484197276069	2019-02-01	lbi	south	2019
2018-09-01	B/Kazakhstan/346/2018_EPI_ISL_311600	0.000389	4.098560999999999	6.0669460000000015	-0.014841233153833448	0.00038653960701582794	4.105479161696417	2019-02-01	lbi	south	2019
2018-09-01	B/Kazakhstan/366/2018_EPI_ISL_311601	0.00040899999999999997	7.021512999999996	6.175435000000001	0.005417549867454547	0.0004098582265109789	7.017484197276069	2019-02-01	lbi	south	2019
2018-09-01	B/Kentucky/10/2018_EPI_ISL_305131	0.000233	3.1002999999999994	5.089661	-0.01983300296561804	0.00023104524213525486	3.1072023592258473	2019-02-01	lbi	south	2019
2018-09-01	B/Kentucky/23/2018_EPI_ISL_309727	0.0022370000000000003	4.065535	6.089182000000001	-0.01238752182581526	0.002225124919182294	4.072416166223568	2019-02-01	lbi	south	2019
2018-09-01	B/Kharkiv/275/2018_EPI_ISL_316642	0.00040899999999999997	5.024020999999997	4.175444999999999	-0.006196638390969711	0.00040787961345158856	5.020277135560786	2019-02-01	lbi	south	2019
2018-09-01	B/Khmelnytskyi/365/2018_EPI_ISL_314478	0.001486	5.024020999999997	4.175444999999999	-0.0032051742686815526	0.0014837776462139649	5.020277135560786	2019-02-01	lbi	south	2019
2018-09-01	B/Kyiv/156/2018_EPI_ISL_316460__dup2	0.000549	3.7532670000000006	5.1545559999999995	-0.011019462868760056	0.0005463970127329997	3.758972356261967	2019-02-01	lbi	south	2019
2018-09-01	B/Kyiv/185/2018_EPI_ISL_316458__dup2	0.0008	2.7972329999999985	4.2263	-0.010904883088073292	0.0007962449533112118	2.8029244758697986	2019-02-01	lbi	south	2019
2018-09-01	B/Kyiv/375/2017_EPI_ISL_300595	1.2e-05	5.024020999999997	4.175444999999999	1.125564749742639	1.9177367440665208e-05	5.020277135560786	2019-02-01	lbi	south	2019
2018-09-01	B/LaRioja/2182/2018_EPI_ISL_315491	0.000576	2.7972329999999985	4.2263	-0.012595836766171617	0.00057289258464608	2.8029244758697986	2019-02-01	lbi	south	2019
2018-09-01	B/Lebanon/272/2018_EPI_ISL_314484	0.000352	5.024020999999997	4.175444999999999	-0.004971759738584594	0.00035121495781896984	5.020277135560786	2019-02-01	lbi	south	2019
2018-09-01	B/Lisboa/niGG15_17-18/2018_EPI_ISL_321056	6.8e-05	6.0205739999999945	5.175174000000002	0.0020687548391019875	6.804767270774612e-05	6.016820680462643	2019-02-01	lbi	south	2019
2018-09-01	B/Lisboa/niSU182_17-18/2018_EPI_ISL_319965	1.6e-05	6.0205739999999945	5.175174000000002	1.1376572425993026	2.5698982912711933e-05	6.016820680462643	2019-02-01	lbi	south	2019
2018-09-01	B/Lisboa/niSU414_17-18/2018_EPI_ISL_320139	0.00011399999999999999	6.0205739999999945	5.175174000000002	0.002358602699361948	0.0001140937001499055	6.016820680462643	2019-02-01	lbi	south	2019
2018-09-01	B/Lisboa/niSU460_17-18/2018_EPI_ISL_321061__dup2	0.000169	2.7972329999999985	4.2263	-0.015633422035932855	0.00016787566758072963	2.8029244758697986	2019-02-01	lbi	south	2019
2018-09-01	B/Lithuania/1547/2018_EPI_ISL_300597	3.3e-05	2.7972329999999985	4.2263	1.11797054700318	5.2571148682863285e-05	2.8029244758697986	2019-02-01	lbi	south	2019
2018-09-01	B/Lithuania/7431/2018_EPI_ISL_321369	0.0004980000000000001	2.7972329999999985	4.2263	-0.011543331183481168	0.0004955306448193159	2.8029244758697986	2019-02-01	lbi	south	2019
2018-09-01	B/Lithuania/8294/2018_EPI_ISL_321363__dup2	0.0007639999999999	2.7972329999999985	4.2263	-0.011057525938266644	0.0007603655687210273	2.8029244758697986	2019-02-01	lbi	south	2019
2018-09-01	B/Louisiana/04/2018_EPI_ISL_311607	5.400000000000001e-05	6.746719999999996	6.159684000000001	1.1414190350036952	8.687012207777436e-05	6.742212084144407	2019-02-01	lbi	south	2019
2018-09-01	B/Luxembourg/18000520/2018_EPI_ISL_312551	1.4000000000000001e-05	5.024020999999997	4.175444999999999	1.128174761166195	2.2397939973926554e-05	5.020277135560786	2019-02-01	lbi	south	2019
2018-09-01	B/Macedonia/494/2018_EPI_ISL_309673	0.000523	4.794811999999999	6.202622000000002	-0.017547112785444983	0.0005191064714794801	4.800526510269041	2019-02-01	lbi	south	2019
2018-09-01	B/Maine/10/2018_EPI_ISL_304358	0.000258	3.796704	5.223345	-0.016329213919139704	0.00025620927428514156	3.80241205732123	2019-02-01	lbi	south	2019
2018-09-01	B/Maine/22/2018_EPI_ISL_309713	0.001829	3.1002999999999994	5.089661	-0.01130261780966913	0.0018201133652281244	3.1072023592258473	2019-02-01	lbi	south	2019
2018-09-01	B/Maine/26/2018_EPI_ISL_313145	0.003278	2.7972329999999985	4.2263	-0.006101375633127502	0.003269150230826781	2.8029244758697986	2019-02-01	lbi	south	2019
2018-09-01	B/Mali/020/2018_EPI_ISL_311563	0.000128	6.0205739999999945	5.175174000000002	0.00033629198108532833	0.0001279973074296838	6.016820680462643	2019-02-01	lbi	south	2019
2018-09-01	B/Mali/025/2018_EPI_ISL_311570	0.000135	5.024020999999997	4.175444999999999	-0.00861101932214419	0.00013449482145874947	5.020277135560786	2019-02-01	lbi	south	2019
2018-09-01	B/Mali/029/2018_EPI_ISL_311611	0.000272	7.020016999999996	6.175169000000001	0.0057427586255388375	0.00027260768893915823	7.016275465084766	2019-02-01	lbi	south	2019
2018-09-01	B/Mali/047/2018_EPI_ISL_309674	0.000523	6.0205739999999945	5.175174000000002	0.0036075349527082035	0.0005237023277246628	6.016820680462643	2019-02-01	lbi	south	2019
2018-09-01	B/Mali/8025/2018_EPI_ISL_313617	0.000169	8.019195999999992	7.140066999999997	0.0005301018762038067	0.00016901009267649903	8.01546859972123	2019-02-01	lbi	south	2019
2018-09-01	B/Mali/8025/2018_EPI_ISL_313617__dup2	0.000169	8.96722899999999	8.026052999999992	0.0005301018762038067	0.00016901009267649903	8.963431500947591	2019-02-01	lbi	south	2019
2018-09-01	B/Mali/8031/2018_EPI_ISL_309660	0.000258	6.0205739999999945	5.175174000000002	0.0009419126210630255	0.0002580596838520212	6.016820680462643	2019-02-01	lbi	south	2019
2018-09-01	B/Manitoba/RV3816/2018_EPI_ISL_314974	0.0165699999999999	6.746719999999996	6.159684000000001	0.004504305046185967	0.016598452491645464	6.742212084144407	2019-02-01	lbi	south	2019
2018-09-01	B/Maryland/21/2018_EPI_ISL_309677	0.000664	2.7972329999999985	4.2263	-0.01210050813632954	0.0006605541563101304	2.8029244758697986	2019-02-01	lbi	south	2019
2018-09-01	B/Maryland/49/2017_EPI_ISL_298421	1.2e-05	2.7972329999999985	4.2263	1.112403310855959	1.907248788407301e-05	2.8029244758697986	2019-02-01	lbi	south	2019
2018-09-01	B/Massachusetts/04/2018_EPI_ISL_303041	7.7e-05	3.1002999999999994	5.089661	-0.023235429648496352	7.624583837029692e-05	3.1072023592258473	2019-02-01	lbi	south	2019
2018-09-01	B/Massachusetts/13/2018_EPI_ISL_311578	0.002327	4.026896	6.058455000000002	-0.012222788619399579	0.002314806035676548	4.0336351858093185	2019-02-01	lbi	south	2019
2018-09-01	B/Mexico/1710/2018_EPI_ISL_320261	0.007807	3.484971999999998	4.804576000000002	-0.004638479715154238	0.007790670356694404	3.4899444117161242	2019-02-01	lbi	south	2019
2018-09-01	B/Mexico/1719/2018_EPI_ISL_320263	0.010102	6.746719999999996	6.159684000000001	0.003912720254072679	0.01011685218505626	6.742212084144407	2019-02-01	lbi	south	2019
2018-09-01	B/Mexico/1721/2018_EPI_ISL_320262	0.012161	7.722384999999993	7.159678999999997	0.004471209475226128	0.012181713774444294	7.7178486565955176	2019-02-01	lbi	south	2019
2018-09-01	B/Mexico/406/2018_EPI_ISL_313096	5.1e-05	6.746719999999996	6.159684000000001	1.1414247038708805	8.204419797502814e-05	6.742212084144407	2019-02-01	lbi	south	2019
2018-09-01	B/Michigan/30/2018_EPI_ISL_309729	0.002327	2.7972329999999985	4.2263	-0.007551220346702128	0.0023193161630515845	2.8029244758697986	2019-02-01	lbi	south	2019
2018-09-01	B/Minnesota/03/2018_EPI_ISL_300273	2.1e-05	2.7972329999999985	4.2263	1.1176431336919173	3.344980373610766e-05	2.8029244758697986	2019-02-01	lbi	south	2019
2018-09-01	B/Minnesota/14/2018_EPI_ISL_309117	0.001756	3.7927139999999997	5.2262200000000005	-0.00038730711650716116	0.001755433718900517	3.7984202605480397	2019-02-01	lbi	south	2019
2018-09-01	B/Minnesota/15/2018_EPI_ISL_311567	0.002066	4.095337	6.0896560000000015	-0.009756797715471352	0.002057286498462352	4.102275279920484	2019-02-01	lbi	south	2019
2018-09-01	B/Minnesota/17/2018_EPI_ISL_313215	0.004070000000000001	3.7890800000000002	5.226295	-0.004073091663800768	0.004062443826926983	3.794799588215946	2019-02-01	lbi	south	2019
2018-09-01	B/Minnesota/20/2018_EPI_ISL_313076	0.006701	4.086884999999999	6.0896560000000015	-0.005432879266682615	0.006684770716166931	4.093832817793513	2019-02-01	lbi	south	2019
2018-09-01	B/Missouri/16/2018_EPI_ISL_313749	0.003043	2.7972329999999985	4.2263	-0.0067625556067485906	0.003033948728563965	2.8029244758697986	2019-02-01	lbi	south	2019
2018-09-01	B/Missouri/16/2018_EPI_ISL_313749__dup2	0.003043	2.7972329999999985	4.2263	-0.0067625556067485906	0.003033948728563965	2.8029244758697986	2019-02-01	lbi	south	2019
2018-09-01	B/Missouri/19/2018_EPI_ISL_315853	0.001685	6.746719999999996	6.159684000000001	0.003252922962846533	0.0016870134744985273	6.742212084144407	2019-02-01	lbi	south	2019
2018-09-01	B/Montana/19/2018_EPI_ISL_306855	0.0009599999999999999	2.7972329999999985	4.2263	-0.010359687315591396	0.0009557110233201277	2.8029244758697986	2019-02-01	lbi	south	2019
2018-09-01	B/Montana/25/2018_EPI_ISL_309733	0.003043	2.7972329999999985	4.2263	-0.0067625556067485906	0.003033948728563965	2.8029244758697986	2019-02-01	lbi	south	2019
2018-09-01	B/Moscow/22/2018_EPI_ISL_320264	0.000135	5.024020999999997	4.175444999999999	-0.00861101932214419	0.00013449482145874947	5.020277135560786	2019-02-01	lbi	south	2019
2018-09-01	B/NAGANO/2102/2018_EPI_ISL_305337	9.7e-05	6.021929999999995	5.175440000000002	0.004521412053903906	9.71672521446684e-05	6.018196547509586	2019-02-01	lbi	south	2019
2018-09-01	B/NAGANO/2131/2018_EPI_ISL_305411	0.000178	6.021929999999995	5.175440000000002	0.002676746113589166	0.000178169920338649	6.018196547509586	2019-02-01	lbi	south	2019
2018-09-01	B/NAGANO/2175/2018_EPI_ISL_312698	0.0007639999999999	6.021929999999995	5.175440000000002	0.0033907187921199257	0.0007649568531137789	6.018196547509586	2019-02-01	lbi	south	2019
2018-09-01	B/NAGASAKI/635/2018_EPI_ISL_312680__dup2	2.7000000000000002e-05	8.02244999999999	7.175429999999997	1.1451965401287882	4.350347993811837e-05	8.01834435680839	2019-02-01	lbi	south	2019
2018-09-01	B/NAGASAKI/635/2018_EPI_ISL_312680__dup4	2.7000000000000002e-05	8.02244999999999	7.175429999999997	1.1451965401287882	4.350347993811837e-05	8.01834435680839	2019-02-01	lbi	south	2019
2018-09-01	B/NIIGATA-C/1/2018_EPI_ISL_302262	2e-05	6.023493999999994	5.175440000000002	1.1465676171564316	3.2243214664882166e-05	6.01973758997375	2019-02-01	lbi	south	2019
2018-09-01	B/NIIGATA/173/2018_EPI_ISL_305410	8.1e-05	7.003078999999995	6.1754050000000005	0.005740949239537772	8.118090498825364e-05	6.999320865392745	2019-02-01	lbi	south	2019
2018-09-01	B/Netherlands/00302/2018_EPI_ISL_308625	3.7e-05	2.7972329999999985	4.2263	1.1185101372872273	5.89566628236556e-05	2.8029244758697986	2019-02-01	lbi	south	2019
2018-09-01	B/Netherlands/10367/2018_EPI_ISL_305517	0.000302	3.793999	5.226145000000001	-0.012082873755371704	0.0003004349713494757	3.799706487917588	2019-02-01	lbi	south	2019
2018-09-01	B/New_Brunswick/RV3874/2018_EPI_ISL_316497	0.0055299999999999	2.7972329999999985	4.2263	-0.005343539836509745	0.005516812142322063	2.8029244758697986	2019-02-01	lbi	south	2019
2018-09-01	B/New_Caledonia/1/2018_EPI_ISL_313825	1.4999999999999999e-05	6.023275999999994	5.174954000000001	1.1446640077522687	2.416323782638478e-05	6.0194624154031	2019-02-01	lbi	south	2019
2018-09-01	B/New_Caledonia/2/2018_EPI_ISL_312755	1.8e-05	6.023275999999994	5.174954000000001	1.1435822472742956	2.8982818918781475e-05	6.0194624154031	2019-02-01	lbi	south	2019
2018-09-01	B/New_Caledonia/3/2018_EPI_ISL_313826	2.4e-05	6.023275999999994	5.174954000000001	1.1437154281516841	3.864590303857153e-05	6.0194624154031	2019-02-01	lbi	south	2019
2018-09-01	B/New_Caledonia/31/2017_EPI_ISL_312754	1e-05	6.023275999999994	5.174954000000001	1.1445337693370548	1.6107951079696684e-05	6.0194624154031	2019-02-01	lbi	south	2019
2018-09-01	B/New_Caledonia/6/2018_EPI_ISL_312756	0.000121	6.023275999999994	5.174954000000001	0.0040137745207253885	0.0001211829993081076	6.0194624154031	2019-02-01	lbi	south	2019
2018-09-01	B/New_Caledonia/7/2018_EPI_ISL_312757	0.000178	6.023275999999994	5.174954000000001	0.004120977282691693	0.0001782771686679291	6.0194624154031	2019-02-01	lbi	south	2019
2018-09-01	B/New_Hampshire/11/2018_EPI_ISL_314437	0.001423	4.782896	6.226117000000002	0.0027687167187894777	0.0014244129921067404	4.788625953881671	2019-02-01	lbi	south	2019
2018-09-01	B/New_Hampshire/14/2018_EPI_ISL_311575	0.002327	3.792566	5.226295	-0.007551272289563579	0.0023193161128549525	3.79828584364409	2019-02-01	lbi	south	2019
2018-09-01	B/New_Jersey/14/2018_EPI_ISL_314416	0.003928	3.1002999999999994	5.089661	-0.009134339927819339	0.003912447972196327	3.1072023592258473	2019-02-01	lbi	south	2019
2018-09-01	B/New_Jersey/16/2018_EPI_ISL_321183	0.007576	3.766846	5.226295	0.0006038561434548531	0.007576685273681481	3.7725056978860576	2019-02-01	lbi	south	2019
2018-09-01	B/New_Jersey/16/2018_EPI_ISL_321183__dup2	0.007576	3.766846	5.226295	0.0006038561434548531	0.007576685273681481	3.7725056978860576	2019-02-01	lbi	south	2019
2018-09-01	B/New_York/18/2018_EPI_ISL_313090	0.004519	3.787764	5.152345	0.0006658546285760851	0.00451952550820118	3.793466491880954	2019-02-01	lbi	south	2019
2018-09-01	B/Niedersachsen/33/2018_EPI_ISL_308642	6.4e-05	2.7972329999999985	4.2263	-0.01700741551821725	6.353783165825573e-05	2.8029244758697986	2019-02-01	lbi	south	2019
2018-09-01	B/Niger/5592/2018_EPI_ISL_313098	0.000178	6.644905999999998	5.149458000000001	0.0028803656017929785	0.00017818503717490405	6.644205785783938	2019-02-01	lbi	south	2019
2018-09-01	B/Niger/5667/2018_EPI_ISL_311626	9.7e-05	5.645275	4.149462999999998	0.002577808413493272	9.708859457170704e-05	5.6445621558582975	2019-02-01	lbi	south	2019
2018-09-01	B/Niger/5672/2018_EPI_ISL_309645	0.00011399999999999999	5.024020999999997	4.175444999999999	-0.007321443091578393	0.00011363444683693074	5.020277135560786	2019-02-01	lbi	south	2019
2018-09-01	B/North_Carolina/24/2018_EPI_ISL_313073	0.003043	3.751398000000001	5.212437	-0.004930528023201019	0.0030362655617885413	3.7570358497767407	2019-02-01	lbi	south	2019
2018-09-01	B/North_Carolina/30/2017_EPI_ISL_295941	1e-05	4.099792999999999	6.0896560000000015	1.1083937015395522	1.586720886871213e-05	4.10669556565041	2019-02-01	lbi	south	2019
2018-09-01	B/North_Dakota/09/2018_EPI_ISL_311558	0.0026149999999999997	2.7972329999999985	4.2263	-0.006773358515473551	0.002607210060357538	2.8029244758697986	2019-02-01	lbi	south	2019
2018-09-01	B/North_Dakota/11/2018_EPI_ISL_313222	0.005175	2.7972329999999985	4.2263	-0.005547774425806675	0.0051622194288533435	2.8029244758697986	2019-02-01	lbi	south	2019
2018-09-01	B/Norway/1540/2018_EPI_ISL_316006	0.000272	5.9781859999999964	5.161582000000002	0.004231359836226244	0.00027243606842920315	5.974388509467721	2019-02-01	lbi	south	2019
2018-09-01	B/Norway/2513/2018_EPI_ISL_315497	0.002066	2.7972329999999985	4.2263	-0.008894706477949248	0.002058025618145112	2.8029244758697986	2019-02-01	lbi	south	2019
2018-09-01	B/Nunavut/RV3849/2018_EPI_ISL_316089	0.018058	6.746719999999996	6.159684000000001	0.004684454143508634	0.018090365399721406	6.742212084144407	2019-02-01	lbi	south	2019
2018-09-01	B/OSAKA-C/12/2018_EPI_ISL_312705	5.6999999999999996e-05	5.024020999999997	4.175444999999999	-0.008156642790640633	5.679745447183508e-05	5.020277135560786	2019-02-01	lbi	south	2019
2018-09-01	B/OSAKA/11/2018_EPI_ISL_302263	2.3e-05	6.854947999999996	6.050095000000001	1.1258380882214172	3.676080741585945e-05	6.8511219738794695	2019-02-01	lbi	south	2019
2018-09-01	B/OSAKA/65/2018_EPI_ISL_312707	0.00028700000000000004	3.9957289999999968	6.065524000000002	-0.01756605015884913	0.000284861150580737	4.002545590871845	2019-02-01	lbi	south	2019
2018-09-01	B/Ohio/13/2018_EPI_ISL_313144	0.001685	2.7972329999999985	4.2263	-0.011205567133668702	0.00167688083170389	2.8029244758697986	2019-02-01	lbi	south	2019
2018-09-01	B/Oklahoma/15/2018_EPI_ISL_313194	0.004839	2.7972329999999985	4.2263	-0.006160787633095457	0.004825816461905535	2.8029244758697986	2019-02-01	lbi	south	2019
2018-09-01	B/Oman/1144/2018_EPI_ISL_311609	0.000169	6.020786999999995	5.175290000000002	-0.002862122753626073	0.00016877137800283665	6.017059147608568	2019-02-01	lbi	south	2019
2018-09-01	B/Oman/1961/2018_EPI_ISL_313107	0.000918	6.015071999999995	5.091158000000002	0.00444625322179553	0.0009195540631316387	6.01128869033743	2019-02-01	lbi	south	2019
2018-09-01	B/Oman/2016/2018_EPI_ISL_313079	0.001147	6.021713999999995	5.175440000000002	0.00572829168554299	0.001149555641219065	6.017978024278341	2019-02-01	lbi	south	2019
2018-09-01	B/Oman/2132/2018_EPI_ISL_313111	0.001307	5.024020999999997	4.175444999999999	-0.003417785921509662	0.0013049297391444007	5.020277135560786	2019-02-01	lbi	south	2019
2018-09-01	B/Ontario/RV3160/2018_EPI_ISL_313614	0.001685	7.742813999999993	7.159678999999997	0.003252922962846533	0.0016870134744985273	7.738314682148985	2019-02-01	lbi	south	2019
2018-09-01	B/Oregon/05/2018_EPI_ISL_303182	8.6e-05	3.1002999999999994	5.089661	-0.024399720995348928	8.511638781024947e-05	3.1072023592258473	2019-02-01	lbi	south	2019
2018-09-01	B/Papua_New_Guinea/1/2018_EPI_ISL_316413	0.017681	5.024020999999997	4.175444999999999	0.0019400054614912704	0.017692446458178895	5.020277135560786	2019-02-01	lbi	south	2019
2018-09-01	B/Papua_New_Guinea/2/2018_EPI_ISL_316414	0.017681	5.024020999999997	4.175444999999999	0.0013642676598052282	0.017688202712954244	5.020277135560786	2019-02-01	lbi	south	2019
2018-09-01	B/Pennsylvania/10/2018_EPI_ISL_311589	0.002327	3.7785590000000004	5.225949	-0.006718966743461706	0.00232012057719854	3.784298322838289	2019-02-01	lbi	south	2019
2018-09-01	B/Pennsylvania/15/2018_EPI_ISL_314415	0.006292	3.7785590000000004	5.225949	-0.003908439053308286	0.006280749442503647	3.784298322838289	2019-02-01	lbi	south	2019
2018-09-01	B/Pennsylvania/32/2018_EPI_ISL_314447	0.010102	5.028102000000001	6.9756419999999935	-0.004103192117183696	0.010083118633918144	5.034976472399666	2019-02-01	lbi	south	2019
2018-09-01	B/Peru/7218/2018_EPI_ISL_319689	0.012473999999999999	3.1002999999999994	5.089661	-0.003746880359966436	0.012452533801149343	3.1072023592258473	2019-02-01	lbi	south	2019
2018-09-01	B/Puerto_Rico/17/2018_EPI_ISL_321179	0.014107	2.7972329999999985	4.2263	-0.0017004782301477562	0.014094736614055303	2.8029244758697986	2019-02-01	lbi	south	2019
2018-09-01	B/Punta_Arenas/33524/2018_EPI_ISL_314440	0.003278	2.7972329999999985	4.2263	-0.006101375633127502	0.003269150230826781	2.8029244758697986	2019-02-01	lbi	south	2019
2018-09-01	B/Punta_Arenas/58278/2018_EPI_ISL_321158	0.028827	2.7972329999999985	4.2263	-7.713200903292008e-05	0.028821428396936844	2.8029244758697986	2019-02-01	lbi	south	2019
2018-09-01	B/Quebec/RV0430/2018_EPI_ISL_305890	1.9e-05	2.7972329999999985	4.2263	1.1171103396054298	3.025739033045116e-05	2.8029244758697986	2019-02-01	lbi	south	2019
2018-09-01	B/Quebec/RV2262/2018_EPI_ISL_313154	0.000452	3.1002999999999994	5.089661	-0.01623054881400429	0.0004488812129343719	3.1072023592258473	2019-02-01	lbi	south	2019
2018-09-01	B/Santiago/34511/2018_EPI_ISL_314439	0.004070000000000001	3.1002999999999994	5.089661	-0.0076040539889020925	0.004056471414704503	3.1072023592258473	2019-02-01	lbi	south	2019
2018-09-01	B/Santiago/47361/2018_EPI_ISL_321157	0.014107	5.932940999999997	8.089367999999999	-0.0033736674613079193	0.014084913721228394	5.940083816331012	2019-02-01	lbi	south	2019
2018-09-01	B/Santiago/47361/2018_EPI_ISL_321157__dup2	0.014107	3.9893949999999974	6.089426000000003	-0.0033736674613079193	0.014084913721228394	3.9964234712159237	2019-02-01	lbi	south	2019
2018-09-01	B/Santiago/51375/2018_EPI_ISL_321180	0.020380000000000002	4.931227000000001	6.964310999999996	-0.0024644459905794718	0.020355802730680658	4.938047197544534	2019-02-01	lbi	south	2019
2018-09-01	B/Santiago/51375/2018_EPI_ISL_321180__dup2	0.020380000000000002	3.1002999999999994	5.089661	-0.002201018185463205	0.020358037138485618	3.1072023592258473	2019-02-01	lbi	south	2019
2018-09-01	B/Santiago/65/2017_EPI_ISL_304484	1.1e-05	7.023928999999995	6.175435000000001	1.1462690543902372	1.773156210171329e-05	7.020170746188171	2019-02-01	lbi	south	2019
2018-09-01	B/Santiago/65/2018_EPI_ISL_315050	1.1e-05	6.023963999999994	5.175440000000002	1.1462690543902372	1.773156210171329e-05	6.020206209312373	2019-02-01	lbi	south	2019
2018-09-01	B/Sao_Paulo/712227/2018_EPI_ISL_311498	0.00010800000000000001	3.1002999999999994	5.089661	-0.023467016103461257	0.00010693189603472492	3.1072023592258473	2019-02-01	lbi	south	2019
2018-09-01	B/Sao_Paulo/722199/2018_EPI_ISL_320151	9.7e-05	6.098988999999999	8.089288999999996	-0.022936175834032197	9.606192936048175e-05	6.1058756021537715	2019-02-01	lbi	south	2019
2018-09-01	B/Saskatchewan/RV2690/2018_EPI_ISL_313611__dup2	0.0004980000000000001	3.9957289999999968	6.065524000000002	-0.016518627130612716	0.0004945044540170786	4.002545590871845	2019-02-01	lbi	south	2019
2018-09-01	B/Singapore/GP0026/2018_EPI_ISL_314064	2.1e-05	5.024020999999997	4.175444999999999	1.1271204103530263	3.358215364855538e-05	5.020277135560786	2019-02-01	lbi	south	2019
2018-09-01	B/Singapore/GP0026/2018_EPI_ISL_314064__dup2	2.1e-05	5.024020999999997	4.175444999999999	1.1271204103530263	3.358215364855538e-05	5.020277135560786	2019-02-01	lbi	south	2019
2018-09-01	B/Singapore/GP0423/2018_EPI_ISL_314065	0.000178	5.949598999999996	5.175344000000002	0.0019387445513961697	0.00017811514139488371	5.945706185194783	2019-02-01	lbi	south	2019
2018-09-01	B/Singapore/GP0423/2018_EPI_ISL_314065__dup2	0.000178	5.949598999999996	5.175344000000002	0.0030379947882245057	0.0001781967405435834	5.945706185194783	2019-02-01	lbi	south	2019
2018-09-01	B/Singapore/KK0234/2018_EPI_ISL_314067	0.000389	3.7532670000000006	5.1545559999999995	-0.012125487156340117	0.00038697724765706217	3.758972356261967	2019-02-01	lbi	south	2019
2018-09-01	B/Singapore/KK0234/2018_EPI_ISL_314067__dup2	0.000389	2.7972329999999985	4.2263	-0.011852374632128319	0.0003870212869681662	2.8029244758697986	2019-02-01	lbi	south	2019
2018-09-01	B/Singapore/KK0248/2018_EPI_ISL_314068	0.0004980000000000001	4.7431800000000015	6.112281000000003	0.00023046413309348976	0.0004979675658862134	4.748814325927627	2019-02-01	lbi	south	2019
2018-09-01	B/Singapore/KK0248/2018_EPI_ISL_314068__dup2	0.0004980000000000001	3.795147	5.226295	0.00023046413309348976	0.0004979675658862134	3.8008514247012664	2019-02-01	lbi	south	2019
2018-09-01	B/Singapore/TT0354/2018_EPI_ISL_314066	0.000576	6.000645999999994	5.145342000000002	0.0038207691867779632	0.0005768247477315176	5.996868901511344	2019-02-01	lbi	south	2019
2018-09-01	B/Singapore/TT0354/2018_EPI_ISL_314066__dup2	0.000576	6.000645999999994	5.145342000000002	0.0038207691867779632	0.0005768247477315176	5.996868901511344	2019-02-01	lbi	south	2019
2018-09-01	B/South_Auckland/8/2018_EPI_ISL_320426	0.00047400000000000003	8.020329999999992	7.152719999999997	0.005743619268779896	0.0004750591576993286	8.016605590977017	2019-02-01	lbi	south	2019
2018-09-01	B/South_Carolina/05/2018_EPI_ISL_313171	0.00242	3.1002999999999994	5.089661	-0.009423221751659607	0.0024101284387905253	3.1072023592258473	2019-02-01	lbi	south	2019
2018-09-01	B/South_Dakota/15/2018_EPI_ISL_311614	0.003401	2.7972329999999985	4.2263	-0.007473494426816894	0.0033898795589512574	2.8029244758697986	2019-02-01	lbi	south	2019
2018-09-01	B/South_Kazakhstan/ZVL280/2018_EPI_ISL_303804	4.2e-05	5.9720539999999955	5.061431000000001	1.1430375133387416	6.76112298474269e-05	5.968240036787141	2019-02-01	lbi	south	2019
2018-09-01	B/Sri_Lanka/14/2018_EPI_ISL_321493	1.4000000000000001e-05	3.7358840000000004	5.202229000000001	1.1394663597543377	2.250356681881564e-05	3.7415047789931357	2019-02-01	lbi	south	2019
2018-09-01	B/Sri_Lanka/19/2017_EPI_ISL_299617	1e-05	7.0239549999999955	6.1442770000000015	1.1433122262967008	1.6099754600973636e-05	7.020212736542377	2019-02-01	lbi	south	2019
2018-09-01	B/Sydney/16/2018_EPI_ISL_312759	0.00040899999999999997	6.020848999999995	5.175365000000002	0.005743691355757261	0.00040991392686717896	6.017118440031053	2019-02-01	lbi	south	2019
2018-09-01	B/TOKUSHIMA/19/2018_EPI_ISL_316138	0.000729	4.056334	6.017917000000002	-0.013252295024240239	0.0007248688810899115	4.063250239618013	2019-02-01	lbi	south	2019
2018-09-01	B/TOKUSHIMA/19/2018_EPI_ISL_316138__dup2	0.000729	4.056334	6.017917000000002	-0.01423679318137303	0.0007245715953695077	4.063250239618013	2019-02-01	lbi	south	2019
2018-09-01	B/TOKUSHIMA/19/2018_EPI_ISL_316138__dup3	0.000729	4.056334	6.017917000000002	-0.01712229504051093	0.000723700971894095	4.063250239618013	2019-02-01	lbi	south	2019
2018-09-01	B/TOKUSHIMA/19/2018_EPI_ISL_316138__dup4	0.000729	4.056334	6.017917000000002	-0.01712229504051093	0.000723700971894095	4.063250239618013	2019-02-01	lbi	south	2019
2018-09-01	B/TOKUSHIMA/5/2018_EPI_ISL_305566	9.7e-05	5.024020999999997	4.175444999999999	-0.009140370568118002	9.66157076605184e-05	5.020277135560786	2019-02-01	lbi	south	2019
2018-09-01	B/TOYAMA/16/2018_EPI_ISL_316141	0.001097	4.035797999999999	5.988448000000002	-0.0132636868800246	0.0010907783102228463	4.042703965898534	2019-02-01	lbi	south	2019
2018-09-01	B/TOYAMA/5/2018_EPI_ISL_312685	4.5e-05	6.023917999999995	5.175440000000002	1.1465609617336534	7.254703181605258e-05	6.020132041497147	2019-02-01	lbi	south	2019
2018-09-01	B/Ukraine/7952/2018_EPI_ISL_316667	0.000452	5.024020999999997	4.175444999999999	-0.005601954425693821	0.00045087352805131455	5.020277135560786	2019-02-01	lbi	south	2019
2018-09-01	B/Ukraine/7991/2018_EPI_ISL_316668	0.0009599999999999999	5.9720539999999955	5.061431000000001	0.005743682615738967	0.0009621451549130312	5.968240036787141	2019-02-01	lbi	south	2019
2018-09-01	B/Ukraine/7999/2018_EPI_ISL_316669	0.000523	3.794489	5.226295	0.0021072157460852686	0.0005233750464238094	3.8001907123024536	2019-02-01	lbi	south	2019
2018-09-01	B/Utah/04/2018_EPI_ISL_300930	4e-05	3.1002999999999994	5.089661	1.1114673000349555	6.355016992704269e-05	3.1072023592258473	2019-02-01	lbi	south	2019
2018-09-01	B/Utah/23/2018_EPI_ISL_315829	0.009033	2.7972329999999985	4.2263	-0.0031572530918586974	0.009019670995961454	2.8029244758697986	2019-02-01	lbi	south	2019
2018-09-01	B/Valparaiso/55955/2018_EPI_ISL_321159	0.027232	4.934918000000001	7.089238999999994	-0.0007048422963954919	0.027219616562504694	4.941984238090913	2019-02-01	lbi	south	2019
2018-09-01	B/Valparaiso/958/2018_EPI_ISL_315056	1.4000000000000001e-05	6.023979999999995	5.175440000000002	1.1277257901113555	2.239375035467734e-05	6.020232348060071	2019-02-01	lbi	south	2019
2018-09-01	B/Vermont/12/2018_EPI_ISL_313092	0.003928	2.7972329999999985	4.2263	-0.006999654315206912	0.003915929456272356	2.8029244758697986	2019-02-01	lbi	south	2019
2018-09-01	B/Virginia/14/2018_EPI_ISL_313084	0.001829	3.793562	5.226295	-0.0003239550706681494	0.0018284584422078823	3.799267558985384	2019-02-01	lbi	south	2019
2018-09-01	B/WAKAYAMA-C/41/2018_EPI_ISL_312683	0.000188	5.024020999999997	4.175444999999999	-0.007948586478559663	0.00018734819563557165	5.020277135560786	2019-02-01	lbi	south	2019
2018-09-01	B/Wellington/1/2018_EPI_ISL_320425	0.007128	3.768708	5.226295	0.0005488128887640988	0.007128481259255022	3.7744105508327803	2019-02-01	lbi	south	2019
2018-09-01	B/Wellington/2/2018_EPI_ISL_317521	0.007128	3.768708	5.226295	0.0005488128887640988	0.007128481259255022	3.7744105508327803	2019-02-01	lbi	south	2019
2018-09-01	B/West_Virginia/07/2018_EPI_ISL_303015	7.7e-05	4.098972999999999	6.065988000000003	-0.02200425745391401	7.628496163606089e-05	4.105898922568583	2019-02-01	lbi	south	2019
2018-09-01	B/West_Virginia/26/2018_EPI_ISL_313070	0.003278	5.757119999999993	7.182818999999993	0.001987385620512928	0.0032801868921206972	5.762823450353704	2019-02-01	lbi	south	2019
2018-09-01	B/West_Virginia/27/2018_EPI_ISL_313071	0.003401	5.757119999999993	7.182818999999993	0.002021524285053523	0.0034033173605622917	5.762823450353704	2019-02-01	lbi	south	2019
2018-09-01	B/Wisconsin/02/2018_EPI_ISL_298437	3.1e-05	6.746719999999996	6.159684000000001	1.141035147306423	4.986190868639556e-05	6.742212084144407	2019-02-01	lbi	south	2019
2018-09-01	B/Wisconsin/25/2018_EPI_ISL_309732	0.0027170000000000002	6.746719999999996	6.159684000000001	0.0031058206695516993	0.0027200799270042835	6.742212084144407	2019-02-01	lbi	south	2019
2018-09-01	B/Wisconsin/27/2018_EPI_ISL_311612	0.004839	6.746719999999996	6.159684000000001	0.004100297678608617	0.004846493179239931	6.742212084144407	2019-02-01	lbi	south	2019
2018-09-01	B/Wisconsin/31/2018_EPI_ISL_314029	0.01125	3.7747200000000003	5.225371	-0.0026051195769850374	0.011235984217165785	3.7804525074354682	2019-02-01	lbi	south	2019
2018-09-01	B/YAMAGATA/105/2018_EPI_ISL_316136	0.000121	5.024020999999997	4.175444999999999	-0.008803717504804987	0.00012053753188791076	5.020277135560786	2019-02-01	lbi	south	2019
2018-09-01	B/YAMAGUCHI/15/2018_EPI_ISL_305412	0.00011399999999999999	5.024020999999997	4.175444999999999	-0.007321443091578393	0.00011363444683693074	5.020277135560786	2019-02-01	lbi	south	2019
2018-09-01	B/YOKOHAMA/86/2018_EPI_ISL_312708	0.0022370000000000003	5.024020999999997	4.175444999999999	-0.00239277655132031	0.0022344107230092224	5.020277135560786	2019-02-01	lbi	south	2019
2018-09-01	B/Yunnan-Wenshan/11/2018_EPI_ISL_297023	1.4000000000000001e-05	6.602784999999996	6.648304000000001	1.1444968602190078	2.255078470491916e-05	6.605002676256375	2019-02-01	lbi	south	2019
2018-09-01	B/Zhejiang-Nanxun/32/2018_EPI_ISL_309744	1.4000000000000001e-05	8.970917999999989	8.061415999999992	1.1441263347881265	2.254730345731186e-05	8.967018284946406	2019-02-01	lbi	south	2019
2018-09-01	B/Zhejiang-Shangcheng/122/2018_EPI_ISL_309748	2.1e-05	9.02282999999999	8.175424999999995	1.1404151311747075	3.376869707935654e-05	9.018987846325887	2019-02-01	lbi	south	2019
2018-09-01	B/Zhejiang-Wuxin/113/2018_EPI_ISL_314480__dup3	1.4000000000000001e-05	7.961609999999995	7.127387999999996	1.1450654890744445	2.2556128265788916e-05	7.957482869007474	2019-02-01	lbi	south	2019
2019-09-01	B/Abu_Dhabi/027/2019_EPI_ISL_354360	2.8999999999999997e-05	5.677443999999997	6.180435999999994	0.009603872067440336	2.911626444251613e-05	5.67808739333165	2020-02-01	lbi	south	2020
2019-09-01	B/Abu_Dhabi/030/2019_EPI_ISL_358006	3.1e-05	3.1322989999999997	2.6091639999999963	0.017414502210682165	3.122573945753828e-05	3.136523260921593	2020-02-01	lbi	south	2020
2019-09-01	B/Abu_Dhabi/036/2019_EPI_ISL_357998	5e-05	3.1322989999999997	2.6091639999999963	0.006545816634293161	5.0136531762693106e-05	3.136523260921593	2020-02-01	lbi	south	2020
2019-09-01	B/Abu_Dhabi/040/2019_EPI_ISL_357999	5e-05	3.1322989999999997	2.6091639999999963	0.006605957084871969	5.013778812577212e-05	3.136523260921593	2020-02-01	lbi	south	2020
2019-09-01	B/Alaska/04/2019_EPI_ISL_377550	0.011483	2.761243999999998	2.052139999999997	0.003057417151707186	0.011497631927902255	2.7669786627388335	2020-02-01	lbi	south	2020
2019-09-01	B/Anhui-Qiaocheng/1506/2019_EPI_ISL_367016	0.0024530000000000003	7.699604999999995	9.034496999999988	0.007181184440578255	0.002460349506596594	7.697821929303508	2020-02-01	lbi	south	2020
2019-09-01	B/Antananarivo/3125/2019_EPI_ISL_377198	0.00606	6.6298340000000024	8.03867599999998	0.00491116865657162	0.00607241030197605	6.6279215761118	2020-02-01	lbi	south	2020
2019-09-01	B/Antananarivo/3184/2019_EPI_ISL_377199	0.007214	6.6298340000000024	8.03867599999998	0.005176005663133637	0.0072295713140657384	6.6279215761118	2020-02-01	lbi	south	2020
2019-09-01	B/Antananarivo/3205/2019_EPI_ISL_377201	0.007214	6.6298340000000024	8.03867599999998	0.005176005663133637	0.0072295713140657384	6.6279215761118	2020-02-01	lbi	south	2020
2019-09-01	B/Antananarivo/3330/2019_EPI_ISL_377202	0.008966	6.6298340000000024	8.03867599999998	0.0036405080690819725	0.008979606074234424	6.6279215761118	2020-02-01	lbi	south	2020
2019-09-01	B/Antananarivo/3426/2019_EPI_ISL_387000	0.009441	6.690862000000001	7.994970999999978	0.006360203772671347	0.0094660478073624	6.689048172765664	2020-02-01	lbi	south	2020
2019-09-01	B/Antananarivo/3493/2019_EPI_ISL_387002	0.011216	6.627972000000002	7.810119999999979	0.007689657961961442	0.011251988231091997	6.625999227416447	2020-02-01	lbi	south	2020
2019-09-01	B/Antsirabe/3506/2019_EPI_ISL_377209	0.010692	7.547602999999994	8.809564999999985	0.003951444586610456	0.010709612725971887	7.5454911728767	2020-02-01	lbi	south	2020
2019-09-01	B/Arizona/06/2019_EPI_ISL_354365	0.00018999999999999998	5.710202999999997	7.0392309999999885	0.003976619079543184	0.00019031497962008673	5.708429630651551	2020-02-01	lbi	south	2020
2019-09-01	B/Arizona/12/2019_EPI_ISL_365697	0.012863	2.761243999999998	2.052139999999997	0.0009698039704443843	0.012868192235873892	2.7669786627388335	2020-02-01	lbi	south	2020
2019-09-01	B/Ashgabat/7/2019_EPI_ISL_387005	0.002943	6.734111999999998	7.215961999999988	0.00782487008808743	0.002952609400842362	6.734905638124702	2020-02-01	lbi	south	2020
2019-09-01	B/Bahia/150/2019_EPI_ISL_377621	0.001362	5.710202999999997	7.0392309999999885	0.005389792222563512	0.0013650614483522005	5.708429630651551	2020-02-01	lbi	south	2020
2019-09-01	B/Bahrain/106/2019_EPI_ISL_377597	6.3e-05	2.761243999999998	2.052139999999997	-0.08502361061231888	6.080717015589439e-05	2.7669786627388335	2020-02-01	lbi	south	2020
2019-09-01	B/Bahrain/166/2019_EPI_ISL_377596	0.000181	2.761243999999998	2.052139999999997	-0.0691066346136219	0.00017586243857445525	2.7669786627388335	2020-02-01	lbi	south	2020
2019-09-01	B/Bahrain/232/2019_EPI_ISL_386908	0.001254	4.129779999999996	3.6091509999999953	0.005545757585446885	0.00125690036806329	4.134009460185465	2020-02-01	lbi	south	2020
2019-09-01	B/Bahrain/351/2019_EPI_ISL_377601	0.008734	4.660051999999996	4.035126999999995	0.004839538677493194	0.008751625195552011	4.66563118508799	2020-02-01	lbi	south	2020
2019-09-01	B/Bahrain/360/2019_EPI_ISL_377600	0.009441	5.677443999999997	6.180435999999994	0.004638999096837481	0.009459261488725761	5.67808739333165	2020-02-01	lbi	south	2020
2019-09-01	B/Bangkok/16/2019_EPI_ISL_386897	3.7e-05	2.761243999999998	2.052139999999997	-0.08547297634640388	3.5705461588069475e-05	2.7669786627388335	2020-02-01	lbi	south	2020
2019-09-01	B/Bangkok/259/2019_EPI_ISL_386904	0.015516	4.307117999999998	3.9544579999999954	0.005698473687607677	0.015552876475401073	4.311789452806107	2020-02-01	lbi	south	2020
2019-09-01	B/Bangladesh/0021/2019_EPI_ISL_365729	0.002738	6.994795000000001	5.814580999999995	-0.0007944539037813546	0.002737092415250138	6.999149866436919	2020-02-01	lbi	south	2020
2019-09-01	B/Bangladesh/1159/2019_EPI_ISL_362452	0.000426	3.6775309999999997	3.0351399999999944	-0.0022954149826762906	0.0004255925416710454	3.6831344354791	2020-02-01	lbi	south	2020
2019-09-01	B/Bangladesh/1190414003/2019_EPI_ISL_377564	0.001419	3.6775309999999997	3.0351399999999944	-0.0010991193248547557	0.0014183495714709259	3.6831344354791	2020-02-01	lbi	south	2020
2019-09-01	B/Bangladesh/1521/2019_EPI_ISL_362467	0.00026000000000000003	2.761243999999998	2.052139999999997	-0.06160271872914162	0.00025341116350486925	2.7669786627388335	2020-02-01	lbi	south	2020
2019-09-01	B/Bangladesh/1536/2019_EPI_ISL_362446	0.000712	4.7177779999999965	4.033076999999995	0.0027632907047739617	0.0007128198849932048	4.72349517125473	2020-02-01	lbi	south	2020
2019-09-01	B/Bangladesh/1601/2019_EPI_ISL_362477	8.4e-05	5.677443999999997	6.180435999999994	0.007122973832588617	8.424963145922551e-05	5.67808739333165	2020-02-01	lbi	south	2020
2019-09-01	B/Bangladesh/1604/2019_EPI_ISL_362472	0.00011100000000000001	6.676131	7.180402999999988	0.0035513844000315425	0.00011116431644692873	6.676782686023535	2020-02-01	lbi	south	2020
2019-09-01	B/Bangladesh/1618/2019_EPI_ISL_362449	0.000334	5.677443999999997	6.180435999999994	0.004198782000354561	0.0003345846713778488	5.67808739333165	2020-02-01	lbi	south	2020
2019-09-01	B/Bangladesh/1621/2019_EPI_ISL_362537	0.000368	5.677443999999997	6.180435999999994	0.0005729529337503529	0.00036808767563591984	5.67808739333165	2020-02-01	lbi	south	2020
2019-09-01	B/Bangladesh/1627/2019_EPI_ISL_362457	0.00054	6.676131	7.180402999999988	0.005281355809447265	0.0005411893376137747	6.676782686023535	2020-02-01	lbi	south	2020
2019-09-01	B/Bangladesh/1628/2019_EPI_ISL_362448	0.00065	5.677443999999997	6.180435999999994	0.0048087788586145645	0.0006513033512336179	5.67808739333165	2020-02-01	lbi	south	2020
2019-09-01	B/Bangladesh/2016/2019_EPI_ISL_365731	0.0024530000000000003	4.946954000000002	4.415438999999994	0.005925336019269285	0.0024590624158558417	4.951515176347712	2020-02-01	lbi	south	2020
2019-09-01	B/Bangladesh/299/2019_EPI_ISL_362468	0.000117	5.677443999999997	6.180435999999994	0.004419986343931873	0.00011721561312018035	5.67808739333165	2020-02-01	lbi	south	2020
2019-09-01	B/Bangladesh/3022/2019_EPI_ISL_364185	0.000223	3.6790129999999994	2.8230289999999942	-0.0019849699013102864	0.00022281552588205157	3.6845482595037318	2020-02-01	lbi	south	2020
2019-09-01	B/Bangladesh/303/2019_EPI_ISL_362481	0.00024700000000000004	5.677443999999997	6.180435999999994	0.0040722615657784785	0.00024741933322639	5.67808739333165	2020-02-01	lbi	south	2020
2019-09-01	B/Bangladesh/304/2019_EPI_ISL_362480	0.00024700000000000004	5.677443999999997	6.180435999999994	0.0040722615657784785	0.00024741933322639	5.67808739333165	2020-02-01	lbi	south	2020
2019-09-01	B/Bangladesh/313/2019_EPI_ISL_362463	0.0008900000000000001	5.677443999999997	6.180435999999994	0.005170076362269053	0.0008919188485284102	5.67808739333165	2020-02-01	lbi	south	2020
2019-09-01	B/Bangladesh/3190414012/2019_EPI_ISL_377587	0.002738	2.761243999999998	2.052139999999997	-0.036802528372504015	0.0026963333466032712	2.7669786627388335	2020-02-01	lbi	south	2020
2019-09-01	B/Bangladesh/367/2019_EPI_ISL_362475	7.5e-05	2.761243999999998	2.052139999999997	-0.08708740562385799	7.232726626047157e-05	2.7669786627388335	2020-02-01	lbi	south	2020
2019-09-01	B/Bangladesh/4003/2019_EPI_ISL_365671	0.00038700000000000003	5.677443999999997	6.180435999999994	0.0006558277604925796	0.00038710556934757825	5.67808739333165	2020-02-01	lbi	south	2020
2019-09-01	B/Bangladesh/4010/2019_EPI_ISL_365722	0.002363	3.6775309999999997	3.0351399999999944	3.250950042980453e-05	0.00236303080396154	3.6831344354791	2020-02-01	lbi	south	2020
2019-09-01	B/Bangladesh/4016/2019_EPI_ISL_364183	5.9999999999999995e-05	5.677443999999997	6.180435999999994	0.006939832245188509	6.017371621416428e-05	5.67808739333165	2020-02-01	lbi	south	2020
2019-09-01	B/Beijing-Haidian/1223/2019_EPI_ISL_367149	0.000566	2.761243999999998	2.052139999999997	-0.05255127126588022	0.0005537410758707934	2.7669786627388335	2020-02-01	lbi	south	2020
2019-09-01	B/Beijing-Huairou/1373/2019_EPI_ISL_367145	0.000273	6.704740000000001	8.03921799999998	0.006779256385621382	0.00027377209099964844	6.702961387456359	2020-02-01	lbi	south	2020
2019-09-01	B/Belgium/G0359/2019_EPI_ISL_356895	0.00044699999999999997	6.0211769999999945	5.111952999999988	0.006819029534010677	0.0004482716217163001	6.025150980138635	2020-02-01	lbi	south	2020
2019-09-01	B/Belgium/S1080/2019_EPI_ISL_356896	0.000105	5.119235000000002	4.570098999999994	0.006521615465943984	0.00010528565501469355	5.12345853716001	2020-02-01	lbi	south	2020
2019-09-01	B/Bhutan/176/2019_EPI_ISL_368224	0.005706	2.761243999999998	2.052139999999997	0.0011209492970819124	0.005708662769403141	2.7669786627388335	2020-02-01	lbi	south	2020
2019-09-01	B/Bhutan/889/2019_EPI_ISL_368228	0.0048850000000000005	2.761243999999998	2.052139999999997	0.0014701888137878603	0.004887990871877065	2.7669786627388335	2020-02-01	lbi	south	2020
2019-09-01	B/Birobidzhan/1023V/2019_EPI_ISL_387018	0.002363	3.6911439999999995	3.020084999999994	0.0006065470954197155	0.002363596066775781	3.696784220366731	2020-02-01	lbi	south	2020
2019-09-01	B/Brisbane/2/2019_EPI_ISL_354454	0.000117	6.627622999999998	7.130086999999987	0.0038458455516326945	0.00011718757553022047	6.628151939832438	2020-02-01	lbi	south	2020
2019-09-01	B/Brunei/1/2019_EPI_ISL_348310	1.1e-05	6.627622999999998	7.130086999999987	0.01822115438909747	1.1083825801950256e-05	6.628151939832438	2020-02-01	lbi	south	2020
2019-09-01	B/Burkina_Faso/1462/2019_EPI_ISL_356363	2.6000000000000002e-05	4.820823	4.5081249999999935	0.0005314323325113468	2.6005744564489354e-05	4.824313160774043	2020-02-01	lbi	south	2020
2019-09-01	B/Burkina_Faso/1474/2019_EPI_ISL_356353	3.7e-05	5.120565000000002	4.5488989999999925	0.017189993931558324	3.726594475525626e-05	5.124792150284141	2020-02-01	lbi	south	2020
2019-09-01	B/Burkina_Faso/2449/2018_EPI_ISL_356352	1e-05	4.120649999999996	3.570111999999996	-0.0018730797659117797	9.992193452119622e-06	4.124866682173648	2020-02-01	lbi	south	2020
2019-09-01	B/CHIBA-C/32/2019_EPI_ISL_363733	0.000105	6.594958000000002	7.877560999999981	0.007159747231933518	0.00010531365295375985	6.593615988449778	2020-02-01	lbi	south	2020
2019-09-01	B/CHIBA-C/54/2019_EPI_ISL_381719	0.009202	3.6459989999999998	2.890469999999994	-0.022291304891314746	0.00911692246635852	3.6521650205370624	2020-02-01	lbi	south	2020
2019-09-01	B/California/24/2019_EPI_ISL_364172	0.004436	3.752361000000001	3.052126999999994	0.0026645997861037664	0.004440925539859776	3.7580968116591196	2020-02-01	lbi	south	2020
2019-09-01	B/Canberra/1/2019_EPI_ISL_354457	1.4000000000000001e-05	5.344516999999995	5.44019999999999	0.019072454896971253	1.4111692034400045e-05	5.34677499691478	2020-02-01	lbi	south	2020
2019-09-01	B/Canberra/24/2019_EPI_ISL_377399	0.010435	3.7403630000000003	3.052126999999994	0.002331148604981005	0.010445135239436753	3.7460883922599653	2020-02-01	lbi	south	2020
2019-09-01	B/Canberra/3/2019_EPI_ISL_354458	0.000105	2.761243999999998	2.052139999999997	-0.07559031050591784	0.00010174440933387302	2.7669786627388335	2020-02-01	lbi	south	2020
2019-09-01	B/Catalonia/2079132NS/2019_EPI_ISL_351786	0.000621	7.674889999999995	8.180409999999984	0.007824869716190822	0.0006230276716408367	7.675546893998852	2020-02-01	lbi	south	2020
2019-09-01	B/Chongqing-Yuzhong/1321/2019_EPI_ISL_367183	0.00018999999999999998	3.4398229999999996	2.8702689999999946	-0.007514074763283277	0.00018940596944580376	3.445149903172606	2020-02-01	lbi	south	2020
2019-09-01	B/Christchurch/504/2019_EPI_ISL_367734	0.008734	2.761243999999998	2.052139999999997	-0.017004600566018026	0.00867233171359638	2.7669786627388335	2020-02-01	lbi	south	2020
2019-09-01	B/Christchurch/505/2019_EPI_ISL_377396	0.011483	3.698392	2.9182859999999944	0.0006736412616984392	0.011486217689970069	3.704193917996429	2020-02-01	lbi	south	2020
2019-09-01	B/Colorado/02/2019_EPI_ISL_342182	8.4e-05	5.710202999999997	7.0392309999999885	0.006950245122801355	8.424356820652264e-05	5.708429630651551	2020-02-01	lbi	south	2020
2019-09-01	B/Congo/219/2019_EPI_ISL_362496	0.0014789999999999	4.652701999999997	4.030620999999994	-0.0016772095776588583	0.001477966027264776	4.658314173992557	2020-02-01	lbi	south	2020
2019-09-01	B/Congo/262/2019_EPI_ISL_362494	0.00316	4.652701999999997	4.030620999999994	0.00016548911771518274	0.003160216290580378	4.658314173992557	2020-02-01	lbi	south	2020
2019-09-01	B/Congo/268/2019_EPI_ISL_362495	0.003885	4.652701999999997	4.030620999999994	0.0005893600164564791	0.0038859521627899636	4.658314173992557	2020-02-01	lbi	south	2020
2019-09-01	B/Congo/271/2019_EPI_ISL_362498	0.003885	4.652701999999997	4.030620999999994	0.0006165963334454019	0.003885996262633908	4.658314173992557	2020-02-01	lbi	south	2020
2019-09-01	B/Cote_D_Ivoire/218/2019_EPI_ISL_364236	0.000131	4.121965999999996	3.5206569999999955	0.006757732382118879	0.0001313693123836868	4.126173611450768	2020-02-01	lbi	south	2020
2019-09-01	B/Cote_D_Ivoire/274/2019_EPI_ISL_365730	0.00020099999999999998	7.994381999999996	6.814567999999987	-0.004740933569813765	0.00020060323646410507	7.998748659963987	2020-02-01	lbi	south	2020
2019-09-01	B/Cote_D_Ivoire/458/2019_EPI_ISL_365681	0.000852	6.994795000000001	5.814580999999995	-0.00374785427739211	0.0008506701164065514	6.999149866436919	2020-02-01	lbi	south	2020
2019-09-01	B/Dakar/02/2019_EPI_ISL_387008	1.7e-05	2.761243999999998	2.052139999999997	-0.0992876638202634	1.631105297077642e-05	2.7669786627388335	2020-02-01	lbi	south	2020
2019-09-01	B/Dakar/06/2019_EPI_ISL_387010	0.000223	2.761243999999998	2.052139999999997	-0.06637194741116285	0.0002169173235803441	2.7669786627388335	2020-02-01	lbi	south	2020
2019-09-01	B/Dakar/08/2019_EPI_ISL_387011	0.0008150000000000001	2.761243999999998	2.052139999999997	-0.04215253269554027	0.0008008102664778402	2.7669786627388335	2020-02-01	lbi	south	2020
2019-09-01	B/Darwin/16/2019_EPI_ISL_354455	0.000712	2.761243999999998	2.052139999999997	-0.047663211620232626	0.0006979990419160671	2.7669786627388335	2020-02-01	lbi	south	2020
2019-09-01	B/Darwin/5/2019_EPI_ISL_348309	0.000181	4.595104999999999	3.7093979999999953	0.0009556732313153228	0.00018107199573878837	4.601152758439284	2020-02-01	lbi	south	2020
2019-09-01	B/Darwin/67/2019_EPI_ISL_364919	0.009684	2.761243999999998	2.052139999999997	-0.024090627647951363	0.009587275665740436	2.7669786627388335	2020-02-01	lbi	south	2020
2019-09-01	B/Darwin/8/2019_EPI_ISL_354491	0.00031800000000000003	3.698392	2.9182859999999944	-0.0047941654704219275	0.00031736524532908854	3.704193917996429	2020-02-01	lbi	south	2020
2019-09-01	B/Delaware/03/2019_EPI_ISL_353537	0.00044699999999999997	2.761243999999998	2.052139999999997	-0.05428381317106648	0.00043700289918771986	2.7669786627388335	2020-02-01	lbi	south	2020
2019-09-01	B/Dijon/1356/2019_EPI_ISL_345600	0.000131	7.109279000000001	6.523933999999992	0.006569032036193214	0.00013135898385861186	7.113524650446107	2020-02-01	lbi	south	2020
2019-09-01	B/EHIME/1/2019_EPI_ISL_363727	0.0009710000000000001	4.696438999999998	3.917032999999996	-0.0040804600838192494	0.0009693500223428565	4.702255217951739	2020-02-01	lbi	south	2020
2019-09-01	B/England/8092/2019_EPI_ISL_369683	4.2e-05	3.1322989999999997	2.6091639999999963	0.018128003950427615	4.2318419629629016e-05	3.136523260921593	2020-02-01	lbi	south	2020
2019-09-01	B/Eskilstuna/1/2019_EPI_ISL_340389	3.3e-05	2.761243999999998	2.052139999999997	-0.10276399570941536	3.1616803012342646e-05	2.7669786627388335	2020-02-01	lbi	south	2020
2019-09-01	B/Eskilstuna/2/2019_EPI_ISL_347818	0.00040599999999999995	4.696756999999998	3.918272999999996	-0.00015005202661502514	0.0004059744100447142	4.702570020356246	2020-02-01	lbi	south	2020
2019-09-01	B/Eskilstuna/2/2019_EPI_ISL_347818__dup2	0.00040599999999999995	3.7596090000000006	3.052126999999994	-0.00015005202661502514	0.0004059744100447142	3.7653547650986603	2020-02-01	lbi	south	2020
2019-09-01	B/Espirito_Santo/105/2019_EPI_ISL_387112	0.00044699999999999997	6.554692000000002	8.034353999999981	0.007770555294056145	0.00044844938278383747	6.552615397205129	2020-02-01	lbi	south	2020
2019-09-01	B/Espirito_Santo/192/2019_EPI_ISL_377620	0.001807	6.554692000000002	8.034353999999981	0.007784313973543797	0.0018128695307678853	6.552615397205129	2020-02-01	lbi	south	2020
2019-09-01	B/FUKUOKA-C/1/2019_EPI_ISL_361862	2.6000000000000002e-05	10.494005999999999	10.850735999999982	0.01965687938756963	2.6213810617127735e-05	10.49516403511333	2020-02-01	lbi	south	2020
2019-09-01	B/Florida/23/2019_EPI_ISL_364219	0.00643	7.594891999999994	8.101149999999983	0.00606767859610547	0.0064462736031573875	7.5953467958114835	2020-02-01	lbi	south	2020
2019-09-01	B/Florida/29/2019_EPI_ISL_365702	0.008966	2.761243999999998	2.052139999999997	0.002371213262971684	0.00897485826011049	2.7669786627388335	2020-02-01	lbi	south	2020
2019-09-01	B/Florida/31/2019_EPI_ISL_365709	0.00993	7.594891999999994	8.101149999999983	0.00634893207692355	0.00995629840731602	7.5953467958114835	2020-02-01	lbi	south	2020
2019-09-01	B/Florida/34/2019_EPI_ISL_386893	0.023587	5.616480999999998	5.051108999999992	0.00540308419340558	0.023640148828197812	5.621927907719104	2020-02-01	lbi	south	2020
2019-09-01	B/Florida/35/2019_EPI_ISL_386892	0.025036000000000003	2.761243999999998	2.052139999999997	0.005176724061061131	0.025090047352093085	2.7669786627388335	2020-02-01	lbi	south	2020
2019-09-01	B/Gansu-Chengguan/1721/2019_EPI_ISL_367092	0.004732	3.4398229999999996	2.8702689999999946	0.002868436705252769	0.004737656567074543	3.445149903172606	2020-02-01	lbi	south	2020
2019-09-01	B/Georgia/04/2019_EPI_ISL_364288	0.001953	3.751561000000001	3.005987999999994	0.0013182248380602657	0.0019540720040145867	3.7573074939926556	2020-02-01	lbi	south	2020
2019-09-01	B/Georgia/568/2019_EPI_ISL_377210	0.000223	3.760787000000001	3.047403999999994	-0.06398092678103211	0.00021713353701292016	3.7665443956648126	2020-02-01	lbi	south	2020
2019-09-01	B/Georgia/568/2019_EPI_ISL_377210__dup2	0.000223	2.761243999999998	2.052139999999997	-0.06352671553335437	0.00021717463444122099	2.7669786627388335	2020-02-01	lbi	south	2020
2019-09-01	B/Georgia/569/2019_EPI_ISL_361966	0.000223	3.6459989999999998	2.890469999999994	-0.0669281804446498	0.000216867055830311	3.6521650205370624	2020-02-01	lbi	south	2020
2019-09-01	B/Georgia/675/2019_EPI_ISL_377211	0.0008150000000000001	3.7415410000000007	3.052126999999994	0.0006280570046346811	0.0008152128900408407	3.7472385496353144	2020-02-01	lbi	south	2020
2019-09-01	B/Germany/9318/2019_EPI_ISL_387375	0.00065	5.119339000000002	4.5576499999999935	0.00723536051858466	0.0006519622012374278	5.123562757771177	2020-02-01	lbi	south	2020
2019-09-01	B/Goias/1227569-IAL/2019_EPI_ISL_372941	0.0050420000000000005	7.172807999999999	8.211726999999982	0.0017884906445750344	0.005045756148995264	7.172596631812525	2020-02-01	lbi	south	2020
2019-09-01	B/Guam/9605/2019_EPI_ISL_368850	0.001737	5.710202999999997	7.0392309999999885	0.007001782643642292	0.0017420740513953692	5.708429630651551	2020-02-01	lbi	south	2020
2019-09-01	B/Guam/9606/2019_EPI_ISL_368854	0.001362	3.161678999999999	2.929882999999995	0.005306983564520663	0.0013650143496202916	3.165949637173313	2020-02-01	lbi	south	2020
2019-09-01	B/Guam/9726/2019_EPI_ISL_369049	0.002363	3.161678999999999	2.929882999999995	0.003216287949131126	0.0023661676201728577	3.165949637173313	2020-02-01	lbi	south	2020
2019-09-01	B/Guam/9729/2019_EPI_ISL_369054	0.00264	3.161678999999999	2.929882999999995	0.0033951524687393475	0.002643735962921192	3.165949637173313	2020-02-01	lbi	south	2020
2019-09-01	B/Guangdong-Chengqu/8103/2019_EPI_ISL_367080__dup2	0.0053659999999999	3.4398229999999996	2.8702689999999946	0.0006991521020198856	0.005367560679142841	3.445149903172606	2020-02-01	lbi	south	2020
2019-09-01	B/Guangdong-Qingcheng/1254/2019_EPI_ISL_367099	0.001307	4.373664999999996	3.7389159999999957	0.0032253010451090613	0.0013087569587989577	4.379200597955013	2020-02-01	lbi	south	2020
2019-09-01	B/Guangxi-Xixiangtang/1423/2019_EPI_ISL_367077__dup2	0.00606	4.324577999999998	3.7085989999999964	0.0011009686559405583	0.006062777493052553	4.330336260970829	2020-02-01	lbi	south	2020
2019-09-01	B/Guangxi-Youjiang/1573/2019_EPI_ISL_377021	0.018940000000000002	3.4398229999999996	2.8702689999999946	0.0033204619383160688	0.018966212445971728	3.445149903172606	2020-02-01	lbi	south	2020
2019-09-01	B/Guatemala/60/2019_EPI_ISL_364188	0.000131	5.710202999999997	7.0392309999999885	0.000497499610604079	0.00013102709121003508	5.708429630651551	2020-02-01	lbi	south	2020
2019-09-01	B/Guatemala/79/2019_EPI_ISL_365706	0.000273	5.710202999999997	7.0392309999999885	0.0045020827736875785	0.00027351245311869253	5.708429630651551	2020-02-01	lbi	south	2020
2019-09-01	B/Guizhou-Honghuagang/1438/2019_EPI_ISL_367342	0.008734	6.3312979999999985	5.738889999999987	0.006186181387937483	0.008756537120247274	6.336744807878558	2020-02-01	lbi	south	2020
2019-09-01	B/Guizhou-Kaili/1346/2019_EPI_ISL_367411	0.002943	8.614006999999994	9.126852999999985	0.005181643744980322	0.0029493593513204787	8.614529857959297	2020-02-01	lbi	south	2020
2019-09-01	B/Guyane/660/2019_EPI_ISL_368213	0.00662	8.736473999999992	10.114689999999984	0.0008177853348093366	0.006622252733175726	8.735268669364256	2020-02-01	lbi	south	2020
2019-09-01	B/Guyane/704/2019_EPI_ISL_368214	0.008506	7.7497249999999935	9.114737999999988	0.0014120669697936057	0.00851100173470226	7.7485131748306095	2020-02-01	lbi	south	2020
2019-09-01	B/Guyane/705/2019_EPI_ISL_368215	0.008734	8.732245999999993	10.114568999999985	0.0027775513987063558	0.00874410936641021	8.731024956097787	2020-02-01	lbi	south	2020
2019-09-01	B/Guyane/739/2019_EPI_ISL_368217	0.011483	7.7497249999999935	9.114737999999988	0.003239142160704011	0.011498502547223585	7.7485131748306095	2020-02-01	lbi	south	2020
2019-09-01	B/HIROSHIMA-C/1/2019_EPI_ISL_352915	4.4e-05	3.698392	2.9182859999999944	-0.08709369180606527	4.243188506659739e-05	3.704193917996429	2020-02-01	lbi	south	2020
2019-09-01	B/HIROSHIMA/1/2019_EPI_ISL_352902	2e-05	7.564770999999993	7.996232999999983	0.019484281424698293	2.0163019613295136e-05	7.565367195090022	2020-02-01	lbi	south	2020
2019-09-01	B/HIROSHIMA/2/2019_EPI_ISL_364632	0.000131	9.563038999999987	9.99620699999998	0.004709640776991778	0.0001312572533770253	9.563653332485316	2020-02-01	lbi	south	2020
2019-09-01	B/HIROSHIMA/4/2019_EPI_ISL_363721	0.000593	8.510918999999989	8.96840399999998	0.0057284643997557545	0.0005944167956069812	8.511886949532691	2020-02-01	lbi	south	2020
2019-09-01	B/HK/10/2019_EPI_ISL_350924	6.3e-05	6.709704000000002	8.03903099999998	0.004565912584386123	6.311993711203155e-05	6.707940581315711	2020-02-01	lbi	south	2020
2019-09-01	B/HK/114/2019_EPI_ISL_362051	0.0021100000000000003	2.761243999999998	2.052139999999997	-0.033376366272010516	0.002080858644638007	2.7669786627388335	2020-02-01	lbi	south	2020
2019-09-01	B/HK/19/2019_EPI_ISL_350930	0.000146	2.761243999999998	2.052139999999997	-0.07225622426622078	0.00014166985017710564	2.7669786627388335	2020-02-01	lbi	south	2020
2019-09-01	B/HK/20/2019_EPI_ISL_350931	0.000181	6.709704000000002	8.03903099999998	0.005361828627788123	0.00018140473080882532	6.707940581315711	2020-02-01	lbi	south	2020
2019-09-01	B/HK/21/2019_EPI_ISL_350932	0.000181	2.761243999999998	2.052139999999997	-0.06815599277617548	0.0001759321116188775	2.7669786627388335	2020-02-01	lbi	south	2020
2019-09-01	B/HK/216/2019_EPI_ISL_381919	0.004732	3.4398229999999996	2.8702689999999946	0.002868436705252769	0.004737656567074543	3.445149903172606	2020-02-01	lbi	south	2020
2019-09-01	B/HK/23/2019_EPI_ISL_350933	0.00021099999999999998	3.4398229999999996	2.8702689999999946	-0.0046317663654524876	0.00021059307587408097	3.445149903172606	2020-02-01	lbi	south	2020
2019-09-01	B/HK/24/2019_EPI_ISL_350934	0.00024700000000000004	2.761243999999998	2.052139999999997	-0.0633432144083003	0.00024056608196027922	2.7669786627388335	2020-02-01	lbi	south	2020
2019-09-01	B/HK/338/2019_EPI_ISL_381937	0.008281	3.4398229999999996	2.8702689999999946	0.001199504985139567	0.00828513560304395	3.445149903172606	2020-02-01	lbi	south	2020
2019-09-01	B/HK/36/2019_EPI_ISL_362025	0.00040599999999999995	9.580210999999991	10.033037999999983	0.0035663948876410436	0.00040660355635145385	9.58064902730007	2020-02-01	lbi	south	2020
2019-09-01	B/HK/42/2019_EPI_ISL_362031	0.00054	3.4398229999999996	2.8702689999999946	-0.004645653162404552	0.0005389554643112248	3.445149903172606	2020-02-01	lbi	south	2020
2019-09-01	B/HK/43/2019_EPI_ISL_362032	0.000566	2.761243999999998	2.052139999999997	-0.05274655875107348	0.0005536960199113506	2.7669786627388335	2020-02-01	lbi	south	2020
2019-09-01	B/HK/668/2019_EPI_ISL_381933	0.017683	3.6911439999999995	3.020084999999994	0.004274514836084052	0.017714513302093324	3.696784220366731	2020-02-01	lbi	south	2020
2019-09-01	B/HK/78/2019_EPI_ISL_362048	0.001604	3.7108509999999995	3.0516149999999937	0.0013938745498644277	0.0016049310252743221	3.7164885030318935	2020-02-01	lbi	south	2020
2019-09-01	B/HOKKAIDO/1/2019_EPI_ISL_363734	4.4e-05	7.512377999999993	7.9684169999999845	0.010741631491477272	4.419734873666358e-05	7.513338297630656	2020-02-01	lbi	south	2020
2019-09-01	B/Hawaii/10/2019_EPI_ISL_354383	0.001153	2.761243999999998	2.052139999999997	-0.03499608961771482	0.0011363087013443274	2.7669786627388335	2020-02-01	lbi	south	2020
2019-09-01	B/Hawaii/13/2019_EPI_ISL_356386	0.0022760000000000002	2.761243999999998	2.052139999999997	-0.03236985110038518	0.002245507533675772	2.7669786627388335	2020-02-01	lbi	south	2020
2019-09-01	B/Hawaii/28/2019_EPI_ISL_368234	0.013727000000000001	2.761243999999998	2.052139999999997	-0.01164677870341792	0.01366053968873777	2.7669786627388335	2020-02-01	lbi	south	2020
2019-09-01	B/Hawaii/33/2019_EPI_ISL_386898	0.026133	3.7089669999999995	3.048862999999994	0.0045435870422694535	0.02618250749741529	3.7146136477440077	2020-02-01	lbi	south	2020
2019-09-01	B/Hebei-Luquan/1179/2019_EPI_ISL_367096__dup2	0.00038700000000000003	3.4398229999999996	2.8702689999999946	-0.00287950530467894	0.0003865357611638759	3.445149903172606	2020-02-01	lbi	south	2020
2019-09-01	B/Hebei-Luquan/1179/2019_EPI_ISL_367096__dup3	0.00038700000000000003	3.4398229999999996	2.8702689999999946	-0.005118056768917298	0.0003861753958375146	3.445149903172606	2020-02-01	lbi	south	2020
2019-09-01	B/Hebei-Luquan/89/2019_EPI_ISL_367416	0.0022760000000000002	3.4398229999999996	2.8702689999999946	0.0012874242983103266	0.0022772200740734366	3.445149903172606	2020-02-01	lbi	south	2020
2019-09-01	B/Hong_Kong/576/2019_EPI_ISL_377216	0.014612	3.4398229999999996	2.8702689999999946	0.0030918705925002624	0.014630829011360372	3.445149903172606	2020-02-01	lbi	south	2020
2019-09-01	B/Hong_Kong/588/2019_EPI_ISL_377228	0.014911	3.4398229999999996	2.8702689999999946	0.003139411928434152	0.014930510056419755	3.445149903172606	2020-02-01	lbi	south	2020
2019-09-01	B/Hubei-Huangshigang/1420/2019_EPI_ISL_367415	0.002545	6.614592	7.04658199999999	0.007824870226432742	0.0025533098625813693	6.615302648589247	2020-02-01	lbi	south	2020
2019-09-01	B/IWATE/1/2019_EPI_ISL_364664	0.0053659999999999	2.761243999999998	2.052139999999997	0.0014130132751043415	0.00536915745542328	2.7669786627388335	2020-02-01	lbi	south	2020
2019-09-01	B/Iceland/7775/2019_EPI_ISL_377230	0.001419	3.7583390000000003	3.052126999999994	-0.00023582087905779485	0.0014188598544837212	3.7640847602353817	2020-02-01	lbi	south	2020
2019-09-01	B/Iowa/01/2019_EPI_ISL_339800	2.7000000000000002e-05	5.710202999999997	7.0392309999999885	0.018104872688460838	2.7204436135011534e-05	5.708429630651551	2020-02-01	lbi	south	2020
2019-09-01	B/Iowa/03/2019_EPI_ISL_344828	8.9e-05	5.710202999999997	7.0392309999999885	0.004265095312133547	8.915825912395026e-05	5.708429630651551	2020-02-01	lbi	south	2020
2019-09-01	B/Iowa/15/2019_EPI_ISL_355628	0.001604	6.706984000000002	8.03921799999998	0.007797280656536632	0.0016092188366585375	6.7052111929782345	2020-02-01	lbi	south	2020
2019-09-01	B/Iran/164310/2019_EPI_ISL_364907	0.000117	6.671139	7.180422999999989	0.007824870069516654	0.00011738202510903271	6.671777515592523	2020-02-01	lbi	south	2020
2019-09-01	B/Ireland/21508/2019_EPI_ISL_387013	0.000223	5.710202999999997	7.0392309999999885	0.004855073132198423	0.000223451459907272	5.708429630651551	2020-02-01	lbi	south	2020
2019-09-01	B/Ireland/28115/2019_EPI_ISL_387014	0.000745	2.761243999999998	2.052139999999997	-0.04600774557909265	0.00073085407398688	2.7669786627388335	2020-02-01	lbi	south	2020
2019-09-01	B/Istanbul/2051/2018_EPI_ISL_341349	1e-05	7.710140999999994	9.038771999999986	0.019577339792181337	1.0081900717911332e-05	7.708389303048687	2020-02-01	lbi	south	2020
2019-09-01	B/Japan/9830/2019_EPI_ISL_381564	0.00763	3.7459730000000007	3.052126999999994	0.0019919362315935912	0.007636331433321403	3.751705999872196	2020-02-01	lbi	south	2020
2019-09-01	B/KANAGAWA/2/2019_EPI_ISL_364637	6.3e-05	4.7243249999999986	3.912401999999994	5.0347076090374816e-05	6.300128950936673e-05	4.73009470760999	2020-02-01	lbi	south	2020
2019-09-01	B/KANAGAWA/4/2019_EPI_ISL_363730	0.000154	6.594958000000002	7.877560999999981	0.004723543440525607	0.0001543033138424896	6.593615988449778	2020-02-01	lbi	south	2020
2019-09-01	B/KANAGAWA/AC1867/2019_EPI_ISL_347746	0.000105	5.582715999999999	4.756602999999995	-0.0022088129649993175	0.00010490335541282572	5.588960662373003	2020-02-01	lbi	south	2020
2019-09-01	B/KANAGAWA/AC1867/2019_EPI_ISL_347746__dup3	0.000105	4.697960999999998	3.918272999999996	-0.0022088129649993175	0.00010490335541282572	4.7037743045747735	2020-02-01	lbi	south	2020
2019-09-01	B/KANAGAWA/AC1881/2019_EPI_ISL_363728	0.002839	3.6459989999999998	2.890469999999994	-0.03284697833547116	0.0028004080165530566	3.6521650205370624	2020-02-01	lbi	south	2020
2019-09-01	B/KANAGAWA/AC1884/2019_EPI_ISL_370363	0.013727000000000001	3.6459989999999998	2.890469999999994	-0.013869501808368703	0.013647894046595072	3.6521650205370624	2020-02-01	lbi	south	2020
2019-09-01	B/KANAGAWA/AC1885/2019_EPI_ISL_370366	0.015516	3.7302010000000005	3.052070999999994	0.004303613278376785	0.015543839896796138	3.7358909829452465	2020-02-01	lbi	south	2020
2019-09-01	B/KANAGAWA/AC1886/2019_EPI_ISL_370367	0.015516	3.663186000000001	2.593993999999995	0.00481079655585116	0.015547125067098544	3.668671105717464	2020-02-01	lbi	south	2020
2019-09-01	B/KANAGAWA/ZC1825/2019_EPI_ISL_347744	3.9e-05	6.344428000000001	6.432231999999996	0.019633704079658428	3.9320336231816975e-05	6.3466963562423135	2020-02-01	lbi	south	2020
2019-09-01	B/KANAGAWA/ZC1862/2019_EPI_ISL_364646	0.0053659999999999	3.4398229999999996	2.8702689999999946	0.0006991521020198856	0.005367560679142841	3.445149903172606	2020-02-01	lbi	south	2020
2019-09-01	B/Kuwait/149/2019_EPI_ISL_350065	1.4999999999999999e-05	7.700246999999994	8.994957999999988	0.01958174972774039	1.5122878864725326e-05	7.698468851936438	2020-02-01	lbi	south	2020
2019-09-01	B/Lebanon/15/2019_EPI_ISL_377608	0.001307	2.761243999999998	2.052139999999997	-0.04673534272573456	0.0012817942643806215	2.7669786627388335	2020-02-01	lbi	south	2020
2019-09-01	B/Lebanon/209/2019_EPI_ISL_350023	8.9e-05	5.710202999999997	7.0392309999999885	0.004265095312133547	8.915825912395026e-05	5.708429630651551	2020-02-01	lbi	south	2020
2019-09-01	B/Lebanon/270/2019_EPI_ISL_350022	0.000138	6.7099160000000015	8.03373399999998	0.0077637369504285686	0.00013844706713133067	6.708152736517288	2020-02-01	lbi	south	2020
2019-09-01	B/Lebanon/441/2019_EPI_ISL_377609	0.003885	2.761243999999998	2.052139999999997	-0.02858323919008757	0.0038390033593179622	2.7669786627388335	2020-02-01	lbi	south	2020
2019-09-01	B/Lebanon/454/2019_EPI_ISL_377610	0.010692	2.761243999999998	2.052139999999997	-0.015868458255416436	0.010621533799124562	2.7669786627388335	2020-02-01	lbi	south	2020
2019-09-01	B/Liaoning-Huanggu/1408/2019_EPI_ISL_367153	0.000516	3.729007000000001	2.950593999999995	-0.003511387529649154	0.0005152453410370155	3.734781921711323	2020-02-01	lbi	south	2020
2019-09-01	B/Liaoning-Xinlongtai/313/2019_EPI_ISL_367424	0.001307	2.761243999999998	2.052139999999997	-0.04673534272573456	0.0012817942643806215	2.7669786627388335	2020-02-01	lbi	south	2020
2019-09-01	B/Lisboa/2/2019_EPI_ISL_367686	0.0050420000000000005	3.4398229999999996	2.8702689999999946	0.0023060761160614038	0.00504684443720624	3.445149903172606	2020-02-01	lbi	south	2020
2019-09-01	B/Louisiana/03/2019_EPI_ISL_380143	8.9e-05	5.344516999999995	5.44019999999999	0.004137549292310456	8.915352100773402e-05	5.34677499691478	2020-02-01	lbi	south	2020
2019-09-01	B/Macedonia/587/2019_EPI_ISL_377231	0.0014789999999999	6.612145000000001	7.581084999999982	0.00758384681334841	0.0014836801811215013	6.610122073630178	2020-02-01	lbi	south	2020
2019-09-01	B/Madagascar/547/2019_EPI_ISL_377614	3.7e-05	5.710202999999997	7.0392309999999885	0.008604496289252257	3.713287180047388e-05	5.708429630651551	2020-02-01	lbi	south	2020
2019-09-01	B/Madagascar/893/2019_EPI_ISL_377615	8.4e-05	5.710202999999997	7.0392309999999885	0.007630712128803882	8.426745699652894e-05	5.708429630651551	2020-02-01	lbi	south	2020
2019-09-01	B/Maine/14/2019_EPI_ISL_364196	0.00763	2.761243999999998	2.052139999999997	0.0031090339676867777	0.0076398866475560125	2.7669786627388335	2020-02-01	lbi	south	2020
2019-09-01	B/Malaysia/RP0467/2019_EPI_ISL_358604	0.000138	5.710202999999997	7.0392309999999885	0.004520377388183712	0.0001382600961547888	5.708429630651551	2020-02-01	lbi	south	2020
2019-09-01	B/Managua/7515.05/2019_EPI_ISL_350029	1.6e-05	6.6473510000000005	7.905376999999981	0.01755638574166282	1.6117463494026927e-05	6.645644885909145	2020-02-01	lbi	south	2020
2019-09-01	B/Managua/79-19/2019_EPI_ISL_350028	2.4e-05	5.710202999999997	7.0392309999999885	0.01808933588646986	2.4181564464984548e-05	5.708429630651551	2020-02-01	lbi	south	2020
2019-09-01	B/Maryland/01/2019_EPI_ISL_342200	2.4e-05	5.677443999999997	6.180435999999994	0.01830547886071774	2.418374234441312e-05	5.67808739333165	2020-02-01	lbi	south	2020
2019-09-01	B/Maryland/03/2019_EPI_ISL_346166	3.3e-05	7.515821999999997	8.940538999999985	0.011550315753783779	3.315918271582585e-05	7.513649054955962	2020-02-01	lbi	south	2020
2019-09-01	B/Massachusetts/09/2019_EPI_ISL_354381	0.0009710000000000001	9.562748999999995	10.128100999999981	0.0051247819913408646	0.0009730751206206907	9.563208616369915	2020-02-01	lbi	south	2020
2019-09-01	B/Mauritania/145-2019/2019_EPI_ISL_367833	0.0018789999999999998	4.120649999999996	3.570111999999996	0.0030287335114839715	0.001881371783758681	4.124866682173648	2020-02-01	lbi	south	2020
2019-09-01	B/Mauritania/145-2019/2019_EPI_ISL_367833__dup2	0.0018789999999999998	4.120649999999996	3.570111999999996	0.002869227585006006	0.0018812467504347103	4.124866682173648	2020-02-01	lbi	south	2020
2019-09-01	B/Mauritania/32-2019/2019_EPI_ISL_367836	2.7000000000000002e-05	3.1322989999999997	2.6091639999999963	0.017373197754317903	2.7196143730765213e-05	3.136523260921593	2020-02-01	lbi	south	2020
2019-09-01	B/Mexico/1753/2019_EPI_ISL_377556	0.001307	5.710202999999997	7.0392309999999885	0.005318119660732365	0.001309898702750859	5.708429630651551	2020-02-01	lbi	south	2020
2019-09-01	B/Mexico/2089/2019_EPI_ISL_377558	0.00806	9.562748999999995	10.128100999999981	0.006474433603752081	0.008081768541100275	9.563208616369915	2020-02-01	lbi	south	2020
2019-09-01	B/Mexico/2090/2019_EPI_ISL_377557	0.008506	6.671333000000001	7.945415999999981	0.0078073891144871885	0.00853371139445703	6.669463288402378	2020-02-01	lbi	south	2020
2019-09-01	B/Michigan/11/2019_EPI_ISL_352045	5.9999999999999995e-05	5.710202999999997	7.0392309999999885	0.00425716292454768	6.0106492882242016e-05	5.708429630651551	2020-02-01	lbi	south	2020
2019-09-01	B/Michigan/31/2019_EPI_ISL_364208	0.004732	6.700517000000001	8.03921799999998	0.0063740996822730265	0.004744581885068408	6.698729877467794	2020-02-01	lbi	south	2020
2019-09-01	B/Michigan/33/2019_EPI_ISL_364210	0.006243	6.697706000000002	8.03921799999998	0.006120723081376258	0.006258938660008506	6.695911753331535	2020-02-01	lbi	south	2020
2019-09-01	B/Minnesota/17/2019_EPI_ISL_364204	0.007421	5.710202999999997	7.0392309999999885	0.007492808248509153	0.007444200796342833	5.708429630651551	2020-02-01	lbi	south	2020
2019-09-01	B/Moscow/16/2019_EPI_ISL_377232	0.0024530000000000003	2.761243999999998	2.052139999999997	-0.029898330609347365	0.0024226297355787207	2.7669786627388335	2020-02-01	lbi	south	2020
2019-09-01	B/Moscow/9/2019_EPI_ISL_377541	0.00038700000000000003	3.1322989999999997	2.6091639999999963	0.006622214494809117	0.0003880691088339837	3.136523260921593	2020-02-01	lbi	south	2020
2019-09-01	B/Mozambique/203/2019_EPI_ISL_364286	0.00065	7.697482999999995	8.96866899999999	0.0025773302546434214	0.0006506980701825997	7.69571134826138	2020-02-01	lbi	south	2020
2019-09-01	B/Mozambique/290/2019_EPI_ISL_364205	0.0009710000000000001	7.697482999999995	8.96866899999999	0.0033505994946900755	0.0009723560477519028	7.69571134826138	2020-02-01	lbi	south	2020
2019-09-01	B/Mozambique/54/2019_EPI_ISL_364223	2.8999999999999997e-05	6.710134000000002	8.03920199999998	0.01847344417997143	2.922406719033791e-05	6.708371182517171	2020-02-01	lbi	south	2020
2019-09-01	B/Mozambique/55/2019_EPI_ISL_364222	2.8999999999999997e-05	5.710202999999997	7.0392309999999885	0.018530798579249753	2.9224765585690455e-05	5.708429630651551	2020-02-01	lbi	south	2020
2019-09-01	B/Mukdahan/72/2019_EPI_ISL_386891	0.000105	2.761243999999998	2.052139999999997	-0.0817354124549692	0.00010148423016171081	2.7669786627388335	2020-02-01	lbi	south	2020
2019-09-01	B/Myanmar/19M149/2019_EPI_ISL_370373	0.01402	4.703323999999996	4.037363999999994	0.005599176725081398	0.01405273954460004	4.70894549769573	2020-02-01	lbi	south	2020
2019-09-01	B/NAGANO/2045/2019_EPI_ISL_352904	2.6000000000000002e-05	6.6473510000000005	7.905376999999981	0.0180906439724325	2.619670911520748e-05	6.645644885909145	2020-02-01	lbi	south	2020
2019-09-01	B/Nakhonphanom/84/2019_EPI_ISL_386889	9.4e-05	5.677443999999997	6.180435999999994	0.004219186581174961	9.416534881388193e-05	5.67808739333165	2020-02-01	lbi	south	2020
2019-09-01	B/Nebraska/06/2019_EPI_ISL_386903	0.022685	5.133285999999999	6.1362199999999945	0.007824863205001385	0.022759070358822187	5.132513087633477	2020-02-01	lbi	south	2020
2019-09-01	B/Neimenggu-Donghe/1229/2019_EPI_ISL_367148	0.00040599999999999995	7.619903999999995	8.126865999999984	0.0035663948876410436	0.00040660355635145385	7.620428576661933	2020-02-01	lbi	south	2020
2019-09-01	B/Nepal/19FL0509/2019_EPI_ISL_363722	3.9e-05	2.761243999999998	2.052139999999997	-0.08891881017963404	3.758148963111024e-05	2.7669786627388335	2020-02-01	lbi	south	2020
2019-09-01	B/Nepal/19FL0873/2019_EPI_ISL_366106	6.3e-05	4.677393999999997	4.035126999999995	-0.007349971042897349	6.280732637561747e-05	4.683008820826344	2020-02-01	lbi	south	2020
2019-09-01	B/Netherlands/00088/19_EPI_ISL_356894	3.7e-05	6.131393999999998	5.607068999999988	0.017943507907213545	3.727764676307776e-05	6.135648668536819	2020-02-01	lbi	south	2020
2019-09-01	B/New_Brunswick/RV1812/2019_EPI_ISL_355867	0.001737	2.761243999999998	2.052139999999997	-0.045241918618393044	0.001704561986093896	2.7669786627388335	2020-02-01	lbi	south	2020
2019-09-01	B/New_Jersey/03/2019_EPI_ISL_364278	0.001953	2.761243999999998	2.052139999999997	-0.03573017510274531	0.0019241389504027642	2.7669786627388335	2020-02-01	lbi	south	2020
2019-09-01	B/New_York/08/2019_EPI_ISL_356328	0.000852	4.1305839999999945	3.6091509999999953	0.005306903584841495	0.0008538855999412106	4.134815489721709	2020-02-01	lbi	south	2020
2019-09-01	B/New_York/13/2019_EPI_ISL_364262	0.0037560000000000002	6.627622999999998	7.130086999999987	0.006389575537532605	0.003766011088990126	6.628151939832438	2020-02-01	lbi	south	2020
2019-09-01	B/Newcastle/601/2019_EPI_ISL_341434	1.8e-05	7.709457999999994	9.039204999999987	0.018852547837723412	1.8141941659302943e-05	7.707703788508705	2020-02-01	lbi	south	2020
2019-09-01	B/Niedersachsen/1/2019_EPI_ISL_348804	5.600000000000001e-05	5.942539999999999	5.56244399999999	0.007822514815690887	5.6182794489500114e-05	5.946272797036841	2020-02-01	lbi	south	2020
2019-09-01	B/Niger/6387/2019_EPI_ISL_362489	1.7e-05	4.132253999999995	3.6091509999999953	0.01860828657583132	1.71323122727409e-05	4.136488996297046	2020-02-01	lbi	south	2020
2019-09-01	B/Niger/6453/2019_EPI_ISL_362493	2e-05	6.994795000000001	5.814580999999995	-0.005947078750163552	1.9950492192195912e-05	6.999149866436919	2020-02-01	lbi	south	2020
2019-09-01	B/Niger/6543/2019_EPI_ISL_362488	6.7e-05	6.131789999999998	5.590052999999989	0.007230073288476294	6.720210961875817e-05	6.136045492970354	2020-02-01	lbi	south	2020
2019-09-01	B/Nonthaburi/88/2019_EPI_ISL_386888	0.000124	6.619615000000002	8.027650999999981	0.005615724168465948	0.00012429042210976776	6.617755583214033	2020-02-01	lbi	south	2020
2019-09-01	B/North_Dakota/09/2019_EPI_ISL_386902	0.022685	2.761243999999998	2.052139999999997	0.0050513196480444994	0.0227327841867333	2.7669786627388335	2020-02-01	lbi	south	2020
2019-09-01	B/Norway/1717/2019_EPI_ISL_357430	0.00203	3.1322989999999997	2.6091639999999963	0.006977079231149649	0.002035908994781439	3.136523260921593	2020-02-01	lbi	south	2020
2019-09-01	B/Norway/2092/2019_EPI_ISL_378136	0.00806	5.407560999999999	4.870242999999992	0.006140621635508018	0.008080644539659992	5.412827325013965	2020-02-01	lbi	south	2020
2019-09-01	B/Norway/2115/2019_EPI_ISL_378141	0.012863	6.651707	7.170098999999988	0.007822948059072982	0.012904989570984385	6.652277414189688	2020-02-01	lbi	south	2020
2019-09-01	B/Norway/2116/2019_EPI_ISL_378142	0.011216	3.698392	2.9182859999999944	0.0005987045489968135	0.011218792576103477	3.704193917996429	2020-02-01	lbi	south	2020
2019-09-01	B/Norway/2116/2019_EPI_ISL_378142__dup2	0.011216	2.761243999999998	2.052139999999997	0.002584699842293967	0.011228079947069402	2.7669786627388335	2020-02-01	lbi	south	2020
2019-09-01	B/Novosibirsk/64/2019_EPI_ISL_364665	0.00040599999999999995	3.1322989999999997	2.6091639999999963	0.006971832937347324	0.0004071809088758654	3.136523260921593	2020-02-01	lbi	south	2020
2019-09-01	B/OSAKA-C/1/2019_EPI_ISL_364642	9.9e-05	3.7260400000000002	3.036105999999994	-0.004732630806045649	9.880492096750342e-05	3.731733234171334	2020-02-01	lbi	south	2020
2019-09-01	B/OSAKA/12/2019_EPI_ISL_370357	0.0022760000000000002	3.6911439999999995	3.020084999999994	0.00037361295672430986	0.00227635317681695	3.696784220366731	2020-02-01	lbi	south	2020
2019-09-01	B/OSAKA/5/2019_EPI_ISL_363735	0.000516	4.759120999999998	4.052113999999994	0.002429227200857457	0.0005165222849595103	4.764875295952231	2020-02-01	lbi	south	2020
2019-09-01	B/Ohio/04/2019_EPI_ISL_377618	0.016437	7.575595999999996	8.84115899999999	0.007811454083053007	0.016490577447568718	7.5735731412940455	2020-02-01	lbi	south	2020
2019-09-01	B/Ohio/9730/2019_EPI_ISL_369055	0.00264	3.7559530000000008	3.052126999999994	0.0018647138727023954	0.002642050635515664	3.7616945614678077	2020-02-01	lbi	south	2020
2019-09-01	B/Oman/1001/2019_EPI_ISL_358010	0.000131	2.761243999999998	2.052139999999997	-0.07187691304514623	0.00012713482018910944	2.7669786627388335	2020-02-01	lbi	south	2020
2019-09-01	B/Oman/2250/2019_EPI_ISL_357980	0.00028700000000000004	2.761243999999998	2.052139999999997	-0.061786142692845936	0.00027970556040022383	2.7669786627388335	2020-02-01	lbi	south	2020
2019-09-01	B/Oman/2651/2019_EPI_ISL_358007	0.00054	7.985111999999997	6.768428999999989	-0.002541107085551224	0.0005394282785049456	7.989478697690733	2020-02-01	lbi	south	2020
2019-09-01	B/Oman/2706/2019_EPI_ISL_357981	0.0008150000000000001	2.761243999999998	2.052139999999997	-0.043131181849362786	0.0008004837862595031	2.7669786627388335	2020-02-01	lbi	south	2020
2019-09-01	B/Oman/901/2019_EPI_ISL_358015	0.000105	4.760357999999997	4.052081999999994	-0.0020818038050482465	0.00010490890709599288	4.766115387432081	2020-02-01	lbi	south	2020
2019-09-01	B/Oman/918/2019_EPI_ISL_358014	0.00011100000000000001	4.760357999999997	4.052081999999994	-0.001947251832969764	0.00011090991959139719	4.766115387432081	2020-02-01	lbi	south	2020
2019-09-01	B/Ontario/RV1485/2019_EPI_ISL_352418	0.000273	7.561641999999994	8.018752999999986	0.007824867774885481	0.0002738913916592098	7.562725968346556	2020-02-01	lbi	south	2020
2019-09-01	B/Oregon/04/2019_EPI_ISL_362528	0.00305	2.761243999999998	2.052139999999997	-0.029008144191919685	0.0030133558381403277	2.7669786627388335	2020-02-01	lbi	south	2020
2019-09-01	B/Para/156264-IEC/2019_EPI_ISL_348394	0.00021099999999999998	9.744127000000002	11.114711999999987	-0.004673503159741154	0.00021058941362263892	9.742926235291058	2020-02-01	lbi	south	2020
2019-09-01	B/Paraiba/156288-IEC/2019_EPI_ISL_348396	0.000426	6.702353000000001	7.973750999999979	0.004367165931044475	0.0004267756601013509	6.700576538173212	2020-02-01	lbi	south	2020
2019-09-01	B/Parana/26/2019_EPI_ISL_351728	1.7e-05	6.922183000000001	8.127527999999982	0.01955719438528129	1.713908735572519e-05	6.921130187866664	2020-02-01	lbi	south	2020
2019-09-01	B/Paris/2038/2019_EPI_ISL_377234	0.00643	2.761243999999998	2.052139999999997	-0.019766617260214996	0.006377256173291725	2.7669786627388335	2020-02-01	lbi	south	2020
2019-09-01	B/Paris/2038/2019_EPI_ISL_377234__dup2	0.00643	2.761243999999998	2.052139999999997	-0.0004560225369200489	0.0064287750785830995	2.7669786627388335	2020-02-01	lbi	south	2020
2019-09-01	B/Pennsylvania/11/2019_EPI_ISL_354368	0.000516	6.709160000000001	8.03921799999998	0.005138606195252076	0.0005171057203153624	6.70739541921092	2020-02-01	lbi	south	2020
2019-09-01	B/Perth/16/2019_EPI_ISL_364932	0.001202	5.710202999999997	7.0392309999999885	0.0048617939507408035	0.0012044368024638212	5.708429630651551	2020-02-01	lbi	south	2020
2019-09-01	B/Perth/4/2019_EPI_ISL_341435	2.4e-05	5.710202999999997	7.0392309999999885	0.01808933588646986	2.4181564464984548e-05	5.708429630651551	2020-02-01	lbi	south	2020
2019-09-01	B/Perth/6/2019_EPI_ISL_377371	0.00044699999999999997	5.710202999999997	7.0392309999999885	0.004533970156977998	0.0004478450218028623	5.708429630651551	2020-02-01	lbi	south	2020
2019-09-01	B/Philippines/1/2019_EPI_ISL_354492	1.8e-05	6.644045000000002	7.9078779999999815	0.01840593732576437	1.813856598096032e-05	6.642480325433963	2020-02-01	lbi	south	2020
2019-09-01	B/Philippines/3/2019_EPI_ISL_354494	1.1e-05	5.710202999999997	7.0392309999999885	0.01745831793536243	1.1080303384123988e-05	5.708429630651551	2020-02-01	lbi	south	2020
2019-09-01	B/Qinghai-Chengbei/1109/2019_EPI_ISL_367181	0.000124	3.4398229999999996	2.8702689999999946	7.085334177811641e-05	0.00012400359759853454	3.445149903172606	2020-02-01	lbi	south	2020
2019-09-01	B/Rio_de_Janeiro/5/2019_EPI_ISL_351727	2e-05	7.540326999999997	9.034318999999986	0.019556139392906964	2.0163623319675473e-05	7.538214439385635	2020-02-01	lbi	south	2020
2019-09-01	B/SAITAMA/1/2019_EPI_ISL_347747	2.6000000000000002e-05	4.583146999999999	3.756615999999997	-0.1070133766478713	2.4866142054863805e-05	4.589380275794651	2020-02-01	lbi	south	2020
2019-09-01	B/SAITAMA/4/2019_EPI_ISL_364640	0.00021099999999999998	5.710202999999997	7.0392309999999885	0.004937535617436977	0.00021143443072939075	5.708429630651551	2020-02-01	lbi	south	2020
2019-09-01	B/Saint-Petersburg/RII-313/2019_EPI_ISL_364666	0.001737	2.761243999999998	2.052139999999997	-0.045241918618393044	0.001704561986093896	2.7669786627388335	2020-02-01	lbi	south	2020
2019-09-01	B/Sao_Paulo/1211465-IAL/2019_EPI_ISL_372956	0.020516	7.456633999999997	8.576207999999989	0.007767167334546988	0.020582493399277833	7.45430784018376	2020-02-01	lbi	south	2020
2019-09-01	B/Sao_Paulo/1869778-IAL/2019_EPI_ISL_372939	0.014313999999999999	8.497393999999995	10.034169999999984	0.007806971649397745	0.014360630572861209	8.495152711290363	2020-02-01	lbi	south	2020
2019-09-01	B/Saskatchewan/RV1318/2019_EPI_ISL_348296	0.000368	5.582399999999999	4.7515869999999945	0.0017326401913708427	0.00036826557969231493	5.588643744635268	2020-02-01	lbi	south	2020
2019-09-01	B/Shanghai-Huangpu/1146/2019_EPI_ISL_367185	4.7e-05	3.4398229999999996	2.8702689999999946	-0.0019417249451918754	4.696196599217976e-05	3.445149903172606	2020-02-01	lbi	south	2020
2019-09-01	B/Shanghai-Huangpu/1146/2019_EPI_ISL_367185__dup2	4.7e-05	3.4398229999999996	2.8702689999999946	-0.0018315275707895746	4.696412232724619e-05	3.445149903172606	2020-02-01	lbi	south	2020
2019-09-01	B/Shanghai-Pudongxin/11067/2019_EPI_ISL_377025	0.018940000000000002	3.4398229999999996	2.8702689999999946	0.004485251573257	0.01897541953322061	3.445149903172606	2020-02-01	lbi	south	2020
2019-09-01	B/Shanxi-Chengqu/198/2019_EPI_ISL_344390	2.7000000000000002e-05	7.619903999999995	8.126865999999984	-0.0027727902675450935	2.6968810374665287e-05	7.620428576661933	2020-02-01	lbi	south	2020
2019-09-01	B/Shanxi-Xinghualing/1100/2019_EPI_ISL_344389	2.4e-05	7.619903999999995	8.126865999999984	0.0042757804048781985	2.404278365886169e-05	7.620428576661933	2020-02-01	lbi	south	2020
2019-09-01	B/Shanxi-Xinghualing/1104/2019_EPI_ISL_344388	2.4e-05	7.619903999999995	8.126865999999984	0.005172008787191322	2.405176359589988e-05	7.620428576661933	2020-02-01	lbi	south	2020
2019-09-01	B/Shanxi-Xinghualing/1110/2019_EPI_ISL_344386	2.4e-05	7.619903999999995	8.126865999999984	0.005172008787191322	2.405176359589988e-05	7.620428576661933	2020-02-01	lbi	south	2020
2019-09-01	B/Sichuan-Dongqu/1621/2019_EPI_ISL_367089	0.0048850000000000005	3.4398229999999996	2.8702689999999946	0.0019110035698575007	0.004888888745375292	3.445149903172606	2020-02-01	lbi	south	2020
2019-09-01	B/Sichuan-Fucheng/1955/2019_EPI_ISL_377044	0.010692	2.761243999999998	2.052139999999997	0.0024769458203348226	0.010703035033948642	2.7669786627388335	2020-02-01	lbi	south	2020
2019-09-01	B/Sichuan-Gaoxin/1287/2019_EPI_ISL_367010	0.001419	3.4398229999999996	2.8702689999999946	0.00031606610520762597	0.0014191861629526518	3.445149903172606	2020-02-01	lbi	south	2020
2019-09-01	B/Sichuan-Gaoxin/51/2019_EPI_ISL_336857	1.1e-05	3.4398229999999996	2.8702689999999946	0.004747568945199444	1.1021775608795202e-05	3.445149903172606	2020-02-01	lbi	south	2020
2019-09-01	B/Sichuan-Gaoxin/52/2019_EPI_ISL_336858	1.1e-05	3.4398229999999996	2.8702689999999946	0.004747568945199444	1.1021775608795202e-05	3.445149903172606	2020-02-01	lbi	south	2020
2019-09-01	B/Sicilia/3/2019_EPI_ISL_377235	3.3e-05	7.038870000000001	6.569483999999993	0.018514331751369694	3.325553956247225e-05	7.042965191623188	2020-02-01	lbi	south	2020
2019-09-01	B/Slovenia/308/2019_EPI_ISL_357335	2.8999999999999997e-05	3.1322989999999997	2.6091639999999963	0.011733495675449134	2.9142112027048035e-05	3.136523260921593	2020-02-01	lbi	south	2020
2019-09-01	B/Slovenia/308/2019_EPI_ISL_357335__dup2	2.8999999999999997e-05	3.1322989999999997	2.6091639999999963	0.01804195276840025	2.9218813523457164e-05	3.136523260921593	2020-02-01	lbi	south	2020
2019-09-01	B/Slovenia/787/2019_EPI_ISL_363148	7.099999999999999e-05	3.1322989999999997	2.6091639999999963	0.006829353027047546	7.120228645592911e-05	3.136523260921593	2020-02-01	lbi	south	2020
2019-09-01	B/South_Australia/14/2019_EPI_ISL_354489	0.00021099999999999998	6.7065280000000005	8.02178799999998	0.004564946815005019	0.0002114016090682706	6.704760719197545	2020-02-01	lbi	south	2020
2019-09-01	B/South_Australia/15/2019_EPI_ISL_354490	0.000181	5.710202999999997	7.0392309999999885	0.0040548090781115575	0.0001813059662337847	5.708429630651551	2020-02-01	lbi	south	2020
2019-09-01	B/South_Australia/40/2019_EPI_ISL_364930	0.003885	3.753463000000001	3.0519009999999938	0.0005732836791856674	0.00388592613292815	3.7592068104729828	2020-02-01	lbi	south	2020
2019-09-01	B/South_Dakota/02/2019_EPI_ISL_341154	5.3e-05	5.710202999999997	7.0392309999999885	0.004152610757987508	5.309175580472847e-05	5.708429630651551	2020-02-01	lbi	south	2020
2019-09-01	B/South_Korea/9319/2019_EPI_ISL_387376	0.0008900000000000001	5.710202999999997	7.0392309999999885	0.0032829807070991674	0.0008912178174280904	5.708429630651551	2020-02-01	lbi	south	2020
2019-09-01	B/South_Korea/9320/2019_EPI_ISL_387377	0.001059	3.751561000000001	3.005987999999994	-0.0014832117758277082	0.0010583451954971279	3.7573074939926556	2020-02-01	lbi	south	2020
2019-09-01	B/South_Korea/9612/2019_EPI_ISL_368858	0.001059	2.761243999999998	2.052139999999997	-0.041734990559739386	0.0010407431002367302	2.7669786627388335	2020-02-01	lbi	south	2020
2019-09-01	B/South_Korea/9613/2019_EPI_ISL_368853	0.001153	3.751561000000001	3.005987999999994	-0.0012898549983900195	0.0011523799112165742	3.7573074939926556	2020-02-01	lbi	south	2020
2019-09-01	B/South_Korea/9732/2019_EPI_ISL_369057	0.0022760000000000002	2.761243999999998	2.052139999999997	-0.034646445942122885	0.0022433784974221762	2.7669786627388335	2020-02-01	lbi	south	2020
2019-09-01	B/South_Korea/9735/2019_EPI_ISL_369053	0.00264	2.761243999999998	2.052139999999997	-0.02982210099707184	0.002607397329348549	2.7669786627388335	2020-02-01	lbi	south	2020
2019-09-01	B/South_Korea/9831/2019_EPI_ISL_381565	0.009441	3.6911439999999995	3.020084999999994	0.003200297215708741	0.00945359274744404	3.696784220366731	2020-02-01	lbi	south	2020
2019-09-01	B/St._Petersburg/1152V/2019_EPI_ISL_387016	0.00606	4.427574999999998	3.8702559999999964	0.0059793910807658295	0.006075113688915901	4.4328822937696595	2020-02-01	lbi	south	2020
2019-09-01	B/St_Petersburg/RII-289/2019_EPI_ISL_377590	0.000681	3.698392	2.9182859999999944	-0.005110628996837216	0.0006795510555079664	3.704193917996429	2020-02-01	lbi	south	2020
2019-09-01	B/Stockholm/1/2019_EPI_ISL_356845	0.00024700000000000004	2.761243999999998	2.052139999999997	-0.06259392951713197	0.0002406411989065594	2.7669786627388335	2020-02-01	lbi	south	2020
2019-09-01	B/Surat_Thani/83/2019_EPI_ISL_386890	7.099999999999999e-05	5.677443999999997	6.180435999999994	0.007455338161658002	7.122086036681036e-05	5.67808739333165	2020-02-01	lbi	south	2020
2019-09-01	B/Sydney/1/2019_EPI_ISL_348303	1.9e-05	9.625459999999993	10.129395999999982	0.019656880710351977	1.9156246230766873e-05	9.626014909762239	2020-02-01	lbi	south	2020
2019-09-01	B/Sydney/700/2019_EPI_ISL_348304	1.1e-05	6.676753	7.180422999999989	0.019656880710347144	1.1090458344128165e-05	6.677404886555438	2020-02-01	lbi	south	2020
2019-09-01	B/TOKYO/18376/2019_EPI_ISL_361866	3.7e-05	3.698392	2.9182859999999944	-0.014538402242816401	3.6776525046753594e-05	3.704193917996429	2020-02-01	lbi	south	2020
2019-09-01	B/Tanzania/1612/2019_EPI_ISL_362438	0.00040599999999999995	4.128691999999996	3.6091509999999953	0.0020685172528255957	0.0004063498678696288	4.132921751891641	2020-02-01	lbi	south	2020
2019-09-01	B/Tanzania/1625/2019_EPI_ISL_362440	0.00054	4.128691999999996	3.6091509999999953	0.002624908743833273	0.0005405906519917661	4.132921751891641	2020-02-01	lbi	south	2020
2019-09-01	B/Tanzania/1632/2019_EPI_ISL_362441	0.000852	4.128691999999996	3.6091509999999953	0.005105636821201315	0.0008538139951140095	4.132921751891641	2020-02-01	lbi	south	2020
2019-09-01	B/Temara/652/2019_EPI_ISL_355245	5.600000000000001e-05	4.120649999999996	3.570111999999996	-0.0013327603117657893	5.596888236190686e-05	4.124866682173648	2020-02-01	lbi	south	2020
2019-09-01	B/Texas/17/2019_EPI_ISL_353595	0.001059	5.344516999999995	5.44019999999999	0.005989234267761918	0.0010616455086956066	5.34677499691478	2020-02-01	lbi	south	2020
2019-09-01	B/Timor-Leste/1/2019_EPI_ISL_367733	0.000223	6.708894000000001	8.03921799999998	0.0020096629831700976	0.00022318669561731156	6.707129404034298	2020-02-01	lbi	south	2020
2019-09-01	B/Timor-Leste/3/2019_EPI_ISL_377391	0.001105	2.761243999999998	2.052139999999997	-0.042379647819044707	0.0010856584167140393	2.7669786627388335	2020-02-01	lbi	south	2020
2019-09-01	B/Timor-Leste/4/2019_EPI_ISL_377392	2e-05	9.672051999999992	10.121780999999984	0.019656879338387605	2.016446970506965e-05	9.672722093118107	2020-02-01	lbi	south	2020
2019-09-01	B/Timor-Leste/5/2019_EPI_ISL_377398	0.000124	6.708894000000001	8.03921799999998	0.001095162997254357	0.00012405653309502433	6.707129404034298	2020-02-01	lbi	south	2020
2019-09-01	B/Togo/332/2019_EPI_ISL_364255	0.000302	6.120041999999997	5.520630999999988	0.0069058242677269835	0.00030287007991469883	6.124267644673685	2020-02-01	lbi	south	2020
2019-09-01	B/Togo/396/2019_EPI_ISL_364249	0.000566	4.120649999999996	3.570111999999996	0.0012902337520232696	0.00056630407325476	4.124866682173648	2020-02-01	lbi	south	2020
2019-09-01	B/Togo/444/2019_EPI_ISL_364237	0.000779	5.032590000000002	4.577055999999994	0.0052361259709637065	0.0007807010165843826	5.036661937427118	2020-02-01	lbi	south	2020
2019-09-01	B/Townsville/3/2019_EPI_ISL_364921	0.0053659999999999	5.311787999999996	4.663666999999994	0.004687085147828705	0.005376487040202694	5.31753345711239	2020-02-01	lbi	south	2020
2019-09-01	B/Trang/85/2019_EPI_ISL_386905	0.00026000000000000003	7.662361999999996	8.165719999999983	0.007418962663750495	0.00026080483153455	7.662991434460911	2020-02-01	lbi	south	2020
2019-09-01	B/UTSUNOMIYA/243/2019_EPI_ISL_363747	0.001059	3.756997000000001	3.052126999999994	-0.045114528455963705	0.001039278618765315	3.7628190764506764	2020-02-01	lbi	south	2020
2019-09-01	B/Victoria/2001/2019_EPI_ISL_348308	5.3e-05	6.619615000000002	8.027650999999981	0.004503638673425611	5.3099521659457534e-05	6.617755583214033	2020-02-01	lbi	south	2020
2019-09-01	B/Victoria/2008/2019_EPI_ISL_364922	0.001953	3.7573270000000005	3.052126999999994	0.00035995512103720626	0.0019532919397456387	3.7630720788593477	2020-02-01	lbi	south	2020
2019-09-01	B/Victoria/919/2019_EPI_ISL_367863	0.00763	2.761243999999998	2.052139999999997	0.003334423971754982	0.007640604162115017	2.7669786627388335	2020-02-01	lbi	south	2020
2019-09-01	B/Victoria/921/2019_EPI_ISL_364924	0.007843000000000001	2.761243999999998	2.052139999999997	-0.02657084462937003	0.00775664363379891	2.7669786627388335	2020-02-01	lbi	south	2020
2019-09-01	B/Victoria/922/2019_EPI_ISL_377384	0.00806	2.761243999999998	2.052139999999997	-0.023706038642055918	0.007980775048857547	2.7669786627388335	2020-02-01	lbi	south	2020
2019-09-01	B/Virginia/03/2019_EPI_ISL_353612	0.000171	5.677443999999997	6.180435999999994	0.003774542170079292	0.0001712690604166217	5.67808739333165	2020-02-01	lbi	south	2020
2019-09-01	B/Virginia/08/2019_EPI_ISL_355640	0.0009710000000000001	5.677443999999997	6.180435999999994	0.0014351830674556067	0.000971580329528381	5.67808739333165	2020-02-01	lbi	south	2020
2019-09-01	B/WAKAYAMA/77/2019_EPI_ISL_363726	0.000154	4.583146999999999	3.756615999999997	-0.07041745821028872	0.00014954711371208295	4.589380275794651	2020-02-01	lbi	south	2020
2019-09-01	B/WAKAYAMA/84/2019_EPI_ISL_364656	0.00606	4.324577999999998	3.7085989999999964	0.0011009686559405583	0.006062777493052553	4.330336260970829	2020-02-01	lbi	south	2020
2019-09-01	B/Wellington/12/2019_EPI_ISL_377389	0.005202	2.761243999999998	2.052139999999997	0.000765894014208766	0.00520365768759543	2.7669786627388335	2020-02-01	lbi	south	2020
2019-09-01	B/Wyoming/01/2019_EPI_ISL_347893	0.00038700000000000003	6.709418000000001	8.03344999999998	0.007423816212003293	0.0003881987458422183	6.707653233159867	2020-02-01	lbi	south	2020
2019-09-01	B/YAMANASHI/19249/2019_EPI_ISL_363751__dup2	0.001059	3.756997000000001	3.052126999999994	-0.04226215241187446	0.0010405145253158455	3.7628190764506764	2020-02-01	lbi	south	2020
2019-09-01	B/YAMANASHI/19257/2019_EPI_ISL_363752	0.001362	2.761243999999998	2.052139999999997	-0.04499669869904877	0.0013367015820106418	2.7669786627388335	2020-02-01	lbi	south	2020
2019-09-01	B/YOKOHAMA/14/2019_EPI_ISL_364663	0.007214	3.4398229999999996	2.8702689999999946	0.0029590496437750537	0.007222896213523742	3.445149903172606	2020-02-01	lbi	south	2020
2019-09-01	B/YOKOHAMA/6/2019_EPI_ISL_363740	0.0024530000000000003	4.583146999999999	3.756615999999997	-0.0314678040003525	0.0024210459814367215	4.589380275794651	2020-02-01	lbi	south	2020
2019-09-01	B/Yunnan-Zhaoyang/1213/2019_EPI_ISL_367144	0.00038700000000000003	3.4398229999999996	2.8702689999999946	-0.005774590259177612	0.00038606976983526585	3.445149903172606	2020-02-01	lbi	south	2020
2020-09-01	B/AICHI/58/2020_EPI_ISL_513929	0.015806	3.0896529999999984	7.433212000000002	0.00029329785274553893	0.015808183146466037	3.0897700350576556	2021-02-01	lbi	south	2021
2020-09-01	B/Acre/159666-IEC/2019_EPI_ISL_410123	1.4999999999999999e-05	8.670857999999996	11.68979	0.004553683860459182	1.5028726562227363e-05	8.670994203377518	2021-02-01	lbi	south	2021
2020-09-01	B/Agadir/920/2020_EPI_ISL_416049	0.00045599999999999997	4.861923999999999	7.689766000000001	-0.0005418762656031708	0.00045590430595796836	4.862032096572766	2021-02-01	lbi	south	2021
2020-09-01	B/Alaska/12166/2020_EPI_ISL_490937	0.009455	3.620153999999999	8.433218000000002	-0.0007235329294175658	0.009452300343311057	3.6204859072932885	2021-02-01	lbi	south	2021
2020-09-01	B/Argentina/100/2020_EPI_ISL_482929	0.008647	10.559539999999997	13.689802000000002	0.001046257526507118	0.008650907986856244	10.559663779503367	2021-02-01	lbi	south	2021
2020-09-01	B/Argentina/19/2020_EPI_ISL_482932	0.000218	3.1208289999999983	7.433212000000002	-0.00022943664138534207	0.0002179826273563772	3.120950436095875	2021-02-01	lbi	south	2021
2020-09-01	B/Argentina/43/2020_EPI_ISL_482925	0.000263	2.1212809999999993	6.433206000000001	-0.0011308159947465105	0.00026288029152276416	2.121386401350593	2021-02-01	lbi	south	2021
2020-09-01	B/Argentina/61/2020_EPI_ISL_482920	0.000651	11.574213999999998	14.689808	0.0010521699647919613	0.0006512958220590425	11.574360412188836	2021-02-01	lbi	south	2021
2020-09-01	B/Argentina/83/2020_EPI_ISL_487519	0.003333	2.1212809999999993	6.433206000000001	0.0007193561531009939	0.0033340521812649146	2.121386401350593	2021-02-01	lbi	south	2021
2020-09-01	B/Baden-Wuerttemberg/2/2020_EPI_ISL_410094	0.00028	2.1212809999999993	6.433206000000001	-0.0008206898742651651	0.00027990872096136335	2.121386401350593	2021-02-01	lbi	south	2021
2020-09-01	B/Bahrain/824/2019_EPI_ISL_491854	2.3e-05	3.0342359999999977	7.433212000000002	0.004067665648067519	2.3039381273426545e-05	3.034352369791047	2021-02-01	lbi	south	2021
2020-09-01	B/Bangkok/448/2019_EPI_ISL_409259	1.1e-05	2.1212809999999993	6.433206000000001	0.003256011509650397	1.1015108701025185e-05	2.121386401350593	2021-02-01	lbi	south	2021
2020-09-01	B/Beijing-Huairou/11858/2019_EPI_ISL_410565	6.6e-05	2.1212809999999993	6.433206000000001	-0.0009526392248472743	6.59748569020936e-05	2.121386401350593	2021-02-01	lbi	south	2021
2020-09-01	B/Beirut/330/2020_EPI_ISL_455482__dup2	0.002327	5.479230999999999	10.433201999999998	-0.0013258077048118589	0.0023257518633356066	5.479588045848268	2021-02-01	lbi	south	2021
2020-09-01	B/Belgorod/RII-1435S/2020_EPI_ISL_407135	0.000404	3.0881909999999984	5.6897540000000015	0.0008314046715437178	0.00040414640501837336	3.088303241291075	2021-02-01	lbi	south	2021
2020-09-01	B/Brazil/6517/2020_EPI_ISL_517758	0.001153	8.734895	1.4767589999999997	8.67691528484317e-05	0.0011530600246819327	8.735006466694097	2021-02-01	lbi	south	2021
2020-09-01	B/Brisbane/2/2020_EPI_ISL_509219	0.001219	3.6258119999999994	8.433218000000002	-0.0013575459053611052	0.001218330051437174	3.6261403414471634	2021-02-01	lbi	south	2021
2020-09-01	B/Brisbane/4/2020_EPI_ISL_509218	0.002582	2.8672459999999997	7.433212000000002	0.00044230586254263626	0.0025825169642954226	2.8672993898366927	2021-02-01	lbi	south	2021
2020-09-01	B/Brisbane/44/2019_EPI_ISL_479655	1.4999999999999999e-05	2.6400519999999976	7.433212000000002	-0.0050765810535733395	1.4968542965427027e-05	2.6403616747832688	2021-02-01	lbi	south	2021
2020-09-01	B/Brisbane/6B/2020_EPI_ISL_509217	0.003169	3.437026999999998	8.433162000000003	-5.396169676073579e-05	0.003168979149186168	3.437074023692497	2021-02-01	lbi	south	2021
2020-09-01	B/CHIBA-C/21/2020_EPI_ISL_486370	0.004487	3.372412999999998	8.433218000000002	-0.0014936456252727217	0.0044842796930183405	3.3726807212422645	2021-02-01	lbi	south	2021
2020-09-01	B/Cambodia/FSS41540/2019_EPI_ISL_410199	2.1e-05	4.0101949999999995	7.461797000000001	0.003359588006515386	2.1029751442518325e-05	4.010294637952495	2021-02-01	lbi	south	2021
2020-09-01	B/Canberra/1/2020_EPI_ISL_512690	0.000122	2.1212809999999993	6.433206000000001	-0.0014186943150783897	0.00012192984355526388	2.121386401350593	2021-02-01	lbi	south	2021
2020-09-01	B/Canberra/3/2020_EPI_ISL_419646	0.000546	3.638943999999999	8.433218000000002	-0.0013703986935012244	0.0005456970022033084	3.6392702807788617	2021-02-01	lbi	south	2021
2020-09-01	B/Chiang_Rai/1393/2019_EPI_ISL_409584	2.9999999999999997e-05	2.1212809999999993	6.433206000000001	-3.5495502202562296e-05	3.0000033438219676e-05	2.121386401350593	2021-02-01	lbi	south	2021
2020-09-01	B/Chongqing-Yuzhong/12102/2019_EPI_ISL_410571	4.3e-05	3.1211789999999984	7.433212000000002	0.0007265255034234566	4.301370298736897e-05	3.1213003739446132	2021-02-01	lbi	south	2021
2020-09-01	B/Colombia/7253/2019_EPI_ISL_412303	1e-05	10.626517999999995	12.818073000000004	0.0034268019708882714	1.0014447812460598e-05	10.626669089730171	2021-02-01	lbi	south	2021
2020-09-01	B/Colombia/7307/2019_EPI_ISL_409664	2.6000000000000002e-05	2.1212809999999993	6.433206000000001	0.0003958088667637004	2.6004701868865717e-05	2.121386401350593	2021-02-01	lbi	south	2021
2020-09-01	B/Colombia/7372/2019_EPI_ISL_409270	2.9999999999999997e-05	9.643085999999997	12.689796000000003	0.00111714554287889	3.0014444927747624e-05	9.643225691431638	2021-02-01	lbi	south	2021
2020-09-01	B/Colombia/7431/2019_EPI_ISL_409272	5.3e-05	2.6400519999999976	7.433212000000002	-0.004543512667913262	5.2900600355395183e-05	2.6403616747832688	2021-02-01	lbi	south	2021
2020-09-01	B/Colombia/7468/2019_EPI_ISL_409520	5e-05	7.670903999999994	10.689784	0.0011167713348575956	5.002406707982579e-05	7.6710242608306505	2021-02-01	lbi	south	2021
2020-09-01	B/Colorado/11718/2020_EPI_ISL_428072	0.0009199999999999999	3.593103999999999	8.433218000000002	-0.0011740680717656903	0.000919564675645428	3.5934531631718016	2021-02-01	lbi	south	2021
2020-09-01	B/Colorado/21/2019_EPI_ISL_410934	0.000105	2.1212809999999993	6.433206000000001	-0.00046472919120908084	0.00010498133971813049	2.121386401350593	2021-02-01	lbi	south	2021
2020-09-01	B/Congo/15/2020_EPI_ISL_491882	0.000218	3.5776429999999997	8.433190000000002	-0.0005142754113895326	0.0002179567580984181	3.577895301368905	2021-02-01	lbi	south	2021
2020-09-01	B/Congo/9751/2019_EPI_ISL_491896	4.6e-05	4.577534999999999	9.433196000000002	-0.00010469495505359294	4.5998724966733044e-05	4.5778033039189685	2021-02-01	lbi	south	2021
2020-09-01	B/Congo/9788/2019_EPI_ISL_491886	0.000105	3.5776429999999997	8.433190000000002	-0.0006925957340176076	0.00010497137280173064	3.577895301368905	2021-02-01	lbi	south	2021
2020-09-01	B/Connecticut/14/2020_EPI_ISL_424782	0.004068	2.6400519999999976	7.433212000000002	-0.0018542268914488087	0.004064922948849242	2.6403616747832688	2021-02-01	lbi	south	2021
2020-09-01	B/Cote_D_Ivoire/3020/2019_EPI_ISL_421085	8e-05	6.856866999999998	9.689778	0.0009859335436469322	8.003414408769224e-05	6.857008803071404	2021-02-01	lbi	south	2021
2020-09-01	B/Cyprus/F1222/2020_EPI_ISL_486776	0.003012	9.644559999999997	12.689796000000003	0.0011169681909683586	0.0030134500480620513	9.644712187847855	2021-02-01	lbi	south	2021
2020-09-01	B/Cyprus/F1287/2020_EPI_ISL_486778	0.004273	2.6400519999999976	7.433212000000002	-0.001518554752166114	0.004270365112026378	2.6403616747832688	2021-02-01	lbi	south	2021
2020-09-01	B/Cyprus/F559/2020_EPI_ISL_434451	0.000546	2.6400519999999976	7.433212000000002	-0.004868003198406793	0.0005449023179491202	2.6403616747832688	2021-02-01	lbi	south	2021
2020-09-01	B/Darwin/189/2019_EPI_ISL_401908	1.4999999999999999e-05	3.640005999999999	8.433218000000002	-0.0029220241405257434	1.4981986739696143e-05	3.640331710809789	2021-02-01	lbi	south	2021
2020-09-01	B/District_Of_Columbia/06/2020_EPI_ISL_416962	0.001288	2.6400519999999976	7.433212000000002	-0.0035298139386972754	0.0012861275138107053	2.6403616747832688	2021-02-01	lbi	south	2021
2020-09-01	B/District_Of_Columbia/30/2019_EPI_ISL_410870__dup2	5.6999999999999996e-05	2.1212809999999993	6.433206000000001	-0.0009951609472466127	5.6977276009113466e-05	2.121386401350593	2021-02-01	lbi	south	2021
2020-09-01	B/England/194900380/2019_EPI_ISL_408106	1.1e-05	3.862852000000001	6.689760000000001	0.0011768576354658001	1.100557028911454e-05	3.8629439051846823	2021-02-01	lbi	south	2021
2020-09-01	B/England/200240758/2019_EPI_ISL_471015	3.8e-05	2.7046659999999987	7.433156000000002	-0.0006848189645657633	3.7989762779438e-05	2.7047549772334976	2021-02-01	lbi	south	2021
2020-09-01	B/Eskilstuna/3/2020_EPI_ISL_485795__dup2	0.001519	6.8184619999999985	7.8472940000000015	0.0007197269198780246	0.001519479761693688	6.818588167346275	2021-02-01	lbi	south	2021
2020-09-01	B/Eskilstuna/4/2019_EPI_ISL_404284	4.3e-05	2.1212809999999993	6.433206000000001	-0.001387442843227865	4.297583233235721e-05	2.121386401350593	2021-02-01	lbi	south	2021
2020-09-01	B/Espirito_Santo/2253/2020_EPI_ISL_516180	0.005188	4.4839009999999995	9.433196000000002	-0.0027134067299957724	0.005182220253029805	4.484239549574936	2021-02-01	lbi	south	2021
2020-09-01	B/Espirito_Santo/2254/2020_EPI_ISL_516181	0.004944	8.734895	1.4767589999999997	0.0007727960665241613	0.004945670873527599	8.735006466694097	2021-02-01	lbi	south	2021
2020-09-01	B/Espirito_Santo/2257/2020_EPI_ISL_516183	0.005441	5.472890999999999	10.433201999999998	-0.0009713913251103206	0.005438884722034306	5.4732497209333415	2021-02-01	lbi	south	2021
2020-09-01	B/FUKUI/1/2020_EPI_ISL_486375	0.00018	4.086220999999999	8.433218000000002	-0.0007715227679045611	0.00017994500698663313	4.08635352222587	2021-02-01	lbi	south	2021
2020-09-01	B/Finland/195/2020_EPI_ISL_485796	0.001519	2.6400519999999976	7.433212000000002	-0.0023513822571988364	0.0015175366350990186	2.6403616747832688	2021-02-01	lbi	south	2021
2020-09-01	B/Fujian-Fuding/31/2019_EPI_ISL_485542	2.6000000000000002e-05	3.1617739999999985	8.433162000000003	-0.0010124954709887855	2.598944695569357e-05	3.161747754223031	2021-02-01	lbi	south	2021
2020-09-01	B/Fujian-Xinluo/1483/2020_EPI_ISL_485442	0.007899	4.013583999999999	8.461747000000003	0.0006978722327930455	0.00790142287234584	4.013416851565406	2021-02-01	lbi	south	2021
2020-09-01	B/Fujian-Xinluo/1675/2020_EPI_ISL_522416	0.027402999999999997	3.8941349999999995	9.433168000000002	0.0006854554078258907	0.027411263546690663	3.8940668006820256	2021-02-01	lbi	south	2021
2020-09-01	B/Fujian-Xinluo/1714/2020_EPI_ISL_485405	0.035374	2.392250999999999	7.433156000000002	0.0005876343498953441	0.03538322504551498	2.3921475090016227	2021-02-01	lbi	south	2021
2020-09-01	B/Fujian-Xinluo/1719/2020_EPI_ISL_522413	0.035374	4.013583999999999	8.461747000000003	0.0009616480680345592	0.03538873956334203	4.013416851565406	2021-02-01	lbi	south	2021
2020-09-01	B/Fujian-Xinluo/1719/2020_EPI_ISL_522413__dup2	0.035374	2.392250999999999	7.433156000000002	0.0005876343498953441	0.03538322504551498	2.3921475090016227	2021-02-01	lbi	south	2021
2020-09-01	B/GIFU/2/2020_EPI_ISL_476007	0.000651	3.1199629999999985	7.433212000000002	-0.002977517663853843	0.0006502031901348738	3.120085994970318	2021-02-01	lbi	south	2021
2020-09-01	B/Gansu-Xifeng/1165/2020_EPI_ISL_485402	0.003169	4.132635	9.433168000000002	-0.0009785801693918805	0.0031677585107228136	4.132662174615772	2021-02-01	lbi	south	2021
2020-09-01	B/Georgia/1213/2019_EPI_ISL_410221	6.6e-05	3.6394679999999995	8.433218000000002	-0.0031776649290844155	6.591372034928928e-05	3.639794283614487	2021-02-01	lbi	south	2021
2020-09-01	B/Georgia/72/2020_EPI_ISL_410219	0.000218	3.6394679999999995	8.433218000000002	-0.002440869649081043	0.0002177818640414445	3.639794283614487	2021-02-01	lbi	south	2021
2020-09-01	B/Guyane/310/2020_EPI_ISL_487509__dup2	0.003333	4.4839009999999995	9.433196000000002	-0.0018019778290308977	0.003330551412520545	4.484239549574936	2021-02-01	lbi	south	2021
2020-09-01	B/Guyane/354/2020_EPI_ISL_487510	0.004487	10.567859999999998	13.689802000000002	0.0010364968770892992	0.004489009630226676	10.567987576216627	2021-02-01	lbi	south	2021
2020-09-01	B/HAMAMATU-C/16/2020_EPI_ISL_500498	0.0035039999999999997	3.305205999999999	8.433162000000003	0.0008446944953558616	0.003505289220090313	3.305113477442082	2021-02-01	lbi	south	2021
2020-09-01	B/HK/17/2020_EPI_ISL_431040	0.000869	2.1212809999999993	6.433206000000001	-0.0025934762189759692	0.0008680752587869781	2.121386401350593	2021-02-01	lbi	south	2021
2020-09-01	B/HK/21/2020_EPI_ISL_431041	0.001288	2.6400519999999976	7.433212000000002	-0.0035298139386972754	0.0012861275138107053	2.6403616747832688	2021-02-01	lbi	south	2021
2020-09-01	B/HK/26/2020_EPI_ISL_431062	0.007208	2.6400519999999976	7.433212000000002	-0.0022458828257042158	0.007201372552852599	2.6403616747832688	2021-02-01	lbi	south	2021
2020-09-01	B/HK/30/2020_EPI_ISL_431069	0.00657	5.693107999999996	8.689772000000005	0.0011171939023864104	0.006573163571624625	5.693285527679134	2021-02-01	lbi	south	2021
2020-09-01	B/HK/997/2019_EPI_ISL_410323	1.1e-05	3.1212429999999984	7.433212000000002	0.004019707518073965	1.1018614339815813e-05	3.1213643641219084	2021-02-01	lbi	south	2021
2020-09-01	B/HYOGO/1147/2020_EPI_ISL_523814	0.00048499999999999997	4.055019000000001	7.461797000000001	0.000839123709855671	0.0004851773189565676	4.055134063377021	2021-02-01	lbi	south	2021
2020-09-01	B/Haiti/432/2020_EPI_ISL_517738	0.015806	3.058040999999998	7.433212000000002	7.754673801847754e-05	0.01580676211319995	3.058159352897789	2021-02-01	lbi	south	2021
2020-09-01	B/Haiti/488/2020_EPI_ISL_517737	0.015806	3.058040999999998	7.433212000000002	7.754673801847754e-05	0.01580676211319995	3.058159352897789	2021-02-01	lbi	south	2021
2020-09-01	B/Hawaii/14/2020_EPI_ISL_430777	0.009043	2.6400519999999976	7.433212000000002	-0.0006195268731223264	0.009040809763135274	2.6403616747832688	2021-02-01	lbi	south	2021
2020-09-01	B/Hawaii/17/2020_EPI_ISL_482935	0.017154	3.6057279999999987	8.433218000000002	-0.00020746132108319674	0.017152790036947484	3.6060560947093734	2021-02-01	lbi	south	2021
2020-09-01	B/Hawaii/18/2020_EPI_ISL_482934	0.024464	2.6400519999999976	7.433212000000002	-0.0011562866034199603	0.02445260532493791	2.6403616747832688	2021-02-01	lbi	south	2021
2020-09-01	B/Hebei-Luquan/114/2020_EPI_ISL_485548	0.00018	2.946919	7.433212000000002	0.0006807226312585872	0.00018005392506513813	2.946998273972099	2021-02-01	lbi	south	2021
2020-09-01	B/Hermel/NS85/2020_EPI_ISL_455486	0.000869	4.4839009999999995	9.433196000000002	-0.003626008338955694	0.0008677018742837745	4.484239549574936	2021-02-01	lbi	south	2021
2020-09-01	B/Human/Moscow/30/2020_EPI_ISL_422448	0.002209	2.1212809999999993	6.433206000000001	-0.0015507800324450185	0.002207608207667203	2.121386401350593	2021-02-01	lbi	south	2021
2020-09-01	B/Hunan-Heshan/1107/2020_EPI_ISL_485429	0.0009199999999999999	2.392250999999999	7.433156000000002	-0.00020812452512482892	0.0009199348532860604	2.3921475090016227	2021-02-01	lbi	south	2021
2020-09-01	B/Hunan-Liuyang/3140/2019_EPI_ISL_410555	2.5e-05	4.055601	7.461797000000001	0.0036712942090289177	2.5038670134774264e-05	4.055716239984508	2021-02-01	lbi	south	2021
2020-09-01	B/Hunan-Louxin/125/2020_EPI_ISL_485431	0.00028	3.0725599999999984	7.433212000000002	-0.0009066817074883078	0.00027989869203101127	3.0726702690201297	2021-02-01	lbi	south	2021
2020-09-01	B/Hunan-Louxin/1961/2019_EPI_ISL_410548	1.6e-05	3.3812409999999984	8.433162000000003	0.0018401023750396581	1.6012526720707898e-05	3.3811576803600256	2021-02-01	lbi	south	2021
2020-09-01	B/Hunan-Suxian/11134/2019_EPI_ISL_402250	1.6e-05	4.867149999999999	9.4083	0.003952722595148085	1.6026628087773098e-05	4.867235283324343	2021-02-01	lbi	south	2021
2020-09-01	B/Hunan-Yuhu/114/2020_EPI_ISL_485552__dup2	0.00013000000000000002	2.8672459999999997	7.433212000000002	-5.8821604901677716e-05	0.0001299988814064542	2.8672993898366927	2021-02-01	lbi	south	2021
2020-09-01	B/ISHIKAWA/27/2020_EPI_ISL_486369	0.0009199999999999999	3.1099439999999983	7.433212000000002	-0.001992706163587121	0.0009192510663546683	3.1100696410060658	2021-02-01	lbi	south	2021
2020-09-01	B/Iceland/38/2020_EPI_ISL_477357	0.03293	3.5083159999999993	8.433218000000002	-0.0003896596834361505	0.03292517762943121	3.508660964265543	2021-02-01	lbi	south	2021
2020-09-01	B/Iceland/38/2020_EPI_ISL_477357__dup2	0.03293	3.5083159999999993	8.433218000000002	-0.0003896596834361505	0.03292517762943121	3.508660964265543	2021-02-01	lbi	south	2021
2020-09-01	B/Idaho/11739/2020_EPI_ISL_428093	0.000732	4.597345999999998	7.689766000000001	-0.001909543584663529	0.000731429453694397	4.597683283033994	2021-02-01	lbi	south	2021
2020-09-01	B/Iowa/35/2019_EPI_ISL_402599__dup2	3.3e-05	2.6400519999999976	7.433212000000002	-0.004728848586687607	3.2935566163949194e-05	2.6403616747832688	2021-02-01	lbi	south	2021
2020-09-01	B/Ireland/09562/2020_EPI_ISL_468177	0.000651	2.6400519999999976	7.433212000000002	-0.004896371143665254	0.0006496835459569487	2.6403616747832688	2021-02-01	lbi	south	2021
2020-09-01	B/Israel/995/2019_EPI_ISL_406253	9.8e-05	2.6400519999999976	7.433212000000002	-0.006510293518647324	9.773607766776728e-05	2.6403616747832688	2021-02-01	lbi	south	2021
2020-09-01	B/Japan/10596/2019_EPI_ISL_412616	2.6000000000000002e-05	3.620153999999999	8.433218000000002	-0.003930386369122208	2.5957868501467747e-05	3.6204859072932885	2021-02-01	lbi	south	2021
2020-09-01	B/Japan/12213/2020_EPI_ISL_496597	0.015165999999999999	3.6004799999999997	8.284270000000001	-0.00024424917845933134	0.01516469781076044	3.6008063720452523	2021-02-01	lbi	south	2021
2020-09-01	B/Jbeil/398/2020_EPI_ISL_500762	0.001153	5.3963139999999985	9.561473	-0.0016373838634151957	0.0011522319671881393	5.396649400106272	2021-02-01	lbi	south	2021
2020-09-01	B/Jbeil/406/2020_EPI_ISL_500763	0.003333	4.4839009999999995	9.433196000000002	-0.0017085993993491634	0.003330680999066849	4.484239549574936	2021-02-01	lbi	south	2021
2020-09-01	B/Jiangsu-Chongchuan/12290/2020_EPI_ISL_485427	0.000974	8.745253	10.618676999999996	0.0004711197997308527	0.000974206708935117	8.745359820926879	2021-02-01	lbi	south	2021
2020-09-01	B/Jiangsu-Chongchuan/12292/2020_EPI_ISL_485434	0.000974	8.745253	10.618676999999996	0.0004711197997308527	0.000974206708935117	8.745359820926879	2021-02-01	lbi	south	2021
2020-09-01	B/Jordan/30272/2019_EPI_ISL_409806__dup2	2.6000000000000002e-05	4.419946999999998	7.689766000000001	0.0009959364064724837	2.6011205239323203e-05	4.420237077846442	2021-02-01	lbi	south	2021
2020-09-01	B/KANAGAWA/AC1942/2020_EPI_ISL_437503	0.0035039999999999997	5.100208999999999	9.433224000000003	-0.000453263690939044	0.003503394016431924	5.100366037251997	2021-02-01	lbi	south	2021
2020-09-01	B/KANAGAWA/IC1915/2019_EPI_ISL_414384	7e-05	2.1212809999999993	6.433206000000001	-0.0010340074690597455	6.997096078183684e-05	2.121386401350593	2021-02-01	lbi	south	2021
2020-09-01	B/KANAGAWA/ZC1945/2020_EPI_ISL_414394	0.00043	4.740825999999998	8.461803000000003	-0.00042883620159251843	0.0004299300114353387	4.740884025499337	2021-02-01	lbi	south	2021
2020-09-01	B/KANAGAWA/ZC1946/2020_EPI_ISL_415168	0.00045599999999999997	3.1194929999999985	7.433212000000002	-0.0004108516880483366	0.0004559291960828382	3.1196146829355516	2021-02-01	lbi	south	2021
2020-09-01	B/KITAKYUSYU/3/2019_EPI_ISL_500496	3.5e-05	2.1212809999999993	6.433206000000001	-0.0007322779449045911	3.498987906422742e-05	2.121386401350593	2021-02-01	lbi	south	2021
2020-09-01	B/Kazakhstan/134/2019_EPI_ISL_409807	2.6000000000000002e-05	2.1212809999999993	6.433206000000001	-0.0010758684922301369	2.598876070234819e-05	2.121386401350593	2021-02-01	lbi	south	2021
2020-09-01	B/Kyiv/342/2020_EPI_ISL_487516	0.004487	2.1212809999999993	6.433206000000001	0.0007051795192632669	0.0044883899701618785	2.121386401350593	2021-02-01	lbi	south	2021
2020-09-01	B/Kyrgyzstan/293/2019_EPI_ISL_409816	4.6e-05	3.1211729999999984	7.433212000000002	0.0007093125073423541	4.6014328990033184e-05	3.121294372692608	2021-02-01	lbi	south	2021
2020-09-01	B/Laos/3395/2019_EPI_ISL_421026	3.5e-05	2.392250999999999	7.433156000000002	4.601199728690651e-05	3.50012276837998e-05	2.3921475090016227	2021-02-01	lbi	south	2021
2020-09-01	B/Laos/3636/2019_EPI_ISL_421029	1.6e-05	2.1212809999999993	6.433206000000001	0.0022912868690157565	1.601553725524862e-05	2.121386401350593	2021-02-01	lbi	south	2021
2020-09-01	B/Laos/3717/2019_EPI_ISL_416974	2.6000000000000002e-05	3.3921829999999984	8.433162000000003	0.0005874536870599257	2.600677847944893e-05	3.3920954954446643	2021-02-01	lbi	south	2021
2020-09-01	B/Laos/3788/2019_EPI_ISL_491872	4.3e-05	2.1212809999999993	6.433206000000001	-0.0012066857556470908	4.297906919853568e-05	2.121386401350593	2021-02-01	lbi	south	2021
2020-09-01	B/Laos/3873/2019_EPI_ISL_416973	7.5e-05	2.392250999999999	7.433156000000002	-0.0005346261541649582	7.498448736712855e-05	2.3921475090016227	2021-02-01	lbi	south	2021
2020-09-01	B/Liaoning-Shuangta/1137/2020_EPI_ISL_485426	0.002095	2.392250999999999	7.433156000000002	-1.4632889589766095e-05	0.002095020546524053	2.3921475090016227	2021-02-01	lbi	south	2021
2020-09-01	B/Lisboa/40/2019_EPI_ISL_416094	2.9999999999999997e-05	2.1212809999999993	6.433206000000001	0.0001874527424883835	3.0002820423831212e-05	2.121386401350593	2021-02-01	lbi	south	2021
2020-09-01	B/Lisboa/niMS028_19-20/2019_EPI_ISL_476610	1e-05	2.6400519999999976	7.433212000000002	-0.0032717905026878632	9.98653565613744e-06	2.6403616747832688	2021-02-01	lbi	south	2021
2020-09-01	B/Luxembourg/LNS2757540/2020_EPI_ISL_487168	0.000337	7.507697999999994	11.461765000000005	0.000823471340792352	0.0003371210106044889	7.507803532909599	2021-02-01	lbi	south	2021
2020-09-01	B/Luxembourg/LNS6899252/2020_EPI_ISL_406585	0.000317	6.4437739999999994	10.461815	-0.0036676956931396714	0.00031652096253775977	6.44408447248057	2021-02-01	lbi	south	2021
2020-09-01	B/Luxembourg/LNS7111701/2020_EPI_ISL_487187	0.001604	6.530951000000001	10.461758999999999	-0.0011653632699546153	0.001603246836418317	6.531051609895356	2021-02-01	lbi	south	2021
2020-09-01	B/Lyon/0028/2020_EPI_ISL_410412	0.00011200000000000001	3.409574999999999	8.433218000000002	0.0006488615353171975	0.00011203206608715566	3.409961920004677	2021-02-01	lbi	south	2021
2020-09-01	B/MIE/13/2019_EPI_ISL_410491	2.5e-05	3.372412999999998	8.433218000000002	-0.003922078916832417	2.4959575339603338e-05	3.3726807212422645	2021-02-01	lbi	south	2021
2020-09-01	B/MIYAGI/1/2020_EPI_ISL_486379	0.004068	3.630435999999999	8.433218000000002	-0.0011083848407232165	0.004066186391185916	3.6307664430935076	2021-02-01	lbi	south	2021
2020-09-01	B/Macao/600006/2020_EPI_ISL_485504	0.00013000000000000002	2.1212809999999993	6.433206000000001	-0.0005983331062351985	0.00012996966140265426	2.121386401350593	2021-02-01	lbi	south	2021
2020-09-01	B/Madagascar/7265/2019_EPI_ISL_413418	4.3e-05	3.1211789999999984	7.433212000000002	-0.0010086486054332025	4.2982615783350623e-05	3.121300436119021	2021-02-01	lbi	south	2021
2020-09-01	B/Magadan/164V/2020_EPI_ISL_430449	0.004487	3.565089999999999	8.414962000000003	0.0009259267069790984	0.004488802822257943	3.5654104670336686	2021-02-01	lbi	south	2021
2020-09-01	B/Michigan/82/2019_EPI_ISL_413387	5.3e-05	2.6400519999999976	7.433212000000002	-0.004543512667913262	5.2900600355395183e-05	2.6403616747832688	2021-02-01	lbi	south	2021
2020-09-01	B/Moscow/RII-508S/2019_EPI_ISL_403246	3.3e-05	2.1212809999999993	6.433206000000001	-0.00018130829057963024	3.299803191487056e-05	2.121386401350593	2021-02-01	lbi	south	2021
2020-09-01	B/NAGANO/2092/2020_EPI_ISL_476008	0.0024519999999999998	2.1212809999999993	6.433206000000001	-0.0019767149109915336	0.0024500202535077844	2.121386401350593	2021-02-01	lbi	south	2021
2020-09-01	B/NAGANO/2102/2020_EPI_ISL_428439	0.004068	4.623747999999998	9.433224000000003	-0.0006570363877372896	0.004066951157652535	4.624093870152659	2021-02-01	lbi	south	2021
2020-09-01	B/NAGANO/2906/2019_EPI_ISL_414398	9.2e-05	2.6400519999999976	7.433212000000002	-0.006585964634629717	9.174934330929914e-05	2.6403616747832688	2021-02-01	lbi	south	2021
2020-09-01	B/NIIGATA/52/2020_EPI_ISL_454741	0.000579	2.6400519999999976	7.433212000000002	-0.004811625787690815	0.0005778495483945836	2.6403616747832688	2021-02-01	lbi	south	2021
2020-09-01	B/Netherlands/00250/2020_EPI_ISL_412447	0.000732	3.6385719999999995	8.433218000000002	-0.004783883416167652	0.0007305539877076609	3.638900566807853	2021-02-01	lbi	south	2021
2020-09-01	B/New_Jersey/07/2020_EPI_ISL_421083	0.002719	2.1212809999999993	6.433206000000001	-0.002032338634779821	0.0027167417120894446	2.121386401350593	2021-02-01	lbi	south	2021
2020-09-01	B/New_Jersey/12181/2020_EPI_ISL_490952	0.005706	2.1212809999999993	6.433206000000001	0.00031183022251438	0.005706832187535355	2.121386401350593	2021-02-01	lbi	south	2021
2020-09-01	B/New_York/10623/2019_EPI_ISL_412644	1.8e-05	2.6400519999999976	7.433212000000002	-0.0014546365465740213	1.7989379639433524e-05	2.6403616747832688	2021-02-01	lbi	south	2021
2020-09-01	B/Norway/2121/2020_EPI_ISL_486944	0.005982	7.760010999999994	3.6657730000000006	0.0010500061040726108	0.005984712895307238	7.760109639288453	2021-02-01	lbi	south	2021
2020-09-01	B/Novosibirsk/RII-26944S/2020_EPI_ISL_497929	0.0005139999999999	3.113790999999998	7.433212000000002	0.0002718696680227695	0.0005140664045707938	3.113910576453229	2021-02-01	lbi	south	2021
2020-09-01	B/Novosibirsk/RII-27038S/2020_EPI_ISL_497933	0.000404	2.1212809999999993	6.433206000000001	-0.001179465845638709	0.0004038079276326002	2.121386401350593	2021-02-01	lbi	south	2021
2020-09-01	B/Novosibirsk/RII-27104S/2020_EPI_ISL_497913	0.004487	3.0710199999999985	7.433212000000002	4.414573987832637e-05	0.004487153899818358	3.07113865472109	2021-02-01	lbi	south	2021
2020-09-01	B/OSAKA-C/5/2020_EPI_ISL_486378	0.003872	3.0817089999999974	7.284264	0.00045600196627383383	0.0038727973470924367	3.0818310986125734	2021-02-01	lbi	south	2021
2020-09-01	B/OSAKA/30/2020_EPI_ISL_523816	0.004711	5.092966999999999	9.433224000000003	0.00034019273388036784	0.004711742754158817	5.0931159448256365	2021-02-01	lbi	south	2021
2020-09-01	B/OSAKA/31/2020_EPI_ISL_513930	0.017154	5.003551999999999	9.433224000000003	0.0003185078524769762	0.017156549548388085	5.003684180812606	2021-02-01	lbi	south	2021
2020-09-01	B/Ohio/07/2020_EPI_ISL_416008	0.001153	2.6400519999999976	7.433212000000002	-0.0027506891016064313	0.001151697597020168	2.6403616747832688	2021-02-01	lbi	south	2021
2020-09-01	B/Ohio/12080/2020_EPI_ISL_463870	0.004487	3.6956759999999993	8.433162000000003	0.0008664141649057861	0.004488691515276809	3.6957775942029474	2021-02-01	lbi	south	2021
2020-09-01	B/Oklahoma/01/2020_EPI_ISL_409290	0.00024700000000000004	2.7046659999999987	7.433156000000002	-0.0018409125565388132	0.00024681453746579565	2.7047549772334976	2021-02-01	lbi	south	2021
2020-09-01	B/Oklahoma/12081/2020_EPI_ISL_463871	0.004273	2.7046659999999987	7.433156000000002	-0.0004931168720008909	0.004272190082767395	2.7047549772334976	2021-02-01	lbi	south	2021
2020-09-01	B/Oklahoma/12215/2020_EPI_ISL_496599	0.004273	2.7046659999999987	7.433156000000002	-0.0004931168720008909	0.004272190082767395	2.7047549772334976	2021-02-01	lbi	south	2021
2020-09-01	B/Oregon/09/2020_EPI_ISL_424809	0.004273	2.1212809999999993	6.433206000000001	3.8906721768553065e-06	0.004273074887171953	2.121386401350593	2021-02-01	lbi	south	2021
2020-09-01	B/Oujda/936/2020_EPI_ISL_416114	0.000614	3.862852000000001	6.689760000000001	-0.0004365681647790735	0.0006138980850714611	3.8629439051846823	2021-02-01	lbi	south	2021
2020-09-01	B/Pakistan/272/2019_EPI_ISL_421018	9.8e-05	7.771778999999994	3.6657730000000006	0.0009868703180989766	9.804186477537974e-05	7.771882981349516	2021-02-01	lbi	south	2021
2020-09-01	B/Paraguay/4892/2019_EPI_ISL_409604	2.5e-05	7.670903999999994	10.689784	0.004565089882688353	2.504799664426545e-05	7.6710242608306505	2021-02-01	lbi	south	2021
2020-09-01	B/Parana/1996/2020_EPI_ISL_516156	0.0082659999999999	4.4839009999999995	9.433196000000002	-0.0012397161528196095	0.008261862712455232	4.484239549574936	2021-02-01	lbi	south	2021
2020-09-01	B/Parana/202000047/2019_EPI_ISL_516146	2.8000000000000013e-05	7.649481999999994	10.689784	0.0011165413924127147	2.8013474880749447e-05	7.649592908679302	2021-02-01	lbi	south	2021
2020-09-01	B/Parana/49/2020_EPI_ISL_516192	0.00024700000000000004	2.1212809999999993	6.433206000000001	-0.0012357446486322965	0.0002468767804117141	2.121386401350593	2021-02-01	lbi	south	2021
2020-09-01	B/Parana/49/2020_EPI_ISL_516192__dup2	0.00024700000000000004	2.1212809999999993	6.433206000000001	-0.0009839673918052435	0.0002469026809196595	2.121386401350593	2021-02-01	lbi	south	2021
2020-09-01	B/Perth/1/2020_EPI_ISL_451954	0.000869	2.1212809999999993	6.433206000000001	-0.002147668355834596	0.0008682365215874636	2.121386401350593	2021-02-01	lbi	south	2021
2020-09-01	B/Perth/3/2020_EPI_ISL_451952	0.001031	2.1212809999999993	6.433206000000001	-0.0026347510952892555	0.0010298851554663125	2.121386401350593	2021-02-01	lbi	south	2021
2020-09-01	B/Rabat/173/2019_EPI_ISL_407580__dup2	1.1e-05	3.862852000000001	6.689760000000001	0.0011768576354658001	1.100557028911454e-05	3.8629439051846823	2021-02-01	lbi	south	2021
2020-09-01	B/Rabat/233/2019_EPI_ISL_407582	2e-05	3.862852000000001	6.689760000000001	-0.00046537834754642156	1.9996440251922256e-05	3.8629439051846823	2021-02-01	lbi	south	2021
2020-09-01	B/Rabat/772/2020_EPI_ISL_416121	0.00028	5.728721999999992	7.718351000000001	-0.0006764795689425651	0.000279925540517562	5.728819696869727	2021-02-01	lbi	south	2021
2020-09-01	B/Rhode_Island/02/2020_EPI_ISL_410860	0.000263	2.1212809999999993	6.433206000000001	-0.00020746439015086483	0.0002629814488718891	2.121386401350593	2021-02-01	lbi	south	2021
2020-09-01	B/Rio_De_Janeiro/1996/2020_EPI_ISL_482936	0.0082659999999999	4.4839009999999995	9.433196000000002	-0.0023556847980133566	0.00825802194725309	4.484239549574936	2021-02-01	lbi	south	2021
2020-09-01	B/Rio_Grande_do_Sul/117/2020_EPI_ISL_516136	0.003169	2.1212809999999993	6.433206000000001	-0.00047745486067128466	0.00316842001476618	2.121386401350593	2021-02-01	lbi	south	2021
2020-09-01	B/Rio_Grande_do_Sul/121/2020_EPI_ISL_516137	0.003169	8.734895	1.4767589999999997	0.0002789038805670232	0.0031694186980310356	8.735006466694097	2021-02-01	lbi	south	2021
2020-09-01	B/Romania/255663/2019_EPI_ISL_406474	4.6e-05	2.6400519999999976	7.433212000000002	-0.004517610293040889	4.591422414410465e-05	2.6403616747832688	2021-02-01	lbi	south	2021
2020-09-01	B/Romania/257335/2020_EPI_ISL_459985	0.016468	2.6400519999999976	7.433212000000002	-0.0013561393726218042	0.016458959019989863	2.6403616747832688	2021-02-01	lbi	south	2021
2020-09-01	B/Russia/2147V/2019_EPI_ISL_403695	2.9999999999999997e-05	2.1212809999999993	6.433206000000001	0.00023503997313226022	3.0003415326035506e-05	2.121386401350593	2021-02-01	lbi	south	2021
2020-09-01	B/SAITAMA/61/2019_EPI_ISL_414402	2.6000000000000002e-05	2.6400519999999976	7.433212000000002	-0.004907950689170234	2.5947297535292293e-05	2.6403616747832688	2021-02-01	lbi	south	2021
2020-09-01	B/SAPPORO/7/2019_EPI_ISL_408545	1.1e-05	9.732342999999995	5.516837	0.004399508407237245	1.1020358177595166e-05	9.732479680908337	2021-02-01	lbi	south	2021
2020-09-01	B/Saint-Petersburg/RII-3180S/2020_EPI_ISL_471348	0.004711	2.1212809999999993	6.433206000000001	0.00034019273388036784	0.004711742754158817	2.121386401350593	2021-02-01	lbi	south	2021
2020-09-01	B/Santiago/14751/2020_EPI_ISL_499077	0.001362	4.622528999999998	9.433224000000003	0.0004711197998553424	0.0013622890529463019	4.622678301721996	2021-02-01	lbi	south	2021
2020-09-01	B/Santiago/14751/2020_EPI_ISL_499077__dup2	0.001362	4.622528999999998	9.433224000000003	0.0004711197998553424	0.0013622890529463019	4.622678301721996	2021-02-01	lbi	south	2021
2020-09-01	B/Santiago/22802/2020_EPI_ISL_499070	0.005706	4.3414709999999985	9.433224000000003	-0.0010764295188305424	0.005703532073182114	4.341764396394688	2021-02-01	lbi	south	2021
2020-09-01	B/Santiago/29615/2020_EPI_ISL_499081	0.007899	4.3414709999999985	9.433224000000003	-0.0009336100353302548	0.007896053434536825	4.341764396394688	2021-02-01	lbi	south	2021
2020-09-01	B/Santiago/4824/2020_EPI_ISL_499069	0.00023199999999999997	3.639571999999999	8.433218000000002	-0.0017098032766138076	0.000231838465099389	3.6398979978530694	2021-02-01	lbi	south	2021
2020-09-01	B/Santiago/7002/2020_EPI_ISL_499073	0.000169	2.6400519999999976	7.433212000000002	-0.0057066365190516595	0.00016860131652470295	2.6403616747832688	2021-02-01	lbi	south	2021
2020-09-01	B/Sao_Paulo/1420590-IAL/2019_EPI_ISL_407056	4e-05	5.4838049999999985	10.433201999999998	-0.0033960130573810997	3.994407508977116e-05	5.48415966142476	2021-02-01	lbi	south	2021
2020-09-01	B/Sao_Paulo/1444130-IAL/2020_EPI_ISL_411217	0.000404	4.119632999999999	8.433218000000002	0.0008314046715437178	0.00040414640501837336	4.1197698157305185	2021-02-01	lbi	south	2021
2020-09-01	B/Shandong-Dongying/160/2020_EPI_ISL_410587	0.000192	2.392250999999999	7.433156000000002	-0.00028718292741755505	0.0001919800800438864	2.3921475090016227	2021-02-01	lbi	south	2021
2020-09-01	B/Sichuan-Qingyang/12039/2019_EPI_ISL_410135	2.1e-05	4.161715999999999	9.433168000000002	0.002843883806701738	2.102523312333494e-05	4.161705703756782	2021-02-01	lbi	south	2021
2020-09-01	B/Singapore/GP0319/2020_EPI_ISL_481332	0.000337	2.6400519999999976	7.433212000000002	-0.00532685880213537	0.00033625819765122214	2.6403616747832688	2021-02-01	lbi	south	2021
2020-09-01	B/Singapore/KK0417/2020_EPI_ISL_481328	0.000317	2.1212809999999993	6.433206000000001	-0.0007816880501063085	0.0003169018089418177	2.121386401350593	2021-02-01	lbi	south	2021
2020-09-01	B/Singapore/KK0673/2020_EPI_ISL_481330	0.0006900000000000001	2.1212809999999993	6.433206000000001	-0.0027369993918774545	0.0006892245228087694	2.121386401350593	2021-02-01	lbi	south	2021
2020-09-01	B/Singapore/KK2799/2019_EPI_ISL_401439	1.4999999999999999e-05	7.732418999999995	3.516825	0.004405603877391448	1.5027799318510261e-05	7.732523762341052	2021-02-01	lbi	south	2021
2020-09-01	B/Singapore/KK2800/2019_EPI_ISL_401440	1.4999999999999999e-05	2.8536419999999993	7.433212000000002	0.0022703998672619114	1.501443550683499e-05	2.8537054478095865	2021-02-01	lbi	south	2021
2020-09-01	B/Singapore/TT0473/2020_EPI_ISL_481367__dup2	0.0006900000000000001	3.0817089999999974	7.284264	0.00018310738098145646	0.0006900636203403648	3.0818310986125734	2021-02-01	lbi	south	2021
2020-09-01	B/Smolensk/RII-602S/2019_EPI_ISL_403994	5.3e-05	2.1212809999999993	6.433206000000001	-0.001037620692333029	5.2977933404538236e-05	2.121386401350593	2021-02-01	lbi	south	2021
2020-09-01	B/South_Africa/1736/2020_EPI_ISL_509221	0.001519	6.447287	11.433208000000004	-0.002231103346026989	0.0015176126901940215	6.447656075868286	2021-02-01	lbi	south	2021
2020-09-01	B/South_Africa/1740/2020_EPI_ISL_493194	0.001604	6.447287	11.433208000000004	-0.0021963002763772674	0.0016025582982729183	6.447656075868286	2021-02-01	lbi	south	2021
2020-09-01	B/South_Africa/2467/2020_EPI_ISL_493191	0.0035039999999999997	5.485346999999997	10.433201999999998	-9.810068787625582e-05	0.0035039125031032406	5.485677557539501	2021-02-01	lbi	south	2021
2020-09-01	B/South_Africa/2751/2020_EPI_ISL_510000	0.004487	6.447287	11.433208000000004	-0.0017730995205900591	0.004483757577821288	6.447656075868286	2021-02-01	lbi	south	2021
2020-09-01	B/South_Africa/3623/2020_EPI_ISL_510001	0.005706	7.435858999999997	12.433214000000005	-0.0006330854669497025	0.005704585765093025	7.436246904338102	2021-02-01	lbi	south	2021
2020-09-01	B/South_Africa/3636/2020_EPI_ISL_510002	0.005706	6.447287	11.433208000000004	-0.0016258652249699908	0.005702226504225726	6.447656075868286	2021-02-01	lbi	south	2021
2020-09-01	B/South_Australia/159/2019_EPI_ISL_512689	1.7e-05	2.1212809999999993	6.433206000000001	0.0008794947986949859	1.7006501372466967e-05	2.121386401350593	2021-02-01	lbi	south	2021
2020-09-01	B/South_Australia/160/2019_EPI_ISL_401912	2e-05	3.6399959999999996	8.433218000000002	0.00034856452582795826	2.0003223052041336e-05	3.6403216683371644	2021-02-01	lbi	south	2021
2020-09-01	B/South_Australia/163/2019_EPI_ISL_430300	0.000105	3.552465	7.561489	0.0010162979784473902	0.00010504614313450721	3.5527715253146006	2021-02-01	lbi	south	2021
2020-09-01	B/South_Australia/7/2020_EPI_ISL_419647	0.000974	2.6400519999999976	7.433212000000002	-0.004497733311815771	0.0009721918412189391	2.6403616747832688	2021-02-01	lbi	south	2021
2020-09-01	B/South_Korea/11418/2020_EPI_ISL_415060	0.000139	3.5776429999999997	8.433190000000002	-0.0006252097227752152	0.0001389660048061658	3.577895301368905	2021-02-01	lbi	south	2021
2020-09-01	B/South_Korea/11419/2020_EPI_ISL_415061	0.000169	2.1212809999999993	6.433206000000001	-0.0007518530969446514	0.00016894975232595799	2.121386401350593	2021-02-01	lbi	south	2021
2020-09-01	B/South_Korea/11423/2020_EPI_ISL_415065	0.000204	2.1212809999999993	6.433206000000001	-0.00104840892527989	0.0002039141478090684	2.121386401350593	2021-02-01	lbi	south	2021
2020-09-01	B/South_Korea/11424/2020_EPI_ISL_415066	0.000169	2.1212809999999993	6.433206000000001	-0.0007518530969446514	0.00016894975232595799	2.121386401350593	2021-02-01	lbi	south	2021
2020-09-01	B/Spain/12085/2020_EPI_ISL_463875	0.001153	3.862852000000001	6.689760000000001	-0.00028059543822137604	0.0011528835409291502	3.8629439051846823	2021-02-01	lbi	south	2021
2020-09-01	B/Sri_Lanka/25/2019_EPI_ISL_419648	2e-05	3.902949000000001	6.689760000000001	0.004492515573245217	2.0037791377554174e-05	3.903069425132757	2021-02-01	lbi	south	2021
2020-09-01	B/Sri_Lanka/30/2019_EPI_ISL_430304	8e-05	3.639875999999999	8.433218000000002	-0.0021623125353852114	7.992922659137664e-05	3.6402018163300855	2021-02-01	lbi	south	2021
2020-09-01	B/St._Petersburg/RII-172/2020_EPI_ISL_471667	0.00627	2.6400519999999976	7.433212000000002	-0.002342286584861678	0.006263983385463107	2.6403616747832688	2021-02-01	lbi	south	2021
2020-09-01	B/Stockholm/7/2020_EPI_ISL_485808__dup3	0.001031	2.6400519999999976	7.433212000000002	-0.004445177019520155	0.0010291085605861861	2.6403616747832688	2021-02-01	lbi	south	2021
2020-09-01	B/Suriname/1076/2019_EPI_ISL_416966	1.7e-05	3.3613089999999985	8.433162000000003	0.0012525652881267206	1.700914517119172e-05	3.3612311841540454	2021-02-01	lbi	south	2021
2020-09-01	B/Suriname/1088/2019_EPI_ISL_416969	2.8000000000000013e-05	3.3613089999999985	8.433162000000003	0.0005922678907668874	2.8007356081354277e-05	3.3612311841540454	2021-02-01	lbi	south	2021
2020-09-01	B/Sweden/23/2020_EPI_ISL_426598	0.00109	4.111595	8.433218000000002	0.00038028590643259116	0.0010901900655468611	4.1117301963221395	2021-02-01	lbi	south	2021
2020-09-01	B/Sweden/60/2020_EPI_ISL_444815	0.016468	4.787889999999999	7.671510000000001	-4.0746576270360165e-05	0.016467982324232754	4.787992697435081	2021-02-01	lbi	south	2021
2020-09-01	B/Sweden/61/2020_EPI_ISL_444816	0.016468	4.787889999999999	7.671510000000001	9.160765375296958e-05	0.016468890518908465	4.787992697435081	2021-02-01	lbi	south	2021
2020-09-01	B/Sweden/7/2019_EPI_ISL_404223	5e-05	4.787889999999999	7.671510000000001	-0.003486595552387211	4.992820940091071e-05	4.787992697435081	2021-02-01	lbi	south	2021
2020-09-01	B/Switzerland/6411/2020_EPI_ISL_486813	0.004068	2.6400519999999976	7.433212000000002	-0.0018542268914488087	0.004064922948849242	2.6403616747832688	2021-02-01	lbi	south	2021
2020-09-01	B/Switzerland/8873/2020_EPI_ISL_455503__dup2	0.008647	4.4839009999999995	9.433196000000002	-0.00197514144446299	0.008640024070725815	4.484239549574936	2021-02-01	lbi	south	2021
2020-09-01	B/Sydney/1079/2019_EPI_ISL_430299	1.7e-05	2.1212809999999993	6.433206000000001	0.0008794947986949859	1.7006501372466967e-05	2.121386401350593	2021-02-01	lbi	south	2021
2020-09-01	B/Sydney/2/2020_EPI_ISL_451953	0.001786	4.942720999999999	7.689766000000001	0.0010818497797247131	0.0017868336763144118	4.942830602038964	2021-02-01	lbi	south	2021
2020-09-01	B/Sydney/4/2020_EPI_ISL_479652	0.005706	4.374588999999998	9.433224000000003	-0.0005471654271477297	0.005704789993013681	4.3748650832833444	2021-02-01	lbi	south	2021
2020-09-01	B/Taiwan/70884/2019_EPI_ISL_428425	7.5e-05	2.1212809999999993	6.433206000000001	-0.000557752424509642	7.498376482414038e-05	2.121386401350593	2021-02-01	lbi	south	2021
2020-09-01	B/Tajikistan/151/2019_EPI_ISL_407587	5e-05	2.1212809999999993	6.433206000000001	-0.0010618712738360793	4.9978677449563936e-05	2.121386401350593	2021-02-01	lbi	south	2021
2020-09-01	B/Tasmania/501/2020_EPI_ISL_493195	0.0008210000000000001	2.1212809999999993	6.433206000000001	-0.0021793257338144725	0.0008202678731316884	2.121386401350593	2021-02-01	lbi	south	2021
2020-09-01	B/Tennessee/07/2019_EPI_ISL_402629__dup2	1.8e-05	2.1212809999999993	6.433206000000001	0.0009130176892408058	1.80071353257293e-05	2.121386401350593	2021-02-01	lbi	south	2021
2020-09-01	B/Texas/11030/2019_EPI_ISL_414316	4.6e-05	3.1211729999999984	7.433212000000002	-0.0006027399947365157	4.59891803584427e-05	3.1212944229898714	2021-02-01	lbi	south	2021
2020-09-01	B/Texas/12216/2020_EPI_ISL_496600	0.009455	2.7046659999999987	7.433156000000002	-0.00044274253379662695	0.009453406289319143	2.7047549772334976	2021-02-01	lbi	south	2021
2020-09-01	B/Tianjin-Nankai/121/2020_EPI_ISL_410581	0.000122	2.1212809999999993	6.433206000000001	-0.0009515067708126639	0.00012195358090897278	2.121386401350593	2021-02-01	lbi	south	2021
2020-09-01	B/Tunis/15739/2019_EPI_ISL_418494	2.8000000000000013e-05	3.1212089999999986	7.433212000000002	-0.0011484455796003758	2.7987049787127696e-05	3.1213304272510136	2021-02-01	lbi	south	2021
2020-09-01	B/Tunis/31/2019_EPI_ISL_418499__dup2	0.000105	3.1210549999999984	7.433212000000002	-0.0009717811850503456	0.00010495916247858237	3.1211764830256308	2021-02-01	lbi	south	2021
2020-09-01	B/UTSUNOMIYA/213/2020_EPI_ISL_476009	0.001519	2.1212809999999993	6.433206000000001	-0.0023797284475361377	0.0015175187117122387	2.121386401350593	2021-02-01	lbi	south	2021
2020-09-01	B/Victoria/1/2020_EPI_ISL_410204	0.000337	2.975635999999998	8.433106000000002	-0.0010522886550932043	0.0003368576309983127	2.9755160848845312	2021-02-01	lbi	south	2021
2020-09-01	B/Victoria/14/2020_EPI_ISL_419645	0.000614	2.6400519999999976	7.433212000000002	-0.004744367901761307	0.0006127971775483481	2.6403616747832688	2021-02-01	lbi	south	2021
2020-09-01	B/Victoria/15/2020_EPI_ISL_419644	0.000614	5.788013999999994	7.618659000000001	0.0006505261948213664	0.0006141762168681243	5.78811369507906	2021-02-01	lbi	south	2021
2020-09-01	B/Victoria/16/2020_EPI_ISL_451950	0.000546	4.343009	9.433168000000002	0.001116958418166935	0.0005462628550936387	4.342915577925585	2021-02-01	lbi	south	2021
2020-09-01	B/Victoria/18/2020_EPI_ISL_451951	0.00023199999999999997	2.6400519999999976	7.433212000000002	-0.005393114055547709	0.00023148293252376072	2.6403616747832688	2021-02-01	lbi	south	2021
2020-09-01	B/Victoria/20/2020_EPI_ISL_458016	0.000218	3.6395999999999993	8.433218000000002	-0.0017357500795767704	0.0002178458577142401	3.63992598306784	2021-02-01	lbi	south	2021
2020-09-01	B/Victoria/2110/2019_EPI_ISL_428820	1.2e-05	8.732355	4.516831000000001	0.004401053198408065	1.2022216659266314e-05	8.732475673474406	2021-02-01	lbi	south	2021
2020-09-01	B/Victoria/2110/2019_EPI_ISL_428820__dup2	1.2e-05	8.732355	4.516831000000001	0.004401053198408065	1.2022216659266314e-05	8.732475673474406	2021-02-01	lbi	south	2021
2020-09-01	B/Victoria/30/2020_EPI_ISL_476799	0.001288	2.7046659999999987	7.433156000000002	-0.0010487670562308207	0.0012874577607176817	2.7047549772334976	2021-02-01	lbi	south	2021
2020-09-01	B/Victoria/5/2020_EPI_ISL_430298	0.000651	3.865927999999999	8.433218000000002	0.000817747352892807	0.0006512322091376045	3.86599692541842	2021-02-01	lbi	south	2021
2020-09-01	B/Virginia/06/2020_EPI_ISL_413400	0.000614	3.6221459999999994	8.433218000000002	-0.0013253629524375538	0.0006136707815719413	3.6224762811630913	2021-02-01	lbi	south	2021
2020-09-01	B/Virginia/10423/2019_EPI_ISL_405548	1.7e-05	2.1212809999999993	6.433206000000001	0.0008794947986949859	1.7006501372466967e-05	2.121386401350593	2021-02-01	lbi	south	2021
2020-09-01	B/Virginia/11453/2020_EPI_ISL_415095	0.00024700000000000004	2.1212809999999993	6.433206000000001	-0.0006772594789183514	0.00024693423585504364	2.121386401350593	2021-02-01	lbi	south	2021
2020-09-01	B/WAKAYAMA/33/2020_EPI_ISL_469269	0.004068	2.1212809999999993	6.433206000000001	-0.0004078769877657513	0.004067373395865683	2.121386401350593	2021-02-01	lbi	south	2021
2020-09-01	B/West_Kazakhstan/481/2019_EPI_ISL_416137	1.6e-05	2.6400519999999976	7.433212000000002	-0.0015656016902344252	1.598982036544118e-05	2.6403616747832688	2021-02-01	lbi	south	2021
2020-09-01	B/West_Virginia/07/2020_EPI_ISL_415871	0.002209	2.1212809999999993	6.433206000000001	-0.0020374930889634876	0.0022071605565022723	2.121386401350593	2021-02-01	lbi	south	2021
2020-09-01	B/YAMANASHI/20050/2020_EPI_ISL_486380	0.001219	4.369958999999998	9.433224000000003	-0.002488487940403192	0.0012177560780717862	4.370245209086122	2021-02-01	lbi	south	2021
2020-09-01	B/YOKOHAMA/2/2020_EPI_ISL_414410	0.00023199999999999997	2.1212809999999993	6.433206000000001	-0.001260348064493039	0.00023188188625111226	2.121386401350593	2021-02-01	lbi	south	2021
2020-09-01	B/YOKOHAMA/7/2020_EPI_ISL_437500	0.0008210000000000001	3.6383939999999995	8.433218000000002	-0.0012163116971367987	0.0008205970764561768	3.638720480630356	2021-02-01	lbi	south	2021
2020-09-01	B/Yunnan-Chuxiong/199/2020_EPI_ISL_485428	0.001153	3.9733140000000002	9.433112000000003	0.00037262488194566364	0.0011531973698669798	3.973209690144796	2021-02-01	lbi	south	2021
2020-09-01	B/Yunnan-Qilin/163/2020_EPI_ISL_485435	0.000337	6.816513000000001	9.689778	0.001116940426642439	0.00033716223587276	6.816611032970889	2021-02-01	lbi	south	2021
2020-09-01	B/Yunnan-Wenshan/1436/2020_EPI_ISL_522414	0.068213	3.138215999999997	8.433162000000003	0.000871007289397809	0.06823884562371521	3.138060497487726	2021-02-01	lbi	south	2021
2020-09-01	B/Yunnan-Wenshan/1438/2020_EPI_ISL_522415	0.068213	2.9848389999999982	7.433212000000002	0.001015300250031672	0.06824294840749176	2.9849005045356045	2021-02-01	lbi	south	2021
2020-09-01	B/Yunnan-Wenshan/1479/2020_EPI_ISL_522412	0.14269	2.975635999999998	8.433106000000002	0.000674188195780525	0.14273235898219472	2.9755160848845312	2021-02-01	lbi	south	2021
2020-09-01	B/Zhejiang-Kecheng/114/2020_EPI_ISL_485545	0.000169	3.946514999999999	8.433218000000002	0.0006766826531951396	0.00016905034507771552	3.9466100959416766	2021-02-01	lbi	south	2021
2020-09-01	B/Zhejiang-Kecheng/3135/2019_EPI_ISL_410642	2e-05	3.3249029999999986	7.362049000000001	0.003346676230632245	2.002822695687972e-05	3.3247931237933583	2021-02-01	lbi	south	2021
2020-09-01	B/Zhejiang-Yiwu/1168/2020_EPI_ISL_485443	0.004273	7.807950999999995	10.640270999999997	0.0011171959381784567	0.004275057528976687	7.808060917912937	2021-02-01	lbi	south	2021
2021-09-01	B/Abu_Dhabi/2210731356/2021_EPI_ISL_3535256	0.000559	4.917790999999995	4.245786000000002	0.009329157723669409	0.0005611792874652518	4.918222244135517	2022-02-01	lbi	south	2022
2021-09-01	B/Abu_Dhabi/2210731356/2021_EPI_ISL_3535256__dup2	0.000559	4.909564999999994	4.248707000000002	0.009329157723669409	0.0005611792874652518	4.909969580194863	2022-02-01	lbi	south	2022
2021-09-01	B/Afghanistan/002/2021_EPI_ISL_2521316	1.2e-05	4.021706	4.086718999999998	-0.007570447520741237	1.1962253068249463e-05	4.022037920944318	2022-02-01	lbi	south	2022
2021-09-01	B/Bangladesh/0004/2021_EPI_ISL_3535249	0.010564	3.2230249999999994	3.4444249999999994	0.00010924480187705522	0.010564521202866651	3.2237873037720113	2022-02-01	lbi	south	2022
2021-09-01	B/Bangladesh/0009/2021_EPI_ISL_3535252	0.006235	3.2230249999999994	3.4444249999999994	0.0029552316820151527	0.006242706007481224	3.2237873037720113	2022-02-01	lbi	south	2022
2021-09-01	B/Bangladesh/0009/2021_EPI_ISL_3535252__dup2	0.006235	3.2230249999999994	3.4444249999999994	0.0029552316820151527	0.006242706007481224	3.2237873037720113	2022-02-01	lbi	south	2022
2021-09-01	B/Bangladesh/0015/2021_EPI_ISL_3535255	0.006795000000000001	3.2230249999999994	3.4444249999999994	0.0018164153616095846	0.006800170633956775	3.2237873037720113	2022-02-01	lbi	south	2022
2021-09-01	B/Bangladesh/0019/2021_EPI_ISL_3535245	0.0026739999999999997	3.2230249999999994	3.4444249999999994	0.006242491183958876	0.0026809744640746425	3.2237873037720113	2022-02-01	lbi	south	2022
2021-09-01	B/Bangladesh/0019/2021_EPI_ISL_3535245__dup2	0.0026739999999999997	3.2230249999999994	3.4444249999999994	0.006122965080806106	0.0026808409480534126	3.2237873037720113	2022-02-01	lbi	south	2022
2021-09-01	B/Bangladesh/0020/2021_EPI_ISL_3535230	0.008226	3.0409659999999983	3.093701000000002	-0.00036818517714241953	0.008224769542227416	3.041371697725843	2022-02-01	lbi	south	2022
2021-09-01	B/Bangladesh/1005/2021_EPI_ISL_3535236	0.004749000000000001	4.031462	4.093690999999998	-0.00773503064965239	0.004733737018441303	4.031904223688959	2022-02-01	lbi	south	2022
2021-09-01	B/Bangladesh/1008/2021_EPI_ISL_3535250	0.002397	3.0409659999999983	3.093701000000002	0.003996026404209639	0.0024010035222070195	3.041371697725843	2022-02-01	lbi	south	2022
2021-09-01	B/Bangladesh/1031/2021_EPI_ISL_3535259	0.009120999999999999	4.022718	4.093690999999998	-0.00774986419726926	0.009091629498407887	4.023188438729026	2022-02-01	lbi	south	2022
2021-09-01	B/Bangladesh/2005/2021_EPI_ISL_3535309	0.009589	3.2230249999999994	3.4444249999999994	0.000943474708104778	0.00959280693856325	3.2237873037720113	2022-02-01	lbi	south	2022
2021-09-01	B/Bangladesh/2010/2021_EPI_ISL_3535241	0.007386	3.0409659999999983	3.093701000000002	0.0020139885490148756	0.007392228872765637	3.041371697725843	2022-02-01	lbi	south	2022
2021-09-01	B/Bangladesh/2014/2021_EPI_ISL_3535254	0.008226	3.2230249999999994	3.4444249999999994	0.0019307420255604568	0.008232651711084223	3.2237873037720113	2022-02-01	lbi	south	2022
2021-09-01	B/Bangladesh/2025/2021_EPI_ISL_3535238	0.008892	3.2230249999999994	3.4444249999999994	0.0014318439602916324	0.008897340532505666	3.2237873037720113	2022-02-01	lbi	south	2022
2021-09-01	B/Bangladesh/2039/2021_EPI_ISL_3535233	0.001511	3.0409659999999983	3.093701000000002	0.002457819431742897	0.0015125539693173476	3.041371697725843	2022-02-01	lbi	south	2022
2021-09-01	B/Bangladesh/2065/2021_EPI_ISL_3535227	0.003304	3.0409659999999983	3.093701000000002	0.004150865221517303	0.0033097319379418867	3.041371697725843	2022-02-01	lbi	south	2022
2021-09-01	B/Bangladesh/3004/2021_EPI_ISL_3535248	0.010315000000000001	4.9966739999999925	5.093093	-0.007752697075427131	0.010281772566740694	4.99722022143225	2022-02-01	lbi	south	2022
2021-09-01	B/Bangladesh/3010/2021_EPI_ISL_3535226	0.001702	3.0409659999999983	3.093701000000002	0.0021804240701750106	0.0017035534904341746	3.041371697725843	2022-02-01	lbi	south	2022
2021-09-01	B/Bangladesh/3015/2021_EPI_ISL_3535253	0.006795000000000001	5.897047999999991	5.241073999999995	-0.007692935827872657	0.0067732801045690206	5.897615961891978	2022-02-01	lbi	south	2022
2021-09-01	B/Bangladesh/3021/2021_EPI_ISL_3535235	0.007386	3.0409659999999983	3.093701000000002	0.0020139885490148756	0.007392228872765637	3.041371697725843	2022-02-01	lbi	south	2022
2021-09-01	B/Bangladesh/3024/2021_EPI_ISL_3535237	0.008445000000000001	3.0409659999999983	3.093701000000002	-0.00043582208530392374	0.008443498825452016	3.041371697725843	2022-02-01	lbi	south	2022
2021-09-01	B/Bangladesh/3026/2021_EPI_ISL_3535231	0.008445000000000001	3.92915	3.251637999999999	-0.00027739024265571266	0.008444056226798637	3.9296116467708373	2022-02-01	lbi	south	2022
2021-09-01	B/Bangladesh/3053/2021_EPI_ISL_3535219	0.008892	3.2230249999999994	3.4444249999999994	0.0014318439602916324	0.008897340532505666	3.2237873037720113	2022-02-01	lbi	south	2022
2021-09-01	B/Bangladesh/3055/2021_EPI_ISL_3535221	0.009120999999999999	3.2230249999999994	3.4444249999999994	0.0015814505277488837	0.009127046996342163	3.2237873037720113	2022-02-01	lbi	south	2022
2021-09-01	B/Bangladesh/4010/2021_EPI_ISL_3535239	0.0016359999999999999	4.037688000000002	4.093690999999998	-0.00771035722237127	0.0016307587659618226	4.038110180193917	2022-02-01	lbi	south	2022
2021-09-01	B/Bangladesh/513002/2021_EPI_ISL_3535229	0.003912	3.2230249999999994	3.4444249999999994	0.004080361316633528	0.003918671606508315	3.2237873037720113	2022-02-01	lbi	south	2022
2021-09-01	B/Bangladesh/613015/2021_EPI_ISL_3535264__dup2	0.010564	4.165196999999999	4.369326000000001	-0.007653381745452504	0.01053040622351328	4.166092558004747	2022-02-01	lbi	south	2022
2021-09-01	B/Bangladesh/8004/2021_EPI_ISL_3535246	0.009826999999999999	4.203364999999996	4.444395	-0.007648940829813562	0.00979576802729846	4.204195767717412	2022-02-01	lbi	south	2022
2021-09-01	B/Bangladesh/8027/2021_EPI_ISL_3535232	0.000221	3.2230249999999994	3.4444249999999994	0.015632428728504254	0.00022244503363562073	3.2237873037720113	2022-02-01	lbi	south	2022
2021-09-01	B/Bangladesh/8028/2021_EPI_ISL_3535220	0.0008759999999999	3.2230249999999994	3.4444249999999994	0.008378498182598327	0.0008790668521793914	3.2237873037720113	2022-02-01	lbi	south	2022
2021-09-01	B/Bangladesh/8028/2021_EPI_ISL_3535220__dup2	0.0008759999999999	3.2230249999999994	3.4444249999999994	0.008378498182598327	0.0008790668521793914	3.2237873037720113	2022-02-01	lbi	south	2022
2021-09-01	B/Bangladesh/9013/2021_EPI_ISL_3535223__dup2	0.010315000000000001	3.2230249999999994	3.4444249999999994	0.0011639085513734382	0.01032004299450226	3.2237873037720113	2022-02-01	lbi	south	2022
2021-09-01	B/Bangladesh/9026/2021_EPI_ISL_3535247	0.008892	3.2230249999999994	3.4444249999999994	0.0007827579138537603	0.008894934549709863	3.2237873037720113	2022-02-01	lbi	south	2022
2021-09-01	B/Beijing-Chaoyang/11296/2021_EPI_ISL_3722781__dup2	0.009353	3.742819	3.987359999999998	-0.0033581651625071863	0.009339957759817951	3.743002646418762	2022-02-01	lbi	south	2022
2021-09-01	B/Chongqing-Qianjiang/1233/2021_EPI_ISL_2695924	0.00038199999999999996	3.742819	3.987359999999998	0.02042152625648093	0.0003852657653069194	3.743002646418762	2022-02-01	lbi	south	2022
2021-09-01	B/Ekaterinburg/RII-01/2021_EPI_ISL_2625880	0.00048600000000000005	5.844254999999993	5.189167999999994	0.011176044932137169	0.0004882702907690175	5.844652607829224	2022-02-01	lbi	south	2022
2021-09-01	B/Ekaterinburg/RII-01/2021_EPI_ISL_2625880__dup2	0.00048600000000000005	5.844254999999993	5.189167999999994	0.011176044932137169	0.0004882702907690175	5.844652607829224	2022-02-01	lbi	south	2022
2021-09-01	B/Ekaterinburg/RII-01V/2021_EPI_ISL_2671833	0.00048600000000000005	5.844254999999993	5.189167999999994	0.011176044932137169	0.0004882702907690175	5.844652607829224	2022-02-01	lbi	south	2022
2021-09-01	B/Ekaterinburg/RII-02/2021_EPI_ISL_2625879	0.000641	5.844254999999993	5.189167999999994	-0.006674760924616357	0.0006392221997007596	5.844652607829224	2022-02-01	lbi	south	2022
2021-09-01	B/Ekaterinburg/RII-02/2021_EPI_ISL_2625879__dup2	0.000641	5.844254999999993	5.189167999999994	0.004888545070207138	0.0006423094317278471	5.844652607829224	2022-02-01	lbi	south	2022
2021-09-01	B/Ekaterinburg/RII-02V/2021_EPI_ISL_2672070	0.000641	5.844254999999993	5.189167999999994	0.010164196823925527	0.0006437229017285482	5.844652607829224	2022-02-01	lbi	south	2022
2021-09-01	B/Florida/01/2021_EPI_ISL_1732533	0.00011100000000000001	9.411809999999997	9.052929999999984	0.013305229886616716	0.00011161750191623114	9.411759694511094	2022-02-01	lbi	south	2022
2021-09-01	B/Florida/01/2021_EPI_ISL_1732533__dup2	0.00011100000000000001	9.411809999999997	9.052929999999984	0.013305229886616716	0.00011161750191623114	9.411759694511094	2022-02-01	lbi	south	2022
2021-09-01	B/Fujian-Cangshan/1613/2021_EPI_ISL_3722686	0.014328	6.520569000000005	8.712730999999994	0.0009364046785828666	0.01433364614896276	6.519095392466611	2022-02-01	lbi	south	2022
2021-09-01	B/Fujian-Jianou/324/2021_EPI_ISL_2695956__dup2	0.001987	6.520569000000005	8.712730999999994	0.0042724962123358405	0.001990548020646579	6.519095392466611	2022-02-01	lbi	south	2022
2021-09-01	B/Fujian-Jiaocheng/1395/2021_EPI_ISL_2695943	0.000285	5.777457999999996	7.7911409999999925	-0.0009002189080239119	0.0002848942067063395	5.776206642595366	2022-02-01	lbi	south	2022
2021-09-01	B/Fujian-Meilie/1124/2021_EPI_ISL_2696167	6.7e-05	4.795963999999999	6.801695000000002	0.0019661808408469633	6.705516770504229e-05	4.794655767265089	2022-02-01	lbi	south	2022
2021-09-01	B/Fujian-Meilie/1145/2021_EPI_ISL_2696166	9.4e-05	4.795963999999999	6.801695000000002	0.021743322061388046	9.485584494840195e-05	4.794655767265089	2022-02-01	lbi	south	2022
2021-09-01	B/Fujian-Meilie/1540/2021_EPI_ISL_3722705	0.008011	5.779935999999996	7.801684999999992	0.003211483929330769	0.008021757466101778	5.778612252332884	2022-02-01	lbi	south	2022
2021-09-01	B/Fujian-Sanyuan/2205/2021_EPI_ISL_2696165	0.000105	4.795963999999999	6.801695000000002	0.011033839544973957	0.00010548424455579466	4.794655767265089	2022-02-01	lbi	south	2022
2021-09-01	B/Fujian-Sanyuan/2218/2021_EPI_ISL_2696164	0.000145	4.795963999999999	6.801695000000002	0.01905787874429692	0.00014615655518386358	4.794655767265089	2022-02-01	lbi	south	2022
2021-09-01	B/Fujian-Siming/1339/2021_EPI_ISL_2696006	0.00145	4.795963999999999	6.801695000000002	0.00705573783482596	0.0014542746659576672	4.794655767265089	2022-02-01	lbi	south	2022
2021-09-01	B/Fujian-Yanping/11232/2021_EPI_ISL_3722777	0.008011	6.520569000000005	8.712730999999994	0.00034962517421437524	0.008012197693286205	6.519095392466611	2022-02-01	lbi	south	2022
2021-09-01	B/Fujian-Zhangpu/318/2021_EPI_ISL_2695968	0.002579	4.795963999999999	6.801695000000002	0.007094053749357443	0.00258664430466824	4.794655767265089	2022-02-01	lbi	south	2022
2021-09-01	B/Fujian-Zhangpu/318/2021_EPI_ISL_2695968__dup2	0.002579	4.795963999999999	6.801695000000002	0.0021362334484898897	0.0025813064375864907	4.794655767265089	2022-02-01	lbi	south	2022
2021-09-01	B/Fujian-Zhangpu/34/2021_EPI_ISL_2696045__dup2	0.000802	4.795963999999999	6.801695000000002	0.007676069327963741	0.0008045722645722587	4.794655767265089	2022-02-01	lbi	south	2022
2021-09-01	B/Fujian-Zhangpu/34/2021_EPI_ISL_2696045__dup5	0.000802	4.795963999999999	6.801695000000002	-0.0004945836792166987	0.0008018378048665398	4.794655767265089	2022-02-01	lbi	south	2022
2021-09-01	B/Gansu-Baiyin/1269/2021_EPI_ISL_2844845__dup2	0.001511	6.648114999999996	6.987329999999994	5.4351820202079515e-05	0.0015110399881631993	6.648136470217214	2022-02-01	lbi	south	2022
2021-09-01	B/Gansu-Baiyin/1269/2021_EPI_ISL_2844845__dup3	0.001511	6.648114999999996	6.987329999999994	0.011005678086427537	0.0015179506981020056	6.648136470217214	2022-02-01	lbi	south	2022
2021-09-01	B/Gansu-Baiyin/1281/2021_EPI_ISL_2844841	0.001987	6.648114999999996	6.987329999999994	0.010162801999284118	0.0019954394108651426	6.648136470217214	2022-02-01	lbi	south	2022
2021-09-01	B/Gansu-Baiyin/1281/2021_EPI_ISL_2844841__dup7	0.001987	6.648114999999996	6.987329999999994	0.010162801999284118	0.0019954394108651426	6.648136470217214	2022-02-01	lbi	south	2022
2021-09-01	B/Gansu-Baiyin/1293/2021_EPI_ISL_2844842	0.002064	7.507295999999993	7.3307720000000005	0.003981111607955931	0.002067434490162541	7.507392016284605	2022-02-01	lbi	south	2022
2021-09-01	B/Gansu-Baiyin/1293/2021_EPI_ISL_2844842__dup2	0.002064	7.507295999999993	7.3307720000000005	0.003981111607955931	0.002067434490162541	7.507392016284605	2022-02-01	lbi	south	2022
2021-09-01	B/Gansu-Jingyuan/1261/2021_EPI_ISL_3722737	0.001181	3.742819	3.987359999999998	0.012064888354495507	0.0011869564096036633	3.743002646418762	2022-02-01	lbi	south	2022
2021-09-01	B/Gansu-Jingyuan/1281/2021_EPI_ISL_2696011	0.001511	4.732290999999996	4.98318	-0.007572969385521568	0.0015062454494481846	4.73251383521042	2022-02-01	lbi	south	2022
2021-09-01	B/Gansu-Jingyuan/1287/2021_EPI_ISL_2696019	0.001912	3.742819	3.987359999999998	-0.0017665607650803594	0.0019106004519506606	3.743002646418762	2022-02-01	lbi	south	2022
2021-09-01	B/Gansu-Jingyuan/320/2021_EPI_ISL_2695972	0.002873	3.742819	3.987359999999998	0.010786013793805766	0.0028859518325384903	3.743002646418762	2022-02-01	lbi	south	2022
2021-09-01	B/Gansu-Linxia/1521/2021_EPI_ISL_2695967	0.002487	3.742819	3.987359999999998	0.007643535213457456	0.002494942764647381	3.743002646418762	2022-02-01	lbi	south	2022
2021-09-01	B/Gansu-Maoji/1153/2021_EPI_ISL_2695947	0.00023199999999999997	4.656460999999997	4.828218000000002	-0.006169296557843855	0.00023140528394820638	4.6566878652609045	2022-02-01	lbi	south	2022
2021-09-01	B/Gansu-Maoji/1368/2021_EPI_ISL_3722757__dup2	0.005213000000000001	4.732386999999995	4.986226000000001	-0.00763870287016427	0.005196454315878404	4.732609737787008	2022-02-01	lbi	south	2022
2021-09-01	B/Gansu-Maoji/1403/2021_EPI_ISL_3722758__dup2	0.0078	3.742819	3.987359999999998	0.003960476438623112	0.007812912002333486	3.743002646418762	2022-02-01	lbi	south	2022
2021-09-01	B/Gansu-Minxian/330/2021_EPI_ISL_3722729	0.000585	7.646938999999996	7.987320000000001	-0.007519515111320998	0.0005831722129316381	7.6469701257913485	2022-02-01	lbi	south	2022
2021-09-01	B/Gansu-Qinzhou/1398/2021_EPI_ISL_3722783	0.008011	4.656460999999997	4.828218000000002	0.0002458374033179034	0.008011851214053586	4.6566878652609045	2022-02-01	lbi	south	2022
2021-09-01	B/Gansu-Qinzhou/1398/2021_EPI_ISL_3722783__dup2	0.008011	4.656460999999997	4.828218000000002	0.0002458374033179034	0.008011851214053586	4.6566878652609045	2022-02-01	lbi	south	2022
2021-09-01	B/Gansu-Wudou/1183/2021_EPI_ISL_2696095	0.00021	3.742819	3.987359999999998	0.01884467645816207	0.00021165620779269658	3.743002646418762	2022-02-01	lbi	south	2022
2021-09-01	B/Gansu-Wudou/1183/2021_EPI_ISL_2696095__dup2	0.00021	3.742819	3.987359999999998	0.01884467645816207	0.00021165620779269658	3.743002646418762	2022-02-01	lbi	south	2022
2021-09-01	B/Gansu-Wudou/1184/2021_EPI_ISL_2696094	0.00021	3.742819	3.987359999999998	0.02267141308539405	0.00021199395722188905	3.743002646418762	2022-02-01	lbi	south	2022
2021-09-01	B/Gansu-Wudou/1184/2021_EPI_ISL_2696094__dup2	0.00021	3.742819	3.987359999999998	0.02267141308539405	0.00021199395722188905	3.743002646418762	2022-02-01	lbi	south	2022
2021-09-01	B/Guangdong-Dongwanbendi/545/2021_EPI_ISL_2696117	6.7e-05	6.787824000000001	8.763665999999994	0.01852377812296117	6.751938069231017e-05	6.786547910566286	2022-02-01	lbi	south	2022
2021-09-01	B/Guangdong-Dongwanbendi/545/2021_EPI_ISL_2696117__dup2	6.7e-05	6.787824000000001	8.763665999999994	0.01852377812296117	6.751938069231017e-05	6.786547910566286	2022-02-01	lbi	south	2022
2021-09-01	B/Guangdong-Yuncheng/1502/2021_EPI_ISL_2696060	0.001086	4.795963999999999	6.801695000000002	0.012262989962468945	0.0010915673710024418	4.794655767265089	2022-02-01	lbi	south	2022
2021-09-01	B/Guangxi-Xixiangtang/1259/2021_EPI_ISL_2695997	0.0011330000000000001	4.795963999999999	6.801695000000002	0.007717072197830729	0.0011366533040085703	4.794655767265089	2022-02-01	lbi	south	2022
2021-09-01	B/Guizhou-Bijiang/1379/2021_EPI_ISL_3722747__dup2	0.005055	5.7759949999999955	7.793710999999993	0.004944788700536965	0.005065445036305907	5.774662843491987	2022-02-01	lbi	south	2022
2021-09-01	B/Guizhou-Douyun/117/2021_EPI_ISL_979895	1.2e-05	4.795963999999999	6.801695000000002	0.004163869445815384	1.2020883310644101e-05	4.794655767265089	2022-02-01	lbi	south	2022
2021-09-01	B/Guizhou-Douyun/120/2021_EPI_ISL_979915__dup2	1.3000000000000001e-05	4.795963999999999	6.801695000000002	0.03428290376131414	1.3187082058062786e-05	4.794655767265089	2022-02-01	lbi	south	2022
2021-09-01	B/Guizhou-Douyun/141/2021_EPI_ISL_2696221	1.9e-05	4.795963999999999	6.801695000000002	-0.0010926700262170338	1.8991424169021943e-05	4.794655767265089	2022-02-01	lbi	south	2022
2021-09-01	B/Guizhou-Douyun/142/2021_EPI_ISL_2696220	1.9e-05	4.795963999999999	6.801695000000002	0.028570644541352663	1.92276093317596e-05	4.794655767265089	2022-02-01	lbi	south	2022
2021-09-01	B/Guizhou-Douyun/143/2021_EPI_ISL_2696239	1.9e-05	4.795963999999999	6.801695000000002	0.03000204529856119	1.9239080424928944e-05	4.794655767265089	2022-02-01	lbi	south	2022
2021-09-01	B/Guizhou-Huichuan/1158/2021_EPI_ISL_2695948	0.00021	4.795963999999999	6.801695000000002	0.016423546276943347	0.0002114427957759655	4.794655767265089	2022-02-01	lbi	south	2022
2021-09-01	B/Guizhou-Huichuan/1158/2021_EPI_ISL_2695948__dup2	0.00021	4.795963999999999	6.801695000000002	0.014247090491216745	0.0002112511344036982	4.794655767265089	2022-02-01	lbi	south	2022
2021-09-01	B/Guizhou-Huichuan/1251/2021_EPI_ISL_2696053__dup2	0.001086	4.795963999999999	6.801695000000002	0.012262989962468945	0.0010915673710024418	4.794655767265089	2022-02-01	lbi	south	2022
2021-09-01	B/Hainan-Meilan/31/2021_EPI_ISL_2696040	0.000641	4.737684999999995	4.987050000000001	0.005957215606628633	0.0006425955025659083	4.737861882398238	2022-02-01	lbi	south	2022
2021-09-01	B/Hainan-Meilan/316/2021_EPI_ISL_2696036	0.000641	4.737684999999995	4.987050000000001	0.005957215606628633	0.0006425955025659083	4.737861882398238	2022-02-01	lbi	south	2022
2021-09-01	B/Hainan-Meilan/32/2021_EPI_ISL_2696069__dup2	0.000641	4.737684999999995	4.987050000000001	0.005957215606628633	0.0006425955025659083	4.737861882398238	2022-02-01	lbi	south	2022
2021-09-01	B/Hainan-Meilan/32/2021_EPI_ISL_2696069__dup3	0.000641	4.737684999999995	4.987050000000001	0.005957215606628633	0.0006425955025659083	4.737861882398238	2022-02-01	lbi	south	2022
2021-09-01	B/Hainan-Xiuying/13/2021_EPI_ISL_979906	1.2e-05	5.795933999999996	7.801684999999992	-0.0074517439839292795	1.196284473360927e-05	5.794631841575621	2022-02-01	lbi	south	2022
2021-09-01	B/Heilongjiang-Aimin/150/2021_EPI_ISL_2696138	3.1e-05	4.795963999999999	6.801695000000002	0.016252048805601244	3.1210753823105236e-05	4.794655767265089	2022-02-01	lbi	south	2022
2021-09-01	B/Henan-Beiguan/1165/2021_EPI_ISL_2695946	0.00023199999999999997	4.795963999999999	6.801695000000002	0.013367363851439992	0.0002332966744106108	4.794655767265089	2022-02-01	lbi	south	2022
2021-09-01	B/Henan-Dengfeng/311/2021_EPI_ISL_2695984	0.002064	4.795963999999999	6.801695000000002	0.007788833460886259	0.0020707171833401934	4.794655767265089	2022-02-01	lbi	south	2022
2021-09-01	B/Henan-Jiefang/1312/2021_EPI_ISL_2696022	0.002144	7.660688000000002	9.612454999999988	-0.004085376948552919	0.002140361672451584	7.659385659271601	2022-02-01	lbi	south	2022
2021-09-01	B/Henan-Jinshui/1269/2021_EPI_ISL_2695982	0.001912	4.795963999999999	6.801695000000002	-0.0031508229709484924	0.0019094987813580069	4.794655767265089	2022-02-01	lbi	south	2022
2021-09-01	B/Henan-Jinshui/1318/2021_EPI_ISL_3722693	0.010815	4.795963999999999	6.801695000000002	0.0005899844169450571	0.01081770024337963	4.794655767265089	2022-02-01	lbi	south	2022
2021-09-01	B/Henan-Luolong/1122/2021_EPI_ISL_2696145	0.000161	4.795963999999999	6.801695000000002	0.022862397556323414	0.00016254163457551774	4.794655767265089	2022-02-01	lbi	south	2022
2021-09-01	B/Henan-Luolong/1122/2021_EPI_ISL_2696145__dup2	0.000161	4.795963999999999	6.801695000000002	0.002755689404693482	0.00016118558236703667	4.794655767265089	2022-02-01	lbi	south	2022
2021-09-01	B/Henan-Luolong/187/2021_EPI_ISL_2696153	7.099999999999999e-05	5.089435	6.836811000000003	-0.002539612161589676	7.092518031792516e-05	5.088327952168802	2022-02-01	lbi	south	2022
2021-09-01	B/Henan-Zhongyuan/1112/2021_EPI_ISL_2696183	9.4e-05	4.476732999999998	6.185566999999998	0.011556581345296538	9.445408489109308e-05	4.475712077856388	2022-02-01	lbi	south	2022
2021-09-01	B/Hubei-Chongyang/215/2021_EPI_ISL_3722753__dup2	0.003192	4.795963999999999	6.801695000000002	0.006010174947417788	0.003200015766766404	4.794655767265089	2022-02-01	lbi	south	2022
2021-09-01	B/Hubei-Echeng/1322/2021_EPI_ISL_2696139	0.00016999999999999999	4.795963999999999	6.801695000000002	0.014997689730074273	0.00017106631565934983	4.794655767265089	2022-02-01	lbi	south	2022
2021-09-01	B/Hubei-Echeng/1322/2021_EPI_ISL_2696139__dup2	0.00016999999999999999	4.795963999999999	6.801695000000002	0.011863246037816955	0.00017084304576582652	4.794655767265089	2022-02-01	lbi	south	2022
2021-09-01	B/Hubei-Jiangan/1224/2021_EPI_ISL_2695951	0.00021	4.795963999999999	6.801695000000002	0.01011429329330195	0.00021088767322657325	4.794655767265089	2022-02-01	lbi	south	2022
2021-09-01	B/Hubei-Jiangan/1224/2021_EPI_ISL_2695951__dup2	0.00021	4.795963999999999	6.801695000000002	0.017630707967465332	0.00021154917487838367	4.794655767265089	2022-02-01	lbi	south	2022
2021-09-01	B/Hubei-Jiangan/1403/2021_EPI_ISL_2696024	0.002487	4.795963999999999	6.801695000000002	0.0077344562265255	0.002495037284239293	4.794655767265089	2022-02-01	lbi	south	2022
2021-09-01	B/Hubei-Jingzhou/311/2021_EPI_ISL_3722769	0.009353	3.742819	3.987359999999998	0.0019895085128826665	0.009360792232123334	3.743002646418762	2022-02-01	lbi	south	2022
2021-09-01	B/Hubei-Qiaokou/1334/2021_EPI_ISL_3722745__dup2	0.005055	4.795963999999999	6.801695000000002	0.0009914757623210532	0.005057108034020002	4.794655767265089	2022-02-01	lbi	south	2022
2021-09-01	B/Hubei-Qiaokou/1334/2021_EPI_ISL_3722745__dup3	0.005055	4.795963999999999	6.801695000000002	0.003111824414525706	0.005061577854976519	4.794655767265089	2022-02-01	lbi	south	2022
2021-09-01	B/Hubei-Qiaokou/1334/2021_EPI_ISL_3722745__dup4	0.005055	4.795963999999999	6.801695000000002	0.004787523225705347	0.00506511312233954	4.794655767265089	2022-02-01	lbi	south	2022
2021-09-01	B/Hubei-Qiaokou/1425/2021_EPI_ISL_3722716	0.012655	3.742819	3.987359999999998	0.0008928331521172175	0.012659757042416597	3.743002646418762	2022-02-01	lbi	south	2022
2021-09-01	B/Hubei-Qiaokou/223/2021_EPI_ISL_2696226	2.6000000000000002e-05	5.777457999999996	7.7911409999999925	0.0024220179404013616	2.6026351133912437e-05	5.776206642595366	2022-02-01	lbi	south	2022
2021-09-01	B/Hubei-Shishou/268/2021_EPI_ISL_3722754	0.004177	3.742819	3.987359999999998	-0.0040149175804600834	0.0041700341321659565	3.743002646418762	2022-02-01	lbi	south	2022
2021-09-01	B/Hubei-Wujiagang/1375/2021_EPI_ISL_2696001	0.001231	6.201338000000004	8.09660299999999	-0.0006663105770453954	0.0012306629840028152	6.200151703057912	2022-02-01	lbi	south	2022
2021-09-01	B/Hubei-Wujiagang/1375/2021_EPI_ISL_2696001__dup2	0.001231	7.195996999999999	9.076429999999997	-0.0006663105770453954	0.0012306629840028152	7.194810144172377	2022-02-01	lbi	south	2022
2021-09-01	B/Hubei-Wujiagang/1411/2021_EPI_ISL_2695964	0.002144	7.192755999999999	9.096592999999993	0.008022486658065944	0.002151186958968824	7.191546955222033	2022-02-01	lbi	south	2022
2021-09-01	B/Hubei-Wujiagang/1411/2021_EPI_ISL_2695964__dup2	0.002144	8.178147000000008	10.096435999999995	0.008022486658065944	0.002151186958968824	8.176962808737365	2022-02-01	lbi	south	2022
2021-09-01	B/Hubei-Xianan/1164/2021_EPI_ISL_2696142	0.00018899999999999999	4.795963999999999	6.801695000000002	0.02032717406138807	0.00019060829079571432	4.794655767265089	2022-02-01	lbi	south	2022
2021-09-01	B/Hubei-Xianan/1164/2021_EPI_ISL_2696142__dup2	0.00018899999999999999	4.795963999999999	6.801695000000002	0.010157252895535228	0.00018980230330328137	4.794655767265089	2022-02-01	lbi	south	2022
2021-09-01	B/Hubei-Xianan/1174/2021_EPI_ISL_2696150	0.00021	4.795963999999999	6.801695000000002	0.014247090491216745	0.0002112511344036982	4.794655767265089	2022-02-01	lbi	south	2022
2021-09-01	B/Hubei-Xianan/1387/2021_EPI_ISL_2696063	0.001086	5.793785999999996	7.801684999999992	0.0062309805770521315	0.0010888273388294718	5.792478112587428	2022-02-01	lbi	south	2022
2021-09-01	B/Hubei-Xianan/180/2021_EPI_ISL_2696188	4.4e-05	5.756828999999996	7.796012999999991	-0.0021401740412019567	4.396094879707537e-05	5.755524140086092	2022-02-01	lbi	south	2022
2021-09-01	B/Hubei-Xianan/31/2021_EPI_ISL_2695898	0.000585	4.795963999999999	6.801695000000002	0.013585473731132008	0.0005883230954494642	4.794655767265089	2022-02-01	lbi	south	2022
2021-09-01	B/Hubei-Xianan/545/2021_EPI_ISL_2696141	7.5e-05	5.795507999999995	7.799624999999994	-0.001162829137412978	7.496395658501273e-05	5.794206347593326	2022-02-01	lbi	south	2022
2021-09-01	B/Hubei-Xianan/545/2021_EPI_ISL_2696141__dup2	7.5e-05	6.795352000000001	8.799614999999994	-0.006997801220133305	7.478192271109602e-05	6.794056783747906	2022-02-01	lbi	south	2022
2021-09-01	B/Hubei-Yuanan/2101/2021_EPI_ISL_3722789	0.010815	4.795963999999999	6.801695000000002	0.0034279240514420686	0.010830499467716512	4.794655767265089	2022-02-01	lbi	south	2022
2021-09-01	B/Hubei-Yuanan/2101/2021_EPI_ISL_3722789__dup2	0.010815	4.795963999999999	6.801695000000002	-0.0009369609036387237	0.010810819917017952	4.794655767265089	2022-02-01	lbi	south	2022
2021-09-01	B/Hubei-Yuanan/232/2021_EPI_ISL_2695977	0.003304	5.789349999999996	7.801684999999992	-0.005201856501058213	0.00329685911929673	5.788062049026494	2022-02-01	lbi	south	2022
2021-09-01	B/Hunan-Beihu/1596/2021_EPI_ISL_2696012	0.0017699999999999999	4.7392729999999945	4.987350000000001	-0.007581586995240243	0.001764424138065419	4.739473798142635	2022-02-01	lbi	south	2022
2021-09-01	B/Hunan-Daxiang/1465/2021_EPI_ISL_2696013	0.001912	4.795963999999999	6.801695000000002	-0.0031508229709484924	0.0019094987813580069	4.794655767265089	2022-02-01	lbi	south	2022
2021-09-01	B/Hunan-Jingzhoumiaozudongzuzizhi/35/2021_EPI_ISL_2695991	0.0027719999999999997	5.382785999999997	7.466684000000001	-0.003700893628604795	0.0027677393284549364	5.38166542630335	2022-02-01	lbi	south	2022
2021-09-01	B/Hunan-Jishou/1433/2021_EPI_ISL_2695904__dup2	0.000585	10.409631999999997	10.047104000000001	-0.0077439553490009465	0.0005831176791023922	10.409595843109834	2022-02-01	lbi	south	2022
2021-09-01	B/Hunan-Jishou/1678/2021_EPI_ISL_2695985	0.002397	5.497816999999998	7.695353999999988	-0.004139368776182564	0.0023928785040012827	5.4962867159580115	2022-02-01	lbi	south	2022
2021-09-01	B/Hunan-Kaifu/1146/2021_EPI_ISL_2695950	0.00021	4.795963999999999	6.801695000000002	0.018174114838783915	0.00021159707916609992	4.794655767265089	2022-02-01	lbi	south	2022
2021-09-01	B/Hunan-Louxin/1171/2021_EPI_ISL_2695937	0.000314	3.742819	3.987359999999998	0.02147127625619537	0.00031682297163135716	3.743002646418762	2022-02-01	lbi	south	2022
2021-09-01	B/Hunan-Lusong/1232/2021_EPI_ISL_2695889	0.000585	4.795963999999999	6.801695000000002	0.013585473731132008	0.0005883230954494642	4.794655767265089	2022-02-01	lbi	south	2022
2021-09-01	B/Hunan-Tianyuan/1130/2021_EPI_ISL_2696135	6.7e-05	4.795963999999999	6.801695000000002	0.0019661808408469633	6.705516770504229e-05	4.794655767265089	2022-02-01	lbi	south	2022
2021-09-01	B/Hunan-Tianyuan/338/2021_EPI_ISL_2696027	0.0006129999999999	4.795963999999999	6.801695000000002	0.012704072462915375	0.0006162557877636281	4.794655767265089	2022-02-01	lbi	south	2022
2021-09-01	B/Hunan-Tianyuan/348/2021_EPI_ISL_2696081	0.000915	5.794127999999996	7.801684999999992	0.006665892916656369	0.0009175484071894845	5.792820670450708	2022-02-01	lbi	south	2022
2021-09-01	B/Hunan-Tianyuan/386/2021_EPI_ISL_2696020	0.002144	4.795963999999999	6.801695000000002	-0.0059125513164403785	0.0021387327867565865	4.794655767265089	2022-02-01	lbi	south	2022
2021-09-01	B/Hunan-Tongdaodongzuzizhi/35/2021_EPI_ISL_2696174	3.1e-05	5.382785999999997	7.466684000000001	0.0017962042952778799	3.1023328095697296e-05	5.38166542630335	2022-02-01	lbi	south	2022
2021-09-01	B/Hunan-Wuling/11182/2021_EPI_ISL_2695887	0.001283	13.374431999999997	13.32518199999999	-0.007813374450408802	0.0012788347742435072	13.374172804858922	2022-02-01	lbi	south	2022
2021-09-01	B/Hunan-Yanfeng/1205/2021_EPI_ISL_2696042	0.000641	3.742819	3.987359999999998	0.014346312575808822	0.0006448455978234945	3.743002646418762	2022-02-01	lbi	south	2022
2021-09-01	B/Hunan-Yanfeng/1309/2021_EPI_ISL_2695989__dup2	0.002579	5.788179999999996	7.6854449999999925	0.00693790785052409	0.002586476021017669	5.786852797466868	2022-02-01	lbi	south	2022
2021-09-01	B/Hunan-Yuhua/1170/2021_EPI_ISL_2696178	7.099999999999999e-05	5.792915999999996	7.801684999999992	-0.0014709825764655713	7.095676766057096e-05	5.791618927202705	2022-02-01	lbi	south	2022
2021-09-01	B/Hunan-Yuhua/1494/2021_EPI_ISL_2696086	0.001231	5.793495999999996	7.801621999999993	-0.00352277070639059	0.001229199130414468	5.792197369004258	2022-02-01	lbi	south	2022
2021-09-01	B/Hunan-Yuhua/1523/2021_EPI_ISL_2696004	0.00145	5.783713999999996	7.798763999999993	0.005282927734891769	0.0014532008322713746	5.78237434308496	2022-02-01	lbi	south	2022
2021-09-01	B/Hunan-Zhengxiang/322/2021_EPI_ISL_2695986	0.002487	4.795963999999999	6.801695000000002	0.0077344562265255	0.002495037284239293	4.794655767265089	2022-02-01	lbi	south	2022
2021-09-01	B/Hunan-Zhengxiang/322/2021_EPI_ISL_2695986__dup2	0.002487	4.795963999999999	6.801695000000002	0.005271182808088996	0.0024924777816960693	4.794655767265089	2022-02-01	lbi	south	2022
2021-09-01	B/Jiangsu-Danyang/1230/2021_EPI_ISL_2696078	0.0008380000000000001	4.795963999999999	6.801695000000002	0.011039462410668752	0.0008418667051146455	4.794655767265089	2022-02-01	lbi	south	2022
2021-09-01	B/Jiangsu-Jurong/1286/2021_EPI_ISL_2695959	0.001987	3.742819	3.987359999999998	0.00964720333647141	0.0019950107711214048	3.743002646418762	2022-02-01	lbi	south	2022
2021-09-01	B/Jiangxi-Anyuan/1122/2021_EPI_ISL_2696098	9.9e-05	4.795963999999999	6.801695000000002	0.014788106131491662	9.961227288952668e-05	4.794655767265089	2022-02-01	lbi	south	2022
2021-09-01	B/Jiangxi-Anyuan/1165/2021_EPI_ISL_2695926	0.00033	4.795963999999999	6.801695000000002	0.017906262617826116	0.00033247258812796955	4.794655767265089	2022-02-01	lbi	south	2022
2021-09-01	B/Jiangxi-Anyuan/1215/2021_EPI_ISL_2695888	0.000641	4.795963999999999	6.801695000000002	0.010642866278749557	0.0006438513022369262	4.794655767265089	2022-02-01	lbi	south	2022
2021-09-01	B/Jiangxi-Donghu/1164/2021_EPI_ISL_2696214	5.3e-05	4.795963999999999	6.801695000000002	0.019311672154847737	5.342839046718698e-05	4.794655767265089	2022-02-01	lbi	south	2022
2021-09-01	B/Jiangxi-Donghu/1172/2021_EPI_ISL_2696212	5.3e-05	4.795963999999999	6.801695000000002	0.019311672154847737	5.342839046718698e-05	4.794655767265089	2022-02-01	lbi	south	2022
2021-09-01	B/Jiangxi-Donghu/1199/2021_EPI_ISL_2696115	7.5e-05	5.795507999999995	7.799624999999994	-0.001162829137412978	7.496395658501273e-05	5.794206347593326	2022-02-01	lbi	south	2022
2021-09-01	B/Jiangxi-Donghu/12/2021_EPI_ISL_979919	1.3000000000000001e-05	4.795963999999999	6.801695000000002	0.03428290376131414	1.3187082058062786e-05	4.794655767265089	2022-02-01	lbi	south	2022
2021-09-01	B/Jiangxi-Donghu/1201/2021_EPI_ISL_2696114	7.900000000000001e-05	4.795963999999999	6.801695000000002	0.018978685091368287	7.962749562901693e-05	4.794655767265089	2022-02-01	lbi	south	2022
2021-09-01	B/Jiangxi-Donghu/1293/2021_EPI_ISL_2696113	0.000161	4.795963999999999	6.801695000000002	0.002466089947645803	0.00016116613384997797	4.794655767265089	2022-02-01	lbi	south	2022
2021-09-01	B/Jiangxi-Donghu/1468/2021_EPI_ISL_2696030	0.0006129999999999	4.795963999999999	6.801695000000002	0.012704072462915375	0.0006162557877636281	4.794655767265089	2022-02-01	lbi	south	2022
2021-09-01	B/Jiangxi-Donghu/152/2021_EPI_ISL_979945	2e-05	4.795963999999999	6.801695000000002	0.025284779886600623	2.0211897501895885e-05	4.794655767265089	2022-02-01	lbi	south	2022
2021-09-01	B/Jiangxi-Donghu/1751/2021_EPI_ISL_2695970	0.0026739999999999997	8.509861	10.70902099999999	-0.007045241043132918	0.002666172116066549	8.50843070400234	2022-02-01	lbi	south	2022
2021-09-01	B/Jiangxi-Donghu/37/2021_EPI_ISL_979957	2.1e-05	5.136314	6.993473000000002	-0.007446912768149789	2.0935020426107568e-05	5.1351525200301005	2022-02-01	lbi	south	2022
2021-09-01	B/Jiangxi-Guixi/1212/2021_EPI_ISL_2696105	0.000299	4.795963999999999	6.801695000000002	0.0007640547843373141	0.00029909634552101387	4.794655767265089	2022-02-01	lbi	south	2022
2021-09-01	B/Jiangxi-Guixi/18/2021_EPI_ISL_979899	1.2e-05	4.795963999999999	6.801695000000002	0.023293580080625667	1.2117081192224974e-05	4.794655767265089	2022-02-01	lbi	south	2022
2021-09-01	B/Jiangxi-Jizhou/115/2021_EPI_ISL_979928	1.4000000000000001e-05	3.742819	3.987359999999998	0.03479480898241665	1.420450239540877e-05	3.743002646418762	2022-02-01	lbi	south	2022
2021-09-01	B/Jiangxi-Jizhou/135/2021_EPI_ISL_979931	1.4000000000000001e-05	3.742819	3.987359999999998	0.03479480898241665	1.420450239540877e-05	3.743002646418762	2022-02-01	lbi	south	2022
2021-09-01	B/Jiangxi-Jizhou/167/2021_EPI_ISL_2696206	2.8999999999999997e-05	4.742696999999995	4.987208000000001	0.011614370932203407	2.9140791692108903e-05	4.742886083251997	2022-02-01	lbi	south	2022
2021-09-01	B/Jiangxi-Jizhou/170/2021_EPI_ISL_2696205	2.8999999999999997e-05	4.742696999999995	4.987208000000001	0.011614370932203407	2.9140791692108903e-05	4.742886083251997	2022-02-01	lbi	south	2022
2021-09-01	B/Jiangxi-Linchuan/1164/2021_EPI_ISL_2696108	0.00018899999999999999	4.795963999999999	6.801695000000002	0.02032717406138807	0.00019060829079571432	4.794655767265089	2022-02-01	lbi	south	2022
2021-09-01	B/Jiangxi-Linchuan/1197/2021_EPI_ISL_2696112	0.000285	5.7953879999999955	7.797692999999992	-0.0016371486895035007	0.00028480674220790334	5.794086153780672	2022-02-01	lbi	south	2022
2021-09-01	B/Jiangxi-Xihu/1218/2021_EPI_ISL_2696099	0.00033	5.768935999999996	7.787078999999991	0.0029582407003624057	0.00033040827030116255	5.767565677102628	2022-02-01	lbi	south	2022
2021-09-01	B/Jiangxi-Xihu/1218/2021_EPI_ISL_2696099__dup2	0.00033	5.768935999999996	7.787078999999991	0.0029582407003624057	0.00033040827030116255	5.767565677102628	2022-02-01	lbi	south	2022
2021-09-01	B/Jiangxi-Xinzhou/1157/2021_EPI_ISL_2696102	0.000199	4.795963999999999	6.801695000000002	0.018190818029609295	0.00020051481814902522	4.794655767265089	2022-02-01	lbi	south	2022
2021-09-01	B/Jiangxi-Xinzhou/1186/2021_EPI_ISL_2696091	0.000299	4.795963999999999	6.801695000000002	-0.0009728663968434561	0.00029887996267305287	4.794655767265089	2022-02-01	lbi	south	2022
2021-09-01	B/Jiangxi-Xinzhou/1288/2021_EPI_ISL_2696077	0.0008380000000000001	4.795963999999999	6.801695000000002	0.011039462410668752	0.0008418667051146455	4.794655767265089	2022-02-01	lbi	south	2022
2021-09-01	B/Jiangxi-Yuehu/1206/2021_EPI_ISL_2696103	0.000221	5.476285000000005	7.185557000000004	0.008925008309858765	0.000221824221399576	5.4752684294135925	2022-02-01	lbi	south	2022
2021-09-01	B/Jiangxi-Yushui/1116/2021_EPI_ISL_2696134	6.7e-05	4.795963999999999	6.801695000000002	0.0012328294721304382	6.703468125223007e-05	4.794655767265089	2022-02-01	lbi	south	2022
2021-09-01	B/Jiangxi-Yushui/1121/2021_EPI_ISL_2696133	6.7e-05	4.795963999999999	6.801695000000002	0.0012328294721304382	6.703468125223007e-05	4.794655767265089	2022-02-01	lbi	south	2022
2021-09-01	B/Jiangxi-Yushui/1122/2021_EPI_ISL_2696132	6.7e-05	4.795963999999999	6.801695000000002	0.0019661808408469633	6.705516770504229e-05	4.794655767265089	2022-02-01	lbi	south	2022
2021-09-01	B/Jiangxi-Yushui/1128/2021_EPI_ISL_2696131	6.7e-05	4.795963999999999	6.801695000000002	0.0019661808408469633	6.705516770504229e-05	4.794655767265089	2022-02-01	lbi	south	2022
2021-09-01	B/Jiangxi-Yushui/1132/2021_EPI_ISL_2696130	7.099999999999999e-05	4.795963999999999	6.801695000000002	0.019472193302922453	7.15786688633623e-05	4.794655767265089	2022-02-01	lbi	south	2022
2021-09-01	B/Jiangxi-Yushui/350/2021_EPI_ISL_2696263	2.3e-05	4.795963999999999	6.801695000000002	0.005675949355245284	2.3054546902867218e-05	4.794655767265089	2022-02-01	lbi	south	2022
2021-09-01	B/Jiangxi-Zhanggong/322/2021_EPI_ISL_2696198	3.5e-05	3.742819	3.987359999999998	0.030306057154310506	3.544490088726241e-05	3.743002646418762	2022-02-01	lbi	south	2022
2021-09-01	B/Jiangxi-Zhanggong/330/2021_EPI_ISL_2696209	3.5e-05	3.742819	3.987359999999998	0.030306057154310506	3.544490088726241e-05	3.743002646418762	2022-02-01	lbi	south	2022
2021-09-01	B/Jiangxi-Zhanggong/539/2021_EPI_ISL_2695978	0.001181	3.742819	3.987359999999998	0.011688456474539413	0.0011867702541060196	3.743002646418762	2022-02-01	lbi	south	2022
2021-09-01	B/Jiangxi-Zhushan/1104/2021_EPI_ISL_2696111	8.9e-05	4.795963999999999	6.801695000000002	0.02088525004372629	8.977821713554493e-05	4.794655767265089	2022-02-01	lbi	south	2022
2021-09-01	B/Jiangxi-Zhushan/1161/2021_EPI_ISL_2696107	0.00025699999999999996	6.520569000000005	8.712730999999994	0.017083445833671093	0.00025883686673382113	6.519095392466611	2022-02-01	lbi	south	2022
2021-09-01	B/Jiangxi-Zhushan/1161/2021_EPI_ISL_2696107__dup2	0.00025699999999999996	6.520569000000005	8.712730999999994	0.017083445833671093	0.00025883686673382113	6.519095392466611	2022-02-01	lbi	south	2022
2021-09-01	B/Jiangxi-Zhushan/1345/2021_EPI_ISL_2695980	0.00145	5.792915999999996	7.801684999999992	-0.004211575925803789	0.0014474632635300777	5.791618927202705	2022-02-01	lbi	south	2022
2021-09-01	B/Jiangxi-Zhushan/1414/2021_EPI_ISL_2695976	0.003192	4.795963999999999	6.801695000000002	0.006010174947417788	0.003200015766766404	4.794655767265089	2022-02-01	lbi	south	2022
2021-09-01	B/Kenya/124/2021_EPI_ISL_2918722	5.3e-05	13.334993999999996	13.129119999999988	0.014804144066686908	5.332813881866625e-05	13.334443512062336	2022-02-01	lbi	south	2022
2021-09-01	B/Kenya/125/2021_EPI_ISL_2918723	0.000153	8.412259999999993	8.052965999999994	-0.007743019061628889	0.00015250776018459384	8.412206164518768	2022-02-01	lbi	south	2022
2021-09-01	B/Kenya/126/2021_EPI_ISL_2918726	0.00016999999999999999	8.412259999999993	8.052965999999994	-0.007744291708886342	0.00016945297701596938	8.412206164518768	2022-02-01	lbi	south	2022
2021-09-01	B/Kenya/127/2021_EPI_ISL_2918720	0.000221	8.412259999999993	8.052965999999994	-0.00774736215417968	0.00022028858829388866	8.412206164518768	2022-02-01	lbi	south	2022
2021-09-01	B/Kenya/128/2021_EPI_ISL_2918721	0.00023199999999999997	13.334993999999996	13.129119999999988	0.027166046498487372	0.00023464186558247332	13.334443512062336	2022-02-01	lbi	south	2022
2021-09-01	B/Kenya/129/2021_EPI_ISL_2918729	0.000364	8.412259999999993	8.052965999999994	-0.0077531198930626335	0.00036282739262733215	8.412206164518768	2022-02-01	lbi	south	2022
2021-09-01	B/Kenya/130/2021_EPI_ISL_2918727	0.000421	8.412259999999993	8.052965999999994	-0.007756262476682157	0.00041964322055892684	8.412206164518768	2022-02-01	lbi	south	2022
2021-09-01	B/Kenya/131/2021_EPI_ISL_2918725	0.000463	13.334993999999996	13.129119999999988	0.023916363893499094	0.00046763871601615976	13.334443512062336	2022-02-01	lbi	south	2022
2021-09-01	B/Kenya/132/2021_EPI_ISL_2918724	0.000641	13.334993999999996	13.129119999999988	0.02106549965972112	0.0006466534766217782	13.334443512062336	2022-02-01	lbi	south	2022
2021-09-01	B/Kenya/133/2021_EPI_ISL_2918728	0.001511	12.354253999999976	12.136101999999983	-0.005498182817559692	0.0015075481532181825	12.35377728884386	2022-02-01	lbi	south	2022
2021-09-01	B/Kenya/134/2021_EPI_ISL_3085820__dup2	0.006605	4.014540000000001	4.093690999999998	-0.005380080155345901	0.006590235314347374	4.0150107564684525	2022-02-01	lbi	south	2022
2021-09-01	B/Kenya/135/2021_EPI_ISL_3085823	0.006605	4.014540000000001	4.093690999999998	-0.005380080155345901	0.006590235314347374	4.0150107564684525	2022-02-01	lbi	south	2022
2021-09-01	B/Kenya/136/2021_EPI_ISL_3085821	0.006795000000000001	3.92915	3.251637999999999	0.0002933896619831501	0.006795856655148604	3.9296116467708373	2022-02-01	lbi	south	2022
2021-09-01	B/Kenya/137/2021_EPI_ISL_3085822	0.008226	14.315408999999978	14.126189000000004	0.007757670132429412	0.008252663940654185	14.314801445486351	2022-02-01	lbi	south	2022
2021-09-01	B/Liaoning-Huanggu/1776/2021_EPI_ISL_3722778	0.005055	3.742819	3.987359999999998	-0.0023675466037476464	0.00505003509354488	3.743002646418762	2022-02-01	lbi	south	2022
2021-09-01	B/Neimenggu-Donghe/1330/2021_EPI_ISL_2695886	0.00145	4.795963999999999	6.801695000000002	-0.0015812436966367326	0.0014490505120245474	4.794655767265089	2022-02-01	lbi	south	2022
2021-09-01	B/Neimenggu-Dongsheng/1276/2021_EPI_ISL_2696005	0.00145	5.793057999999996	7.801684999999992	0.005361839622148106	0.0014532486142320037	5.7917492700366235	2022-02-01	lbi	south	2022
2021-09-01	B/Niger/8692/2021_EPI_ISL_1392903	1.3000000000000001e-05	5.844254999999993	5.189167999999994	0.016468041417527127	1.3089558602468043e-05	5.844652607829224	2022-02-01	lbi	south	2022
2021-09-01	B/Ningxia-Shapotou/1200/2021_EPI_ISL_2695912__dup2	0.000463	4.795963999999999	6.801695000000002	-0.0019809372439768434	0.0004626197680279624	4.794655767265089	2022-02-01	lbi	south	2022
2021-09-01	B/Ningxia-Zhongning/1321/2021_EPI_ISL_3722795	0.003192	3.742819	3.987359999999998	0.006552163586910662	0.0032007385034505493	3.743002646418762	2022-02-01	lbi	south	2022
2021-09-01	B/Ningxia-Zhongning/1321/2021_EPI_ISL_3722795__dup2	0.003192	3.742819	3.987359999999998	0.006552163586910662	0.0032007385034505493	3.743002646418762	2022-02-01	lbi	south	2022
2021-09-01	B/Ningxia-Zhongning/1328/2021_EPI_ISL_3722796	0.004177	3.742819	3.987359999999998	-0.0040149175804600834	0.0041700341321659565	3.743002646418762	2022-02-01	lbi	south	2022
2021-09-01	B/Ningxia-Zhongning/1332/2021_EPI_ISL_3722797	0.005055	4.795963999999999	6.801695000000002	0.003111824414525706	0.005061577854976519	4.794655767265089	2022-02-01	lbi	south	2022
2021-09-01	B/Ningxia-Zhongning/1332/2021_EPI_ISL_3722797__dup2	0.005055	4.795963999999999	6.801695000000002	0.005056639637567892	0.005065681114629439	4.794655767265089	2022-02-01	lbi	south	2022
2021-09-01	B/Ningxia-Zhongning/1350/2021_EPI_ISL_3722780	0.009589	5.7310379999999945	7.747208999999993	0.004190846338474177	0.009605795477587659	5.729689652096575	2022-02-01	lbi	south	2022
2021-09-01	B/Ningxia-Zhongning/1350/2021_EPI_ISL_3722780__dup2	0.009589	5.7310379999999945	7.747208999999993	0.004190846338474177	0.009605795477587659	5.729689652096575	2022-02-01	lbi	south	2022
2021-09-01	B/Ningxia-Zhongning/1353/2021_EPI_ISL_3722794__dup2	0.009589	5.7310379999999945	7.747208999999993	-0.004741123872343179	0.00957011246907703	5.729689652096575	2022-02-01	lbi	south	2022
2021-09-01	B/Norway/435/2021_EPI_ISL_983355	1.7e-05	3.0409659999999983	3.093701000000002	-0.0064577189356948405	1.6954384036284307e-05	3.041371697725843	2022-02-01	lbi	south	2022
2021-09-01	B/Qinghai-Chengdong/1374/2021_EPI_ISL_2696085	0.001231	5.788179999999996	7.6854449999999925	0.009730893130659753	0.0012360059881011765	5.786852797466868	2022-02-01	lbi	south	2022
2021-09-01	B/Qinghai-Chengdong/1404/2021_EPI_ISL_2844833	0.001572	6.648114999999996	6.987329999999994	0.013710169664977054	0.0015810118958563008	6.648136470217214	2022-02-01	lbi	south	2022
2021-09-01	B/Qinghai-Gonghe/1259/2021_EPI_ISL_2695966	0.002397	4.738018999999995	4.985572000000001	-0.007597907011811624	0.0023894327116405125	4.738223780995485	2022-02-01	lbi	south	2022
2021-09-01	B/Qinghai-Yushu/1100/2021_EPI_ISL_2695954	0.000768	4.795963999999999	6.801695000000002	0.012326970140766154	0.0007719577252336744	4.794655767265089	2022-02-01	lbi	south	2022
2021-09-01	B/Qinghai-Yushu/1158/2021_EPI_ISL_2696087	0.001283	4.795963999999999	6.801695000000002	0.007468456082112848	0.0012870036441192084	4.794655767265089	2022-02-01	lbi	south	2022
2021-09-01	B/Qinghai-Yushu/1161/2021_EPI_ISL_2696003	0.001393	4.795963999999999	6.801695000000002	0.004416049970576243	0.0013955708365175515	4.794655767265089	2022-02-01	lbi	south	2022
2021-09-01	B/Qinghai-Yushu/194/2021_EPI_ISL_2695993	0.000734	4.795963999999999	6.801695000000002	0.007961383556463437	0.000736441710997411	4.794655767265089	2022-02-01	lbi	south	2022
2021-09-01	B/Rostov/340V/2021_EPI_ISL_2107807	0.000299	6.843650999999998	6.184359999999998	-0.006445644504289936	0.0002981991959372834	6.844056209437351	2022-02-01	lbi	south	2022
2021-09-01	B/Salalah/7211353/2021_EPI_ISL_1519543	2.7000000000000002e-05	3.0409659999999983	3.093701000000002	0.0023714264234715706	2.702679491366124e-05	3.041371697725843	2022-02-01	lbi	south	2022
2021-09-01	B/Salalah/7211353/2021_EPI_ISL_1519543__dup2	2.7000000000000002e-05	3.0409659999999983	3.093701000000002	0.0023714264234715706	2.702679491366124e-05	3.041371697725843	2022-02-01	lbi	south	2022
2021-09-01	B/Saudi_Arabia/1194203376/2021_EPI_ISL_2448013	1.1e-05	3.92915	3.251637999999999	-0.007228174682927645	1.0966962573291532e-05	3.9296116467708373	2022-02-01	lbi	south	2022
2021-09-01	B/Shaanxi-Zhenan/388/2021_EPI_ISL_2696075	0.0007019999999999	5.721339999999996	7.776742999999992	-0.007599357738582014	0.0006997833749043021	5.720006586284533	2022-02-01	lbi	south	2022
2021-09-01	B/Shandong-Dingtao/321/2021_EPI_ISL_3722748__dup2	0.005539	4.795963999999999	6.801695000000002	0.0038655217453123667	0.0055479496710912676	4.794655767265089	2022-02-01	lbi	south	2022
2021-09-01	B/Shandong-Kuiwen/361/2021_EPI_ISL_3722774	0.0078	5.753817999999995	7.647960999999992	-0.005225532529725022	0.0077830652082445445	5.752483964921873	2022-02-01	lbi	south	2022
2021-09-01	B/Shandong-Linshu/312/2021_EPI_ISL_3722740	0.002579	4.795963999999999	6.801695000000002	0.007094053749357443	0.00258664430466824	4.794655767265089	2022-02-01	lbi	south	2022
2021-09-01	B/Shandong-Linshu/312/2021_EPI_ISL_3722740__dup2	0.002579	4.795963999999999	6.801695000000002	0.0021362334484898897	0.0025813064375864907	4.794655767265089	2022-02-01	lbi	south	2022
2021-09-01	B/Shandong-Linshu/312/2021_EPI_ISL_3722740__dup3	0.002579	4.795963999999999	6.801695000000002	0.0034632813023879024	0.0025827341310822186	4.794655767265089	2022-02-01	lbi	south	2022
2021-09-01	B/Shandong-Linshu/312/2021_EPI_ISL_3722740__dup4	0.002579	4.795963999999999	6.801695000000002	0.005259628679153636	0.0025846679745788535	4.794655767265089	2022-02-01	lbi	south	2022
2021-09-01	B/Shandong-Ningjin/31/2021_EPI_ISL_2696160	6.7e-05	5.7948539999999955	7.801684999999992	0.015028567414211711	6.742112123314065e-05	5.793544784930827	2022-02-01	lbi	south	2022
2021-09-01	B/Shandong-Ningjin/31/2021_EPI_ISL_2696160__dup2	6.7e-05	5.7948539999999955	7.801684999999992	0.015452244102398788	6.743302426597503e-05	5.793544784930827	2022-02-01	lbi	south	2022
2021-09-01	B/Shandong-Ningjin/310/2021_EPI_ISL_2696154	7.5e-05	5.7948539999999955	7.801684999999992	0.014615430273036979	7.545841380015574e-05	5.793544784930827	2022-02-01	lbi	south	2022
2021-09-01	B/Shandong-Ningjin/310/2021_EPI_ISL_2696154__dup2	7.5e-05	5.7948539999999955	7.801684999999992	0.014615430273036979	7.545841380015574e-05	5.793544784930827	2022-02-01	lbi	south	2022
2021-09-01	B/Shandong-Ningjin/32/2021_EPI_ISL_2696158	6.7e-05	5.7948539999999955	7.801684999999992	0.015452244102398788	6.743302426597503e-05	5.793544784930827	2022-02-01	lbi	south	2022
2021-09-01	B/Shandong-Ningjin/32/2021_EPI_ISL_2696158__dup2	6.7e-05	5.7948539999999955	7.801684999999992	0.015452244102398788	6.743302426597503e-05	5.793544784930827	2022-02-01	lbi	south	2022
2021-09-01	B/Shandong-Ningjin/33/2021_EPI_ISL_2696156	6.7e-05	5.7948539999999955	7.801684999999992	0.015028567414211711	6.742112123314065e-05	5.793544784930827	2022-02-01	lbi	south	2022
2021-09-01	B/Shandong-Ningjin/33/2021_EPI_ISL_2696156__dup2	6.7e-05	5.7948539999999955	7.801684999999992	0.015452244102398788	6.743302426597503e-05	5.793544784930827	2022-02-01	lbi	south	2022
2021-09-01	B/Shandong-Tianqiao/179/2021_EPI_ISL_2696097	7.900000000000001e-05	5.788179999999996	7.6854449999999925	7.863296291854777e-05	7.900288999085472e-05	5.786852797466868	2022-02-01	lbi	south	2022
2021-09-01	B/Shandong-Wulian/326/2021_EPI_ISL_3722752	0.002226	4.703683999999995	4.981678000000001	0.009175643532000522	0.0022345352294629037	4.703871019239769	2022-02-01	lbi	south	2022
2021-09-01	B/Shandong-Wulian/326/2021_EPI_ISL_3722752__dup2	0.002226	4.703683999999995	4.981678000000001	-0.001983317402836028	0.00222416972430363	4.703871019239769	2022-02-01	lbi	south	2022
2021-09-01	B/Shanghai-Changning/1249/2021_EPI_ISL_2695918	0.000442	5.768935999999996	7.787078999999991	0.004978278585851951	0.0004429194754727228	5.767565677102628	2022-02-01	lbi	south	2022
2021-09-01	B/Shanghai-Fengxian/1174/2021_EPI_ISL_2844835	0.000271	4.795963999999999	6.801695000000002	0.013117987295385871	0.00027248633516937387	4.794655767265089	2022-02-01	lbi	south	2022
2021-09-01	B/Shanghai-Huangpu/1210/2021_EPI_ISL_2695953	0.000199	6.520569000000005	8.712730999999994	0.018107348235893057	0.00020050784454924865	6.519095392466611	2022-02-01	lbi	south	2022
2021-09-01	B/Sichuan-Fucheng/1868/2021_EPI_ISL_3722763__dup3	0.006418000000000001	4.795963999999999	6.801695000000002	0.0022285999792150558	0.006423986940836705	4.794655767265089	2022-02-01	lbi	south	2022
2021-09-01	B/Sichuan-Gaoxin/1591/2021_EPI_ISL_3722765__dup2	0.007592	5.7806399999999964	7.765094999999993	-0.007702728554914196	0.007567701653266924	5.779385325197169	2022-02-01	lbi	south	2022
2021-09-01	B/Sichuan-Gaoxin/1701/2021_EPI_ISL_3722683__dup2	0.01695	4.795963999999999	6.801695000000002	-1.571630063870456e-05	0.016949953714705958	4.794655767265089	2022-02-01	lbi	south	2022
2021-09-01	B/Sichuan-Qingyang/11361/2021_EPI_ISL_3722690	0.011327	4.795963999999999	6.801695000000002	-0.004010336920773823	0.011308131856903289	4.794655767265089	2022-02-01	lbi	south	2022
2021-09-01	B/Sichuan-Qingyang/11361/2021_EPI_ISL_3722690__dup2	0.011327	4.795963999999999	6.801695000000002	-0.004114542954150471	0.011307640877743276	4.794655767265089	2022-02-01	lbi	south	2022
2021-09-01	B/Sichuan-Qingyang/1885/2021_EPI_ISL_2696017	0.001912	4.795963999999999	6.801695000000002	-0.0034976237910085287	0.0019092228780661809	4.794655767265089	2022-02-01	lbi	south	2022
2021-09-01	B/Sichuan-Qingyang/1885/2021_EPI_ISL_2696017__dup2	0.001912	4.795963999999999	6.801695000000002	0.008305509778738061	0.001918635509894503	4.794655767265089	2022-02-01	lbi	south	2022
2021-09-01	B/Singapore/WUH0784/2021_EPI_ISL_3535258	0.009589	4.166867999999997	4.43311	0.0017929798090635745	0.009596203013910494	4.167672745874283	2022-02-01	lbi	south	2022
2021-09-01	B/Singapore/WUH0784/2021_EPI_ISL_3535258__dup2	0.009589	3.2230249999999994	3.4444249999999994	0.0014130888298435878	0.009594684171220984	3.2237873037720113	2022-02-01	lbi	south	2022
2021-09-01	B/Singapore/WUH0784/2021_EPI_ISL_3535258__dup3	0.009589	3.2230249999999994	3.4444249999999994	0.000943474708104778	0.00959280693856325	3.2237873037720113	2022-02-01	lbi	south	2022
2021-09-01	B/Singapore/WUH0784/2021_EPI_ISL_3535258__dup4	0.009589	4.166867999999997	4.43311	-0.004437969964314418	0.009571321385841753	4.167672745874283	2022-02-01	lbi	south	2022
2021-09-01	B/Singapore/WUH1312/2021_EPI_ISL_3102165	0.010069	4.1307329999999975	4.444281	-1.785404405353436e-05	0.010068963535927986	4.131631043762501	2022-02-01	lbi	south	2022
2021-09-01	B/Singapore/WUH1312/2021_EPI_ISL_3102165__dup3	0.010069	5.110588999999993	5.444163999999995	-0.007065664645796069	0.010039438513572899	5.111552166735358	2022-02-01	lbi	south	2022
2021-09-01	B/Singapore/WUH1818/2021_EPI_ISL_3102168__dup3	0.010815	4.1307329999999975	4.444281	-0.00022838888083979582	0.01081401215678752	4.131631043762501	2022-02-01	lbi	south	2022
2021-09-01	B/Singapore/WUH1964/2021_EPI_ISL_3102169	0.01107	3.2230249999999994	3.4444249999999994	-0.005876387126493541	0.011042970479655209	3.2237873037720113	2022-02-01	lbi	south	2022
2021-09-01	B/Singapore/WUH2004/2021_EPI_ISL_3102170	0.01107	3.2230249999999994	3.4444249999999994	-0.005876387126493541	0.011042970479655209	3.2237873037720113	2022-02-01	lbi	south	2022
2021-09-01	B/Singapore/WUH4618/2021_EPI_ISL_3102162	0.013762	3.2230249999999994	3.4444249999999994	-0.0007032105373288312	0.013758020788972397	3.2237873037720113	2022-02-01	lbi	south	2022
2021-09-01	B/Singapore/WUH4618/2021_EPI_ISL_3102162__dup2	0.013762	3.2230249999999994	3.4444249999999994	-0.0007125716972285961	0.01375796712614684	3.2237873037720113	2022-02-01	lbi	south	2022
2021-09-01	B/Singapore/WUH4855/2021_EPI_ISL_3102172	0.014328	3.2230249999999994	3.4444249999999994	-0.0008318104873416893	0.014323089633853387	3.2237873037720113	2022-02-01	lbi	south	2022
2021-09-01	B/Singapore/WUH5122/2021_EPI_ISL_3102177__dup2	0.014613999999999999	3.2230249999999994	3.4444249999999994	-0.0006224199191036056	0.01461026625115809	3.2237873037720113	2022-02-01	lbi	south	2022
2021-09-01	B/Singapore/WUH5127/2021_EPI_ISL_3102187	0.014613999999999999	3.2230249999999994	3.4444249999999994	-4.742658598883823e-05	0.0146137670062017	3.2237873037720113	2022-02-01	lbi	south	2022
2021-09-01	B/Singapore/WUH5128/2021_EPI_ISL_3102198	0.014613999999999999	3.2230249999999994	3.4444249999999994	-4.742658598883823e-05	0.0146137670062017	3.2237873037720113	2022-02-01	lbi	south	2022
2021-09-01	B/Singapore/WUH5489/2021_EPI_ISL_3102206	0.01519	4.1307329999999975	4.444281	-0.00543214352865272	0.015155715798465818	4.131631043762501	2022-02-01	lbi	south	2022
2021-09-01	B/Singapore/WUH5812/2021_EPI_ISL_3102207	0.015772	3.2230249999999994	3.4444249999999994	-0.00258952965083279	0.015755051800592862	3.2237873037720113	2022-02-01	lbi	south	2022
2021-09-01	B/South_Africa/4860/2021_EPI_ISL_3333582	1e-05	3.2230249999999994	3.4444249999999994	0.003949360709562515	1.0016507457045137e-05	3.2237873037720113	2022-02-01	lbi	south	2022
2021-09-01	B/South_Africa/4861/2021_EPI_ISL_3333583	1e-05	3.2230249999999994	3.4444249999999994	0.003949360709562515	1.0016507457045137e-05	3.2237873037720113	2022-02-01	lbi	south	2022
2021-09-01	B/South_Africa/5021/2021_EPI_ISL_3279410	0.001987	3.2230249999999994	3.4444249999999994	0.006332303016704922	0.0019922571474553616	3.2237873037720113	2022-02-01	lbi	south	2022
2021-09-01	B/South_Africa/5366/2021_EPI_ISL_3333574	0.0026739999999999997	3.2230249999999994	3.4444249999999994	0.006242491183958876	0.0026809744640746425	3.2237873037720113	2022-02-01	lbi	south	2022
2021-09-01	B/South_Africa/5582/2021_EPI_ISL_3333575	0.002873	5.176906999999994	5.4189849999999975	0.006025361429371366	0.002880232917525304	5.177664547773962	2022-02-01	lbi	south	2022
2021-09-01	B/South_Africa/5582/2021_EPI_ISL_3333575__dup2	0.002873	3.2230249999999994	3.4444249999999994	0.0045004713181999645	0.002878403482649253	3.2237873037720113	2022-02-01	lbi	south	2022
2021-09-01	B/South_Africa/5582/2021_EPI_ISL_3333575__dup3	0.002873	3.2230249999999994	3.4444249999999994	0.0045004713181999645	0.002878403482649253	3.2237873037720113	2022-02-01	lbi	south	2022
2021-09-01	B/South_Africa/5833/2021_EPI_ISL_3333576	0.004043	3.2230249999999994	3.4444249999999994	0.0006599319614713326	0.004044127302716025	3.2237873037720113	2022-02-01	lbi	south	2022
2021-09-01	B/South_Africa/6149/2021_EPI_ISL_3333577	0.005213000000000001	5.124505999999994	5.426353999999995	-0.006784046114033956	0.005198305139066453	5.12538141192155	2022-02-01	lbi	south	2022
2021-09-01	B/South_Africa/6149/2021_EPI_ISL_3333577__dup2	0.005213000000000001	4.1806629999999965	4.4376690000000005	-0.00037695387369618037	0.0052122011879605565	4.181495969819274	2022-02-01	lbi	south	2022
2021-09-01	B/South_Africa/6149/2021_EPI_ISL_3333577__dup3	0.005213000000000001	4.1806629999999965	4.4376690000000005	-0.00037695387369618037	0.0052122011879605565	4.181495969819274	2022-02-01	lbi	south	2022
2021-09-01	B/South_Africa/6293/2021_EPI_ISL_3333578	0.005539	4.1806629999999965	4.4376690000000005	-0.006969470115876386	0.005522959461380464	4.181495969819274	2022-02-01	lbi	south	2022
2021-09-01	B/South_Africa/6305/2021_EPI_ISL_3446787	0.005539	3.2230249999999994	3.4444249999999994	0.002539512850183449	0.005544885254964191	3.2237873037720113	2022-02-01	lbi	south	2022
2021-09-01	B/South_Africa/6305/2021_EPI_ISL_3446787__dup2	0.005539	3.2230249999999994	3.4444249999999994	0.002539512850183449	0.005544885254964191	3.2237873037720113	2022-02-01	lbi	south	2022
2021-09-01	B/South_Africa/6995/2021_EPI_ISL_3279409	0.008445000000000001	4.206128999999996	4.444383	-0.007639685633650823	0.008418192735036108	4.206950918301937	2022-02-01	lbi	south	2022
2021-09-01	B/South_Africa/8045/2021_EPI_ISL_3333579	0.007592	3.2230249999999994	3.4444249999999994	0.0012665822710887496	0.0075960366791185865	3.2237873037720113	2022-02-01	lbi	south	2022
2021-09-01	B/South_Africa/8067/2021_EPI_ISL_3333580	0.008445000000000001	4.206128999999996	4.444415	-0.007639685633650823	0.008418192735036108	4.206950918301937	2022-02-01	lbi	south	2022
2021-09-01	B/Stockholm/1/2021_EPI_ISL_1055766	5.9e-05	3.0409659999999983	3.093701000000002	0.013818669360704122	5.934091536824018e-05	3.041371697725843	2022-02-01	lbi	south	2022
2021-09-01	B/Stockholm/2/2021_EPI_ISL_1760814	0.000299	3.0409659999999983	3.093701000000002	-0.0009343889772503484	0.0002988847544321857	3.041371697725843	2022-02-01	lbi	south	2022
2021-09-01	B/Stockholm/2/2021_EPI_ISL_1760814__dup2	0.000299	3.0409659999999983	3.093701000000002	-0.0009343889772503484	0.0002988847544321857	3.041371697725843	2022-02-01	lbi	south	2022
2021-09-01	B/Stockholm/3/2021_EPI_ISL_1760815	0.000364	3.0409659999999983	3.093701000000002	0.0073065534366085925	0.0003651112430623116	3.041371697725843	2022-02-01	lbi	south	2022
2021-09-01	B/Stockholm/3/2021_EPI_ISL_1760815__dup2	0.000364	3.0409659999999983	3.093701000000002	0.008047984568461158	0.0003652240541710101	3.041371697725843	2022-02-01	lbi	south	2022
2021-09-01	B/Stockholm/4/2021_EPI_ISL_1760816	0.000585	3.0409659999999983	3.093701000000002	0.005987775128951708	0.0005864635813582055	3.041371697725843	2022-02-01	lbi	south	2022
2021-09-01	B/Stockholm/4/2021_EPI_ISL_1760816__dup2	0.000585	3.0409659999999983	3.093701000000002	0.008292526030088676	0.0005870270403915606	3.041371697725843	2022-02-01	lbi	south	2022
2021-09-01	B/Sundsvall/1/2021_EPI_ISL_1519547	3.1e-05	3.92915	3.251637999999999	0.016787527361423252	3.121771822058721e-05	3.9296116467708373	2022-02-01	lbi	south	2022
2021-09-01	B/Sundsvall/1/2021_EPI_ISL_1519547__dup2	3.1e-05	3.92915	3.251637999999999	0.016787527361423252	3.121771822058721e-05	3.9296116467708373	2022-02-01	lbi	south	2022
2021-09-01	B/Texas/01/2021_EPI_ISL_2625870	0.006056000000000001	9.328301999999995	8.902813999999996	-0.006783665239907894	0.0060389297752032065	9.328407891654775	2022-02-01	lbi	south	2022
2021-09-01	B/Texas/01/2021_EPI_ISL_2625870__dup2	0.006056000000000001	9.328301999999995	8.902813999999996	0.0023096453929850043	0.006061853953058701	9.328407891654775	2022-02-01	lbi	south	2022
2021-09-01	B/Texas/02/2021_EPI_ISL_2625872	0.006056000000000001	9.328301999999995	8.902813999999996	0.0023096453929850043	0.006061853953058701	9.328407891654775	2022-02-01	lbi	south	2022
2021-09-01	B/Texas/02/2021_EPI_ISL_2625872__dup2	0.006056000000000001	9.328301999999995	8.902813999999996	-0.0067836649242040605	0.0060389297759975875	9.328407891654775	2022-02-01	lbi	south	2022
2021-09-01	B/Texas/03/2021_EPI_ISL_2625868	0.006235	9.328301999999995	8.902813999999996	-0.007477576608039894	0.0062156278399870925	9.328407891654775	2022-02-01	lbi	south	2022
2021-09-01	B/Texas/03/2021_EPI_ISL_2625868__dup2	0.006235	9.328301999999995	8.902813999999996	-0.0070489471580970405	0.006216738022930248	9.328407891654775	2022-02-01	lbi	south	2022
2021-09-01	B/Tyumen/343V/2021_EPI_ISL_2107820	0.0008759999999999	5.027134999999992	5.093534	-0.007695244186659765	0.0008731990676631188	5.027597128888451	2022-02-01	lbi	south	2022
2021-09-01	B/Yunnan-Mengzi/1670/2021_EPI_ISL_3722750	0.006605	3.742819	3.987359999999998	0.004623154933253577	0.00661776083502621	3.743002646418762	2022-02-01	lbi	south	2022
2021-09-01	B/Zabaykalsky_Krai/349V/2021_EPI_ISL_3663611	0.0057079999999999995	3.0409659999999983	3.093701000000002	0.0024314973764876977	0.00571380765555206	3.041371697725843	2022-02-01	lbi	south	2022
2021-09-01	B/Zhejiang-Haishu/1785/2021_EPI_ISL_2695988	0.002487	3.742819	3.987359999999998	0.007643535213457456	0.002494942764647381	3.743002646418762	2022-02-01	lbi	south	2022
2021-09-01	B/Zhejiang-Kecheng/1113/2021_EPI_ISL_2696170	6.7e-05	9.46659199999999	9.203850999999986	0.016142065888159106	6.745240903885729e-05	9.466517864219837	2022-02-01	lbi	south	2022
2021-09-01	B/Zhejiang-Kecheng/1128/2021_EPI_ISL_2696169	7.099999999999999e-05	9.46659199999999	9.203850999999986	0.015924438922582516	7.147293722384272e-05	9.466517864219837	2022-02-01	lbi	south	2022
2021-09-01	B/Zhejiang-Kecheng/1343/2021_EPI_ISL_2695983	0.001912	5.792133999999996	7.801684999999992	-0.004818733864636823	0.0019081722116118791	5.790839422841864	2022-02-01	lbi	south	2022
2021-09-01	B/Zhejiang-Nanhu/1126/2021_EPI_ISL_2696144	0.000105	4.795963999999999	6.801695000000002	0.011033839544973957	0.00010548424455579466	4.794655767265089	2022-02-01	lbi	south	2022
2021-09-01	B/Zhejiang-Nanhu/1182/2021_EPI_ISL_2695945	0.000245	4.795963999999999	6.801695000000002	0.01935386479971562	0.00024698463757398943	4.794655767265089	2022-02-01	lbi	south	2022
2021-09-01	B/Zhejiang-Nanhu/1184/2021_EPI_ISL_2695939	0.000299	4.795963999999999	6.801695000000002	-0.0009728663968434561	0.00029887996267305287	4.794655767265089	2022-02-01	lbi	south	2022
2021-09-01	B/Zhejiang-Yiwu/1101/2021_EPI_ISL_2696126	6.7e-05	12.390343999999976	12.335810999999982	-0.0020087152125654287	6.694420240386448e-05	12.390135114612601	2022-02-01	lbi	south	2022
2021-09-01	B/Zhejiang-Yiwu/1104/2021_EPI_ISL_2696125	6.7e-05	12.390343999999976	12.335810999999982	-0.0020087152125654287	6.694420240386448e-05	12.390135114612601	2022-02-01	lbi	south	2022
2021-09-01	B/Zhejiang-Yiwu/1226/2021_EPI_ISL_2695919	0.000421	12.390343999999976	12.335810999999982	-0.007782082427538845	0.0004196387059301567	12.390135114612601	2022-02-01	lbi	south	2022
2021-09-01	B/Zhejiang-Yongkang/1370/2021_EPI_ISL_2696015__dup2	0.001912	12.444353999999981	12.492547999999985	-0.007806413631863356	0.0019057982697434643	12.444124027440923	2022-02-01	lbi	south	2022
2021-09-01	B/Zhejiang-Yuecheng/1279/2021_EPI_ISL_2696096	0.00013000000000000002	4.795963999999999	6.801695000000002	0.0005007988053050337	0.00013002762584555163	4.794655767265089	2022-02-01	lbi	south	2022
2022-09-01	B/Abu_Dhabi/1392154/2022_EPI_ISL_14036087	0.006642	2.0009939999999946	2.3497569999999994	0.0009093581186407914	0.006644639774770488	2.0008618005991563	2023-02-01	lbi	south	2023
2022-09-01	B/Abu_Dhabi/1401755/2022_EPI_ISL_14036088	0.0070319999999999	2.7623379999999917	3.0648910000000003	0.0009025932197077509	0.007034774946092083	2.7621887596080312	2023-02-01	lbi	south	2023
2022-09-01	B/Abu_Dhabi/1443062/2022_EPI_ISL_14036085	0.007856	5.269204999999993	5.141918999999999	-0.006869586367389983	0.007833690302357376	5.2698637556139944	2023-02-01	lbi	south	2023
2022-09-01	B/Abu_Dhabi/1732815/2022_EPI_ISL_14036090	0.015421	2.7239799999999916	3.072420000000001	0.000663569602232707	0.015425549031435642	2.7236044508387547	2023-02-01	lbi	south	2023
2022-09-01	B/Abu_Dhabi/1862860/2022_EPI_ISL_14466300	0.019382	4.601474999999988	5.03932599999999	-0.004289137206049085	0.019347749704425796	4.601495208049006	2023-02-01	lbi	south	2023
2022-09-01	B/Abu_Dhabi/4177633/2022_EPI_ISL_14036086	0.013951	2.9730719999999917	3.3497070000000004	-0.0002312331563057282	0.01394991341859566	2.972961973761965	2023-02-01	lbi	south	2023
2022-09-01	B/Antananarivo/04031/2022_EPI_ISL_14653405	0.006642	2.7672279999999927	3.3492830000000002	0.00663707001783557	0.006660516455080373	2.76683705410737	2023-02-01	lbi	south	2023
2022-09-01	B/Bahrain/0652/2022_EPI_ISL_13895893	0.002391	2.0009939999999946	2.3497569999999994	0.004492067738806879	0.0023955236307290555	2.0008618005991563	2023-02-01	lbi	south	2023
2022-09-01	B/Bahrain/0734/2022_EPI_ISL_13895900	0.001501	2.0009939999999946	2.3497569999999994	0.005213633629979322	0.001504292004416779	2.0008618005991563	2023-02-01	lbi	south	2023
2022-09-01	B/Bahrain/2833/2022_EPI_ISL_13895894	0.008968	2.0009939999999946	2.3497569999999994	0.001124595471449143	0.008972368838575892	2.0008618005991563	2023-02-01	lbi	south	2023
2022-09-01	B/Bahrain/4648/2022_EPI_ISL_13895899	0.0031899999999999997	2.0009939999999946	2.3497569999999994	0.0036503069648904153	0.0031949145309344332	2.0008618005991563	2023-02-01	lbi	south	2023
2022-09-01	B/Bahrain/4758/2022_EPI_ISL_13895895	0.001626	2.0009939999999946	2.3497569999999994	0.0035284391542391375	0.0016284223336887674	2.0008618005991563	2023-02-01	lbi	south	2023
2022-09-01	B/Bahrain/7185/2022_EPI_ISL_13895897	0.004914	2.0009939999999946	2.3497569999999994	0.004909180726238384	0.0049241527266512	2.0008618005991563	2023-02-01	lbi	south	2023
2022-09-01	B/Bahrain/7495/2022_EPI_ISL_13895898	0.009202	2.0009939999999946	2.3497569999999994	0.0002992253042165506	0.009203317229610009	2.0008618005991563	2023-02-01	lbi	south	2023
2022-09-01	B/Bahrain/7502/2022_EPI_ISL_13895901	0.009202	2.0009939999999946	2.3497569999999994	0.000986449924518093	0.00920595291786015	2.0008618005991563	2023-02-01	lbi	south	2023
2022-09-01	B/Bahrain/8244/2022_EPI_ISL_13895902	0.001501	2.0009939999999946	2.3497569999999994	0.004039704642891865	0.0015035563793467659	2.0008618005991563	2023-02-01	lbi	south	2023
2022-09-01	B/Bahrain/8338/2022_EPI_ISL_13895896	0.009438	2.0009939999999946	2.3497569999999994	-0.00020294217314800937	0.009437376162395802	2.0008618005991563	2023-02-01	lbi	south	2023
2022-09-01	B/Beijing-Chaoyang/1323/2022_EPI_ISL_14033472	0.000102	4.051908999999995	4.556238999999996	0.0013561062637373184	0.00010205953465678893	4.053085679046415	2023-02-01	lbi	south	2023
2022-09-01	B/Beijing-Haidian/133/2022_EPI_ISL_14033596	2.2e-05	4.017933999999995	4.8360689999999975	0.006999051568292068	2.2064658892783098e-05	4.0191342312023375	2023-02-01	lbi	south	2023
2022-09-01	B/Beijing-Haidian/183/2022_EPI_ISL_14033463	7.7e-05	3.072563999999994	3.836078999999997	0.006840938178883899	7.722121857857257e-05	3.0736638401939977	2023-02-01	lbi	south	2023
2022-09-01	B/Beijing-Huairou/177/2022_EPI_ISL_14033567__dup2	2.1e-05	3.072563999999994	3.836078999999997	0.0014742486188005113	2.1013291509656397e-05	3.0736638401939977	2023-02-01	lbi	south	2023
2022-09-01	B/Belgium/H0560/2022_EPI_ISL_14648792	0.004323	3.614093999999992	4.054629999999998	-0.00015595654306347094	0.004322798884302752	3.613569613130395	2023-02-01	lbi	south	2023
2022-09-01	B/Berlin/2/2022_EPI_ISL_13638384	0.004323	3.410124999999995	3.903048999999997	-0.006002240225360418	0.004312281570761822	3.410798874781383	2023-02-01	lbi	south	2023
2022-09-01	B/Berlin/2/2022_EPI_ISL_13638384__dup2	0.004323	3.410124999999995	3.903048999999997	-0.006002240225360418	0.004312281570761822	3.410798874781383	2023-02-01	lbi	south	2023
2022-09-01	B/Bishkek/01/2022_EPI_ISL_14065078	0.003303	2.0009939999999946	2.3497569999999994	0.0031132911307251115	0.0033073484954872718	2.0008618005991563	2023-02-01	lbi	south	2023
2022-09-01	B/Bishkek/02/2022_EPI_ISL_13837819	0.003539	2.0009939999999946	2.3497569999999994	0.0034575616198254597	0.003544167556674484	2.0008618005991563	2023-02-01	lbi	south	2023
2022-09-01	B/Bishkek/03/2022_EPI_ISL_14065079	0.003539	2.0009939999999946	2.3497569999999994	0.004497479488024143	0.0035457035740821398	2.0008618005991563	2023-02-01	lbi	south	2023
2022-09-01	B/Bishkek/04/2022_EPI_ISL_14333270	0.00045700000000000005	2.4274369999999936	2.9030590000000003	-0.0009561914730769436	0.0004568263937514855	2.4280480010644294	2023-02-01	lbi	south	2023
2022-09-01	B/Bishkek/05/2022_EPI_ISL_14333264	0.000503	2.0009939999999946	2.3497569999999994	0.008760767520885298	0.0005048487848316013	2.0008618005991563	2023-02-01	lbi	south	2023
2022-09-01	B/Bishkek/06/2022_EPI_ISL_14333263	0.000664	2.0009939999999946	2.3497569999999994	0.007205059114694843	0.0006660086883322469	2.0008618005991563	2023-02-01	lbi	south	2023
2022-09-01	B/Bishkek/07/2022_EPI_ISL_14333267	0.000664	2.0009939999999946	2.3497569999999994	0.007205059114694843	0.0006660086883322469	2.0008618005991563	2023-02-01	lbi	south	2023
2022-09-01	B/Bishkek/08/2022_EPI_ISL_14065080	0.0006940000000000001	3.4191649999999947	3.884454999999997	-0.0036219857768916	0.0006929662234036087	3.419809537761968	2023-02-01	lbi	south	2023
2022-09-01	B/Bishkek/10/2022_EPI_ISL_14065081	0.001441	3.4191649999999947	3.884454999999997	-0.003831755517141204	0.0014387277423110495	3.419809537761968	2023-02-01	lbi	south	2023
2022-09-01	B/Bishkek/11/2022_EPI_ISL_14065082	0.00183	3.4191649999999947	3.884454999999997	-0.004400606415326592	0.001826681329586086	3.419809537761968	2023-02-01	lbi	south	2023
2022-09-01	B/Bishkek/12/2022_EPI_ISL_14065083	0.002303	2.0009939999999946	2.3497569999999994	0.0038325056036732415	0.002306723124801002	2.0008618005991563	2023-02-01	lbi	south	2023
2022-09-01	B/Chongqing-Qianjiang/11633/2022_EPI_ISL_14033235	0.0031899999999999997	4.064193999999996	4.835453999999999	-0.004928658038745327	0.0031835144765661686	4.0653282372583055	2023-02-01	lbi	south	2023
2022-09-01	B/Chongqing-Qianjiang/14/2022_EPI_ISL_14033569	1.2e-05	3.072563999999994	3.836078999999997	0.0027172693845092474	1.2013815796699852e-05	3.0736638401939977	2023-02-01	lbi	south	2023
2022-09-01	B/Darwin/1/2022_EPI_ISL_13531232	0.008968	3.965081999999992	4.349736999999996	0.00110902665287073	0.008972310634938564	3.9649725580594017	2023-02-01	lbi	south	2023
2022-09-01	B/Denmark/10/2022_EPI_ISL_13795262	0.011455	2.4274369999999936	2.9030590000000003	-0.00412665316064166	0.011435531833315183	2.4280480010644294	2023-02-01	lbi	south	2023
2022-09-01	B/Denmark/11/2022_EPI_ISL_13795277	0.012815	2.0009939999999946	2.3497569999999994	-0.0003957542469489177	0.012813123521042028	2.0008618005991563	2023-02-01	lbi	south	2023
2022-09-01	B/Denmark/11/2022_EPI_ISL_13795277__dup2	0.012815	2.0009939999999946	2.3497569999999994	-0.0003957542469489177	0.012813123521042028	2.0008618005991563	2023-02-01	lbi	south	2023
2022-09-01	B/Denmark/13/2022_EPI_ISL_14459046	0.019382	2.961037999999992	3.3371370000000002	-0.002203373956349583	0.01936457152356034	2.960963830612522	2023-02-01	lbi	south	2023
2022-09-01	B/Egypt/2107051/2022_EPI_ISL_14212850	0.001172	2.7239799999999916	3.072420000000001	0.012099437727467946	0.001177945220586803	2.7236044508387547	2023-02-01	lbi	south	2023
2022-09-01	B/Egypt/2107061/2022_EPI_ISL_14212851	0.001172	3.906148999999992	4.243836999999996	-0.006550847181461795	0.001168826939513959	3.9060594158013764	2023-02-01	lbi	south	2023
2022-09-01	B/England/220240687/2022_EPI_ISL_9650313	1.8e-05	2.9819139999999917	3.2824670000000005	-0.008716469835992708	1.7935076099058313e-05	2.9818546716096392	2023-02-01	lbi	south	2023
2022-09-01	B/England/220381369/2022_EPI_ISL_9650323	2.9999999999999997e-05	2.9858939999999916	3.1929920000000016	-0.014933127694521833	2.9814465752962652e-05	2.985824051255536	2023-02-01	lbi	south	2023
2022-09-01	B/England/220720482/2022_EPI_ISL_11112239	0.000121	2.879163999999992	3.348679	0.01257121186999127	0.0001216377066565449	2.879111556299442	2023-02-01	lbi	south	2023
2022-09-01	B/England/220840496/2022_EPI_ISL_13431096	0.000121	2.879163999999992	3.348679	0.01257121186999127	0.0001216377066565449	2.879111556299442	2023-02-01	lbi	south	2023
2022-09-01	B/England/221380675/2022_EPI_ISL_14387912	0.001077	2.7239799999999916	3.072420000000001	0.011433697308633976	0.0010821630879252787	2.7236044508387547	2023-02-01	lbi	south	2023
2022-09-01	B/England/221820380/2022_EPI_ISL_14388003	0.0031899999999999997	2.9943899999999917	3.3497470000000003	0.0021414770334991376	0.0031929065860635468	2.9942719574764896	2023-02-01	lbi	south	2023
2022-09-01	B/Estonia/168620/2022_EPI_ISL_13957807	0.000102	2.7239799999999916	3.072420000000001	0.02358487188581849	0.00010300919970805747	2.7236044508387547	2023-02-01	lbi	south	2023
2022-09-01	B/Fujian-Gulou/1118/2022_EPI_ISL_14033386	9.2e-05	5.046938999999991	5.822947999999991	-0.004554388064093367	9.182727565447106e-05	5.048118690683736	2023-02-01	lbi	south	2023
2022-09-01	B/Fujian-Hanjiang/312/2022_EPI_ISL_14033352	0.000325	3.072563999999994	3.836078999999997	0.003751387966773438	0.00032551440615421784	3.0736638401939977	2023-02-01	lbi	south	2023
2022-09-01	B/Fujian-Jianou/31/2022_EPI_ISL_14033273	0.00025299999999999997	6.963213999999997	7.7301979999999935	-0.006710386995975627	0.0002522982583935358	6.9644254667336405	2023-02-01	lbi	south	2023
2022-09-01	B/Fujian-Licheng/1122/2022_EPI_ISL_14033407	0.0001419999999999	3.072563999999994	3.836078999999997	0.0051822805520239735	0.0001423095763475535	3.0736638401939977	2023-02-01	lbi	south	2023
2022-09-01	B/Fujian-Sanyuan/1438/2022_EPI_ISL_14033233	0.004184	4.017933999999995	4.8360689999999975	-0.0038159442311798933	0.004177429931674807	4.0191342312023375	2023-02-01	lbi	south	2023
2022-09-01	B/Fujian-Tongan/1351/2022_EPI_ISL_14033258	0.001441	5.900153999999995	6.833116999999992	-0.0036023228209273502	0.001438865286879131	5.901469175088267	2023-02-01	lbi	south	2023
2022-09-01	B/Fujian-Xiangcheng/1174/2022_EPI_ISL_14033432	0.0001419999999999	3.072563999999994	3.836078999999997	-0.00032955619560541435	0.00014198312337657652	3.0736638401939977	2023-02-01	lbi	south	2023
2022-09-01	B/Fujian-Xiangcheng/1329/2022_EPI_ISL_14033246	0.0019030000000000002	6.010252999999997	6.817733999999993	-0.0049373392275374114	0.0018991241803613752	6.011508913879873	2023-02-01	lbi	south	2023
2022-09-01	B/Fujian-Xinluo/11063/2022_EPI_ISL_14033220	0.007856	3.237464999999995	3.864723999999998	-0.0016740291938501135	0.007850667165718063	3.23834049767727	2023-02-01	lbi	south	2023
2022-09-01	B/Fujian-Xinluo/11063/2022_EPI_ISL_14033220__dup2	0.007856	3.3088549999999954	4.046189999999995	-0.005335263550278763	0.0078386999909421	3.3096021050458266	2023-02-01	lbi	south	2023
2022-09-01	B/Fujian-Xinluo/1261/2022_EPI_ISL_14033433	9.7e-05	5.900153999999995	6.833116999999992	0.0018054069596108748	9.70747878276573e-05	5.901469175088267	2023-02-01	lbi	south	2023
2022-09-01	B/Fujian-Xinluo/1753/2022_EPI_ISL_14033248	0.0019030000000000002	3.072563999999994	3.836078999999997	0.00015270745158774162	0.0019031562173315655	3.0736638401939977	2023-02-01	lbi	south	2023
2022-09-01	B/Fujian-Xinluo/1753/2022_EPI_ISL_14033248__dup2	0.0019030000000000002	6.025807999999998	6.821187999999991	-0.004976500145815376	0.0018990931925113466	6.027042588870427	2023-02-01	lbi	south	2023
2022-09-01	B/Fujian-Xinluo/1898/2022_EPI_ISL_14033230	0.004323	3.3088549999999954	4.046189999999995	-0.00444734754800061	0.004315076282237108	3.3096021050458266	2023-02-01	lbi	south	2023
2022-09-01	B/Fujian-Xinluo/1898/2022_EPI_ISL_14033230__dup2	0.004323	3.3088549999999954	4.046189999999995	-0.00444734754800061	0.004315076282237108	3.3096021050458266	2023-02-01	lbi	south	2023
2022-09-01	B/Gansu-Anding/1262/2022_EPI_ISL_14033257	0.001441	6.033001999999998	6.823610999999992	0.0018768985221164105	0.0014421539817562113	6.034206315962815	2023-02-01	lbi	south	2023
2022-09-01	B/Gansu-Chengguan/1326/2022_EPI_ISL_14033415	0.000217	3.072563999999994	3.836078999999997	0.011254131992042645	0.00021802397499037565	3.0736638401939977	2023-02-01	lbi	south	2023
2022-09-01	B/Gansu-Linxia/1338/2022_EPI_ISL_14033234	0.0040479999999999995	5.933366999999996	6.835816999999992	-0.00527579398992551	0.004039185824392348	5.93443594491395	2023-02-01	lbi	south	2023
2022-09-01	B/Gansu-Suzhou/1359/2022_EPI_ISL_14033224	0.007436	4.0191259999999955	4.798930999999996	-0.005361145240267031	0.007419544876511788	4.020359478487869	2023-02-01	lbi	south	2023
2022-09-01	B/Gansu-Xifeng/1302/2022_EPI_ISL_14033239	0.0024809999999999997	3.072563999999994	3.836078999999997	0.005339645868847509	0.0024865719020179793	3.0736638401939977	2023-02-01	lbi	south	2023
2022-09-01	B/Guangdong-Chancheng/1421/2022_EPI_ISL_14033223	0.007644	4.0191259999999955	4.798930999999996	-0.005376545117406079	0.007627035653425278	4.020359478487869	2023-02-01	lbi	south	2023
2022-09-01	B/Guangdong-Futian/1745/2022_EPI_ISL_14033228	0.00507	6.866395999999997	7.820668999999995	-0.0047804341970020415	0.005060004783118831	6.867780266784107	2023-02-01	lbi	south	2023
2022-09-01	B/Guangdong-Maonan/1250/2022_EPI_ISL_14033261	0.001124	5.016857999999991	5.798920999999996	-0.005903679143929066	0.0011212592047479025	5.018116960078374	2023-02-01	lbi	south	2023
2022-09-01	B/Guangdong-Maonan/35/2022_EPI_ISL_14033561__dup2	1.4999999999999999e-05	4.0191259999999955	4.798930999999996	0.004016011844336725	1.5025398430836368e-05	4.020359478487869	2023-02-01	lbi	south	2023
2022-09-01	B/Guangdong-Zhenjiang/11/2022_EPI_ISL_14033685	1.2e-05	3.072563999999994	3.836078999999997	-0.0021169451032588857	1.1989641250745137e-05	3.0736638401939977	2023-02-01	lbi	south	2023
2022-09-01	B/Guangdong-Zhenjiang/865/2022_EPI_ISL_14033263	0.001077	4.063311999999995	4.8251969999999975	-0.001075137724427062	0.0010765375111436502	4.064423076278277	2023-02-01	lbi	south	2023
2022-09-01	B/Guangdong-Zhongshan/1111/2022_EPI_ISL_14033458	0.000102	3.072563999999994	3.836078999999997	0.005107584165116224	0.000102219190274761	3.0736638401939977	2023-02-01	lbi	south	2023
2022-09-01	B/Guangdong-Zhongshan/1309/2022_EPI_ISL_14033256	0.001441	4.069408999999995	4.835958999999997	-0.0015225170750587866	0.0014401127274294792	4.070531316480744	2023-02-01	lbi	south	2023
2022-09-01	B/Guangdong-Zhongshan/1487/2022_EPI_ISL_14033218	0.009679	4.9800869999999895	5.7427109999999955	-0.0068038368597088394	0.009651777706745635	4.981260125385314	2023-02-01	lbi	south	2023
2022-09-01	B/Guangxi-Yongning/327/2022_EPI_ISL_14033225	0.0064519999999999	4.0191259999999955	4.798930999999996	-0.004930855357306837	0.0064388766762997224	4.020359478487869	2023-02-01	lbi	south	2023
2022-09-01	B/Guatemala/05/2022_EPI_ISL_12709845	1.2e-05	11.816163999999985	12.340256000000002	-0.014909493812948803	1.1925903740355426e-05	11.815655141321917	2023-02-01	lbi	south	2023
2022-09-01	B/Guatemala/14/2022_EPI_ISL_13286983	1.2e-05	10.992033999999983	11.486091999999994	-0.0148698832956015	1.1926100571653458e-05	10.991631193920961	2023-02-01	lbi	south	2023
2022-09-01	B/Guatemala/14/2022_EPI_ISL_13286983__dup2	1.2e-05	10.992033999999983	11.486091999999994	-0.014774986422074353	1.1926572143333796e-05	10.991631193920961	2023-02-01	lbi	south	2023
2022-09-01	B/Guatemala/37/2022_EPI_ISL_12709841	2.5e-05	10.992033999999983	11.486091999999994	-0.014876876775057694	2.4845970457595903e-05	10.991631193920961	2023-02-01	lbi	south	2023
2022-09-01	B/Guatemala/40/2022_EPI_ISL_13286984	3.8e-05	10.992033999999983	11.486091999999994	-0.014800826651067045	3.776707182262452e-05	10.991631193920961	2023-02-01	lbi	south	2023
2022-09-01	B/Guatemala/40/2022_EPI_ISL_13286984__dup2	3.8e-05	10.992033999999983	11.486091999999994	-0.014800826651067045	3.776707182262452e-05	10.991631193920961	2023-02-01	lbi	south	2023
2022-09-01	B/Guatemala/52/2022_EPI_ISL_12709834	1e-05	10.992033999999983	11.486091999999994	-0.014771996560949283	9.938822500978378e-06	10.991631193920961	2023-02-01	lbi	south	2023
2022-09-01	B/Guatemala/63/2022_EPI_ISL_12709832	0.000102	10.992033999999983	11.486091999999994	-0.006869587152860299	0.00010171033739548678	10.991631193920961	2023-02-01	lbi	south	2023
2022-09-01	B/Guizhou-Bijiang/1283/2022_EPI_ISL_14033247	0.0019030000000000002	3.072563999999994	3.836078999999997	-0.0006675265344435691	0.0019025058978782605	3.0736638401939977	2023-02-01	lbi	south	2023
2022-09-01	B/Guizhou-Bijiang/1344/2022_EPI_ISL_14033232	0.004323	7.0441270000000005	7.707235999999996	-0.006147225433115445	0.004312021071530581	7.044525196614587	2023-02-01	lbi	south	2023
2022-09-01	B/Guizhou-Honghuagang/1162/2022_EPI_ISL_14033414	0.000196	8.043714999999992	8.707225999999993	-0.006796731233504046	0.00019544932652005483	8.044134297961545	2023-02-01	lbi	south	2023
2022-09-01	B/Guizhou-Honghuagang/1315/2022_EPI_ISL_14033260	0.001384	5.00354399999999	5.653329999999996	-0.0060097198984083965	0.0013805642132531993	5.004648367322643	2023-02-01	lbi	south	2023
2022-09-01	B/Guizhou-Xixiu/1122/2022_EPI_ISL_14033427	0.00015800000000000002	3.072563999999994	3.836078999999997	0.005930702979054854	0.0001583938444494916	3.0736638401939977	2023-02-01	lbi	south	2023
2022-09-01	B/Guizhou-Zhongshan/1215/2022_EPI_ISL_14033385	0.000294	7.0441270000000005	7.707235999999996	-0.0019524236135957333	0.0002937663478185217	7.044525196614587	2023-02-01	lbi	south	2023
2022-09-01	B/Guizhou-Zhongshan/1296/2022_EPI_ISL_14033344	0.000794	3.072563999999994	3.836078999999997	0.0012543491942530293	0.0007944297528804334	3.0736638401939977	2023-02-01	lbi	south	2023
2022-09-01	B/HK/3/2022_EPI_ISL_14387918	0.012537999999999999	3.485323999999991	3.7875539999999983	0.001028632871987021	0.012543606436067214	3.484931409847631	2023-02-01	lbi	south	2023
2022-09-01	B/Hainan-Meilan/1108/2022_EPI_ISL_14033457	0.00010800000000000001	11.004706999999998	11.32428799999999	-0.004688236740512489	0.0001077912249232274	11.00529096667274	2023-02-01	lbi	south	2023
2022-09-01	B/Hebei-Hejian/1111/2022_EPI_ISL_14033517	6.9e-05	4.038805999999996	4.823630999999997	0.004788890314811657	6.913909424611646e-05	4.039974931889838	2023-02-01	lbi	south	2023
2022-09-01	B/Hebei-Lunan/1517/2022_EPI_ISL_14456631	0.0005780000000000001	3.072563999999994	3.836078999999997	0.0018827218013363328	0.000578464277579186	3.0736638401939977	2023-02-01	lbi	south	2023
2022-09-01	B/Hebei-Lunan/1523/2022_EPI_ISL_14033298	0.000606	3.072563999999994	3.836078999999997	0.007509366410017885	0.0006079103055387279	3.0736638401939977	2023-02-01	lbi	south	2023
2022-09-01	B/Hebei-Luquan/1135/2022_EPI_ISL_14033426	0.000102	3.072563999999994	3.836078999999997	0.005399477890293823	0.00010223162317256915	3.0736638401939977	2023-02-01	lbi	south	2023
2022-09-01	B/Hebei-Luquan/1400/2022_EPI_ISL_14033241	0.0024809999999999997	4.017933999999995	4.8360689999999975	-0.002849614809856963	0.0024781017005869755	4.0191342312023375	2023-02-01	lbi	south	2023
2022-09-01	B/Hebei-Ningjin/1151/2022_EPI_ISL_14033461	0.0001419999999999	9.037784999999987	9.598659999999992	-0.006868985527183183	0.00014159677971224983	9.038239992255766	2023-02-01	lbi	south	2023
2022-09-01	B/Heilongjiang-Gongnong/1213/2022_EPI_ISL_14033356	0.000664	3.072563999999994	3.836078999999997	0.0071060177866641315	0.0006659812045722681	3.0736638401939977	2023-02-01	lbi	south	2023
2022-09-01	B/Heilongjiang-Gongnong/1213/2022_EPI_ISL_14033356__dup2	0.000664	5.061404999999992	5.8354439999999945	-0.0016828689980387273	0.000663546817446421	5.062564224476554	2023-02-01	lbi	south	2023
2022-09-01	B/Heilongjiang-Jiguan/1133/2022_EPI_ISL_14033444	0.000102	4.017933999999995	4.8360689999999975	0.0021125512862307065	0.00010209170740462534	4.0191342312023375	2023-02-01	lbi	south	2023
2022-09-01	B/Heilongjiang-Nangang/1296/2022_EPI_ISL_14033243	0.001978	4.017933999999995	4.8360689999999975	-0.0017638337129954333	0.0019765833256410337	4.0191342312023375	2023-02-01	lbi	south	2023
2022-09-01	B/Heilongjiang-Nangang/164/2022_EPI_ISL_14033512	4.6e-05	4.071829999999996	4.8360689999999975	-0.004346531053221766	4.5917614445900147e-05	4.0729515772174505	2023-02-01	lbi	south	2023
2022-09-01	B/Heilongjiang-Taoshan/1118/2022_EPI_ISL_14033452	7.3e-05	3.072563999999994	3.836078999999997	0.006514657754257159	7.319977450557964e-05	3.0736638401939977	2023-02-01	lbi	south	2023
2022-09-01	B/Heilongjiang-Taoshan/1337/2022_EPI_ISL_14033293	0.001562	5.066275999999992	5.831185999999993	-0.006563247752720087	0.0015577630087778161	5.067432788158888	2023-02-01	lbi	south	2023
2022-09-01	B/Heilongjiang-Yimei/1427/2022_EPI_ISL_14033271	0.000325	5.010965999999993	5.760935999999993	-0.00407957667379196	0.0003244540154851448	5.012204132132023	2023-02-01	lbi	south	2023
2022-09-01	B/Heilongjiang-Yimei/1603/2022_EPI_ISL_14033292	0.001172	3.072563999999994	3.836078999999997	0.0006055280972154617	0.0011723173759492164	3.0736638401939977	2023-02-01	lbi	south	2023
2022-09-01	B/Henan-Beiguan/193/2022_EPI_ISL_14033416	0.00010800000000000001	8.043890999999993	8.692985999999994	-0.006869587118285776	0.00010769329842030216	8.044309810017744	2023-02-01	lbi	south	2023
2022-09-01	B/Henan-Chuanhui/1193/2022_EPI_ISL_14033360	0.00041500000000000006	3.072563999999994	3.836078999999997	0.008873967196141348	0.0004165449858927911	3.0736638401939977	2023-02-01	lbi	south	2023
2022-09-01	B/Henan-Shancheng/187/2022_EPI_ISL_14033403	7.7e-05	4.059913999999995	4.714874999999998	-0.00297155065788793	7.690614130949056e-05	4.061067886045418	2023-02-01	lbi	south	2023
2022-09-01	B/Henan-Weibin/1125/2022_EPI_ISL_14033470	0.0001419999999999	4.056547999999996	4.5973909999999965	0.0016132414634852884	0.0001420981051089838	4.057712263379066	2023-02-01	lbi	south	2023
2022-09-01	B/Henan-Xiangcheng/129/2022_EPI_ISL_14033506	1.8e-05	5.025718999999992	5.663129999999996	-0.002445416962170859	1.7982000632205176e-05	5.026943747678665	2023-02-01	lbi	south	2023
2022-09-01	B/Henan-Yicheng/1316/2022_EPI_ISL_14033242	0.002055	4.995460999999992	5.8115889999999935	-0.003000166406304761	0.0020524705977911922	4.996714135984245	2023-02-01	lbi	south	2023
2022-09-01	B/Hong_Kong/3/2022_EPI_ISL_14759188	0.012537999999999999	3.485323999999991	3.7875539999999983	0.001028632871987021	0.012543606436067214	3.484931409847631	2023-02-01	lbi	south	2023
2022-09-01	B/Hubei-Duodao/135/2022_EPI_ISL_14033691	1.8e-05	4.072507999999996	4.8360689999999975	0.001776548261816538	1.8013661547777454e-05	4.0736278128709005	2023-02-01	lbi	south	2023
2022-09-01	B/Hunan-Hecheng/131/2022_EPI_ISL_14033549	2.4e-05	3.072563999999994	3.836078999999997	0.009665122768046241	2.4097290900079314e-05	3.0736638401939977	2023-02-01	lbi	south	2023
2022-09-01	B/Hunan-Jishou/11034/2022_EPI_ISL_14033217	0.00507	4.62574599999999	5.270210999999989	-0.006581361537862203	0.005056209248622813	4.6261981102952845	2023-02-01	lbi	south	2023
2022-09-01	B/Hunan-Lengshuitan/1380/2022_EPI_ISL_14033397	0.00031	5.059273999999991	5.714864999999995	-0.00544057127809925	0.0003093037647134154	5.060449278515994	2023-02-01	lbi	south	2023
2022-09-01	B/Hunan-Lusong/1356/2022_EPI_ISL_14033244	0.0019030000000000002	4.0191259999999955	4.798930999999996	-0.0021104319146901967	0.001901362434978697	4.020359478487869	2023-02-01	lbi	south	2023
2022-09-01	B/Hunan-Lusong/1356/2022_EPI_ISL_14033244__dup2	0.0019030000000000002	3.072563999999994	3.836078999999997	0.0005629531297279081	0.0019034815624760675	3.0736638401939977	2023-02-01	lbi	south	2023
2022-09-01	B/Hunan-Tianyuan/1329/2022_EPI_ISL_14033251	0.001562	7.753171999999994	8.577870999999996	-0.005764407223772896	0.0015582815968398982	7.7544531726413854	2023-02-01	lbi	south	2023
2022-09-01	B/Hunan-Tianyuan/1329/2022_EPI_ISL_14033251__dup2	0.001562	3.072563999999994	3.836078999999997	-0.0003774648729248229	0.0015617831805962532	3.0736638401939977	2023-02-01	lbi	south	2023
2022-09-01	B/Hunan-Tianyuan/1437/2022_EPI_ISL_14033229	0.004465	5.900153999999995	6.833116999999992	-0.004413562557987261	0.0044568787468393005	5.901469175088267	2023-02-01	lbi	south	2023
2022-09-01	B/Hunan-Tianyuan/1528/2022_EPI_ISL_14033222	0.007644	3.072563999999994	3.836078999999997	-0.0018637666491531737	0.007638207196513367	3.0736638401939977	2023-02-01	lbi	south	2023
2022-09-01	B/Jiangsu-Guangling/1508/2022_EPI_ISL_14033366	0.000664	4.017933999999995	4.8360689999999975	-0.0012716607306765533	0.0006636605171604123	4.0191342312023375	2023-02-01	lbi	south	2023
2022-09-01	B/Jiangsu-Sucheng/72/2022_EPI_ISL_14033424	0.000217	7.0441270000000005	7.707235999999996	-0.0035769072811727472	0.00021668082842886708	7.044525196614587	2023-02-01	lbi	south	2023
2022-09-01	B/Jiangsu-Xuzhougulou/1142/2022_EPI_ISL_14033396	0.000217	5.038026999999991	5.817939999999993	-0.000598681379803508	0.000216949880521221	5.039216715344479	2023-02-01	lbi	south	2023
2022-09-01	B/Jilin-Chuanying/1303/2022_EPI_ISL_14033272	0.0001419999999999	4.017933999999995	4.8360689999999975	-0.00046062668794516097	0.00014197536950585635	4.0191342312023375	2023-02-01	lbi	south	2023
2022-09-01	B/Jilin-Nanguan/1114/2022_EPI_ISL_14033476	8.7e-05	4.070383999999995	4.823596999999998	-0.00660730840249616	8.676241596010423e-05	4.071500363865513	2023-02-01	lbi	south	2023
2022-09-01	B/Jilin-Nanguan/1139/2022_EPI_ISL_14033435	0.00010800000000000001	3.072563999999994	3.836078999999997	0.005254070068554886	0.00010823869005301625	3.0736638401939977	2023-02-01	lbi	south	2023
2022-09-01	B/Jilin-Tiexi/1138/2022_EPI_ISL_14033475	9.7e-05	5.051638999999993	5.556146999999994	-0.0063696962637634835	9.674468518879072e-05	5.052836310875186	2023-02-01	lbi	south	2023
2022-09-01	B/Kenya/116/2022_EPI_ISL_10826483	1.2e-05	13.578235000000012	14.366555	-0.014796010246402418	1.1926467667892404e-05	13.577232035317195	2023-02-01	lbi	south	2023
2022-09-01	B/Krasnoyarsk/RII-01V/2022_EPI_ISL_13331879	2.8000000000000013e-05	2.4274369999999936	2.9030590000000003	-0.008865536641670231	2.7897274479058992e-05	2.4280480010644294	2023-02-01	lbi	south	2023
2022-09-01	B/Liaoning-Donggang/1142/2022_EPI_ISL_14033380	0.000217	4.071829999999996	4.8360689999999975	-0.006324478498026701	0.00021643290953093547	4.0729515772174505	2023-02-01	lbi	south	2023
2022-09-01	B/Liaoning-Huanggu/1276/2022_EPI_ISL_14033417	0.000102	7.0441270000000005	7.707235999999996	-0.0035760861285503718	0.00010185000950086193	7.044525196614587	2023-02-01	lbi	south	2023
2022-09-01	B/Liaoning-Shuncheng/1131/2022_EPI_ISL_14033418	0.000102	7.0441270000000005	7.707235999999996	-0.005284511057594545	0.00010177753400984447	7.044525196614587	2023-02-01	lbi	south	2023
2022-09-01	B/Lipetsk/CRIE/206/2022_EPI_ISL_13500141	0.013096	2.4274369999999936	2.9030590000000003	-0.004679790484151628	0.01307073008823163	2.4280480010644294	2023-02-01	lbi	south	2023
2022-09-01	B/Lisboa/1/2022_EPI_ISL_11793402	1e-05	2.9698759999999917	3.349347	0.02675030599447032	1.0112269740984234e-05	2.9697498347910694	2023-02-01	lbi	south	2023
2022-09-01	B/Luxembourg/LNS1426572/2022_EPI_ISL_13887714	0.000206	5.720175999999993	6.072389999999995	0.01962981582025913	0.00020769563551925588	5.719833096226982	2023-02-01	lbi	south	2023
2022-09-01	B/Luxembourg/LNS4950245/2022_EPI_ISL_13903622	0.00015800000000000002	6.71984	7.072379999999997	0.006746434979388314	0.00015844768981950193	6.719516200847351	2023-02-01	lbi	south	2023
2022-09-01	B/Luxembourg/LNS6354767/2022_EPI_ISL_13902864	0.000102	5.720175999999993	6.072389999999995	0.02358487188581849	0.00010300919970805747	5.719833096226982	2023-02-01	lbi	south	2023
2022-09-01	B/Luxembourg/LNS7666832/2022_EPI_ISL_13890483	0.00015800000000000002	5.720175999999993	6.072389999999995	0.02122688247012948	0.0001594065769146008	5.719833096226982	2023-02-01	lbi	south	2023
2022-09-01	B/Madagascar/3977/2022_EPI_ISL_14727226	0.005561	2.7672279999999927	3.3492830000000002	0.006534131389741447	0.005576263684408287	2.76683705410737	2023-02-01	lbi	south	2023
2022-09-01	B/Madagascar/5178/2022_EPI_ISL_14727229	0.019075	2.7672279999999927	3.3492830000000002	0.0021277691431486863	0.01909227124314501	2.76683705410737	2023-02-01	lbi	south	2023
2022-09-01	B/Madagascar/5180/2022_EPI_ISL_14727227	0.019075	2.7672279999999927	3.3492830000000002	0.00013415049670343615	0.019076418366698957	2.76683705410737	2023-02-01	lbi	south	2023
2022-09-01	B/Madagascar/5182/2022_EPI_ISL_14727230	0.019382	2.7672279999999927	3.3492830000000002	0.001973404733345104	0.019398301502965544	2.76683705410737	2023-02-01	lbi	south	2023
2022-09-01	B/Madagascar/581/2022_EPI_ISL_12709831	1.2e-05	11.890608999999992	12.314236000000001	-0.014937303055500555	1.1925765553510293e-05	11.890074472346383	2023-02-01	lbi	south	2023
2022-09-01	B/Mahajanga/04032/2022_EPI_ISL_14653407	0.005732	2.7672279999999927	3.3492830000000002	0.007591066452446872	0.005750264840002461	2.76683705410737	2023-02-01	lbi	south	2023
2022-09-01	B/Mahajanga/04083/2022_EPI_ISL_14653410	0.0070319999999999	2.7672279999999927	3.3492830000000002	0.009066934582953852	0.007058746656594472	2.76683705410737	2023-02-01	lbi	south	2023
2022-09-01	B/Montana/01/2022_EPI_ISL_11497355	9.7e-05	3.072563999999994	3.836078999999997	0.005290682543114172	9.721586206498448e-05	3.0736638401939977	2023-02-01	lbi	south	2023
2022-09-01	B/Montana/02/2022_EPI_ISL_11497356	9.7e-05	3.072563999999994	3.836078999999997	0.005877149687706004	9.72396207631505e-05	3.0736638401939977	2023-02-01	lbi	south	2023
2022-09-01	B/Montana/02/2022_EPI_ISL_11497356__dup2	9.7e-05	3.072563999999994	3.836078999999997	0.005877149687706004	9.72396207631505e-05	3.0736638401939977	2023-02-01	lbi	south	2023
2022-09-01	B/Moscow/1/2022_EPI_ISL_14180736	2.8000000000000013e-05	2.4274369999999936	2.9030590000000003	-0.008865536641670231	2.7897274479058992e-05	2.4280480010644294	2023-02-01	lbi	south	2023
2022-09-01	B/Moscow/10/2022_EPI_ISL_14199418	0.001124	2.4274369999999936	2.9030590000000003	-0.004375093783701745	0.0011219735740540158	2.4280480010644294	2023-02-01	lbi	south	2023
2022-09-01	B/Moscow/11/2022_EPI_ISL_14212827	0.001222	2.4274369999999936	2.9030590000000003	-0.0044206531963603	0.0012197737374955435	2.4280480010644294	2023-02-01	lbi	south	2023
2022-09-01	B/Moscow/12/2022_EPI_ISL_14199421	0.001222	3.4249729999999947	3.903048999999997	-0.005685516390679298	0.0012191310539885036	3.4256097389564535	2023-02-01	lbi	south	2023
2022-09-01	B/Moscow/13/2022_EPI_ISL_14212838	0.001562	2.4274369999999936	2.9030590000000003	-0.0038641478855835918	0.0015595158933994593	2.4280480010644294	2023-02-01	lbi	south	2023
2022-09-01	B/Moscow/17/2022_EPI_ISL_14212832	0.0036609999999999998	3.410882999999995	3.876170999999997	-0.004771542204325644	0.0036537960838262	3.4115449847472705	2023-02-01	lbi	south	2023
2022-09-01	B/Moscow/18/2022_EPI_ISL_14212831	0.0034189999999999997	2.4274369999999936	2.9030590000000003	-0.002435103545320058	0.003415595797745347	2.4280480010644294	2023-02-01	lbi	south	2023
2022-09-01	B/Moscow/19/2022_EPI_ISL_14212828	0.001626	2.4274369999999936	2.9030590000000003	-0.0038928805052042548	0.0016233946765476018	2.4280480010644294	2023-02-01	lbi	south	2023
2022-09-01	B/Moscow/2/2022_EPI_ISL_14199419	2.7000000000000002e-05	3.4273389999999946	3.901563999999997	-0.014936884629132431	2.6832977173574912e-05	3.4279704821747474	2023-02-01	lbi	south	2023
2022-09-01	B/Moscow/20/2022_EPI_ISL_14212830	0.002574	2.0009939999999946	2.3497569999999994	0.0029127703617144456	0.0025771734131421896	2.0008618005991563	2023-02-01	lbi	south	2023
2022-09-01	B/Moscow/3/2022_EPI_ISL_14180734	1.8e-05	2.4274369999999936	2.9030590000000003	-0.008415631935040337	1.7937324386068714e-05	2.4280480010644294	2023-02-01	lbi	south	2023
2022-09-01	B/Moscow/4/2022_EPI_ISL_14199424	2.5e-05	3.4191649999999947	3.884454999999997	0.002847026656369901	2.503013614078443e-05	3.419809537761968	2023-02-01	lbi	south	2023
2022-09-01	B/Moscow/5/2022_EPI_ISL_14180737	3.4e-05	3.4148169999999944	3.9022009999999976	-0.01368867210735038	3.380725315310864e-05	3.4154766736982007	2023-02-01	lbi	south	2023
2022-09-01	B/Moscow/7/2022_EPI_ISL_14180738	3.4e-05	3.4191649999999947	3.884454999999997	0.0018662273209249845	3.4027076587135754e-05	3.419809537761968	2023-02-01	lbi	south	2023
2022-09-01	B/Moscow/8/2022_EPI_ISL_14180735	1.8e-05	2.4274369999999936	2.9030590000000003	-0.008415631935040337	1.7937324386068714e-05	2.4280480010644294	2023-02-01	lbi	south	2023
2022-09-01	B/Moscow/9/2022_EPI_ISL_14212836	0.00045700000000000005	2.4274369999999936	2.9030590000000003	-0.0009561914730769436	0.0004568263937514855	2.4280480010644294	2023-02-01	lbi	south	2023
2022-09-01	B/Mozambique/3084/2022_EPI_ISL_11497364	1.2e-05	4.414742999999991	4.781844999999998	-0.01360517165388935	1.193238684375547e-05	4.4154281821421595	2023-02-01	lbi	south	2023
2022-09-01	B/Nebraska/01/2022_EPI_ISL_13286981	0.00176	2.0009939999999946	2.3497569999999994	0.005920636951753382	0.0017643797279067377	2.0008618005991563	2023-02-01	lbi	south	2023
2022-09-01	B/Neimenggu-Alashanzuoqi/1119/2022_EPI_ISL_14033471	0.000102	4.064291999999996	4.817474999999998	-0.004775002172833777	0.00010179914320263201	4.065425376891533	2023-02-01	lbi	south	2023
2022-09-01	B/Neimenggu-Alashanzuoqi/1271/2022_EPI_ISL_14033345	0.000907	3.072563999999994	3.836078999999997	0.0034108863081302363	0.0009083067130827049	3.0736638401939977	2023-02-01	lbi	south	2023
2022-09-01	B/Neimenggu-Alashanzuoqi/1300/2022_EPI_ISL_14033254	0.001501	5.02346799999999	5.621977999999995	-0.006514603260964464	0.0014969588147234415	5.024698877884347	2023-02-01	lbi	south	2023
2022-09-01	B/Neimenggu-Alashanzuoqi/1300/2022_EPI_ISL_14033254__dup2	0.001501	4.063391999999996	4.835074999999998	-0.004791021726656814	0.0014980342552503001	4.0645296835596065	2023-02-01	lbi	south	2023
2022-09-01	B/Neimenggu-Haibowan/1411/2022_EPI_ISL_14033240	0.0024809999999999997	4.992512999999993	5.823434999999993	-0.003226892310802406	0.0024777121761972395	4.9937727362433835	2023-02-01	lbi	south	2023
2022-09-01	B/Neimenggu-Hongshan/132/2022_EPI_ISL_14033692	1.8e-05	3.072563999999994	3.836078999999997	0.001776548261816538	1.8013661547777454e-05	3.0736638401939977	2023-02-01	lbi	south	2023
2022-09-01	B/Neimenggu-Keerqin/19/2022_EPI_ISL_14033677__dup2	1.2e-05	4.0725199999999955	4.8360689999999975	-0.0021762060367173817	1.1989345205511655e-05	4.073639861503585	2023-02-01	lbi	south	2023
2022-09-01	B/Neimenggu-Linhe/1117/2022_EPI_ISL_14033488	8.7e-05	4.017933999999995	4.8360689999999975	0.0014349215849001362	8.70536383301212e-05	4.0191342312023375	2023-02-01	lbi	south	2023
2022-09-01	B/Neimenggu-Wulanhaote/1271/2022_EPI_ISL_14033387	0.0001419999999999	3.072563999999994	3.836078999999997	-0.00032955619560541435	0.00014198312337657652	3.0736638401939977	2023-02-01	lbi	south	2023
2022-09-01	B/Neimenggu-Wulanhaote/1478/2022_EPI_ISL_14033268	0.000794	5.05769699999999	5.675567999999997	-0.006544674089664666	0.0007918523694803419	5.058876694428115	2023-02-01	lbi	south	2023
2022-09-01	B/Netherlands/00376/2022_EPI_ISL_11985577	0.00045700000000000005	2.4274369999999936	2.9030590000000003	-0.0009561914730769436	0.0004568263937514855	2.4280480010644294	2023-02-01	lbi	south	2023
2022-09-01	B/Netherlands/00376/2022_EPI_ISL_11985577__dup2	0.00045700000000000005	2.4274369999999936	2.9030590000000003	-0.0009561914730769436	0.0004568263937514855	2.4280480010644294	2023-02-01	lbi	south	2023
2022-09-01	B/Netherlands/00459/2022_EPI_ISL_11782027	0.001124	2.9698759999999917	3.349347	0.0063296944091693124	0.0011269891218457873	2.9697498347910694	2023-02-01	lbi	south	2023
2022-09-01	B/Netherlands/00568/2022_EPI_ISL_14212835	0.001077	3.485323999999991	3.7875539999999983	0.01043944588063902	0.0010817148715251909	3.484931409847631	2023-02-01	lbi	south	2023
2022-09-01	B/Netherlands/00568/2022_EPI_ISL_14212835__dup2	0.001077	3.485323999999991	3.7875539999999983	0.01043944588063902	0.0010817148715251909	3.484931409847631	2023-02-01	lbi	south	2023
2022-09-01	B/Netherlands/01140/2022_EPI_ISL_13499656	0.011455	4.924015999999988	5.349278999999989	-0.0005493486810431639	0.011452589700926623	4.92393947598736	2023-02-01	lbi	south	2023
2022-09-01	B/Netherlands/01146/2022_EPI_ISL_14620547	0.014827000000000002	11.528741999999994	12.391497999999997	0.0005708719776260209	0.014830800971664632	11.52761078376488	2023-02-01	lbi	south	2023
2022-09-01	B/Netherlands/01157/2022_EPI_ISL_14620552	0.023277000000000003	2.7239799999999916	3.072420000000001	-0.0022718354381662644	0.023255405718709477	2.7236044508387547	2023-02-01	lbi	south	2023
2022-09-01	B/Netherlands/10143/2022_EPI_ISL_14212839	0.00028	2.0009939999999946	2.3497569999999994	0.009432771175667681	0.00028110784424381717	2.0008618005991563	2023-02-01	lbi	south	2023
2022-09-01	B/Netherlands/10143/2022_EPI_ISL_14212839__dup2	0.00028	2.0009939999999946	2.3497569999999994	0.009432771175667681	0.00028110784424381717	2.0008618005991563	2023-02-01	lbi	south	2023
2022-09-01	B/Netherlands/10414/2022_EPI_ISL_14212840	0.000359	2.0009939999999946	2.3497569999999994	0.009544320645518977	0.0003604371669342542	2.0008618005991563	2023-02-01	lbi	south	2023
2022-09-01	B/Netherlands/10414/2022_EPI_ISL_14212840__dup2	0.000359	2.0009939999999946	2.3497569999999994	0.009544320645518977	0.0003604371669342542	2.0008618005991563	2023-02-01	lbi	south	2023
2022-09-01	B/Netherlands/10484/2022_EPI_ISL_11449455	0.000479	2.9698759999999917	3.349347	0.010113177328940189	0.00048103155932529505	2.9697498347910694	2023-02-01	lbi	south	2023
2022-09-01	B/Netherlands/10895/2022_EPI_ISL_14212842__dup2	0.001328	13.35019600000001	14.245651999999994	0.007831135392180541	0.0013323648988577018	13.348970001368144	2023-02-01	lbi	south	2023
2022-09-01	B/Netherlands/10939/2022_EPI_ISL_12429458	0.001124	2.0009939999999946	2.3497569999999994	0.008363295870521778	0.0011279444626704457	2.0008618005991563	2023-02-01	lbi	south	2023
2022-09-01	B/Netherlands/11164/2022_EPI_ISL_12429481	0.001222	2.4274369999999936	2.9030590000000003	-0.004214931722873277	0.0012198782976645356	2.4280480010644294	2023-02-01	lbi	south	2023
2022-09-01	B/Netherlands/11263/2022_EPI_ISL_12429523__dup2	0.00176	12.525202	13.391487999999997	0.005364861288853238	0.0017639711921644912	12.524082841380563	2023-02-01	lbi	south	2023
2022-09-01	B/Netherlands/11264/2022_EPI_ISL_12429524__dup2	0.002055	11.576080999999993	12.417927999999996	0.004880228937736919	0.0020592209573487012	11.575023054015004	2023-02-01	lbi	south	2023
2022-09-01	B/Netherlands/11264/2022_EPI_ISL_12429524__dup4	0.002055	11.528741999999994	12.391497999999997	0.008613293924870922	0.0020624264520426924	11.52761078376488	2023-02-01	lbi	south	2023
2022-09-01	B/Netherlands/11265/2022_EPI_ISL_12429525__dup2	0.002135	11.528741999999994	12.391497999999997	0.008978493541124186	0.002143041634014681	11.52761078376488	2023-02-01	lbi	south	2023
2022-09-01	B/Netherlands/11266/2022_EPI_ISL_12429526	0.002055	11.528741999999994	12.391497999999997	0.008613293924870922	0.0020624264520426924	11.52761078376488	2023-02-01	lbi	south	2023
2022-09-01	B/Netherlands/11268/2022_EPI_ISL_12429528	0.002303	11.528741999999994	12.391497999999997	0.008548573148096275	0.002311260357095115	11.52761078376488	2023-02-01	lbi	south	2023
2022-09-01	B/Netherlands/11269/2022_EPI_ISL_12429529	0.0024809999999999997	2.9698759999999917	3.349347	0.004073328130543869	0.002485260252204917	2.9697498347910694	2023-02-01	lbi	south	2023
2022-09-01	B/Netherlands/11304/2022_EPI_ISL_12567924	0.002768	11.528741999999994	12.391497999999997	0.008046372576463314	0.0027773469890242097	11.52761078376488	2023-02-01	lbi	south	2023
2022-09-01	B/Netherlands/11305/2022_EPI_ISL_13983277__dup2	0.002869	13.347114000000008	14.245651999999994	0.006122389283388628	0.0028763812426140594	13.345881968680633	2023-02-01	lbi	south	2023
2022-09-01	B/Netherlands/11474/2022_EPI_ISL_12677168	0.003539	12.51949	13.380615999999998	0.003238751634719751	0.0035438444467161888	12.518370019849174	2023-02-01	lbi	south	2023
2022-09-01	B/Netherlands/11537/2022_EPI_ISL_12853617	0.004465	2.7239799999999916	3.072420000000001	0.005439465662272988	0.004475213754311923	2.7236044508387547	2023-02-01	lbi	south	2023
2022-09-01	B/Netherlands/11563/2022_EPI_ISL_13249420	0.0064519999999999	11.528741999999994	12.391497999999997	0.0035514986887771162	0.006461673952114705	11.52761078376488	2023-02-01	lbi	south	2023
2022-09-01	B/Netherlands/11591/2022_EPI_ISL_12973160__dup3	0.0064519999999999	12.352872	13.245661999999994	0.002161984430378291	0.006457933956510434	12.351634731165854	2023-02-01	lbi	south	2023
2022-09-01	B/Netherlands/11627/2022_EPI_ISL_13096517	0.006642	3.4141329999999948	3.9015079999999975	-0.00657355106929435	0.006623954856386352	3.4148000913516574	2023-02-01	lbi	south	2023
2022-09-01	B/Netherlands/11692/2022_EPI_ISL_14570075	0.026470999999999998	2.7623379999999917	3.0648910000000003	-0.004816478710045689	0.026418417158576648	2.7621887596080312	2023-02-01	lbi	south	2023
2022-09-01	B/New_York/PV42660/2021_EPI_ISL_13163534	1.6e-05	3.0007699999999917	3.3497470000000003	0.006440914190284337	1.6043293231421663e-05	3.000657457196943	2023-02-01	lbi	south	2023
2022-09-01	B/Ningxia-Litong/1267/2022_EPI_ISL_14033391	0.000436	4.059913999999995	4.714874999999998	-0.005537605012338693	0.00043500319090933895	4.061067886045418	2023-02-01	lbi	south	2023
2022-09-01	B/Ningxia-Shapotou/1125/2022_EPI_ISL_14033409	9.7e-05	5.072111999999991	5.806128999999992	-0.006335458427649526	9.674606533558361e-05	5.07325300440155	2023-02-01	lbi	south	2023
2022-09-01	B/Ningxia-Xinqing/1416/2022_EPI_ISL_14033390	0.00031	3.072563999999994	3.836078999999997	0.00966416178774829	0.00031125654949624467	3.0736638401939977	2023-02-01	lbi	south	2023
2022-09-01	B/Ningxia-Zhongning/1114/2022_EPI_ISL_14033468	0.000102	3.072563999999994	3.836078999999997	0.005399477890293823	0.00010223162317256915	3.0736638401939977	2023-02-01	lbi	south	2023
2022-09-01	B/Ningxia-Zhongning/1171/2022_EPI_ISL_14033408	0.00022799999999999999	4.0720879999999955	4.8360689999999975	0.000678232541929701	0.00022806865097613728	4.073207702892044	2023-02-01	lbi	south	2023
2022-09-01	B/Ningxia-Zhongning/1200/2022_EPI_ISL_14033372	0.00041500000000000006	4.017933999999995	4.8360689999999975	-0.0003561904400151012	0.00041494607254224106	4.0191342312023375	2023-02-01	lbi	south	2023
2022-09-01	B/Nizhniy_Novgorod/222-14V/2022_EPI_ISL_13498264	0.00829	2.4274369999999936	2.9030590000000003	-0.0049060372666055235	0.008273223748817879	2.4280480010644294	2023-02-01	lbi	south	2023
2022-09-01	B/Norway/17464/2022_EPI_ISL_13957809	0.001172	2.0009939999999946	2.3497569999999994	0.005093275731711493	0.0011745115369562371	2.0008618005991563	2023-02-01	lbi	south	2023
2022-09-01	B/Norway/21604/2022_EPI_ISL_13957815	0.0040479999999999995	4.455653999999989	4.787543999999991	0.0034042312459373683	0.004053820704461662	4.455245920024592	2023-02-01	lbi	south	2023
2022-09-01	B/Norway/22019/2022_EPI_ISL_13957820	0.00507	4.455653999999989	4.787543999999991	0.0025600643039321008	0.005075504706914479	4.455245920024592	2023-02-01	lbi	south	2023
2022-09-01	B/Norway/22070/2022_EPI_ISL_13957816	0.004323	4.455653999999989	4.787543999999991	0.0030751312724651148	0.004328622529739376	4.455245920024592	2023-02-01	lbi	south	2023
2022-09-01	B/Nosy_Be/04869/2022_EPI_ISL_14759185	0.015421	2.7672279999999927	3.3492830000000002	0.003370352990324618	0.01544295618732828	2.76683705410737	2023-02-01	lbi	south	2023
2022-09-01	B/Nosy_Be/05052/2022_EPI_ISL_14653413	0.016929	2.7672279999999927	3.3492830000000002	0.001095446150412135	0.01693704139747369	2.76683705410737	2023-02-01	lbi	south	2023
2022-09-01	B/Orebro/1/2022_EPI_ISL_12894009__dup2	0.001172	2.7239799999999916	3.072420000000001	0.012099437727467946	0.001177945220586803	2.7236044508387547	2023-02-01	lbi	south	2023
2022-09-01	B/Orebro/2/2022_EPI_ISL_12894010	0.001222	2.7239799999999916	3.072420000000001	0.011899598995865741	0.0012280965931592887	2.7236044508387547	2023-02-01	lbi	south	2023
2022-09-01	B/Orebro/2/2022_EPI_ISL_12894010__dup2	0.001222	2.7239799999999916	3.072420000000001	0.011899598995865741	0.0012280965931592887	2.7236044508387547	2023-02-01	lbi	south	2023
2022-09-01	B/Para/181912-IEC/2022_EPI_ISL_11498165	0.000128	2.9583399999999913	3.2470310000000002	0.021538564886016017	0.00012915627748468186	2.9581383013781783	2023-02-01	lbi	south	2023
2022-09-01	B/Para/181956-IEC/2022_EPI_ISL_14223080	0.0005780000000000001	2.9583399999999913	3.2470310000000002	0.010030432748314212	0.0005804314313678221	2.9581383013781783	2023-02-01	lbi	south	2023
2022-09-01	B/Para/182332-IEC/2022_EPI_ISL_14223339	0.000377	2.9583399999999913	3.2470310000000002	0.012113286569233253	0.0003789145995706771	2.9581383013781783	2023-02-01	lbi	south	2023
2022-09-01	B/Para/182333-IEC/2022_EPI_ISL_14224196	0.000664	2.9583399999999913	3.2470310000000002	0.012819137852555	0.0006675684390785808	2.9581383013781783	2023-02-01	lbi	south	2023
2022-09-01	B/Para/182335-IEC/2022_EPI_ISL_14224223	0.000359	3.956746999999992	4.206979999999997	0.010033312591363672	0.00036051061227929386	3.9565661441905413	2023-02-01	lbi	south	2023
2022-09-01	B/Para/182380-IEC/2022_EPI_ISL_14224237	0.002135	2.9583399999999913	3.2470310000000002	0.00939376071874171	0.00214341247228432	2.9581383013781783	2023-02-01	lbi	south	2023
2022-09-01	B/Para/182383-IEC/2022_EPI_ISL_14224324	0.0019030000000000002	2.9583399999999913	3.2470310000000002	0.010063064008940751	0.0019110311972364968	2.9581383013781783	2023-02-01	lbi	south	2023
2022-09-01	B/Para/182385-IEC/2022_EPI_ISL_14224364	0.001222	2.9583399999999913	3.2470310000000002	0.014716478156816254	0.0012295388559274178	2.9581383013781783	2023-02-01	lbi	south	2023
2022-09-01	B/Para/183191-IEC/2022_EPI_ISL_14276604	0.013951	2.9583399999999913	3.2470310000000002	0.0017073173339583094	0.013961185725259699	2.9581383013781783	2023-02-01	lbi	south	2023
2022-09-01	B/Poland/PL01/2022_EPI_ISL_12943207	0.001441	3.485323999999991	3.7875539999999983	0.005029518568561625	0.001444049628016607	3.484931409847631	2023-02-01	lbi	south	2023
2022-09-01	B/Poland/PL26/2022_EPI_ISL_12943210	0.001626	3.485323999999991	3.7875539999999983	0.010094375130754065	0.0016328834819865862	3.484931409847631	2023-02-01	lbi	south	2023
2022-09-01	B/Poland/PL43/2022_EPI_ISL_12943217__dup2	0.001978	3.485323999999991	3.7875539999999983	0.008993878597392622	0.001985463009656093	3.484931409847631	2023-02-01	lbi	south	2023
2022-09-01	B/Poland/PL46/2022_EPI_ISL_12943220__dup2	0.002218	4.480867999999989	4.787543999999991	0.002586731418044075	0.002220432845310417	4.480490544157007	2023-02-01	lbi	south	2023
2022-09-01	B/Poland/PL47/2022_EPI_ISL_12943222	0.002218	3.485323999999991	3.7875539999999983	0.0072075783392203715	0.0022247120802892546	3.484931409847631	2023-02-01	lbi	south	2023
2022-09-01	B/Qatar/10-VI-22-1458060/2022_EPI_ISL_13817445	0.002303	2.9844399999999918	3.3228690000000003	-0.004366692593637754	0.0022988560373767603	2.984358784281998	2023-02-01	lbi	south	2023
2022-09-01	B/Qatar/10-VI-22-1458060/2022_EPI_ISL_13817445__dup2	0.002303	2.9844399999999918	3.3228690000000003	-0.004366692593637754	0.0022988560373767603	2.984358784281998	2023-02-01	lbi	south	2023
2022-09-01	B/Qatar/10-VI-22-1473470/2022_EPI_ISL_13817444	0.002669	2.0009939999999946	2.3497569999999994	0.0020070334167592405	0.0026712822295018716	2.0008618005991563	2023-02-01	lbi	south	2023
2022-09-01	B/Qatar/10-VI-22-1473470/2022_EPI_ISL_13817444__dup2	0.002669	2.0009939999999946	2.3497569999999994	0.0020070334167592405	0.0026712822295018716	2.0008618005991563	2023-02-01	lbi	south	2023
2022-09-01	B/Qatar/10-VI-22-1483780/2022_EPI_ISL_14333258	0.002869	2.0009939999999946	2.3497569999999994	0.0024704461876989227	0.0028720077456502106	2.0008618005991563	2023-02-01	lbi	south	2023
2022-09-01	B/Qatar/10-VI-22-1483780/2022_EPI_ISL_14333258__dup2	0.002869	2.0009939999999946	2.3497569999999994	0.0037518382094452176	0.0028735415583301636	2.0008618005991563	2023-02-01	lbi	south	2023
2022-09-01	B/Qatar/10-VI-22-1520763/2022_EPI_ISL_14333261	0.0040479999999999995	2.0009939999999946	2.3497569999999994	0.0010808141255272661	0.004049898138289215	2.0008618005991563	2023-02-01	lbi	south	2023
2022-09-01	B/Qatar/10-VI-22-1520763/2022_EPI_ISL_14333261__dup2	0.0040479999999999995	2.0009939999999946	2.3497569999999994	0.0010808141255272661	0.004049898138289215	2.0008618005991563	2023-02-01	lbi	south	2023
2022-09-01	B/Qatar/10-VI-22-1538710/2022_EPI_ISL_13817437	0.004914	2.0009939999999946	2.3497569999999994	0.005682185105884317	0.004925738978601488	2.0008618005991563	2023-02-01	lbi	south	2023
2022-09-01	B/Qatar/10-VI-22-1538710/2022_EPI_ISL_13817437__dup2	0.004914	2.991145999999991	3.3497470000000003	0.004909180726238384	0.0049241527266512	2.9910134951458542	2023-02-01	lbi	south	2023
2022-09-01	B/Qatar/15-VI-22-1498604/2022_EPI_ISL_13817441	0.003303	2.0009939999999946	2.3497569999999994	0.003482110828514054	0.0033078567909059667	2.0008618005991563	2023-02-01	lbi	south	2023
2022-09-01	B/Qatar/15-VI-22-1498604/2022_EPI_ISL_13817441__dup2	0.003303	2.0009939999999946	2.3497569999999994	0.0031132911307251115	0.0033073484954872718	2.0008618005991563	2023-02-01	lbi	south	2023
2022-09-01	B/Qatar/16-VI-22-1506618/2022_EPI_ISL_14333259	0.0034189999999999997	2.0009939999999946	2.3497569999999994	0.0029499735964149108	0.003423268255044334	2.0008618005991563	2023-02-01	lbi	south	2023
2022-09-01	B/Qatar/16-VI-22-1506618/2022_EPI_ISL_14333259__dup2	0.0034189999999999997	2.0009939999999946	2.3497569999999994	0.0029499735964149108	0.003423268255044334	2.0008618005991563	2023-02-01	lbi	south	2023
2022-09-01	B/Qatar/16-VI-22-1506796/2022_EPI_ISL_14333260	0.003539	2.0009939999999946	2.3497569999999994	0.0019723142330797896	0.003541974916204889	2.0008618005991563	2023-02-01	lbi	south	2023
2022-09-01	B/Qatar/21-VI-22-1384971/2022_EPI_ISL_13817448	0.001172	2.0009939999999946	2.3497569999999994	0.004654445259903096	0.0011742968018169412	2.0008618005991563	2023-02-01	lbi	south	2023
2022-09-01	B/Qatar/21-VI-22-1384971/2022_EPI_ISL_13817448__dup2	0.001172	2.0009939999999946	2.3497569999999994	0.004654445259903096	0.0011742968018169412	2.0008618005991563	2023-02-01	lbi	south	2023
2022-09-01	B/Qatar/21-VI-22-1402857/2022_EPI_ISL_13817447	0.001328	2.0009939999999946	2.3497569999999994	0.004558192078333479	0.0013305491560658934	2.0008618005991563	2023-02-01	lbi	south	2023
2022-09-01	B/Qatar/21-VI-22-1402857/2022_EPI_ISL_13817447__dup2	0.001328	2.0009939999999946	2.3497569999999994	0.005686691287923836	0.0013311749380411028	2.0008618005991563	2023-02-01	lbi	south	2023
2022-09-01	B/Qatar/21-VI-22-1481523/2022_EPI_ISL_13817449	0.002768	2.7239799999999916	3.072420000000001	0.001337331294096123	0.00276959394080447	2.7236044508387547	2023-02-01	lbi	south	2023
2022-09-01	B/Qatar/21-VI-22-1481523/2022_EPI_ISL_13817449__dup2	0.002768	3.704982999999992	4.072409999999999	0.001337331294096123	0.00276959394080447	3.704607315016031	2023-02-01	lbi	south	2023
2022-09-01	B/Qatar/32-VI-22-1467769/2022_EPI_ISL_13817435	0.0024809999999999997	2.0009939999999946	2.3497569999999994	0.001838312448802225	0.0024829469146787427	2.0008618005991563	2023-02-01	lbi	south	2023
2022-09-01	B/Qatar/32-VI-22-1547063/2022_EPI_ISL_13817436	0.00507	2.0009939999999946	2.3497569999999994	0.0012729039849492738	0.005072783358291554	2.0008618005991563	2023-02-01	lbi	south	2023
2022-09-01	B/Qatar/34-VI-22-1454562/2022_EPI_ISL_13817446	0.002135	4.369708999999993	4.863470999999995	-0.006712167766809899	0.0021290766086702025	4.370485486140959	2023-02-01	lbi	south	2023
2022-09-01	B/Qatar/47-VI-22-1481923/2022_EPI_ISL_13817443	0.002869	2.995235999999992	3.3496230000000002	0.002391831714310677	0.002871913671617427	2.995117973255922	2023-02-01	lbi	south	2023
2022-09-01	B/Qinghai-Chengbei/1100/2022_EPI_ISL_14033436	9.2e-05	3.072563999999994	3.836078999999997	0.0044411543638721495	9.217210321313548e-05	3.0736638401939977	2023-02-01	lbi	south	2023
2022-09-01	B/Rhode_Island/01/2022_EPI_ISL_10492375	4.3e-05	5.993441999999993	6.337017999999997	0.0035365024346590682	4.306420393756246e-05	5.993398733166013	2023-02-01	lbi	south	2023
2022-09-01	B/Rhode_Island/01/2022_EPI_ISL_10492375__dup2	4.3e-05	5.993441999999993	6.337017999999997	0.0035365024346590682	4.306420393756246e-05	5.993398733166013	2023-02-01	lbi	south	2023
2022-09-01	B/Romania/519824/2022_EPI_ISL_14333265__dup2	0.00829	2.0009939999999946	2.3497569999999994	0.0018932471435486465	0.008296695314862308	2.0008618005991563	2023-02-01	lbi	south	2023
2022-09-01	B/Romania/519830/2022_EPI_ISL_13983271	0.00829	2.0009939999999946	2.3497569999999994	0.002743723053130973	0.00829963589397332	2.0008618005991563	2023-02-01	lbi	south	2023
2022-09-01	B/Romania/519831/2022_EPI_ISL_14333266	0.00829	2.0009939999999946	2.3497569999999994	-0.00041544117721046414	0.00828871811750115	2.0008618005991563	2023-02-01	lbi	south	2023
2022-09-01	B/Saint-Petersburg/RII-05V/2022_EPI_ISL_13331878	0.0005780000000000001	2.4274369999999936	2.9030590000000003	-0.0005590312858786065	0.0005778760489711285	2.4280480010644294	2023-02-01	lbi	south	2023
2022-09-01	B/Saint-Petersburg/RII-16646S/2022_EPI_ISL_13331875	0.000479	2.4274369999999936	2.9030590000000003	-3.521145345607699e-05	0.00047900181403361846	2.4280480010644294	2023-02-01	lbi	south	2023
2022-09-01	B/Saint-Petersburg/RII-17745S/2022_EPI_ISL_13331876	0.0005780000000000001	4.628411999999987	5.086731999999994	-0.00686958565132859	0.0005763585789350171	4.628606320000351	2023-02-01	lbi	south	2023
2022-09-01	B/Sakhalin/209-51V/2022_EPI_ISL_13156666	3.2e-05	2.4274369999999936	2.9030590000000003	-0.008934313432581503	3.188168575819968e-05	2.4280480010644294	2023-02-01	lbi	south	2023
2022-09-01	B/Samara/13/2022_EPI_ISL_13345792	1.1e-05	3.4172219999999953	3.902996999999997	-0.01350281175419675	1.0938487789541048e-05	3.4178808901282367	2023-02-01	lbi	south	2023
2022-09-01	B/Samara/13/2022_EPI_ISL_13345792__dup2	1.1e-05	3.4172219999999953	3.902996999999997	-0.01350281175419675	1.0938487789541048e-05	3.4178808901282367	2023-02-01	lbi	south	2023
2022-09-01	B/Samara/13/2022_EPI_ISL_13345792__dup3	1.1e-05	3.4223029999999954	3.903022999999997	-0.01350281175419675	1.0938487789541048e-05	3.422948037864649	2023-02-01	lbi	south	2023
2022-09-01	B/Serbia/1675/2022_EPI_ISL_14466299	0.000907	2.998813999999992	3.3372750000000004	0.00483894972763705	0.000908847340406628	2.998698324270672	2023-02-01	lbi	south	2023
2022-09-01	B/Serbia/2127/2022_EPI_ISL_13957818	0.001441	2.0009939999999946	2.3497569999999994	0.004213012765774802	0.0014435584303680435	2.0008618005991563	2023-02-01	lbi	south	2023
2022-09-01	B/Serbia/2652/2022_EPI_ISL_13957817	0.0053939999999999995	2.0009939999999946	2.3497569999999994	0.0009823528448915178	0.005396307897074439	2.0008618005991563	2023-02-01	lbi	south	2023
2022-09-01	B/Shaanxi-Baota/1208/2022_EPI_ISL_14033384	0.000135	3.072563999999994	3.836078999999997	0.005366063741981044	0.000135304676280511	3.0736638401939977	2023-02-01	lbi	south	2023
2022-09-01	B/Shaanxi-Baota/1278/2022_EPI_ISL_14033358	0.000266	4.017933999999995	4.8360689999999975	0.0006266872830014159	0.0002660743782138274	4.0191342312023375	2023-02-01	lbi	south	2023
2022-09-01	B/Shaanxi-Baota/1278/2022_EPI_ISL_14033358__dup5	0.000266	4.017933999999995	4.8360689999999975	0.0006266872830014159	0.0002660743782138274	4.0191342312023375	2023-02-01	lbi	south	2023
2022-09-01	B/Shaanxi-Linwei/1163/2022_EPI_ISL_14033291	0.000294	5.036670999999992	5.823424999999993	-0.006657171920362038	0.00029319103825936155	5.037865502258584	2023-02-01	lbi	south	2023
2022-09-01	B/Shaanxi-Qindou/1421/2022_EPI_ISL_14033236	0.0031899999999999997	4.017933999999995	4.8360689999999975	-0.0035667687049863485	0.003185321486885823	4.0191342312023375	2023-02-01	lbi	south	2023
2022-09-01	B/Shaanxi-Yuyang/1231/2022_EPI_ISL_14456633	0.000325	3.072563999999994	3.836078999999997	0.003751387966773438	0.00032551440615421784	3.0736638401939977	2023-02-01	lbi	south	2023
2022-09-01	B/Shandong-Boshan/1114/2022_EPI_ISL_14033439	0.000102	7.0441270000000005	7.707235999999996	-0.0035760861285503718	0.00010185000950086193	7.044525196614587	2023-02-01	lbi	south	2023
2022-09-01	B/Shandong-Boshan/1114/2022_EPI_ISL_14033439__dup2	0.000102	7.0441270000000005	7.707235999999996	-0.0035760861285503718	0.00010185000950086193	7.044525196614587	2023-02-01	lbi	south	2023
2022-09-01	B/Shandong-Daiyue/17/2022_EPI_ISL_14033536	1.2e-05	7.0441270000000005	7.707235999999996	-0.0004653532249747485	1.1997894921236434e-05	7.044525196614587	2023-02-01	lbi	south	2023
2022-09-01	B/Shandong-Fushan/1256/2022_EPI_ISL_14033294	0.001172	4.063391999999996	4.835074999999998	-0.004244144933841736	0.0011699508694333934	4.0645296835596065	2023-02-01	lbi	south	2023
2022-09-01	B/Shandong-Rencheng/1206/2022_EPI_ISL_14033453	4.6e-05	7.0441270000000005	7.707235999999996	-0.004100834788211274	4.5922315430843864e-05	7.044525196614587	2023-02-01	lbi	south	2023
2022-09-01	B/Shandong-Shizhong/1123/2022_EPI_ISL_14033392	0.00045700000000000005	4.017933999999995	4.8360689999999975	-0.0006172765182056048	0.0004568909088468731	4.0191342312023375	2023-02-01	lbi	south	2023
2022-09-01	B/Shanxi-Chengqu/1104/2022_EPI_ISL_14033478	8.7e-05	3.072563999999994	3.836078999999997	0.004545175530816954	8.716652768073712e-05	3.0736638401939977	2023-02-01	lbi	south	2023
2022-09-01	B/Shanxi-Chengqu/119/2022_EPI_ISL_13497746	1.2e-05	4.059913999999995	4.714874999999998	-0.0015376047024844408	1.1992535801577946e-05	4.061067886045418	2023-02-01	lbi	south	2023
2022-09-01	B/Shanxi-Chengqu/119/2022_EPI_ISL_13497746__dup3	1.2e-05	4.059913999999995	4.714874999999998	-0.0015376047024844408	1.1992535801577946e-05	4.061067886045418	2023-02-01	lbi	south	2023
2022-09-01	B/Shanxi-Lishi/153/2022_EPI_ISL_14033576	2.8000000000000013e-05	4.072293999999996	4.835986999999998	-0.005244178658653454	2.79394004269864e-05	4.0734144720227645	2023-02-01	lbi	south	2023
2022-09-01	B/Shanxi-Xinfu/133/2022_EPI_ISL_14033574__dup2	2.1e-05	5.01634099999999	5.796017999999992	-0.009316802995084037	2.091902213496643e-05	5.017562074014704	2023-02-01	lbi	south	2023
2022-09-01	B/Shanxi-Yuci/119/2022_EPI_ISL_14033577	1.3000000000000001e-05	4.072517999999995	4.8211809999999975	-0.0026080744884275243	1.2986120305848717e-05	4.0736378679533845	2023-02-01	lbi	south	2023
2022-09-01	B/Sichuan-Chuanshan/1116/2022_EPI_ISL_14033425	9.2e-05	3.072563999999994	3.836078999999997	0.0064570780954966355	9.22495573757079e-05	3.0736638401939977	2023-02-01	lbi	south	2023
2022-09-01	B/Sichuan-Chuanshan/1329/2022_EPI_ISL_14033341	0.0008300000000000001	8.854489999999988	9.597782999999993	-0.006869154007887476	0.0008276430909220985	8.855187505187018	2023-02-01	lbi	south	2023
2022-09-01	B/Sichuan-Gaoxin/1188/2022_EPI_ISL_14033377	0.000342	3.072563999999994	3.836078999999997	0.009748497941817348	0.0003433983246584982	3.0736638401939977	2023-02-01	lbi	south	2023
2022-09-01	B/Sichuan-Qingyang/1228/2022_EPI_ISL_14033502	9.7e-05	4.064193999999996	4.835453999999999	-0.0006870154138985132	9.697402708507954e-05	4.0653282372583055	2023-02-01	lbi	south	2023
2022-09-01	B/Sichuan-Qingyang/1769/2022_EPI_ISL_14033237	0.002574	3.072563999999994	3.836078999999997	-0.00039679295799082586	0.0025736219796426256	3.0736638401939977	2023-02-01	lbi	south	2023
2022-09-01	B/Sichuan-Qingyang/1769/2022_EPI_ISL_14033237__dup2	0.002574	4.038805999999996	4.823630999999997	-0.0004987587664853799	0.0025735126396962066	4.039974931889838	2023-02-01	lbi	south	2023
2022-09-01	B/Sichuan-Shunqing/1169/2022_EPI_ISL_14033411	0.00023999999999999998	7.0441270000000005	7.707235999999996	-0.003658898044743412	0.00023963881230699028	7.044525196614587	2023-02-01	lbi	south	2023
2022-09-01	B/Singapore/GP1962/2022_EPI_ISL_13835116	0.008071	3.9657519999999913	4.215394999999997	-0.006681563974067408	0.008048710271798896	3.9657572510660413	2023-02-01	lbi	south	2023
2022-09-01	B/Singapore/KK0037/2022_EPI_ISL_13835113	0.008512	3.8218519999999914	4.348602999999995	0.0028233237568908295	0.00852217658600909	3.821765572638215	2023-02-01	lbi	south	2023
2022-09-01	B/Singapore/KK0038/2022_EPI_ISL_13835114	0.009202	3.8218519999999914	4.348602999999995	0.0023495449544903113	0.009211182981555148	3.821765572638215	2023-02-01	lbi	south	2023
2022-09-01	B/Singapore/KK0039/2022_EPI_ISL_13835115	0.010931999999999999	3.8218519999999914	4.348602999999995	0.0016306939772443734	0.010939632263049193	3.821765572638215	2023-02-01	lbi	south	2023
2022-09-01	B/Singapore/SAR0028/2022_EPI_ISL_13835103	1e-05	4.42386299999999	4.857585999999994	-0.014937220869349472	9.938138301582462e-06	4.424519078494392	2023-02-01	lbi	south	2023
2022-09-01	B/Singapore/SAR0562/2022_EPI_ISL_13835104	1.2e-05	3.425843999999995	3.8630079999999976	-0.014937302298362556	1.1925765557272562e-05	3.4264758438767937	2023-02-01	lbi	south	2023
2022-09-01	B/Singapore/SAR0615/2022_EPI_ISL_13835105	1.2e-05	3.425843999999995	3.8630079999999976	-0.014937302305241228	1.1925765557238383e-05	3.4264758438767937	2023-02-01	lbi	south	2023
2022-09-01	B/Singapore/SAR0691/2022_EPI_ISL_13835106	1.4000000000000001e-05	2.0009939999999946	2.3497569999999994	0.02210882410067899	1.4129824810550834e-05	2.0008618005991563	2023-02-01	lbi	south	2023
2022-09-01	B/Singapore/SAR0950/2022_EPI_ISL_13835107	1.6e-05	2.0009939999999946	2.3497569999999994	0.011597361684373394	1.607779961996884e-05	2.0008618005991563	2023-02-01	lbi	south	2023
2022-09-01	B/Singapore/SAR1125/2022_EPI_ISL_13835108	1.8e-05	3.425843999999995	3.8630079999999976	-0.014937302345220645	1.7888648335559585e-05	3.4264758438767937	2023-02-01	lbi	south	2023
2022-09-01	B/Singapore/SAR1224/2022_EPI_ISL_13835109	1.9e-05	4.42386299999999	4.857585999999994	-0.014937228037726437	1.8882462716608085e-05	4.424519078494392	2023-02-01	lbi	south	2023
2022-09-01	B/Singapore/SAR1316/2022_EPI_ISL_13835110	2.1e-05	3.425843999999995	3.8630079999999976	-0.014937302358067985	2.087008972470779e-05	3.4264758438767937	2023-02-01	lbi	south	2023
2022-09-01	B/Singapore/SAR1758/2022_EPI_ISL_13835111	2.4e-05	3.425843999999995	3.8630079999999976	-0.014937302370682956	2.3851531113826397e-05	3.4264758438767937	2023-02-01	lbi	south	2023
2022-09-01	B/Singapore/SAR3200/2022_EPI_ISL_13835112	2.9999999999999997e-05	3.425843999999995	3.8630079999999976	-0.014937302395232535	2.981441389197802e-05	3.4264758438767937	2023-02-01	lbi	south	2023
2022-09-01	B/Singapore/SAR3789/2022_EPI_ISL_13835117	3.2e-05	3.425843999999995	3.8630079999999976	-0.014937302401231178	3.180204148469707e-05	3.4264758438767937	2023-02-01	lbi	south	2023
2022-09-01	B/Singapore/SAR3797/2022_EPI_ISL_13835118	3.2e-05	4.42575999999999	4.862997999999994	-0.014937302401231178	3.180204148469707e-05	4.426412239793821	2023-02-01	lbi	south	2023
2022-09-01	B/Singapore/SAR4103/2022_EPI_ISL_13835119	3.4e-05	3.425843999999995	3.8630079999999976	-0.014937302407175322	3.378966907740695e-05	3.4264758438767937	2023-02-01	lbi	south	2023
2022-09-01	B/Sodertalje/1/2022_EPI_ISL_12121020	0.000294	2.0009939999999946	2.3497569999999994	0.008593828753739468	0.00029506007742030393	2.0008618005991563	2023-02-01	lbi	south	2023
2022-09-01	B/South_Africa/R00493/2022_EPI_ISL_14467490	1.4999999999999999e-05	3.4147869999999942	3.781854999999999	-0.0014273885151810139	1.4991358190473858e-05	3.415452046915851	2023-02-01	lbi	south	2023
2022-09-01	B/South_Africa/R05391/2022_EPI_ISL_13957811	0.0052299999999999	3.4147869999999942	3.781854999999999	-0.006869524213394195	0.0052151478287110475	3.415452046915851	2023-02-01	lbi	south	2023
2022-09-01	B/South_Australia/2/2022_EPI_ISL_14115536	0.014241	2.8251239999999918	3.2039210000000002	-0.0036457693163156808	0.014219645810831693	2.824885748000125	2023-02-01	lbi	south	2023
2022-09-01	B/Sri_Lanka/1/2022_EPI_ISL_10331631	2.2e-05	3.9852779999999917	4.349736999999996	0.006962624837866137	2.206432400224896e-05	3.9852230324458437	2023-02-01	lbi	south	2023
2022-09-01	B/Stockholm/1/2022_EPI_ISL_12120575	6.9e-05	2.0009939999999946	2.3497569999999994	0.012535382634624935	6.936261539164262e-05	2.0008618005991563	2023-02-01	lbi	south	2023
2022-09-01	B/Stockholm/1/2022_EPI_ISL_12120575__dup2	6.9e-05	2.0009939999999946	2.3497569999999994	0.012535382634624935	6.936261539164262e-05	2.0008618005991563	2023-02-01	lbi	south	2023
2022-09-01	B/Stockholm/2/2022_EPI_ISL_12121019	0.00028	2.0009939999999946	2.3497569999999994	0.013901215399242417	0.0002816317129098892	2.0008618005991563	2023-02-01	lbi	south	2023
2022-09-01	B/Stockholm/2/2022_EPI_ISL_12121019__dup2	0.00028	2.0009939999999946	2.3497569999999994	0.013901215399242417	0.0002816317129098892	2.0008618005991563	2023-02-01	lbi	south	2023
2022-09-01	B/Stockholm/3/2022_EPI_ISL_12894006	0.0008300000000000001	3.485323999999991	3.7875539999999983	0.01158538220146852	0.0008340316922469945	3.484931409847631	2023-02-01	lbi	south	2023
2022-09-01	B/Stockholm/3/2022_EPI_ISL_12894006__dup3	0.0008300000000000001	3.485323999999991	3.7875539999999983	0.01158538220146852	0.0008340316922469945	3.484931409847631	2023-02-01	lbi	south	2023
2022-09-01	B/Stockholm/5/2022_EPI_ISL_14755419	0.009679	2.0009939999999946	2.3497569999999994	0.0006966944169017165	0.009681988832285588	2.0008618005991563	2023-02-01	lbi	south	2023
2022-09-01	B/Stockholm/6/2022_EPI_ISL_14755420	0.010169	2.0009939999999946	2.3497569999999994	0.0006952870388782505	0.010172134177095421	2.0008618005991563	2023-02-01	lbi	south	2023
2022-09-01	B/Stockholm/7/2022_EPI_ISL_14755422	0.011192	2.0009939999999946	2.3497569999999994	-0.0007335523123013835	0.011188786250732614	2.0008618005991563	2023-02-01	lbi	south	2023
2022-09-01	B/Tambov/CRIE/180/2022_EPI_ISL_10340375	6.500000000000001e-05	2.4274369999999936	2.9030590000000003	-0.0022923576934913673	6.493914362500196e-05	2.4280480010644294	2023-02-01	lbi	south	2023
2022-09-01	B/Tianjin-Nankai/1219/2022_EPI_ISL_14033361	0.000102	3.072563999999994	3.836078999999997	0.005438511420473807	0.00010223328587823541	3.0736638401939977	2023-02-01	lbi	south	2023
2022-09-01	B/Togo/1186/2022_EPI_ISL_13957812	0.006642	3.9693099999999912	4.121009999999996	-0.006754549675817908	0.006623455322473585	3.969306119680721	2023-02-01	lbi	south	2023
2022-09-01	B/Togo/726/2022_EPI_ISL_13957814	0.000664	2.984409999999992	3.2777750000000005	-0.006869575607469482	0.0006621143564263618	2.9843438690243427	2023-02-01	lbi	south	2023
2022-09-01	B/Togo/777/2022_EPI_ISL_13957813	0.000868	4.967553999999992	5.108627999999991	-0.0066758959057632294	0.0008656048835838896	4.96757490991355	2023-02-01	lbi	south	2023
2022-09-01	B/Tver/CRIE/179/2021_EPI_ISL_9993346	5.5e-05	2.4274369999999936	2.9030590000000003	-0.0019474229906961593	5.495640406453937e-05	2.4280480010644294	2023-02-01	lbi	south	2023
2022-09-01	B/Ukraine/369/2022_EPI_ISL_14333274	0.00045700000000000005	3.485323999999991	3.7875539999999983	0.009920201095757385	0.00045890135154278414	3.484931409847631	2023-02-01	lbi	south	2023
2022-09-01	B/Ukraine/402/2022_EPI_ISL_14333268	0.0024809999999999997	3.485323999999991	3.7875539999999983	0.009992265528428216	0.0024913970246929393	3.484931409847631	2023-02-01	lbi	south	2023
2022-09-01	B/Ukraine/402/2022_EPI_ISL_14333268__dup2	0.0024809999999999997	3.485323999999991	3.7875539999999983	0.006615393475030263	0.002487894019276667	3.484931409847631	2023-02-01	lbi	south	2023
2022-09-01	B/Ukraine/407/2022_EPI_ISL_14333269	0.009202	3.485323999999991	3.7875539999999983	0.0028727622944394343	0.009213191304902273	3.484931409847631	2023-02-01	lbi	south	2023
2022-09-01	B/Volgograd/202-a104V/2022_EPI_ISL_9636764	1.6e-05	2.4274369999999936	2.9030590000000003	0.0023200705778633536	1.601577024090638e-05	2.4280480010644294	2023-02-01	lbi	south	2023
2022-09-01	B/Volgograd/202-a104V/2022_EPI_ISL_9636764__dup2	1.6e-05	2.4274369999999936	2.9030590000000003	0.0008992772354433824	1.6006291755246802e-05	2.4280480010644294	2023-02-01	lbi	south	2023
2022-09-01	B/Xinjiang-Bole/1186/2022_EPI_ISL_14033493	7.3e-05	3.072563999999994	3.836078999999997	0.006832132534249557	7.320945809700496e-05	3.0736638401939977	2023-02-01	lbi	south	2023
2022-09-01	B/Xinjiang-Hetian/1345/2022_EPI_ISL_14033297	0.000634	8.854489999999988	9.597782999999993	-0.0064392426526357445	0.0006323129181215252	8.855187505187018	2023-02-01	lbi	south	2023
2022-09-01	B/Xinjiang-Yining/1175/2022_EPI_ISL_14033460	8.2e-05	5.063459999999992	5.8354439999999945	-0.004306718611646064	8.185449662833853e-05	5.064615974281761	2023-02-01	lbi	south	2023
2022-09-01	B/Xinjiang-Yizhou/1164/2022_EPI_ISL_14033422	0.0001419999999999	4.064193999999996	4.835453999999999	-0.001538002683201109	0.00014191165011936203	4.0653282372583055	2023-02-01	lbi	south	2023
2022-09-01	B/Yunnan-Anning/1120/2022_EPI_ISL_14033388	0.000217	10.021290999999994	10.396270000000001	-0.00529731450849937	0.00021652555939373797	10.021808898247556	2023-02-01	lbi	south	2023
2022-09-01	B/Yunnan-Qilin/1414/2022_EPI_ISL_14033219	0.00829	3.072563999999994	3.836078999999997	9.033766907808943e-05	0.008290465075858837	3.0736638401939977	2023-02-01	lbi	south	2023
2022-09-01	B/Yunnan-Qilin/166/2022_EPI_ISL_14033504	3.6e-05	4.071315999999995	4.8360689999999975	-0.004283104542454898	3.593647405523208e-05	4.072439250088015	2023-02-01	lbi	south	2023
2022-09-01	B/Yunnan-Shiping/34/2022_EPI_ISL_14033505	1.9e-05	8.854489999999988	9.597782999999993	-0.014182999276344872	1.88883976893218e-05	8.855187505187018	2023-02-01	lbi	south	2023
2022-09-01	B/Yunnan-Wuhua/1135/2022_EPI_ISL_14033443	0.000102	4.065959999999995	4.8360689999999975	0.00030803289261114827	0.00010201497527008456	4.067073997071329	2023-02-01	lbi	south	2023
2022-09-01	B/Yunnan-Yingjiang/33/2022_EPI_ISL_14033259	0.001441	6.046549999999997	6.768541999999994	-0.0068506447066547516	0.001436919146860648	6.047780039945584	2023-02-01	lbi	south	2023
2022-09-01	B/Zhejiang-Dinghai/1322/2022_EPI_ISL_14033348	0.0008300000000000001	3.072563999999994	3.836078999999997	0.003175342811159218	0.0008311142071897009	3.0736638401939977	2023-02-01	lbi	south	2023
2022-09-01	B/Zhejiang-Gongshu/1119/2022_EPI_ISL_14033447	7.7e-05	4.009581999999995	4.7147679999999985	-0.0029133785747970866	7.690800541143289e-05	4.010650378122042	2023-02-01	lbi	south	2023
2022-09-01	B/Zhejiang-Haishu/1206/2022_EPI_ISL_14033481	7.3e-05	3.072563999999994	3.836078999999997	0.006514657754257159	7.319977450557964e-05	3.0736638401939977	2023-02-01	lbi	south	2023
2022-09-01	B/Zhejiang-Liandou/1146/2022_EPI_ISL_14033479	9.7e-05	5.0653819999999925	5.661549999999994	-0.001018142629791937	9.696064853318356e-05	5.066539819826616	2023-02-01	lbi	south	2023
2022-09-01	B/Zhejiang-Linhai/1328/2022_EPI_ISL_14033265	0.000868	5.045386999999992	5.823434999999993	-0.005444038706922976	0.0008660492899615463	5.046570246655121	2023-02-01	lbi	south	2023
2022-09-01	B/Zhejiang-Longwan/1160/2022_EPI_ISL_14033446	9.7e-05	3.072563999999994	3.836078999999997	0.005877149687706004	9.72396207631505e-05	3.0736638401939977	2023-02-01	lbi	south	2023
2022-09-01	B/Zhejiang-Longwan/1197/2022_EPI_ISL_14033480	0.000102	3.072563999999994	3.836078999999997	0.004982005531871988	0.00010221384185376958	3.0736638401939977	2023-02-01	lbi	south	2023
2022-09-01	B/Zhejiang-Longwan/1573/2022_EPI_ISL_14033227	0.0052299999999999	3.072563999999994	3.836078999999997	-0.002007361735252063	0.005225723911513455	3.0736638401939977	2023-02-01	lbi	south	2023
2022-09-01	B/Zhejiang-Nanhu/1374/2022_EPI_ISL_14033253	0.001562	5.054081999999991	5.634415999999995	-0.006590454723288624	0.001557745349706105	5.055272295489096	2023-02-01	lbi	south	2023
2022-09-01	B/Zhejiang-Nanhu/1517/2022_EPI_ISL_14033226	0.006266	5.992761999999997	6.835200999999991	-0.00546768636112253	0.006251856429961639	5.994059190976184	2023-02-01	lbi	south	2023
2022-09-01	B/Zhejiang-Yuecheng/1554/2022_EPI_ISL_14033250	0.0019030000000000002	3.072563999999994	3.836078999999997	0.00015270745158774162	0.0019031562173315655	3.0736638401939977	2023-02-01	lbi	south	2023
2023-09-01	A/Pakistan/GIHSN/ICT/1091/2023_EPI_ISL_17087764	0.000143	2.6492509999999974	3.106640999999991	0.004155162980695823	0.00014325018378967276	2.6491668422980217	2024-02-01	lbi	south	2024
2023-09-01	A/Pakistan/GIHSN/ICT/1094/2023_EPI_ISL_17087763	0.000143	11.635418999999983	12.114206999999958	0.004155162980695823	0.00014325018378967276	11.635490539969492	2024-02-01	lbi	south	2024
2023-09-01	B/AICHI/1/2023_EPI_ISL_17517224	0.000175	2.6497549999999968	3.1321349999999906	-0.000952386285855892	0.00017493348863354668	2.649672653914685	2024-02-01	lbi	south	2024
2023-09-01	B/AICHI/3/2023_EPI_ISL_17789907	0.000927	4.910947999999994	5.467976999999987	0.0008120532071477915	0.0009273291860098133	4.9109437824632876	2024-02-01	lbi	south	2024
2023-09-01	B/Abu_Dhabi/3959/2023_EPI_ISL_17981374	0.000788	1.6501219999999992	2.1321449999999973	0.0034103072761075917	0.0007891336843369166	1.6500225208919506	2024-02-01	lbi	south	2024
2023-09-01	B/Abu_Dhabi/3967/2023_EPI_ISL_17981405	0.0008210000000000001	1.6501219999999992	2.1321449999999973	0.0021741567804689586	0.0008217577951505567	1.6500225208919506	2024-02-01	lbi	south	2024
2023-09-01	B/Abu_Dhabi/4313/2023_EPI_ISL_17981370	0.001129	1.6501219999999992	2.1321449999999973	0.004034572414042314	0.0011309184016303627	1.6500225208919506	2024-02-01	lbi	south	2024
2023-09-01	B/Abu_Dhabi/4584/2023_EPI_ISL_17981413	0.001526	1.6501219999999992	2.1321449999999973	0.004055401758314549	0.0015286062522821208	1.6500225208919506	2024-02-01	lbi	south	2024
2023-09-01	B/Abu_Dhabi/4719/2023_EPI_ISL_17981364	0.0018280000000000002	1.6501219999999992	2.1321449999999973	0.004264150168111146	0.0018312813126473517	1.6500225208919506	2024-02-01	lbi	south	2024
2023-09-01	B/Abu_Dhabi/5090/2023_EPI_ISL_17981403	0.002323	4.837673999999992	5.436344999999987	0.0006372460579050426	0.0023236556654505826	4.837669220724176	2024-02-01	lbi	south	2024
2023-09-01	B/Abu_Dhabi/5348/2023_EPI_ISL_17981352	0.002649	3.455982999999993	3.872333999999992	-0.0020591408880773123	0.0026467723733462627	3.4560188738639503	2024-02-01	lbi	south	2024
2023-09-01	B/Abu_Dhabi/5590/2023_EPI_ISL_17981397	0.0031030000000000003	4.837673999999992	5.436344999999987	0.00040270127698296114	0.003103572502388086	4.837669220724176	2024-02-01	lbi	south	2024
2023-09-01	B/Abu_Dhabi/6509/2023_EPI_ISL_18109007	0.005742000000000001	4.837673999999992	5.436344999999987	0.0008127409616534604	0.005744040681709643	4.837669220724176	2024-02-01	lbi	south	2024
2023-09-01	B/Abu_Dhabi/7156/2023_EPI_ISL_18108982	0.008622	1.6501219999999992	2.1321449999999973	-0.0002903965552102923	0.008621100702122238	1.6500225208919506	2024-02-01	lbi	south	2024
2023-09-01	B/Abu_Dhabi/7273/2023_EPI_ISL_18108988	0.009149	1.6501219999999992	2.1321449999999973	0.0006020634785709	0.00915144814433635	1.6500225208919506	2024-02-01	lbi	south	2024
2023-09-01	B/Abu_Dhabi/7278/2023_EPI_ISL_18109019	0.009149	1.6501219999999992	2.1321449999999973	-0.00039548420176409305	0.009147645182286892	1.6500225208919506	2024-02-01	lbi	south	2024
2023-09-01	B/Abu_Dhabi/7582/2023_EPI_ISL_18109017	0.010952	3.086558999999995	2.995938999999994	-0.0020066164266202193	0.010943029609577062	3.086419972474776	2024-02-01	lbi	south	2024
2023-09-01	B/Abu_Dhabi/7881/2023_EPI_ISL_18108999	0.012405	2.365639999999997	2.625398999999994	-0.0005024465671015493	0.012402610254242238	2.3656696610113794	2024-02-01	lbi	south	2024
2023-09-01	B/Abu_Dhabi/7991/2023_EPI_ISL_18108987	0.01294	2.365639999999997	2.625398999999994	-0.0006916834345627303	0.012936487124494677	2.3656696610113794	2024-02-01	lbi	south	2024
2023-09-01	B/Ajman/6971/2023_EPI_ISL_18108978	0.006333	4.837673999999992	5.436344999999987	-0.000639546136464881	0.006331418295646571	4.837669220724176	2024-02-01	lbi	south	2024
2023-09-01	B/Ajman/7330/2023_EPI_ISL_18108994	0.008106	1.6501219999999992	2.1321449999999973	-1.9147441063491585e-05	0.008106070622410144	1.6500225208919506	2024-02-01	lbi	south	2024
2023-09-01	B/Ajman/8129/2023_EPI_ISL_18109000	0.012225	4.837673999999992	5.436344999999987	-0.0009601781158150406	0.012220314031487236	4.837669220724176	2024-02-01	lbi	south	2024
2023-09-01	B/Alagoas/4394/2023_EPI_ISL_17699825	0.00045099999999999996	1.6501219999999992	2.1321449999999973	0.005275193557522673	0.00045199993102979435	1.6500225208919506	2024-02-01	lbi	south	2024
2023-09-01	B/Alagoas/5104/2023_EPI_ISL_18092240	0.002736	2.6423099999999966	3.1321349999999906	0.0020364011095404056	0.0027383681865865567	2.6422190634642977	2024-02-01	lbi	south	2024
2023-09-01	B/Alagoas/5763/2023_EPI_ISL_18092308	0.005742000000000001	1.6501219999999992	2.1321449999999973	-0.00014442205323154673	0.0057417503120866745	1.6500225208919506	2024-02-01	lbi	south	2024
2023-09-01	B/Amapa/2023-004388-IEC/2023_EPI_ISL_17464551	2.4e-05	4.589158999999998	5.12120899999999	-0.0010426708809964209	2.3989975955336044e-05	4.58911766392702	2024-02-01	lbi	south	2024
2023-09-01	B/Amapa/2023-008662-IEC/2023_EPI_ISL_17681726	0.000376	5.588389999999986	6.121198999999985	-0.0022759809325970425	0.0003756498683764324	5.588366364190266	2024-02-01	lbi	south	2024
2023-09-01	B/Amazonas/2023-011223-IEC/2023_EPI_ISL_17858038	0.001219	1.6501219999999992	2.1321449999999973	0.004469746791907271	0.0012212927579882571	1.6500225208919506	2024-02-01	lbi	south	2024
2023-09-01	B/Amazonas/2023-019938-IEC/2023_EPI_ISL_18075635	0.0038280000000000002	1.6501219999999992	2.1321449999999973	0.0025498568314690113	0.003832133142292345	1.6500225208919506	2024-02-01	lbi	south	2024
2023-09-01	B/Antananarivo/01669/2023_EPI_ISL_18167567	0.005459	3.4459649999999944	4.109180999999991	0.0006093609729933911	0.005460477355213363	3.4459101704373833	2024-02-01	lbi	south	2024
2023-09-01	B/Antananarivo/01691/2023_EPI_ISL_18167586__dup2	0.005742000000000001	2.5330629999999976	3.1243829999999906	-0.0025753066403305463	0.0057359376178576895	2.5329989916635856	2024-02-01	lbi	south	2024
2023-09-01	B/Antananarivo/01738/2023_EPI_ISL_18167596__dup2	0.006640000000000001	4.432149999999996	5.10915099999999	-0.0006585470777556	0.006638289064640328	4.432115866534054	2024-02-01	lbi	south	2024
2023-09-01	B/Antananarivo/01767/2023_EPI_ISL_18167592__dup2	0.0074379999999999	3.4459649999999944	4.109180999999991	0.00019714954045561617	0.007438735178995355	3.4459101704373833	2024-02-01	lbi	south	2024
2023-09-01	B/Antananarivo/40656/2023_EPI_ISL_18167595	0.010043	3.4459649999999944	4.109180999999991	-0.00017421701379189043	0.010042438612016478	3.4459101704373833	2024-02-01	lbi	south	2024
2023-09-01	B/Antananarivo/50039/2023_EPI_ISL_18167566	0.0056	3.4459649999999944	4.109180999999991	0.00062262904773681	0.005601546480987857	3.4459101704373833	2024-02-01	lbi	south	2024
2023-09-01	B/Antofagasta/31902/2023_EPI_ISL_18137219	0.0008210000000000001	2.108479999999998	1.9960429999999945	0.005808155476600585	0.0008230030154629009	2.1083060316939313	2024-02-01	lbi	south	2024
2023-09-01	B/Arica/26502/2023_EPI_ISL_18137185	0.000562	5.820193999999988	6.4343499999999905	0.0012253306988516987	0.0005622963897522639	5.8202209930365925	2024-02-01	lbi	south	2024
2023-09-01	B/Arica/27435/2023_EPI_ISL_18137197	0.000612	4.837673999999992	5.436344999999987	0.0008492182085662715	0.0006122268072002511	4.837669220724176	2024-02-01	lbi	south	2024
2023-09-01	B/Arizona/06/2023_EPI_ISL_17806250	0.0017640000000000002	4.973457999999991	5.504475999999988	0.0015805331911348034	0.0017651915360497616	4.973451512575931	2024-02-01	lbi	south	2024
2023-09-01	B/Armenia/600/2023_EPI_ISL_18167305	5.400000000000001e-05	5.837466999999988	6.43633499999999	0.0003024491087436753	5.400770693781326e-05	5.837479184239383	2024-02-01	lbi	south	2024
2023-09-01	B/Armenia/622/2023_EPI_ISL_18037434	5.6999999999999996e-05	3.645867999999992	4.132124999999989	-0.002243533231247787	5.694769145628636e-05	3.645805913302618	2024-02-01	lbi	south	2024
2023-09-01	B/Avila/4884/2023_EPI_ISL_18044506	0.002825	4.973457999999991	5.504475999999988	0.0014607998218504677	0.0028267671860776537	4.973451512575931	2024-02-01	lbi	south	2024
2023-09-01	B/Bahia/1402/2023_EPI_ISL_18037942	6.1e-05	1.6501219999999992	2.1321449999999973	0.007821201380006328	6.120013457823333e-05	1.6500225208919506	2024-02-01	lbi	south	2024
2023-09-01	B/Bahia/292953561/2023_EPI_ISL_18162455	0.001526	3.516696999999993	4.076537999999991	-0.0026202014741273385	0.0015243603396758734	3.5166395317633676	2024-02-01	lbi	south	2024
2023-09-01	B/Bahrain/0489/2023_EPI_ISL_18143224	0.014312	2.4632939999999954	2.8754099999999925	-0.0025660947757465717	0.014296944319409482	2.4633077042967506	2024-02-01	lbi	south	2024
2023-09-01	B/Bahrain/1354/2023_EPI_ISL_17981354	0.002565	4.837673999999992	5.436344999999987	0.0015770503669420225	0.0025667288659046534	4.837669220724176	2024-02-01	lbi	south	2024
2023-09-01	B/Bahrain/2632/2023_EPI_ISL_17981407	0.000327	2.6466149999999966	3.1321349999999906	-0.0015847445812305783	0.00032678960403453736	2.6465353810127428	2024-02-01	lbi	south	2024
2023-09-01	B/Bahrain/4255/2023_EPI_ISL_17981401	0.0008550000000000001	5.8359469999999884	6.42407199999999	0.0008301054880382102	0.0008553100515974036	5.835958600620986	2024-02-01	lbi	south	2024
2023-09-01	B/Bahrain/5088/2023_EPI_ISL_17981389	0.001173	4.837673999999992	5.436344999999987	0.0008756584966044789	0.0011734476413516192	4.837669220724176	2024-02-01	lbi	south	2024
2023-09-01	B/Bahrain/5293/2023_EPI_ISL_18143238	0.007603	1.6501219999999992	2.1321449999999973	-0.0005535465951766531	0.0076013734818225365	1.6500225208919506	2024-02-01	lbi	south	2024
2023-09-01	B/Bahrain/6192/2023_EPI_ISL_18143232	0.014147	3.076679999999995	2.9568829999999937	-0.0026229725289134173	0.014131782979149366	3.0765564418766016	2024-02-01	lbi	south	2024
2023-09-01	B/Bahrain/6643/2023_EPI_ISL_18143247	0.016119	2.617866999999997	3.1255569999999904	-0.0017782228060299525	0.016107330270366614	2.617807860351219	2024-02-01	lbi	south	2024
2023-09-01	B/Bahrain/8586/2023_EPI_ISL_18143219	0.01077	2.365639999999997	2.625398999999994	-0.0003084463666539928	0.01076879567014711	2.3656696610113794	2024-02-01	lbi	south	2024
2023-09-01	B/Baleares/1863/2023_EPI_ISL_18118806	0.011681	2.108479999999998	1.9960429999999945	-0.0005286208538613216	0.011678622361120551	2.1083060316939313	2024-02-01	lbi	south	2024
2023-09-01	B/Bangkok/P1419/2023_EPI_ISL_17785686	0.0008210000000000001	3.6223559999999932	4.0874929999999905	-0.0018846139268121384	0.0008203692502420202	3.6223117778042866	2024-02-01	lbi	south	2024
2023-09-01	B/Bangkok/P1984/2023_EPI_ISL_18093928	0.005459	2.108479999999998	1.9960429999999945	0.002029797742658406	0.0054637100879362825	2.1083060316939313	2024-02-01	lbi	south	2024
2023-09-01	B/Bangkok/P2862/2023_EPI_ISL_18133601	0.014638	2.920816999999996	2.2425999999999946	-0.0009999233895987448	0.014632146785591398	2.9206756434652563	2024-02-01	lbi	south	2024
2023-09-01	B/Bangkok/P2866/2023_EPI_ISL_18133602	0.014638	3.3325579999999926	3.6232569999999926	-0.0023498293773545464	0.014623919090286638	3.3326354578400905	2024-02-01	lbi	south	2024
2023-09-01	B/Beijing-Chaoyang/1570/2023_EPI_ISL_18069118	0.000175	4.0895489999999945	3.99595499999999	-0.001361891699591443	0.00017490364275877932	4.089421390102895	2024-02-01	lbi	south	2024
2023-09-01	B/Berlin/8/2023_EPI_ISL_17598201	3.4e-05	2.108479999999998	1.9960429999999945	0.004351692417014677	3.4062273409898596e-05	2.1083060316939313	2024-02-01	lbi	south	2024
2023-09-01	B/Bhutan/0616/2023_EPI_ISL_17659349	3.2e-05	1.6501219999999992	2.1321449999999973	0.007613383002690712	3.2102208748795375e-05	1.6500225208919506	2024-02-01	lbi	south	2024
2023-09-01	B/Bhutan/1137/2023_EPI_ISL_18092128	8.9e-05	1.6501219999999992	2.1321449999999973	0.010004699520255404	8.937327364408161e-05	1.6500225208919506	2024-02-01	lbi	south	2024
2023-09-01	B/Bhutan/1159/2023_EPI_ISL_18092118	0.000259	1.6501219999999992	2.1321449999999973	0.0061606749174399015	0.0002596700275032196	1.6500225208919506	2024-02-01	lbi	south	2024
2023-09-01	B/Bhutan/1210/2023_EPI_ISL_17659407	2.7000000000000002e-05	1.6501219999999992	2.1321449999999973	0.0058594321394387265	2.706645089173155e-05	1.6500225208919506	2024-02-01	lbi	south	2024
2023-09-01	B/Bhutan/1245/2023_EPI_ISL_17659409	3.9e-05	1.6501219999999992	2.1321449999999973	0.012098670808065811	3.9197754006064715e-05	1.6500225208919506	2024-02-01	lbi	south	2024
2023-09-01	B/Bhutan/1247/2023_EPI_ISL_17659378	3.9e-05	2.3792339999999963	2.564088999999994	-0.004457163811225065	3.8928288026434494e-05	2.3791058838609023	2024-02-01	lbi	south	2024
2023-09-01	B/Bhutan/1248/2023_EPI_ISL_17659405	4.6e-05	1.6501219999999992	2.1321449999999973	0.011177784167732602	4.621551189252352e-05	1.6500225208919506	2024-02-01	lbi	south	2024
2023-09-01	B/Bhutan/1280/2023_EPI_ISL_18092125	0.00466	2.108479999999998	1.9960429999999945	0.002987959859607584	0.004665883109943173	2.1083060316939313	2024-02-01	lbi	south	2024
2023-09-01	B/Bhutan/1460/2023_EPI_ISL_17659374	1.6e-05	1.6501219999999992	2.1321449999999973	0.009463572377431432	1.6063483138074156e-05	1.6500225208919506	2024-02-01	lbi	south	2024
2023-09-01	B/Bhutan/1465/2023_EPI_ISL_17659346	1.9e-05	1.6501219999999992	2.1321449999999973	0.0046653827980528565	1.903728793998048e-05	1.6500225208919506	2024-02-01	lbi	south	2024
2023-09-01	B/Bhutan/1471/2023_EPI_ISL_18092107	3.1e-05	1.6501219999999992	2.1321449999999973	0.013474325919659394	3.1175053178688536e-05	1.6500225208919506	2024-02-01	lbi	south	2024
2023-09-01	B/Bhutan/1475/2023_EPI_ISL_18092071	3.1e-05	1.6501219999999992	2.1321449999999973	0.013256538598528999	3.11722243356593e-05	1.6500225208919506	2024-02-01	lbi	south	2024
2023-09-01	B/Bhutan/1498/2023_EPI_ISL_18092113	0.000343	1.6501219999999992	2.1321449999999973	0.005434962987676716	0.00034378336479842553	1.6500225208919506	2024-02-01	lbi	south	2024
2023-09-01	B/Bhutan/1509/2023_EPI_ISL_18092068	0.000538	1.6501219999999992	2.1321449999999973	0.005925085709246787	0.0005393388493115514	1.6500225208919506	2024-02-01	lbi	south	2024
2023-09-01	B/Bhutan/1528/2023_EPI_ISL_18092108	0.001418	1.6501219999999992	2.1321449999999973	0.005205027992628243	0.001421102359856188	1.6500225208919506	2024-02-01	lbi	south	2024
2023-09-01	B/Bhutan/2109/2023_EPI_ISL_17659347	4.6e-05	1.6501219999999992	2.1321449999999973	0.010150381297438936	4.61957319809083e-05	1.6500225208919506	2024-02-01	lbi	south	2024
2023-09-01	B/Bhutan/2110/2023_EPI_ISL_17659383	4.9e-05	1.6501219999999992	2.1321449999999973	0.011027254801873986	4.922647940631812e-05	1.6500225208919506	2024-02-01	lbi	south	2024
2023-09-01	B/Bhutan/2112/2023_EPI_ISL_17659332	5.6999999999999996e-05	1.6501219999999992	2.1321449999999973	0.008651011428654504	5.72067870664562e-05	1.6500225208919506	2024-02-01	lbi	south	2024
2023-09-01	B/Bhutan/2118/2023_EPI_ISL_17659329	6.4e-05	1.6501219999999992	2.1321449999999973	0.007698564368283186	6.420669629634682e-05	1.6500225208919506	2024-02-01	lbi	south	2024
2023-09-01	B/Bhutan/2157/2023_EPI_ISL_18092064	0.0006389999999999	2.6488269999999967	3.1321349999999906	0.005191215063038262	0.0006403943452648143	2.6487417322014224	2024-02-01	lbi	south	2024
2023-09-01	B/Bhutan/2258/2023_EPI_ISL_18092087	0.004411	2.108479999999998	1.9960429999999945	0.0021773264798559794	0.00441507724930583	2.1083060316939313	2024-02-01	lbi	south	2024
2023-09-01	B/Bolivia/27/2023_EPI_ISL_16830705	1e-05	4.781603999999991	4.714248999999988	-0.004132225282990501	9.982963826965867e-06	4.781597618398368	2024-02-01	lbi	south	2024
2023-09-01	B/Bolivia/44/2023_EPI_ISL_16830669	1.3000000000000001e-05	3.880642999999996	3.7373249999999905	-0.000993790802427221	1.2994834968342833e-05	3.8806194026509258	2024-02-01	lbi	south	2024
2023-09-01	B/Brazil/GIHSN-HCL023128447601d/2023_EPI_ISL_18131685	0.00361	3.880642999999996	3.7373249999999905	-0.001981682276624065	0.0036070806530600933	3.8806194026509258	2024-02-01	lbi	south	2024
2023-09-01	B/Brisbane/2/2023_EPI_ISL_17692012__dup2	0.0008550000000000001	2.365639999999997	2.625398999999994	0.0013020633261403762	0.0008554782640874702	2.3656696610113794	2024-02-01	lbi	south	2024
2023-09-01	B/Brisbane/45/2023_EPI_ISL_18074091	0.005185	2.365639999999997	2.625398999999994	-0.0004764895986929264	0.005184057209507255	2.3656696610113794	2024-02-01	lbi	south	2024
2023-09-01	B/Brunei/14/2023_EPI_ISL_18012914	4.9e-05	2.649884999999997	3.1321349999999906	0.0010306405131134668	4.9021864951509115e-05	2.6498024348023987	2024-02-01	lbi	south	2024
2023-09-01	B/Brunei/17/2023_EPI_ISL_18012910	6.1e-05	2.649884999999997	3.1321349999999906	0.0007931029453714519	6.102117982519249e-05	2.6498024348023987	2024-02-01	lbi	south	2024
2023-09-01	B/Brunei/33/2023_EPI_ISL_17981950	0.000259	2.6363069999999964	3.1321149999999904	-0.0013109383937980595	0.0002588628870245883	2.636228216988622	2024-02-01	lbi	south	2024
2023-09-01	B/Burgos/4894/2023_EPI_ISL_18044482__dup2	0.002915	3.3436859999999937	3.652052999999992	-0.0013943904322639912	0.0029133555132497308	3.3436419507379593	2024-02-01	lbi	south	2024
2023-09-01	B/Burkina_Faso/2655/2023_EPI_ISL_17857217	8.9e-05	4.629797999999995	5.128804999999989	-0.002534694392449669	8.890753859277625e-05	4.629760839529062	2024-02-01	lbi	south	2024
2023-09-01	B/CHIBA-C/7/2023_EPI_ISL_17995546	0.001702	2.365639999999997	2.625398999999994	0.001184422729058213	0.0017028685817782909	2.3656696610113794	2024-02-01	lbi	south	2024
2023-09-01	B/California/17/2023_EPI_ISL_17806248__dup2	0.002323	2.619810999999997	3.128286999999991	-0.0023977084319326803	0.002320719110408892	2.6197588317636145	2024-02-01	lbi	south	2024
2023-09-01	B/Cambodia/h0329364/2023_EPI_ISL_18082894	0.000193	2.5630239999999973	3.1169429999999907	-0.0025883755211226697	0.0001927951814778587	2.56293369966575	2024-02-01	lbi	south	2024
2023-09-01	B/Canarias/1817/2023_EPI_ISL_18118807	0.0064849999999999994	4.837673999999992	5.436344999999987	-0.0007547163172847108	0.006483069218506724	4.837669220724176	2024-02-01	lbi	south	2024
2023-09-01	B/Canberra/13/2023_EPI_ISL_17981953	0.0031030000000000003	1.6501219999999992	2.1321449999999973	0.00258949823696909	0.003106401658987702	1.6500225208919506	2024-02-01	lbi	south	2024
2023-09-01	B/Canberra/3/2023_EPI_ISL_17692013	0.0008550000000000001	2.6482259999999975	3.1321009999999907	-0.00014851965059380561	0.0008549613610609203	2.648143702402339	2024-02-01	lbi	south	2024
2023-09-01	B/Cardiff/3561/2023_EPI_ISL_18052126	0.010588	3.0824829999999945	2.995764999999994	-0.002071696197644547	0.010579040877717459	3.0823470176650627	2024-02-01	lbi	south	2024
2023-09-01	B/Catalonia/NSVH101995127/2023_EPI_ISL_16740677	1.1e-05	4.837673999999992	5.436344999999987	0.000727433122353779	1.100351822566439e-05	4.837669220724176	2024-02-01	lbi	south	2024
2023-09-01	B/Catalonia/NSVH102091496/2023_EPI_ISL_17780010	0.004918	3.5366419999999943	3.97240499999999	-0.0014020476212068679	0.0049152098460350825	3.5366437623342395	2024-02-01	lbi	south	2024
2023-09-01	B/Catalonia/NSVH151035505/2023_EPI_ISL_17591947	0.001173	3.098480999999995	2.995073999999993	-0.0010217752218033191	0.0011725202833493742	3.098330564117554	2024-02-01	lbi	south	2024
2023-09-01	B/Ceara/2023-008997-IEC/2023_EPI_ISL_17681728	0.000175	5.836788999999989	6.43633499999999	0.0004185051008060856	0.0001750334400158503	5.8368011277491485	2024-02-01	lbi	south	2024
2023-09-01	B/Chanthaburi/P2421/2023_EPI_ISL_18133600	0.009149	2.365639999999997	2.625398999999994	-0.00024018830851573386	0.009148237114658364	2.3656696610113794	2024-02-01	lbi	south	2024
2023-09-01	B/Chiang_Rai/P1060/2023_EPI_ISL_17632623	0.000193	3.4841729999999926	4.045668999999991	-0.0022569473279741357	0.00019282180738237168	3.4841205070940617	2024-02-01	lbi	south	2024
2023-09-01	B/Chiang_Rai/P300/2023_EPI_ISL_17266873	2.6000000000000002e-05	2.6499809999999964	3.084156999999991	0.00895350198904632	2.609761300176437e-05	2.649898301630587	2024-02-01	lbi	south	2024
2023-09-01	B/Chiang_Rai/P421/2023_EPI_ISL_17266879	3.1e-05	1.6501219999999992	2.1321449999999973	0.013456166204791424	3.1174817292048996e-05	1.6500225208919506	2024-02-01	lbi	south	2024
2023-09-01	B/Chiang_Rai/P426/2023_EPI_ISL_17266880	3.6e-05	1.6501219999999992	2.1321449999999973	0.005651917339415453	3.608548094101483e-05	1.6500225208919506	2024-02-01	lbi	south	2024
2023-09-01	B/Chiang_Rai/P526/2023_EPI_ISL_17266884	6.1e-05	2.646452999999997	3.1294989999999907	-0.002090185477768769	6.0947914817636755e-05	2.646373920252562	2024-02-01	lbi	south	2024
2023-09-01	B/Chiang_Rai/P725/2023_EPI_ISL_17554766	0.00011599999999999999	1.6501219999999992	2.1321449999999973	0.005530301540412305	0.00011626954668267655	1.6500225208919506	2024-02-01	lbi	south	2024
2023-09-01	B/Chiang_Rai/P838/2023_EPI_ISL_17597817	8.9e-05	3.4841729999999926	4.045668999999991	-0.0019289930154199534	8.892997951549165e-05	3.4841205070940617	2024-02-01	lbi	south	2024
2023-09-01	B/Chiang_Rai/P847/2023_EPI_ISL_17597820	0.00011599999999999999	5.300578999999988	5.969413999999987	-0.002543425114525735	0.00011587906695720755	5.300568953200262	2024-02-01	lbi	south	2024
2023-09-01	B/Chiang_Rai/P860/2023_EPI_ISL_17597821	0.000136	1.6501219999999992	2.1321449999999973	0.004270957254553833	0.00013624451034472247	1.6500225208919506	2024-02-01	lbi	south	2024
2023-09-01	B/Chungbuk/815/2023_EPI_ISL_17375335	0.00045099999999999996	1.6501219999999992	2.1321449999999973	0.0062521937181639845	0.00045218397015573346	1.6500225208919506	2024-02-01	lbi	south	2024
2023-09-01	B/Chungbuk/816/2023_EPI_ISL_17375336	0.00045099999999999996	1.6501219999999992	2.1321449999999973	-0.0017554984323496629	0.0004506777551466635	1.6500225208919506	2024-02-01	lbi	south	2024
2023-09-01	B/Colombia/6378/2023_EPI_ISL_18108995	0.010223999999999999	3.5366419999999943	3.97240499999999	-0.0015847283838189043	0.010217421817118993	3.5366437623342395	2024-02-01	lbi	south	2024
2023-09-01	B/Colorado/35/2023_EPI_ISL_17981455__dup2	0.006182	2.108479999999998	1.9960429999999945	0.0021640817372017476	0.006187680101960267	2.1083060316939313	2024-02-01	lbi	south	2024
2023-09-01	B/ComunidadValenciana/1087/2023_EPI_ISL_17512051	0.000175	5.8373069999999885	6.43633499999999	0.001109706541655493	0.0001750838570113709	5.837319053010158	2024-02-01	lbi	south	2024
2023-09-01	B/Congo/060/2023_EPI_ISL_17430525	1e-05	3.6341639999999926	4.128814999999989	-0.004732147530162788	9.980468721288105e-06	3.6341083137662133	2024-02-01	lbi	south	2024
2023-09-01	B/Costa_Rica/550/2023_EPI_ISL_18109013	0.011134	2.108479999999998	1.9960429999999945	-0.0003507413509521031	0.01113255877689398	2.1083060316939313	2024-02-01	lbi	south	2024
2023-09-01	B/Costa_Rica/5550/2023_EPI_ISL_17659371	0.000122	4.589158999999998	5.12120899999999	-0.0017516801870181965	0.00012191302350747846	4.58911766392702	2024-02-01	lbi	south	2024
2023-09-01	B/Darwin/124/2023_EPI_ISL_17624332	6.8e-05	1.6501219999999992	2.1321449999999973	0.005079550373282845	6.814521036692362e-05	1.6500225208919506	2024-02-01	lbi	south	2024
2023-09-01	B/Darwin/146/2023_EPI_ISL_18082904	9.4e-05	3.5791499999999923	4.1319329999999885	0.0027142685833773054	9.410793967866043e-05	3.579086943621429	2024-02-01	lbi	south	2024
2023-09-01	B/Darwin/209/2023_EPI_ISL_17612282	0.000175	3.356061999999992	3.6553629999999924	-0.0025825893684759305	0.0001748147051831761	3.3560115457896296	2024-02-01	lbi	south	2024
2023-09-01	B/Darwin/214/2023_EPI_ISL_17624335	0.000166	2.579354999999997	3.1319429999999904	0.0035335876470270265	0.00016624736120647853	2.5792751595007846	2024-02-01	lbi	south	2024
2023-09-01	B/Darwin/245/2023_EPI_ISL_17445372	0.00023500000000000002	1.6501219999999992	2.1321449999999973	0.006351979659894631	0.00023562672114287383	1.6500225208919506	2024-02-01	lbi	south	2024
2023-09-01	B/Darwin/273/2023_EPI_ISL_17624348	0.000298	2.628325999999996	3.1000309999999907	0.0006144359932464562	0.0002980812772976745	2.6282589751652337	2024-02-01	lbi	south	2024
2023-09-01	B/Darwin/278/2023_EPI_ISL_17624361	0.00031299999999999996	1.6501219999999992	2.1321449999999973	0.005566806777711115	0.0003137320832980034	1.6500225208919506	2024-02-01	lbi	south	2024
2023-09-01	B/Darwin/299/2023_EPI_ISL_17624356	0.00045099999999999996	2.579354999999997	3.1319429999999904	0.002112757579451977	0.0004514047312395145	2.5792751595007846	2024-02-01	lbi	south	2024
2023-09-01	B/Darwin/372/2023_EPI_ISL_17692020	0.000695	2.579354999999997	3.1319429999999904	0.0033357368134703533	0.0006959782614715074	2.5792751595007846	2024-02-01	lbi	south	2024
2023-09-01	B/Darwin/494/2023_EPI_ISL_17982009__dup2	0.0021	1.6501219999999992	2.1321449999999973	0.0002501136716698166	0.0021002539147045194	1.6500225208919506	2024-02-01	lbi	south	2024
2023-09-01	B/Darwin/497/2023_EPI_ISL_17981927	0.002172	2.579354999999997	3.1319429999999904	0.0021994589138093906	0.002174027707832035	2.5792751595007846	2024-02-01	lbi	south	2024
2023-09-01	B/Darwin/505/2023_EPI_ISL_17981929	0.002402	3.5628929999999928	4.130014999999989	-0.00190926420511259	0.0024001299634628503	3.5628417851980805	2024-02-01	lbi	south	2024
2023-09-01	B/Darwin/534/2023_EPI_ISL_17811492	0.0031030000000000003	2.579354999999997	3.1319429999999904	0.0016135244601457066	0.003105138679737549	2.5792751595007846	2024-02-01	lbi	south	2024
2023-09-01	B/Darwin/54/2023_EPI_ISL_16899290	3.2e-05	1.6501219999999992	2.1321449999999973	0.007613383002690712	3.2102208748795375e-05	1.6500225208919506	2024-02-01	lbi	south	2024
2023-09-01	B/Darwin/652/2023_EPI_ISL_17981933	0.004918	2.579354999999997	3.1319429999999904	0.0004314078563019425	0.004918966205008142	2.5792751595007846	2024-02-01	lbi	south	2024
2023-09-01	B/Darwin/763/2023_EPI_ISL_18082882	0.009149	3.5598989999999926	4.122974999999989	-0.0010944049763521653	0.009144981620452752	3.5598443032330374	2024-02-01	lbi	south	2024
2023-09-01	B/Darwin/798/2023_EPI_ISL_18082892	0.012225	2.579354999999997	3.1319429999999904	-0.0004919816778755519	0.012222698225494514	2.5792751595007846	2024-02-01	lbi	south	2024
2023-09-01	B/Darwin/804/2023_EPI_ISL_18126966	0.013637999999999999	4.013796999999997	3.9395279999999895	-0.001619605084044273	0.013629027171160693	4.013711493380491	2024-02-01	lbi	south	2024
2023-09-01	B/Delaware/08/2023_EPI_ISL_17981355	0.002825	2.108479999999998	1.9960429999999945	0.0038702092079995368	0.0028296064607884227	2.1083060316939313	2024-02-01	lbi	south	2024
2023-09-01	B/Denmark/1174/2023_EPI_ISL_17550248	0.00015	5.900591999999989	6.43095599999999	-0.0008562255753701614	0.00014994899813788182	5.900645358607947	2024-02-01	lbi	south	2024
2023-09-01	B/Denmark/1771/2023_EPI_ISL_18033303	0.001219	3.3436859999999937	3.652052999999992	-0.0007654181064650268	0.0012186316326841078	3.3436419507379593	2024-02-01	lbi	south	2024
2023-09-01	B/Denmark/219/2023_EPI_ISL_17190229	1.6e-05	1.6501219999999992	2.1321449999999973	0.009463572377431432	1.6063483138074156e-05	1.6500225208919506	2024-02-01	lbi	south	2024
2023-09-01	B/Denmark/248/2023_EPI_ISL_17190295	1.9e-05	1.6501219999999992	2.1321449999999973	0.0046653827980528565	1.903728793998048e-05	1.6500225208919506	2024-02-01	lbi	south	2024
2023-09-01	B/Distrito_Federal/IAL/C10469/2023_EPI_ISL_17514641	5.6999999999999996e-05	4.837673999999992	5.436344999999987	0.006429447370124356	5.7153858007983855e-05	4.837669220724176	2024-02-01	lbi	south	2024
2023-09-01	B/Dunedin/01/2023_EPI_ISL_17982020	0.000143	4.837673999999992	5.436344999999987	0.003496844393026896	0.00014321089573714904	4.837669220724176	2024-02-01	lbi	south	2024
2023-09-01	B/England/232020556/2023_EPI_ISL_18015472	0.00045099999999999996	4.837673999999992	5.436344999999987	0.002730756346696916	0.00045152098269264797	4.837669220724176	2024-02-01	lbi	south	2024
2023-09-01	B/England/233140223/2023_EPI_ISL_18130621	0.015846000000000002	4.837673999999992	5.436344999999987	-0.0007180255603578975	0.015841524344898307	4.837669220724176	2024-02-01	lbi	south	2024
2023-09-01	B/Estonia/173777/2023_EPI_ISL_17820211__dup2	0.000246	2.619810999999997	3.128286999999991	-0.0013636021404185349	0.0002458643740258953	2.6197588317636145	2024-02-01	lbi	south	2024
2023-09-01	B/Extremadura/1189/2023_EPI_ISL_17512062	0.000136	2.108479999999998	1.9960429999999945	0.0025601351009819015	0.00013614742406636596	2.1083060316939313	2024-02-01	lbi	south	2024
2023-09-01	B/FUKUSHIMA/1/2023_EPI_ISL_17517217	1.7e-05	1.6501219999999992	2.1321449999999973	0.009239683367801198	1.706585873568932e-05	1.6500225208919506	2024-02-01	lbi	south	2024
2023-09-01	B/FUKUSHIMA/2/2023_EPI_ISL_17517218	1.8e-05	1.6501219999999992	2.1321449999999973	0.012577642502600819	1.8094881942841843e-05	1.6500225208919506	2024-02-01	lbi	south	2024
2023-09-01	B/FUKUSHIMA/3/2023_EPI_ISL_17517219	2.6000000000000002e-05	2.574626999999997	3.1005029999999905	-0.004374775003583178	2.595308293714663e-05	2.574543550199147	2024-02-01	lbi	south	2024
2023-09-01	B/Fiji/116/2023_EPI_ISL_17692035	0.000587	1.6501219999999992	2.1321449999999973	0.005748604840546022	0.0005884175190133038	1.6500225208919506	2024-02-01	lbi	south	2024
2023-09-01	B/Fiji/120/2023_EPI_ISL_17692030	0.000667	2.6260249999999967	3.0901389999999913	-0.0018233741150054576	0.0006665045705442405	2.6259603784436725	2024-02-01	lbi	south	2024
2023-09-01	B/Fiji/39/2023_EPI_ISL_18012868	0.00015800000000000002	1.6501219999999992	2.1321449999999973	0.004676230675581145	0.00015831079421387917	1.6500225208919506	2024-02-01	lbi	south	2024
2023-09-01	B/France/ARA-HCL023023433701/2023_EPI_ISL_17693510	5.6999999999999996e-05	4.837673999999992	5.436344999999987	0.006700432158283228	5.716031163319446e-05	4.837669220724176	2024-02-01	lbi	south	2024
2023-09-01	B/France/ARA-HCL023031760901/2023_EPI_ISL_17693823	0.000122	3.3436859999999937	3.652052999999992	0.00014590899591351847	0.00012200945363872708	3.3436419507379593	2024-02-01	lbi	south	2024
2023-09-01	B/France/ARA-HCL023043188801/2023_EPI_ISL_17694433	0.00031299999999999996	4.837673999999992	5.436344999999987	0.0019787576268084145	0.0003132633978428562	4.837669220724176	2024-02-01	lbi	south	2024
2023-09-01	B/France/ARA-HCL023055193501/2023_EPI_ISL_17694739	0.0007559999999999	4.837673999999992	5.436344999999987	0.0013570636627118374	0.0007564402211362505	4.837669220724176	2024-02-01	lbi	south	2024
2023-09-01	B/Fujairah/6230920434/2023_EPI_ISL_17981415	0.000788	5.836080999999988	6.43537199999999	0.00046511144986353064	0.0007881658811048547	5.8360928889619705	2024-02-01	lbi	south	2024
2023-09-01	B/Georgia/02/2023_EPI_ISL_17102653__dup2	5.1e-05	1.6501219999999992	2.1321449999999973	0.008152633480883508	5.117439215816537e-05	1.6500225208919506	2024-02-01	lbi	south	2024
2023-09-01	B/Georgia/11/2023_EPI_ISL_17659309	0.000725	5.79759199999999	6.382504999999989	-0.0008274014648202895	0.0007247621953748428	5.797633051101497	2024-02-01	lbi	south	2024
2023-09-01	B/Georgia/28/2023_EPI_ISL_17981438__dup2	0.0064849999999999994	4.973457999999991	5.504475999999988	-0.00013751458776147237	0.006484736666876822	4.973451512575931	2024-02-01	lbi	south	2024
2023-09-01	B/Georgia/IVYG43Q49W2/2023_EPI_ISL_18077088	0.000788	5.843869999999991	5.6834689999999854	-0.0017121872963503958	0.0007874511751036657	5.843917461162821	2024-02-01	lbi	south	2024
2023-09-01	B/Guangdong-Futian/1364/2023_EPI_ISL_18069121	0.000213	1.6501219999999992	2.1321449999999973	0.0036087942617969095	0.00021332408184850533	1.6500225208919506	2024-02-01	lbi	south	2024
2023-09-01	B/Guatemala/93/2023_EPI_ISL_17659361	5.1e-05	3.6441619999999926	4.130198999999989	-0.0025253986568196216	5.09472138265315e-05	3.644102885901852	2024-02-01	lbi	south	2024
2023-09-01	B/Gyeongbuk/862/2023_EPI_ISL_17592006	0.001086	3.348284999999992	3.518607999999993	-0.0018968504400685934	0.0010851601259094065	3.3483413512390787	2024-02-01	lbi	south	2024
2023-09-01	B/HIROSHIMA-C/1/2023_EPI_ISL_17952492	0.000246	3.631505999999993	4.1201269999999885	-0.0008314864965794015	0.0002459188918525787	3.6314501729688042	2024-02-01	lbi	south	2024
2023-09-01	B/HIROSHIMA/1/2023_EPI_ISL_17517212	4.9e-05	1.6501219999999992	2.1321449999999973	0.011531979412225087	4.9236832918143894e-05	1.6500225208919506	2024-02-01	lbi	south	2024
2023-09-01	B/HIROSHIMA/2/2023_EPI_ISL_17517220	9.9e-05	1.6501219999999992	2.1321449999999973	0.009735948272862949	9.94040826417052e-05	1.6500225208919506	2024-02-01	lbi	south	2024
2023-09-01	B/HK/10/2023_EPI_ISL_17375334	0.000129	1.6501219999999992	2.1321449999999973	0.007792874316330021	0.0001294217078534613	1.6500225208919506	2024-02-01	lbi	south	2024
2023-09-01	B/HK/11/2023_EPI_ISL_17375333	0.00010400000000000001	2.108479999999998	1.9960429999999945	0.0027003773665189466	0.00010411881998099332	2.1083060316939313	2024-02-01	lbi	south	2024
2023-09-01	B/HK/12/2023_EPI_ISL_17770488	0.00043099999999999996	1.6501219999999992	2.1321449999999973	0.005648625436947079	0.0004320228042474646	1.6500225208919506	2024-02-01	lbi	south	2024
2023-09-01	B/HK/13/2023_EPI_ISL_17770507	0.001129	2.6454449999999965	3.13205299999999	-0.002598050016060558	0.0011277973185025	2.6453667624019124	2024-02-01	lbi	south	2024
2023-09-01	B/HK/8/2023_EPI_ISL_17375331	7.2e-05	4.303481999999996	4.970741999999991	-0.0025355950560972938	7.192517276861461e-05	4.3034521157415515	2024-02-01	lbi	south	2024
2023-09-01	B/HK/9/2023_EPI_ISL_17375332	7.6e-05	2.108479999999998	1.9960429999999945	0.003133275122207296	7.610055531472764e-05	2.1083060316939313	2024-02-01	lbi	south	2024
2023-09-01	B/Haute_Normandie/07046/2023_EPI_ISL_17512168	0.000359	3.3436859999999937	3.652052999999992	0.00026544172771685726	0.0003590457004295652	3.3436419507379593	2024-02-01	lbi	south	2024
2023-09-01	B/Hebei-Haigang/1582/2023_EPI_ISL_18069109	0.00394	4.837673999999992	5.436344999999987	0.00022429922194631117	0.003940434008732608	4.837669220724176	2024-02-01	lbi	south	2024
2023-09-01	B/Hebei-Hanshan/1463/2023_EPI_ISL_18069124	0.000246	9.432247999999987	9.993376999999978	-0.002632098695462785	0.00024573445914843103	9.432332285837665	2024-02-01	lbi	south	2024
2023-09-01	B/Heilongjiang-Taoshan/1442/2023_EPI_ISL_18069111	0.002482	4.837673999999992	5.436344999999987	0.001620108521739692	0.0024837174818175167	4.837669220724176	2024-02-01	lbi	south	2024
2023-09-01	B/Hessen/19/2023_EPI_ISL_17598199	2.8999999999999997e-05	2.4632939999999954	2.8754099999999925	-0.004823014737180444	2.894226347822155e-05	2.4633077042967506	2024-02-01	lbi	south	2024
2023-09-01	B/Hessen/23/2023_EPI_ISL_17959631	0.000695	2.108479999999998	1.9960429999999945	0.006098482756352648	0.0006967798940795819	2.1083060316939313	2024-02-01	lbi	south	2024
2023-09-01	B/Hong_Kong/16/2023_EPI_ISL_18143183	0.007937	3.6179899999999927	4.131988999999988	-0.0024140216391915943	0.007929152982759511	3.617956101675399	2024-02-01	lbi	south	2024
2023-09-01	B/Hubei-Huangzhou/1406/2023_EPI_ISL_18069125	0.000927	4.458098999999996	5.01290599999999	-0.002624324860252533	0.0009260023637595653	4.458083618434918	2024-02-01	lbi	south	2024
2023-09-01	B/Human/New_York_City/PV85910/2023_EPI_ISL_19191175	3.2e-05	4.8805619999999905	4.737314999999989	-0.004449922184473138	3.194125578393165e-05	4.8805555201393584	2024-02-01	lbi	south	2024
2023-09-01	B/Human/New_York_City/PV86839/2023_EPI_ISL_19188955	0.000515	2.108479999999998	1.9960429999999945	0.001458429809709094	0.0005153216507028495	2.1083060316939313	2024-02-01	lbi	south	2024
2023-09-01	B/Iowa/07/2023_EPI_ISL_17250856	7.2e-05	1.6501219999999992	2.1321449999999973	0.006471419730829805	7.219560953814832e-05	1.6500225208919506	2024-02-01	lbi	south	2024
2023-09-01	B/Ireland/19288/2023_EPI_ISL_17820396__dup2	0.000471	1.6501219999999992	2.1321449999999973	0.0043872461627012995	0.0004718696601381954	1.6500225208919506	2024-02-01	lbi	south	2024
2023-09-01	B/Ireland/23071/2023_EPI_ISL_17820392	0.000927	2.108479999999998	1.9960429999999945	0.005548496326526494	0.0009291610938761492	2.1083060316939313	2024-02-01	lbi	south	2024
2023-09-01	B/KANAGAWA/IC2227/2023_EPI_ISL_17517214	0.0006389999999999	1.6501219999999992	2.1321449999999973	0.005191215063038262	0.0006403943452648143	1.6500225208919506	2024-02-01	lbi	south	2024
2023-09-01	B/KANAGAWA/IC2229/2023_EPI_ISL_17517215	0.00045099999999999996	1.6501219999999992	2.1321449999999973	0.006265277198349934	0.00045218643522079174	1.6500225208919506	2024-02-01	lbi	south	2024
2023-09-01	B/KITAKYUSYU/10/2023_EPI_ISL_18058894	0.000376	3.631505999999993	4.1201269999999885	-0.0009212255664903504	0.0003758619756006587	3.6314501729688042	2024-02-01	lbi	south	2024
2023-09-01	B/Kansas/02/2023_EPI_ISL_17393572	0.000136	2.618321999999997	3.0929849999999903	-0.0026244004925589878	0.00013585363268890137	2.6182729310746233	2024-02-01	lbi	south	2024
2023-09-01	B/Khabarovsk/267/2023_EPI_ISL_17764963	1.7e-05	4.837673999999992	5.436344999999987	0.004929824423482851	1.703523980130501e-05	4.837669220724176	2024-02-01	lbi	south	2024
2023-09-01	B/Kyiv/2021/2023_EPI_ISL_18044356	0.0074379999999999	1.6501219999999992	2.1321449999999973	0.0009407570441407648	0.007441040327460195	1.6500225208919506	2024-02-01	lbi	south	2024
2023-09-01	B/Kyiv/2021/2023_EPI_ISL_18044356__dup2	0.0074379999999999	1.6501219999999992	2.1321449999999973	0.0007480727634053962	0.0074404429466478185	1.6500225208919506	2024-02-01	lbi	south	2024
2023-09-01	B/Laos/1649/2023_EPI_ISL_18109001	0.001526	1.6501219999999992	2.1321449999999973	0.004055401758314549	0.0015286062522821208	1.6500225208919506	2024-02-01	lbi	south	2024
2023-09-01	B/Lebanon/480/2023_EPI_ISL_18143215	0.0032	2.4632939999999954	2.8754099999999925	-0.001923822983882948	0.003197489297505227	2.4633077042967506	2024-02-01	lbi	south	2024
2023-09-01	B/Lebanon/539/2023_EPI_ISL_18143236	0.005742000000000001	2.108479999999998	1.9960429999999945	0.002052152134459	0.005747007792865916	2.1083060316939313	2024-02-01	lbi	south	2024
2023-09-01	B/Lebanon/589/2023_EPI_ISL_18143230	0.003718	2.365639999999997	2.625398999999994	-0.0001801372008612602	0.0037177829987858745	2.3656696610113794	2024-02-01	lbi	south	2024
2023-09-01	B/Lisboa/52/2023_EPI_ISL_17978824	0.000562	4.973457999999991	5.504475999999988	0.0041137526272314075	0.0005629735259830223	4.973451512575931	2024-02-01	lbi	south	2024
2023-09-01	B/Malaysia/IMR-SARI0563/2023_EPI_ISL_18050325	0.00028399999999999996	6.646910999999984	7.055612999999988	0.0049332078363207915	0.00028458911317548425	6.646890129392622	2024-02-01	lbi	south	2024
2023-09-01	B/Maldives/792/2023_EPI_ISL_18108991	0.004918	2.108479999999998	1.9960429999999945	0.0028779879410342065	0.004923983197069954	2.1083060316939313	2024-02-01	lbi	south	2024
2023-09-01	B/Maldives/828/2023_EPI_ISL_18108981	0.005459	2.108479999999998	1.9960429999999945	0.0018172202744766717	0.005463226167010752	2.1083060316939313	2024-02-01	lbi	south	2024
2023-09-01	B/Maldives/941/2023_EPI_ISL_18109026	0.007937	3.334320999999992	3.556339999999993	-0.0019804768823430572	0.00793058546326567	3.3343843969241607	2024-02-01	lbi	south	2024
2023-09-01	B/Massachusetts/05/2023_EPI_ISL_17981468	0.0035039999999999997	1.6501219999999992	2.1321449999999973	0.002630282050468852	0.003507900864771886	1.6500225208919506	2024-02-01	lbi	south	2024
2023-09-01	B/Massachusetts/05/2023_EPI_ISL_17981468__dup2	0.0035039999999999997	2.108479999999998	1.9960429999999945	0.0021650892280701325	0.0035072209930372424	2.1083060316939313	2024-02-01	lbi	south	2024
2023-09-01	B/Massachusetts/07/2023_EPI_ISL_17981457	0.0056	4.973457999999991	5.504475999999988	1.706791106106662e-05	0.0056001332930918826	4.973451512575931	2024-02-01	lbi	south	2024
2023-09-01	B/Mato_Grosso/510509461-IAL/2023_EPI_ISL_18143225	0.006333	2.577255999999997	3.0586249999999904	-0.0017579622203451977	0.006328468499655794	2.5772163669239614	2024-02-01	lbi	south	2024
2023-09-01	B/Mauritius/P10571_I-20/2023_EPI_ISL_18044247	0.000136	2.108479999999998	1.9960429999999945	0.0025601351009819015	0.00013614742406636596	2.1083060316939313	2024-02-01	lbi	south	2024
2023-09-01	B/Mauritius/P23120/2023_EPI_ISL_18044487	0.001418	1.6501219999999992	2.1321449999999973	0.005205027992628243	0.001421102359856188	1.6500225208919506	2024-02-01	lbi	south	2024
2023-09-01	B/Mauritius/P23811/2023_EPI_ISL_18044488	0.002402	4.837673999999992	5.436344999999987	0.0006832370983717718	0.0024027240059556454	4.837669220724176	2024-02-01	lbi	south	2024
2023-09-01	B/Mauritius/P23817/2023_EPI_ISL_18044489	0.002402	1.6501219999999992	2.1321449999999973	0.0033021104877343187	0.002405347282768723	1.6500225208919506	2024-02-01	lbi	south	2024
2023-09-01	B/Mauritius/P37214/2023_EPI_ISL_18044492	0.003008	1.6501219999999992	2.1321449999999973	0.004066471863898584	0.0030131512553148118	1.6500225208919506	2024-02-01	lbi	south	2024
2023-09-01	B/Mayotte/HCL023058462001/2023_EPI_ISL_17699698	0.000493	2.108479999999998	1.9960429999999945	0.007399844782391013	0.0004945306510806501	2.1083060316939313	2024-02-01	lbi	south	2024
2023-09-01	B/Mayotte/HCL023058555101/2023_EPI_ISL_17699699	0.0006389999999999	2.108479999999998	1.9960429999999945	0.006784199636535023	0.0006408195439910653	2.1083060316939313	2024-02-01	lbi	south	2024
2023-09-01	B/Michigan/02/2023_EPI_ISL_17102582	1.7e-05	2.627491999999997	3.089029999999991	-0.0041308299895615646	1.6971048372335885e-05	2.6274242328497843	2024-02-01	lbi	south	2024
2023-09-01	B/Michigan/07/2023_EPI_ISL_17625897	0.00045099999999999996	4.837673999999992	5.436344999999987	0.002730756346696916	0.00045152098269264797	4.837669220724176	2024-02-01	lbi	south	2024
2023-09-01	B/Michigan/17/2023_EPI_ISL_18092019__dup2	0.007603	2.108479999999998	1.9960429999999945	0.0017620458294201797	0.007608711055530863	2.1083060316939313	2024-02-01	lbi	south	2024
2023-09-01	B/Michigan/MISAPPHIREL363464505/2023_EPI_ISL_18077095	0.00045099999999999996	3.880642999999996	3.7373249999999905	-0.0012170266329553936	0.0004507788820165495	3.8806194026509258	2024-02-01	lbi	south	2024
2023-09-01	B/Michigan/MISAPPHIREL364134257/2023_EPI_ISL_18077102	0.000927	2.108479999999998	1.9960429999999945	0.006000182268455511	0.0009293359807509927	2.1083060316939313	2024-02-01	lbi	south	2024
2023-09-01	B/Michigan/MISAPPHIREL365347716/2023_EPI_ISL_18076858	0.00361	2.108479999999998	1.9960429999999945	0.001088493099615311	0.003611697926647502	2.1083060316939313	2024-02-01	lbi	south	2024
2023-09-01	B/Michigan/MISAPPHIREL365483182/2023_EPI_ISL_18076861	0.0042899999999999995	2.108479999999998	1.9960429999999945	0.0023280986836139795	0.004294235167463057	2.1083060316939313	2024-02-01	lbi	south	2024
2023-09-01	B/Michigan/MISAPPHIREL366130861/2023_EPI_ISL_18104930	0.0064849999999999994	2.108479999999998	1.9960429999999945	0.0007752526702626717	0.00648720340896673	2.1083060316939313	2024-02-01	lbi	south	2024
2023-09-01	B/Michigan/MISAPPHIREL367147323/2023_EPI_ISL_18169057	0.012044	2.108479999999998	1.9960429999999945	-0.0014670378184020376	0.01203684106316735	2.1083060316939313	2024-02-01	lbi	south	2024
2023-09-01	B/Minas_Gerais/3040/2023_EPI_ISL_18038014	0.000129	2.6117629999999967	3.0750999999999906	-0.0026158751975011185	0.00012886162404275847	2.6117008971991593	2024-02-01	lbi	south	2024
2023-09-01	B/Mozambique/8245/2023_EPI_ISL_18092120	0.001641	4.426718999999996	4.99481999999999	-0.0023603835069515634	0.001639414243444855	4.4267304907036396	2024-02-01	lbi	south	2024
2023-09-01	B/Mozambique/9778/2023_EPI_ISL_18092078	0.002565	3.4450889999999927	4.014404999999991	-0.002393613678781893	0.0025624858692616997	3.445064406977472	2024-02-01	lbi	south	2024
2023-09-01	B/NAGANO/2030/2023_EPI_ISL_17297654	1.7e-05	1.6501219999999992	2.1321449999999973	0.009239683367801198	1.706585873568932e-05	1.6500225208919506	2024-02-01	lbi	south	2024
2023-09-01	B/NAGANO/2082/2023_EPI_ISL_17527279	0.00010400000000000001	1.6501219999999992	2.1321449999999973	0.004367449133068148	0.00010419116741530915	1.6500225208919506	2024-02-01	lbi	south	2024
2023-09-01	B/NIIGATA/5769/2023_EPI_ISL_17789914	0.001366	2.647086999999997	3.13078099999999	-0.00042230161754661745	0.0013657824564408901	2.6470047090231192	2024-02-01	lbi	south	2024
2023-09-01	B/Nakhon_Phanom/P1892/2023_EPI_ISL_17785713	0.0042899999999999995	2.920816999999996	2.2425999999999946	0.0005075578528472606	0.004290978973268345	2.9206756434652563	2024-02-01	lbi	south	2024
2023-09-01	B/Navarra/1536/2023_EPI_ISL_17716459	0.001526	2.108479999999998	1.9960429999999945	0.003521393685107166	0.0015282661700851262	2.1083060316939313	2024-02-01	lbi	south	2024
2023-09-01	B/Netherlands/01627/2023_EPI_ISL_18101700	0.0064849999999999994	1.6501219999999992	2.1321449999999973	-0.0001553471089223628	0.006484688484054229	1.6500225208919506	2024-02-01	lbi	south	2024
2023-09-01	B/Netherlands/01639/2023_EPI_ISL_18101714	0.0131169999999999	1.6501219999999992	2.1321449999999973	-0.0007716871555308434	0.013113001945888901	1.6500225208919506	2024-02-01	lbi	south	2024
2023-09-01	B/New_Caledonia/1/2023_EPI_ISL_18074136	0.000271	3.3436859999999937	3.652052999999992	-0.000486563880518446	0.0002709495866233663	3.3436419507379593	2024-02-01	lbi	south	2024
2023-09-01	B/New_Jersey/04/2023_EPI_ISL_17559758__dup2	0.000136	2.365639999999997	2.625398999999994	0.0035315442298399285	0.00013620254140784389	2.3656696610113794	2024-02-01	lbi	south	2024
2023-09-01	B/New_Mexico/01/2023_EPI_ISL_17699995	0.0008550000000000001	1.6501219999999992	2.1321449999999973	0.0037298097122805828	0.0008563440703649296	1.6500225208919506	2024-02-01	lbi	south	2024
2023-09-01	B/New_Mexico/02/2023_EPI_ISL_17806240	0.001315	3.880642999999996	3.7373249999999905	-0.0016799664162624249	0.0013141017732220491	3.8806194026509258	2024-02-01	lbi	south	2024
2023-09-01	B/New_Mexico/03/2023_EPI_ISL_17806255	0.001641	4.875669999999991	4.72262899999999	-0.0019172324669761965	0.0016397169831134251	4.875667050980147	2024-02-01	lbi	south	2024
2023-09-01	B/New_York/PV85802/2023_EPI_ISL_17674140	2.8999999999999997e-05	1.6501219999999992	2.1321449999999973	0.0057543634199210165	2.9070100502885085e-05	1.6500225208919506	2024-02-01	lbi	south	2024
2023-09-01	B/New_York/PV86283/2023_EPI_ISL_17674158	0.000122	3.880642999999996	3.7373249999999905	-0.0004002980491255982	0.00012198168912195047	3.8806194026509258	2024-02-01	lbi	south	2024
2023-09-01	B/New_York/PV86689/2023_EPI_ISL_17979559	0.00045099999999999996	1.6501219999999992	2.1321449999999973	0.007507983360994219	0.00045242063537835175	1.6500225208919506	2024-02-01	lbi	south	2024
2023-09-01	B/New_York/PV86852/2023_EPI_ISL_17979532	0.000612	2.108479999999998	1.9960429999999945	0.0012710662461565482	0.0006123344277736996	2.1083060316939313	2024-02-01	lbi	south	2024
2023-09-01	B/Newcastle/22/2023_EPI_ISL_17981958	0.000927	3.317410999999992	3.603432999999993	0.001862077813148165	0.0009277349908015405	3.3174776256418377	2024-02-01	lbi	south	2024
2023-09-01	B/Newcastle/26/2023_EPI_ISL_18012865	0.00196	2.108479999999998	1.9960429999999945	0.0044704193104948995	0.0019636870192122863	2.1083060316939313	2024-02-01	lbi	south	2024
2023-09-01	B/Newcastle/37/2023_EPI_ISL_18082881	0.002736	2.365639999999997	2.625398999999994	0.001346535929812035	0.0027375811726776185	2.3656696610113794	2024-02-01	lbi	south	2024
2023-09-01	B/Nicaragua/9490/2023_EPI_ISL_17659419	0.000471	1.6501219999999992	2.1321449999999973	0.0043872461627012995	0.0004718696601381954	1.6500225208919506	2024-02-01	lbi	south	2024
2023-09-01	B/Nordrhein-Westfalen/31/2023_EPI_ISL_18007061	0.0008900000000000001	5.835632999999988	6.38266499999999	0.0008490034492088489	0.0008903297543309258	5.835644819240599	2024-02-01	lbi	south	2024
2023-09-01	B/Norway/03262/2023_EPI_ISL_17266805	0.000166	4.837673999999992	5.436344999999987	0.0022286272713377352	0.00016615699151932708	4.837669220724176	2024-02-01	lbi	south	2024
2023-09-01	B/Norway/03396/2023_EPI_ISL_17266823	0.000143	1.6501219999999992	2.1321449999999973	0.004155162980695823	0.00014325018378967276	1.6500225208919506	2024-02-01	lbi	south	2024
2023-09-01	B/Norway/04927/2023_EPI_ISL_17543067	0.000788	4.837673999999992	5.436344999999987	0.0014917618550578122	0.0007885031077364314	4.837669220724176	2024-02-01	lbi	south	2024
2023-09-01	B/Norway/06769/2023_EPI_ISL_17980206	0.002482	4.973457999999991	5.504475999999988	0.0016427777271800054	0.0024837409418874174	4.973451512575931	2024-02-01	lbi	south	2024
2023-09-01	B/Norway/06778/2023_EPI_ISL_17980207	0.002565	2.108479999999998	1.9960429999999945	0.004068435797644501	0.0025693947122179305	2.1083060316939313	2024-02-01	lbi	south	2024
2023-09-01	B/Norway/07128/2023_EPI_ISL_17980108	0.004171	5.965009999999989	6.50446599999999	-0.0008117025350434844	0.004169659159962765	5.965023286717418	2024-02-01	lbi	south	2024
2023-09-01	B/Norway/07515/2023_EPI_ISL_18101789	0.005887	4.973457999999991	5.504475999999988	0.0006204465800206383	0.005888620383251101	4.973451512575931	2024-02-01	lbi	south	2024
2023-09-01	B/Norway/07548/2023_EPI_ISL_18101814	0.005742000000000001	2.108479999999998	1.9960429999999945	0.002052152134459	0.005747007792865916	2.1083060316939313	2024-02-01	lbi	south	2024
2023-09-01	B/Norway/07549/2023_EPI_ISL_17980100	0.005887	4.973457999999991	5.504475999999988	0.0006204465800206383	0.005888620383251101	4.973451512575931	2024-02-01	lbi	south	2024
2023-09-01	B/Norway/07634/2023_EPI_ISL_18101836	0.005742000000000001	2.108479999999998	1.9960429999999945	0.0007225052342320744	0.005743824720065699	2.1083060316939313	2024-02-01	lbi	south	2024
2023-09-01	B/Norway/07673/2023_EPI_ISL_18101792	0.0064849999999999994	2.108479999999998	1.9960429999999945	0.0007752526702626717	0.00648720340896673	2.1083060316939313	2024-02-01	lbi	south	2024
2023-09-01	B/Norway/3749/2023_EPI_ISL_18044595__dup2	0.000129	4.837673999999992	5.436344999999987	0.0022749886783086774	0.00012912449374010405	4.837669220724176	2024-02-01	lbi	south	2024
2023-09-01	B/OKINAWA/221/2023_EPI_ISL_17517211	0.000143	2.647086999999997	3.13078099999999	0.0020314064029905384	0.00014312347797547096	2.6470047090231192	2024-02-01	lbi	south	2024
2023-09-01	B/OKINAWA/227/2023_EPI_ISL_17789912	0.000376	3.631505999999993	4.1201269999999885	-0.0009212255664903504	0.0003758619756006587	3.6314501729688042	2024-02-01	lbi	south	2024
2023-09-01	B/OSAKA/QRTKIX018/2023_EPI_ISL_17952495	0.003008	1.6501219999999992	2.1321449999999973	0.004066471863898584	0.0030131512553148118	1.6500225208919506	2024-02-01	lbi	south	2024
2023-09-01	B/OSAKA/QRTKIX018/2023_EPI_ISL_17952495__dup2	0.003008	1.6501219999999992	2.1321449999999973	0.004066471863898584	0.0030131512553148118	1.6500225208919506	2024-02-01	lbi	south	2024
2023-09-01	B/Para/2023-009023-IEC/2023_EPI_ISL_17681743	0.000327	4.589158999999998	5.12120899999999	-0.0019052024693210895	0.00032674597265320687	4.58911766392702	2024-02-01	lbi	south	2024
2023-09-01	B/Paraguay/2102/2023_EPI_ISL_18109031	0.0089719999999999	2.577255999999997	3.0586249999999904	-0.0019142129214440248	0.00896499651538176	2.5772163669239614	2024-02-01	lbi	south	2024
2023-09-01	B/Paraiba/2023-005646-IEC/2023_EPI_ISL_17681662	3.6e-05	4.599186999999996	5.124518999999989	-0.005510464147158207	3.591803733881117e-05	4.599142294415634	2024-02-01	lbi	south	2024
2023-09-01	B/Paraiba/2023-005649-IEC/2023_EPI_ISL_17681663	9.4e-05	4.880437999999991	4.737314999999989	-0.002151405016037178	9.391734190048465e-05	4.880431567967125	2024-02-01	lbi	south	2024
2023-09-01	B/Paraiba/2023-008574-IEC/2023_EPI_ISL_17681703	0.000259	5.836788999999989	6.43633499999999	8.084340912488871e-05	0.00025901304749993074	5.8368011277491485	2024-02-01	lbi	south	2024
2023-09-01	B/Parana/5814/2023_EPI_ISL_18092312	0.002172	5.042185999999991	5.523693999999987	-0.002505587352062394	0.00216976984077161	5.042209607700153	2024-02-01	lbi	south	2024
2023-09-01	B/Paris/02713/2023_EPI_ISL_17080593	3.2e-05	4.837673999999992	5.436344999999987	0.007563446365654564	3.210154080726667e-05	4.837669220724176	2024-02-01	lbi	south	2024
2023-09-01	B/Pennsylvania/03/2023_EPI_ISL_17559708	1.4000000000000001e-05	3.880642999999996	3.7373249999999905	-0.003684052301465749	1.3978759490004327e-05	3.8806194026509258	2024-02-01	lbi	south	2024
2023-09-01	B/Peru/0727/2023_EPI_ISL_18022522	0.000695	1.6501219999999992	2.1321449999999973	0.002293144765575266	0.000695675984882372	1.6500225208919506	2024-02-01	lbi	south	2024
2023-09-01	B/Philippines/12/2023_EPI_ISL_18127103	0.007275	1.6501219999999992	2.1321449999999973	0.0003235757550804652	0.007276102345357222	1.6500225208919506	2024-02-01	lbi	south	2024
2023-09-01	B/Philippines/13/2023_EPI_ISL_18127104	0.007275	1.6501219999999992	2.1321449999999973	0.0003235757550804652	0.007276102345357222	1.6500225208919506	2024-02-01	lbi	south	2024
2023-09-01	B/Philippines/6/2023_EPI_ISL_18160795	0.000394	1.6501219999999992	2.1321449999999973	0.007835719115774326	0.0003952950636766737	1.6500225208919506	2024-02-01	lbi	south	2024
2023-09-01	B/Philippines/8/2023_EPI_ISL_18160796	0.006333	1.6501219999999992	2.1321449999999973	0.00012087958036527238	0.006333424685692834	1.6500225208919506	2024-02-01	lbi	south	2024
2023-09-01	B/Rak/5896/2023_EPI_ISL_17981378	0.002915	1.6501219999999992	2.1321449999999973	0.0021901806721081095	0.0029177100685219264	1.6500225208919506	2024-02-01	lbi	south	2024
2023-09-01	B/Rhode_Island/05/2023_EPI_ISL_17102652	1.4999999999999999e-05	5.79759199999999	6.382504999999989	0.002469673819799224	1.5015694022103607e-05	5.797633051101497	2024-02-01	lbi	south	2024
2023-09-01	B/Rio_de_Janeiro/1082/2023_EPI_ISL_18042379	4.6e-05	3.880642999999996	3.7373249999999905	0.0007220883465867661	4.601461010586488e-05	3.8806194026509258	2024-02-01	lbi	south	2024
2023-09-01	B/Rio_de_Janeiro/1082/2023_EPI_ISL_18042379__dup2	4.6e-05	3.880642999999996	3.7373249999999905	-0.0017221328456050035	4.5967771508569455e-05	3.8806194026509258	2024-02-01	lbi	south	2024
2023-09-01	B/Rio_de_Janeiro/1606/2023_EPI_ISL_18037949	0.000175	3.6326619999999927	4.130139999999988	0.004933546609492058	0.0001753630346327127	3.63261050049022	2024-02-01	lbi	south	2024
2023-09-01	B/Romania/530/2023_EPI_ISL_17884639	3.6e-05	3.6498919999999924	4.084146999999991	0.0007609879982256321	3.601201768072342e-05	3.6498262775952277	2024-02-01	lbi	south	2024
2023-09-01	B/Romania/551526/2023_EPI_ISL_18167467	0.002402	3.103658999999995	2.994184999999994	-0.001339598553349674	0.0024006997275799564	3.1035046322387707	2024-02-01	lbi	south	2024
2023-09-01	B/SAITAMA-C/2/2023_EPI_ISL_17789909	0.000246	1.6501219999999992	2.1321449999999973	0.004676022708408905	0.00024648387343013283	1.6500225208919506	2024-02-01	lbi	south	2024
2023-09-01	B/SAITAMA-C/3/2023_EPI_ISL_17995522	0.000562	1.6501219999999992	2.1321449999999973	0.0027758704175711068	0.0005626597833288283	1.6500225208919506	2024-02-01	lbi	south	2024
2023-09-01	B/SAPPORO/2/2023_EPI_ISL_17789900	0.00028399999999999996	1.6501219999999992	2.1321449999999973	0.0049332078363207915	0.00028458911317548425	1.6500225208919506	2024-02-01	lbi	south	2024
2023-09-01	B/Sachsen/5/2023_EPI_ISL_18007081	0.004535	1.6501219999999992	2.1321449999999973	0.0005816249681334911	0.004536174872082644	1.6500225208919506	2024-02-01	lbi	south	2024
2023-09-01	B/Saint-Petersburg/RII-67/2023_EPI_ISL_17764997	4.1e-05	5.837466999999988	6.43633499999999	0.0005765736619339263	4.1010535460858374e-05	5.837479184239383	2024-02-01	lbi	south	2024
2023-09-01	B/Sainte_Marie/01377/2023_EPI_ISL_18167578__dup2	0.002915	3.4459649999999944	4.109180999999991	0.000393761315531034	0.0029155269561441425	3.4459101704373833	2024-02-01	lbi	south	2024
2023-09-01	B/Santiago/42543/2023_EPI_ISL_18137680__dup2	0.00466	1.6501219999999992	2.1321449999999973	0.0008865486629398185	0.004661799506727058	1.6500225208919506	2024-02-01	lbi	south	2024
2023-09-01	B/Santiago/7614/2023_EPI_ISL_18137515	2.6000000000000002e-05	1.6501219999999992	2.1321449999999973	0.00895350198904632	2.609761300176437e-05	1.6500225208919506	2024-02-01	lbi	south	2024
2023-09-01	B/Santiago/8911/2023_EPI_ISL_18137600	3.9e-05	1.6501219999999992	2.1321449999999973	0.012084420819235352	3.919752127027366e-05	1.6500225208919506	2024-02-01	lbi	south	2024
2023-09-01	B/Sao_Paulo/IAL/C10576/2023_EPI_ISL_17851812	3.6e-05	1.6501219999999992	2.1321449999999973	0.005651917339415453	3.608548094101483e-05	1.6500225208919506	2024-02-01	lbi	south	2024
2023-09-01	B/Saskatchewan/RV00467/2023_EPI_ISL_17765223	0.002825	2.6442809999999963	3.1321349999999906	-0.0025858059588576873	0.0028220050300592327	2.644204780329503	2024-02-01	lbi	south	2024
2023-09-01	B/Saskatchewan/SKFLU307762/2023_EPI_ISL_17798160	0.002247	2.108479999999998	1.9960429999999945	0.0041816836163781216	0.0022509560831416387	2.1083060316939313	2024-02-01	lbi	south	2024
2023-09-01	B/Segovia/4864/2023_EPI_ISL_18044502	0.0031030000000000003	2.108479999999998	1.9960429999999945	0.0015505982454908978	0.0031050572663785633	2.1083060316939313	2024-02-01	lbi	south	2024
2023-09-01	B/Serbia/3004/2023_EPI_ISL_18167230	0.001366	4.533770999999997	4.97234499999999	-0.001577540259782704	0.0013651251960268079	4.533791640954723	2024-02-01	lbi	south	2024
2023-09-01	B/Shanghai-Changning/1481/2023_EPI_ISL_18069131	0.001219	1.6501219999999992	2.1321449999999973	0.004175286541522817	0.0012211429246087272	1.6500225208919506	2024-02-01	lbi	south	2024
2023-09-01	B/Shanghai-Changning/1492/2023_EPI_ISL_18069130	0.001418	2.6466149999999966	3.1321349999999906	-0.0021052574700889054	0.001416780335570005	2.6465353810127428	2024-02-01	lbi	south	2024
2023-09-01	B/Shanghai-Fengxian/1107/2023_EPI_ISL_18069114	4.1e-05	5.4604789999999905	5.851571999999985	-0.0025319152041805393	4.0957452847646854e-05	5.460543885330753	2024-02-01	lbi	south	2024
2023-09-01	B/Sichuan-Gaoxin/1437/2023_EPI_ISL_18069112	0.002482	2.6451409999999966	3.1321349999999906	0.002175968408667723	0.0024842927979883593	2.645053935295975	2024-02-01	lbi	south	2024
2023-09-01	B/Sichuan-Qingyang/1363/2023_EPI_ISL_18069119	0.000184	2.649736999999997	3.1297899999999905	-0.0026173324931339907	0.00018380251493549079	2.6496549158620812	2024-02-01	lbi	south	2024
2023-09-01	B/Singapore/EN0162/2023_EPI_ISL_17967587	0.000166	1.6501219999999992	2.1321449999999973	0.0045952327593528595	0.0001663209173484963	1.6500225208919506	2024-02-01	lbi	south	2024
2023-09-01	B/Singapore/GP1659/2023_EPI_ISL_17967577	9.4e-05	4.837673999999992	5.436344999999987	0.0025588071664718664	9.410184397873698e-05	4.837669220724176	2024-02-01	lbi	south	2024
2023-09-01	B/Singapore/GP4275/2023_EPI_ISL_17967592	0.001004	1.6501219999999992	2.1321449999999973	0.004531299993721715	0.001005914173432424	1.6500225208919506	2024-02-01	lbi	south	2024
2023-09-01	B/Singapore/GP4401/2023_EPI_ISL_17967601	0.001086	1.6501219999999992	2.1321449999999973	0.004689994036624896	0.001088142458646832	1.6500225208919506	2024-02-01	lbi	south	2024
2023-09-01	B/Singapore/GP5646/2023_EPI_ISL_17967585	0.002402	2.644171999999996	3.13205299999999	-0.0018753767078432699	0.0024001638530344324	2.6440943958673806	2024-02-01	lbi	south	2024
2023-09-01	B/Singapore/GP6218/2023_EPI_ISL_17967631	0.003008	1.6501219999999992	2.1321449999999973	0.004066471863898584	0.0030131512553148118	1.6500225208919506	2024-02-01	lbi	south	2024
2023-09-01	B/Singapore/GP6395/2023_EPI_ISL_17967639	0.0032990000000000003	1.6501219999999992	2.1321449999999973	0.0024917640290549087	0.0033024820353377738	1.6500225208919506	2024-02-01	lbi	south	2024
2023-09-01	B/Singapore/GP6978/2023_EPI_ISL_17967659	0.004171	1.6501219999999992	2.1321449999999973	0.00240553460623426	0.0041752524006696745	1.6500225208919506	2024-02-01	lbi	south	2024
2023-09-01	B/Singapore/GP8706/2023_EPI_ISL_17967676	0.008797	3.578559999999993	4.128388999999989	-0.0019465763865144756	0.008790014587052501	3.5785522496259494	2024-02-01	lbi	south	2024
2023-09-01	B/Singapore/GP8708/2023_EPI_ISL_17967677	0.008797	3.578559999999993	4.128388999999989	-0.002049343925342878	0.008789638208375214	3.5785522496259494	2024-02-01	lbi	south	2024
2023-09-01	B/Singapore/KK0930/2023_EPI_ISL_17968352	0.0007559999999999	2.646269999999997	3.1321349999999906	-0.0016781279509342018	0.0007554841837065793	2.6461848314700576	2024-02-01	lbi	south	2024
2023-09-01	B/Singapore/KK0978/2023_EPI_ISL_17967511	0.0008900000000000001	1.6501219999999992	2.1321449999999973	0.004314920329819441	0.0008916164368957493	1.6500225208919506	2024-02-01	lbi	south	2024
2023-09-01	B/Singapore/KK1475/2023_EPI_ISL_17967679	0.0064849999999999994	3.311038999999993	3.6227239999999936	-0.0010288520500678195	0.006482328743742694	3.311111292320624	2024-02-01	lbi	south	2024
2023-09-01	B/Singapore/KK1486/2023_EPI_ISL_17967680	0.0071129999999999995	2.633555999999997	3.1321089999999905	-0.001180771705016953	0.00710962001016644	2.633476559817138	2024-02-01	lbi	south	2024
2023-09-01	B/Singapore/KK1515/2023_EPI_ISL_17967681	0.007769	2.365639999999997	2.625398999999994	6.025263599550406e-05	0.007769324717501103	2.3656696610113794	2024-02-01	lbi	south	2024
2023-09-01	B/Singapore/NUH0188/2023_EPI_ISL_17967672	0.000343	2.649418999999997	3.1321349999999906	-0.002614366564904652	0.00034263228550672503	2.6493372563209387	2024-02-01	lbi	south	2024
2023-09-01	B/Singapore/NUH0227/2023_EPI_ISL_17967673	0.000562	1.6501219999999992	2.1321449999999973	0.0027758704175711068	0.0005626597833288283	1.6500225208919506	2024-02-01	lbi	south	2024
2023-09-01	B/Singapore/NUH0257/2023_EPI_ISL_17967674	0.0008550000000000001	1.6501219999999992	2.1321449999999973	0.0037298097122805828	0.0008563440703649296	1.6500225208919506	2024-02-01	lbi	south	2024
2023-09-01	B/Singapore/NUH0392/2023_EPI_ISL_17967675	0.0018280000000000002	4.307365999999995	4.622713999999995	1.9519708206281976e-05	0.001828045378171127	4.30745520156428	2024-02-01	lbi	south	2024
2023-09-01	B/Slovakia/3603/2023_EPI_ISL_17625074	0.000612	2.642282999999997	3.1014029999999906	-0.0014791404882038787	0.0006116331437134098	2.642206970741776	2024-02-01	lbi	south	2024
2023-09-01	B/Slovakia/4130/2023_EPI_ISL_17693271	0.001129	2.4632939999999954	2.8754099999999925	-0.001513643274689532	0.0011283070132326975	2.4633077042967506	2024-02-01	lbi	south	2024
2023-09-01	B/South_Australia/13/2023_EPI_ISL_17624338	7.6e-05	2.920816999999996	2.2425999999999946	0.005998989804034528	7.619147728595604e-05	2.9206756434652563	2024-02-01	lbi	south	2024
2023-09-01	B/South_Australia/76/2023_EPI_ISL_18160793	0.011316	3.317410999999992	3.603432999999993	-0.001048565068280246	0.011311245883489477	3.3174776256418377	2024-02-01	lbi	south	2024
2023-09-01	B/South_Dakota/05/2023_EPI_ISL_17393586	4.9e-05	4.875669999999991	4.72262899999999	0.0003359383050044155	4.900767717257203e-05	4.875667050980147	2024-02-01	lbi	south	2024
2023-09-01	B/South_Dakota/07/2023_EPI_ISL_17393545__dup2	8.9e-05	3.880642999999996	3.7373249999999905	-0.00024057952697903928	8.899256426766488e-05	3.8806194026509258	2024-02-01	lbi	south	2024
2023-09-01	B/Surat_Thani/P1040/2023_EPI_ISL_17632617	0.000259	2.649586999999997	3.1321349999999906	0.0006946377879851204	0.00025907929795152137	2.649504362296049	2024-02-01	lbi	south	2024
2023-09-01	B/Surat_Thani/P1521/2023_EPI_ISL_17785695	0.001129	1.6501219999999992	2.1321449999999973	0.004099149188651992	0.0011309488316492194	1.6500225208919506	2024-02-01	lbi	south	2024
2023-09-01	B/Sweden/12/2023_EPI_ISL_18017789	0.002915	3.5366419999999943	3.97240499999999	-0.001003004981406422	0.0029138306540581202	3.5366437623342395	2024-02-01	lbi	south	2024
2023-09-01	B/Sydney/27/2023_EPI_ISL_17811482	0.001129	3.918500999999995	3.2410639999999877	0.0012089442140899127	0.0011295877039094954	3.9183755106045877	2024-02-01	lbi	south	2024
2023-09-01	B/Sydney/51/2023_EPI_ISL_17811493	0.0035039999999999997	1.6501219999999992	2.1321449999999973	0.002630282050468852	0.003507900864771886	1.6500225208919506	2024-02-01	lbi	south	2024
2023-09-01	B/Sydney/53/2023_EPI_ISL_17982011	0.0032990000000000003	3.635667999999992	4.101392999999991	-0.002120183634709559	0.0032961419313747627	3.6356146868790287	2024-02-01	lbi	south	2024
2023-09-01	B/Sydney/736/2023_EPI_ISL_18127113	0.009863	2.108479999999998	1.9960429999999945	0.0008230417907064547	0.009866547614353358	2.1083060316939313	2024-02-01	lbi	south	2024
2023-09-01	B/TOKYO/QRTNRT086/2023_EPI_ISL_17952499	0.00505	3.0920179999999937	2.994114999999993	-0.0017062676362641718	0.005046495231902538	3.0918726573912254	2024-02-01	lbi	south	2024
2023-09-01	B/Tajikistan/1139/2023_EPI_ISL_17225767	1.8e-05	4.837673999999992	5.436344999999987	0.0005337341206306087	1.8004303948026618e-05	4.837669220724176	2024-02-01	lbi	south	2024
2023-09-01	B/Talcahuano/34622/2023_EPI_ISL_18137651	0.001893	1.6501219999999992	2.1321449999999973	0.0012998729883298087	0.0018940571648763062	1.6500225208919506	2024-02-01	lbi	south	2024
2023-09-01	B/Tambov/CRIE/599/2023_EPI_ISL_16985460	2.8999999999999997e-05	3.283684999999994	3.5818529999999917	-0.005563320718021804	2.8933337300500396e-05	3.283676892219466	2024-02-01	lbi	south	2024
2023-09-01	B/Tasmania/3/2023_EPI_ISL_17692011	0.0007559999999999	2.108479999999998	1.9960429999999945	0.005918865694535947	0.0007578793928471033	2.1083060316939313	2024-02-01	lbi	south	2024
2023-09-01	B/Tasmania/89/2023_EPI_ISL_18127130	0.009863	2.108479999999998	1.9960429999999945	0.0009632529274650183	0.009867124047798232	2.1083060316939313	2024-02-01	lbi	south	2024
2023-09-01	B/Texas/07/2023_EPI_ISL_18092053__dup2	0.010406	5.9431469999999855	6.5006179999999905	-0.002464982074144462	0.010395491238962532	5.9431878234476	2024-02-01	lbi	south	2024
2023-09-01	B/Toamasina/01248/2023_EPI_ISL_18167576__dup2	0.0018280000000000002	3.4459649999999944	4.109180999999991	0.0009088401884582908	0.0018287228862694377	3.4459101704373833	2024-02-01	lbi	south	2024
2023-09-01	B/Toamasina/01303/2023_EPI_ISL_18167577	0.001471	3.4459649999999944	4.109180999999991	0.0014271941732391053	0.0014718995776629399	3.4459101704373833	2024-02-01	lbi	south	2024
2023-09-01	B/Toamasina/01303/2023_EPI_ISL_18167577__dup2	0.001471	3.4459649999999944	4.109180999999991	0.0014271941732391053	0.0014718995776629399	3.4459101704373833	2024-02-01	lbi	south	2024
2023-09-01	B/Togo/115/2023_EPI_ISL_17981341	3.9e-05	3.6341639999999926	4.128814999999989	-0.004916549567256493	3.892083744742345e-05	3.6341083137662133	2024-02-01	lbi	south	2024
2023-09-01	B/Togo/228/2023_EPI_ISL_17981335	8e-05	4.589158999999998	5.12120899999999	-0.001762488049980677	7.994260622996278e-05	4.58911766392702	2024-02-01	lbi	south	2024
2023-09-01	B/Togo/378/2023_EPI_ISL_17981343	0.000471	3.6341639999999926	4.128814999999989	-0.0025608880019758404	0.0004705055466388394	3.6341083137662133	2024-02-01	lbi	south	2024
2023-09-01	B/Toliary/01284/2023_EPI_ISL_18167573	0.001893	2.5330629999999976	3.1243829999999906	-0.0024528264365383232	0.0018910978844008115	2.5329989916635856	2024-02-01	lbi	south	2024
2023-09-01	B/Toliary/01565/2023_EPI_ISL_18167569	0.00361	2.5330629999999976	3.1243829999999906	-0.0017330766634230934	0.003607454314286742	2.5329989916635856	2024-02-01	lbi	south	2024
2023-09-01	B/Toliary/01641/2023_EPI_ISL_18167568	0.004411	2.5330629999999976	3.1243829999999906	-0.0018149459131515527	0.004407739108045411	2.5329989916635856	2024-02-01	lbi	south	2024
2023-09-01	B/Tunisia/1977/2023_EPI_ISL_18167222	5.400000000000001e-05	4.837673999999992	5.436344999999987	0.006813918354047968	5.415443486027162e-05	4.837669220724176	2024-02-01	lbi	south	2024
2023-09-01	B/Tunisia/2599/2023_EPI_ISL_18167220	0.00010400000000000001	5.837448999999988	6.43633499999999	0.0015507119482342266	0.00010406895617220665	5.837461082811836	2024-02-01	lbi	south	2024
2023-09-01	B/Tunisia/2883/2023_EPI_ISL_18167218	0.000136	4.837673999999992	5.436344999999987	0.0035809602891933084	0.0001362053458504115	4.837669220724176	2024-02-01	lbi	south	2024
2023-09-01	B/Tunisia/3546/2023_EPI_ISL_18167215	0.000298	4.911576999999994	5.467976999999987	-0.0012934113364036438	0.00029784441580134585	4.911573267233496	2024-02-01	lbi	south	2024
2023-09-01	B/Tunisia/3556/2023_EPI_ISL_18167217	0.00023500000000000002	5.8335509999999875	6.43633499999999	0.00024398705764345377	0.00023502781429516107	5.833566508517756	2024-02-01	lbi	south	2024
2023-09-01	B/Tunisia/3561/2023_EPI_ISL_18167216	0.00023500000000000002	5.8335509999999875	6.43633499999999	0.00024398705764345377	0.00023502781429516107	5.833566508517756	2024-02-01	lbi	south	2024
2023-09-01	B/Turkey/GIHSN_Ankara/14015_976/2023_EPI_ISL_17799185	0.000122	9.100279999999987	8.892189999999985	-0.002579351496513307	0.00012187098745964694	9.100230532893297	2024-02-01	lbi	south	2024
2023-09-01	B/UAE/AbuDhabi/23390310/2023_EPI_ISL_17974888	0.0071129999999999995	1.6501219999999992	2.1321449999999973	0.000803522591189633	0.007115500598516174	1.6500225208919506	2024-02-01	lbi	south	2024
2023-09-01	B/UTSUNOMIYA/21/2023_EPI_ISL_17995583	0.004055	1.6501219999999992	2.1321449999999973	0.0011550452397897767	0.004057019727688924	1.6500225208919506	2024-02-01	lbi	south	2024
2023-09-01	B/Victoria/105b/2023_EPI_ISL_17981874	0.0008210000000000001	1.6501219999999992	2.1321449999999973	0.0021741567804689586	0.0008217577951505567	1.6500225208919506	2024-02-01	lbi	south	2024
2023-09-01	B/Victoria/19/2023_EPI_ISL_17624334	6.4e-05	4.576663999999993	5.128344999999989	-0.0011969362415655503	6.396915732161384e-05	4.576673431136335	2024-02-01	lbi	south	2024
2023-09-01	B/Victoria/234/2023_EPI_ISL_17981915	0.002402	3.339642999999992	3.625120999999993	-0.0015731326943520686	0.0024004661367164055	3.339710646982511	2024-02-01	lbi	south	2024
2023-09-01	B/Victoria/303/2023_EPI_ISL_18127133	0.002915	1.6501219999999992	2.1321449999999973	0.002166806312420073	0.0029176816521583847	1.6500225208919506	2024-02-01	lbi	south	2024
2023-09-01	B/Victoria/32/2023_EPI_ISL_17624351	0.00022400000000000002	3.578559999999993	4.128388999999989	-0.0006201583516527127	0.00022394586375190566	3.5785522496259494	2024-02-01	lbi	south	2024
2023-09-01	B/Victoria/37/2023_EPI_ISL_17624349	0.00010400000000000001	3.5366419999999943	3.97240499999999	0.0011796142663694214	0.00010405286585438462	3.5366437623342395	2024-02-01	lbi	south	2024
2023-09-01	B/Victoria/420/2023_EPI_ISL_18127022	0.006333	1.6501219999999992	2.1321449999999973	0.00012087958036527238	0.006333424685692834	1.6500225208919506	2024-02-01	lbi	south	2024
2023-09-01	B/Victoria/438/2023_EPI_ISL_18160842	0.007937	1.6501219999999992	2.1321449999999973	6.974362820952234e-06	0.007937155538225913	1.6500225208919506	2024-02-01	lbi	south	2024
2023-09-01	B/Victoria/586/2023_EPI_ISL_18074095	0.011863	3.317410999999992	3.603432999999993	-0.0012467714331422988	0.011857036810479385	3.3174776256418377	2024-02-01	lbi	south	2024
2023-09-01	B/Victoria/603/2023_EPI_ISL_18074097	0.011134	2.108479999999998	1.9960429999999945	-0.0004655564079223012	0.01113202621239534	2.1083060316939313	2024-02-01	lbi	south	2024
2023-09-01	B/Victoria/629/2023_EPI_ISL_18127126	0.0132919999999999	1.6501219999999992	2.1321449999999973	-0.0004601347319030147	0.01328967367320209	1.6500225208919506	2024-02-01	lbi	south	2024
2023-09-01	B/Washington/11/2023_EPI_ISL_17699990	0.000965	2.8149089999999948	2.519270999999994	-0.002436442627552245	0.0009640369341746606	2.814766556989432	2024-02-01	lbi	south	2024
2023-09-01	B/Washington/15/2023_EPI_ISL_17806219	0.001526	13.196687999999982	13.497726999999964	-0.0026320987077867726	0.0015243527831649603	13.196987422160923	2024-02-01	lbi	south	2024
2023-09-01	B/West_Virginia/01/2023_EPI_ISL_17559736	3.9e-05	3.880642999999996	3.7373249999999905	-0.003974636671654475	3.8936115461385076e-05	3.8806194026509258	2024-02-01	lbi	south	2024
2023-09-01	B/West_Virginia/03/2023_EPI_ISL_17981387	0.003718	2.108479999999998	1.9960429999999945	0.0025798354486867036	0.0037220608661444514	2.1083060316939313	2024-02-01	lbi	south	2024
2023-09-01	B/Wisconsin/10/2023_EPI_ISL_17981460	0.0071129999999999995	3.889497999999995	3.1735409999999877	-0.0005364465833212872	0.007111528977561677	3.889390379378037	2024-02-01	lbi	south	2024
2023-09-01	B/Xinjiang-Aletai/1184/2023_EPI_ISL_18069115	0.00011599999999999999	4.465810999999996	4.99629199999999	-0.002626008566331474	0.00011587507965358349	4.465786736157153	2024-02-01	lbi	south	2024
2023-09-01	B/Xinjiang-Kashi/1149/2023_EPI_ISL_18069116	0.000129	5.441238999999988	5.997856999999986	-0.0026205846851412727	0.00012886137117957918	5.441239693393563	2024-02-01	lbi	south	2024
2023-09-01	B/Xinjiang-Kashi/1172/2023_EPI_ISL_18069117	0.000184	6.441251999999985	7.010967999999987	-0.0026264808854019306	0.0001838018143128651	6.44128264050359	2024-02-01	lbi	south	2024
2023-09-01	B/YOKOHAMA/1/2023_EPI_ISL_17691962	0.000143	1.6501219999999992	2.1321449999999973	0.004155162980695823	0.00014325018378967276	1.6500225208919506	2024-02-01	lbi	south	2024
2023-09-01	B/YOKOHAMA/2/2023_EPI_ISL_17995519	0.0008900000000000001	1.6501219999999992	2.1321449999999973	0.0051826043813407024	0.0008919388457409355	1.6500225208919506	2024-02-01	lbi	south	2024
2023-09-01	B/YOKOHAMA/3/2023_EPI_ISL_18058889	0.001641	4.973457999999991	5.504475999999988	0.002259291025358161	0.0016425729325888518	4.973451512575931	2024-02-01	lbi	south	2024
2023-09-01	B/YOKOHAMA/3/2023_EPI_ISL_18058889__dup2	0.001641	4.973457999999991	5.504475999999988	0.0020839261860998884	0.0016424529163326642	4.973451512575931	2024-02-01	lbi	south	2024
2023-09-01	B/Yasothon/BOE145/2023_EPI_ISL_17785712	0.002323	59.3029339999999	60.06181099999986	0.003801262731279447	0.002326721054481469	59.30343194965056	2024-02-01	lbi	south	2024
2023-09-01	B/Zhejiang-Kecheng/1429/2023_EPI_ISL_18069129	0.001893	2.108479999999998	1.9960429999999945	0.004537437715675674	0.0018966139442960844	2.1083060316939313	2024-02-01	lbi	south	2024
2023-09-01	B/Zhejiang-Kecheng/1444/2023_EPI_ISL_18069113	0.002402	2.108479999999998	1.9960429999999945	0.004050927063455819	0.002406097884824023	2.1083060316939313	2024-02-01	lbi	south	2024
2023-09-01	B/Zhejiang-Longwan/1257/2023_EPI_ISL_18069120	0.000184	4.837673999999992	5.436344999999987	0.002603260576951604	0.00018420276599003403	4.837669220724176	2024-02-01	lbi	south	2024
2023-09-01	B/Zhejiang-Yiwu/1346/2023_EPI_ISL_18069126	0.0008550000000000001	2.108479999999998	1.9960429999999945	0.006181297175921183	0.0008572192325711912	2.1083060316939313	2024-02-01	lbi	south	2024
