timepoint	strain	frequency	weighted_distance_to_present	weighted_distance_to_future	fitness	projected_frequency	y	future_timepoint	model	hemisphere	forecast_year
2012-09-01	B/Alaska/01/2012_EPI_ISL_117023	0.000138	2.9483560000000004	3.4290049999999974	0.037994616563435314	0.00014007627441468522	2.9231921387112156	2013-02-01	ne_star	south	2013
2012-09-01	B/Alaska/12/2012_EPI_ISL_128369	0.013722	1.9780890000000007	2.454278999999998	0.037994616563435314	0.013928453895060224	1.9515437473916244	2013-02-01	ne_star	south	2013
2012-09-01	B/Argentina/35/2012_EPI_ISL_128371	0.020194	1.8813110000000002	2.199704999999999	0.037994616563435314	0.020497828156015606	1.8634901475572208	2013-02-01	ne_star	south	2013
2012-09-01	B/Argentina/44/2012_EPI_ISL_128379	0.023578	1.0062129999999996	1.4648189999999992	0.037994616563435314	0.023932742015575718	0.980017620624997	2013-02-01	ne_star	south	2013
2012-09-01	B/Athens_GR/152/2012_EPI_ISL_117498	7.900000000000001e-05	2.999241	3.4648109999999974	0.037994616563435314	8.018859187507345e-05	2.974068179535826	2013-02-01	ne_star	south	2013
2012-09-01	B/Athens_GR/152/2012_EPI_ISL_117498__dup2	7.900000000000001e-05	2.999241	3.4648109999999974	0.037994616563435314	8.018859187507345e-05	2.974068179535826	2013-02-01	ne_star	south	2013
2012-09-01	B/Athens_GR/98/2012_EPI_ISL_117496__dup2	6.3e-05	1.0062129999999996	1.4648189999999992	0.037994616563435314	6.394786440670414e-05	0.980017620624997	2013-02-01	ne_star	south	2013
2012-09-01	B/Austria/653113/2012_EPI_ISL_106892	1e-05	1.948644000000001	2.429008999999998	0.037994616563435314	1.0150454667730815e-05	1.923472291260044	2013-02-01	ne_star	south	2013
2012-09-01	B/BRISBANE/1/2012_EPI_ISL_118621	2.7000000000000002e-05	2.9584840000000003	3.442144999999998	0.037994616563435314	2.7406227602873202e-05	2.932192923687581	2013-02-01	ne_star	south	2013
2012-09-01	B/BRISBANE/15/2012_EPI_ISL_122553	0.003629	1.9822810000000006	2.422831999999998	0.037994616563435314	0.0036835999989195123	1.955737733059784	2013-02-01	ne_star	south	2013
2012-09-01	B/Bahrain/10/2012_EPI_ISL_122136	6.3e-05	1.9797690000000006	2.464764999999998	0.037994616563435314	6.394786440670414e-05	1.9537394862542337	2013-02-01	ne_star	south	2013
2012-09-01	B/Bahrain/15/2012_EPI_ISL_122140	7.099999999999999e-05	1.0062129999999996	1.4648189999999992	0.037994616563435314	7.206822814088878e-05	0.980017620624997	2013-02-01	ne_star	south	2013
2012-09-01	B/Bangladesh/6704/2012_EPI_ISL_125888	0.012577	1.9627840000000008	2.3180629999999978	0.037994616563435314	0.012766226835605046	1.9372942776908972	2013-02-01	ne_star	south	2013
2012-09-01	B/Beijing-Chaoyang/1147/2012_EPI_ISL_117040	2.8999999999999997e-05	4.730687000000002	4.831004999999997	0.037994616563435314	2.943631853641936e-05	4.711259870979914	2013-02-01	ne_star	south	2013
2012-09-01	B/Beijing-Xicheng/1241/2012_EPI_ISL_117041	6.3e-05	1.0062129999999996	1.4648189999999992	0.037994616563435314	6.394786440670414e-05	0.980017620624997	2013-02-01	ne_star	south	2013
2012-09-01	B/Brazil/0944/2012_EPI_ISL_125887	0.000162	1.9207470000000004	2.309577999999998	0.037994616563435314	0.0001644373656172392	1.8967150691769425	2013-02-01	ne_star	south	2013
2012-09-01	B/CHANTHABURI/32/2012_EPI_ISL_122528	0.000234	2.9621530000000007	3.4346619999999977	0.037994616563435314	0.00023752063922490105	2.936156435771673	2013-02-01	ne_star	south	2013
2012-09-01	B/CHIANG_RAI/50/2012_EPI_ISL_122581	0.000593	1.8648689999999988	2.2603179999999976	0.037994616563435314	0.0006019219617964374	1.841424428096347	2013-02-01	ne_star	south	2013
2012-09-01	B/CHIBA-C/25/2012_EPI_ISL_122194	0.00093	2.0043410000000006	2.4518009999999983	-0.18858594000415602	0.0008589488955449069	1.978299722833906	2013-02-01	ne_star	south	2013
2012-09-01	B/California/02/2012_EPI_ISL_105784	2.8999999999999997e-05	1.0062129999999996	1.4648189999999992	0.037994616563435314	2.943631853641936e-05	0.980017620624997	2013-02-01	ne_star	south	2013
2012-09-01	B/California/03/2012_EPI_ISL_115045	3.5e-05	1.0062129999999996	1.4648189999999992	0.037994616563435314	3.552659133705785e-05	0.980017620624997	2013-02-01	ne_star	south	2013
2012-09-01	B/Centre/1376/2012_EPI_ISL_128112	0.002838	1.0062129999999996	1.4648189999999992	0.037994616563435314	0.002880699034702005	0.980017620624997	2013-02-01	ne_star	south	2013
2012-09-01	B/Centre/1376/2012_EPI_ISL_128112__dup2	0.002838	1.0062129999999996	1.4648189999999992	0.037994616563435314	0.002880699034702005	0.980017620624997	2013-02-01	ne_star	south	2013
2012-09-01	B/Chiang_Rai/55/2012_EPI_ISL_122166	0.00065	1.0062129999999996	1.4648189999999992	0.037994616563435314	0.000659779553402503	0.980017620624997	2013-02-01	ne_star	south	2013
2012-09-01	B/Connecticut/01/2012_EPI_ISL_120322	0.000124	2.0059530000000008	2.464814999999998	-0.18858594000415602	0.00011452651940598757	1.9797885675861842	2013-02-01	ne_star	south	2013
2012-09-01	B/DARWIN/1/2012_EPI_ISL_118576	1.3000000000000001e-05	2.9011750000000007	3.3087789999999977	0.037994616563435314	1.319559106805006e-05	2.873475759344468	2013-02-01	ne_star	south	2013
2012-09-01	B/DARWIN/13/2012_EPI_ISL_122533	0.001603	1.9867100000000004	2.464814999999998	0.037994616563435314	0.0016271178832372496	1.9602654664529637	2013-02-01	ne_star	south	2013
2012-09-01	B/DARWIN/19/2012_EPI_ISL_122537	0.0038829999999999997	1.0062129999999996	1.4648189999999992	0.037994616563435314	0.003941421547479875	0.980017620624997	2013-02-01	ne_star	south	2013
2012-09-01	B/DARWIN/23/2012_EPI_ISL_122555	0.006428	1.9867100000000004	2.464814999999998	0.037994616563435314	0.006524712260417368	1.9602654664529637	2013-02-01	ne_star	south	2013
2012-09-01	B/DARWIN/3/2012_EPI_ISL_118612	3.9e-05	2.9011750000000007	3.3087789999999977	0.037994616563435314	3.958677320415018e-05	2.873475759344468	2013-02-01	ne_star	south	2013
2012-09-01	B/DARWIN/40/2012_EPI_ISL_122587	0.012020999999999999	1.0062129999999996	1.4648189999999992	0.037994616563435314	0.012201861556079212	0.980017620624997	2013-02-01	ne_star	south	2013
2012-09-01	B/DARWIN/8/2012_EPI_ISL_121695	0.001105	2.9185250000000007	3.309573999999998	0.037994616563435314	0.001121625240784255	2.8944718186953757	2013-02-01	ne_star	south	2013
2012-09-01	B/Daejeon/3330/2012_EPI_ISL_128382	0.0025440000000000003	1.9586210000000002	2.4421489999999975	0.037994616563435314	0.0025822756674707195	1.932319804370926	2013-02-01	ne_star	south	2013
2012-09-01	B/Dakar/01/2012_EPI_ISL_128353	0.0021079999999999996	3.7999439999999987	4.364134999999998	0.037994616563435314	0.0021397158439576554	3.774765893582211	2013-02-01	ne_star	south	2013
2012-09-01	B/Dakar/01/2012_EPI_ISL_128353__dup2	0.0021079999999999996	3.7999439999999987	4.364134999999998	0.037994616563435314	0.0021397158439576554	3.774765893582211	2013-02-01	ne_star	south	2013
2012-09-01	B/Dakar/03/2012_EPI_ISL_128354	0.0021899999999999997	3.8077979999999987	4.375208999999999	-0.18858594000415602	0.0020226861088638126	3.782540540549992	2013-02-01	ne_star	south	2013
2012-09-01	B/Dakar/04/2012_EPI_ISL_128355	0.0021899999999999997	2.839907000000001	3.3932739999999972	0.037994616563435314	0.0022229495722330484	2.8143221443786466	2013-02-01	ne_star	south	2013
2012-09-01	B/Dakar/04/2012_EPI_ISL_128355__dup2	0.0021899999999999997	2.839907000000001	3.3932739999999972	0.037994616563435314	0.0022229495722330484	2.8143221443786466	2013-02-01	ne_star	south	2013
2012-09-01	B/Dakar/05/2012_EPI_ISL_128356	0.002274	4.747248000000003	5.086337999999995	-0.41516649657174737	0.0019110573422078806	4.724683391781031	2013-02-01	ne_star	south	2013
2012-09-01	B/Dakar/06/2012_EPI_ISL_128357	0.002361	2.839907000000001	3.3932739999999972	0.037994616563435314	0.0023965223470512453	2.8143221443786466	2013-02-01	ne_star	south	2013
2012-09-01	B/Dakar/06/2012_EPI_ISL_128357__dup2	0.002361	2.839907000000001	3.3932739999999972	0.037994616563435314	0.0023965223470512453	2.8143221443786466	2013-02-01	ne_star	south	2013
2012-09-01	B/Dakar/07/2012_EPI_ISL_128358	0.0027370000000000003	2.839907000000001	3.3932739999999972	0.037994616563435314	0.0027781794425579243	2.8143221443786466	2013-02-01	ne_star	south	2013
2012-09-01	B/Dakar/08/2012_EPI_ISL_128359	0.003387	2.839907000000001	3.3932739999999972	0.037994616563435314	0.0034379589959604266	2.8143221443786466	2013-02-01	ne_star	south	2013
2012-09-01	B/Dakar/08/2012_EPI_ISL_128359__dup2	0.003387	2.839907000000001	3.3932739999999972	0.037994616563435314	0.0034379589959604266	2.8143221443786466	2013-02-01	ne_star	south	2013
2012-09-01	B/Dakar/09/2012_EPI_ISL_128360	0.0038829999999999997	2.839907000000001	3.3932739999999972	0.037994616563435314	0.003941421547479875	2.8143221443786466	2013-02-01	ne_star	south	2013
2012-09-01	B/Dakar/10/2012_EPI_ISL_128361	0.006618000000000001	2.872804000000001	3.2768019999999978	0.037994616563435314	0.006717570899104254	2.844695278862375	2013-02-01	ne_star	south	2013
2012-09-01	B/Dakar/10/2012_EPI_ISL_128361__dup2	0.006618000000000001	2.872804000000001	3.2768019999999978	0.037994616563435314	0.006717570899104254	2.844695278862375	2013-02-01	ne_star	south	2013
2012-09-01	B/Dakar/17/2012_EPI_ISL_128362	0.0027370000000000003	3.8159749999999972	4.351286999999998	0.037994616563435314	0.0027781794425579243	3.790042256813433	2013-02-01	ne_star	south	2013
2012-09-01	B/Dakar/17/2012_EPI_ISL_128362__dup2	0.0027370000000000003	3.8159749999999972	4.351286999999998	0.037994616563435314	0.0027781794425579243	3.790042256813433	2013-02-01	ne_star	south	2013
2012-09-01	B/Delaware/01/2012_EPI_ISL_104023	1.4000000000000001e-05	2.864687000000001	3.2603139999999984	0.037994616563435314	1.4210636534823141e-05	2.8412518703669964	2013-02-01	ne_star	south	2013
2012-09-01	B/Delaware/03/2012_EPI_ISL_117028	0.000516	1.0062129999999996	1.4648189999999992	0.037994616563435314	0.00052376346085491	0.980017620624997	2013-02-01	ne_star	south	2013
2012-09-01	B/Delaware/07/2012_EPI_ISL_121430	0.004152	1.9978970000000005	2.261590999999999	-0.18858594000415602	0.0038347911981746812	1.972348038228647	2013-02-01	ne_star	south	2013
2012-09-01	B/Denmark/15/2012_EPI_ISL_122721	0.002451	1.9586210000000002	2.4421489999999975	0.037994616563435314	0.002487876439060823	1.932319804370926	2013-02-01	ne_star	south	2013
2012-09-01	B/Denmark/5/2012_EPI_ISL_122723	0.00028700000000000004	1.0062129999999996	1.4648189999999992	0.037994616563435314	0.0002913180489638744	0.980017620624997	2013-02-01	ne_star	south	2013
2012-09-01	B/Djibouti/IP1157/2012_EPI_ISL_128113	0.0009710000000000001	1.0062129999999996	1.4648189999999992	0.037994616563435314	0.0009856091482366622	0.980017620624997	2013-02-01	ne_star	south	2013
2012-09-01	B/Djibouti/IP1157/2012_EPI_ISL_128113__dup2	0.0009710000000000001	1.0062129999999996	1.4648189999999992	0.037994616563435314	0.0009856091482366622	0.980017620624997	2013-02-01	ne_star	south	2013
2012-09-01	B/England/322/2012_EPI_ISL_122052	0.000317	1.0062129999999996	1.4648189999999992	0.037994616563435314	0.0003217694129670668	0.980017620624997	2013-02-01	ne_star	south	2013
2012-09-01	B/England/507/2012_EPI_ISL_122054	0.001539	1.9913120000000006	2.464814999999998	0.037994616563435314	0.0015621549733637725	1.9649688027118948	2013-02-01	ne_star	south	2013
2012-09-01	B/England/507/2012_EPI_ISL_122054__dup2	0.001539	1.9913120000000006	2.464814999999998	0.037994616563435314	0.0015621549733637725	1.9649688027118948	2013-02-01	ne_star	south	2013
2012-09-01	B/England/537/2012_EPI_ISL_122055	0.0025440000000000003	1.9594050000000005	2.443732999999998	0.037994616563435314	0.0025822756674707195	1.9325175529618834	2013-02-01	ne_star	south	2013
2012-09-01	B/England/537/2012_EPI_ISL_122055__dup2	0.0025440000000000003	1.9594050000000005	2.443732999999998	0.037994616563435314	0.0025822756674707195	1.9325175529618834	2013-02-01	ne_star	south	2013
2012-09-01	B/Ethiopia/116/2012_EPI_ISL_124963	0.004292	1.0062129999999996	1.4648189999999992	0.037994616563435314	0.004356575143390065	0.980017620624997	2013-02-01	ne_star	south	2013
2012-09-01	B/Ethiopia/65/2012_EPI_ISL_124956	0.001419	1.0062129999999996	1.4648189999999992	0.037994616563435314	0.0014403495173510026	0.980017620624997	2013-02-01	ne_star	south	2013
2012-09-01	B/Finland/235/2012_EPI_ISL_121466	7.099999999999999e-05	2.864687000000001	3.2603139999999984	0.037994616563435314	7.206822814088878e-05	2.8412518703669964	2013-02-01	ne_star	south	2013
2012-09-01	B/Finland/292/2012_EPI_ISL_125836	0.006241	1.9687550000000007	2.464682999999998	0.037994616563435314	0.0063348987581308015	1.9420082280762114	2013-02-01	ne_star	south	2013
2012-09-01	B/Finland/292/2012_EPI_ISL_125836__dup2	0.006241	1.9687550000000007	2.464682999999998	0.037994616563435314	0.0063348987581308015	1.9420082280762114	2013-02-01	ne_star	south	2013
2012-09-01	B/Finland/292/2012_EPI_ISL_125836__dup3	0.006241	1.9687550000000007	2.464682999999998	0.037994616563435314	0.0063348987581308015	1.9420082280762114	2013-02-01	ne_star	south	2013
2012-09-01	B/Florida/01/2012_EPI_ISL_105778	3.1e-05	2.0061390000000006	2.464814999999998	-0.18858594000415602	2.8631629851496894e-05	1.9799603573652929	2013-02-01	ne_star	south	2013
2012-09-01	B/Florida/04/2012_EPI_ISL_120320	0.001419	2.965201	3.4589149999999975	0.037994616563435314	0.0014403495173510026	2.938603507378867	2013-02-01	ne_star	south	2013
2012-09-01	B/Florida/05/2012_EPI_ISL_122141	0.008278	1.0062129999999996	1.4648189999999992	0.037994616563435314	0.00840254637394757	0.980017620624997	2013-02-01	ne_star	south	2013
2012-09-01	B/Florida/07/2012_EPI_ISL_122115	0.0052	1.0062129999999996	1.4648189999999992	0.037994616563435314	0.005278236427220024	0.980017620624997	2013-02-01	ne_star	south	2013
2012-09-01	B/Florida/10/2012_EPI_ISL_124961	0.019249000000000002	1.0062129999999996	1.4648189999999992	0.037994616563435314	0.019538610189915047	0.980017620624997	2013-02-01	ne_star	south	2013
2012-09-01	B/Florida/19/2012_EPI_ISL_127866	0.022979	1.0062129999999996	1.4648189999999992	0.037994616563435314	0.02332472978097864	0.980017620624997	2013-02-01	ne_star	south	2013
2012-09-01	B/Florida/22/2012_EPI_ISL_128364	0.025855	3.7623499999999974	4.1979489999999995	-0.41516649657174737	0.021728402630951958	3.762126143036327	2013-02-01	ne_star	south	2013
2012-09-01	B/GIFU/5/2012_EPI_ISL_123238	0.00065	2.851073	3.199700999999997	0.037994616563435314	0.000659779553402503	2.8328093832785384	2013-02-01	ne_star	south	2013
2012-09-01	B/GUNMA/59/2012_EPI_ISL_128346	0.014906	1.9738450000000007	2.464696999999998	0.037994616563435314	0.015130267727719554	1.9471748095020864	2013-02-01	ne_star	south	2013
2012-09-01	B/Georgia/436/2012_EPI_ISL_125837	0.000852	1.9383239999999997	2.391474999999998	0.037994616563435314	0.0008648187376906654	1.9134852314440793	2013-02-01	ne_star	south	2013
2012-09-01	B/Georgia/436/2012_EPI_ISL_125837__dup2	0.000852	1.9383239999999997	2.391474999999998	0.037994616563435314	0.0008648187376906654	1.9134852314440793	2013-02-01	ne_star	south	2013
2012-09-01	B/Georgia/498/2012_EPI_ISL_125838	0.001105	3.9992789999999983	4.464806999999999	-0.18858594000415602	0.0010205790640614215	3.973646621182557	2013-02-01	ne_star	south	2013
2012-09-01	B/Georgia/655/2012_EPI_ISL_125839	0.0021079999999999996	2.92988	3.376484999999998	0.037994616563435314	0.0021397158439576554	2.9049263680682507	2013-02-01	ne_star	south	2013
2012-09-01	B/Georgia/655/2012_EPI_ISL_125839__dup2	0.0021079999999999996	2.92988	3.376484999999998	0.037994616563435314	0.0021397158439576554	2.9049263680682507	2013-02-01	ne_star	south	2013
2012-09-01	B/Georgia/741/2012_EPI_ISL_125840	0.0055320000000000005	2.9080859999999995	3.391470999999998	0.037994616563435314	0.005615231522188687	2.8828044671653985	2013-02-01	ne_star	south	2013
2012-09-01	B/Georgia/741/2012_EPI_ISL_125840__dup2	0.0055320000000000005	2.9080859999999995	3.391470999999998	0.037994616563435314	0.005615231522188687	2.8828044671653985	2013-02-01	ne_star	south	2013
2012-09-01	B/Guatemala/52/2012_EPI_ISL_107105	0.00018999999999999998	3.834641999999998	4.270901999999999	0.037994616563435314	0.00019285863868688546	3.8061618646509454	2013-02-01	ne_star	south	2013
2012-09-01	B/HIROSHIMA-C/7/2012_EPI_ISL_121867	0.00038700000000000003	2.0054270000000005	2.464814999999998	0.037994616563435314	0.00039282259564118256	1.9792319754337135	2013-02-01	ne_star	south	2013
2012-09-01	B/HIROSHIMA/27/2012_EPI_ISL_122334	0.0052	1.9577050000000005	2.464646999999998	0.037994616563435314	0.005278236427220024	1.9338716436680712	2013-02-01	ne_star	south	2013
2012-09-01	B/HOKKAIDO/8/2012_EPI_ISL_121215	9.9e-05	2.9281110000000004	3.355664999999998	0.037994616563435314	0.00010048950121053506	2.9039145362845526	2013-02-01	ne_star	south	2013
2012-09-01	B/HYOGO/3041/2012_EPI_ISL_122335	0.005704	1.994793000000001	2.464814999999998	-0.18858594000415602	0.005268219892675429	1.9694811808396453	2013-02-01	ne_star	south	2013
2012-09-01	B/Honduras/9745/2012_EPI_ISL_128365	0.017051	2.872804000000001	3.2768019999999978	0.037994616563435314	0.017307540253947814	2.844695278862375	2013-02-01	ne_star	south	2013
2012-09-01	B/Hong_Kong/3496/2012_EPI_ISL_128119	0.004016	5.682750000000002	5.801865999999995	-0.18858594000415602	0.0037091814672132748	5.664344129886122	2013-02-01	ne_star	south	2013
2012-09-01	B/Hong_Kong/3496/2012_EPI_ISL_128119__dup2	0.004016	4.683165000000002	4.808338999999997	0.037994616563435314	0.004076422594560695	4.663620927362915	2013-02-01	ne_star	south	2013
2012-09-01	B/Hong_Kong/3501/2012_EPI_ISL_128120	0.004152	1.962671000000001	2.420558999999998	0.037994616563435314	0.004214468778041835	1.9358390925716316	2013-02-01	ne_star	south	2013
2012-09-01	B/Hong_Kong/3501/2012_EPI_ISL_128120__dup2	0.004152	2.892239	3.2792599999999976	0.037994616563435314	0.004214468778041835	2.8662833704874036	2013-02-01	ne_star	south	2013
2012-09-01	B/Hong_Kong/3508/2012_EPI_ISL_128121	0.0044340000000000004	1.8648689999999988	2.2603179999999976	0.037994616563435314	0.0045007115996718436	1.841424428096347	2013-02-01	ne_star	south	2013
2012-09-01	B/Hong_Kong/3508/2012_EPI_ISL_128121__dup2	0.0044340000000000004	1.8648689999999988	2.2603179999999976	0.037994616563435314	0.0045007115996718436	1.841424428096347	2013-02-01	ne_star	south	2013
2012-09-01	B/Hong_Kong/3514/2012_EPI_ISL_128122	0.00458	4.721585000000003	4.831004999999997	-0.18858594000415602	0.004230092410317928	4.7028585587963505	2013-02-01	ne_star	south	2013
2012-09-01	B/Hong_Kong/3525/2012_EPI_ISL_128375	0.0052	1.0062129999999996	1.4648189999999992	0.037994616563435314	0.005278236427220024	0.980017620624997	2013-02-01	ne_star	south	2013
2012-09-01	B/Hong_Kong/3534/2012_EPI_ISL_128123	0.0052	4.720345000000003	4.830288999999997	-0.18858594000415602	0.004802725007347866	4.701713293602291	2013-02-01	ne_star	south	2013
2012-09-01	B/Hong_Kong/3534/2012_EPI_ISL_128123__dup2	0.0052	3.7307569999999983	3.8310089999999977	0.037994616563435314	0.005278236427220024	3.711318743616983	2013-02-01	ne_star	south	2013
2012-09-01	B/Hong_Kong/3546/2012_EPI_ISL_128124	0.006058	2.917201000000001	3.414438999999998	0.037994616563435314	0.006149145437711327	2.890728741190674	2013-02-01	ne_star	south	2013
2012-09-01	B/Hong_Kong/3546/2012_EPI_ISL_128124__dup2	0.006058	2.917201000000001	3.414438999999998	0.037994616563435314	0.006149145437711327	2.890728741190674	2013-02-01	ne_star	south	2013
2012-09-01	B/Hong_Kong/3553/2012_EPI_ISL_127861	0.006812	3.754200999999998	4.112683999999998	-0.18858594000415602	0.006291569759625705	3.7407938859032552	2013-02-01	ne_star	south	2013
2012-09-01	B/Hubei-Jiangan/12/2012_EPI_ISL_117034	1.3000000000000001e-05	5.730259000000004	5.831000999999997	-0.18858594000415602	1.2006812518369667e-05	5.710842367179932	2013-02-01	ne_star	south	2013
2012-09-01	B/IWATE/4/2012_EPI_ISL_118956	9.4e-05	1.962671000000001	2.420558999999998	0.037994616563435314	9.541427387666965e-05	1.9358390925716316	2013-02-01	ne_star	south	2013
2012-09-01	B/Idaho/02/2012_EPI_ISL_120325	0.002361	1.0062129999999996	1.4648189999999992	0.037994616563435314	0.0023965223470512453	0.980017620624997	2013-02-01	ne_star	south	2013
2012-09-01	B/Idaho/03/2012_EPI_ISL_124959	0.012577	1.9594050000000005	2.443732999999998	0.037994616563435314	0.012766226835605046	1.9325175529618834	2013-02-01	ne_star	south	2013
2012-09-01	B/India/5526/2012_EPI_ISL_124955	0.0021899999999999997	1.0062129999999996	1.4648189999999992	0.037994616563435314	0.0022229495722330484	0.980017620624997	2013-02-01	ne_star	south	2013
2012-09-01	B/Indiana/01/2012_EPI_ISL_117373	0.000621	2.004959000000001	2.464814999999998	0.037994616563435314	0.0006303432348660836	1.9787569341552638	2013-02-01	ne_star	south	2013
2012-09-01	B/Ireland/12M17522/2012_EPI_ISL_122057	0.000317	1.0062129999999996	1.4648189999999992	0.037994616563435314	0.0003217694129670668	0.980017620624997	2013-02-01	ne_star	south	2013
2012-09-01	B/Ireland/12M17522/2012_EPI_ISL_122057__dup2	0.000317	1.0062129999999996	1.4648189999999992	0.037994616563435314	0.0003217694129670668	0.980017620624997	2013-02-01	ne_star	south	2013
2012-09-01	B/Jiangsu-Canglang/1132/2012_EPI_ISL_128384	0.001539	7.539875999999998	7.542976999999994	0.037994616563435314	0.0015621549733637725	7.520171147708649	2013-02-01	ne_star	south	2013
2012-09-01	B/Jiangsu-Jingjiang/33/2012_EPI_ISL_126285	0.00021099999999999998	5.933381999999998	6.2950659999999985	0.037994616563435314	0.00021417459348912015	5.908095278661212	2013-02-01	ne_star	south	2013
2012-09-01	B/Jiangsu-Nanjinggulou/182/2012_EPI_ISL_117024	3.1e-05	1.8648689999999988	2.2603179999999976	0.037994616563435314	3.146640946996553e-05	1.841424428096347	2013-02-01	ne_star	south	2013
2012-09-01	B/Jilin-Chuanying/1417/2012_EPI_ISL_128383	0.001478	1.9662500000000007	2.435679999999998	0.037994616563435314	0.0015002371998906144	1.9404613698285618	2013-02-01	ne_star	south	2013
2012-09-01	B/KANAGAWA/80/2012_EPI_ISL_128344	0.008502	1.962671000000001	2.420558999999998	0.037994616563435314	0.008629916558504739	1.9358390925716316	2013-02-01	ne_star	south	2013
2012-09-01	B/KAWASAKI/1/2012_EPI_ISL_111439	3.1e-05	3.913692999999999	4.397884999999999	0.037994616563435314	3.146640946996553e-05	3.8867530049614847	2013-02-01	ne_star	south	2013
2012-09-01	B/KOBE/374/2012_EPI_ISL_121870	0.000852	2.0044970000000006	2.464814999999998	0.037994616563435314	0.0008648187376906654	1.9782879831496147	2013-02-01	ne_star	south	2013
2012-09-01	B/KOBE/63/2012_EPI_ISL_128342	0.011211	1.0062129999999996	1.4648189999999992	0.037994616563435314	0.011379674727993018	0.980017620624997	2013-02-01	ne_star	south	2013
2012-09-01	B/KUMAMOTO-C/12/2012_EPI_ISL_122193	0.001668	2.851073	3.199700999999997	0.037994616563435314	0.0016930958385775	2.8328093832785384	2013-02-01	ne_star	south	2013
2012-09-01	B/KUMAMOTO-C/12/2012_EPI_ISL_122193__dup2	0.001668	2.851073	3.199700999999997	0.037994616563435314	0.0016930958385775	2.8328093832785384	2013-02-01	ne_star	south	2013
2012-09-01	B/KUMAMOTO-C/9/2012_EPI_ISL_121869	0.000593	2.8303540000000016	3.259876999999998	-0.18858594000415602	0.0005476953710302471	2.8116492854103066	2013-02-01	ne_star	south	2013
2012-09-01	B/KUMAMOTO/4/2012_EPI_ISL_121868	0.000621	2.9612850000000006	3.4205549999999976	0.037994616563435314	0.0006303432348660836	2.9344508212155547	2013-02-01	ne_star	south	2013
2012-09-01	B/Kaliningrad/06/2012_EPI_ISL_122144	0.006618000000000001	1.0062129999999996	1.4648189999999992	0.037994616563435314	0.006717570899104254	0.980017620624997	2013-02-01	ne_star	south	2013
2012-09-01	B/Kansas/01/2012_EPI_ISL_105783	2.3e-05	3.862121999999997	4.230399999999999	-0.18858594000415602	2.1242822147884793e-05	3.8386688721846753	2013-02-01	ne_star	south	2013
2012-09-01	B/Karlovy_Vary/24/2012_EPI_ISL_122059	1e-05	1.0062129999999996	1.4648189999999992	0.037994616563435314	1.0150454667730815e-05	0.980017620624997	2013-02-01	ne_star	south	2013
2012-09-01	B/Kentucky/01/2012_EPI_ISL_118939	0.000492	1.0062129999999996	1.4648189999999992	0.037994616563435314	0.0004994023696523561	0.980017620624997	2013-02-01	ne_star	south	2013
2012-09-01	B/Laos/I008/2012_EPI_ISL_122183	1.4000000000000001e-05	3.961597999999998	4.427470999999999	-0.18858594000415602	1.293041348132118e-05	3.93560782652932	2013-02-01	ne_star	south	2013
2012-09-01	B/Laos/I014/2012_EPI_ISL_122184	1.8e-05	2.9621530000000007	3.4346619999999977	0.037994616563435314	1.8270818401915467e-05	2.936156435771673	2013-02-01	ne_star	south	2013
2012-09-01	B/Laos/I057/2012_EPI_ISL_122186	4.2e-05	2.9621530000000007	3.4346619999999977	0.037994616563435314	4.263190960446942e-05	2.936156435771673	2013-02-01	ne_star	south	2013
2012-09-01	B/Laos/I071/2012_EPI_ISL_122187	6.3e-05	3.8213019999999975	4.1135579999999985	0.037994616563435314	6.394786440670414e-05	3.798573189433433	2013-02-01	ne_star	south	2013
2012-09-01	B/Laos/I080/2012_EPI_ISL_122188	6.7e-05	3.8917209999999973	4.293362999999999	0.037994616563435314	6.800804627379646e-05	3.8666007136874403	2013-02-01	ne_star	south	2013
2012-09-01	B/Laos/I117/2012_EPI_ISL_122189	9.9e-05	3.913644999999998	4.4344899999999985	-0.18858594000415602	9.143649533219975e-05	3.8900104588147464	2013-02-01	ne_star	south	2013
2012-09-01	B/Laos/I118/2012_EPI_ISL_122190	9.9e-05	3.959662999999998	4.434657999999999	-0.18858594000415602	9.143649533219975e-05	3.9338677525854773	2013-02-01	ne_star	south	2013
2012-09-01	B/Laos/SA024/2012_EPI_ISL_122191	5.3e-05	2.9621530000000007	3.4346619999999977	0.037994616563435314	5.379740973897332e-05	2.936156435771673	2013-02-01	ne_star	south	2013
2012-09-01	B/Lefkada_GR/58/2012_EPI_ISL_117495	4.4e-05	2.0002010000000006	2.463312999999998	0.037994616563435314	4.466200053801558e-05	1.9739273478243582	2013-02-01	ne_star	south	2013
2012-09-01	B/Lisboa/3/2012_EPI_ISL_122268	0.000593	1.0062129999999996	1.4648189999999992	0.037994616563435314	0.0006019219617964374	0.980017620624997	2013-02-01	ne_star	south	2013
2012-09-01	B/Lisboa/3/2012_EPI_ISL_122268__dup2	0.000593	1.0062129999999996	1.4648189999999992	0.037994616563435314	0.0006019219617964374	0.980017620624997	2013-02-01	ne_star	south	2013
2012-09-01	B/Lorraine/1023/2012_EPI_ISL_128131	0.000593	3.976795999999998	4.463881999999998	0.037994616563435314	0.0006019219617964374	3.9522305816433234	2013-02-01	ne_star	south	2013
2012-09-01	B/Lorraine/1023/2012_EPI_ISL_128131__dup2	0.000593	3.976795999999998	4.463881999999998	0.037994616563435314	0.0006019219617964374	3.9522305816433234	2013-02-01	ne_star	south	2013
2012-09-01	B/MACAU/200052/2012_EPI_ISL_121698	1.9e-05	3.7307569999999983	3.8310089999999977	0.037994616563435314	1.9285863868688547e-05	3.711318743616983	2013-02-01	ne_star	south	2013
2012-09-01	B/MACAU/200143/2012_EPI_ISL_122594	6.3e-05	3.7307569999999983	3.8310089999999977	0.037994616563435314	6.394786440670414e-05	3.711318743616983	2013-02-01	ne_star	south	2013
2012-09-01	B/MACAU/600042/2012_EPI_ISL_121700	3.5e-05	4.683165000000002	4.808338999999997	0.037994616563435314	3.552659133705785e-05	4.663620927362915	2013-02-01	ne_star	south	2013
2012-09-01	B/MALAYSIA/212/2012_EPI_ISL_122602	1.4000000000000001e-05	3.874151999999997	4.256816999999998	-0.18858594000415602	1.293041348132118e-05	3.851080938397528	2013-02-01	ne_star	south	2013
2012-09-01	B/MALAYSIA/221/2012_EPI_ISL_122586	2.1e-05	2.9281110000000004	3.355664999999998	0.037994616563435314	2.131595480223471e-05	2.9039145362845526	2013-02-01	ne_star	south	2013
2012-09-01	B/MALAYSIA/269/2012_EPI_ISL_122589	0.00021099999999999998	3.925225999999997	4.355660999999999	0.037994616563435314	0.00021417459348912015	3.901222441137378	2013-02-01	ne_star	south	2013
2012-09-01	B/MALAYSIA/346/2012_EPI_ISL_122590	0.000334	4.860023999999998	5.315985999999994	-0.18858594000415602	0.0003084827216258053	4.835884412254745	2013-02-01	ne_star	south	2013
2012-09-01	B/MIE/1/2012_EPI_ISL_106361	2.3e-05	2.0055810000000007	2.464814999999998	0.037994616563435314	2.3346045735780875e-05	1.9794407815807906	2013-02-01	ne_star	south	2013
2012-09-01	B/MOROCCO/940/2012_EPI_ISL_128314	0.011478	1.0062129999999996	1.4648189999999992	0.037994616563435314	0.011650691867621429	0.980017620624997	2013-02-01	ne_star	south	2013
2012-09-01	B/Madagascar/01591/2012_EPI_ISL_128133	0.00021099999999999998	1.948607000000001	2.464482999999998	0.037994616563435314	0.00021417459348912015	1.9233734609263708	2013-02-01	ne_star	south	2013
2012-09-01	B/Madagascar/01591/2012_EPI_ISL_128133__dup2	0.00021099999999999998	1.948607000000001	2.464482999999998	0.037994616563435314	0.00021417459348912015	1.9233734609263708	2013-02-01	ne_star	south	2013
2012-09-01	B/Madagascar/01593/2012_EPI_ISL_128134	0.00028700000000000004	1.948607000000001	2.464482999999998	0.037994616563435314	0.0002913180489638744	1.9233734609263708	2013-02-01	ne_star	south	2013
2012-09-01	B/Madagascar/01593/2012_EPI_ISL_128134__dup2	0.00028700000000000004	1.948607000000001	2.464482999999998	0.037994616563435314	0.0002913180489638744	1.9233734609263708	2013-02-01	ne_star	south	2013
2012-09-01	B/Madagascar/01706/2012_EPI_ISL_128135	0.00044699999999999997	2.7829950000000014	3.2603139999999984	0.037994616563435314	0.0004537253236475674	2.759525615120576	2013-02-01	ne_star	south	2013
2012-09-01	B/Madagascar/01706/2012_EPI_ISL_128135__dup2	0.00044699999999999997	2.7829950000000014	3.2603139999999984	0.037994616563435314	0.0004537253236475674	2.759525615120576	2013-02-01	ne_star	south	2013
2012-09-01	B/Madagascar/01732/2012_EPI_ISL_128136	0.00044699999999999997	2.004413000000001	2.464814999999998	0.037994616563435314	0.0004537253236475674	1.9782027193304061	2013-02-01	ne_star	south	2013
2012-09-01	B/Madagascar/01732/2012_EPI_ISL_128136__dup2	0.00044699999999999997	2.004413000000001	2.464814999999998	0.037994616563435314	0.0004537253236475674	1.9782027193304061	2013-02-01	ne_star	south	2013
2012-09-01	B/Madagascar/02853/2012_EPI_ISL_128137	0.001153	1.948607000000001	2.464482999999998	0.037994616563435314	0.0011703474231893629	1.9233734609263708	2013-02-01	ne_star	south	2013
2012-09-01	B/Madagascar/02853/2012_EPI_ISL_128137__dup2	0.001153	1.948607000000001	2.464482999999998	0.037994616563435314	0.0011703474231893629	1.9233734609263708	2013-02-01	ne_star	south	2013
2012-09-01	B/Madagascar/02856/2012_EPI_ISL_128138	0.001419	1.948607000000001	2.464482999999998	0.037994616563435314	0.0014403495173510026	1.9233734609263708	2013-02-01	ne_star	south	2013
2012-09-01	B/Madagascar/02856/2012_EPI_ISL_128138__dup2	0.001419	1.948607000000001	2.464482999999998	0.037994616563435314	0.0014403495173510026	1.9233734609263708	2013-02-01	ne_star	south	2013
2012-09-01	B/Madagascar/03104/2012_EPI_ISL_128110	0.003387	3.735402999999998	4.237643999999998	0.037994616563435314	0.0034379589959604266	3.711827798866505	2013-02-01	ne_star	south	2013
2012-09-01	B/Madagascar/03142/2012_EPI_ISL_128139	0.004292	2.9104450000000006	3.4585829999999973	0.037994616563435314	0.004356575143390065	2.8848400467149427	2013-02-01	ne_star	south	2013
2012-09-01	B/Madagascar/03142/2012_EPI_ISL_128139__dup2	0.004292	2.9104450000000006	3.4585829999999973	0.037994616563435314	0.004356575143390065	2.8848400467149427	2013-02-01	ne_star	south	2013
2012-09-01	B/Madagascar/03165/2012_EPI_ISL_128140	0.0044340000000000004	1.948607000000001	2.464482999999998	0.037994616563435314	0.0045007115996718436	1.9233734609263708	2013-02-01	ne_star	south	2013
2012-09-01	B/Madagascar/03165/2012_EPI_ISL_128140__dup2	0.0044340000000000004	1.948607000000001	2.464482999999998	0.037994616563435314	0.0045007115996718436	1.9233734609263708	2013-02-01	ne_star	south	2013
2012-09-01	B/Maine/01/2012_EPI_ISL_111441	0.00018999999999999998	4.833592000000003	5.270897999999996	-0.18858594000415602	0.00017548418296078742	4.805142996367888	2013-02-01	ne_star	south	2013
2012-09-01	B/Maine/02/2012_EPI_ISL_117038	0.000273	1.0062129999999996	1.4648189999999992	0.037994616563435314	0.00027710741242905127	0.980017620624997	2013-02-01	ne_star	south	2013
2012-09-01	B/Maryland/02/2012_EPI_ISL_107112	4.4e-05	1.0062129999999996	1.4648189999999992	0.037994616563435314	4.466200053801558e-05	0.980017620624997	2013-02-01	ne_star	south	2013
2012-09-01	B/Maryland/05/2012_EPI_ISL_120324	0.001805	1.0062129999999996	1.4648189999999992	0.037994616563435314	0.0018321570675254122	0.980017620624997	2013-02-01	ne_star	south	2013
2012-09-01	B/Maryland/06/2012_EPI_ISL_124957	0.01551	1.9751810000000005	2.464362999999998	0.037994616563435314	0.015743355189650494	1.9485309102456954	2013-02-01	ne_star	south	2013
2012-09-01	B/Massachusetts/01/2012_EPI_ISL_107095	0.00018999999999999998	2.9281110000000004	3.355664999999998	0.037994616563435314	0.00019285863868688546	2.9039145362845526	2013-02-01	ne_star	south	2013
2012-09-01	B/Mexico/1195/2012_EPI_ISL_107106	2.4e-05	1.0062129999999996	1.4648189999999992	0.037994616563435314	2.4361091202553955e-05	0.980017620624997	2013-02-01	ne_star	south	2013
2012-09-01	B/Mexico/7024/2012_EPI_ISL_127862	0.0052	1.0062129999999996	1.4648189999999992	0.037994616563435314	0.005278236427220024	0.980017620624997	2013-02-01	ne_star	south	2013
2012-09-01	B/Milano/03/2012_EPI_ISL_125841	0.000162	1.0062129999999996	1.4648189999999992	0.037994616563435314	0.0001644373656172392	0.980017620624997	2013-02-01	ne_star	south	2013
2012-09-01	B/Milano/03/2012_EPI_ISL_125841__dup2	0.000162	1.0062129999999996	1.4648189999999992	0.037994616563435314	0.0001644373656172392	0.980017620624997	2013-02-01	ne_star	south	2013
2012-09-01	B/Missouri/02/2012_EPI_ISL_107100	9.4e-05	1.0062129999999996	1.4648189999999992	0.037994616563435314	9.541427387666965e-05	0.980017620624997	2013-02-01	ne_star	south	2013
2012-09-01	B/Montserrat/1105/2012_EPI_ISL_128372	0.0052	1.9207470000000004	2.309577999999998	0.037994616563435314	0.005278236427220024	1.8967150691769425	2013-02-01	ne_star	south	2013
2012-09-01	B/NAGANO/2220/2012_EPI_ISL_122332	0.003271	1.0062129999999996	1.4648189999999992	0.037994616563435314	0.0033202137218147497	0.980017620624997	2013-02-01	ne_star	south	2013
2012-09-01	B/NIIGATA/138/2012_EPI_ISL_116148	3.5e-05	3.9587949999999985	4.420550999999998	-0.18858594000415602	3.232603370330295e-05	3.9321621380293585	2013-02-01	ne_star	south	2013
2012-09-01	B/NONG_KHAI/39/2012_EPI_ISL_122531	0.000334	2.9479640000000007	3.3859949999999976	-0.18858594000415602	0.0003084827216258053	2.9228553258167937	2013-02-01	ne_star	south	2013
2012-09-01	B/NONTHABURI/45/2012_EPI_ISL_122591	0.00035099999999999997	2.9337430000000007	3.4290049999999974	-0.18858594000415602	0.00032418393799598093	2.9084234733469434	2013-02-01	ne_star	south	2013
2012-09-01	B/NONTHABURI/54/2012_EPI_ISL_122532	0.000621	2.9621530000000007	3.4346619999999977	0.037994616563435314	0.0006303432348660836	2.936156435771673	2013-02-01	ne_star	south	2013
2012-09-01	B/Nevada/03/2012_EPI_ISL_121423	0.004152	1.0062129999999996	1.4648189999999992	0.037994616563435314	0.004214468778041835	0.980017620624997	2013-02-01	ne_star	south	2013
2012-09-01	B/Nevada/10/2012_EPI_ISL_125937	0.017363	1.9702890000000006	2.464624999999998	-0.18858594000415602	0.016036483519727116	1.9467408096619494	2013-02-01	ne_star	south	2013
2012-09-01	B/Nevada/13/2012_EPI_ISL_128385	0.024744	1.0062129999999996	1.4648189999999992	0.037994616563435314	0.025116285029833124	0.980017620624997	2013-02-01	ne_star	south	2013
2012-09-01	B/New_Hampshire/04/2012_EPI_ISL_117033	0.00044699999999999997	5.728544000000004	5.831000999999997	0.037994616563435314	0.0004537253236475674	5.709114183545943	2013-02-01	ne_star	south	2013
2012-09-01	B/New_Hampshire/06/2012_EPI_ISL_121252	0.002451	2.993802	3.4639809999999978	-0.18858594000415602	0.002263745960194158	2.968340774343546	2013-02-01	ne_star	south	2013
2012-09-01	B/New_Hampshire/08/2012_EPI_ISL_122156	0.008278	1.0062129999999996	1.4648189999999992	0.037994616563435314	0.00840254637394757	0.980017620624997	2013-02-01	ne_star	south	2013
2012-09-01	B/New_Jersey/01/2012_EPI_ISL_122157	0.0035060000000000004	2.8881890000000006	3.300849999999998	0.037994616563435314	0.0035587494065064244	2.8627640822866987	2013-02-01	ne_star	south	2013
2012-09-01	B/New_Jersey/01/2012_EPI_ISL_122157__dup2	0.0035060000000000004	1.0062129999999996	1.4648189999999992	0.037994616563435314	0.0035587494065064244	0.980017620624997	2013-02-01	ne_star	south	2013
2012-09-01	B/New_Jersey/01/2012_EPI_ISL_122157__dup3	0.0035060000000000004	1.0062129999999996	1.4648189999999992	0.037994616563435314	0.0035587494065064244	0.980017620624997	2013-02-01	ne_star	south	2013
2012-09-01	B/New_Jersey/01/2012_EPI_ISL_122157__dup4	0.0035060000000000004	1.9463570000000006	2.3659709999999974	0.037994616563435314	0.0035587494065064244	1.9216061546765932	2013-02-01	ne_star	south	2013
2012-09-01	B/New_Jersey/01/2012_EPI_ISL_122157__dup5	0.0035060000000000004	1.9357810000000006	2.323519999999998	0.037994616563435314	0.0035587494065064244	1.9104618985407666	2013-02-01	ne_star	south	2013
2012-09-01	B/New_Jersey/01/2012_EPI_ISL_122157__dup6	0.0035060000000000004	1.0062129999999996	1.4648189999999992	0.037994616563435314	0.0035587494065064244	0.980017620624997	2013-02-01	ne_star	south	2013
2012-09-01	B/New_Jersey/01/2012_EPI_ISL_122157__dup7	0.0035060000000000004	1.0062129999999996	1.4648189999999992	0.037994616563435314	0.0035587494065064244	0.980017620624997	2013-02-01	ne_star	south	2013
2012-09-01	B/New_Jersey/01/2012_EPI_ISL_122157__dup8	0.0035060000000000004	1.9357810000000006	2.323519999999998	0.037994616563435314	0.0035587494065064244	1.9104618985407666	2013-02-01	ne_star	south	2013
2012-09-01	B/New_Mexico/01/2012_EPI_ISL_107107	2e-05	1.0062129999999996	1.4648189999999992	0.037994616563435314	2.030090933546163e-05	0.980017620624997	2013-02-01	ne_star	south	2013
2012-09-01	B/New_Mexico/02/2012_EPI_ISL_124962	0.009198	1.0062129999999996	1.4648189999999992	0.037994616563435314	0.009336388203378803	0.980017620624997	2013-02-01	ne_star	south	2013
2012-09-01	B/New_York/03/2012_EPI_ISL_122114	0.0021079999999999996	1.0062129999999996	1.4648189999999992	0.037994616563435314	0.0021397158439576554	0.980017620624997	2013-02-01	ne_star	south	2013
2012-09-01	B/New_York/07/2012_EPI_ISL_128380	0.025855	1.0062129999999996	1.4648189999999992	0.037994616563435314	0.026244000543418022	0.980017620624997	2013-02-01	ne_star	south	2013
2012-09-01	B/New_York/08/2012_EPI_ISL_128378	0.025583	1.0062129999999996	1.4648189999999992	0.037994616563435314	0.025967908176455747	0.980017620624997	2013-02-01	ne_star	south	2013
2012-09-01	B/Norway/710/2012_EPI_ISL_122043	0.000138	3.7307569999999983	3.8310089999999977	0.037994616563435314	0.00014007627441468522	3.711318743616983	2013-02-01	ne_star	south	2013
2012-09-01	B/Norway/710/2012_EPI_ISL_122043__dup2	0.000138	3.7307569999999983	3.8310089999999977	0.037994616563435314	0.00014007627441468522	3.711318743616983	2013-02-01	ne_star	south	2013
2012-09-01	B/OKAYAMA/9/2012_EPI_ISL_122333	0.000426	2.0053490000000007	2.464814999999998	-0.18858594000415602	0.00039345401021734444	1.9792307126045612	2013-02-01	ne_star	south	2013
2012-09-01	B/OSAKA-C/1003/2012_EPI_ISL_121255	8.9e-05	2.0051570000000005	2.457627999999998	0.037994616563435314	9.033904654280424e-05	1.9789591933807384	2013-02-01	ne_star	south	2013
2012-09-01	B/OSAKA/1/2012_EPI_ISL_118945	4.7e-05	3.9158239999999975	4.413525999999999	0.037994616563435314	4.7707136938334826e-05	3.8897212357073254	2013-02-01	ne_star	south	2013
2012-09-01	B/Oman/65/2012_EPI_ISL_105782	2.6000000000000002e-05	2.9363820000000005	3.340755999999997	0.037994616563435314	2.639118213610012e-05	2.909195090637421	2013-02-01	ne_star	south	2013
2012-09-01	B/Orebro/1/2012_EPI_ISL_108518	5.9999999999999995e-05	1.0062129999999996	1.4648189999999992	0.037994616563435314	6.090272800638488e-05	0.980017620624997	2013-02-01	ne_star	south	2013
2012-09-01	B/PERTH/11/2012_EPI_ISL_122547	2.7000000000000002e-05	2.9011750000000007	3.3087789999999977	0.037994616563435314	2.7406227602873202e-05	2.873475759344468	2013-02-01	ne_star	south	2013
2012-09-01	B/PERTH/16/2012_EPI_ISL_122550	0.000154	2.9011750000000007	3.3087789999999977	0.037994616563435314	0.00015631700188305456	2.873475759344468	2013-02-01	ne_star	south	2013
2012-09-01	B/PERTH/19/2012_EPI_ISL_122548	0.00020099999999999998	2.9011750000000007	3.3087789999999977	0.037994616563435314	0.00020402413882138936	2.873475759344468	2013-02-01	ne_star	south	2013
2012-09-01	B/PERTH/20/2012_EPI_ISL_122534	0.000234	2.9011750000000007	3.3087789999999977	0.037994616563435314	0.00023752063922490105	2.873475759344468	2013-02-01	ne_star	south	2013
2012-09-01	B/PERTH/23/2012_EPI_ISL_122549	0.000334	2.9011750000000007	3.3087789999999977	0.037994616563435314	0.00033902518590220917	2.873475759344468	2013-02-01	ne_star	south	2013
2012-09-01	B/PERTH/34/2012_EPI_ISL_122538	0.000681	2.9011750000000007	3.3087789999999977	0.037994616563435314	0.0006912459628724684	2.873475759344468	2013-02-01	ne_star	south	2013
2012-09-01	B/PERTH/504/2012_EPI_ISL_122545	0.000566	2.9011750000000007	3.3087789999999977	0.037994616563435314	0.0005745157341935641	2.873475759344468	2013-02-01	ne_star	south	2013
2012-09-01	B/PERTH/505/2012_EPI_ISL_122530	0.001478	2.0020690000000005	2.434904999999998	0.037994616563435314	0.0015002371998906144	1.9758255559798779	2013-02-01	ne_star	south	2013
2012-09-01	B/PERTH/6/2012_EPI_ISL_122546	4.7e-05	2.9011750000000007	3.3087789999999977	0.037994616563435314	4.7707136938334826e-05	2.873475759344468	2013-02-01	ne_star	south	2013
2012-09-01	B/PHUKET/53/2012_EPI_ISL_122580	0.00065	7.691472999999999	7.830046999999992	0.037994616563435314	0.000659779553402503	7.680093506401697	2013-02-01	ne_star	south	2013
2012-09-01	B/Paraguay/190/2012_EPI_ISL_125894	1e-05	1.977389000000001	2.464648999999998	0.037994616563435314	1.0150454667730815e-05	1.9516803150936821	2013-02-01	ne_star	south	2013
2012-09-01	B/Paraguay/252/2012_EPI_ISL_127860	0.010947	1.9797690000000006	2.464764999999998	0.037994616563435314	0.011111702724764923	1.9537394862542337	2013-02-01	ne_star	south	2013
2012-09-01	B/Paraguay/255/2012_EPI_ISL_125895	1e-05	1.0062129999999996	1.4648189999999992	0.037994616563435314	1.0150454667730815e-05	0.980017620624997	2013-02-01	ne_star	south	2013
2012-09-01	B/Pays_de_Loire/1240/2012_EPI_ISL_128141	0.001478	2.0002010000000006	2.463312999999998	0.037994616563435314	0.0015002371998906144	1.9739273478243582	2013-02-01	ne_star	south	2013
2012-09-01	B/Pays_de_Loire/1240/2012_EPI_ISL_128141__dup2	0.001478	2.0002010000000006	2.463312999999998	0.037994616563435314	0.0015002371998906144	1.9739273478243582	2013-02-01	ne_star	south	2013
2012-09-01	B/Pennsylvania/04/2012_EPI_ISL_125940	0.013432	1.0062129999999996	1.4648189999999992	0.037994616563435314	0.01363409070969603	0.980017620624997	2013-02-01	ne_star	south	2013
2012-09-01	B/Peru/302/2012_EPI_ISL_125893	1e-05	3.852774999999998	4.260309999999999	0.037994616563435314	1.0150454667730815e-05	3.8301540288384026	2013-02-01	ne_star	south	2013
2012-09-01	B/Peru/3384/2012_EPI_ISL_127863	0.005365	3.843364999999998	4.257571999999999	-0.18858594000415602	0.004955119166234865	3.8215836505220726	2013-02-01	ne_star	south	2013
2012-09-01	B/Peru/6253/2012_EPI_ISL_127864	0.022675999999999998	1.0062129999999996	1.4648189999999992	0.037994616563435314	0.023017171004546394	0.980017620624997	2013-02-01	ne_star	south	2013
2012-09-01	B/Puerto_Rico/04/2012_EPI_ISL_127859	0.01674	3.8907209999999983	4.324532999999999	-0.18858594000415602	0.015461080119808323	3.8720273231888385	2013-02-01	ne_star	south	2013
2012-09-01	B/Rhode_Island/01/2012_EPI_ISL_118941	0.001539	3.7307569999999983	3.8310089999999977	0.037994616563435314	0.0015621549733637725	3.711318743616983	2013-02-01	ne_star	south	2013
2012-09-01	B/Rhode_Island/02/2012_EPI_ISL_121427	0.00504	3.863342999999997	4.305288999999999	-0.18858594000415602	0.0046549488532756245	3.8392222386010726	2013-02-01	ne_star	south	2013
2012-09-01	B/SAGA/1023/2012_EPI_ISL_118957	4.4e-05	4.936548999999999	5.355681999999995	-0.18858594000415602	4.063844236986656e-05	4.912043427947644	2013-02-01	ne_star	south	2013
2012-09-01	B/SAPPORO/19/2012_EPI_ISL_121865	0.00011100000000000001	2.9281110000000004	3.355664999999998	0.037994616563435314	0.00011267004681181205	2.9039145362845526	2013-02-01	ne_star	south	2013
2012-09-01	B/SAPPORO/57/2012_EPI_ISL_117337	0.000171	2.9281110000000004	3.355664999999998	0.037994616563435314	0.00017357277481819695	2.9039145362845526	2013-02-01	ne_star	south	2013
2012-09-01	B/SENDAI/20/2012_EPI_ISL_122329	0.0021899999999999997	2.9532750000000005	3.4646429999999975	0.037994616563435314	0.0022229495722330484	2.92938717279587	2013-02-01	ne_star	south	2013
2012-09-01	B/SHIMANE/16/2012_EPI_ISL_122192	0.0025440000000000003	1.9862070000000005	2.464755999999998	0.037994616563435314	0.0025822756674707195	1.9597228015623351	2013-02-01	ne_star	south	2013
2012-09-01	B/SHIZUOKA/65/2012_EPI_ISL_128339	0.001153	3.950109999999997	4.390411999999998	0.037994616563435314	0.0011703474231893629	3.923660717070002	2013-02-01	ne_star	south	2013
2012-09-01	B/SOUTH_AUSTRALIA/11/2012_EPI_ISL_122551	0.005879	1.0062129999999996	1.4648189999999992	0.037994616563435314	0.005967452299158946	0.980017620624997	2013-02-01	ne_star	south	2013
2012-09-01	B/SOUTH_AUSTRALIA/16/2012_EPI_ISL_122573	0.010177	1.0062129999999996	1.4648189999999992	0.037994616563435314	0.01033011771534965	0.980017620624997	2013-02-01	ne_star	south	2013
2012-09-01	B/SOUTH_AUSTRALIA/5/2012_EPI_ISL_118620	9.9e-05	1.0062129999999996	1.4648189999999992	0.037994616563435314	0.00010048950121053506	0.980017620624997	2013-02-01	ne_star	south	2013
2012-09-01	B/SYDNEY/2/2012_EPI_ISL_122536	0.00028700000000000004	2.005627000000001	2.464538999999998	-0.18858594000415602	0.0002650734763670842	1.9794874736722619	2013-02-01	ne_star	south	2013
2012-09-01	B/Santiago/32756/2012_EPI_ISL_122162	0.0052	3.852728999999998	4.309237999999999	-0.41516649657174737	0.004370051969868505	3.8313308055385797	2013-02-01	ne_star	south	2013
2012-09-01	B/Santiago/34960/2012_EPI_ISL_122163	0.006241	1.0062129999999996	1.4648189999999992	0.037994616563435314	0.0063348987581308015	0.980017620624997	2013-02-01	ne_star	south	2013
2012-09-01	B/Slovenia/955/2012_EPI_ISL_122041	0.001059	1.971556	2.4388619999999985	-0.18858594000415602	0.000978093419765652	1.945525316421808	2013-02-01	ne_star	south	2013
2012-09-01	B/South_Carolina/01/2012_EPI_ISL_117031	0.000146	1.0062129999999996	1.4648189999999992	0.037994616563435314	0.0001481966381488699	0.980017620624997	2013-02-01	ne_star	south	2013
2012-09-01	B/St._Petersburg/18/2012_EPI_ISL_122728	0.0021899999999999997	1.0062129999999996	1.4648189999999992	0.037994616563435314	0.0022229495722330484	0.980017620624997	2013-02-01	ne_star	south	2013
2012-09-01	B/St._Petersburg/44/2012_EPI_ISL_128319	0.006618000000000001	2.7794030000000016	3.1050769999999988	0.037994616563435314	0.006717570899104254	2.758121876648294	2013-02-01	ne_star	south	2013
2012-09-01	B/St._Petersburg/44/2012_EPI_ISL_128319__dup2	0.006618000000000001	2.7794030000000016	3.1050769999999988	0.037994616563435314	0.006717570899104254	2.758121876648294	2013-02-01	ne_star	south	2013
2012-09-01	B/St._Petersburg/46/2012_EPI_ISL_125891	0.006618000000000001	2.795845	3.044463999999998	-0.18858594000415602	0.006112391172813112	2.780187596109168	2013-02-01	ne_star	south	2013
2012-09-01	B/St_Petersburg/18/2012_EPI_ISL_122048	0.0021899999999999997	1.0062129999999996	1.4648189999999992	0.037994616563435314	0.0022229495722330484	0.980017620624997	2013-02-01	ne_star	south	2013
2012-09-01	B/St_Petersburg/18/2012_EPI_ISL_122048__dup2	0.0021899999999999997	1.0062129999999996	1.4648189999999992	0.037994616563435314	0.0022229495722330484	0.980017620624997	2013-02-01	ne_star	south	2013
2012-09-01	B/St_Petersburg/27/2012_EPI_ISL_122049	0.0021899999999999997	1.8648689999999988	2.2603179999999976	0.037994616563435314	0.0022229495722330484	1.841424428096347	2013-02-01	ne_star	south	2013
2012-09-01	B/Stockholm/10/2012_EPI_ISL_120227	0.001478	1.0062129999999996	1.4648189999999992	0.037994616563435314	0.0015002371998906144	0.980017620624997	2013-02-01	ne_star	south	2013
2012-09-01	B/Stockholm/11/2012_EPI_ISL_120287	0.002361	1.0062129999999996	1.4648189999999992	0.037994616563435314	0.0023965223470512453	0.980017620624997	2013-02-01	ne_star	south	2013
2012-09-01	B/Stockholm/3/2012_EPI_ISL_108503	0.00020099999999999998	2.005799000000001	2.464814999999998	0.037994616563435314	0.00020402413882138936	1.9796095723473532	2013-02-01	ne_star	south	2013
2012-09-01	B/Stockholm/5/2012_EPI_ISL_122731	0.00011100000000000001	1.0062129999999996	1.4648189999999992	0.037994616563435314	0.00011267004681181205	0.980017620624997	2013-02-01	ne_star	south	2013
2012-09-01	B/Stockholm/5/2012_EPI_ISL_122731__dup2	0.00011100000000000001	1.0062129999999996	1.4648189999999992	0.037994616563435314	0.00011267004681181205	0.980017620624997	2013-02-01	ne_star	south	2013
2012-09-01	B/Sukhbaatar/1604/2012_EPI_ISL_122161	0.001254	1.9895250000000002	2.464789999999998	0.037994616563435314	0.0012728670153334442	1.9636422698280718	2013-02-01	ne_star	south	2013
2012-09-01	B/TOCHIGI/1/2012_EPI_ISL_106374	1.9e-05	2.9822310000000005	3.4228279999999973	0.037994616563435314	1.9285863868688547e-05	2.9556991613320474	2013-02-01	ne_star	south	2013
2012-09-01	B/TOWNSVILLE/1/2012_EPI_ISL_122529	0.000426	2.0051570000000005	2.457627999999998	0.037994616563435314	0.0004324093688453327	1.9789591933807384	2013-02-01	ne_star	south	2013
2012-09-01	B/TOWNSVILLE/3/2012_EPI_ISL_122552	0.002029	1.0062129999999996	1.4648189999999992	0.037994616563435314	0.002059527252082582	0.980017620624997	2013-02-01	ne_star	south	2013
2012-09-01	B/TOWNSVILLE/5/2012_EPI_ISL_122554	0.004292	1.0062129999999996	1.4648189999999992	0.037994616563435314	0.004356575143390065	0.980017620624997	2013-02-01	ne_star	south	2013
2012-09-01	B/TOYAMA/13/2012_EPI_ISL_122182	0.000368	3.9273629999999975	4.355660999999999	0.037994616563435314	0.000373536731772494	3.9031674628210054	2013-02-01	ne_star	south	2013
2012-09-01	B/Taiwan/1317/2012_EPI_ISL_122339	0.000621	3.7307569999999983	3.8310089999999977	0.037994616563435314	0.0006303432348660836	3.711318743616983	2013-02-01	ne_star	south	2013
2012-09-01	B/Taiwan/1353/2012_EPI_ISL_122340	0.001105	4.901056999999999	5.279643999999996	-0.18858594000415602	0.0010205790640614215	4.8770672171448055	2013-02-01	ne_star	south	2013
2012-09-01	B/Taiwan/1366/2012_EPI_ISL_125892	0.0021079999999999996	4.8924189999999985	5.279618999999996	0.037994616563435314	0.0021397158439576554	4.868775771712233	2013-02-01	ne_star	south	2013
2012-09-01	B/Taiwan/978/2012_EPI_ISL_122338	0.000131	3.877910999999997	4.256841999999998	-0.18858594000415602	0.00012099172614664818	3.854734741549004	2013-02-01	ne_star	south	2013
2012-09-01	B/Tak/57/2012_EPI_ISL_122167	0.000566	1.0062129999999996	1.4648189999999992	0.037994616563435314	0.0005745157341935641	0.980017620624997	2013-02-01	ne_star	south	2013
2012-09-01	B/Texas/02/2012_EPI_ISL_107102	4.7e-05	1.8813110000000002	2.199704999999999	0.037994616563435314	4.7707136938334826e-05	1.8634901475572208	2013-02-01	ne_star	south	2013
2012-09-01	B/Texas/03/2012_EPI_ISL_117027	0.000317	1.8813110000000002	2.199704999999999	0.037994616563435314	0.0003217694129670668	1.8634901475572208	2013-02-01	ne_star	south	2013
2012-09-01	B/Texas/05/2012_EPI_ISL_117377	0.000852	2.9663350000000004	3.4589149999999975	-0.18858594000415602	0.0007869080204346889	2.939910390372699	2013-02-01	ne_star	south	2013
2012-09-01	B/Texas/09/2012_EPI_ISL_121431	0.005365	1.8813110000000002	2.199704999999999	0.037994616563435314	0.005445718929237582	1.8634901475572208	2013-02-01	ne_star	south	2013
2012-09-01	B/Ukraine/104/2012_EPI_ISL_122734	0.000368	1.0062129999999996	1.4648189999999992	0.037994616563435314	0.000373536731772494	0.980017620624997	2013-02-01	ne_star	south	2013
2012-09-01	B/Ukraine/5374/2012_EPI_ISL_122735	0.000566	1.0062129999999996	1.4648189999999992	0.037994616563435314	0.0005745157341935641	0.980017620624997	2013-02-01	ne_star	south	2013
2012-09-01	B/Ukraine/5374/2012_EPI_ISL_122735__dup2	0.000566	1.0062129999999996	1.4648189999999992	0.037994616563435314	0.0005745157341935641	0.980017620624997	2013-02-01	ne_star	south	2013
2012-09-01	B/Ukraine/5376/2012_EPI_ISL_122736	0.001059	1.0062129999999996	1.4648189999999992	0.037994616563435314	0.0010749331493126934	0.980017620624997	2013-02-01	ne_star	south	2013
2012-09-01	B/Ukraine/5376/2012_EPI_ISL_122736__dup2	0.001059	1.0062129999999996	1.4648189999999992	0.037994616563435314	0.0010749331493126934	0.980017620624997	2013-02-01	ne_star	south	2013
2012-09-01	B/Ulaanbaatar/153/2012_EPI_ISL_121218	1.8e-05	1.0062129999999996	1.4648189999999992	0.037994616563435314	1.8270818401915467e-05	0.980017620624997	2013-02-01	ne_star	south	2013
2012-09-01	B/Ulaanbaatar/63/2012_EPI_ISL_121216	1.3000000000000001e-05	1.0062129999999996	1.4648189999999992	0.037994616563435314	1.319559106805006e-05	0.980017620624997	2013-02-01	ne_star	south	2013
2012-09-01	B/Ulaanbaatar/71/2012_EPI_ISL_121217	1.3000000000000001e-05	1.0062129999999996	1.4648189999999992	0.037994616563435314	1.319559106805006e-05	0.980017620624997	2013-02-01	ne_star	south	2013
2012-09-01	B/Ulaanbaatar/71/2012_EPI_ISL_121217__dup2	1.3000000000000001e-05	1.0062129999999996	1.4648189999999992	0.037994616563435314	1.319559106805006e-05	0.980017620624997	2013-02-01	ne_star	south	2013
2012-09-01	B/Utah/04/2012_EPI_ISL_122113	0.006428	1.9641330000000008	2.464570999999998	0.037994616563435314	0.006524712260417368	1.9373166879287862	2013-02-01	ne_star	south	2013
2012-09-01	B/Utah/07/2012_EPI_ISL_122152	0.014606000000000001	1.9641330000000008	2.464570999999998	0.037994616563435314	0.01482575408768763	1.9373166879287862	2013-02-01	ne_star	south	2013
2012-09-01	B/VICTORIA/500/2012_EPI_ISL_118622	0.000273	1.8648689999999988	2.2603179999999976	0.037994616563435314	0.00027710741242905127	1.841424428096347	2013-02-01	ne_star	south	2013
2012-09-01	B/VICTORIA/800/2012_EPI_ISL_118613	7.099999999999999e-05	2.9584400000000004	3.442144999999998	0.037994616563435314	7.206822814088878e-05	2.9321482616870433	2013-02-01	ne_star	south	2013
2012-09-01	B/VICTORIA/801/2012_EPI_ISL_118619	9.9e-05	1.0062129999999996	1.4648189999999992	0.037994616563435314	0.00010048950121053506	0.980017620624997	2013-02-01	ne_star	south	2013
2012-09-01	B/VICTORIA/804/2012_EPI_ISL_122588	0.014013999999999999	1.9414450000000003	2.4144429999999986	0.037994616563435314	0.014224847171357961	1.9153253229415175	2013-02-01	ne_star	south	2013
2012-09-01	B/Vermont/02/2012_EPI_ISL_117039	0.000593	1.9704340000000005	2.3893319999999982	0.037994616563435314	0.0006019219617964374	1.9437298638706493	2013-02-01	ne_star	south	2013
2012-09-01	B/Virginia/03/2012_EPI_ISL_122110	0.005365	1.0062129999999996	1.4648189999999992	0.037994616563435314	0.005445718929237582	0.980017620624997	2013-02-01	ne_star	south	2013
2012-09-01	B/Vsetin/51/2012_EPI_ISL_122060	1e-05	1.0062129999999996	1.4648189999999992	0.037994616563435314	1.0150454667730815e-05	0.980017620624997	2013-02-01	ne_star	south	2013
2012-09-01	B/WAKAYAMA-C/21/2012_EPI_ISL_128341	0.0031579999999999998	4.905607000000002	5.3914379999999955	-0.41516649657174737	0.0026539661770855266	4.883621814986372	2013-02-01	ne_star	south	2013
2012-09-01	B/WAKAYAMA-C/5/2012_EPI_ISL_121866	6.3e-05	2.9621530000000007	3.4346619999999977	0.037994616563435314	6.394786440670414e-05	2.936156435771673	2013-02-01	ne_star	south	2013
2012-09-01	B/Washington/04/2012_EPI_ISL_120131	0.002029	1.0062129999999996	1.4648189999999992	0.037994616563435314	0.002059527252082582	0.980017620624997	2013-02-01	ne_star	south	2013
2012-09-01	B/Washington/08/2012_EPI_ISL_121432	0.0044340000000000004	1.0062129999999996	1.4648189999999992	0.037994616563435314	0.0045007115996718436	0.980017620624997	2013-02-01	ne_star	south	2013
2012-09-01	B/Washington/09/2012_EPI_ISL_122139	0.008057	1.0062129999999996	1.4648189999999992	0.037994616563435314	0.008178221325790717	0.980017620624997	2013-02-01	ne_star	south	2013
2012-09-01	B/Washington/12/2012_EPI_ISL_127865	0.023578	1.0062129999999996	1.4648189999999992	0.037994616563435314	0.023932742015575718	0.980017620624997	2013-02-01	ne_star	south	2013
2012-09-01	B/Wisconsin/01/2012_EPI_ISL_104046	1.4999999999999999e-05	1.0062129999999996	1.4648189999999992	0.037994616563435314	1.522568200159622e-05	0.980017620624997	2013-02-01	ne_star	south	2013
2012-09-01	B/Wisconsin/03/2012_EPI_ISL_117371	1e-05	1.0062129999999996	1.4648189999999992	0.037994616563435314	1.0150454667730815e-05	0.980017620624997	2013-02-01	ne_star	south	2013
2012-09-01	B/Wisconsin/06/2012_EPI_ISL_122138	0.008278	1.0062129999999996	1.4648189999999992	0.037994616563435314	0.00840254637394757	0.980017620624997	2013-02-01	ne_star	south	2013
2012-09-01	B/Wisconsin/07/2012_EPI_ISL_122112	0.00458	1.9594050000000005	2.443732999999998	0.037994616563435314	0.004648908237820713	1.9325175529618834	2013-02-01	ne_star	south	2013
2012-09-01	B/Wyoming/03/2012_EPI_ISL_122149	0.00784	1.9680510000000009	2.458918999999998	0.037994616563435314	0.007957956459500959	1.9414842064135673	2013-02-01	ne_star	south	2013
2012-09-01	B/YAMAGATA/251/2012_EPI_ISL_122196	0.002639	1.962671000000001	2.420558999999998	0.037994616563435314	0.002678704986814162	1.9358390925716316	2013-02-01	ne_star	south	2013
2012-09-01	B/YAMAGATA/256/2012_EPI_ISL_122330	0.0021899999999999997	1.0062129999999996	1.4648189999999992	0.037994616563435314	0.0022229495722330484	0.980017620624997	2013-02-01	ne_star	south	2013
2012-09-01	B/YAMAGATA/259/2012_EPI_ISL_128343	0.013432	1.9793370000000008	2.464728999999998	0.037994616563435314	0.01363409070969603	1.9527494392056042	2013-02-01	ne_star	south	2013
2012-09-01	B/YAMAGATA/3/2012_EPI_ISL_106363	1.9e-05	3.9056829999999985	4.441972999999997	0.037994616563435314	1.9285863868688547e-05	3.881689356541799	2013-02-01	ne_star	south	2013
2012-09-01	B/YAMAGUCHI/1/2012_EPI_ISL_106375	5.3e-05	3.878258999999999	4.231630999999999	0.037994616563435314	5.379740973897332e-05	3.8521418355636503	2013-02-01	ne_star	south	2013
2012-09-01	B/YAMAGUCHI/15/2012_EPI_ISL_122197	0.002838	1.9822810000000006	2.422831999999998	0.037994616563435314	0.002880699034702005	1.955737733059784	2013-02-01	ne_star	south	2013
2012-09-01	B/YAMANASHI/188/2012_EPI_ISL_128345	0.001539	1.962671000000001	2.420558999999998	0.037994616563435314	0.0015621549733637725	1.9358390925716316	2013-02-01	ne_star	south	2013
2012-09-01	B/YOKOHAMA/35/2012_EPI_ISL_121254	0.00028700000000000004	4.926893	5.3556569999999954	-0.18858594000415602	0.0002650734763670842	4.90280755028761	2013-02-01	ne_star	south	2013
2012-09-01	B/YOKOHAMA/4/2012_EPI_ISL_106371	6.3e-05	2.851073	3.199700999999997	0.037994616563435314	6.394786440670414e-05	2.8328093832785384	2013-02-01	ne_star	south	2013
2012-09-01	B/YOKOHAMA/78/2012_EPI_ISL_122331	0.006241	1.0062129999999996	1.4648189999999992	0.037994616563435314	0.0063348987581308015	0.980017620624997	2013-02-01	ne_star	south	2013
2013-09-01	B/AICHI/48/2012_EPI_ISL_137257	2e-05	5.245358999999999	5.524988999999998	0.041131865896858556	2.0332633113554744e-05	5.22579767107879	2014-02-01	ne_star	south	2014
2013-09-01	B/Aichi/2/2013_EPI_ISL_144981	0.000125	3.489008000000001	3.6979529999999996	0.041131865896858556	0.00012707895695971715	3.470652386971165	2014-02-01	ne_star	south	2014
2013-09-01	B/Aichi/55/2013_EPI_ISL_144986	0.028747	2.763985999999999	2.6112869999999995	0.041131865896858556	0.02922511020576791	2.7363644733997425	2014-02-01	ne_star	south	2014
2013-09-01	B/Alaska/01/2013_EPI_ISL_138556	0.0001419999999999	2.0876200000000003	2.3829519999999986	0.041131865896858556	0.000144361695106137	2.0672240361957	2014-02-01	ne_star	south	2014
2013-09-01	B/Alaska/03/2013_EPI_ISL_138959	0.000981	1.4900979999999981	1.697951	0.041131865896858556	0.0009973156542198603	1.4717381495794308	2014-02-01	ne_star	south	2014
2013-09-01	B/Alaska/05/2013_EPI_ISL_143233	0.022394999999999998	2.0876200000000003	2.3829519999999986	0.041131865896858556	0.022767465928902924	2.0672240361957	2014-02-01	ne_star	south	2014
2013-09-01	B/Alaska/06/2013_EPI_ISL_144243	0.02623	2.0876200000000003	2.3829519999999986	0.041131865896858556	0.026666248328427043	2.0672240361957	2014-02-01	ne_star	south	2014
2013-09-01	B/BRISBANE/1/2013_EPI_ISL_141566	7.6e-05	3.7133679999999996	3.5599009999999978	0.041131865896858556	7.726400583150802e-05	3.68964502973693	2014-02-01	ne_star	south	2014
2013-09-01	B/Belgrade/658/2013_EPI_ISL_143977	0.000434	1.4900979999999981	1.697951	0.041131865896858556	0.00044121813856413787	1.4717381495794308	2014-02-01	ne_star	south	2014
2013-09-01	B/Bratislava/911/2013_EPI_ISL_144817	0.003811	4.751206999999998	4.611206999999998	0.041131865896858556	0.0038743832397878566	4.723844558666384	2014-02-01	ne_star	south	2014
2013-09-01	B/Brazil/368/2013_EPI_ISL_145274	0.018359999999999998	1.4900979999999981	1.697951	0.041131865896858556	0.018665357198243252	1.4717381495794308	2014-02-01	ne_star	south	2014
2013-09-01	B/Brazil/389/2013_EPI_ISL_145272	0.029623000000000003	2.0876200000000003	2.3829519999999986	0.041131865896858556	0.03011567953614161	2.0672240361957	2014-02-01	ne_star	south	2014
2013-09-01	B/Brazil/390/2013_EPI_ISL_145273	0.030516	4.212636999999996	4.380977999999996	-0.3179407881318424	0.026712520677015652	4.2158313442831075	2014-02-01	ne_star	south	2014
2013-09-01	B/CANBERRA/1/2013_EPI_ISL_145327	0.002769	2.8102849999999995	2.6113749999999993	-0.13840446111749194	0.002612151746384868	2.7842397585090213	2014-02-01	ne_star	south	2014
2013-09-01	B/CASABLANCA/247/2013_EPI_ISL_141515	0.000883	1.4900979999999981	1.697951	0.041131865896858556	0.0008976857519634419	1.4717381495794308	2014-02-01	ne_star	south	2014
2013-09-01	B/CHIBA-C/40/2013_EPI_ISL_143689	0.011987000000000001	2.3755089999999996	2.697873999999998	0.041131865896858556	0.012186363656609035	2.3576257398453087	2014-02-01	ne_star	south	2014
2013-09-01	B/California/05/2013_EPI_ISL_143231	0.012905000000000002	3.3199600000000005	3.6077129999999995	0.041131865896858556	0.013119631516521199	3.3076840768066123	2014-02-01	ne_star	south	2014
2013-09-01	B/CasteloBranco_PT/177/2013_EPI_ISL_144819	0.001801	3.4768920000000003	3.6979529999999996	-0.13840446111749194	0.001698983494127536	3.4588627583019655	2014-02-01	ne_star	south	2014
2013-09-01	B/Catalonia/2078138NS/2013_EPI_ISL_142192	0.001088	7.464827999999999	7.556816999999998	-0.3179407881318424	0.0009523929249112933	7.448777593202152	2014-02-01	ne_star	south	2014
2013-09-01	B/Catalonia/NSVH28244/2013_EPI_ISL_135027	0.000411	2.345780999999999	2.607711999999998	0.041131865896858556	0.00041783561048354997	2.333923339839658	2014-02-01	ne_star	south	2014
2013-09-01	B/Centre/890/2013_EPI_ISL_145262	0.000713	1.8214909999999989	1.6113739999999992	0.041131865896858556	0.0007248583704982265	1.7948146938112803	2014-02-01	ne_star	south	2014
2013-09-01	B/Chiang_Rai/15/2013_EPI_ISL_137519	6.2e-05	6.459959000000005	6.477183999999998	-0.13840446111749194	5.848804921482912e-05	6.443022133328741	2014-02-01	ne_star	south	2014
2013-09-01	B/Colorado/05/2013_EPI_ISL_142894	0.006661	3.0742870000000004	3.3829189999999993	0.041131865896858556	0.006771783458469407	3.0536804692787602	2014-02-01	ne_star	south	2014
2013-09-01	B/Delaware/01/2013_EPI_ISL_139542	0.001033	2.0876200000000003	2.3829519999999986	0.041131865896858556	0.0010501805003151024	2.0672240361957	2014-02-01	ne_star	south	2014
2013-09-01	B/Delaware/04/2013_EPI_ISL_140976	0.003483	2.0876200000000003	2.3829519999999986	0.041131865896858556	0.0035409280567255583	2.0672240361957	2014-02-01	ne_star	south	2014
2013-09-01	B/EHIME/6/2013_EPI_ISL_145000	0.025427	1.8214909999999989	1.6113739999999992	0.041131865896858556	0.02584989310891782	1.7948146938112803	2014-02-01	ne_star	south	2014
2013-09-01	B/England/22/2013_EPI_ISL_140366	5.5e-05	4.476014999999997	4.697953999999997	0.041131865896858556	5.5914741062275543e-05	4.457718415052655	2014-02-01	ne_star	south	2014
2013-09-01	B/England/226/2013_EPI_ISL_140367	0.000346	3.0800460000000007	3.3822149999999995	0.041131865896858556	0.00035175455286449704	3.060089406766956	2014-02-01	ne_star	south	2014
2013-09-01	B/FUKUI/26/2013_EPI_ISL_144994	0.028747	2.3755089999999996	2.697873999999998	0.041131865896858556	0.02922511020576791	2.3576257398453087	2014-02-01	ne_star	south	2014
2013-09-01	B/FUKUOKA-C/1/2013_EPI_ISL_137261	0.000192	4.4668959999999975	4.696665999999997	0.041131865896858556	0.00019519327789012554	4.449900020203634	2014-02-01	ne_star	south	2014
2013-09-01	B/Finland/310/2013_EPI_ISL_137579	0.000118	5.484032999999998	5.588212999999999	-0.13840446111749194	0.00011131596463467476	5.46611434646561	2014-02-01	ne_star	south	2014
2013-09-01	B/Firenze/3/2013_EPI_ISL_144822	0.000181	2.3823729999999994	2.646476999999998	0.041131865896858556	0.00018401032967767044	2.3669619219558284	2014-02-01	ne_star	south	2014
2013-09-01	B/Georgia/07/2013_EPI_ISL_142893	0.011123000000000001	3.423051	3.554699	0.041131865896858556	0.01130799390610347	3.405129075705845	2014-02-01	ne_star	south	2014
2013-09-01	B/Gothenburg/1/2013_EPI_ISL_141791	0.00496	4.355459999999997	4.554699999999997	-0.13840446111749194	0.004679043937186329	4.341377102061682	2014-02-01	ne_star	south	2014
2013-09-01	B/Haute_Normandie/1452/2013_EPI_ISL_145268	0.004353	1.4900979999999981	1.697951	0.041131865896858556	0.004425397597165189	1.4717381495794308	2014-02-01	ne_star	south	2014
2013-09-01	B/Hawaii/15/2012_EPI_ISL_138548	2.1e-05	2.4483330000000003	2.691171999999999	0.041131865896858556	2.134926476923248e-05	2.4302658946090743	2014-02-01	ne_star	south	2014
2013-09-01	B/Hong_Kong/05/2013_EPI_ISL_137525	8.6e-05	2.4899149999999994	2.697951999999998	0.041131865896858556	8.743032238828539e-05	2.471563288934655	2014-02-01	ne_star	south	2014
2013-09-01	B/Hong_Kong/20/2013_EPI_ISL_144526	0.000217	2.4133649999999998	2.5931199999999985	0.041131865896858556	0.00022060906928206893	2.396623107548538	2014-02-01	ne_star	south	2014
2013-09-01	B/Hong_Kong/74/2013_EPI_ISL_145281	0.007528	6.376206000000004	6.657403999999998	0.041131865896858556	0.007653203103942005	6.356495943382447	2014-02-01	ne_star	south	2014
2013-09-01	B/Hungary/05/2013_EPI_ISL_143979	0.0014039999999999999	1.4900979999999981	1.697951	0.041131865896858556	0.0014273508445715427	1.4717381495794308	2014-02-01	ne_star	south	2014
2013-09-01	B/Hungary/07/2013_EPI_ISL_143980	0.0014039999999999999	2.9798810000000007	3.3570779999999996	-0.13840446111749194	0.00132447130802613	2.961768156162414	2014-02-01	ne_star	south	2014
2013-09-01	B/Hungary/23/2013_EPI_ISL_143983	0.006661	4.914086999999997	5.350299999999999	-0.13840446111749194	0.006283691868064141	4.898987470473515	2014-02-01	ne_star	south	2014
2013-09-01	B/Hungary/26/2013_EPI_ISL_143984	0.008487	4.885486999999999	5.180754999999999	0.041131865896858556	0.008628152861736954	4.871779207227755	2014-02-01	ne_star	south	2014
2013-09-01	B/ISHIKAWA/76/2013_EPI_ISL_145001	0.015997	2.787623999999999	2.6113749999999993	0.041131865896858556	0.016263056595876763	2.7603956124766533	2014-02-01	ne_star	south	2014
2013-09-01	B/Idaho/03/2013_EPI_ISL_141616	0.00475	2.345780999999999	2.607711999999998	0.041131865896858556	0.004829000364469251	2.333923339839658	2014-02-01	ne_star	south	2014
2013-09-01	B/Illinois/02/2013_EPI_ISL_139541	0.0025210000000000002	1.4900979999999981	1.697951	0.041131865896858556	0.0025629284039635756	1.4717381495794308	2014-02-01	ne_star	south	2014
2013-09-01	B/Indiana/03/2013_EPI_ISL_140979	0.003483	1.4900979999999981	1.697951	0.041131865896858556	0.0035409280567255583	1.4717381495794308	2014-02-01	ne_star	south	2014
2013-09-01	B/Indiana/04/2013_EPI_ISL_143465	0.008487	1.4900979999999981	1.697951	0.041131865896858556	0.008628152861736954	1.4717381495794308	2014-02-01	ne_star	south	2014
2013-09-01	B/Indonesia/Nihrd-Buas704/2013_EPI_ISL_144647	0.0025210000000000002	6.338630000000005	6.5134589999999974	0.041131865896858556	0.0025629284039635756	6.322606003216345	2014-02-01	ne_star	south	2014
2013-09-01	B/Iowa/03/2013_EPI_ISL_138565	0.00045999999999999996	2.345780999999999	2.607711999999998	0.041131865896858556	0.000467650561611759	2.333923339839658	2014-02-01	ne_star	south	2014
2013-09-01	B/Iowa/04/2013_EPI_ISL_139932	0.002186	2.4151049999999996	2.697912999999998	0.041131865896858556	0.0022223567993115336	2.3955150834073047	2014-02-01	ne_star	south	2014
2013-09-01	B/Iowa/09/2012_EPI_ISL_136473	1.7e-05	2.345780999999999	2.607711999999998	0.041131865896858556	1.728273814652153e-05	2.333923339839658	2014-02-01	ne_star	south	2014
2013-09-01	B/Japan/3942/2013_EPI_ISL_145278	0.015444999999999999	1.8214909999999989	1.6113739999999992	0.041131865896858556	0.01570187592194265	1.7948146938112803	2014-02-01	ne_star	south	2014
2013-09-01	B/KOBE/251/2013_EPI_ISL_137269	0.0001419999999999	4.381282999999996	4.646478999999997	0.041131865896858556	0.000144361695106137	4.365876159347566	2014-02-01	ne_star	south	2014
2013-09-01	B/KOCHI/112/2012_EPI_ISL_133559	1.4000000000000001e-05	1.4900979999999981	1.697951	0.041131865896858556	1.423284317948832e-05	1.4717381495794308	2014-02-01	ne_star	south	2014
2013-09-01	B/KUMAMOTO/24/2013_EPI_ISL_144999	0.043825	2.7338299999999993	2.6113449999999996	0.041131865896858556	0.04455388231007683	2.7057069291911247	2014-02-01	ne_star	south	2014
2013-09-01	B/Kraljevo/899/2013_EPI_ISL_143986	0.0005139999999999	1.4900979999999981	1.697951	0.041131865896858556	0.0005225486710182551	1.4717381495794308	2014-02-01	ne_star	south	2014
2013-09-01	B/Kutaisi/384/2013_EPI_ISL_143987	0.000713	3.467283000000001	3.6909939999999994	0.041131865896858556	0.0007248583704982265	3.4490757722688095	2014-02-01	ne_star	south	2014
2013-09-01	B/Laos/011/2013_EPI_ISL_144653	9.8e-05	2.485753	2.4784679999999986	0.041131865896858556	9.962990225641824e-05	2.4674660165540985	2014-02-01	ne_star	south	2014
2013-09-01	B/Laos/044/2013_EPI_ISL_144863	0.000118	8.223769999999998	8.524861999999995	0.041131865896858556	0.00011996253536997298	8.203883159108997	2014-02-01	ne_star	south	2014
2013-09-01	B/Laos/051/2013_EPI_ISL_144864	0.000125	10.115783999999989	10.473389	0.041131865896858556	0.00012707895695971715	10.098852773571478	2014-02-01	ne_star	south	2014
2013-09-01	B/Laos/992/2012_EPI_ISL_137524	3.2e-05	6.206793000000002	6.472573999999997	0.041131865896858556	3.2532212981687584e-05	6.18804292352214	2014-02-01	ne_star	south	2014
2013-09-01	B/Laos/I052/2013_EPI_ISL_143693	0.000134	1.4900979999999981	1.697951	0.041131865896858556	0.0001362286418608168	1.4717381495794308	2014-02-01	ne_star	south	2014
2013-09-01	B/Laos/I075/2013_EPI_ISL_143694	0.000204	3.449217000000001	3.684475	0.041131865896858556	0.00020739285775825837	3.4306967745773718	2014-02-01	ne_star	south	2014
2013-09-01	B/Laos/I1002/2012_EPI_ISL_140288	3.4e-05	2.485753	2.4784679999999986	0.041131865896858556	3.456547629304306e-05	2.4674660165540985	2014-02-01	ne_star	south	2014
2013-09-01	B/Laos/I112/2013_EPI_ISL_143695	0.000434	3.449217000000001	3.684475	0.041131865896858556	0.00044121813856413787	3.4306967745773718	2014-02-01	ne_star	south	2014
2013-09-01	B/Laos/I114/2013_EPI_ISL_143696	0.000434	5.245358999999999	5.524988999999998	0.041131865896858556	0.00044121813856413787	5.22579767107879	2014-02-01	ne_star	south	2014
2013-09-01	B/Laos/I999/2012_EPI_ISL_140287	3.4e-05	6.172963000000003	6.309975999999995	-0.13840446111749194	3.207409150490629e-05	6.155535227030855	2014-02-01	ne_star	south	2014
2013-09-01	B/Leon/116/2013_EPI_ISL_143586	0.00496	2.345780999999999	2.607711999999998	0.041131865896858556	0.005042493012161577	2.333923339839658	2014-02-01	ne_star	south	2014
2013-09-01	B/Linares/260/2012_EPI_ISL_141609	5e-05	3.9272519999999997	4.187533999999998	0.041131865896858556	5.083158278388686e-05	3.9132514621981147	2014-02-01	ne_star	south	2014
2013-09-01	B/Lisboa_PT/74/2013_EPI_ISL_144833	0.0009310000000000001	2.787623999999999	2.6113749999999993	0.041131865896858556	0.0009464840714359733	2.7603956124766533	2014-02-01	ne_star	south	2014
2013-09-01	B/MALAYSIA/18/2013_EPI_ISL_145334	0.006131	3.3407690000000008	3.671992999999999	-0.13840446111749194	0.0057837133828406015	3.3270430977376733	2014-02-01	ne_star	south	2014
2013-09-01	B/MALAYSIA/19/2013_EPI_ISL_145335	0.006131	1.4900979999999981	1.697951	0.041131865896858556	0.006232968680960206	1.4717381495794308	2014-02-01	ne_star	south	2014
2013-09-01	B/MALAYSIA/20/2013_EPI_ISL_145336	0.006131	2.398888	2.671801999999998	0.041131865896858556	0.006232968680960206	2.3827748243603506	2014-02-01	ne_star	south	2014
2013-09-01	B/Massachusetts/01/2013_EPI_ISL_138566	0.000411	1.4900979999999981	1.697951	0.041131865896858556	0.00041783561048354997	1.4717381495794308	2014-02-01	ne_star	south	2014
2013-09-01	B/Massachusetts/02/2013_EPI_ISL_138960	0.001632	3.0843230000000004	3.337934	0.041131865896858556	0.001659142862066067	3.0638833845751416	2014-02-01	ne_star	south	2014
2013-09-01	B/Massachusetts/03/2013_EPI_ISL_139926	0.001552	2.446714	2.6977819999999983	0.041131865896858556	0.001577812329611848	2.428093040075841	2014-02-01	ne_star	south	2014
2013-09-01	B/Massachusetts/04/2013_EPI_ISL_144253	0.007837	2.446714	2.6977819999999983	0.041131865896858556	0.007967342285546427	2.428093040075841	2014-02-01	ne_star	south	2014
2013-09-01	B/Milano/101/2013_EPI_ISL_144834	0.0009310000000000001	2.345780999999999	2.607711999999998	0.041131865896858556	0.0009464840714359733	2.333923339839658	2014-02-01	ne_star	south	2014
2013-09-01	B/Minnesota/02/2013_EPI_ISL_138552	0.0005139999999999	2.0876200000000003	2.3829519999999986	0.041131865896858556	0.0005225486710182551	2.0672240361957	2014-02-01	ne_star	south	2014
2013-09-01	B/Minnesota/03/2013_EPI_ISL_141608	0.00475	1.4900979999999981	1.697951	0.041131865896858556	0.004829000364469251	1.4717381495794308	2014-02-01	ne_star	south	2014
2013-09-01	B/Montana/01/2013_EPI_ISL_139546	0.001552	3.0830379999999997	3.273211	-0.13840446111749194	0.0014640879416357223	3.062820142742509	2014-02-01	ne_star	south	2014
2013-09-01	B/NAGANO-C/23/2013_EPI_ISL_143700	0.015997	1.8214909999999989	1.6113739999999992	0.041131865896858556	0.016263056595876763	1.7948146938112803	2014-02-01	ne_star	south	2014
2013-09-01	B/NAGANO/2029/2013_EPI_ISL_137270	0.0001419999999999	2.7828649999999993	2.558958999999999	0.041131865896858556	0.000144361695106137	2.75699894835529	2014-02-01	ne_star	south	2014
2013-09-01	B/NEWCASTLE/2/2013_EPI_ISL_141574	5.1e-05	2.0876200000000003	2.3829519999999986	0.041131865896858556	5.184821443956459e-05	2.0672240361957	2014-02-01	ne_star	south	2014
2013-09-01	B/Nebraska/12/2012_EPI_ISL_134550	3.6e-05	3.345698	3.6077129999999995	-0.13840446111749194	3.396080276990077e-05	3.333855418234115	2014-02-01	ne_star	south	2014
2013-09-01	B/Nebraska/13/2012_EPI_ISL_134556	4.7e-05	2.0876200000000003	2.3829519999999986	0.041131865896858556	4.7781687816853646e-05	2.0672240361957	2014-02-01	ne_star	south	2014
2013-09-01	B/Nevada/04/2013_EPI_ISL_138551	0.000327	2.485753	2.4784679999999986	0.041131865896858556	0.00033243855140662	2.4674660165540985	2014-02-01	ne_star	south	2014
2013-09-01	B/Nevada/05/2013_EPI_ISL_138567	0.000676	3.4873720000000006	3.6979529999999996	-0.13840446111749194	0.0006377084075681368	3.469187315949156	2014-02-01	ne_star	south	2014
2013-09-01	B/Nevada/09/2013_EPI_ISL_143232	0.020303	3.0470030000000006	3.3829529999999997	-0.13840446111749194	0.01915294940659154	3.028918137382516	2014-02-01	ne_star	south	2014
2013-09-01	B/Nevada/10/2013_EPI_ISL_144247	0.035264	2.4151049999999996	2.697912999999998	0.041131865896858556	0.035850498705819724	2.3955150834073047	2014-02-01	ne_star	south	2014
2013-09-01	B/New_Hampshire/03/2013_EPI_ISL_139543	0.0025210000000000002	2.446714	2.6977819999999983	0.041131865896858556	0.0025629284039635756	2.428093040075841	2014-02-01	ne_star	south	2014
2013-09-01	B/New_Jersey/02/2013_EPI_ISL_135849	7.6e-05	2.0876200000000003	2.3829519999999986	0.041131865896858556	7.726400583150802e-05	2.0672240361957	2014-02-01	ne_star	south	2014
2013-09-01	B/New_Jersey/04/2013_EPI_ISL_141615	0.007528	2.345780999999999	2.607711999999998	0.041131865896858556	0.007653203103942005	2.333923339839658	2014-02-01	ne_star	south	2014
2013-09-01	B/New_Jersey/07/2013_EPI_ISL_143226	0.024643	2.0876200000000003	2.3829519999999986	0.041131865896858556	0.025052853890866478	2.0672240361957	2014-02-01	ne_star	south	2014
2013-09-01	B/New_Mexico/02/2013_EPI_ISL_138952	0.000883	2.0876200000000003	2.3829519999999986	0.041131865896858556	0.0008976857519634419	2.0672240361957	2014-02-01	ne_star	south	2014
2013-09-01	B/New_York/03/2013_EPI_ISL_140980	0.00475	3.073779	3.3829529999999997	0.041131865896858556	0.004829000364469251	3.053427960633172	2014-02-01	ne_star	south	2014
2013-09-01	B/New_York/16/2012_EPI_ISL_137418	1.6e-05	1.4900979999999981	1.697951	0.041131865896858556	1.6266106490843792e-05	1.4717381495794308	2014-02-01	ne_star	south	2014
2013-09-01	B/New_York/17/2012_EPI_ISL_137420	1.6e-05	1.4900979999999981	1.697951	0.041131865896858556	1.6266106490843792e-05	1.4717381495794308	2014-02-01	ne_star	south	2014
2013-09-01	B/New_York/18/2012_EPI_ISL_137416	1.6e-05	1.4900979999999981	1.697951	0.041131865896858556	1.6266106490843792e-05	1.4717381495794308	2014-02-01	ne_star	south	2014
2013-09-01	B/New_York/19/2012_EPI_ISL_137417	1.6e-05	1.4900979999999981	1.697951	0.041131865896858556	1.6266106490843792e-05	1.4717381495794308	2014-02-01	ne_star	south	2014
2013-09-01	B/North_Carolina/10/2013_EPI_ISL_143234	0.013385	3.646174999999999	3.5599009999999978	-0.13840446111749194	0.012626815140975606	3.626286492543513	2014-02-01	ne_star	south	2014
2013-09-01	B/North_Dakota/02/2013_EPI_ISL_139931	0.001714	2.486659	2.697951999999998	0.041131865896858556	0.0017425066578316414	2.4682531362637685	2014-02-01	ne_star	south	2014
2013-09-01	B/North_Dakota/04/2012_EPI_ISL_136474	4.1e-05	3.3657260000000004	3.6979139999999995	-0.13840446111749194	3.8677580932386996e-05	3.348943502542178	2014-02-01	ne_star	south	2014
2013-09-01	B/Norway/1908/2013_EPI_ISL_144862	0.0039840000000000006	2.0876200000000003	2.3829519999999986	0.041131865896858556	0.004050260516220106	2.0672240361957	2014-02-01	ne_star	south	2014
2013-09-01	B/Norway/2486/2013_EPI_ISL_144861	0.067094	1.8214909999999989	1.6113739999999992	0.041131865896858556	0.06820988430604209	1.7948146938112803	2014-02-01	ne_star	south	2014
2013-09-01	B/OKINAWA/38/2012_EPI_ISL_133558	1.3000000000000001e-05	2.4900609999999994	2.697951999999998	0.041131865896858556	1.3216211523810583e-05	2.471711717156384	2014-02-01	ne_star	south	2014
2013-09-01	B/OSAKA-C/1019/2012_EPI_ISL_137272	5e-05	1.4900979999999981	1.697951	0.041131865896858556	5.083158278388686e-05	1.4717381495794308	2014-02-01	ne_star	south	2014
2013-09-01	B/Ohio/02/2013_EPI_ISL_138964	0.00048600000000000005	3.343478	3.6077129999999995	0.041131865896858556	0.0004940829846593803	3.3315932200848413	2014-02-01	ne_star	south	2014
2013-09-01	B/Oklahoma/04/2013_EPI_ISL_140983	0.0029	2.345780999999999	2.607711999999998	0.041131865896858556	0.0029482318014654374	2.333923339839658	2014-02-01	ne_star	south	2014
2013-09-01	B/Ozirgeti/542/2013_EPI_ISL_143989	0.0009310000000000001	2.4687199999999994	2.690992999999998	0.041131865896858556	0.0009464840714359733	2.4505254890098094	2014-02-01	ne_star	south	2014
2013-09-01	B/Pakistan/1009/2012_EPI_ISL_135851	1.7e-05	3.476394000000001	3.6979529999999996	0.041131865896858556	1.728273814652153e-05	3.4578285952664456	2014-02-01	ne_star	south	2014
2013-09-01	B/Paris/1087/2013_EPI_ISL_145264	0.001269	1.8214909999999989	1.6113739999999992	0.041131865896858556	0.0012901055710550485	1.7948146938112803	2014-02-01	ne_star	south	2014
2013-09-01	B/Paris/958/2013_EPI_ISL_145263	0.000883	2.0876200000000003	2.3829519999999986	0.041131865896858556	0.0008976857519634419	2.0672240361957	2014-02-01	ne_star	south	2014
2013-09-01	B/Pennsylvania/03/2013_EPI_ISL_142182	0.011548000000000001	2.0876200000000003	2.3829519999999986	0.041131865896858556	0.011740062359766509	2.0672240361957	2014-02-01	ne_star	south	2014
2013-09-01	B/Petropavlovsk/9/2013_EPI_ISL_138523	5.1e-05	2.3823589999999997	2.672076999999998	0.041131865896858556	5.184821443956459e-05	2.3662822695461476	2014-02-01	ne_star	south	2014
2013-09-01	B/Phuket/151/2013_EPI_ISL_145275	0.005403	5.439312999999999	5.590169999999998	-0.13840446111749194	0.005096950482382608	5.423933271386164	2014-02-01	ne_star	south	2014
2013-09-01	B/Picardie/1254/2013_EPI_ISL_145267	0.0019850000000000002	1.4900979999999981	1.697951	0.041131865896858556	0.0020180138365203087	1.4717381495794308	2014-02-01	ne_star	south	2014
2013-09-01	B/Portalegre_PT/233/2013_EPI_ISL_144839	0.003483	2.345780999999999	2.607711999999998	0.041131865896858556	0.0035409280567255583	2.333923339839658	2014-02-01	ne_star	south	2014
2013-09-01	B/Rhode_Island/01/2013_EPI_ISL_144245	0.015444999999999999	3.3916060000000003	3.6979529999999996	-0.13840446111749194	0.014570127743919928	3.3788459204474246	2014-02-01	ne_star	south	2014
2013-09-01	B/SAITAMA/11/2013_EPI_ISL_144995	0.011548000000000001	1.8214909999999989	1.6113739999999992	0.041131865896858556	0.011740062359766509	1.7948146938112803	2014-02-01	ne_star	south	2014
2013-09-01	B/SAKAI/3/2013_EPI_ISL_137271	0.000204	3.267784000000001	3.6463999999999994	0.041131865896858556	0.00020739285775825837	3.2528495122217023	2014-02-01	ne_star	south	2014
2013-09-01	B/SAPPORO/16/2013_EPI_ISL_143699	0.015444999999999999	2.4099109999999997	2.6436199999999976	0.041131865896858556	0.01570187592194265	2.3938401720322875	2014-02-01	ne_star	south	2014
2013-09-01	B/SAPPORO/24/2013_EPI_ISL_144996	0.024643	3.360532000000001	3.6436209999999996	-0.13840446111749194	0.02324711285162958	3.3472685911671602	2014-02-01	ne_star	south	2014
2013-09-01	B/SENDAI/10/2013_EPI_ISL_144993	0.014908000000000001	1.8214909999999989	1.6113739999999992	0.041131865896858556	0.015155944722843706	1.7948146938112803	2014-02-01	ne_star	south	2014
2013-09-01	B/SHIGA/2/2013_EPI_ISL_140295	9.8e-05	1.4900979999999981	1.697951	0.041131865896858556	9.962990225641824e-05	1.4717381495794308	2014-02-01	ne_star	south	2014
2013-09-01	B/SHIZUOKA-C/10/2012_EPI_ISL_137260	3.4e-05	3.4757360000000013	3.6951889999999996	0.041131865896858556	3.456547629304306e-05	3.4582679632033044	2014-02-01	ne_star	south	2014
2013-09-01	B/SHIZUOKA/111/2013_EPI_ISL_143690	0.006940000000000001	1.4900979999999981	1.697951	0.041131865896858556	0.007055423690403496	1.4717381495794308	2014-02-01	ne_star	south	2014
2013-09-01	B/SHIZUOKA/5/2013_EPI_ISL_137262	9.2e-05	4.475540999999997	4.695189999999997	0.041131865896858556	9.353011232235181e-05	4.458080902978661	2014-02-01	ne_star	south	2014
2013-09-01	B/SOUTH_AUCKLAND/9/2013_EPI_ISL_145340	0.03236	3.3195270000000003	3.6979139999999995	-0.13840446111749194	0.030526988267610806	3.3078374857757287	2014-02-01	ne_star	south	2014
2013-09-01	B/SOUTH_AUSTRALIA/3/2013_EPI_ISL_141581	9.2e-05	2.4895409999999996	2.697951999999998	0.041131865896858556	9.353011232235181e-05	2.4711830686954315	2014-02-01	ne_star	south	2014
2013-09-01	B/SOUTH_AUSTRALIA/5/2013_EPI_ISL_141583	9.2e-05	2.4895409999999996	2.697951999999998	0.041131865896858556	9.353011232235181e-05	2.4711830686954315	2014-02-01	ne_star	south	2014
2013-09-01	B/SOUTH_AUSTRALIA/9/2013_EPI_ISL_141584	5.1e-05	2.4895409999999996	2.697951999999998	0.041131865896858556	5.184821443956459e-05	2.4711830686954315	2014-02-01	ne_star	south	2014
2013-09-01	B/Saint-Petersburg/144/2013_EPI_ISL_143605	0.0029	1.8214909999999989	1.6113739999999992	0.041131865896858556	0.0029482318014654374	1.7948146938112803	2014-02-01	ne_star	south	2014
2013-09-01	B/Samara/07/2013_EPI_ISL_141607	0.0029	3.707940999999999	3.5855009999999976	-0.13840446111749194	0.002735731334242007	3.683887351109512	2014-02-01	ne_star	south	2014
2013-09-01	B/Samara/11/2013_EPI_ISL_143595	0.0029	4.751206999999998	4.611206999999998	0.041131865896858556	0.0029482318014654374	4.723844558666384	2014-02-01	ne_star	south	2014
2013-09-01	B/Seoul/16/2013_EPI_ISL_137253	5.1e-05	2.713766	2.5598999999999994	0.041131865896858556	5.184821443956459e-05	2.690038466187676	2014-02-01	ne_star	south	2014
2013-09-01	B/Slovenia/1190/2013_EPI_ISL_143596	0.0025210000000000002	2.480505	2.697951999999998	0.041131865896858556	0.0025629284039635756	2.462260725290224	2014-02-01	ne_star	south	2014
2013-09-01	B/Slovenia/473/2013_EPI_ISL_143600	0.000275	3.331940000000001	3.6077129999999995	0.041131865896858556	0.00027957370531137774	3.3201272642771276	2014-02-01	ne_star	south	2014
2013-09-01	B/Slovenia/527/2013_EPI_ISL_143601	0.000388	2.480505	2.697951999999998	0.041131865896858556	0.000394453082402962	2.462260725290224	2014-02-01	ne_star	south	2014
2013-09-01	B/Slovenia/84/2013_EPI_ISL_143604	8.1e-05	2.480505	2.697951999999998	0.041131865896858556	8.234716410989671e-05	2.462260725290224	2014-02-01	ne_star	south	2014
2013-09-01	B/South_Dakota/01/2013_EPI_ISL_138557	0.000411	2.4892649999999996	2.697951999999998	-0.13840446111749194	0.0003877191649563672	2.470962711249519	2014-02-01	ne_star	south	2014
2013-09-01	B/St_Petersburg/121/2013_EPI_ISL_141617	0.0029	3.472938000000001	3.6979529999999996	0.041131865896858556	0.0029482318014654374	3.4543151162644237	2014-02-01	ne_star	south	2014
2013-09-01	B/Sweden/1/2013_EPI_ISL_139642	0.000606	3.476846000000001	3.6978889999999995	-0.13840446111749194	0.0005716735132933297	3.4592575545614896	2014-02-01	ne_star	south	2014
2013-09-01	B/Sweden/2/2013_EPI_ISL_139643	0.00064	3.343478	3.6077129999999995	0.041131865896858556	0.0006506442596337518	3.3315932200848413	2014-02-01	ne_star	south	2014
2013-09-01	B/Sweden/3/2013_EPI_ISL_139644	0.0025210000000000002	1.4900979999999981	1.697951	0.041131865896858556	0.0025629284039635756	1.4717381495794308	2014-02-01	ne_star	south	2014
2013-09-01	B/TOCHIGI/5/2013_EPI_ISL_145002	0.043825	1.8214909999999989	1.6113739999999992	0.041131865896858556	0.04455388231007683	1.7948146938112803	2014-02-01	ne_star	south	2014
2013-09-01	B/TOKYO/30018/2013_EPI_ISL_144997	0.019638	1.8214909999999989	1.6113739999999992	0.041131865896858556	0.0199646124541994	1.7948146938112803	2014-02-01	ne_star	south	2014
2013-09-01	B/TOWNSVILLE/2/2013_EPI_ISL_141586	0.00016	1.4900979999999981	1.697951	0.041131865896858556	0.00016266106490843795	1.4717381495794308	2014-02-01	ne_star	south	2014
2013-09-01	B/Tanzania/335/2012_EPI_ISL_135852	1.4999999999999999e-05	1.4900979999999981	1.697951	0.041131865896858556	1.5249474835166057e-05	1.4717381495794308	2014-02-01	ne_star	south	2014
2013-09-01	B/Taraz/83/2013_EPI_ISL_138524	5.1e-05	1.4900979999999981	1.697951	0.041131865896858556	5.184821443956459e-05	1.4717381495794308	2014-02-01	ne_star	south	2014
2013-09-01	B/Tbilisi/524/2013_EPI_ISL_143995	0.000981	4.348311999999996	4.665119999999996	-0.13840446111749194	0.0009254318754797962	4.334477698243152	2014-02-01	ne_star	south	2014
2013-09-01	B/Texas/06/2013_EPI_ISL_140978	0.001714	3.0841809999999996	3.3829529999999997	-0.13840446111749194	0.0016169115541002758	3.063990213087498	2014-02-01	ne_star	south	2014
2013-09-01	B/Trnava/783/2013_EPI_ISL_144848	0.001891	1.4900979999999981	1.697951	0.041131865896858556	0.001922450460886601	1.4717381495794308	2014-02-01	ne_star	south	2014
2013-09-01	B/Tunisia/17027/2012_EPI_ISL_138522	3.2e-05	1.4900979999999981	1.697951	0.041131865896858556	3.2532212981687584e-05	1.4717381495794308	2014-02-01	ne_star	south	2014
2013-09-01	B/Utah/02/2013_EPI_ISL_138560	0.000794	2.485753	2.4784679999999986	0.041131865896858556	0.0008072055346081234	2.4674660165540985	2014-02-01	ne_star	south	2014
2013-09-01	B/Utah/17/2012_EPI_ISL_134545	3.4e-05	3.331940000000001	3.6077129999999995	0.041131865896858556	3.456547629304306e-05	3.3201272642771276	2014-02-01	ne_star	south	2014
2013-09-01	B/VICTORIA/802/2013_EPI_ISL_145349	0.037294	2.4154989999999996	2.697931999999998	0.041131865896858556	0.037914260966845525	2.395909627645741	2014-02-01	ne_star	south	2014
2013-09-01	B/VICTORIA/832/2012_EPI_ISL_141591	1.4000000000000001e-05	2.4515319999999994	2.6455359999999977	0.041131865896858556	1.423284317948832e-05	2.433983402022783	2014-02-01	ne_star	south	2014
2013-09-01	B/VICTORIA/835/2012_EPI_ISL_141593	3.6e-05	2.4515319999999994	2.6455359999999977	0.041131865896858556	3.659873960439854e-05	2.433983402022783	2014-02-01	ne_star	south	2014
2013-09-01	B/Valladolid/93/2013_EPI_ISL_143608	0.002769	2.478748999999999	2.697951999999998	0.041131865896858556	0.002815053054571654	2.460211579867358	2014-02-01	ne_star	south	2014
2013-09-01	B/Valparaiso/1032/2013_EPI_ISL_141610	5.5e-05	2.996410000000001	3.356803	-0.13840446111749194	5.1884559787348406e-05	2.9782607109766173	2014-02-01	ne_star	south	2014
2013-09-01	B/Vermont/01/2013_EPI_ISL_137527	0.000118	2.0876200000000003	2.3829519999999986	0.041131865896858556	0.00011996253536997298	2.0672240361957	2014-02-01	ne_star	south	2014
2013-09-01	B/Vermont/02/2013_EPI_ISL_142183	0.008157	2.0876200000000003	2.3829519999999986	0.041131865896858556	0.008292664415363301	2.0672240361957	2014-02-01	ne_star	south	2014
2013-09-01	B/Vietnam/3071/2013_EPI_ISL_145279	0.019638	4.2189229999999975	4.503634999999997	-0.13840446111749194	0.018525617910980872	4.20804423031439	2014-02-01	ne_star	south	2014
2013-09-01	B/Vietnam/3072/2013_EPI_ISL_145283	0.018359999999999998	4.229618999999996	4.503634999999997	0.041131865896858556	0.018665357198243252	4.216785277296805	2014-02-01	ne_star	south	2014
2013-09-01	B/Virginia/03/2013_EPI_ISL_139549	0.001269	2.0876200000000003	2.3829519999999986	0.041131865896858556	0.0012901055710550485	2.0672240361957	2014-02-01	ne_star	south	2014
2013-09-01	B/Virginia/05/2012_EPI_ISL_134548	1.6e-05	2.0876200000000003	2.3829519999999986	0.041131865896858556	1.6266106490843792e-05	2.0672240361957	2014-02-01	ne_star	south	2014
2013-09-01	B/Virginia/05/2013_EPI_ISL_141611	0.008487	2.0876200000000003	2.3829519999999986	0.041131865896858556	0.008628152861736954	2.0672240361957	2014-02-01	ne_star	south	2014
2013-09-01	B/WAKAYAMA/32/2013_EPI_ISL_137268	0.000171	2.3755089999999996	2.697873999999998	0.041131865896858556	0.00017384401312089306	2.3576257398453087	2014-02-01	ne_star	south	2014
2013-09-01	B/Washington/02/2013_EPI_ISL_139935	0.003483	1.4900979999999981	1.697951	0.041131865896858556	0.0035409280567255583	1.4717381495794308	2014-02-01	ne_star	south	2014
2013-09-01	B/West_Virginia/01/2012_EPI_ISL_136471	2e-05	3.343478	3.6077129999999995	0.041131865896858556	2.0332633113554744e-05	3.3315932200848413	2014-02-01	ne_star	south	2014
2013-09-01	B/Wisconsin/01/2013_EPI_ISL_135854	0.000125	1.4900979999999981	1.697951	0.041131865896858556	0.00012707895695971715	1.4717381495794308	2014-02-01	ne_star	south	2014
2013-09-01	B/Wisconsin/02/2013_EPI_ISL_138549	0.00045999999999999996	2.4891669999999997	2.697951999999998	0.041131865896858556	0.000467650561611759	2.4708028484562083	2014-02-01	ne_star	south	2014
2013-09-01	B/Wisconsin/03/2013_EPI_ISL_141619	0.0025210000000000002	2.4850449999999995	2.697951999999998	0.041131865896858556	0.0025629284039635756	2.4666122927715044	2014-02-01	ne_star	south	2014
2013-09-01	B/Wisconsin/14/2012_EPI_ISL_133996	1.3000000000000001e-05	1.4900979999999981	1.697951	0.041131865896858556	1.3216211523810583e-05	1.4717381495794308	2014-02-01	ne_star	south	2014
2013-09-01	B/Wisconsin/16/2012_EPI_ISL_134549	1.1e-05	3.0843230000000004	3.337934	0.041131865896858556	1.1182948212455108e-05	3.0638833845751416	2014-02-01	ne_star	south	2014
2013-09-01	B/Wyoming/03/2013_EPI_ISL_139934	0.001801	4.328326999999997	4.544323999999996	-0.13840446111749194	0.001698983494127536	4.316729297288873	2014-02-01	ne_star	south	2014
2013-09-01	B/Zamora/102/2013_EPI_ISL_143611	0.0036439999999999997	2.0876200000000003	2.3829519999999986	0.041131865896858556	0.003704605753289674	2.0672240361957	2014-02-01	ne_star	south	2014
2014-09-01	B/AICHI/49/2014_EPI_ISL_165135	0.010844	3.231648	4.289651999999999	0.04046387111882586	0.011019074743314474	3.2285857806172182	2015-02-01	ne_star	south	2015
2014-09-01	B/AICHI/51/2014_EPI_ISL_164693	0.014071	3.231648	4.289651999999999	0.04046387111882586	0.014298174171263184	3.2285857806172182	2015-02-01	ne_star	south	2015
2014-09-01	B/Alaska/02/2014_EPI_ISL_164321	0.025682	1.76427	2.081336999999999	0.04046387111882586	0.026096632013814305	1.746835158087276	2015-02-01	ne_star	south	2015
2014-09-01	B/Arizona/01/2014_EPI_ISL_155675	3.1e-05	1.76427	2.081336999999999	0.04046387111882586	3.150049032116827e-05	1.746835158087276	2015-02-01	ne_star	south	2015
2014-09-01	B/Arizona/03/2014_EPI_ISL_164337	0.025023	1.76427	2.081336999999999	0.04046387111882586	0.02542699255827721	1.746835158087276	2015-02-01	ne_star	south	2015
2014-09-01	B/BRISBANE/3/2014_EPI_ISL_161857	9.7e-05	3.2411109999999996	4.162991999999999	0.04046387111882586	9.856605035978458e-05	3.2434108250549913	2015-02-01	ne_star	south	2015
2014-09-01	B/Bangladesh/2004/2014_EPI_ISL_164881	0.029120999999999998	3.2147349999999992	4.163113999999999	-0.24842527691036706	0.026235277958429885	3.2199648647072587	2015-02-01	ne_star	south	2015
2014-09-01	B/Bangladesh/214/2014_EPI_ISL_162365	0.003803	2.2937129999999986	3.289655999999999	0.04046387111882586	0.0038643988610129972	2.2914257273329355	2015-02-01	ne_star	south	2015
2014-09-01	B/Bangladesh/6784/2014_EPI_ISL_164883	0.050227	4.0726249999999995	5.284095999999999	0.04046387111882586	0.051037907334236084	4.067341273079417	2015-02-01	ne_star	south	2015
2014-09-01	B/Bangladesh/7751/2014_EPI_ISL_163681	0.001439	2.2937129999999986	3.289655999999999	0.04046387111882586	0.0014622324378116495	2.2914257273329355	2015-02-01	ne_star	south	2015
2014-09-01	B/Belgium/14G0509/2014_EPI_ISL_165470	0.006594	3.2803229999999997	4.289651999999999	0.04046387111882586	0.006700459134767212	3.2778874274392575	2015-02-01	ne_star	south	2015
2014-09-01	B/Berlin/1/2014_EPI_ISL_155947	7.2e-05	1.76427	2.081336999999999	0.04046387111882586	7.316242913303598e-05	1.746835158087276	2015-02-01	ne_star	south	2015
2014-09-01	B/Bilthoven/4311400416/2014_EPI_ISL_163364	0.002832	3.287395	4.289651999999999	0.04046387111882586	0.0028777222125660816	3.285052112697812	2015-02-01	ne_star	south	2015
2014-09-01	B/Brandenburg/2/2014_EPI_ISL_158862	0.000328	3.8555139999999994	4.470812	0.04046387111882586	0.0003332955104949417	3.8501658301758734	2015-02-01	ne_star	south	2015
2014-09-01	B/Brazil/2920/2014_EPI_ISL_164325	0.000802	1.76427	2.081336999999999	0.04046387111882586	0.0008149481689540951	1.746835158087276	2015-02-01	ne_star	south	2015
2014-09-01	B/Brazil/5137/2014_EPI_ISL_164336	0.002712	1.76427	2.081336999999999	0.04046387111882586	0.0027557848306776884	1.746835158087276	2015-02-01	ne_star	south	2015
2014-09-01	B/Burkina_Faso/285/2014_EPI_ISL_164885	0.0011330000000000001	2.2937129999999986	3.289655999999999	0.04046387111882586	0.0011512921139962468	2.2914257273329355	2015-02-01	ne_star	south	2015
2014-09-01	B/Burkina_Faso/40/2014_EPI_ISL_164886	0.0019	5.216065999999997	6.219329999999998	-0.24842527691036706	0.001711721030219319	5.213863240811659	2015-02-01	ne_star	south	2015
2014-09-01	B/CHIBA-C/21/2014_EPI_ISL_159378	0.000248	2.2937129999999986	3.289655999999999	0.04046387111882586	0.00025200392256934616	2.2914257273329355	2015-02-01	ne_star	south	2015
2014-09-01	B/CHIBA/22/2014_EPI_ISL_163852	0.00059	5.201763999999997	6.235458999999998	-0.24842527691036706	0.0005315344251733675	5.199289081602619	2015-02-01	ne_star	south	2015
2014-09-01	B/California/02/2014_EPI_ISL_157843	0.000139	2.763984000000001	3.0813329999999985	0.04046387111882586	0.00014124413402072223	2.746552669819234	2015-02-01	ne_star	south	2015
2014-09-01	B/California/04/2014_EPI_ISL_158949	0.000221	2.7638200000000013	3.0813329999999985	-0.24842527691036706	0.00019910018298866818	2.7464369577212984	2015-02-01	ne_star	south	2015
2014-09-01	B/California/05/2014_EPI_ISL_158962	0.000725	2.7056900000000015	3.0813329999999985	0.04046387111882586	0.0007367050155757094	2.6873175219875516	2015-02-01	ne_star	south	2015
2014-09-01	B/California/06/2014_EPI_ISL_159693	0.001439	1.76427	2.081336999999999	0.04046387111882586	0.0014622324378116495	1.746835158087276	2015-02-01	ne_star	south	2015
2014-09-01	B/California/07/2014_EPI_ISL_163154	0.003803	2.7056900000000015	3.0813329999999985	0.04046387111882586	0.0038643988610129972	2.6873175219875516	2015-02-01	ne_star	south	2015
2014-09-01	B/California/08/2014_EPI_ISL_163153	0.007103	1.76427	2.081336999999999	0.04046387111882586	0.007217676862943813	1.746835158087276	2015-02-01	ne_star	south	2015
2014-09-01	B/California/16/2014_EPI_ISL_163533	0.00545	2.7442280000000006	3.0813329999999985	-0.24842527691036706	0.00490993663931331	2.728786411182321	2015-02-01	ne_star	south	2015
2014-09-01	B/California/17/2014_EPI_ISL_163532	0.005886	1.76427	2.081336999999999	0.04046387111882586	0.0059810285816256905	1.746835158087276	2015-02-01	ne_star	south	2015
2014-09-01	B/California/18/2014_EPI_ISL_164320	0.013632	2.7247660000000007	3.0813329999999985	0.04046387111882586	0.013852086582521477	2.7067015011284097	2015-02-01	ne_star	south	2015
2014-09-01	B/Cameroon/7386/2013_EPI_ISL_159707	1.2e-05	4.2936289999999975	5.214213999999998	-0.24842527691036706	1.0810869664543067e-05	4.291362160957296	2015-02-01	ne_star	south	2015
2014-09-01	B/Cankiri/226/2014_EPI_ISL_155948	5.600000000000001e-05	4.287097999999998	5.28262	0.04046387111882586	5.690411154791688e-05	4.284728945641244	2015-02-01	ne_star	south	2015
2014-09-01	B/Cankiri/348/2014_EPI_ISL_158870	8.1e-05	4.287097999999998	5.28262	0.04046387111882586	8.230773277466547e-05	4.284728945641244	2015-02-01	ne_star	south	2015
2014-09-01	B/Concepcion/264/2014_EPI_ISL_154836	2.5e-05	3.674649	3.7231769999999997	0.04046387111882586	2.5403621226748605e-05	3.6567840042636925	2015-02-01	ne_star	south	2015
2014-09-01	B/Cote_d_Ivoire/2212/2013_EPI_ISL_158876	1e-05	5.818892000000004	5.858822999999998	0.04046387111882586	1.0161448490699441e-05	5.813878989797891	2015-02-01	ne_star	south	2015
2014-09-01	B/England/199/2014_EPI_ISL_163194	0.000407	3.242654	4.289262999999999	-0.24842527691036706	0.0003666686627890858	3.2396443212246333	2015-02-01	ne_star	south	2015
2014-09-01	B/England/373/2014_EPI_ISL_163196	0.001508	4.219873999999998	5.219333999999998	0.04046387111882586	0.0015323464323974759	4.2172866828721	2015-02-01	ne_star	south	2015
2014-09-01	B/Ethiopia/919/2014_EPI_ISL_158956	3.3e-05	1.868697	2.484875999999999	0.04046387111882586	3.353278001930816e-05	1.8635103767342933	2015-02-01	ne_star	south	2015
2014-09-01	B/Ethiopia/923/2013_EPI_ISL_157842	1e-05	2.8686690000000006	3.484871999999999	0.04046387111882586	1.0161448490699441e-05	2.8634900538373107	2015-02-01	ne_star	south	2015
2014-09-01	B/Ethiopia/925/2013_EPI_ISL_157847	1e-05	2.2937129999999986	3.289655999999999	0.04046387111882586	1.0161448490699441e-05	2.2914257273329355	2015-02-01	ne_star	south	2015
2014-09-01	B/Ethiopia/948/2013_EPI_ISL_158952	1.9e-05	5.204057999999996	6.282879999999998	-0.24842527691036706	1.711721030219319e-05	5.201356911910595	2015-02-01	ne_star	south	2015
2014-09-01	B/FUKUI/2/2014_EPI_ISL_159367	6.7e-05	3.293571	4.289651999999999	-0.24842527691036706	6.036068896036546e-05	3.2913050059550177	2015-02-01	ne_star	south	2015
2014-09-01	B/FUKUOKA-C/4/2013_EPI_ISL_156818	1.8e-05	3.20415	4.284325999999999	0.04046387111882586	1.8290607283258995e-05	3.2014253807518087	2015-02-01	ne_star	south	2015
2014-09-01	B/Florida/01/2014_EPI_ISL_155577	6.7e-05	1.76427	2.081336999999999	0.04046387111882586	6.808170488768627e-05	1.746835158087276	2015-02-01	ne_star	south	2015
2014-09-01	B/Florida/04/2014_EPI_ISL_158955	0.000478	2.7633060000000014	3.0813329999999985	-0.24842527691036706	0.0004306329749709655	2.745973892137334	2015-02-01	ne_star	south	2015
2014-09-01	B/Florida/07/2014_EPI_ISL_163529	0.013203999999999999	2.2937129999999986	3.289655999999999	0.04046387111882586	0.013417176587119542	2.2914257273329355	2015-02-01	ne_star	south	2015
2014-09-01	B/GUNMA/30/2014_EPI_ISL_159377	0.000103	2.2937129999999986	3.289655999999999	0.04046387111882586	0.00010466291945420424	2.2914257273329355	2015-02-01	ne_star	south	2015
2014-09-01	B/Goias/42189/2014_EPI_ISL_163142	0.008819	2.7466020000000007	3.0813329999999985	-0.24842527691036706	0.007945088297633776	2.7309226263053286	2015-02-01	ne_star	south	2015
2014-09-01	B/Goias/57970/2014_EPI_ISL_165459	0.052862	3.5837489999999996	4.352793999999999	-0.24842527691036706	0.04762368268392297	3.5983556294234793	2015-02-01	ne_star	south	2015
2014-09-01	B/Goias/7141/2014_EPI_ISL_157203	0.000176	2.7639100000000014	3.0813329999999985	-0.24842527691036706	0.00015855942174663166	2.7465180392437825	2015-02-01	ne_star	south	2015
2014-09-01	B/Guangdong-Zhongshan/1465/2014_EPI_ISL_164862	0.015925	3.2279309999999994	4.163148	-0.24842527691036706	0.01434692495065403	3.2318532177150345	2015-02-01	ne_star	south	2015
2014-09-01	B/Gwangju/1701/2013_EPI_ISL_157836	1.1e-05	3.276045	4.289651999999999	0.04046387111882586	1.1177593339769386e-05	3.275513195550991	2015-02-01	ne_star	south	2015
2014-09-01	B/HAMAMATU-C/14166/2014_EPI_ISL_163839	0.0019	4.265512999999998	5.1619199999999985	0.04046387111882586	0.0019306752132328938	4.2638392943318255	2015-02-01	ne_star	south	2015
2014-09-01	B/HAMAMATU-C/14166/2014_EPI_ISL_163839__dup2	0.0019	6.123347999999998	7.029926000000001	0.04046387111882586	0.0019306752132328938	6.1258240454727515	2015-02-01	ne_star	south	2015
2014-09-01	B/HIROSHIMA/9/2014_EPI_ISL_159384	0.000365	3.2411109999999996	4.162991999999999	0.04046387111882586	0.00037089286991052957	3.2434108250549913	2015-02-01	ne_star	south	2015
2014-09-01	B/HYOGO/1227/2014_EPI_ISL_163838	0.000531	2.2937129999999986	3.289655999999999	0.04046387111882586	0.0005395729148561404	2.2914257273329355	2015-02-01	ne_star	south	2015
2014-09-01	B/Hawaii/01/2014_EPI_ISL_157026	4.1e-05	2.2937129999999986	3.289655999999999	0.04046387111882586	4.166193881186771e-05	2.2914257273329355	2015-02-01	ne_star	south	2015
2014-09-01	B/Hawaii/02/2014_EPI_ISL_157032	3.3e-05	4.689332999999998	5.353185999999999	-0.24842527691036706	2.972989157749344e-05	4.693484075225014	2015-02-01	ne_star	south	2015
2014-09-01	B/Hawaii/07/2014_EPI_ISL_164887	0.02984	5.563018000000002	6.757063999999997	0.04046387111882586	0.03032176229624713	5.539639012325016	2015-02-01	ne_star	south	2015
2014-09-01	B/Hawaii/08/2014_EPI_ISL_164888	0.034335000000000004	5.563018000000002	6.757063999999997	0.04046387111882586	0.03488933339281654	5.539639012325016	2015-02-01	ne_star	south	2015
2014-09-01	B/Hong_Kong/3221/2014_EPI_ISL_164276	0.014071	2.2937129999999986	3.289655999999999	0.04046387111882586	0.014298174171263184	2.2914257273329355	2015-02-01	ne_star	south	2015
2014-09-01	B/Hong_Kong/3224/2014_EPI_ISL_164277	0.014518999999999999	2.2937129999999986	3.289655999999999	0.04046387111882586	0.014753407063646518	2.2914257273329355	2015-02-01	ne_star	south	2015
2014-09-01	B/Hong_Kong/3298/2014_EPI_ISL_164278	0.020709	3.2522249999999997	4.289623999999999	0.04046387111882586	0.021043343679389474	3.249289518354485	2015-02-01	ne_star	south	2015
2014-09-01	B/IBARAKI/20/2014_EPI_ISL_163182	6.7e-05	2.2937129999999986	3.289655999999999	0.04046387111882586	6.808170488768627e-05	2.2914257273329355	2015-02-01	ne_star	south	2015
2014-09-01	B/ISHIKAWA/56/2014_EPI_ISL_159382	0.000531	3.292643	4.289429999999999	-0.24842527691036706	0.00047838098265603075	3.290468965367626	2015-02-01	ne_star	south	2015
2014-09-01	B/IWATE/3/2014_EPI_ISL_159379	0.000148	2.2937129999999986	3.289655999999999	0.04046387111882586	0.0001503894376623517	2.2914257273329355	2015-02-01	ne_star	south	2015
2014-09-01	B/Iceland/63/2014_EPI_ISL_164282	0.001734	1.76427	2.081336999999999	0.04046387111882586	0.0017619951682872831	1.746835158087276	2015-02-01	ne_star	south	2015
2014-09-01	B/Iceland/66/2014_EPI_ISL_164283	0.001989	1.76427	2.081336999999999	0.04046387111882586	0.002021112104800119	1.746835158087276	2015-02-01	ne_star	south	2015
2014-09-01	B/Iceland/77/2014_EPI_ISL_164284	0.010484	2.7432940000000006	3.0813329999999985	0.04046387111882586	0.010653262597649295	2.725528632891977	2015-02-01	ne_star	south	2015
2014-09-01	B/Idaho/02/2014_EPI_ISL_163158	0.011592	1.76427	2.081336999999999	0.04046387111882586	0.011779151090418792	1.746835158087276	2015-02-01	ne_star	south	2015
2014-09-01	B/Indiana/01/2014_EPI_ISL_159506	0.0006889999999999	1.76427	2.081336999999999	0.04046387111882586	0.0007001238010090899	1.746835158087276	2015-02-01	ne_star	south	2015
2014-09-01	B/Indiana/02/2014_EPI_ISL_162370	0.008819	4.219873999999998	5.219333999999998	0.04046387111882586	0.008961381423947838	4.2172866828721	2015-02-01	ne_star	south	2015
2014-09-01	B/Iowa/01/2014_EPI_ISL_158959	0.00018700000000000002	2.2937129999999986	3.289655999999999	0.04046387111882586	0.00019001908677607958	2.2914257273329355	2015-02-01	ne_star	south	2015
2014-09-01	B/Iowa/02/2014_EPI_ISL_159509	0.0010789999999999999	1.868697	2.484875999999999	0.04046387111882586	0.0010964202921464694	1.8635103767342933	2015-02-01	ne_star	south	2015
2014-09-01	B/KITAKYUSYU/2/2014_EPI_ISL_159369	0.000176	3.256249	4.289631999999999	0.04046387111882586	0.00017884149343631018	3.2542060204070347	2015-02-01	ne_star	south	2015
2014-09-01	B/KOBE/266/2014_EPI_ISL_159368	0.00011	2.2937129999999986	3.289655999999999	0.04046387111882586	0.00011177593339769386	2.2914257273329355	2015-02-01	ne_star	south	2015
2014-09-01	B/KOCHI/103/2014_EPI_ISL_159370	4.9e-05	4.151547999999999	5.157661999999998	0.04046387111882586	4.9791097604427265e-05	4.153410478473857	2015-02-01	ne_star	south	2015
2014-09-01	B/KUMAMOTO-C/3/2014_EPI_ISL_159386	0.00018700000000000002	2.2937129999999986	3.289655999999999	0.04046387111882586	0.00019001908677607958	2.2914257273329355	2015-02-01	ne_star	south	2015
2014-09-01	B/Khabarovsk/14/2014_EPI_ISL_164286	0.009134	4.790037999999998	5.4209999999999985	-0.24842527691036706	0.00822887362632803	4.790549439866258	2015-02-01	ne_star	south	2015
2014-09-01	B/Korea/2934/2014_EPI_ISL_164317	0.000166	4.217246999999999	5.280320999999999	-0.24842527691036706	0.00014955036369284578	4.214308660194586	2015-02-01	ne_star	south	2015
2014-09-01	B/MIYAGI/22/2014_EPI_ISL_162079	0.001989	3.2897269999999996	4.2808779999999995	0.04046387111882586	0.002021112104800119	3.2873835031233383	2015-02-01	ne_star	south	2015
2014-09-01	B/Maryland/01/2014_EPI_ISL_157845	3.1e-05	5.252084999999998	6.289615999999997	-0.5373144249395599	2.4760809837435186e-05	5.249190475115131	2015-02-01	ne_star	south	2015
2014-09-01	B/Maryland/07/2014_EPI_ISL_164324	0.011981	3.20415	4.284325999999999	0.04046387111882586	0.012174431436707002	3.2014253807518087	2015-02-01	ne_star	south	2015
2014-09-01	B/Mato_Grosso/35132/2014_EPI_ISL_162359	0.002597	1.76427	2.081336999999999	0.04046387111882586	0.002638928173034645	1.746835158087276	2015-02-01	ne_star	south	2015
2014-09-01	B/Mato_Grosso/35137/2014_EPI_ISL_162360	0.002712	1.76427	2.081336999999999	0.04046387111882586	0.0027557848306776884	1.746835158087276	2015-02-01	ne_star	south	2015
2014-09-01	B/Mato_Grosso/60031/2014_EPI_ISL_164625	0.036697	3.616079	4.3530619999999995	0.04046387111882586	0.03728946752631974	3.6190240597386856	2015-02-01	ne_star	south	2015
2014-09-01	B/Mexico/1238/2014_EPI_ISL_164313	0.001989	1.76427	2.081336999999999	0.04046387111882586	0.002021112104800119	1.746835158087276	2015-02-01	ne_star	south	2015
2014-09-01	B/Mexico/1340/2014_EPI_ISL_164338	0.003963	3.695558	2.891401	-0.24842527691036706	0.0035702897067153485	3.678856840856162	2015-02-01	ne_star	south	2015
2014-09-01	B/Michigan/03/2013_EPI_ISL_155568	2.2e-05	3.763323	4.081328999999999	-0.5373144249395599	1.7572187626566905e-05	3.746005405742835	2015-02-01	ne_star	south	2015
2014-09-01	B/Montana/01/2014_EPI_ISL_163143	0.001309	1.76427	2.081336999999999	0.04046387111882586	0.0013301336074325568	1.746835158087276	2015-02-01	ne_star	south	2015
2014-09-01	B/Montana/01/2014_EPI_ISL_163143__dup2	0.001309	2.674707	3.0760069999999984	0.04046387111882586	0.0013301336074325568	2.6568348115061453	2015-02-01	ne_star	south	2015
2014-09-01	B/Moscow/12/2014_EPI_ISL_165487	0.003085	3.813764	4.421003999999999	0.04046387111882586	0.0031348068593807774	3.811917123758228	2015-02-01	ne_star	south	2015
2014-09-01	B/Moscow/2/2014_EPI_ISL_165489	0.000531	3.813764	4.421003999999999	0.04046387111882586	0.0005395729148561404	3.811917123758228	2015-02-01	ne_star	south	2015
2014-09-01	B/NAGANO-C/3/2014_EPI_ISL_159373	4.3e-05	2.2937129999999986	3.289655999999999	0.04046387111882586	4.36942285100076e-05	2.2914257273329355	2015-02-01	ne_star	south	2015
2014-09-01	B/NIIGATA-C/3/2014_EPI_ISL_159381	8.6e-05	3.2411109999999996	4.162991999999999	0.04046387111882586	8.73884570200152e-05	3.2434108250549913	2015-02-01	ne_star	south	2015
2014-09-01	B/Nevada/02/2014_EPI_ISL_158954	0.000346	1.76427	2.081336999999999	0.04046387111882586	0.00035158611777820064	1.746835158087276	2015-02-01	ne_star	south	2015
2014-09-01	B/Nevada/03/2014_EPI_ISL_158961	0.0009310000000000001	2.762370000000001	3.0813329999999985	0.04046387111882586	0.0009460308544841181	2.7449126120328353	2015-02-01	ne_star	south	2015
2014-09-01	B/Nevada/04/2014_EPI_ISL_159510	0.001508	1.76427	2.081336999999999	0.04046387111882586	0.0015323464323974759	1.746835158087276	2015-02-01	ne_star	south	2015
2014-09-01	B/Nevada/06/2014_EPI_ISL_162362	0.006116	2.7247660000000007	3.0813329999999985	0.04046387111882586	0.006214741896911778	2.7067015011284097	2015-02-01	ne_star	south	2015
2014-09-01	B/Nevada/09/2014_EPI_ISL_164371	0.0164139999999999	1.76427	2.081336999999999	0.04046387111882586	0.016679001552633962	1.746835158087276	2015-02-01	ne_star	south	2015
2014-09-01	B/Nevada/11/2014_EPI_ISL_163531	0.021294	1.76427	2.081336999999999	0.04046387111882586	0.021637788416095392	1.746835158087276	2015-02-01	ne_star	south	2015
2014-09-01	B/Nevada/12/2013_EPI_ISL_154835	1.4999999999999999e-05	2.762370000000001	3.0813329999999985	0.04046387111882586	1.524217273604916e-05	2.7449126120328353	2015-02-01	ne_star	south	2015
2014-09-01	B/Nevada/18/2014_EPI_ISL_164889	0.048477	1.76427	2.081336999999999	0.04046387111882586	0.049259653848363685	1.746835158087276	2015-02-01	ne_star	south	2015
2014-09-01	B/New_Mexico/01/2014_EPI_ISL_163535	0.012379000000000001	2.7056900000000015	3.0813329999999985	0.04046387111882586	0.012578857086636839	2.6873175219875516	2015-02-01	ne_star	south	2015
2014-09-01	B/New_Mexico/02/2014_EPI_ISL_163534	0.012379000000000001	2.7056900000000015	3.0813329999999985	0.04046387111882586	0.012578857086636839	2.6873175219875516	2015-02-01	ne_star	south	2015
2014-09-01	B/New_York/12/2014_EPI_ISL_164891	0.051983	1.76427	2.081336999999999	0.04046387111882586	0.05282225768920291	1.746835158087276	2015-02-01	ne_star	south	2015
2014-09-01	B/New_York/13/2014_EPI_ISL_164892	0.049351	1.76427	2.081336999999999	0.04046387111882586	0.05014776444645081	1.746835158087276	2015-02-01	ne_star	south	2015
2014-09-01	B/New_Zealand/21/2014_EPI_ISL_164863	0.011212999999999999	4.233593999999998	5.289627999999999	0.04046387111882586	0.011394032192621284	4.231193388010144	2015-02-01	ne_star	south	2015
2014-09-01	B/OKAYAMA/8/2014_EPI_ISL_163181	0.000117	3.2731209999999997	4.161923999999999	0.04046387111882586	0.00011888894734118346	3.271561995184759	2015-02-01	ne_star	south	2015
2014-09-01	B/OSAKA-C/1/2014_EPI_ISL_159371	3.8e-05	2.2937129999999986	3.289655999999999	0.04046387111882586	3.861350426465788e-05	2.2914257273329355	2015-02-01	ne_star	south	2015
2014-09-01	B/OSAKA-C/43/2014_EPI_ISL_163996	0.002379	2.2937129999999986	3.289655999999999	0.04046387111882586	0.0024174085959373973	2.2914257273329355	2015-02-01	ne_star	south	2015
2014-09-01	B/OSAKA/5/2014_EPI_ISL_159376	0.000248	3.2411109999999996	4.162991999999999	0.04046387111882586	0.00025200392256934616	3.2434108250549913	2015-02-01	ne_star	south	2015
2014-09-01	B/Ohio/01/2014_EPI_ISL_159507	0.000843	2.7625540000000015	3.0813329999999985	-0.24842527691036706	0.0007594635939341505	2.745298658711781	2015-02-01	ne_star	south	2015
2014-09-01	B/Oklahoma/02/2014_EPI_ISL_159604	0.002177	1.76427	2.081336999999999	0.04046387111882586	0.0022121473364252685	1.746835158087276	2015-02-01	ne_star	south	2015
2014-09-01	B/Oregon/01/2014_EPI_ISL_159600	0.0015810000000000002	1.76427	2.081336999999999	0.04046387111882586	0.001606525006379582	1.746835158087276	2015-02-01	ne_star	south	2015
2014-09-01	B/Quebec/RV1810/2014_EPI_ISL_163528	0.0048460000000000005	1.76427	2.081336999999999	0.04046387111882586	0.00492423793859295	1.746835158087276	2015-02-01	ne_star	south	2015
2014-09-01	B/Rondonia/12920/2014_EPI_ISL_157964	0.000531	1.76427	2.081336999999999	0.04046387111882586	0.0005395729148561404	1.746835158087276	2015-02-01	ne_star	south	2015
2014-09-01	B/SAITAMA/12/2014_EPI_ISL_159388	0.000176	2.2937129999999986	3.289655999999999	0.04046387111882586	0.00017884149343631018	2.2914257273329355	2015-02-01	ne_star	south	2015
2014-09-01	B/SAPPORO/2/2014_EPI_ISL_156817	3.1e-05	3.20415	4.284325999999999	0.04046387111882586	3.150049032116827e-05	3.2014253807518087	2015-02-01	ne_star	south	2015
2014-09-01	B/SHIGA/14/2014_EPI_ISL_159385	0.000148	2.2937129999999986	3.289655999999999	0.04046387111882586	0.0001503894376623517	2.2914257273329355	2015-02-01	ne_star	south	2015
2014-09-01	B/SHIMANE/24/2014_EPI_ISL_163837	0.001508	3.256249	4.289631999999999	0.04046387111882586	0.0015323464323974759	3.2542060204070347	2015-02-01	ne_star	south	2015
2014-09-01	B/SHIZUOKA-C/7/2014_EPI_ISL_159375	0.000117	4.291430999999998	5.280409999999999	-0.24842527691036706	0.0001054059792292949	4.289177074977391	2015-02-01	ne_star	south	2015
2014-09-01	B/Sachsen/1/2014_EPI_ISL_158882	0.000221	5.843401000000005	6.4708039999999984	0.04046387111882586	0.00022456801164445766	5.83787352593667	2015-02-01	ne_star	south	2015
2014-09-01	B/Santiago/84220/2013_EPI_ISL_154841	1e-05	7.144043999999996	7.700680999999998	0.04046387111882586	1.0161448490699441e-05	7.1310441414881085	2015-02-01	ne_star	south	2015
2014-09-01	B/Sao_Paulo/1318/2014_EPI_ISL_157202	4.6e-05	1.76427	2.081336999999999	0.04046387111882586	4.674266305721743e-05	1.746835158087276	2015-02-01	ne_star	south	2015
2014-09-01	B/Sao_Paulo/6-9739/2014_EPI_ISL_164159	0.02984	1.76427	2.081336999999999	0.04046387111882586	0.03032176229624713	1.746835158087276	2015-02-01	ne_star	south	2015
2014-09-01	B/Sao_Paulo/93684/2013_EPI_ISL_154020	1.2e-05	3.689449	4.35319	-0.24842527691036706	1.0810869664543067e-05	3.6935813730519955	2015-02-01	ne_star	south	2015
2014-09-01	B/Shanghai-Xuhui/1172/2014_EPI_ISL_163760	0.0009789999999999	3.8158949999999994	4.232141999999999	-0.24842527691036706	0.0008819867834655486	3.8156388317166487	2015-02-01	ne_star	south	2015
2014-09-01	B/South_Africa/662/2014_EPI_ISL_165493	0.000802	3.2916729999999994	4.289622	0.04046387111882586	0.0008149481689540951	3.289387886935852	2015-02-01	ne_star	south	2015
2014-09-01	B/South_Carolina/01/2014_EPI_ISL_159605	0.001439	2.2937129999999986	3.289655999999999	0.04046387111882586	0.0014622324378116495	2.2914257273329355	2015-02-01	ne_star	south	2015
2014-09-01	B/South_Dakota/01/2014_EPI_ISL_159505	0.0019	1.76427	2.081336999999999	0.04046387111882586	0.0019306752132328938	1.746835158087276	2015-02-01	ne_star	south	2015
2014-09-01	B/TOCHIGI/14215/2014_EPI_ISL_163840	0.00059	2.2937129999999986	3.289655999999999	0.04046387111882586	0.000599525460951267	2.2914257273329355	2015-02-01	ne_star	south	2015
2014-09-01	B/TOYAMA/6/2014_EPI_ISL_159387	0.000157	3.287395	4.289651999999999	0.04046387111882586	0.00015953474130398122	3.285052112697812	2015-02-01	ne_star	south	2015
2014-09-01	B/Taiwan/113/2014_EPI_ISL_163842	0.005242	4.835787999999999	5.457015999999999	0.04046387111882586	0.005326631298824647	4.830111969707269	2015-02-01	ne_star	south	2015
2014-09-01	B/Taiwan/126/2014_EPI_ISL_163843	0.004657	3.284391	4.289651999999999	0.04046387111882586	0.004732186562118729	3.281961354208701	2015-02-01	ne_star	south	2015
2014-09-01	B/Taiwan/132/2014_EPI_ISL_163844	0.0036490000000000003	5.159379999999997	6.228768999999997	-0.24842527691036706	0.0032874052838264716	5.157630863258246	2015-02-01	ne_star	south	2015
2014-09-01	B/Taiwan/190/2014_EPI_ISL_163845	0.017946	6.1756030000000015	7.462907999999997	0.04046387111882586	0.01823573546140922	6.159326874983548	2015-02-01	ne_star	south	2015
2014-09-01	B/Taiwan/63/2014_EPI_ISL_163841	0.002177	3.256249	4.289631999999999	0.04046387111882586	0.0022121473364252685	3.2542060204070347	2015-02-01	ne_star	south	2015
2014-09-01	B/Texas/01/2014_EPI_ISL_157854	0.000198	1.76427	2.081336999999999	0.04046387111882586	0.00020119668011584892	1.746835158087276	2015-02-01	ne_star	south	2015
2014-09-01	B/Texas/03/2014_EPI_ISL_158960	0.000328	2.763606000000001	3.0813329999999985	-0.24842527691036706	0.00029549710416417715	2.746244163878947	2015-02-01	ne_star	south	2015
2014-09-01	B/Texas/04/2014_EPI_ISL_159504	0.002712	2.7588380000000012	3.0813329999999985	-0.24842527691036706	0.002443256544186733	2.741948644998902	2015-02-01	ne_star	south	2015
2014-09-01	B/Texas/07/2014_EPI_ISL_161027	0.003963	1.76427	2.081336999999999	0.04046387111882586	0.004026982036864189	1.746835158087276	2015-02-01	ne_star	south	2015
2014-09-01	B/Texas/08/2014_EPI_ISL_163156	0.003803	1.76427	2.081336999999999	0.04046387111882586	0.0038643988610129972	1.746835158087276	2015-02-01	ne_star	south	2015
2014-09-01	B/Texas/09/2013_EPI_ISL_155571	1.4999999999999999e-05	1.76427	2.081336999999999	0.04046387111882586	1.524217273604916e-05	1.746835158087276	2015-02-01	ne_star	south	2015
2014-09-01	B/Texas/19/2014_EPI_ISL_163530	0.019572	2.703492000000001	2.024814999999999	0.04046387111882586	0.019887986985996944	2.685997420269593	2015-02-01	ne_star	south	2015
2014-09-01	B/Texas/21/2014_EPI_ISL_164328	0.021294	1.76427	2.081336999999999	0.04046387111882586	0.021637788416095392	1.746835158087276	2015-02-01	ne_star	south	2015
2014-09-01	B/Texas/22/2014_EPI_ISL_164329	0.028414	1.76427	2.081336999999999	0.04046387111882586	0.02887273974147339	1.746835158087276	2015-02-01	ne_star	south	2015
2014-09-01	B/Texas/23/2014_EPI_ISL_164897	0.029120999999999998	1.76427	2.081336999999999	0.04046387111882586	0.02959115414976584	1.746835158087276	2015-02-01	ne_star	south	2015
2014-09-01	B/Tokat/143/2014_EPI_ISL_155955	4.6e-05	4.287097999999998	5.28262	0.04046387111882586	4.674266305721743e-05	4.284728945641244	2015-02-01	ne_star	south	2015
2014-09-01	B/Tomsk/1/2014_EPI_ISL_165495	0.009458	2.2937129999999986	3.289655999999999	0.04046387111882586	0.00961069798250353	2.2914257273329355	2015-02-01	ne_star	south	2015
2014-09-01	B/Ulaanbaatar/402/2014_EPI_ISL_155816	9.7e-05	6.115474999999999	7.284157999999999	-0.8262035729687529	6.869081207293894e-05	6.110581620265876	2015-02-01	ne_star	south	2015
2014-09-01	B/Utah/04/2014_EPI_ISL_161026	0.00545	2.2937129999999986	3.289655999999999	0.04046387111882586	0.005537989427431196	2.2914257273329355	2015-02-01	ne_star	south	2015
2014-09-01	B/Vietnam/11702/2014_EPI_ISL_159390	7.6e-05	3.7510870000000005	4.067272999999999	-0.24842527691036706	6.846884120877276e-05	3.7334906115288535	2015-02-01	ne_star	south	2015
2014-09-01	B/WAKAYAMA-C/1/2014_EPI_ISL_159383	9.7e-05	3.2916729999999994	4.289622	0.04046387111882586	9.856605035978458e-05	3.289387886935852	2015-02-01	ne_star	south	2015
2014-09-01	B/WAKAYAMA/14/2014_EPI_ISL_159374	0.00011	3.2934849999999996	4.289651999999999	0.04046387111882586	0.00011177593339769386	3.291202175466143	2015-02-01	ne_star	south	2015
2014-09-01	B/Washington/02/2014_EPI_ISL_159511	0.002379	2.2937129999999986	3.289655999999999	0.04046387111882586	0.0024174085959373973	2.2914257273329355	2015-02-01	ne_star	south	2015
2014-09-01	B/Washington/03/2014_EPI_ISL_163155	0.0010789999999999999	1.76427	2.081336999999999	0.04046387111882586	0.0010964202921464694	1.746835158087276	2015-02-01	ne_star	south	2015
2014-09-01	B/Washington/03/2014_EPI_ISL_163155__dup2	0.0010789999999999999	2.7133340000000006	2.9548289999999984	-0.24842527691036706	0.0009720773640034974	2.7006374960560233	2015-02-01	ne_star	south	2015
2014-09-01	B/Washington/04/2014_EPI_ISL_159607	0.002832	1.76427	2.081336999999999	0.04046387111882586	0.0028777222125660816	1.746835158087276	2015-02-01	ne_star	south	2015
2014-09-01	B/Washington/07/2014_EPI_ISL_163152	0.006845	3.232935	3.2331339999999997	0.04046387111882586	0.006955511491883768	3.2305879895152554	2015-02-01	ne_star	south	2015
2014-09-01	B/Wisconsin/01/2014_EPI_ISL_157852	0.000103	2.2937129999999986	3.289655999999999	0.04046387111882586	0.00010466291945420424	2.2914257273329355	2015-02-01	ne_star	south	2015
2014-09-01	B/YAMAGATA/23/2014_EPI_ISL_159372	0.000124	2.2937129999999986	3.289655999999999	0.04046387111882586	0.00012600196128467308	2.2914257273329355	2015-02-01	ne_star	south	2015
2014-09-01	B/YAMAGUCHI/12/2014_EPI_ISL_159380	0.000407	2.2937129999999986	3.289655999999999	0.04046387111882586	0.0004135709535714673	2.2914257273329355	2015-02-01	ne_star	south	2015
2015-09-01	B/AICHI/5/2015_EPI_ISL_187487	0.00023500000000000002	8.338036999999993	8.242104	0.04602700696888203	0.00023912132469610297	8.32472035626484	2016-02-01	ne_star	south	2016
2015-09-01	B/Alabama/02/2015_EPI_ISL_177162	0.00037	2.005724999999998	1.18188	0.04602700696888203	0.0003764888942023748	1.9730175372955032	2016-02-01	ne_star	south	2016
2015-09-01	B/Alaska/19/2015_EPI_ISL_193232	0.004171	6.221598999999999	5.573207	-0.47092461305010624	0.0034217251392305013	6.203713829508565	2016-02-01	ne_star	south	2016
2015-09-01	B/Alaska/40/2015_EPI_ISL_193616	0.015276	2.005724999999998	1.18188	0.04602700696888203	0.01554390364279859	1.9730175372955032	2016-02-01	ne_star	south	2016
2015-09-01	B/Arizona/06/2015_EPI_ISL_193229	0.005906000000000001	4.851816999999997	4.397022999999998	-0.47092461305010624	0.004845051228073685	4.835750338861236	2016-02-01	ne_star	south	2016
2015-09-01	B/Arkansas/02/2015_EPI_ISL_173757	4e-05	4.263582999999999	3.5901229999999993	0.04602700696888203	4.070150207593242e-05	4.2429261284813204	2016-02-01	ne_star	south	2016
2015-09-01	B/Arkansas/03/2015_EPI_ISL_173758	3.7e-05	4.263582999999999	3.5901229999999993	0.04602700696888203	3.764888942023748e-05	4.2429261284813204	2016-02-01	ne_star	south	2016
2015-09-01	B/Arkansas/07/2015_EPI_ISL_177179	0.00042800000000000005	3.866016999999998	3.397028	0.04602700696888203	0.00043550607221247694	3.8478540403904877	2016-02-01	ne_star	south	2016
2015-09-01	B/Arkansas/08/2015_EPI_ISL_177186	0.000181	2.878367999999999	2.12221	0.04602700696888203	0.0001841742968935942	2.844824904992506	2016-02-01	ne_star	south	2016
2015-09-01	B/Arkansas/12/2015_EPI_ISL_178120	0.0004940000000000001	4.263582999999999	3.5901229999999993	0.04602700696888203	0.0005026635506377654	4.2429261284813204	2016-02-01	ne_star	south	2016
2015-09-01	B/Arkansas/13/2015_EPI_ISL_178148	0.00037	5.262826999999997	4.567450999999998	0.04602700696888203	0.0003764888942023748	5.242173150692913	2016-02-01	ne_star	south	2016
2015-09-01	B/Arkansas/14/2015_EPI_ISL_178149	0.0004940000000000001	4.263582999999999	3.5901229999999993	0.04602700696888203	0.0005026635506377654	4.2429261284813204	2016-02-01	ne_star	south	2016
2015-09-01	B/Arkansas/16/2015_EPI_ISL_182681	0.000303	4.263582999999999	3.5901229999999993	0.04602700696888203	0.00030831387822518805	4.2429261284813204	2016-02-01	ne_star	south	2016
2015-09-01	B/Bankgok/22/2015_EPI_ISL_194554	0.0035229999999999997	9.210679999999996	9.182434000000004	0.04602700696888203	0.003584784795337747	9.196527723961834	2016-02-01	ne_star	south	2016
2015-09-01	B/Brazil/2786/2015_EPI_ISL_193622	0.001019	7.320375999999994	7.217622999999998	-0.47092461305010624	0.000835947714427207	7.317104839052522	2016-02-01	ne_star	south	2016
2015-09-01	B/Brisbane/136/2015_EPI_ISL_194558	0.017443	2.005724999999998	1.18188	0.04602700696888203	0.01774890751776223	1.9730175372955032	2016-02-01	ne_star	south	2016
2015-09-01	B/Brisbane/15/2015_EPI_ISL_194559	0.000653	5.634876999999994	6.207890000000002	0.04602700696888203	0.0006644520213895967	5.621147363833486	2016-02-01	ne_star	south	2016
2015-09-01	B/Brisbane/4/2015_EPI_ISL_192839	8.9e-05	2.878367999999999	2.12221	0.04602700696888203	9.056084211894962e-05	2.844824904992506	2016-02-01	ne_star	south	2016
2015-09-01	B/Brisbane/55/2015_EPI_ISL_194564	0.005063000000000001	2.005724999999998	1.18188	0.04602700696888203	0.005151792625261146	1.9730175372955032	2016-02-01	ne_star	south	2016
2015-09-01	B/Brisbane/69/2015_EPI_ISL_194565	0.007451	2.005724999999998	1.18188	0.04602700696888203	0.007581672299194311	1.9730175372955032	2016-02-01	ne_star	south	2016
2015-09-01	B/Brisbane/73/2015_EPI_ISL_194567	0.008315000000000001	3.758893	3.058016	0.04602700696888203	0.008460824744034453	3.721889269487001	2016-02-01	ne_star	south	2016
2015-09-01	B/California/02/2015_EPI_ISL_178178	0.00011200000000000001	2.3624070000000006	1.6212409999999988	0.04602700696888203	0.00011396420581261078	2.336434550389554	2016-02-01	ne_star	south	2016
2015-09-01	B/California/04/2015_EPI_ISL_177165	0.000172	2.3624070000000006	1.6212409999999988	0.04602700696888203	0.0001750164589265094	2.336434550389554	2016-02-01	ne_star	south	2016
2015-09-01	B/California/05/2015_EPI_ISL_177187	8.4e-05	2.8854709999999986	2.3977279999999994	0.04602700696888203	8.547315435945806e-05	2.864616526262909	2016-02-01	ne_star	south	2016
2015-09-01	B/California/21/2015_EPI_ISL_182666	0.000118	2.005724999999998	1.18188	0.04602700696888203	0.00012006943112400061	1.9730175372955032	2016-02-01	ne_star	south	2016
2015-09-01	B/California/27/2015_EPI_ISL_182667	0.00023500000000000002	2.005724999999998	1.18188	0.04602700696888203	0.00023912132469610297	1.9730175372955032	2016-02-01	ne_star	south	2016
2015-09-01	B/California/42/2015_EPI_ISL_182668	0.00022400000000000002	2.005724999999998	1.18188	0.04602700696888203	0.00022792841162522156	1.9730175372955032	2016-02-01	ne_star	south	2016
2015-09-01	B/California/81/2015_EPI_ISL_193625	0.003286	2.005724999999998	1.18188	0.04602700696888203	0.0033436283955378477	1.9730175372955032	2016-02-01	ne_star	south	2016
2015-09-01	B/California/87/2015_EPI_ISL_193228	0.004454	2.005724999999998	1.18188	0.04602700696888203	0.004532112256155074	1.9730175372955032	2016-02-01	ne_star	south	2016
2015-09-01	B/Canberra/30/2015_EPI_ISL_194571	0.024278	5.634876999999994	6.207890000000002	0.04602700696888203	0.024703776684987182	5.621147363833486	2016-02-01	ne_star	south	2016
2015-09-01	B/Christchurch/503/2015_EPI_ISL_194576	0.017757	2.005724999999998	1.18188	0.04602700696888203	0.018068414309058294	1.9730175372955032	2016-02-01	ne_star	south	2016
2015-09-01	B/Colorado/02/2015_EPI_ISL_177233	0.000125	2.005724999999998	1.18188	0.04602700696888203	0.0001271921939872888	1.9730175372955032	2016-02-01	ne_star	south	2016
2015-09-01	B/Colorado/04/2015_EPI_ISL_177232	0.0004940000000000001	2.005724999999998	1.18188	0.04602700696888203	0.0005026635506377654	1.9730175372955032	2016-02-01	ne_star	south	2016
2015-09-01	B/Colorado/05/2015_EPI_ISL_182683	0.000303	4.263582999999999	3.5901229999999993	0.04602700696888203	0.00030831387822518805	4.2429261284813204	2016-02-01	ne_star	south	2016
2015-09-01	B/Connecticut/50/2015_EPI_ISL_193273	0.0013130000000000001	3.359764999999999	2.6212359999999992	0.04602700696888203	0.0013360268056424817	3.333762496778268	2016-02-01	ne_star	south	2016
2015-09-01	B/Darwin/14/2015_EPI_ISL_194578	0.017757	5.634876999999994	6.207890000000002	0.04602700696888203	0.018068414309058294	5.621147363833486	2016-02-01	ne_star	south	2016
2015-09-01	B/Darwin/17/2015_EPI_ISL_194579	0.020602000000000002	6.507519999999999	7.148219999999997	0.04602700696888203	0.020963308644208995	6.492954731530487	2016-02-01	ne_star	south	2016
2015-09-01	B/Darwin/9/2015_EPI_ISL_194580	0.003062	6.628265999999997	7.207884999999999	-0.47092461305010624	0.0025119449475722354	6.615737083974162	2016-02-01	ne_star	south	2016
2015-09-01	B/Delaware/02/2015_EPI_ISL_182724	0.002038	2.005724999999998	1.18188	0.04602700696888203	0.0020737415307687567	1.9730175372955032	2016-02-01	ne_star	south	2016
2015-09-01	B/Denmark/01/2015_EPI_ISL_191543	0.000543	2.005724999999998	1.18188	0.04602700696888203	0.0005525228906807826	1.9730175372955032	2016-02-01	ne_star	south	2016
2015-09-01	B/Denmark/02/2015_EPI_ISL_191546	0.001019	2.9966549999999987	2.167255000000001	0.04602700696888203	0.0010368707653843783	2.963804752300618	2016-02-01	ne_star	south	2016
2015-09-01	B/Denmark/03/2015_EPI_ISL_191547	0.003173	3.8496289999999997	3.043656	0.04602700696888203	0.003228646652173339	3.814216556796046	2016-02-01	ne_star	south	2016
2015-09-01	B/FUKUI/7/2015_EPI_ISL_194907	0.001019	2.005724999999998	1.18188	0.04602700696888203	0.0010368707653843783	1.9730175372955032	2016-02-01	ne_star	south	2016
2015-09-01	B/FUKUSHIMA/30/2015_EPI_ISL_192533	0.0035229999999999997	4.263582999999999	3.5901229999999993	0.04602700696888203	0.003584784795337747	4.2429261284813204	2016-02-01	ne_star	south	2016
2015-09-01	B/FUKUSHIMA/34/2015_EPI_ISL_194925	0.018072	2.788150999999999	2.1681910000000006	0.04602700696888203	0.018388938637906267	2.751644102579611	2016-02-01	ne_star	south	2016
2015-09-01	B/Finland/507/2015_EPI_ISL_190980	0.001259	5.634876999999994	6.207890000000002	0.04602700696888203	0.0012810797778399728	5.621147363833486	2016-02-01	ne_star	south	2016
2015-09-01	B/Finland/507/2015_EPI_ISL_190980__dup2	0.001259	5.634876999999994	6.207890000000002	0.04602700696888203	0.0012810797778399728	5.621147363833486	2016-02-01	ne_star	south	2016
2015-09-01	B/Finland/530/2015_EPI_ISL_190982	0.0027489999999999997	5.634876999999994	6.207890000000002	0.04602700696888203	0.0027972107301684553	5.621147363833486	2016-02-01	ne_star	south	2016
2015-09-01	B/Finland/530/2015_EPI_ISL_190982__dup2	0.0027489999999999997	5.634876999999994	6.207890000000002	0.04602700696888203	0.0027972107301684553	5.621147363833486	2016-02-01	ne_star	south	2016
2015-09-01	B/Florida/01/2015_EPI_ISL_172210	1.2e-05	2.3624070000000006	1.6212409999999988	0.04602700696888203	1.2210450622779725e-05	2.336434550389554	2016-02-01	ne_star	south	2016
2015-09-01	B/Florida/05/2015_EPI_ISL_178212	0.000131	3.831053999999998	3.397693	0.04602700696888203	0.00013329741929867867	3.8099561193942613	2016-02-01	ne_star	south	2016
2015-09-01	B/Florida/07/2015_EPI_ISL_177195	0.0001629999999999	2.8854709999999986	2.3977279999999994	0.04602700696888203	0.00016585862095932282	2.864616526262909	2016-02-01	ne_star	south	2016
2015-09-01	B/Florida/10/2015_EPI_ISL_177168	0.000408	2.8854709999999986	2.3977279999999994	0.04602700696888203	0.00041515532117451066	2.864616526262909	2016-02-01	ne_star	south	2016
2015-09-01	B/Florida/11/2015_EPI_ISL_177166	0.000388	4.263582999999999	3.5901229999999993	0.04602700696888203	0.00039480457013654443	4.2429261284813204	2016-02-01	ne_star	south	2016
2015-09-01	B/Florida/12/2015_EPI_ISL_179674	0.000335	3.831053999999998	3.397693	0.04602700696888203	0.000340875079885934	3.8099561193942613	2016-02-01	ne_star	south	2016
2015-09-01	B/Florida/13/2015_EPI_ISL_182742	0.001546	2.8854709999999986	2.3977279999999994	0.04602700696888203	0.001573113055234788	2.864616526262909	2016-02-01	ne_star	south	2016
2015-09-01	B/Florida/25/2015_EPI_ISL_188737	0.0009339999999999999	2.3624070000000006	1.6212409999999988	0.04602700696888203	0.0009503800734730218	2.336434550389554	2016-02-01	ne_star	south	2016
2015-09-01	B/Florida/28/2015_EPI_ISL_188742	0.000749	2.005724999999998	1.18188	0.04602700696888203	0.0007621356263718344	1.9730175372955032	2016-02-01	ne_star	south	2016
2015-09-01	B/Florida/39/2015_EPI_ISL_193632	0.0028510000000000002	5.257198999999997	4.5901179999999995	0.04602700696888203	0.002900999560462083	5.236507574125899	2016-02-01	ne_star	south	2016
2015-09-01	B/Florida/50/2015_EPI_ISL_193221	0.007245000000000001	3.831053999999998	3.397693	0.04602700696888203	0.007372059563503259	3.8099561193942613	2016-02-01	ne_star	south	2016
2015-09-01	B/Florida/52/2015_EPI_ISL_193225	0.007451	3.831053999999998	3.397693	0.04602700696888203	0.007581672299194311	3.8099561193942613	2016-02-01	ne_star	south	2016
2015-09-01	B/Florida/55/2015_EPI_ISL_193634	0.010223999999999999	3.831053999999998	3.397693	0.04602700696888203	0.010403303930608326	3.8099561193942613	2016-02-01	ne_star	south	2016
2015-09-01	B/Florida/58/2015_EPI_ISL_193268	0.0161949999999999	2.005724999999998	1.18188	0.04602700696888203	0.016479020652993035	1.9730175372955032	2016-02-01	ne_star	south	2016
2015-09-01	B/Fujian-Hanjiang/31/2015_EPI_ISL_178046	1.7e-05	4.413338999999999	4.246700999999999	0.04602700696888203	1.7298138382271275e-05	4.3987042963874075	2016-02-01	ne_star	south	2016
2015-09-01	B/Ghana/DILI-15-093/2015_EPI_ISL_191885	5.9999999999999995e-05	7.3700799999999935	7.195999999999998	0.04602700696888203	6.105225311389863e-05	7.359557042925223	2016-02-01	ne_star	south	2016
2015-09-01	B/Ghana/DILI-15-174/2015_EPI_ISL_191886	0.00027400000000000005	5.412763999999993	5.246696	0.04602700696888203	0.0002788052892201371	5.398135492895898	2016-02-01	ne_star	south	2016
2015-09-01	B/Guangxi-Changzhou/31/2015_EPI_ISL_178048	1.8e-05	4.479902999999998	4.261137999999999	0.04602700696888203	1.8315675934169588e-05	4.463827807040091	2016-02-01	ne_star	south	2016
2015-09-01	B/HAMAMATU-C/15083/2015_EPI_ISL_177030	0.0001	2.005724999999998	1.18188	0.04602700696888203	0.00010175375518983105	1.9730175372955032	2016-02-01	ne_star	south	2016
2015-09-01	B/HAMAMATU-C/15102/2015_EPI_ISL_194903	0.00023500000000000002	2.005724999999998	1.18188	0.04602700696888203	0.00023912132469610297	1.9730175372955032	2016-02-01	ne_star	south	2016
2015-09-01	B/HYOGO/3223/2015_EPI_ISL_187492	0.000471	2.005724999999998	1.18188	0.04602700696888203	0.0004792601869441042	1.9730175372955032	2016-02-01	ne_star	south	2016
2015-09-01	B/Hawaii/04/2015_EPI_ISL_182665	6.3e-05	2.005724999999998	1.18188	0.04602700696888203	6.410486576959356e-05	1.9730175372955032	2016-02-01	ne_star	south	2016
2015-09-01	B/Hawaii/09/2015_EPI_ISL_194868	0.0039020000000000005	2.967467999999999	2.1817090000000006	0.04602700696888203	0.003970431527507208	2.9350130937414227	2016-02-01	ne_star	south	2016
2015-09-01	B/Hawaii/11/2015_EPI_ISL_193223	0.007245000000000001	2.788150999999999	2.1681910000000006	0.04602700696888203	0.007372059563503259	2.751644102579611	2016-02-01	ne_star	south	2016
2015-09-01	B/Hawaii/12/2015_EPI_ISL_193224	0.009003	2.788150999999999	2.1681910000000006	0.04602700696888203	0.009160890579740488	2.751644102579611	2016-02-01	ne_star	south	2016
2015-09-01	B/Hawaii/13/2015_EPI_ISL_192671	0.012354	2.788150999999999	2.1681910000000006	0.04602700696888203	0.012570658916151728	2.751644102579611	2016-02-01	ne_star	south	2016
2015-09-01	B/Hawaii/15/2015_EPI_ISL_192673	0.012918	2.967467999999999	2.1817090000000006	0.04602700696888203	0.013144550095422374	2.9350130937414227	2016-02-01	ne_star	south	2016
2015-09-01	B/Hawaii/16/2015_EPI_ISL_192674	0.011802	3.660793999999998	3.108521	0.04602700696888203	0.012008978187503858	3.6234514702766143	2016-02-01	ne_star	south	2016
2015-09-01	B/Hawaii/17/2015_EPI_ISL_192675	0.010998	2.788150999999999	2.1681910000000006	0.04602700696888203	0.011190877995777618	2.751644102579611	2016-02-01	ne_star	south	2016
2015-09-01	B/Hawaii/20/2015_EPI_ISL_194869	0.018387999999999998	2.788150999999999	2.1681910000000006	0.04602700696888203	0.01871048050430613	2.751644102579611	2016-02-01	ne_star	south	2016
2015-09-01	B/Hawaii/22/2015_EPI_ISL_194871	0.020916999999999998	2.788150999999999	2.1681910000000006	0.04602700696888203	0.021283832973056957	2.751644102579611	2016-02-01	ne_star	south	2016
2015-09-01	B/Hong_Kong/1183/2015_EPI_ISL_193079	0.009003	2.858698999999999	2.0582810000000005	0.04602700696888203	0.009160890579740488	2.823429341790934	2016-02-01	ne_star	south	2016
2015-09-01	B/Hong_Kong/1198/2015_EPI_ISL_193645	0.00924	7.320375999999994	7.217622999999998	-0.47092461305010624	0.007580134329055342	7.317104839052522	2016-02-01	ne_star	south	2016
2015-09-01	B/Hong_Kong/1337/2015_EPI_ISL_193083	0.012634999999999999	8.523892999999992	9.207651000000006	-0.47092461305010624	0.010365259442382492	8.523213783131196	2016-02-01	ne_star	south	2016
2015-09-01	B/Hong_Kong/1372/2015_EPI_ISL_193649	0.013203999999999999	6.574464999999998	7.207769	0.04602700696888203	0.01343556583526529	6.564674820900737	2016-02-01	ne_star	south	2016
2015-09-01	B/Idaho/02/2015_EPI_ISL_173773	1.4000000000000001e-05	4.263582999999999	3.5901229999999993	0.04602700696888203	1.4245525726576347e-05	4.2429261284813204	2016-02-01	ne_star	south	2016
2015-09-01	B/Idaho/07/2015_EPI_ISL_178129	0.000449	2.005724999999998	1.18188	0.04602700696888203	0.00045687436080234136	1.9730175372955032	2016-02-01	ne_star	south	2016
2015-09-01	B/Idaho/08/2015_EPI_ISL_182677	0.0011099999999999999	2.005724999999998	1.18188	0.04602700696888203	0.0011294666826071244	1.9730175372955032	2016-02-01	ne_star	south	2016
2015-09-01	B/Idaho/17/2015_EPI_ISL_193231	0.00573	2.005724999999998	1.18188	0.04602700696888203	0.005830490172377318	1.9730175372955032	2016-02-01	ne_star	south	2016
2015-09-01	B/Idaho/18/2015_EPI_ISL_193233	0.005906000000000001	2.005724999999998	1.18188	0.04602700696888203	0.0060095767815114215	1.9730175372955032	2016-02-01	ne_star	south	2016
2015-09-01	B/Idaho/19/2015_EPI_ISL_193650	0.010998	2.005724999999998	1.18188	0.04602700696888203	0.011190877995777618	1.9730175372955032	2016-02-01	ne_star	south	2016
2015-09-01	B/Idaho/21/2015_EPI_ISL_193651	0.00877	2.005724999999998	1.18188	0.04602700696888203	0.008923804330148182	1.9730175372955032	2016-02-01	ne_star	south	2016
2015-09-01	B/Idaho/21/2015_EPI_ISL_193651__dup2	0.00877	2.917157999999998	2.1434399999999996	0.04602700696888203	0.008923804330148182	2.883650221665303	2016-02-01	ne_star	south	2016
2015-09-01	B/Idaho/22/2015_EPI_ISL_193653	0.010998	2.005724999999998	1.18188	0.04602700696888203	0.011190877995777618	1.9730175372955032	2016-02-01	ne_star	south	2016
2015-09-01	B/Idaho/24/2015_EPI_ISL_194872	1.1e-05	4.005233	3.1818699999999986	0.04602700696888203	1.1192913070881414e-05	3.9725494700216295	2016-02-01	ne_star	south	2016
2015-09-01	B/Idaho/25/2015_EPI_ISL_193654	0.014078	2.9613449999999983	2.1311519999999997	-0.47092461305010624	0.0115490401606538	2.934797389178075	2016-02-01	ne_star	south	2016
2015-09-01	B/Idaho/25/2015_EPI_ISL_193654__dup2	0.014078	2.005724999999998	1.18188	0.04602700696888203	0.014324893655624414	1.9730175372955032	2016-02-01	ne_star	south	2016
2015-09-01	B/Illinois/03/2015_EPI_ISL_177201	0.00020099999999999998	4.351148999999998	3.614890999999999	-0.47092461305010624	0.00016489253248269735	4.327193039595178	2016-02-01	ne_star	south	2016
2015-09-01	B/Illinois/07/2015_EPI_ISL_188739	0.001158	2.005724999999998	1.18188	0.04602700696888203	0.0011783084850982433	1.9730175372955032	2016-02-01	ne_star	south	2016
2015-09-01	B/Illinois/13/2015_EPI_ISL_188740	0.000471	3.866016999999998	3.397028	0.04602700696888203	0.0004792601869441042	3.8478540403904877	2016-02-01	ne_star	south	2016
2015-09-01	B/Indiana/01/2015_EPI_ISL_178204	7.099999999999999e-05	6.136045999999999	5.530448	0.04602700696888203	7.224516618478002e-05	6.114566620019807	2016-02-01	ne_star	south	2016
2015-09-01	B/Indiana/06/2015_EPI_ISL_182738	0.00161	6.574464999999998	7.207769	0.04602700696888203	0.0016382354585562798	6.564674820900737	2016-02-01	ne_star	south	2016
2015-09-01	B/Indiana/22/2015_EPI_ISL_180330	0.0027489999999999997	6.574464999999998	7.207769	0.04602700696888203	0.0027972107301684553	6.564674820900737	2016-02-01	ne_star	south	2016
2015-09-01	B/Indiana/27/2015_EPI_ISL_193246	0.004454	2.3624070000000006	1.6212409999999988	0.04602700696888203	0.004532112256155074	2.336434550389554	2016-02-01	ne_star	south	2016
2015-09-01	B/Iowa/03/2015_EPI_ISL_177211	0.000248	2.005724999999998	1.18188	0.04602700696888203	0.000252349312870781	1.9730175372955032	2016-02-01	ne_star	south	2016
2015-09-01	B/Jiangxi-Yushui/133/2015_EPI_ISL_178056	2.4e-05	4.413338999999999	4.246700999999999	0.04602700696888203	2.442090124555945e-05	4.3987042963874075	2016-02-01	ne_star	south	2016
2015-09-01	B/KANAGAWA/10/2015_EPI_ISL_190389	0.001961	5.660565999999995	4.947915000000001	0.04602700696888203	0.0019953911392725865	5.629040746292298	2016-02-01	ne_star	south	2016
2015-09-01	B/KANAGAWA/12/2015_EPI_ISL_190390	0.002118	4.703552999999999	3.998605999999999	0.04602700696888203	0.0021551445349206216	4.667943790742029	2016-02-01	ne_star	south	2016
2015-09-01	B/KANAGAWA/14/2015_EPI_ISL_190883	0.0022	3.83091	3.0582759999999998	0.04602700696888203	0.002238582614176283	3.7961364230450294	2016-02-01	ne_star	south	2016
2015-09-01	B/KANAGAWA/14/2015_EPI_ISL_190883__dup2	0.0022	4.703552999999999	3.998605999999999	0.04602700696888203	0.002238582614176283	4.667943790742029	2016-02-01	ne_star	south	2016
2015-09-01	B/KANAGAWA/18/2015_EPI_ISL_194909	0.002955	3.83091	3.0582759999999998	0.04602700696888203	0.0030068234658595073	3.7961364230450294	2016-02-01	ne_star	south	2016
2015-09-01	B/KANAGAWA/7/2015_EPI_ISL_190388	0.001208	2.9627379999999994	2.131189	0.04602700696888203	0.0012291853626931592	2.9341144928457736	2016-02-01	ne_star	south	2016
2015-09-01	B/KAWASAKI/18/2015_EPI_ISL_194911	0.0035229999999999997	3.9393989999999994	3.0905589999999994	-0.47092461305010624	0.0028901313031668794	3.911790897646486	2016-02-01	ne_star	south	2016
2015-09-01	B/Kansas/03/2015_EPI_ISL_177190	0.000335	2.005724999999998	1.18188	0.04602700696888203	0.000340875079885934	1.9730175372955032	2016-02-01	ne_star	south	2016
2015-09-01	B/Kansas/04/2015_EPI_ISL_177182	0.000335	4.263582999999999	3.5901229999999993	0.04602700696888203	0.000340875079885934	4.2429261284813204	2016-02-01	ne_star	south	2016
2015-09-01	B/Krasnoyarsk/1/2015_EPI_ISL_191890	0.0001629999999999	6.365507999999994	6.221450000000004	0.04602700696888203	0.00016585862095932282	6.358780651395553	2016-02-01	ne_star	south	2016
2015-09-01	B/Louisiana/01/2015_EPI_ISL_177215	0.000131	3.866016999999998	3.397028	0.04602700696888203	0.00013329741929867867	3.8478540403904877	2016-02-01	ne_star	south	2016
2015-09-01	B/Louisiana/03/2015_EPI_ISL_178203	0.000248	4.263582999999999	3.5901229999999993	0.04602700696888203	0.000252349312870781	4.2429261284813204	2016-02-01	ne_star	south	2016
2015-09-01	B/Louisiana/12/2015_EPI_ISL_182669	0.0004940000000000001	3.0047209999999986	2.1818750000000002	0.04602700696888203	0.0005026635506377654	2.9720122101942295	2016-02-01	ne_star	south	2016
2015-09-01	B/Louisiana/13/2015_EPI_ISL_182670	0.000471	4.580358999999998	4.379276999999998	0.04602700696888203	0.0004792601869441042	4.563392744115535	2016-02-01	ne_star	south	2016
2015-09-01	B/Louisiana/16/2015_EPI_ISL_180333	0.001743	5.859013	5.366934999999998	-0.47092461305010624	0.0014298889757081666	5.842134484487654	2016-02-01	ne_star	south	2016
2015-09-01	B/MIE/3/2015_EPI_ISL_190375	0.0001629999999999	2.005724999999998	1.18188	0.04602700696888203	0.00016585862095932282	1.9730175372955032	2016-02-01	ne_star	south	2016
2015-09-01	B/MIE/3/2015_EPI_ISL_190375__dup2	0.0001629999999999	2.005724999999998	1.18188	0.04602700696888203	0.00016585862095932282	1.9730175372955032	2016-02-01	ne_star	south	2016
2015-09-01	B/Maryland/04/2015_EPI_ISL_182684	6.3e-05	4.263582999999999	3.5901229999999993	0.04602700696888203	6.410486576959356e-05	4.2429261284813204	2016-02-01	ne_star	south	2016
2015-09-01	B/Massachusetts/01/2015_EPI_ISL_177227	0.00037	4.263582999999999	3.5901229999999993	0.04602700696888203	0.0003764888942023748	4.2429261284813204	2016-02-01	ne_star	south	2016
2015-09-01	B/Massachusetts/02/2015_EPI_ISL_178190	0.000352	4.263582999999999	3.5901229999999993	0.04602700696888203	0.00035817321826820526	4.2429261284813204	2016-02-01	ne_star	south	2016
2015-09-01	B/Massachusetts/09/2015_EPI_ISL_180336	0.0013130000000000001	2.005724999999998	1.18188	0.04602700696888203	0.0013360268056424817	1.9730175372955032	2016-02-01	ne_star	south	2016
2015-09-01	B/Minnesota/08/2015_EPI_ISL_182700	0.00022400000000000002	3.0052609999999986	2.1818750000000002	0.04602700696888203	0.00022792841162522156	2.9725616804722548	2016-02-01	ne_star	south	2016
2015-09-01	B/Minnesota/10/2015_EPI_ISL_180338	0.001368	2.3624070000000006	1.6212409999999988	0.04602700696888203	0.0013919913709968888	2.336434550389554	2016-02-01	ne_star	south	2016
2015-09-01	B/Minnesota/18/2015_EPI_ISL_193222	0.0070420000000000005	2.3624070000000006	1.6212409999999988	0.04602700696888203	0.007165499440467902	2.336434550389554	2016-02-01	ne_star	south	2016
2015-09-01	B/Minnesota/20/2015_EPI_ISL_193226	0.007451	2.3624070000000006	1.6212409999999988	0.04602700696888203	0.007581672299194311	2.336434550389554	2016-02-01	ne_star	south	2016
2015-09-01	B/Missouri/01/2015_EPI_ISL_192091	0.000155	5.257198999999997	4.5901179999999995	0.04602700696888203	0.0001577183205442381	5.236507574125899	2016-02-01	ne_star	south	2016
2015-09-01	B/Missouri/01/2015_EPI_ISL_192091__dup2	0.000155	6.168631999999997	5.551677999999999	-0.47092461305010624	0.00012715593300904524	6.147140258495698	2016-02-01	ne_star	south	2016
2015-09-01	B/Missouri/05/2015_EPI_ISL_182686	0.000408	2.005724999999998	1.18188	0.04602700696888203	0.00041515532117451066	1.9730175372955032	2016-02-01	ne_star	south	2016
2015-09-01	B/Missouri/11/2015_EPI_ISL_193289	0.0039020000000000005	2.005724999999998	1.18188	0.04602700696888203	0.003970431527507208	1.9730175372955032	2016-02-01	ne_star	south	2016
2015-09-01	B/Moldova/049.05/2015_EPI_ISL_191896	5.600000000000001e-05	2.8854709999999986	2.3977279999999994	0.04602700696888203	5.6982102906305396e-05	2.864616526262909	2016-02-01	ne_star	south	2016
2015-09-01	B/Montana/10/2015_EPI_ISL_182735	0.000543	2.3624070000000006	1.6212409999999988	0.04602700696888203	0.0005525228906807826	2.336434550389554	2016-02-01	ne_star	south	2016
2015-09-01	B/Moscow/113/2015_EPI_ISL_191906	0.001743	2.8854709999999986	2.3977279999999994	0.04602700696888203	0.001773567952958755	2.864616526262909	2016-02-01	ne_star	south	2016
2015-09-01	B/NAGASAKI/68/2015_EPI_ISL_194924	0.008315000000000001	2.005724999999998	1.18188	0.04602700696888203	0.008460824744034453	1.9730175372955032	2016-02-01	ne_star	south	2016
2015-09-01	B/NIIGATA/481/2015_EPI_ISL_187495	0.0008560000000000001	2.005724999999998	1.18188	0.04602700696888203	0.0008710121444249539	1.9730175372955032	2016-02-01	ne_star	south	2016
2015-09-01	B/NIIGATA/509/2015_EPI_ISL_187496	0.001208	2.005724999999998	1.18188	0.04602700696888203	0.0012291853626931592	1.9730175372955032	2016-02-01	ne_star	south	2016
2015-09-01	B/Nebraska/04/2015_EPI_ISL_173800	2.3e-05	5.257198999999997	4.5901179999999995	0.04602700696888203	2.3403363693661138e-05	5.236507574125899	2016-02-01	ne_star	south	2016
2015-09-01	B/Nebraska/09/2015_EPI_ISL_182697	0.000471	3.8845129999999974	3.397723	0.04602700696888203	0.0004792601869441042	3.863658005889022	2016-02-01	ne_star	south	2016
2015-09-01	B/Nevada/01/2015_EPI_ISL_178176	0.00020099999999999998	2.005724999999998	1.18188	0.04602700696888203	0.00020452504793156038	1.9730175372955032	2016-02-01	ne_star	south	2016
2015-09-01	B/Nevada/13/2015_EPI_ISL_194881	0.003646	2.005724999999998	1.18188	0.04602700696888203	0.00370994191422124	1.9730175372955032	2016-02-01	ne_star	south	2016
2015-09-01	B/Nevada/15/2015_EPI_ISL_193236	0.004751	2.005724999999998	1.18188	0.04602700696888203	0.004834320909068873	1.9730175372955032	2016-02-01	ne_star	south	2016
2015-09-01	B/Nevada/16/2015_EPI_ISL_189826	0.004905	2.9844649999999984	2.1818750000000002	-0.47092461305010624	0.004023870009092689	2.9533352729089146	2016-02-01	ne_star	south	2016
2015-09-01	B/Nevada/17/2015_EPI_ISL_193237	0.006086	2.005724999999998	1.18188	0.04602700696888203	0.006192733540853117	1.9730175372955032	2016-02-01	ne_star	south	2016
2015-09-01	B/Nevada/18/2015_EPI_ISL_193234	0.006648	2.005724999999998	1.18188	0.04602700696888203	0.006764589645019968	1.9730175372955032	2016-02-01	ne_star	south	2016
2015-09-01	B/Nevada/19/2015_EPI_ISL_193230	0.0070420000000000005	2.005724999999998	1.18188	0.04602700696888203	0.007165499440467902	1.9730175372955032	2016-02-01	ne_star	south	2016
2015-09-01	B/Nevada/22/2015_EPI_ISL_193227	0.00877	2.005724999999998	1.18188	0.04602700696888203	0.008923804330148182	1.9730175372955032	2016-02-01	ne_star	south	2016
2015-09-01	B/Nevada/23/2015_EPI_ISL_193659	0.011802	2.005724999999998	1.18188	0.04602700696888203	0.012008978187503858	1.9730175372955032	2016-02-01	ne_star	south	2016
2015-09-01	B/Nevada/27/2015_EPI_ISL_193660	0.015276	2.005724999999998	1.18188	0.04602700696888203	0.01554390364279859	1.9730175372955032	2016-02-01	ne_star	south	2016
2015-09-01	B/New_Caledonia/21/2015_EPI_ISL_194583	0.000684	5.361786999999993	5.246644	0.04602700696888203	0.0006959956854984444	5.346264481112778	2016-02-01	ne_star	south	2016
2015-09-01	B/New_Caledonia/27/2015_EPI_ISL_194585	0.003062	7.191442999999996	7.136282999999996	0.04602700696888203	0.0031156999839126267	7.179168804360051	2016-02-01	ne_star	south	2016
2015-09-01	B/New_Caledonia/27/2015_EPI_ISL_194585__dup2	0.003062	5.361786999999993	5.246644	0.04602700696888203	0.0031156999839126267	5.346264481112778	2016-02-01	ne_star	south	2016
2015-09-01	B/New_Hampshire/01/2015_EPI_ISL_173801	5.3e-05	3.831053999999998	3.397693	0.04602700696888203	5.392949025061045e-05	3.8099561193942613	2016-02-01	ne_star	south	2016
2015-09-01	B/New_Jersey/03/2015_EPI_ISL_182731	0.001743	4.263582999999999	3.5901229999999993	0.04602700696888203	0.001773567952958755	4.2429261284813204	2016-02-01	ne_star	south	2016
2015-09-01	B/New_Jersey/07/2015_EPI_ISL_182685	0.000319	2.3624070000000006	1.6212409999999988	0.04602700696888203	0.000324594479055561	2.336434550389554	2016-02-01	ne_star	south	2016
2015-09-01	B/New_Mexico/01/2015_EPI_ISL_173804	1.6e-05	2.8854709999999986	2.3977279999999994	0.04602700696888203	1.6280600830372966e-05	2.864616526262909	2016-02-01	ne_star	south	2016
2015-09-01	B/New_Mexico/02/2015_EPI_ISL_178173	7.5e-05	5.263416999999998	4.5901179999999995	0.04602700696888203	7.631531639237328e-05	5.242773497848533	2016-02-01	ne_star	south	2016
2015-09-01	B/New_Mexico/03/2015_EPI_ISL_178124	0.000471	2.3624070000000006	1.6212409999999988	0.04602700696888203	0.0004792601869441042	2.336434550389554	2016-02-01	ne_star	south	2016
2015-09-01	B/New_Mexico/04/2015_EPI_ISL_178126	0.000518	2.3624070000000006	1.6212409999999988	0.04602700696888203	0.0005270844518833247	2.336434550389554	2016-02-01	ne_star	south	2016
2015-09-01	B/New_Mexico/14/2015_EPI_ISL_180342	0.00161	2.3624070000000006	1.6212409999999988	0.04602700696888203	0.0016382354585562798	2.336434550389554	2016-02-01	ne_star	south	2016
2015-09-01	B/New_Mexico/19/2015_EPI_ISL_193662	0.002651	2.3624070000000006	1.6212409999999988	0.04602700696888203	0.002697492050082421	2.336434550389554	2016-02-01	ne_star	south	2016
2015-09-01	B/New_York/01/2015_EPI_ISL_173805	3.3e-05	4.263582999999999	3.5901229999999993	0.04602700696888203	3.3578739212644244e-05	4.2429261284813204	2016-02-01	ne_star	south	2016
2015-09-01	B/Newcastle/1005/2015_EPI_ISL_194588	0.018387999999999998	5.634876999999994	6.207890000000002	0.04602700696888203	0.01871048050430613	5.621147363833486	2016-02-01	ne_star	south	2016
2015-09-01	B/Newcastle/7/2015_EPI_ISL_194590	0.009724	3.758893	3.058016	0.04602700696888203	0.00989453515465917	3.721889269487001	2016-02-01	ne_star	south	2016
2015-09-01	B/North_Carolina/01/2015_EPI_ISL_173806	7.5e-05	2.3624070000000006	1.6212409999999988	0.04602700696888203	7.631531639237328e-05	2.336434550389554	2016-02-01	ne_star	south	2016
2015-09-01	B/North_Dakota/02/2015_EPI_ISL_173809	2.4e-05	5.136225999999996	4.530452999999998	0.04602700696888203	2.442090124555945e-05	5.114733496178321	2016-02-01	ne_star	south	2016
2015-09-01	B/North_Dakota/05/2015_EPI_ISL_178182	1.3000000000000001e-05	3.3194200000000005	2.5705500000000003	0.04602700696888203	1.3227988174678036e-05	3.2975315059398205	2016-02-01	ne_star	south	2016
2015-09-01	B/North_Dakota/06/2015_EPI_ISL_177171	0.00027400000000000005	2.005724999999998	1.18188	0.04602700696888203	0.0002788052892201371	1.9730175372955032	2016-02-01	ne_star	south	2016
2015-09-01	B/North_Dakota/07/2015_EPI_ISL_182741	0.00161	2.005724999999998	1.18188	0.04602700696888203	0.0016382354585562798	1.9730175372955032	2016-02-01	ne_star	south	2016
2015-09-01	B/North_Dakota/08/2015_EPI_ISL_182740	0.001426	2.005724999999998	1.18188	0.04602700696888203	0.0014510085490069906	1.9730175372955032	2016-02-01	ne_star	south	2016
2015-09-01	B/North_Dakota/30/2015_EPI_ISL_193663	0.0028510000000000002	2.005724999999998	1.18188	0.04602700696888203	0.002900999560462083	1.9730175372955032	2016-02-01	ne_star	south	2016
2015-09-01	B/North_Dakota/31/2015_EPI_ISL_194885	0.002955	2.878367999999999	2.12221	0.04602700696888203	0.0030068234658595073	2.844824904992506	2016-02-01	ne_star	south	2016
2015-09-01	B/Norway/1570/2015_EPI_ISL_192948	0.000408	5.4032749999999945	5.246696	0.04602700696888203	0.00041515532117451066	5.389917891516945	2016-02-01	ne_star	south	2016
2015-09-01	B/Norway/1570/2015_EPI_ISL_192948__dup2	0.000408	5.4032749999999945	5.246696	0.04602700696888203	0.00041515532117451066	5.389917891516945	2016-02-01	ne_star	south	2016
2015-09-01	B/Norway/1571/2015_EPI_ISL_192990	0.0004940000000000001	5.4032749999999945	5.246696	0.04602700696888203	0.0005026635506377654	5.389917891516945	2016-02-01	ne_star	south	2016
2015-09-01	B/Norway/2102/2015_EPI_ISL_192962	0.0027489999999999997	4.413338999999999	4.246700999999999	0.04602700696888203	0.0027972107301684553	4.3987042963874075	2016-02-01	ne_star	south	2016
2015-09-01	B/Norway/2179/2015_EPI_ISL_190988	0.0039020000000000005	2.005724999999998	1.18188	0.04602700696888203	0.003970431527507208	1.9730175372955032	2016-02-01	ne_star	south	2016
2015-09-01	B/Norway/2354/2015_EPI_ISL_192996	0.004601	2.005724999999998	1.18188	0.04602700696888203	0.004681690276284126	1.9730175372955032	2016-02-01	ne_star	south	2016
2015-09-01	B/OSAKA/11/2015_EPI_ISL_187491	0.000471	11.163672999999996	11.131737999999997	-0.47092461305010624	0.00038638996417587293	11.154339954636184	2016-02-01	ne_star	south	2016
2015-09-01	B/OSAKA/9/2015_EPI_ISL_187490	0.000408	9.210679999999996	9.182434000000004	0.04602700696888203	0.00041515532117451066	9.196527723961834	2016-02-01	ne_star	south	2016
2015-09-01	B/Oklahoma/02/2015_EPI_ISL_178167	7.5e-05	2.005724999999998	1.18188	0.04602700696888203	7.631531639237328e-05	1.9730175372955032	2016-02-01	ne_star	south	2016
2015-09-01	B/Oklahoma/05/2015_EPI_ISL_182671	0.0008939999999999	6.259974999999999	5.5901130000000006	-0.9878762330690946	0.0005912850990495	6.240560988085121	2016-02-01	ne_star	south	2016
2015-09-01	B/Paris/415/2015_EPI_ISL_175269	5e-05	5.4032749999999945	5.246696	0.04602700696888203	5.0876877594915526e-05	5.389917891516945	2016-02-01	ne_star	south	2016
2015-09-01	B/Pennsylvania/02/2015_EPI_ISL_178169	4.7e-05	3.885192999999998	3.397723	0.04602700696888203	4.782426493922059e-05	3.8643499314243135	2016-02-01	ne_star	south	2016
2015-09-01	B/Pennsylvania/03/2015_EPI_ISL_178172	8.4e-05	4.885008999999997	4.3977179999999985	0.04602700696888203	8.547315435945806e-05	4.8641789851155925	2016-02-01	ne_star	south	2016
2015-09-01	B/Perth/24/2015_EPI_ISL_194593	0.009003	5.634876999999994	6.207890000000002	0.04602700696888203	0.009160890579740488	5.621147363833486	2016-02-01	ne_star	south	2016
2015-09-01	B/Perth/25/2015_EPI_ISL_194594	0.009003	6.616854999999998	7.207862999999999	0.04602700696888203	0.009160890579740488	6.602825582674001	2016-02-01	ne_star	south	2016
2015-09-01	B/Rhode_Island/01/2015_EPI_ISL_178139	0.000118	3.362154999999999	2.6212359999999992	-0.47092461305010624	9.680258125849895e-05	3.336240945227036	2016-02-01	ne_star	south	2016
2015-09-01	B/Rhode_Island/03/2015_EPI_ISL_182699	0.0005690000000000001	3.866016999999998	3.397028	0.04602700696888203	0.0005789788670301387	3.8478540403904877	2016-02-01	ne_star	south	2016
2015-09-01	B/Rhode_Island/07/2015_EPI_ISL_180348	0.002285	3.357820999999999	2.6212359999999992	-0.47092461305010624	0.0018745245608107637	3.3326855012679313	2016-02-01	ne_star	south	2016
2015-09-01	B/Rhode_Island/08/2015_EPI_ISL_194887	0.002955	2.3624070000000006	1.6212409999999988	0.04602700696888203	0.0030068234658595073	2.336434550389554	2016-02-01	ne_star	south	2016
2015-09-01	B/Ryazan/01/2015_EPI_ISL_192688	0.00027400000000000005	2.8854709999999986	2.3977279999999994	0.04602700696888203	0.0002788052892201371	2.864616526262909	2016-02-01	ne_star	south	2016
2015-09-01	B/Ryazan/2/2015_EPI_ISL_191914	0.00027400000000000005	2.8854709999999986	2.3977279999999994	0.04602700696888203	0.0002788052892201371	2.864616526262909	2016-02-01	ne_star	south	2016
2015-09-01	B/SAITAMA-C/2/2015_EPI_ISL_187488	8e-05	2.005724999999998	1.18188	0.04602700696888203	8.140300415186484e-05	1.9730175372955032	2016-02-01	ne_star	south	2016
2015-09-01	B/SAITAMA/4/2015_EPI_ISL_177027	8.4e-05	2.005724999999998	1.18188	0.04602700696888203	8.547315435945806e-05	1.9730175372955032	2016-02-01	ne_star	south	2016
2015-09-01	B/SAKAI/2/2015_EPI_ISL_187489	0.000543	2.005724999999998	1.18188	0.04602700696888203	0.0005525228906807826	1.9730175372955032	2016-02-01	ne_star	south	2016
2015-09-01	B/SAKAI/3/2015_EPI_ISL_190380	0.002955	7.0709809999999935	6.473451000000004	-0.47092461305010624	0.0024241663357530883	7.056386531460926	2016-02-01	ne_star	south	2016
2015-09-01	B/SAKAI/3/2015_EPI_ISL_190380__dup2	0.002955	7.0709809999999935	6.473451000000004	0.04602700696888203	0.0030068234658595073	7.056386531460926	2016-02-01	ne_star	south	2016
2015-09-01	B/Santiago/34852/2015_EPI_ISL_193666	0.007662	2.917157999999998	2.1434399999999996	0.04602700696888203	0.007796372722644855	2.883650221665303	2016-02-01	ne_star	south	2016
2015-09-01	B/Sao_Paulo/2513/2015_EPI_ISL_172309	3.1e-05	3.9668249999999974	3.484651	0.04602700696888203	3.1543664108847626e-05	3.944369148708982	2016-02-01	ne_star	south	2016
2015-09-01	B/South_Africa/R1588/2015_EPI_ISL_193100	0.002555	2.005724999999998	1.18188	0.04602700696888203	0.002599808445100183	1.9730175372955032	2016-02-01	ne_star	south	2016
2015-09-01	B/South_Australia/1015/2015_EPI_ISL_194597	0.019021	2.005724999999998	1.18188	0.04602700696888203	0.019354581774657764	1.9730175372955032	2016-02-01	ne_star	south	2016
2015-09-01	B/South_Australia/3/2015_EPI_ISL_192846	0.000131	5.634876999999994	6.207890000000002	0.04602700696888203	0.00013329741929867867	5.621147363833486	2016-02-01	ne_star	south	2016
2015-09-01	B/South_Australia/48/2015_EPI_ISL_194629	0.00948	6.3235159999999935	6.246587000000003	0.04602700696888203	0.009646255991995983	6.307338582064912	2016-02-01	ne_star	south	2016
2015-09-01	B/South_Australia/48/2015_EPI_ISL_194629__dup2	0.00948	6.347601999999994	6.253786000000003	0.04602700696888203	0.009646255991995983	6.329824155838491	2016-02-01	ne_star	south	2016
2015-09-01	B/South_Australia/49/2015_EPI_ISL_194602	0.010737	2.005724999999998	1.18188	0.04602700696888203	0.010925300694732158	1.9730175372955032	2016-02-01	ne_star	south	2016
2015-09-01	B/Sydney/11/2015_EPI_ISL_194606	0.009973000000000001	2.9857629999999986	2.1136320000000004	-0.47092461305010624	0.008181458838059407	2.9566546196193864	2016-02-01	ne_star	south	2016
2015-09-01	B/Sydney/503/2015_EPI_ISL_194608	0.000335	9.243426999999988	8.562369999999998	0.04602700696888203	0.000340875079885934	9.224142892568889	2016-02-01	ne_star	south	2016
2015-09-01	B/TOKYO/50143/2015_EPI_ISL_194915	0.003646	2.995660999999999	2.1818750000000002	-0.47092461305010624	0.002991035688715993	2.9642311324250414	2016-02-01	ne_star	south	2016
2015-09-01	B/TOKYO/50175/2015_EPI_ISL_194910	0.005063000000000001	2.005724999999998	1.18188	0.04602700696888203	0.005151792625261146	1.9730175372955032	2016-02-01	ne_star	south	2016
2015-09-01	B/TOYAMA/8/2015_EPI_ISL_187497	7.099999999999999e-05	2.005724999999998	1.18188	0.04602700696888203	7.224516618478002e-05	1.9730175372955032	2016-02-01	ne_star	south	2016
2015-09-01	B/Taiwan/113/2015_EPI_ISL_194913	0.002372	5.402672999999994	5.246696	0.04602700696888203	0.0024135990731027923	5.38903204701313	2016-02-01	ne_star	south	2016
2015-09-01	B/Taiwan/197/2015_EPI_ISL_194914	0.007662	9.322696999999993	9.242099000000003	0.04602700696888203	0.007796372722644855	9.309127610819544	2016-02-01	ne_star	south	2016
2015-09-01	B/Tasmania/2/2015_EPI_ISL_194610	0.013784000000000001	3.758893	3.058016	0.04602700696888203	0.014025737615366312	3.721889269487001	2016-02-01	ne_star	south	2016
2015-09-01	B/Tasmania/5/2015_EPI_ISL_194612	0.018072	3.758893	3.058016	0.04602700696888203	0.018388938637906267	3.721889269487001	2016-02-01	ne_star	south	2016
2015-09-01	B/Texas/02/2015_EPI_ISL_173825	5e-05	2.3624070000000006	1.6212409999999988	0.04602700696888203	5.0876877594915526e-05	2.336434550389554	2016-02-01	ne_star	south	2016
2015-09-01	B/Texas/03/2015_EPI_ISL_173826	5.600000000000001e-05	4.263582999999999	3.5901229999999993	0.04602700696888203	5.6982102906305396e-05	4.2429261284813204	2016-02-01	ne_star	south	2016
2015-09-01	B/Texas/10/2015_EPI_ISL_177188	0.000335	2.3624070000000006	1.6212409999999988	0.04602700696888203	0.000340875079885934	2.336434550389554	2016-02-01	ne_star	south	2016
2015-09-01	B/Texas/11/2015_EPI_ISL_177173	0.000261	2.3624070000000006	1.6212409999999988	0.04602700696888203	0.00026557730104545904	2.336434550389554	2016-02-01	ne_star	south	2016
2015-09-01	B/Texas/11/2015_EPI_ISL_177173__dup2	0.000261	2.3624070000000006	1.6212409999999988	0.04602700696888203	0.00026557730104545904	2.336434550389554	2016-02-01	ne_star	south	2016
2015-09-01	B/Texas/13/2015_EPI_ISL_177164	0.00037	3.0049689999999987	2.1818750000000002	-0.47092461305010624	0.00030353351750546284	2.972410470260494	2016-02-01	ne_star	south	2016
2015-09-01	B/Texas/14/2015_EPI_ISL_177189	0.000181	5.2632049999999975	4.5901179999999995	0.04602700696888203	0.0001841742968935942	5.24255777988753	2016-02-01	ne_star	south	2016
2015-09-01	B/Texas/15/2015_EPI_ISL_178141	0.000352	2.3624070000000006	1.6212409999999988	0.04602700696888203	0.00035817321826820526	2.336434550389554	2016-02-01	ne_star	south	2016
2015-09-01	B/Texas/19/2015_EPI_ISL_178195	0.000335	6.243250999999999	5.5900870000000005	0.04602700696888203	0.000340875079885934	6.222270116177784	2016-02-01	ne_star	south	2016
2015-09-01	B/Texas/20/2015_EPI_ISL_178194	0.000684	2.3624070000000006	1.6212409999999988	0.04602700696888203	0.0006959956854984444	2.336434550389554	2016-02-01	ne_star	south	2016
2015-09-01	B/Texas/22/2015_EPI_ISL_178192	0.000352	4.263582999999999	3.5901229999999993	0.04602700696888203	0.00035817321826820526	4.2429261284813204	2016-02-01	ne_star	south	2016
2015-09-01	B/Texas/27/2015_EPI_ISL_182673	0.000624	2.3624070000000006	1.6212409999999988	0.04602700696888203	0.0006349434323845457	2.336434550389554	2016-02-01	ne_star	south	2016
2015-09-01	B/Texas/28/2015_EPI_ISL_182730	0.002118	3.3581549999999996	2.598493999999999	0.04602700696888203	0.0021551445349206216	3.3321242613197115	2016-02-01	ne_star	south	2016
2015-09-01	B/Texas/94/2015_EPI_ISL_193667	0.014974000000000001	2.3624070000000006	1.6212409999999988	0.04602700696888203	0.015236607302125301	2.336434550389554	2016-02-01	ne_star	south	2016
2015-09-01	B/Townsville/3/2015_EPI_ISL_194613	0.001259	5.634876999999994	6.207890000000002	0.04602700696888203	0.0012810797778399728	5.621147363833486	2016-02-01	ne_star	south	2016
2015-09-01	B/Utah/06/2015_EPI_ISL_178164	0.000653	2.005724999999998	1.18188	0.04602700696888203	0.0006644520213895967	1.9730175372955032	2016-02-01	ne_star	south	2016
2015-09-01	B/Utah/11/2015_EPI_ISL_178158	7.099999999999999e-05	3.885312999999998	3.397723	-0.47092461305010624	5.824562092672394e-05	3.864500035021057	2016-02-01	ne_star	south	2016
2015-09-01	B/Utah/15/2015_EPI_ISL_182739	0.002118	3.0014729999999985	2.1818750000000002	-0.47092461305010624	0.001737524297504244	2.9695424887004966	2016-02-01	ne_star	south	2016
2015-09-01	B/Utah/27/2015_EPI_ISL_193668	0.003404	2.005724999999998	1.18188	0.04602700696888203	0.0034636978266618483	1.9730175372955032	2016-02-01	ne_star	south	2016
2015-09-01	B/Utah/28/2015_EPI_ISL_193235	0.004601	2.9796869999999984	2.181792	-0.47092461305010624	0.0037744803082233364	2.948353595056129	2016-02-01	ne_star	south	2016
2015-09-01	B/Utah/33/2015_EPI_ISL_193238	0.004905	2.005724999999998	1.18188	0.04602700696888203	0.004991021692061212	1.9730175372955032	2016-02-01	ne_star	south	2016
2015-09-01	B/Utah/34/2015_EPI_ISL_193239	0.005224	2.005724999999998	1.18188	0.04602700696888203	0.005315616171116774	1.9730175372955032	2016-02-01	ne_star	south	2016
2015-09-01	B/Utah/41/2015_EPI_ISL_194896	0.024569	2.005724999999998	1.18188	0.04602700696888203	0.02499988011258959	1.9730175372955032	2016-02-01	ne_star	south	2016
2015-09-01	B/Victoria/525/2015_EPI_ISL_194621	0.022164	2.9258669999999984	2.1301490000000003	0.04602700696888203	0.02255270230027415	2.89177530407684	2016-02-01	ne_star	south	2016
2015-09-01	B/Victoria/557/2015_EPI_ISL_194624	0.017757	2.9258669999999984	2.1301490000000003	0.04602700696888203	0.018068414309058294	2.89177530407684	2016-02-01	ne_star	south	2016
2015-09-01	B/WAKAYAMA-C/56/2015_EPI_ISL_194908	0.003404	2.005724999999998	1.18188	0.04602700696888203	0.0034636978266618483	1.9730175372955032	2016-02-01	ne_star	south	2016
2015-09-01	B/WAKAYAMA/70/2015_EPI_ISL_192526	0.0018859999999999999	2.005724999999998	1.18188	0.04602700696888203	0.0019190758228802133	1.9730175372955032	2016-02-01	ne_star	south	2016
2015-09-01	B/WAKAYAMA/71/2015_EPI_ISL_192527	0.002372	2.005724999999998	1.18188	0.04602700696888203	0.0024135990731027923	1.9730175372955032	2016-02-01	ne_star	south	2016
2015-09-01	B/Washington/09/2015_EPI_ISL_177221	9.4e-05	4.005317	3.1818699999999986	0.04602700696888203	9.564852987844118e-05	3.972634943175989	2016-02-01	ne_star	south	2016
2015-09-01	B/Washington/16/2015_EPI_ISL_182712	0.000819	2.005724999999998	1.18188	0.04602700696888203	0.0008333632550047162	1.9730175372955032	2016-02-01	ne_star	south	2016
2015-09-01	B/Washington/17/2015_EPI_ISL_182711	0.0007160000000000001	2.005724999999998	1.18188	0.04602700696888203	0.0007285568871591903	1.9730175372955032	2016-02-01	ne_star	south	2016
2015-09-01	B/Washington/18/2015_EPI_ISL_182694	0.0004940000000000001	2.005724999999998	1.18188	0.04602700696888203	0.0005026635506377654	1.9730175372955032	2016-02-01	ne_star	south	2016
2015-09-01	B/Wellington/3/2015_EPI_ISL_194627	0.007245000000000001	2.005724999999998	1.18188	0.04602700696888203	0.007372059563503259	1.9730175372955032	2016-02-01	ne_star	south	2016
2015-09-01	B/Wisconsin/01/2015_EPI_ISL_173838	7.099999999999999e-05	3.0055669999999988	2.1818750000000002	0.04602700696888203	7.224516618478002e-05	2.9728730469631355	2016-02-01	ne_star	south	2016
2015-09-01	B/Wisconsin/09/2015_EPI_ISL_177213	0.00023500000000000002	2.3624070000000006	1.6212409999999988	0.04602700696888203	0.00023912132469610297	2.336434550389554	2016-02-01	ne_star	south	2016
2015-09-01	B/Wisconsin/11/2015_EPI_ISL_178199	0.00042800000000000005	2.3624070000000006	1.6212409999999988	0.04602700696888203	0.00043550607221247694	2.336434550389554	2016-02-01	ne_star	south	2016
2015-09-01	B/Wisconsin/24/2015_EPI_ISL_182732	0.001814	2.005724999999998	1.18188	0.04602700696888203	0.001845813119143535	1.9730175372955032	2016-02-01	ne_star	south	2016
2015-09-01	B/Wisconsin/45/2015_EPI_ISL_194898	0.0035229999999999997	2.3624070000000006	1.6212409999999988	0.04602700696888203	0.003584784795337747	2.336434550389554	2016-02-01	ne_star	south	2016
2015-09-01	B/Wisconsin/49/2015_EPI_ISL_193240	0.004751	2.005724999999998	1.18188	0.04602700696888203	0.004834320909068873	1.9730175372955032	2016-02-01	ne_star	south	2016
2015-09-01	B/Wyoming/02/2015_EPI_ISL_173843	5.9999999999999995e-05	2.005724999999998	1.18188	0.04602700696888203	6.105225311389863e-05	1.9730175372955032	2016-02-01	ne_star	south	2016
2015-09-01	B/Wyoming/04/2015_EPI_ISL_177180	9.4e-05	2.005724999999998	1.18188	0.04602700696888203	9.564852987844118e-05	1.9730175372955032	2016-02-01	ne_star	south	2016
2015-09-01	B/Wyoming/08/2015_EPI_ISL_178206	0.00037	2.005724999999998	1.18188	0.04602700696888203	0.0003764888942023748	1.9730175372955032	2016-02-01	ne_star	south	2016
2015-09-01	B/Wyoming/20/2015_EPI_ISL_180357	0.001426	2.005724999999998	1.18188	0.04602700696888203	0.0014510085490069906	1.9730175372955032	2016-02-01	ne_star	south	2016
2015-09-01	B/Wyoming/24/2015_EPI_ISL_180358	0.001961	2.005724999999998	1.18188	0.04602700696888203	0.0019953911392725865	1.9730175372955032	2016-02-01	ne_star	south	2016
2015-09-01	B/YAMAGUCHI/4/2015_EPI_ISL_187493	0.000653	2.005724999999998	1.18188	0.04602700696888203	0.0006644520213895967	1.9730175372955032	2016-02-01	ne_star	south	2016
2015-09-01	B/YOKOHAMA/13/2015_EPI_ISL_177028	0.000388	2.005724999999998	1.18188	0.04602700696888203	0.00039480457013654443	1.9730175372955032	2016-02-01	ne_star	south	2016
2015-09-01	B/YOKOHAMA/14/2015_EPI_ISL_177029	0.000388	2.005724999999998	1.18188	0.04602700696888203	0.00039480457013654443	1.9730175372955032	2016-02-01	ne_star	south	2016
2015-09-01	B/YOKOHAMA/20/2015_EPI_ISL_187494	0.0007160000000000001	2.005724999999998	1.18188	0.04602700696888203	0.0007285568871591903	1.9730175372955032	2016-02-01	ne_star	south	2016
2015-09-01	B/YOKOHAMA/27/2015_EPI_ISL_194912	0.018072	2.005724999999998	1.18188	0.04602700696888203	0.018388938637906267	1.9730175372955032	2016-02-01	ne_star	south	2016
2015-09-01	B/Yaroslavl/04/2015_EPI_ISL_193219	0.000352	2.8854709999999986	2.3977279999999994	0.04602700696888203	0.00035817321826820526	2.864616526262909	2016-02-01	ne_star	south	2016
2016-09-01	B/Alsace/233/2016_EPI_ISL_216340	4.2e-05	0.8470689999999987	0.738875999999998	0.04437599225536034	4.2745029871087617e-05	0.8216359046780576	2017-02-01	ne_star	south	2017
2016-09-01	B/Anhui-Langya/11133/2015_EPI_ISL_212617	1e-05	2.7032529999999966	2.7094279999999946	0.04437599225536034	1.0177388064544672e-05	2.6852754466263717	2017-02-01	ne_star	south	2017
2016-09-01	B/Anhui-Yingjiang/11004/2016_EPI_ISL_225380	0.012076	0.8470689999999987	0.738875999999998	0.04437599225536034	0.012290213826744145	0.8216359046780576	2017-02-01	ne_star	south	2017
2016-09-01	B/Antananarivo/2324/2016_EPI_ISL_230545	0.010126000000000001	1.8268039999999968	1.7388669999999966	0.04437599225536034	0.010305623154157936	1.8010246583697407	2017-02-01	ne_star	south	2017
2016-09-01	B/Antananarivo/2478/2016_EPI_ISL_230547	0.011498999999999999	0.8470689999999987	0.738875999999998	0.04437599225536034	0.011702978535419916	0.8216359046780576	2017-02-01	ne_star	south	2017
2016-09-01	B/Athens.GR/1965/2016_EPI_ISL_213064	0.000148	0.8470689999999987	0.738875999999998	0.04437599225536034	0.00015062534335526112	0.8216359046780576	2017-02-01	ne_star	south	2017
2016-09-01	B/Bahrain/112/2016_EPI_ISL_224296	5e-05	0.8470689999999987	0.738875999999998	0.04437599225536034	5.088694032272336e-05	0.8216359046780576	2017-02-01	ne_star	south	2017
2016-09-01	B/Bahrain/115/2016_EPI_ISL_217587	4.2e-05	0.8470689999999987	0.738875999999998	0.04437599225536034	4.2745029871087617e-05	0.8216359046780576	2017-02-01	ne_star	south	2017
2016-09-01	B/Bahrain/116/2016_EPI_ISL_220623	4.2e-05	5.481591999999991	5.642582999999995	0.04437599225536034	4.2745029871087617e-05	5.471642100813131	2017-02-01	ne_star	south	2017
2016-09-01	B/Bahrain/116/2016_EPI_ISL_220623__dup2	4.2e-05	5.481591999999991	5.642582999999995	0.04437599225536034	4.2745029871087617e-05	5.471642100813131	2017-02-01	ne_star	south	2017
2016-09-01	B/Bahrain/184/2016_EPI_ISL_232347	0.00014	0.8470689999999987	0.738875999999998	0.04437599225536034	0.00014248343290362538	0.8216359046780576	2017-02-01	ne_star	south	2017
2016-09-01	B/Bahrain/196/2016_EPI_ISL_232348	0.000174	0.8470689999999987	0.738875999999998	0.04437599225536034	0.0001770865523230773	0.8216359046780576	2017-02-01	ne_star	south	2017
2016-09-01	B/Bahrain/228/2016_EPI_ISL_232349	0.000293	0.8470689999999987	0.738875999999998	0.04437599225536034	0.0002981974702911589	0.8216359046780576	2017-02-01	ne_star	south	2017
2016-09-01	B/Bahrain/232/2016_EPI_ISL_232352	0.000341	1.836677999999997	1.7388669999999966	0.04437599225536034	0.0003470489330009733	1.811073811344672	2017-02-01	ne_star	south	2017
2016-09-01	B/Bahrain/274/2016_EPI_ISL_232354	0.0007019999999999	1.8261899999999969	1.7366929999999965	0.04437599225536034	0.0007144526421309341	1.8003997667425777	2017-02-01	ne_star	south	2017
2016-09-01	B/Bahrain/277/2016_EPI_ISL_232356	0.0007019999999999	0.8470689999999987	0.738875999999998	0.04437599225536034	0.0007144526421309341	0.8216359046780576	2017-02-01	ne_star	south	2017
2016-09-01	B/Bahrain/309/2016_EPI_ISL_232359	0.001417	1.844221999999997	1.7388669999999966	0.04437599225536034	0.00144213588874598	1.8187516329005644	2017-02-01	ne_star	south	2017
2016-09-01	B/Bahrain/44/2016_EPI_ISL_222860	1.8e-05	0.8470689999999987	0.738875999999998	0.04437599225536034	1.8319298516180408e-05	0.8216359046780576	2017-02-01	ne_star	south	2017
2016-09-01	B/Bahrain/598/2016_EPI_ISL_232363	0.003092	0.8470689999999987	0.738875999999998	0.04437599225536034	0.0031468483895572127	0.8216359046780576	2017-02-01	ne_star	south	2017
2016-09-01	B/Bahrain/618/2016_EPI_ISL_232366	0.004101	0.8470689999999987	0.738875999999998	0.04437599225536034	0.00417374684526977	0.8216359046780576	2017-02-01	ne_star	south	2017
2016-09-01	B/Bahrain/630/2016_EPI_ISL_232367	0.004848	1.8373599999999968	1.7388669999999966	-0.2455419192279669	0.00437256777902772	1.8128907691200007	2017-02-01	ne_star	south	2017
2016-09-01	B/Bahrain/99/2016_EPI_ISL_217585	3.7e-05	7.461077999999987	7.634282999999991	0.04437599225536034	3.765633583881528e-05	7.451868363517389	2017-02-01	ne_star	south	2017
2016-09-01	B/Bangladesh/311001/2016_EPI_ISL_229280	0.000459	3.7015479999999985	3.694394999999994	0.04437599225536034	0.0004671421121626004	3.6834357731529126	2017-02-01	ne_star	south	2017
2016-09-01	B/Beijing-Huairou/1414/2016_EPI_ISL_223483	0.00011899999999999999	1.8463259999999968	1.7388669999999966	0.04437599225536034	0.00012111091796808158	1.820892955349345	2017-02-01	ne_star	south	2017
2016-09-01	B/Beijing-Xicheng/1233/2016_EPI_ISL_223476	6.3e-05	2.841422999999996	2.7267099999999944	0.04437599225536034	6.411754480663143e-05	2.815916212585781	2017-02-01	ne_star	south	2017
2016-09-01	B/Brazil/02/2016_EPI_ISL_229285	1.3000000000000001e-05	1.7051179999999968	1.711362999999997	0.04437599225536034	1.3230604483908074e-05	1.6870426394829852	2017-02-01	ne_star	south	2017
2016-09-01	B/Brazil/121/2016_EPI_ISL_229289	0.0005549999999999	1.7051179999999968	1.711362999999997	0.04437599225536034	0.0005648450375821274	1.6870426394829852	2017-02-01	ne_star	south	2017
2016-09-01	B/Brazil/2691/2016_EPI_ISL_222877	3.9e-05	2.764862999999996	2.7359279999999946	0.04437599225536034	3.9691813451724216e-05	2.7407276889760492	2017-02-01	ne_star	south	2017
2016-09-01	B/Brazil/27/2016_EPI_ISL_229287	8e-05	0.8470689999999987	0.738875999999998	0.04437599225536034	8.141910451635738e-05	0.8216359046780576	2017-02-01	ne_star	south	2017
2016-09-01	B/Brazil/3070/2016_EPI_ISL_222876	5.3e-05	1.8433279999999967	1.7388669999999966	0.04437599225536034	5.394015674208676e-05	1.8178417744075943	2017-02-01	ne_star	south	2017
2016-09-01	B/Brazil/36/2016_EPI_ISL_229288	5.9999999999999995e-05	1.7051179999999968	1.711362999999997	0.04437599225536034	6.106432838726802e-05	1.6870426394829852	2017-02-01	ne_star	south	2017
2016-09-01	B/Bretagne/2597/2015_EPI_ISL_213851	1.1e-05	0.8470689999999987	0.738875999999998	0.04437599225536034	1.1195126870999138e-05	0.8216359046780576	2017-02-01	ne_star	south	2017
2016-09-01	B/Brisbane/1/2016_EPI_ISL_222809	2.1e-05	0.8470689999999987	0.738875999999998	0.04437599225536034	2.1372514935543808e-05	0.8216359046780576	2017-02-01	ne_star	south	2017
2016-09-01	B/Brisbane/46/2015_15/298_EPI_ISL_221495	0.008148	1.776245999999997	1.7293759999999962	0.04437599225536034	0.008292535794990999	1.7507510461827775	2017-02-01	ne_star	south	2017
2016-09-01	B/Brisbane/60/2008_15/146_EPI_ISL_207652	6.7e-05	3.525184999999998	3.681633999999993	-0.2455419192279669	6.0429463942833593e-05	3.5133784812695947	2017-02-01	ne_star	south	2017
2016-09-01	B/Brisbane/60/2008_BX-31_15/250_EPI_ISL_219061	0.004389	3.447078999999996	3.606954999999994	0.04437599225536034	0.004466855621528656	3.4419253354415047	2017-02-01	ne_star	south	2017
2016-09-01	B/Brisbane/60/2008_BX-35_15/300_EPI_ISL_217973	0.003324	4.493127999999993	4.675084999999995	0.04437599225536034	0.003382963792654649	4.481269122429794	2017-02-01	ne_star	south	2017
2016-09-01	B/Brisbane/60/2008_NIB-58_10/260_EPI_ISL_216035	0.0018850000000000002	4.486122999999993	4.6045639999999946	0.04437599225536034	0.0019184376501666706	4.477673697706619	2017-02-01	ne_star	south	2017
2016-09-01	B/Brisbane/60/2008_NIB-58_16/200_EPI_ISL_232491	0.035756	4.375553999999992	4.604139999999995	-0.2455419192279669	0.032249491234924745	4.377426352971653	2017-02-01	ne_star	south	2017
2016-09-01	B/Bucuresti/196001/2016_EPI_ISL_223685	0.0020399999999999997	0.8470689999999987	0.738875999999998	0.04437599225536034	0.0020761871651671124	0.8216359046780576	2017-02-01	ne_star	south	2017
2016-09-01	B/California/49/2016_EPI_ISL_217794	5.9999999999999995e-05	1.843933999999997	1.7373189999999965	0.04437599225536034	6.106432838726802e-05	1.818458524124306	2017-02-01	ne_star	south	2017
2016-09-01	B/California/59/2016_EPI_ISL_222318__dup2	0.00011200000000000001	0.8470689999999987	0.738875999999998	0.04437599225536034	0.00011398674632290033	0.8216359046780576	2017-02-01	ne_star	south	2017
2016-09-01	B/Catalonia/8515S/2016_EPI_ISL_218627	1.8e-05	6.486963999999997	6.639713999999993	0.04437599225536034	1.8319298516180408e-05	6.477122624285894	2017-02-01	ne_star	south	2017
2016-09-01	B/Champagne_Ardenne/1590/2016_EPI_ISL_219082	0.0007019999999999	0.8470689999999987	0.738875999999998	0.04437599225536034	0.0007144526421309341	0.8216359046780576	2017-02-01	ne_star	south	2017
2016-09-01	B/Colorado/33/2016_EPI_ISL_225303	0.007262	0.8470689999999987	0.738875999999998	0.04437599225536034	0.007390819212472341	0.8216359046780576	2017-02-01	ne_star	south	2017
2016-09-01	B/Connecticut/10/2016_EPI_ISL_220675__dup2	0.000125	0.8470689999999987	0.738875999999998	0.04437599225536034	0.00012721735080680838	0.8216359046780576	2017-02-01	ne_star	south	2017
2016-09-01	B/Croatia/84/2016_EPI_ISL_215939	1.9e-05	0.8470689999999987	0.738875999999998	0.04437599225536034	1.9337037322634876e-05	0.8216359046780576	2017-02-01	ne_star	south	2017
2016-09-01	B/Czech_Republic/115/2016_EPI_ISL_224384	0.000805	0.8470689999999987	0.738875999999998	0.04437599225536034	0.000819279739195846	0.8216359046780576	2017-02-01	ne_star	south	2017
2016-09-01	B/Delaware/03/2016_EPI_ISL_218669__dup2	0.00011200000000000001	0.8470689999999987	0.738875999999998	0.04437599225536034	0.00011398674632290033	0.8216359046780576	2017-02-01	ne_star	south	2017
2016-09-01	B/Delaware/34/2016_EPI_ISL_229426	0.008859	2.7730869999999963	2.738799999999994	0.04437599225536034	0.009016148086380125	2.7463680135079094	2017-02-01	ne_star	south	2017
2016-09-01	B/Delaware/37/2016_EPI_ISL_232268	0.011217	0.8470689999999987	0.738875999999998	0.04437599225536034	0.011415976191999758	0.8216359046780576	2017-02-01	ne_star	south	2017
2016-09-01	B/Dominican_Republic/9777/2016_EPI_ISL_232223	0.012969	1.8211179999999965	1.7351549999999965	-0.2455419192279669	0.011697159968277743	1.7982415847415008	2017-02-01	ne_star	south	2017
2016-09-01	B/Dominican_Republic/9784/2016_EPI_ISL_232224	0.015175999999999999	1.8155399999999966	1.7262229999999967	0.04437599225536034	0.015445204126752992	1.789560848453837	2017-02-01	ne_star	south	2017
2016-09-01	B/Dominican_Republic/9785/2016_EPI_ISL_232225	0.015175999999999999	0.8470689999999987	0.738875999999998	0.04437599225536034	0.015445204126752992	0.8216359046780576	2017-02-01	ne_star	south	2017
2016-09-01	B/EHIME/25/2016_EPI_ISL_231974	0.0017399999999999	0.8470689999999987	0.738875999999998	0.04437599225536034	0.001770865523230671	0.8216359046780576	2017-02-01	ne_star	south	2017
2016-09-01	B/Egypt/1764/2016_EPI_ISL_223702	5e-05	4.701434999999993	4.6943859999999935	0.04437599225536034	5.088694032272336e-05	4.683333999272265	2017-02-01	ne_star	south	2017
2016-09-01	B/Egypt/98/2016_EPI_ISL_224394	0.000377	3.7015479999999985	3.694394999999994	0.04437599225536034	0.00038368753003333413	3.6834357731529126	2017-02-01	ne_star	south	2017
2016-09-01	B/England/735/2016_EPI_ISL_229952	0.000148	0.8470689999999987	0.738875999999998	0.04437599225536034	0.00015062534335526112	0.8216359046780576	2017-02-01	ne_star	south	2017
2016-09-01	B/England/854/2016_EPI_ISL_229986	0.001005	0.8470689999999987	0.738875999999998	0.04437599225536034	0.0010228275004867395	0.8216359046780576	2017-02-01	ne_star	south	2017
2016-09-01	B/England/880/2016_EPI_ISL_229995	0.0015400000000000001	0.8470689999999987	0.738875999999998	0.04437599225536034	0.0015673177619398796	0.8216359046780576	2017-02-01	ne_star	south	2017
2016-09-01	B/England/898/2016_EPI_ISL_229997	0.0017399999999999	0.8470689999999987	0.738875999999998	0.04437599225536034	0.001770865523230671	0.8216359046780576	2017-02-01	ne_star	south	2017
2016-09-01	B/Estonia/97395/2015_EPI_ISL_208165	1e-05	0.8470689999999987	0.738875999999998	0.04437599225536034	1.0177388064544672e-05	0.8216359046780576	2017-02-01	ne_star	south	2017
2016-09-01	B/Estonia/97823/2016_EPI_ISL_231707	5.3e-05	0.8470689999999987	0.738875999999998	0.04437599225536034	5.394015674208676e-05	0.8216359046780576	2017-02-01	ne_star	south	2017
2016-09-01	B/Estonia/98655/2016_EPI_ISL_231709	0.000215	0.8470689999999987	0.738875999999998	0.04437599225536034	0.00021881384338771044	0.8216359046780576	2017-02-01	ne_star	south	2017
2016-09-01	B/Florida/02/2016_EPI_ISL_212904	3.5e-05	0.8470689999999987	0.738875999999998	0.04437599225536034	3.5620858225906345e-05	0.8216359046780576	2017-02-01	ne_star	south	2017
2016-09-01	B/Florida/20/2016_EPI_ISL_217665__dup2	8.499999999999999e-05	0.8470689999999987	0.738875999999998	0.04437599225536034	8.65077985486297e-05	0.8216359046780576	2017-02-01	ne_star	south	2017
2016-09-01	B/Florida/38/2016_EPI_ISL_222324	0.00053	0.8470689999999987	0.738875999999998	0.04437599225536034	0.0005394015674208676	0.8216359046780576	2017-02-01	ne_star	south	2017
2016-09-01	B/Florida/42/2016_EPI_ISL_220757	0.0005549999999999	0.8470689999999987	0.738875999999998	0.04437599225536034	0.0005648450375821274	0.8216359046780576	2017-02-01	ne_star	south	2017
2016-09-01	B/Florida/56/2016_EPI_ISL_225225	0.0036969999999999998	1.8396619999999968	1.7388669999999966	0.04437599225536034	0.003762580367462165	1.814110743943132	2017-02-01	ne_star	south	2017
2016-09-01	B/Florida/73/2016_EPI_ISL_230586	0.015503	1.8160499999999966	1.7388149999999964	0.04437599225536034	0.015778004716463605	1.790079895245129	2017-02-01	ne_star	south	2017
2016-09-01	B/Florida/76/2016_EPI_ISL_232306	0.018565	0.8470689999999987	0.738875999999998	0.04437599225536034	0.01889432094182718	0.8216359046780576	2017-02-01	ne_star	south	2017
2016-09-01	B/Fujian-Gulou/1499/2016_EPI_ISL_223439	0.00088	1.8006559999999974	1.7220329999999966	0.04437599225536034	0.0008956101496799311	1.7750326204936677	2017-02-01	ne_star	south	2017
2016-09-01	B/Fujian-Gulou/1654/2016_EPI_ISL_223399	0.002382	1.8421659999999969	1.7267189999999968	0.04437599225536034	0.002424253836974541	1.816659161914494	2017-02-01	ne_star	south	2017
2016-09-01	B/Fujian-Licheng/180/2016_EPI_ISL_223383	0.000193	1.7235359999999964	1.6547949999999971	0.04437599225536034	0.00019642358964571215	1.7046413316091769	2017-02-01	ne_star	south	2017
2016-09-01	B/Fujian-Meilie/1456/2016_EPI_ISL_225367	0.012969	0.8470689999999987	0.738875999999998	0.04437599225536034	0.013199054580907983	0.8216359046780576	2017-02-01	ne_star	south	2017
2016-09-01	B/Georgia/07/2016_EPI_ISL_225150	0.000279	0.8470689999999987	0.738875999999998	0.04437599225536034	0.0002839491270007963	0.8216359046780576	2017-02-01	ne_star	south	2017
2016-09-01	B/Georgia/1017/2016_EPI_ISL_223705	0.001303	0.8470689999999987	0.738875999999998	0.04437599225536034	0.0013261136648101705	0.8216359046780576	2017-02-01	ne_star	south	2017
2016-09-01	B/Georgia/1095/2016_EPI_ISL_224398	0.003324	3.7859959999999973	3.7199349999999933	0.04437599225536034	0.003382963792654649	3.760139030800015	2017-02-01	ne_star	south	2017
2016-09-01	B/Georgia/17/2016_EPI_ISL_229264	0.0017399999999999	0.8470689999999987	0.738875999999998	0.04437599225536034	0.001770865523230671	0.8216359046780576	2017-02-01	ne_star	south	2017
2016-09-01	B/Georgia/933/2016_EPI_ISL_223707	0.000805	0.8470689999999987	0.738875999999998	0.04437599225536034	0.000819279739195846	0.8216359046780576	2017-02-01	ne_star	south	2017
2016-09-01	B/Georgia/NCDC1148/2016_EPI_ISL_232261	0.005517	0.8470689999999987	0.738875999999998	0.04437599225536034	0.005614864995209295	0.8216359046780576	2017-02-01	ne_star	south	2017
2016-09-01	B/Georgia/NCDC1197/2016_EPI_ISL_232262	0.010938	0.8470689999999987	0.738875999999998	0.04437599225536034	0.011132027064998962	0.8216359046780576	2017-02-01	ne_star	south	2017
2016-09-01	B/Guangdong-Duanzhou/1386/2016_EPI_ISL_225366	0.0050100000000000006	1.7663629999999964	1.6524129999999972	0.04437599225536034	0.005098871420336881	1.7442265691746275	2017-02-01	ne_star	south	2017
2016-09-01	B/Guangxi-Jiangzhou/1345/2016_EPI_ISL_225365	0.0050100000000000006	1.8370359999999968	1.7388669999999966	0.04437599225536034	0.005098871420336881	1.8114381618373827	2017-02-01	ne_star	south	2017
2016-09-01	B/Guangxi-Jinchengjiang/1555/2016_EPI_ISL_230736	0.01237	1.8095019999999968	1.7075449999999968	0.04437599225536034	0.01258942903584176	1.783415741540465	2017-02-01	ne_star	south	2017
2016-09-01	B/Guangxi-Qinnan/1241/2016_EPI_ISL_225373	0.0015400000000000001	0.8470689999999987	0.738875999999998	0.04437599225536034	0.0015673177619398796	0.8216359046780576	2017-02-01	ne_star	south	2017
2016-09-01	B/HAMAMATU-C/179/2016_EPI_ISL_231977	0.001359	1.788601999999997	1.7362249999999964	0.04437599225536034	0.0013831070379716208	1.762145000485567	2017-02-01	ne_star	south	2017
2016-09-01	B/HIROSHIMA/25/2016_EPI_ISL_231973	0.0021219999999999998	0.8470689999999987	0.738875999999998	0.04437599225536034	0.002159641747296379	0.8216359046780576	2017-02-01	ne_star	south	2017
2016-09-01	B/Hawaii/04/2016_EPI_ISL_217805	9.499999999999999e-05	1.8463639999999968	1.7388669999999966	-0.2455419192279669	8.56835682771521e-05	1.8209536326606621	2017-02-01	ne_star	south	2017
2016-09-01	B/Hawaii/22/2016_EPI_ISL_229417	0.003092	0.8470689999999987	0.738875999999998	0.04437599225536034	0.0031468483895572127	0.8216359046780576	2017-02-01	ne_star	south	2017
2016-09-01	B/Hawaii/24/2016_EPI_ISL_230572	0.004691	1.837673999999997	1.7286149999999967	0.04437599225536034	0.004774212741077905	1.8120874791959005	2017-02-01	ne_star	south	2017
2016-09-01	B/Heilongjiang-Daoli/1268/2016_EPI_ISL_223444	0.0007019999999999	1.8006559999999974	1.7220329999999966	0.04437599225536034	0.0007144526421309341	1.7750326204936677	2017-02-01	ne_star	south	2017
2016-09-01	B/Heilongjiang-Gongnong/1251/2016_EPI_ISL_223415	0.000769	2.763088999999997	2.6907019999999964	0.04437599225536034	0.0007826411421634852	2.736812457356076	2017-02-01	ne_star	south	2017
2016-09-01	B/Henan-Hualong/1140/2016_EPI_ISL_223480	5.3e-05	2.7032529999999966	2.7094279999999946	0.04437599225536034	5.394015674208676e-05	2.6852754466263717	2017-02-01	ne_star	south	2017
2016-09-01	B/Henan-Shancheng/126/2016_EPI_ISL_212684	1.8e-05	3.696518999999999	3.698937999999993	-0.2455419192279669	1.6234781357776187e-05	3.6792092748130147	2017-02-01	ne_star	south	2017
2016-09-01	B/Henan-Yicheng/1118/2016_EPI_ISL_223477	0.000133	3.702509999999998	3.709418999999994	0.04437599225536034	0.00013535926125844412	3.684532497297663	2017-02-01	ne_star	south	2017
2016-09-01	B/Henan-Zhongyuan/176/2016_EPI_ISL_223382	5.3e-05	3.579719999999998	3.625346999999994	-0.2455419192279669	4.780241177567433e-05	3.568280873557496	2017-02-01	ne_star	south	2017
2016-09-01	B/Hong_Kong/1149/2016_EPI_ISL_232211	0.0074769999999999	0.8470689999999987	0.738875999999998	0.04437599225536034	0.00760963305585995	0.8216359046780576	2017-02-01	ne_star	south	2017
2016-09-01	B/Hong_Kong/48/2016_EPI_ISL_217558	1.4000000000000001e-05	0.8470689999999987	0.738875999999998	0.04437599225536034	1.4248343290362542e-05	0.8216359046780576	2017-02-01	ne_star	south	2017
2016-09-01	B/Hong_Kong/49/2016_EPI_ISL_229224	1.3000000000000001e-05	0.8470689999999987	0.738875999999998	0.04437599225536034	1.3230604483908074e-05	0.8216359046780576	2017-02-01	ne_star	south	2017
2016-09-01	B/Hong_Kong/58/2016_EPI_ISL_208161	1.3000000000000001e-05	0.8470689999999987	0.738875999999998	0.04437599225536034	1.3230604483908074e-05	0.8216359046780576	2017-02-01	ne_star	south	2017
2016-09-01	B/Hong_Kong/62/2016_EPI_ISL_208158	1.4999999999999999e-05	1.847025999999997	1.7388669999999966	0.04437599225536034	1.5266082096817004e-05	1.821605372513863	2017-02-01	ne_star	south	2017
2016-09-01	B/Hong_Kong/63/2016_EPI_ISL_217561	1.4999999999999999e-05	0.8470689999999987	0.738875999999998	0.04437599225536034	1.5266082096817004e-05	0.8216359046780576	2017-02-01	ne_star	south	2017
2016-09-01	B/Hubei-Wuchang/1399/2016_EPI_ISL_230729	0.017869	1.8113179999999967	1.7387869999999965	0.04437599225536034	0.018185974732534874	1.7852639552129863	2017-02-01	ne_star	south	2017
2016-09-01	B/Hunan-Jishou/11515/2016_EPI_ISL_230751	0.012969	0.8470689999999987	0.738875999999998	0.04437599225536034	0.013199054580907983	0.8216359046780576	2017-02-01	ne_star	south	2017
2016-09-01	B/Hunan-Suxian/1467/2016_EPI_ISL_225381	0.004848	2.7533829999999964	2.7168409999999956	-0.2455419192279669	0.00437256777902772	2.7300742621802385	2017-02-01	ne_star	south	2017
2016-09-01	B/Hungary/144/2016_EPI_ISL_232037	0.001146	1.844763999999997	1.7388669999999966	-0.2455419192279669	0.0010336144131117507	1.8195686758518332	2017-02-01	ne_star	south	2017
2016-09-01	B/Hungary/87/2016_EPI_ISL_231743	0.000308	1.7051179999999968	1.711362999999997	0.04437599225536034	0.00031346355238797585	1.6870426394829852	2017-02-01	ne_star	south	2017
2016-09-01	B/Iceland/10292/2016_EPI_ISL_224583	0.012667	2.7463959999999967	2.6474339999999956	0.04437599225536034	0.012891697461358733	2.7192035470248324	2017-02-01	ne_star	south	2017
2016-09-01	B/Iceland/57/2016_EPI_ISL_224590	0.004848	1.836677999999997	1.7388669999999966	0.04437599225536034	0.004933997733691257	1.811073811344672	2017-02-01	ne_star	south	2017
2016-09-01	B/Idaho/07/2016_EPI_ISL_217631	5.3e-05	0.8470689999999987	0.738875999999998	0.04437599225536034	5.394015674208676e-05	0.8216359046780576	2017-02-01	ne_star	south	2017
2016-09-01	B/Idaho/18/2016_EPI_ISL_218675	0.000148	1.7051179999999968	1.711362999999997	0.04437599225536034	0.00015062534335526112	1.6870426394829852	2017-02-01	ne_star	south	2017
2016-09-01	B/Idaho/40/2016_EPI_ISL_230558	0.005344	0.8470689999999987	0.738875999999998	0.04437599225536034	0.005438796181692671	0.8216359046780576	2017-02-01	ne_star	south	2017
2016-09-01	B/Iquique/28387/2016_EPI_ISL_229312	0.001811	2.839798999999996	2.7388579999999942	0.04437599225536034	0.0018431249784890398	2.814263404764099	2017-02-01	ne_star	south	2017
2016-09-01	B/Irkutsk/2/2016_EPI_ISL_232336	0.012076	2.7860719999999963	2.708192999999994	0.04437599225536034	0.012290213826744145	2.7610502729566924	2017-02-01	ne_star	south	2017
2016-09-01	B/Irkutsk/3/2016_EPI_ISL_232337	0.016168000000000002	0.8470689999999987	0.738875999999998	0.04437599225536034	0.016454801022755827	0.8216359046780576	2017-02-01	ne_star	south	2017
2016-09-01	B/Irkutsk/4/2016_EPI_ISL_232338	0.016168000000000002	1.7970019999999969	1.7388089999999965	0.04437599225536034	0.016454801022755827	1.7706940064597838	2017-02-01	ne_star	south	2017
2016-09-01	B/Irkutsk/5/2016_EPI_ISL_232339	0.015835	3.739861999999997	3.7301429999999938	-0.2455419192279669	0.014282097933354772	3.7242935551555667	2017-02-01	ne_star	south	2017
2016-09-01	B/Istanbul/1913250/2016_EPI_ISL_224592	0.000582	2.8378929999999953	2.7388339999999944	0.04437599225536034	0.0005923239853564999	2.8123235945989964	2017-02-01	ne_star	south	2017
2016-09-01	B/Jiangsu-Beitang/1454/2016_EPI_ISL_230735	0.013583000000000001	1.776245999999997	1.7293759999999962	0.04437599225536034	0.013823946208071028	1.7507510461827775	2017-02-01	ne_star	south	2017
2016-09-01	B/Jiangsu-Guangling/1589/2016_EPI_ISL_223412	0.002475	1.7235359999999964	1.6547949999999971	0.04437599225536034	0.0025189035459748065	1.7046413316091769	2017-02-01	ne_star	south	2017
2016-09-01	B/Jiangxi-Guixi/1379/2016_EPI_ISL_225377	0.006062	0.8470689999999987	0.738875999999998	0.04437599225536034	0.006169532644726979	0.8216359046780576	2017-02-01	ne_star	south	2017
2016-09-01	B/Jiangxi-Zhanggong/318/2016_EPI_ISL_223384	3.9e-05	0.8470689999999987	0.738875999999998	0.04437599225536034	3.9691813451724216e-05	0.8216359046780576	2017-02-01	ne_star	south	2017
2016-09-01	B/Jilin-Chaoyang/1206/2016_EPI_ISL_223389	8e-05	0.8470689999999987	0.738875999999998	0.04437599225536034	8.141910451635738e-05	0.8216359046780576	2017-02-01	ne_star	south	2017
2016-09-01	B/Jordan/20364/2016_EPI_ISL_223709	0.001811	2.8224489999999967	2.7366839999999946	0.04437599225536034	0.0018431249784890398	2.796605636472114	2017-02-01	ne_star	south	2017
2016-09-01	B/Jordan/4203/2016_EPI_ISL_223711	0.0017399999999999	1.8435759999999972	1.7388669999999966	-0.2455419192279669	0.0015693621979182748	1.8184971802822198	2017-02-01	ne_star	south	2017
2016-09-01	B/Jordan/4338/2016_EPI_ISL_223712	0.000396	2.7463959999999967	2.6474339999999956	0.04437599225536034	0.00040302456735596894	2.7192035470248324	2017-02-01	ne_star	south	2017
2016-09-01	B/Jordan/4380/2016_EPI_ISL_223713	0.00067	2.7463959999999967	2.6474339999999956	0.04437599225536034	0.0006818850003244931	2.7192035470248324	2017-02-01	ne_star	south	2017
2016-09-01	B/Jordan/4441/2016_EPI_ISL_223714	0.001005	2.7463959999999967	2.6474339999999956	0.04437599225536034	0.0010228275004867395	2.7192035470248324	2017-02-01	ne_star	south	2017
2016-09-01	B/KANAGAWA/80/2016_EPI_ISL_231978	0.005517	1.836021999999997	1.7388669999999966	0.04437599225536034	0.005614864995209295	1.8104061746876379	2017-02-01	ne_star	south	2017
2016-09-01	B/KANAGAWA/AC35/2016_EPI_ISL_221778	0.002293	0.8470689999999987	0.738875999999998	0.04437599225536034	0.002333675083200093	0.8216359046780576	2017-02-01	ne_star	south	2017
2016-09-01	B/KANAGAWA/AC35/2016_EPI_ISL_221778__dup2	0.002293	0.8470689999999987	0.738875999999998	0.04437599225536034	0.002333675083200093	0.8216359046780576	2017-02-01	ne_star	south	2017
2016-09-01	B/KANAGAWA/AC4/2016_EPI_ISL_213053	0.000125	0.8470689999999987	0.738875999999998	0.04437599225536034	0.00012721735080680838	0.8216359046780576	2017-02-01	ne_star	south	2017
2016-09-01	B/KANAGAWA/IC11/2016_EPI_ISL_213051	0.000193	0.8470689999999987	0.738875999999998	0.04437599225536034	0.00019642358964571215	0.8216359046780576	2017-02-01	ne_star	south	2017
2016-09-01	B/KANAGAWA/IC14/2016_EPI_ISL_217888	0.000204	0.8470689999999987	0.738875999999998	0.04437599225536034	0.0002076187165167113	0.8216359046780576	2017-02-01	ne_star	south	2017
2016-09-01	B/KANAGAWA/IC2/2016_EPI_ISL_212467	0.000106	1.846843999999997	1.7388669999999966	0.04437599225536034	0.00010788031348417352	1.8214201440510884	2017-02-01	ne_star	south	2017
2016-09-01	B/KANAGAWA/IC29/2016_EPI_ISL_217895	0.0005549999999999	0.8470689999999987	0.738875999999998	0.04437599225536034	0.0005648450375821274	0.8216359046780576	2017-02-01	ne_star	south	2017
2016-09-01	B/KANAGAWA/IC30/2016_EPI_ISL_217886	0.000582	0.8470689999999987	0.738875999999998	0.04437599225536034	0.0005923239853564999	0.8216359046780576	2017-02-01	ne_star	south	2017
2016-09-01	B/KANAGAWA/IC31/2016_EPI_ISL_221768__dup2	0.00061	0.8470689999999987	0.738875999999998	0.04437599225536034	0.0006208206719372248	0.8216359046780576	2017-02-01	ne_star	south	2017
2016-09-01	B/KANAGAWA/IC32/2016_EPI_ISL_217887	0.00061	0.8470689999999987	0.738875999999998	0.04437599225536034	0.0006208206719372248	0.8216359046780576	2017-02-01	ne_star	south	2017
2016-09-01	B/KANAGAWA/IC41/2016_EPI_ISL_221773	0.0015400000000000001	0.8470689999999987	0.738875999999998	0.04437599225536034	0.0015673177619398796	0.8216359046780576	2017-02-01	ne_star	south	2017
2016-09-01	B/KANAGAWA/IC41/2016_EPI_ISL_221773__dup2	0.0015400000000000001	0.8470689999999987	0.738875999999998	0.04437599225536034	0.0015673177619398796	0.8216359046780576	2017-02-01	ne_star	south	2017
2016-09-01	B/KANAGAWA/IC42/2016_EPI_ISL_221777	0.001961	1.843133999999997	1.7388669999999966	0.04437599225536034	0.00199578579945721	1.8176443330791423	2017-02-01	ne_star	south	2017
2016-09-01	B/KANAGAWA/IC45/2016_EPI_ISL_223134__dup3	0.004243	0.8470689999999987	0.738875999999998	0.04437599225536034	0.004318265755786304	0.8216359046780576	2017-02-01	ne_star	south	2017
2016-09-01	B/KANAGAWA/ZC12/2016_EPI_ISL_217896	0.00053	2.8422049999999968	2.7388579999999942	0.04437599225536034	0.0005394015674208676	2.8167120843324285	2017-02-01	ne_star	south	2017
2016-09-01	B/KANAGAWA/ZC16/2016_EPI_ISL_221776	0.001359	2.819539999999997	2.730304999999994	0.04437599225536034	0.0013831070379716208	2.7936450342841375	2017-02-01	ne_star	south	2017
2016-09-01	B/KOCHI/104/2016_EPI_ISL_224426	5.600000000000001e-05	1.7663629999999964	1.6524129999999972	0.04437599225536034	5.6993373161450173e-05	1.7442265691746275	2017-02-01	ne_star	south	2017
2016-09-01	B/KUMAMOTO/1/2016_EPI_ISL_217882	3.9e-05	0.8470689999999987	0.738875999999998	0.04437599225536034	3.9691813451724216e-05	0.8216359046780576	2017-02-01	ne_star	south	2017
2016-09-01	B/Kazakhstan/4720/2016_EPI_ISL_231714	0.001359	0.8470689999999987	0.738875999999998	0.04437599225536034	0.0013831070379716208	0.8216359046780576	2017-02-01	ne_star	south	2017
2016-09-01	B/Kentucky/06/2016_EPI_ISL_230563	0.000293	0.8470689999999987	0.738875999999998	0.04437599225536034	0.0002981974702911589	0.8216359046780576	2017-02-01	ne_star	south	2017
2016-09-01	B/Kentucky/10/2016_EPI_ISL_222909__dup2	0.000505	1.846045999999997	1.7386069999999962	-0.2455419192279669	0.0004554758103153875	1.8207249530574259	2017-02-01	ne_star	south	2017
2016-09-01	B/Kentucky/16/2016_EPI_ISL_222333	0.0005549999999999	0.8470689999999987	0.738875999999998	0.04437599225536034	0.0005648450375821274	0.8216359046780576	2017-02-01	ne_star	south	2017
2016-09-01	B/Laos/0071/2016_EPI_ISL_222861	2.6000000000000002e-05	0.8470689999999987	0.738875999999998	0.04437599225536034	2.6461208967816148e-05	0.8216359046780576	2017-02-01	ne_star	south	2017
2016-09-01	B/Laos/0141/2016_EPI_ISL_222863	3.5e-05	0.8470689999999987	0.738875999999998	0.04437599225536034	3.5620858225906345e-05	0.8216359046780576	2017-02-01	ne_star	south	2017
2016-09-01	B/Laos/0265/2016_EPI_ISL_222865	5.9999999999999995e-05	0.8470689999999987	0.738875999999998	0.04437599225536034	6.106432838726802e-05	0.8216359046780576	2017-02-01	ne_star	south	2017
2016-09-01	B/Laos/0406/2016_EPI_ISL_225031__dup2	0.000125	0.8470689999999987	0.738875999999998	0.04437599225536034	0.00012721735080680838	0.8216359046780576	2017-02-01	ne_star	south	2017
2016-09-01	B/Laos/0425/2016_EPI_ISL_222869	0.00011899999999999999	0.8470689999999987	0.738875999999998	0.04437599225536034	0.00012111091796808158	0.8216359046780576	2017-02-01	ne_star	south	2017
2016-09-01	B/Laos/0528/2016_EPI_ISL_222870	0.000174	1.845595999999997	1.7353589999999965	0.04437599225536034	0.0001770865523230773	1.8201500060206335	2017-02-01	ne_star	south	2017
2016-09-01	B/Laos/F0086/2016_EPI_ISL_223128	2.3e-05	0.8470689999999987	0.738875999999998	0.04437599225536034	2.3407992548452744e-05	0.8216359046780576	2017-02-01	ne_star	south	2017
2016-09-01	B/Laos/F0087/2016_EPI_ISL_221689	2.3e-05	1.8006559999999974	1.7220329999999966	0.04437599225536034	2.3407992548452744e-05	1.7750326204936677	2017-02-01	ne_star	south	2017
2016-09-01	B/Laos/F0239/2016_EPI_ISL_221691	5.3e-05	0.8470689999999987	0.738875999999998	0.04437599225536034	5.394015674208676e-05	0.8216359046780576	2017-02-01	ne_star	south	2017
2016-09-01	B/Laos/F0418/2016_EPI_ISL_221693	0.000125	1.846805999999997	1.7388669999999966	0.04437599225536034	0.00012721735080680838	1.821381469976443	2017-02-01	ne_star	south	2017
2016-09-01	B/Laos/F0421/2016_EPI_ISL_221694	0.00011899999999999999	1.845595999999997	1.7353589999999965	0.04437599225536034	0.00012111091796808158	1.8201500060206335	2017-02-01	ne_star	south	2017
2016-09-01	B/Laos/F0650/2016_EPI_ISL_221698	0.000293	0.8470689999999987	0.738875999999998	0.04437599225536034	0.0002981974702911589	0.8216359046780576	2017-02-01	ne_star	south	2017
2016-09-01	B/Laos/F0651/2016_EPI_ISL_221699	0.000293	1.846469999999997	1.7388669999999966	0.04437599225536034	0.0002981974702911589	1.8210395097374745	2017-02-01	ne_star	south	2017
2016-09-01	B/Laos/F0693/2016_EPI_ISL_221700	0.000437	1.845595999999997	1.7353589999999965	0.04437599225536034	0.00044475185842060214	1.8201500060206335	2017-02-01	ne_star	south	2017
2016-09-01	B/Liaoning-Heping/1118/2016_EPI_ISL_223462	8.499999999999999e-05	1.824205999999997	1.7263409999999968	0.04437599225536034	8.65077985486297e-05	1.8009591206755184	2017-02-01	ne_star	south	2017
2016-09-01	B/Liaoning-Lianshan/1129/2016_EPI_ISL_223421	0.000174	2.778180999999998	2.6698119999999945	-0.2455419192279669	0.0001569362197918365	2.756118162403946	2017-02-01	ne_star	south	2017
2016-09-01	B/Liaoning-Lianshan/1170/2016_EPI_ISL_223427	0.000377	1.7663629999999964	1.6524129999999972	0.04437599225536034	0.00038368753003333413	1.7442265691746275	2017-02-01	ne_star	south	2017
2016-09-01	B/Lopburi/56/2016_EPI_ISL_232285	0.0001	0.8470689999999987	0.738875999999998	0.04437599225536034	0.00010177388064544672	0.8216359046780576	2017-02-01	ne_star	south	2017
2016-09-01	B/Louisiana/11/2016_EPI_ISL_224303	0.006251	2.7463959999999967	2.6474339999999956	0.04437599225536034	0.0063618852791468734	2.7192035470248324	2017-02-01	ne_star	south	2017
2016-09-01	B/MIYAGI/8/2016_EPI_ISL_224436	0.000359	0.8470689999999987	0.738875999999998	0.04437599225536034	0.0003653682315171537	0.8216359046780576	2017-02-01	ne_star	south	2017
2016-09-01	B/MIYAZAKI/8/2016_EPI_ISL_217907	3.9e-05	0.8470689999999987	0.738875999999998	0.04437599225536034	3.9691813451724216e-05	0.8216359046780576	2017-02-01	ne_star	south	2017
2016-09-01	B/Macau/610481/2016_EPI_ISL_227612	0.000193	1.824205999999997	1.7263409999999968	0.04437599225536034	0.00019642358964571215	1.8009591206755184	2017-02-01	ne_star	south	2017
2016-09-01	B/Malaysia/0471/2016_EPI_ISL_227603	4.2e-05	2.712465999999997	2.698335999999995	0.04437599225536034	4.2745029871087617e-05	2.6934276836457096	2017-02-01	ne_star	south	2017
2016-09-01	B/Mali/075/2016_EPI_ISL_232273	0.000251	0.8470689999999987	0.738875999999998	0.04437599225536034	0.0002554524404200712	0.8216359046780576	2017-02-01	ne_star	south	2017
2016-09-01	B/Mali/104/2016_EPI_ISL_232277	0.0005549999999999	0.8470689999999987	0.738875999999998	0.04437599225536034	0.0005648450375821274	0.8216359046780576	2017-02-01	ne_star	south	2017
2016-09-01	B/Massachusetts/04/2016_EPI_ISL_220659	0.000183	1.843933999999997	1.7373189999999965	0.04437599225536034	0.0001862462015811675	1.818458524124306	2017-02-01	ne_star	south	2017
2016-09-01	B/Massachusetts/14/2016_EPI_ISL_229409	0.002382	0.8470689999999987	0.738875999999998	0.04437599225536034	0.002424253836974541	0.8216359046780576	2017-02-01	ne_star	south	2017
2016-09-01	B/Michigan/09/2016_EPI_ISL_220686__dup2	0.000183	1.843933999999997	1.7373189999999965	0.04437599225536034	0.0001862462015811675	1.818458524124306	2017-02-01	ne_star	south	2017
2016-09-01	B/Michigan/14/2016_EPI_ISL_220690__dup2	0.000377	1.843933999999997	1.7373189999999965	0.04437599225536034	0.00038368753003333413	1.818458524124306	2017-02-01	ne_star	south	2017
2016-09-01	B/Michigan/23/2016_EPI_ISL_229377	0.0007019999999999	2.842516999999997	2.737309999999994	0.04437599225536034	0.0007144526421309341	2.8170296188400425	2017-02-01	ne_star	south	2017
2016-09-01	B/Mississippi/03/2016_EPI_ISL_217800	0.000293	2.8458709999999967	2.708341999999995	0.04437599225536034	0.0002981974702911589	2.8204431147968907	2017-02-01	ne_star	south	2017
2016-09-01	B/Moscow/CRIE-312/2016_EPI_ISL_232503	0.004243	0.8470689999999987	0.738875999999998	0.04437599225536034	0.004318265755786304	0.8216359046780576	2017-02-01	ne_star	south	2017
2016-09-01	B/NAGANO-C/9/2016_EPI_ISL_224440	3.9e-05	0.8470689999999987	0.738875999999998	0.04437599225536034	3.9691813451724216e-05	0.8216359046780576	2017-02-01	ne_star	south	2017
2016-09-01	B/NAGANO/2009/2016_EPI_ISL_212542	2e-05	1.8006559999999974	1.7220329999999966	0.04437599225536034	2.0354776129089344e-05	1.7750326204936677	2017-02-01	ne_star	south	2017
2016-09-01	B/NAGANO/2233/2016_EPI_ISL_231957	0.001811	3.759092999999996	3.640177999999994	-0.2455419192279669	0.0016333993910518153	3.7376929716104215	2017-02-01	ne_star	south	2017
2016-09-01	B/Nevada/17/2016_EPI_ISL_220753	0.00053	0.8470689999999987	0.738875999999998	0.04437599225536034	0.0005394015674208676	0.8216359046780576	2017-02-01	ne_star	south	2017
2016-09-01	B/Nevada/26/2016_EPI_ISL_229389	0.00257	0.8470689999999987	0.738875999999998	0.04437599225536034	0.00261558873258798	0.8216359046780576	2017-02-01	ne_star	south	2017
2016-09-01	B/New_Mexico/02/2016_EPI_ISL_218687	2.6000000000000002e-05	2.8005909999999967	2.722023999999996	0.04437599225536034	2.6461208967816148e-05	2.7749796980757315	2017-02-01	ne_star	south	2017
2016-09-01	B/New_Mexico/07/2016_EPI_ISL_217832	6.3e-05	0.8470689999999987	0.738875999999998	0.04437599225536034	6.411754480663143e-05	0.8216359046780576	2017-02-01	ne_star	south	2017
2016-09-01	B/New_Mexico/13/2016_EPI_ISL_218688	0.000505	0.8470689999999987	0.738875999999998	0.04437599225536034	0.0005139580972595059	0.8216359046780576	2017-02-01	ne_star	south	2017
2016-09-01	B/New_Mexico/29/2016_EPI_ISL_222393	0.001359	0.8470689999999987	0.738875999999998	0.04437599225536034	0.0013831070379716208	0.8216359046780576	2017-02-01	ne_star	south	2017
2016-09-01	B/Newcastle/2/2016_EPI_ISL_227607	0.0009199999999999999	0.8470689999999987	0.738875999999998	0.04437599225536034	0.0009363197019381097	0.8216359046780576	2017-02-01	ne_star	south	2017
2016-09-01	B/Nonthaburi/8/2016_EPI_ISL_232281	0.000215	0.8470689999999987	0.738875999999998	0.04437599225536034	0.00021881384338771044	0.8216359046780576	2017-02-01	ne_star	south	2017
2016-09-01	B/Nord_Pas_de_Calais/338/2016_EPI_ISL_216344	5.600000000000001e-05	1.843933999999997	1.7373189999999965	0.04437599225536034	5.6993373161450173e-05	1.818458524124306	2017-02-01	ne_star	south	2017
2016-09-01	B/North_Carolina/17/2016_EPI_ISL_223001	0.002668	0.8470689999999987	0.738875999999998	0.04437599225536034	0.0027153271356205183	0.8216359046780576	2017-02-01	ne_star	south	2017
2016-09-01	B/North_Carolina/18/2016_EPI_ISL_225260	0.003092	2.7424479999999964	2.652403999999995	0.04437599225536034	0.0031468483895572127	2.7199005762227517	2017-02-01	ne_star	south	2017
2016-09-01	B/North_Carolina/24/2016_EPI_ISL_230549	0.00792	1.8261899999999969	1.7366929999999965	0.04437599225536034	0.00806049134711938	1.8003997667425777	2017-02-01	ne_star	south	2017
2016-09-01	B/Norway/3701/2016_EPI_ISL_224525	0.009864	1.827327999999997	1.7388669999999966	0.04437599225536034	0.010038975586866863	1.8015579535043231	2017-02-01	ne_star	south	2017
2016-09-01	B/OITA/4/2016_EPI_ISL_224430	0.000265	0.8470689999999987	0.738875999999998	0.04437599225536034	0.0002697007837104338	0.8216359046780576	2017-02-01	ne_star	south	2017
2016-09-01	B/OSAKA/19/2016_EPI_ISL_231970	0.000148	1.7663629999999964	1.6524129999999972	0.04437599225536034	0.00015062534335526112	1.7442265691746275	2017-02-01	ne_star	south	2017
2016-09-01	B/Ohio/12/2016_EPI_ISL_232238	0.018216999999999997	0.8470689999999987	0.738875999999998	0.04437599225536034	0.018540147837181026	0.8216359046780576	2017-02-01	ne_star	south	2017
2016-09-01	B/Oman/1950/2016_EPI_ISL_223721	0.000183	1.8466899999999968	1.7388669999999966	0.04437599225536034	0.0001862462015811675	1.8212634122748945	2017-02-01	ne_star	south	2017
2016-09-01	B/Oman/4391/2016_EPI_ISL_232219	1.2e-05	0.8470689999999987	0.738875999999998	0.04437599225536034	1.2212865677453604e-05	0.8216359046780576	2017-02-01	ne_star	south	2017
2016-09-01	B/Oman/7822/2015_EPI_ISL_223723	1e-05	0.8470689999999987	0.738875999999998	0.04437599225536034	1.0177388064544672e-05	0.8216359046780576	2017-02-01	ne_star	south	2017
2016-09-01	B/Oregon/01/2016_EPI_ISL_211612	1.6e-05	1.846903999999997	1.7388669999999966	0.04437599225536034	1.6283820903271476e-05	1.8214812083794756	2017-02-01	ne_star	south	2017
2016-09-01	B/Paris/1130/2016_EPI_ISL_216492	0.000308	0.8470689999999987	0.738875999999998	0.04437599225536034	0.00031346355238797585	0.8216359046780576	2017-02-01	ne_star	south	2017
2016-09-01	B/Paris/2361/2016_EPI_ISL_224257	0.003092	1.8408159999999971	1.7382629999999966	0.04437599225536034	0.0031468483895572127	1.8152916996902735	2017-02-01	ne_star	south	2017
2016-09-01	B/Paris/620/2016_EPI_ISL_216473	0.00011899999999999999	0.8470689999999987	0.738875999999998	0.04437599225536034	0.00012111091796808158	0.8216359046780576	2017-02-01	ne_star	south	2017
2016-09-01	B/Parma/114/2016_EPI_ISL_224409	0.000279	0.8470689999999987	0.738875999999998	0.04437599225536034	0.0002839491270007963	0.8216359046780576	2017-02-01	ne_star	south	2017
2016-09-01	B/Pays_de_Loire/1615/2016_EPI_ISL_219015	0.000582	1.8155399999999966	1.7262229999999967	0.04437599225536034	0.0005923239853564999	1.789560848453837	2017-02-01	ne_star	south	2017
2016-09-01	B/Pennsylvania/35/2016_EPI_ISL_224306__dup2	0.001303	0.8470689999999987	0.738875999999998	0.04437599225536034	0.0013261136648101705	0.8216359046780576	2017-02-01	ne_star	south	2017
2016-09-01	B/Pennsylvania/45/2016_EPI_ISL_230562__dup2	0.0050100000000000006	0.8470689999999987	0.738875999999998	0.04437599225536034	0.005098871420336881	0.8216359046780576	2017-02-01	ne_star	south	2017
2016-09-01	B/Peru/5516/2016_EPI_ISL_230589	0.006845	0.8470689999999987	0.738875999999998	0.04437599225536034	0.006966422130180828	0.8216359046780576	2017-02-01	ne_star	south	2017
2016-09-01	B/Peru/73/2016_EPI_ISL_232295	0.0020399999999999997	1.8429759999999968	1.7388669999999966	-0.2455419192279669	0.0018399418872146343	1.8179560209036276	2017-02-01	ne_star	south	2017
2016-09-01	B/Peru/74/2016_EPI_ISL_232296	0.001811	1.830931999999997	1.7382009999999963	0.04437599225536034	0.0018431249784890398	1.8066736971358053	2017-02-01	ne_star	south	2017
2016-09-01	B/Peru/78/2016_EPI_ISL_232299	0.004243	1.838569999999997	1.7388669999999966	-0.2455419192279669	0.0038268987389469098	1.813982107200163	2017-02-01	ne_star	south	2017
2016-09-01	B/Peru/8116/2016_EPI_ISL_230590	0.009104000000000001	0.8470689999999987	0.738875999999998	0.04437599225536034	0.00926549409396147	0.8216359046780576	2017-02-01	ne_star	south	2017
2016-09-01	B/Puerto_Rico/04/2016_EPI_ISL_230578	0.012969	1.821117999999997	1.7388349999999966	0.04437599225536034	0.013199054580907983	1.7952377955162409	2017-02-01	ne_star	south	2017
2016-09-01	B/Rennes/1632/2016_EPI_ISL_219017	0.000377	0.8470689999999987	0.738875999999998	0.04437599225536034	0.00038368753003333413	0.8216359046780576	2017-02-01	ne_star	south	2017
2016-09-01	B/SAGAMIHARA/2/2016_EPI_ISL_224437	2.4e-05	0.8470689999999987	0.738875999999998	0.04437599225536034	2.442573135490721e-05	0.8216359046780576	2017-02-01	ne_star	south	2017
2016-09-01	B/SHIGA/2/2016_EPI_ISL_220937	3.5e-05	1.846985999999997	1.7388099999999966	0.04437599225536034	3.5620858225906345e-05	1.821564662961605	2017-02-01	ne_star	south	2017
2016-09-01	B/Santiago/20267/2016_EPI_ISL_229308	0.000769	0.8470689999999987	0.738875999999998	0.04437599225536034	0.0007826411421634852	0.8216359046780576	2017-02-01	ne_star	south	2017
2016-09-01	B/Santiago/21423/2016_EPI_ISL_229309	0.001005	2.7877589999999963	2.6645399999999952	0.04437599225536034	0.0010228275004867395	2.7613002772762085	2017-02-01	ne_star	south	2017
2016-09-01	B/Santiago/27247/2016_EPI_ISL_229311	0.00105	0.8470689999999987	0.738875999999998	0.04437599225536034	0.0010686257467771906	0.8216359046780576	2017-02-01	ne_star	south	2017
2016-09-01	B/Santiago/28120/2016_EPI_ISL_230542	0.004101	0.8470689999999987	0.738875999999998	0.04437599225536034	0.00417374684526977	0.8216359046780576	2017-02-01	ne_star	south	2017
2016-09-01	B/Sao_Paulo/2691/2016_EPI_ISL_214559	3.9e-05	2.764862999999996	2.7359279999999946	0.04437599225536034	3.9691813451724216e-05	2.7407276889760492	2017-02-01	ne_star	south	2017
2016-09-01	B/Sao_Paulo/44554/2016_EPI_ISL_231637	0.030394	0.8470689999999987	0.738875999999998	0.04437599225536034	0.030933153283377077	0.8216359046780576	2017-02-01	ne_star	south	2017
2016-09-01	B/Sao_Paulo/654/2016_EPI_ISL_215020	1.4000000000000001e-05	3.8469459999999978	3.7388489999999934	-0.2455419192279669	1.2627052167159259e-05	3.8215601423650556	2017-02-01	ne_star	south	2017
2016-09-01	B/Shaanxi-Beilin/12235/2015_EPI_ISL_212689	1e-05	0.8470689999999987	0.738875999999998	0.04437599225536034	1.0177388064544672e-05	0.8216359046780576	2017-02-01	ne_star	south	2017
2016-09-01	B/Shaanxi-Qindou/34/2016_EPI_ISL_223394	0.0005549999999999	2.700672999999997	2.642259999999995	-0.2455419192279669	0.0005005724251980089	2.6839645476066383	2017-02-01	ne_star	south	2017
2016-09-01	B/Shaanxi-Qindou/38/2016_EPI_ISL_223418	0.0005549999999999	2.7553239999999977	2.6664389999999947	-0.2455419192279669	0.0005005724251980089	2.7354380758445536	2017-02-01	ne_star	south	2017
2016-09-01	B/Shandong-Mudan/1203/2016_EPI_ISL_223426	0.000437	3.6578259999999987	3.7000259999999927	-0.2455419192279669	0.00039414441407489967	3.6397340193855867	2017-02-01	ne_star	south	2017
2016-09-01	B/Shanghai-Xuhui/1142/2016_EPI_ISL_223397	0.000251	5.458919999999989	5.664413999999994	0.04437599225536034	0.0002554524404200712	5.44977115621963	2017-02-01	ne_star	south	2017
2016-09-01	B/Sichuan-Gaoxin/1405/2016_EPI_ISL_225368	0.00838	1.8302959999999968	1.6672209999999967	0.04437599225536034	0.008528651198088434	1.80457860228188	2017-02-01	ne_star	south	2017
2016-09-01	B/Sichuan-Gaoxin/1442/2016_EPI_ISL_225379	0.011784999999999999	0.8470689999999987	0.738875999999998	0.04437599225536034	0.011994051834065893	0.8216359046780576	2017-02-01	ne_star	south	2017
2016-09-01	B/Sichuan-Gaoxin/17/2016_EPI_ISL_212577	1.4000000000000001e-05	1.824205999999997	1.7263409999999968	0.04437599225536034	1.4248343290362542e-05	1.8009591206755184	2017-02-01	ne_star	south	2017
2016-09-01	B/Sichuan-Qingyang/1115/2016_EPI_ISL_223479	5e-05	1.8463259999999968	1.7388669999999966	0.04437599225536034	5.088694032272336e-05	1.820892955349345	2017-02-01	ne_star	south	2017
2016-09-01	B/Singapore/INFEN-16-0031/2016_EPI_ISL_226514	4.4e-05	0.8470689999999987	0.738875999999998	0.04437599225536034	4.478050748399655e-05	0.8216359046780576	2017-02-01	ne_star	south	2017
2016-09-01	B/Singapore/INFEN-16-0192/2016_EPI_ISL_226533	0.00053	1.8321009999999969	1.7372659999999966	0.04437599225536034	0.0005394015674208676	1.80641562082753	2017-02-01	ne_star	south	2017
2016-09-01	B/Singapore/INFGP-16-0194/2016_EPI_ISL_226513	5.600000000000001e-05	0.8470689999999987	0.738875999999998	0.04437599225536034	5.6993373161450173e-05	0.8216359046780576	2017-02-01	ne_star	south	2017
2016-09-01	B/Singapore/INFGP-16-0299/2016_EPI_ISL_226522	9e-05	0.8470689999999987	0.738875999999998	0.04437599225536034	9.159649258090205e-05	0.8216359046780576	2017-02-01	ne_star	south	2017
2016-09-01	B/Singapore/INFGP-16-0398/2016_EPI_ISL_226523	0.000193	0.8470689999999987	0.738875999999998	0.04437599225536034	0.00019642358964571215	0.8216359046780576	2017-02-01	ne_star	south	2017
2016-09-01	B/Singapore/INFGP-16-0756/2016_EPI_ISL_226531	0.000769	1.8455179999999969	1.7388669999999966	0.04437599225536034	0.0007826411421634852	1.8200706223937295	2017-02-01	ne_star	south	2017
2016-09-01	B/Singapore/INFGP-16-0980/2016_EPI_ISL_226485	0.003324	1.840334999999997	1.7283859999999962	-0.2455419192279669	0.0029980229574026692	1.8155697328646967	2017-02-01	ne_star	south	2017
2016-09-01	B/Singapore/INFGP-16-0995/2016_EPI_ISL_226486	0.003963	1.773864999999997	1.7285089999999967	-0.2455419192279669	0.0035743576956037246	1.7522130026483484	2017-02-01	ne_star	south	2017
2016-09-01	B/Singapore/INFKK-16-0077/2016_EPI_ISL_226515	4.2e-05	2.8468749999999967	2.6956689999999957	0.04437599225536034	4.2745029871087617e-05	2.8214649245585712	2017-02-01	ne_star	south	2017
2016-09-01	B/Singapore/INFKK-16-0204/2016_EPI_ISL_226525	0.000193	0.8470689999999987	0.738875999999998	0.04437599225536034	0.00019642358964571215	0.8216359046780576	2017-02-01	ne_star	south	2017
2016-09-01	B/Singapore/INFKK-16-0486/2016_EPI_ISL_226488	0.003206	0.8470689999999987	0.738875999999998	0.04437599225536034	0.0032628706134930218	0.8216359046780576	2017-02-01	ne_star	south	2017
2016-09-01	B/Singapore/INFKK-16-0523/2016_EPI_ISL_226465	0.005175	2.8138429999999963	2.7189719999999946	-0.2455419192279669	0.004667499640360654	2.791624121394795	2017-02-01	ne_star	south	2017
2016-09-01	B/Singapore/INFKK-16-0548/2016_EPI_ISL_226448__dup2	0.00838	0.8470689999999987	0.738875999999998	0.04437599225536034	0.008528651198088434	0.8216359046780576	2017-02-01	ne_star	south	2017
2016-09-01	B/Singapore/INFKK-16-0575/2016_EPI_ISL_226474__dup2	0.011784999999999999	1.7235359999999964	1.6547949999999971	0.04437599225536034	0.011994051834065893	1.7046413316091769	2017-02-01	ne_star	south	2017
2016-09-01	B/Singapore/INFTT-16-0481/2016_EPI_ISL_226491	0.001961	1.8016419999999969	1.7294739999999962	0.04437599225536034	0.00199578579945721	1.776094477437267	2017-02-01	ne_star	south	2017
2016-09-01	B/Singapore/INFTT-16-0481/2016_EPI_ISL_226491__dup2	0.001961	0.8470689999999987	0.738875999999998	0.04437599225536034	0.00199578579945721	0.8216359046780576	2017-02-01	ne_star	south	2017
2016-09-01	B/Singapore/INFTT-16-0533/2016_EPI_ISL_226450	0.005517	6.464506999999998	6.6425739999999935	0.04437599225536034	0.005614864995209295	6.454957933927831	2017-02-01	ne_star	south	2017
2016-09-01	B/Singapore/INFTT-16-0633/2016_EPI_ISL_226477	0.014211000000000001	0.8470689999999987	0.738875999999998	0.04437599225536034	0.014463086178524435	0.8216359046780576	2017-02-01	ne_star	south	2017
2016-09-01	B/Slovenia/1601/2016_EPI_ISL_224612	0.004691	1.7051179999999968	1.711362999999997	0.04437599225536034	0.004774212741077905	1.6870426394829852	2017-02-01	ne_star	south	2017
2016-09-01	B/Slovenia/1604/2016_EPI_ISL_224613	0.004691	1.7051179999999968	1.711362999999997	0.04437599225536034	0.004774212741077905	1.6870426394829852	2017-02-01	ne_star	south	2017
2016-09-01	B/South_Africa/2635/2016_EPI_ISL_232308	0.0074769999999999	0.8470689999999987	0.738875999999998	0.04437599225536034	0.00760963305585995	0.8216359046780576	2017-02-01	ne_star	south	2017
2016-09-01	B/South_Africa/3077/2016_EPI_ISL_232311	0.009607	0.8470689999999987	0.738875999999998	0.04437599225536034	0.009777416713608064	0.8216359046780576	2017-02-01	ne_star	south	2017
2016-09-01	B/South_Africa/R2537/2016_EPI_ISL_231723	0.006445	0.8470689999999987	0.738875999999998	0.04437599225536034	0.00655932660759904	0.8216359046780576	2017-02-01	ne_star	south	2017
2016-09-01	B/South_Africa/R2895/2016_EPI_ISL_231724	0.009104000000000001	0.8470689999999987	0.738875999999998	0.04437599225536034	0.00926549409396147	0.8216359046780576	2017-02-01	ne_star	south	2017
2016-09-01	B/South_Africa/R3073/2016_EPI_ISL_231727	0.009864	0.8470689999999987	0.738875999999998	0.04437599225536034	0.010038975586866863	0.8216359046780576	2017-02-01	ne_star	south	2017
2016-09-01	B/South_Africa/R3225/2016_EPI_ISL_231728	0.011784999999999999	1.8233299999999968	1.7385789999999963	-0.2455419192279669	0.01062927212785513	1.8002185931685395	2017-02-01	ne_star	south	2017
2016-09-01	B/South_Africa/R3352/2016_EPI_ISL_231731	0.01237	1.822315999999997	1.7388389999999967	0.04437599225536034	0.01258942903584176	1.796457046606373	2017-02-01	ne_star	south	2017
2016-09-01	B/South_Auckland/8/2016_EPI_ISL_227621	0.008618	0.8470689999999987	0.738875999999998	0.04437599225536034	0.0087708730340246	0.8216359046780576	2017-02-01	ne_star	south	2017
2016-09-01	B/South_Australia/17/2016_EPI_ISL_227624	0.013275	2.7939429999999965	2.6813179999999948	-0.2455419192279669	0.011973151251359938	2.7737432996726157	2017-02-01	ne_star	south	2017
2016-09-01	B/South_Australia/9/2016_EPI_ISL_227613	0.002475	0.8470689999999987	0.738875999999998	0.04437599225536034	0.0025189035459748065	0.8216359046780576	2017-02-01	ne_star	south	2017
2016-09-01	B/St.-Petersburg/124/2016_EPI_ISL_231733	5.600000000000001e-05	0.8470689999999987	0.738875999999998	0.04437599225536034	5.6993373161450173e-05	0.8216359046780576	2017-02-01	ne_star	south	2017
2016-09-01	B/Stockholm/2/2016_EPI_ISL_211881	2.4e-05	0.8470689999999987	0.738875999999998	0.04437599225536034	2.442573135490721e-05	0.8216359046780576	2017-02-01	ne_star	south	2017
2016-09-01	B/Stockholm/9/2016_EPI_ISL_220443	0.000265	0.8470689999999987	0.738875999999998	0.04437599225536034	0.0002697007837104338	0.8216359046780576	2017-02-01	ne_star	south	2017
2016-09-01	B/Sweden/12/2016_EPI_ISL_215745	0.000279	0.8470689999999987	0.738875999999998	0.04437599225536034	0.0002839491270007963	0.8216359046780576	2017-02-01	ne_star	south	2017
2016-09-01	B/Sweden/22/2016_EPI_ISL_222409	0.000842	1.7051179999999968	1.711362999999997	0.04437599225536034	0.0008569360750346613	1.6870426394829852	2017-02-01	ne_star	south	2017
2016-09-01	B/Sweden/3/2016_EPI_ISL_212177	9.499999999999999e-05	0.8470689999999987	0.738875999999998	0.04437599225536034	9.668518661317438e-05	0.8216359046780576	2017-02-01	ne_star	south	2017
2016-09-01	B/Sydney/3/2016_EPI_ISL_222808	0.00011200000000000001	1.846725999999997	1.7388669999999966	0.04437599225536034	0.00011398674632290033	1.8213000508719268	2017-02-01	ne_star	south	2017
2016-09-01	B/Sydney/9/2016_EPI_ISL_227608	0.000193	0.8470689999999987	0.738875999999998	0.04437599225536034	0.00019642358964571215	0.8216359046780576	2017-02-01	ne_star	south	2017
2016-09-01	B/TOCHIGI/16203/2016_EPI_ISL_221765	2.6000000000000002e-05	1.846829999999997	1.7388669999999966	0.04437599225536034	2.6461208967816148e-05	1.8214260460403293	2017-02-01	ne_star	south	2017
2016-09-01	B/TOKYO/15515/2016_EPI_ISL_212548	1.4999999999999999e-05	0.8470689999999987	0.738875999999998	0.04437599225536034	1.5266082096817004e-05	0.8216359046780576	2017-02-01	ne_star	south	2017
2016-09-01	B/TOKYO/15724/2016_EPI_ISL_221767	0.000125	0.8470689999999987	0.738875999999998	0.04437599225536034	0.00012721735080680838	0.8216359046780576	2017-02-01	ne_star	south	2017
2016-09-01	B/TOKYO/15733/2016_EPI_ISL_231969	0.00011899999999999999	0.8470689999999987	0.738875999999998	0.04437599225536034	0.00012111091796808158	0.8216359046780576	2017-02-01	ne_star	south	2017
2016-09-01	B/TOKYO/EH17/2016_EPI_ISL_217891	0.000279	0.8470689999999987	0.738875999999998	0.04437599225536034	0.0002839491270007963	0.8216359046780576	2017-02-01	ne_star	south	2017
2016-09-01	B/TOKYO/EH2/2016_EPI_ISL_213047	5.600000000000001e-05	0.8470689999999987	0.738875999999998	0.04437599225536034	5.6993373161450173e-05	0.8216359046780576	2017-02-01	ne_star	south	2017
2016-09-01	B/TOKYO/EH8/2016_EPI_ISL_217890	0.000106	2.7032529999999966	2.7094279999999946	0.04437599225536034	0.00010788031348417352	2.6852754466263717	2017-02-01	ne_star	south	2017
2016-09-01	B/TOKYO/EH8/2016_EPI_ISL_217890__dup2	0.000106	2.7032529999999966	2.7094279999999946	0.04437599225536034	0.00010788031348417352	2.6852754466263717	2017-02-01	ne_star	south	2017
2016-09-01	B/TOYAMA/71/2016_EPI_ISL_231960	0.001146	0.8470689999999987	0.738875999999998	0.04437599225536034	0.0011663286721968196	0.8216359046780576	2017-02-01	ne_star	south	2017
2016-09-01	B/Taiwan/6047/2016_EPI_ISL_214594	5.3e-05	1.846725999999997	1.7388669999999966	0.04437599225536034	5.394015674208676e-05	1.8213000508719268	2017-02-01	ne_star	south	2017
2016-09-01	B/Temuco/21639/2016_EPI_ISL_229310	0.00105	0.8470689999999987	0.738875999999998	0.04437599225536034	0.0010686257467771906	0.8216359046780576	2017-02-01	ne_star	south	2017
2016-09-01	B/Texas/06/2016_EPI_ISL_217515	2.7000000000000002e-05	1.846903999999997	1.7388669999999966	0.04437599225536034	2.7478947774270615e-05	1.8214812083794756	2017-02-01	ne_star	south	2017
2016-09-01	B/Texas/16/2016_EPI_ISL_220648	3.3e-05	1.846903999999997	1.7388669999999966	0.04437599225536034	3.358538061299742e-05	1.8214812083794756	2017-02-01	ne_star	south	2017
2016-09-01	B/Townsville/8/2016_EPI_ISL_227610	0.00277	0.8470689999999987	0.738875999999998	0.04437599225536034	0.002819136493878874	0.8216359046780576	2017-02-01	ne_star	south	2017
2016-09-01	B/Trnava/192/2016_EPI_ISL_224421	0.000251	1.7051179999999968	1.711362999999997	0.04437599225536034	0.0002554524404200712	1.6870426394829852	2017-02-01	ne_star	south	2017
2016-09-01	B/Turkey/TR-19/2016_EPI_ISL_213324	2.8999999999999997e-05	1.8390699999999973	1.7388429999999964	0.04437599225536034	2.9514425387179544e-05	1.8135082425697104	2017-02-01	ne_star	south	2017
2016-09-01	B/Turkey/TR-30/2016_EPI_ISL_213325	2.8999999999999997e-05	1.8390699999999973	1.7388429999999964	0.04437599225536034	2.9514425387179544e-05	1.8135082425697104	2017-02-01	ne_star	south	2017
2016-09-01	B/Turkey/TR-35/2016_EPI_ISL_213326	2.8999999999999997e-05	1.8390699999999973	1.7388429999999964	0.04437599225536034	2.9514425387179544e-05	1.8135082425697104	2017-02-01	ne_star	south	2017
2016-09-01	B/Uganda/150/2016_EPI_ISL_229294	0.002982	2.8169369999999954	2.7322039999999945	-0.2455419192279669	0.002689562111604922	2.7923772002079064	2017-02-01	ne_star	south	2017
2016-09-01	B/Uganda/4784/2016_EPI_ISL_229297	0.000148	1.834021999999997	1.7322129999999965	0.04437599225536034	0.00015062534335526112	1.8090613670932136	2017-02-01	ne_star	south	2017
2016-09-01	B/Uganda/4807/2016_EPI_ISL_229298	0.001005	2.8319989999999957	2.7322039999999945	0.04437599225536034	0.0010228275004867395	2.807015712092239	2017-02-01	ne_star	south	2017
2016-09-01	B/Uganda/4816/2016_EPI_ISL_229306	0.001811	0.8470689999999987	0.738875999999998	0.04437599225536034	0.0018431249784890398	0.8216359046780576	2017-02-01	ne_star	south	2017
2016-09-01	B/Uganda/4825/2016_EPI_ISL_229300	0.002382	1.834021999999997	1.7322129999999965	0.04437599225536034	0.002424253836974541	1.8090613670932136	2017-02-01	ne_star	south	2017
2016-09-01	B/Uganda/4844/2016_EPI_ISL_229302	0.003324	0.8470689999999987	0.738875999999998	0.04437599225536034	0.003382963792654649	0.8216359046780576	2017-02-01	ne_star	south	2017
2016-09-01	B/Uganda/5519/2016_EPI_ISL_229296	0.002293	0.8470689999999987	0.738875999999998	0.04437599225536034	0.002333675083200093	0.8216359046780576	2017-02-01	ne_star	south	2017
2016-09-01	B/Ulaanbaatar/1913/2016_EPI_ISL_232322	0.002293	1.8016419999999969	1.7294739999999962	0.04437599225536034	0.002333675083200093	1.776094477437267	2017-02-01	ne_star	south	2017
2016-09-01	B/Uruguay/02/2016_EPI_ISL_232368	1.9e-05	1.7051179999999968	1.711362999999997	0.04437599225536034	1.9337037322634876e-05	1.6870426394829852	2017-02-01	ne_star	south	2017
2016-09-01	B/Valparaiso/32814/2016_EPI_ISL_229314	0.0066430000000000005	1.789781999999997	1.6645489999999972	0.04437599225536034	0.006760838891277026	1.763345932277183	2017-02-01	ne_star	south	2017
2016-09-01	B/Vermont/14/2016_EPI_ISL_229423	0.00838	0.8470689999999987	0.738875999999998	0.04437599225536034	0.008528651198088434	0.8216359046780576	2017-02-01	ne_star	south	2017
2016-09-01	B/Vina_Del_Mar/32296/2016_EPI_ISL_229313	0.006251	5.62378699999999	5.693556999999993	-0.2455419192279669	0.005637978792636608	5.61194689499211	2017-02-01	ne_star	south	2017
2016-09-01	B/Virginia/01/2016_EPI_ISL_212859	5.600000000000001e-05	1.8438519999999972	1.7385649999999966	-0.2455419192279669	5.050820866863704e-05	1.8183880398711623	2017-02-01	ne_star	south	2017
2016-09-01	B/Vologda/CRIE-321/2016_EPI_ISL_232504	0.013895	1.788601999999997	1.7362249999999964	0.04437599225536034	0.01414148071568482	1.762145000485567	2017-02-01	ne_star	south	2017
2016-09-01	B/Vologda/CRIE-323/2016_EPI_ISL_232505	0.013895	0.8470689999999987	0.738875999999998	0.04437599225536034	0.01414148071568482	0.8216359046780576	2017-02-01	ne_star	south	2017
2016-09-01	B/Vologda/CRIE-324/2016_EPI_ISL_232506	0.013895	0.8470689999999987	0.738875999999998	0.04437599225536034	0.01414148071568482	0.8216359046780576	2017-02-01	ne_star	south	2017
2016-09-01	B/Vologda/CRIE-325/2016_EPI_ISL_232507	0.013895	0.8470689999999987	0.738875999999998	0.04437599225536034	0.01414148071568482	0.8216359046780576	2017-02-01	ne_star	south	2017
2016-09-01	B/Vologda/CRIE-327/2016_EPI_ISL_232508	0.013895	1.7125629999999967	1.7185489999999968	0.04437599225536034	0.01414148071568482	1.6935131737054523	2017-02-01	ne_star	south	2017
2016-09-01	B/Vologda/CRIE-328/2016_EPI_ISL_232509	0.013895	2.760268999999996	2.733013999999995	0.04437599225536034	0.01414148071568482	2.733322637486776	2017-02-01	ne_star	south	2017
2016-09-01	B/Vologda/CRIE-330/2016_EPI_ISL_232510	0.013895	0.8470689999999987	0.738875999999998	0.04437599225536034	0.01414148071568482	0.8216359046780576	2017-02-01	ne_star	south	2017
2016-09-01	B/WAKAYAMA-C/2/2016_EPI_ISL_212543	1.4000000000000001e-05	1.847027999999997	1.7388669999999966	0.04437599225536034	1.4248343290362542e-05	1.8216074079914761	2017-02-01	ne_star	south	2017
2016-09-01	B/Washington/12/2016_EPI_ISL_220629	3.9e-05	0.8470689999999987	0.738875999999998	0.04437599225536034	3.9691813451724216e-05	0.8216359046780576	2017-02-01	ne_star	south	2017
2016-09-01	B/Washington/16/2016_EPI_ISL_212933	3.1e-05	0.8470689999999987	0.738875999999998	0.04437599225536034	3.154990300008849e-05	0.8216359046780576	2017-02-01	ne_star	south	2017
2016-09-01	B/Washington/34/2016_EPI_ISL_217652	2.3e-05	0.8470689999999987	0.738875999999998	0.04437599225536034	2.3407992548452744e-05	0.8216359046780576	2017-02-01	ne_star	south	2017
2016-09-01	B/Washington/77/2016_EPI_ISL_224312__dup2	0.0018850000000000002	0.8470689999999987	0.738875999999998	0.04437599225536034	0.0019184376501666706	0.8216359046780576	2017-02-01	ne_star	south	2017
2016-09-01	B/Washington/88/2016_EPI_ISL_225255	0.004101	0.8470689999999987	0.738875999999998	0.04437599225536034	0.00417374684526977	0.8216359046780576	2017-02-01	ne_star	south	2017
2016-09-01	B/Wisconsin/09/2016_EPI_ISL_217746	0.000156	0.8470689999999987	0.738875999999998	0.04437599225536034	0.00015876725380689687	0.8216359046780576	2017-02-01	ne_star	south	2017
2016-09-01	B/Wisconsin/37/2016_EPI_ISL_229413	0.005875	1.835305999999997	1.7388669999999966	-0.2455419192279669	0.0052988522487186175	1.8110382001806196	2017-02-01	ne_star	south	2017
2016-09-01	B/YAMAGATA/191/2016_EPI_ISL_231958	0.005517	0.8470689999999987	0.738875999999998	0.04437599225536034	0.005614864995209295	0.8216359046780576	2017-02-01	ne_star	south	2017
2016-09-01	B/Yunnan-Lushui/1687/2016_EPI_ISL_230737	0.012667	1.809645999999997	1.7012079999999967	-0.2455419192279669	0.011424776414386165	1.78649613802254	2017-02-01	ne_star	south	2017
2016-09-01	B/heilongJiangxi-An/1700/2015_EPI_ISL_212613	1e-05	2.7032529999999966	2.7094279999999946	0.04437599225536034	1.0177388064544672e-05	2.6852754466263717	2017-02-01	ne_star	south	2017
2017-09-01	B/AKITA/2/2017_EPI_ISL_271957	0.0018989999999999999	3.513549999999996	4.3798800000000035	0.06407540464412699	0.001945850348946083	3.4487188218147073	2018-02-01	ne_star	south	2018
2017-09-01	B/Acre/146980-IEC/2017_EPI_ISL_275394	0.0005809999999999	2.518189999999997	3.379888999999997	0.06407540464412699	0.0005953338876974616	2.453220719453322	2018-02-01	ne_star	south	2018
2017-09-01	B/Alaska/12/2017_EPI_ISL_273760	0.019777	3.282547999999999	4.641298999999996	0.06407540464412699	0.020264919616169923	3.1871125617039042	2018-02-01	ne_star	south	2018
2017-09-01	B/Alaska/13/2017_EPI_ISL_276641	0.020648	3.282547999999999	4.641298999999996	0.06407540464412699	0.021157408112184688	3.1871125617039042	2018-02-01	ne_star	south	2018
2017-09-01	B/Alaska/14/2017_EPI_ISL_276642	0.020648	3.282547999999999	4.641298999999996	0.06407540464412699	0.021157408112184688	3.1871125617039042	2018-02-01	ne_star	south	2018
2017-09-01	B/Alaska/15/2017_EPI_ISL_276640	0.02122	3.282547999999999	4.641298999999996	0.06407540464412699	0.02174351996031379	3.1871125617039042	2018-02-01	ne_star	south	2018
2017-09-01	B/Alaska/18/2017_EPI_ISL_276389	0.00584	3.282547999999999	4.641298999999996	0.06407540464412699	0.005984079008870524	3.1871125617039042	2018-02-01	ne_star	south	2018
2017-09-01	B/Almatinskay/222/2017_EPI_ISL_268803	7e-05	2.518189999999997	3.379888999999997	0.06407540464412699	7.172697442139326e-05	2.453220719453322	2018-02-01	ne_star	south	2018
2017-09-01	B/Amazonas/145488-IEC/2017_EPI_ISL_276521	2.1e-05	2.518189999999997	3.379888999999997	0.06407540464412699	2.1518092326417978e-05	2.453220719453322	2018-02-01	ne_star	south	2018
2017-09-01	B/Analavory/2825/2017_EPI_ISL_274404	0.014230000000000001	3.461260999999996	4.379768000000003	0.06407540464412699	0.01458106922880609	3.3948964425380965	2018-02-01	ne_star	south	2018
2017-09-01	B/Analavory/2827/2017_EPI_ISL_276654	0.014230000000000001	3.461260999999996	4.379768000000003	0.06407540464412699	0.01458106922880609	3.3948964425380965	2018-02-01	ne_star	south	2018
2017-09-01	B/Anhui-Dangtu/1136/2017_EPI_ISL_270620	0.004716	4.463929999999996	5.201411999999999	-0.33867283203032483	0.004085813552300728	4.402419856471823	2018-02-01	ne_star	south	2018
2017-09-01	B/Anhui-Yingzhou/1148/2017_EPI_ISL_270707	0.000328	2.518189999999997	3.379888999999997	0.06407540464412699	0.0003360921087173856	2.453220719453322	2018-02-01	ne_star	south	2018
2017-09-01	B/Ankara/551/2017_EPI_ISL_275443	9.8e-05	4.465989999999995	5.36055	0.06407540464412699	0.00010041776418995056	4.407326703228383	2018-02-01	ne_star	south	2018
2017-09-01	B/Ankara/90/2017_EPI_ISL_261218	1.9e-05	2.518189999999997	3.379888999999997	0.06407540464412699	1.946875020009246e-05	2.453220719453322	2018-02-01	ne_star	south	2018
2017-09-01	B/Argentina/6/2017_EPI_ISL_276445	2.4e-05	3.518132999999996	4.3798800000000035	0.06407540464412699	2.4592105515906262e-05	3.4531715352422894	2018-02-01	ne_star	south	2018
2017-09-01	B/Arizona/06/2017_EPI_ISL_256110	0.000136	4.093741999999996	4.805950999999998	-0.7414210687047765	9.962399032193431e-05	4.05039768341401	2018-02-01	ne_star	south	2018
2017-09-01	B/Arizona/31/2017_EPI_ISL_270010	0.010740999999999999	4.261057000000001	5.641264000000001	0.06407540464412699	0.011005991889431214	4.165100577925041	2018-02-01	ne_star	south	2018
2017-09-01	B/Arizona/34/2017_EPI_ISL_272617	0.014515	3.282547999999999	4.641298999999996	0.06407540464412699	0.014873100481807476	3.1871125617039042	2018-02-01	ne_star	south	2018
2017-09-01	B/Arizona/35/2017_EPI_ISL_274413	0.018897	7.221184999999995	7.208587999999999	-0.7414210687047765	0.013842606949364653	7.276651821706162	2018-02-01	ne_star	south	2018
2017-09-01	B/Arizona/38/2017_EPI_ISL_276386	0.009290000000000001	3.282547999999999	4.641298999999996	0.06407540464412699	0.00951919417678205	3.1871125617039042	2018-02-01	ne_star	south	2018
2017-09-01	B/Arizona/44/2017_EPI_ISL_276384	0.009761	3.282547999999999	4.641298999999996	0.06407540464412699	0.01000181424753171	3.1871125617039042	2018-02-01	ne_star	south	2018
2017-09-01	B/Arizona/45/2017_EPI_ISL_276385	0.010492	3.282547999999999	4.641298999999996	0.06407540464412699	0.010750848794703689	3.1871125617039042	2018-02-01	ne_star	south	2018
2017-09-01	B/Arizona/47/2017_EPI_ISL_276648	0.024934	3.282547999999999	4.641298999999996	0.06407540464412699	0.025549148288900286	3.1871125617039042	2018-02-01	ne_star	south	2018
2017-09-01	B/Arizona/59/2017_EPI_ISL_276365	0.0017579999999999	3.282547999999999	4.641298999999996	0.06407540464412699	0.0018013717290400314	3.1871125617039042	2018-02-01	ne_star	south	2018
2017-09-01	B/Arizona/75/2017_EPI_ISL_276358	0.005501	3.282547999999999	4.641298999999996	0.06407540464412699	0.005636715518458348	3.1871125617039042	2018-02-01	ne_star	south	2018
2017-09-01	B/Astrakhan/02/2017_EPI_ISL_273887	2.7000000000000002e-05	3.485821999999995	4.203509000000002	0.06407540464412699	2.766611870539455e-05	3.423247877122587	2018-02-01	ne_star	south	2018
2017-09-01	B/Athens.GR/1280/2017_EPI_ISL_268008	0.000129	2.518189999999997	3.379888999999997	0.06407540464412699	0.00013218256714799616	2.453220719453322	2018-02-01	ne_star	south	2018
2017-09-01	B/Athens.GR/1886/2017_EPI_ISL_268013	0.000637	2.518189999999997	3.379888999999997	0.06407540464412699	0.0006527154672346788	2.453220719453322	2018-02-01	ne_star	south	2018
2017-09-01	B/Athens_GR/580/2017_EPI_ISL_261220	3.1e-05	2.518189999999997	3.379888999999997	0.06407540464412699	3.176480295804559e-05	2.453220719453322	2018-02-01	ne_star	south	2018
2017-09-01	B/Athens_GR/77/2017_EPI_ISL_261221	1.2e-05	2.518189999999997	3.379888999999997	0.06407540464412699	1.2296052757953131e-05	2.453220719453322	2018-02-01	ne_star	south	2018
2017-09-01	B/Athens_GR/78/2017_EPI_ISL_261222	1.1e-05	2.518189999999997	3.379888999999997	0.06407540464412699	1.127138169479037e-05	2.453220719453322	2018-02-01	ne_star	south	2018
2017-09-01	B/Bahia/128/2017_EPI_ISL_267613	8.8e-05	2.518189999999997	3.379888999999997	0.06407540464412699	9.017105355832297e-05	2.453220719453322	2018-02-01	ne_star	south	2018
2017-09-01	B/Bangladesh/0010/2017_EPI_ISL_272618	8.3e-05	3.504975999999996	4.371768000000003	-0.33867283203032483	7.190893232420706e-05	3.4414629027309904	2018-02-01	ne_star	south	2018
2017-09-01	B/Bangladesh/2025/2017_EPI_ISL_268467	0.00020800000000000001	3.4938439999999966	4.363656000000003	0.06407540464412699	0.0002131315811378543	3.4312569463228915	2018-02-01	ne_star	south	2018
2017-09-01	B/Bangladesh/2109/2017_EPI_ISL_269988	0.0018989999999999999	2.518189999999997	3.379888999999997	0.06407540464412699	0.001945850348946083	2.453220719453322	2018-02-01	ne_star	south	2018
2017-09-01	B/Bangladesh/3004/2017_EPI_ISL_268468	0.001827	3.0883949999999962	3.702384000000001	0.06407540464412699	0.0018720740323983642	3.0449291806804135	2018-02-01	ne_star	south	2018
2017-09-01	B/Bangladesh/8001/2017_EPI_ISL_268470	0.000312	2.518189999999997	3.379888999999997	0.06407540464412699	0.00031969737170678143	2.453220719453322	2018-02-01	ne_star	south	2018
2017-09-01	B/Bangladesh/8002/2017_EPI_ISL_269990	0.001441	3.4938439999999966	4.363656000000003	0.06407540464412699	0.0014765510020175387	3.4312569463228915	2018-02-01	ne_star	south	2018
2017-09-01	B/Bangladesh/8005/2017_EPI_ISL_268471	2.3e-05	3.518134999999996	4.3798800000000035	0.06407540464412699	2.3567434452743502e-05	3.4531735845844156	2018-02-01	ne_star	south	2018
2017-09-01	B/Bangladesh/8008/2017_EPI_ISL_269991	0.001827	3.514488999999996	4.379154000000003	-0.33867283203032483	0.0015828628838111603	3.450022071523912	2018-02-01	ne_star	south	2018
2017-09-01	B/Bayern/10/2017_EPI_ISL_258053	0.000188	3.517804999999996	4.374610000000003	0.06407540464412699	0.00019263815987459904	3.452835443133572	2018-02-01	ne_star	south	2018
2017-09-01	B/Belgium/S1204/2017_EPI_ISL_262008	0.000269	2.518189999999997	3.379888999999997	0.06407540464412699	0.0002756365159907827	2.453220719453322	2018-02-01	ne_star	south	2018
2017-09-01	B/Brisbane/3/2017_EPI_ISL_261889	3.1e-05	3.513108999999996	4.375296000000003	0.06407540464412699	3.176480295804559e-05	3.4485836475055254	2018-02-01	ne_star	south	2018
2017-09-01	B/Bulgaria/513/2017_EPI_ISL_263075	0.00021899999999999998	2.518189999999997	3.379888999999997	0.06407540464412699	0.00022440296283264465	2.453220719453322	2018-02-01	ne_star	south	2018
2017-09-01	B/Buzau/210450/2017_EPI_ISL_276660	0.000909	3.4936469999999966	4.275321000000001	0.06407540464412699	0.0009314259964149497	3.430798314763852	2018-02-01	ne_star	south	2018
2017-09-01	B/California/01/2017_EPI_ISL_247689	1.4000000000000001e-05	2.518189999999997	3.379888999999997	0.06407540464412699	1.4345394884278656e-05	2.453220719453322	2018-02-01	ne_star	south	2018
2017-09-01	B/California/21/2017_EPI_ISL_266868	0.0015609999999999999	3.282547999999999	4.641298999999996	0.06407540464412699	0.0015995115295970698	3.1871125617039042	2018-02-01	ne_star	south	2018
2017-09-01	B/Ceara/145411-IEC/2017_EPI_ISL_276500	2.7000000000000002e-05	3.510418999999996	4.3798800000000035	0.06407540464412699	2.766611870539455e-05	3.4452672226610517	2018-02-01	ne_star	south	2018
2017-09-01	B/Ceara/146936-IEC/2017_EPI_ISL_275410	0.00247	3.510418999999996	4.3798800000000035	0.06407540464412699	0.0025309375260120196	3.4452672226610517	2018-02-01	ne_star	south	2018
2017-09-01	B/Colorado/06/2017_EPI_ISL_257735__dup9	0.00024300000000000002	5.968125999999995	5.771252999999998	0.06407540464412699	0.0002489950683485509	6.009715031433703	2018-02-01	ne_star	south	2018
2017-09-01	B/Colorado/12/2017_EPI_ISL_264100	0.000762	3.282547999999999	4.641298999999996	0.06407540464412699	0.0007807993501300238	3.1871125617039042	2018-02-01	ne_star	south	2018
2017-09-01	B/Colorado/13/2017_EPI_ISL_260482__dup2	0.001274	5.968125999999995	5.771252999999998	0.06407540464412699	0.0013054309344693576	6.009715031433703	2018-02-01	ne_star	south	2018
2017-09-01	B/Connecticut/10/2017_EPI_ISL_256835	4.1e-05	2.518189999999997	3.379888999999997	0.06407540464412699	4.20115135896732e-05	2.453220719453322	2018-02-01	ne_star	south	2018
2017-09-01	B/Connecticut/12/2017_EPI_ISL_256834	4.7e-05	2.518189999999997	3.379888999999997	0.06407540464412699	4.815953996864976e-05	2.453220719453322	2018-02-01	ne_star	south	2018
2017-09-01	B/Dakar/04/2017_EPI_ISL_275466	0.00037999999999999997	3.4365889999999957	4.358059000000003	0.06407540464412699	0.0003893750040018491	3.3698591121226382	2018-02-01	ne_star	south	2018
2017-09-01	B/Dakar/06/2017_EPI_ISL_275468	0.000797	3.4365889999999957	4.358059000000003	0.06407540464412699	0.0008166628373407204	3.3698591121226382	2018-02-01	ne_star	south	2018
2017-09-01	B/Dakar/08/2017_EPI_ISL_275470	0.000797	5.4333730000000005	6.358041000000004	0.06407540464412699	0.0008166628373407204	5.366582214062645	2018-02-01	ne_star	south	2018
2017-09-01	B/Dakar/09/2017_EPI_ISL_275471	0.002129	2.518189999999997	3.379888999999997	0.06407540464412699	0.002181524693473518	2.453220719453322	2018-02-01	ne_star	south	2018
2017-09-01	B/Delaware/13/2017_EPI_ISL_258183__dup2	0.000283	3.5173109999999963	4.3798800000000035	0.06407540464412699	0.00028998191087506133	3.45232925562837	2018-02-01	ne_star	south	2018
2017-09-01	B/Delaware/14/2017_EPI_ISL_258196	0.000283	2.518189999999997	3.379888999999997	0.06407540464412699	0.00028998191087506133	2.453220719453322	2018-02-01	ne_star	south	2018
2017-09-01	B/Delaware/24/2017_EPI_ISL_264389	0.0015609999999999999	5.309176999999994	5.2088899999999985	0.06407540464412699	0.0015995115295970698	5.342753141500823	2018-02-01	ne_star	south	2018
2017-09-01	B/EHIME/3/2017_EPI_ISL_271952	0.001625	3.5149309999999963	4.3798800000000035	0.06407540464412699	0.0016650904776394865	3.449890538498042	2018-02-01	ne_star	south	2018
2017-09-01	B/Ecuador/2934/2017_EPI_ISL_272621	0.000608	4.500198999999997	5.371203	-0.7414210687047765	0.0004453778390862946	4.437489092556575	2018-02-01	ne_star	south	2018
2017-09-01	B/Egypt/1428/2017_EPI_ISL_269526	0.000269	3.517642999999996	4.3798800000000035	-0.33867283203032483	0.00023305425054471926	3.4527546109522316	2018-02-01	ne_star	south	2018
2017-09-01	B/Egypt/174/2017_EPI_ISL_268024	1.2e-05	2.518189999999997	3.379888999999997	0.06407540464412699	1.2296052757953131e-05	2.453220719453322	2018-02-01	ne_star	south	2018
2017-09-01	B/England/23/2017_EPI_ISL_270910__dup2	6.6e-05	2.518189999999997	3.379888999999997	0.06407540464412699	6.762829016874223e-05	2.453220719453322	2018-02-01	ne_star	south	2018
2017-09-01	B/Esteli/240/2017_EPI_ISL_276581	0.00415	3.504940999999996	4.3798800000000035	0.06407540464412699	0.004252384912125458	3.439654074577046	2018-02-01	ne_star	south	2018
2017-09-01	B/FUKUI/11/2017_EPI_ISL_271960	0.00584	5.468451	6.274747000000001	-0.33867283203032483	0.005059616443052642	5.408696996998812	2018-02-01	ne_star	south	2018
2017-09-01	B/FUKUSHIMA/3/2017_EPI_ISL_265152	7.900000000000001e-05	3.485821999999995	4.203509000000002	0.06407540464412699	8.094901398985813e-05	3.423247877122587	2018-02-01	ne_star	south	2018
2017-09-01	B/Fianarantsoa/2440/2017_EPI_ISL_274358	0.006559000000000001	2.518189999999997	3.379888999999997	0.06407540464412699	0.00672081750328455	2.453220719453322	2018-02-01	ne_star	south	2018
2017-09-01	B/Fianarantsoa/2441/2017_EPI_ISL_274405	0.006559000000000001	2.518189999999997	3.379888999999997	0.06407540464412699	0.00672081750328455	2.453220719453322	2018-02-01	ne_star	south	2018
2017-09-01	B/Florida/10/2017_EPI_ISL_256846__dup2	0.000129	4.515680999999996	5.379486999999999	-0.7414210687047765	9.44962849377171e-05	4.451039676911903	2018-02-01	ne_star	south	2018
2017-09-01	B/Florida/14/2017_EPI_ISL_258170	0.00020800000000000001	2.518189999999997	3.379888999999997	0.06407540464412699	0.0002131315811378543	2.453220719453322	2018-02-01	ne_star	south	2018
2017-09-01	B/Florida/18/2017_EPI_ISL_259478	0.000362	2.518189999999997	3.379888999999997	0.06407540464412699	0.00037093092486491946	2.453220719453322	2018-02-01	ne_star	south	2018
2017-09-01	B/Florida/22/2017_EPI_ISL_262826	0.000697	3.5159479999999963	4.379496000000003	-0.33867283203032483	0.0006038617569876184	3.4512286694817735	2018-02-01	ne_star	south	2018
2017-09-01	B/Florida/35/2017_EPI_ISL_268483	0.001274	2.518189999999997	3.379888999999997	0.06407540464412699	0.0013054309344693576	2.453220719453322	2018-02-01	ne_star	south	2018
2017-09-01	B/Florida/57/2017_EPI_ISL_268815	0.009761	5.968125999999995	5.771252999999998	0.06407540464412699	0.01000181424753171	6.009715031433703	2018-02-01	ne_star	south	2018
2017-09-01	B/Florida/64/2017_EPI_ISL_268917	0.0008699999999999	5.968125999999995	5.771252999999998	0.06407540464412699	0.0008914638249514997	6.009715031433703	2018-02-01	ne_star	south	2018
2017-09-01	B/Florida/77/2017_EPI_ISL_268923	0.004016	5.968125999999995	5.771252999999998	0.06407540464412699	0.004115078989661648	6.009715031433703	2018-02-01	ne_star	south	2018
2017-09-01	B/Florida/80/2017_EPI_ISL_268926	0.00817	5.968125999999995	5.771252999999998	0.06407540464412699	0.008371562586039757	6.009715031433703	2018-02-01	ne_star	south	2018
2017-09-01	B/Florida/81/2017_EPI_ISL_270015	0.01125	5.968125999999995	5.771252999999998	0.06407540464412699	0.011527549460581061	6.009715031433703	2018-02-01	ne_star	south	2018
2017-09-01	B/Florida/83/2017_EPI_ISL_270080	0.0123	5.968125999999995	5.771252999999998	0.06407540464412699	0.01260345407690196	6.009715031433703	2018-02-01	ne_star	south	2018
2017-09-01	B/Florida/87/2017_EPI_ISL_274423	0.02122	6.880471999999991	6.763310999999993	-0.33867283203032483	0.018384428239996073	6.933151295551679	2018-02-01	ne_star	south	2018
2017-09-01	B/Florida/89/2017_EPI_ISL_274393	0.018603	6.880471999999991	6.763310999999993	-0.33867283203032483	0.016117130940087036	6.933151295551679	2018-02-01	ne_star	south	2018
2017-09-01	B/Florida/90/2017_EPI_ISL_274394	0.020648	5.968125999999995	5.771252999999998	0.06407540464412699	0.021157408112184688	6.009715031433703	2018-02-01	ne_star	south	2018
2017-09-01	B/Fujian-Gulou/1994/2017_EPI_ISL_270621	0.0037579999999999996	3.4902379999999953	4.2828490000000015	0.06407540464412699	0.0038507138553656554	3.4269434993008154	2018-02-01	ne_star	south	2018
2017-09-01	B/Georgia/425/2017_EPI_ISL_273315	0.000666	2.518189999999997	3.379888999999997	0.06407540464412699	0.0006824309280663988	2.453220719453322	2018-02-01	ne_star	south	2018
2017-09-01	B/Georgia/501/2017_EPI_ISL_273322	0.001384	2.518189999999997	3.379888999999997	0.06407540464412699	0.0014181447514172612	2.453220719453322	2018-02-01	ne_star	south	2018
2017-09-01	B/Georgia/506/2017_EPI_ISL_273319	0.0017579999999999	2.518189999999997	3.379888999999997	0.06407540464412699	0.0018013717290400314	2.453220719453322	2018-02-01	ne_star	south	2018
2017-09-01	B/Georgia/515/2017_EPI_ISL_273321	0.001625	2.518189999999997	3.379888999999997	0.06407540464412699	0.0016650904776394865	2.453220719453322	2018-02-01	ne_star	south	2018
2017-09-01	B/Georgia/518/2017_EPI_ISL_273318	0.001827	2.518189999999997	3.379888999999997	0.06407540464412699	0.0018720740323983642	2.453220719453322	2018-02-01	ne_star	south	2018
2017-09-01	B/Georgia/523/2017_EPI_ISL_273320	0.0017579999999999	5.503349000000002	6.374444000000004	-0.33867283203032483	0.0015230831689873354	5.440300499627725	2018-02-01	ne_star	south	2018
2017-09-01	B/Georgia/559/2017_EPI_ISL_273317	0.002956	2.518189999999997	3.379888999999997	0.06407540464412699	0.0030289276627091214	2.453220719453322	2018-02-01	ne_star	south	2018
2017-09-01	B/Goias/524558/2017_EPI_ISL_264578	1.2e-05	2.518189999999997	3.379888999999997	0.06407540464412699	1.2296052757953131e-05	2.453220719453322	2018-02-01	ne_star	south	2018
2017-09-01	B/Guangdong-Dongwanbendi/1421/2017_EPI_ISL_270618	0.009290000000000001	3.499600999999996	4.3798800000000035	0.06407540464412699	0.00951919417678205	3.4341823310997572	2018-02-01	ne_star	south	2018
2017-09-01	B/Guangxi-Lingshan/35/2017_EPI_ISL_270715	0.000297	3.5175869999999962	4.3798800000000035	-0.33867283203032483	0.00025731268554565664	3.45270609408223	2018-02-01	ne_star	south	2018
2017-09-01	B/Guangxi-Xixiangtang/1136/2017_EPI_ISL_270721	8.8e-05	4.488016999999997	5.2733149999999975	-0.33867283203032483	7.62407957172316e-05	4.4252246393196755	2018-02-01	ne_star	south	2018
2017-09-01	B/HYOGO/3233/2017_EPI_ISL_267603	0.000909	4.444519999999996	5.2891809999999975	0.06407540464412699	0.0009314259964149497	4.3797332254871595	2018-02-01	ne_star	south	2018
2017-09-01	B/Hawaii/35/2017_EPI_ISL_272629	0.0123	4.126110000000001	5.609911	0.06407540464412699	0.01260345407690196	4.027067646019307	2018-02-01	ne_star	south	2018
2017-09-01	B/Hawaii/51/2017_EPI_ISL_276638	0.018603	3.4809749999999955	4.360969000000003	0.06407540464412699	0.019061955788016845	3.415096807877288	2018-02-01	ne_star	south	2018
2017-09-01	B/Heilongjiang-Taoshan/116/2017_EPI_ISL_253324	1.3000000000000001e-05	2.518189999999997	3.379888999999997	0.06407540464412699	1.3320723821115895e-05	2.453220719453322	2018-02-01	ne_star	south	2018
2017-09-01	B/Hong_Kong/194/2017_EPI_ISL_269528	0.002381	4.483456999999997	5.2733149999999975	0.06407540464412699	0.002439741801390534	4.420520162997973	2018-02-01	ne_star	south	2018
2017-09-01	B/Hong_Kong/201/2017_EPI_ISL_269529	0.002381	3.5134189999999963	4.359055000000003	0.06407540464412699	0.002439741801390534	3.4483412358505405	2018-02-01	ne_star	south	2018
2017-09-01	B/Hong_Kong/21/2017_EPI_ISL_247608	1.9e-05	3.514488999999996	4.379154000000003	-0.33867283203032483	1.6461080893493185e-05	3.450022071523912	2018-02-01	ne_star	south	2018
2017-09-01	B/Hong_Kong/217/2017_EPI_ISL_269531	0.002656	3.5111289999999964	4.275480000000001	0.06407540464412699	0.002721526343760293	3.4459947391158976	2018-02-01	ne_star	south	2018
2017-09-01	B/Hong_Kong/238/2017_EPI_ISL_269535	0.004286	2.518189999999997	3.379888999999997	0.06407540464412699	0.004391740176715593	2.453220719453322	2018-02-01	ne_star	south	2018
2017-09-01	B/Hong_Kong/296/2017_EPI_ISL_276543	0.012569	6.224426999999996	6.506437000000001	0.06407540464412699	0.012879090592892743	6.203126939500981	2018-02-01	ne_star	south	2018
2017-09-01	B/Hong_Kong/296/2017_EPI_ISL_276543__dup2	0.012569	6.224426999999996	6.506437000000001	0.06407540464412699	0.012879090592892743	6.203126939500981	2018-02-01	ne_star	south	2018
2017-09-01	B/Hong_Kong/348/2017_EPI_ISL_276544	0.021504	4.412218999999996	5.0482499999999995	0.06407540464412699	0.02203452654225201	4.344653746298042	2018-02-01	ne_star	south	2018
2017-09-01	B/Hubei-Wujiagang/1127/2017_EPI_ISL_270719	0.000129	3.4882279999999954	4.2733240000000015	0.06407540464412699	0.00013218256714799616	3.425399646600748	2018-02-01	ne_star	south	2018
2017-09-01	B/IBARAKI/1/2017_EPI_ISL_267597	1.2e-05	2.518189999999997	3.379888999999997	0.06407540464412699	1.2296052757953131e-05	2.453220719453322	2018-02-01	ne_star	south	2018
2017-09-01	B/ISHIKAWA/67/2017_EPI_ISL_267610	0.000439	3.4580269999999955	4.289190000000001	0.06407540464412699	0.0004498305967284521	3.3917153103660884	2018-02-01	ne_star	south	2018
2017-09-01	B/Idaho/04/2017_EPI_ISL_260489	0.00053	2.518189999999997	3.379888999999997	0.06407540464412699	0.0005430756634762633	2.453220719453322	2018-02-01	ne_star	south	2018
2017-09-01	B/Illinois/03/2017_EPI_ISL_249892	5e-05	3.517982999999996	4.349204000000004	0.06407540464412699	5.123355315813806e-05	3.453017834582815	2018-02-01	ne_star	south	2018
2017-09-01	B/Illinois/05/2017_EPI_ISL_258171__dup2	8.3e-05	2.518189999999997	3.379888999999997	0.06407540464412699	8.504769824250915e-05	2.453220719453322	2018-02-01	ne_star	south	2018
2017-09-01	B/Illinois/08/2017_EPI_ISL_256871	0.000178	4.126110000000001	5.609911	0.06407540464412699	0.00018239144924297145	4.027067646019307	2018-02-01	ne_star	south	2018
2017-09-01	B/Illinois/30/2017_EPI_ISL_268870	0.000909	4.126110000000001	5.609911	0.06407540464412699	0.0009314259964149497	4.027067646019307	2018-02-01	ne_star	south	2018
2017-09-01	B/Illinois/41/2017_EPI_ISL_268881	0.00205	3.282547999999999	4.641298999999996	0.06407540464412699	0.0021005756794836602	3.1871125617039042	2018-02-01	ne_star	south	2018
2017-09-01	B/Iowa/06/2017_EPI_ISL_253228__dup2	0.000136	5.309176999999994	5.2088899999999985	0.06407540464412699	0.0001393552645901355	5.342753141500823	2018-02-01	ne_star	south	2018
2017-09-01	B/Irkutsk/10/2017_EPI_ISL_273736	0.000833	5.432481	6.357997000000003	-0.7414210687047765	0.0006101969407218477	5.366884977748768	2018-02-01	ne_star	south	2018
2017-09-01	B/Irkutsk/579/2017_EPI_ISL_276670	0.000169	4.517447999999996	5.379198999999999	-0.33867283203032483	0.00014641698268422882	4.452593465634016	2018-02-01	ne_star	south	2018
2017-09-01	B/Jamaica/1087/2017_EPI_ISL_272635	0.010492	5.968125999999995	5.771252999999998	0.06407540464412699	0.010750848794703689	6.009715031433703	2018-02-01	ne_star	south	2018
2017-09-01	B/Jamaica/1101/2017_EPI_ISL_272636	0.010740999999999999	5.968125999999995	5.771252999999998	0.06407540464412699	0.011005991889431214	6.009715031433703	2018-02-01	ne_star	south	2018
2017-09-01	B/Jamaica/1134/2017_EPI_ISL_272638	0.012034	7.9197479999999985	7.768340999999992	-0.33867283203032483	0.01042592881433142	7.9678215211324925	2018-02-01	ne_star	south	2018
2017-09-01	B/Jamaica/1137/2017_EPI_ISL_272639	0.0123	6.943516999999993	6.771207999999993	0.06407540464412699	0.01260345407690196	6.984508123279895	2018-02-01	ne_star	south	2018
2017-09-01	B/Jiangsu-Haizhou/123/2017_EPI_ISL_253322	1.8e-05	5.497982999999998	6.323006000000003	0.06407540464412699	1.8444079136929697e-05	5.435248991042399	2018-02-01	ne_star	south	2018
2017-09-01	B/Jiangxi-Donghu/15/2017_EPI_ISL_242417	1.2e-05	3.5181569999999964	4.285968000000001	0.06407540464412699	1.2296052757953131e-05	3.4531961273478053	2018-02-01	ne_star	south	2018
2017-09-01	B/KANAGAWA/AC1623/2017_EPI_ISL_259047	2.7000000000000002e-05	3.1061009999999967	3.807390000000001	-0.33867283203032483	2.339206232233242e-05	3.0610679457357586	2018-02-01	ne_star	south	2018
2017-09-01	B/KANAGAWA/AC1629/2017_EPI_ISL_259057__dup2	8.8e-05	3.4580269999999955	4.289190000000001	0.06407540464412699	9.017105355832297e-05	3.3917153103660884	2018-02-01	ne_star	south	2018
2017-09-01	B/KANAGAWA/AC1633/2017_EPI_ISL_259058__dup2	0.000198	2.518189999999997	3.379888999999997	0.06407540464412699	0.00020288487050622664	2.453220719453322	2018-02-01	ne_star	south	2018
2017-09-01	B/KANAGAWA/IC1637/2017_EPI_ISL_259056	0.000188	4.427347999999996	5.191393999999997	-0.33867283203032483	0.000162878063577722	4.363653914216208	2018-02-01	ne_star	south	2018
2017-09-01	B/KANAGAWA/IC1638/2017_EPI_ISL_259059	0.00021899999999999998	5.460393999999997	6.097626000000002	-0.33867283203032483	0.00018973561661447404	5.4000665299666615	2018-02-01	ne_star	south	2018
2017-09-01	B/KANAGAWA/IC1638/2017_EPI_ISL_259059__dup2	0.00021899999999999998	3.5173049999999964	4.378574000000003	-0.33867283203032483	0.00018973561661447404	3.4524617769868633	2018-02-01	ne_star	south	2018
2017-09-01	B/KANAGAWA/IC1639/2017_EPI_ISL_259060	0.000231	4.442641999999996	5.232880999999996	-0.33867283203032483	0.0002001320887577329	4.377754280287867	2018-02-01	ne_star	south	2018
2017-09-01	B/KANAGAWA/IC1639/2017_EPI_ISL_259060__dup2	0.000231	3.4580269999999955	4.289190000000001	0.06407540464412699	0.0002366990155905978	3.3917153103660884	2018-02-01	ne_star	south	2018
2017-09-01	B/KANAGAWA/ZC1618/2017_EPI_ISL_259062	0.00021899999999999998	3.502804999999997	4.323580000000002	0.06407540464412699	0.00022440296283264465	3.4392596893750937	2018-02-01	ne_star	south	2018
2017-09-01	B/KANAGAWA/ZC1618/2017_EPI_ISL_259062__dup2	0.00021899999999999998	2.518189999999997	3.379888999999997	0.06407540464412699	0.00022440296283264465	2.453220719453322	2018-02-01	ne_star	south	2018
2017-09-01	B/KITAKYUSYU/5/2017_EPI_ISL_271962	0.0005809999999999	3.5170189999999963	4.3798800000000035	-0.33867283203032483	0.0005033625262693628	3.4522139944007826	2018-02-01	ne_star	south	2018
2017-09-01	B/Kaliningrad/22/2017_EPI_ISL_276444	9.8e-05	3.503174999999997	4.324063000000002	-0.33867283203032483	8.490452250328063e-05	3.4396177639833176	2018-02-01	ne_star	south	2018
2017-09-01	B/Kansas/01/2017_EPI_ISL_253229	1.9e-05	3.514612999999996	4.3798800000000035	0.06407540464412699	1.946875020009246e-05	3.4497873050925474	2018-02-01	ne_star	south	2018
2017-09-01	B/Karaganda/115/2017_EPI_ISL_268819	8.8e-05	2.518189999999997	3.379888999999997	0.06407540464412699	9.017105355832297e-05	2.453220719453322	2018-02-01	ne_star	south	2018
2017-09-01	B/Karaganda/72/2017_EPI_ISL_268822	2.8999999999999997e-05	2.518189999999997	3.379888999999997	0.06407540464412699	2.9715460831720066e-05	2.453220719453322	2018-02-01	ne_star	south	2018
2017-09-01	B/Karaganda/75/2017_EPI_ISL_268823	2.8999999999999997e-05	2.518189999999997	3.379888999999997	0.06407540464412699	2.9715460831720066e-05	2.453220719453322	2018-02-01	ne_star	south	2018
2017-09-01	B/Kazakhstan/7440/2017_EPI_ISL_276675	0.000439	3.513108999999996	4.375296000000003	0.06407540464412699	0.0004498305967284521	3.4485836475055254	2018-02-01	ne_star	south	2018
2017-09-01	B/Kharkiv/191/2017_EPI_ISL_269709	0.000283	2.518189999999997	3.379888999999997	0.06407540464412699	0.00028998191087506133	2.453220719453322	2018-02-01	ne_star	south	2018
2017-09-01	B/Khmelnitsky/155/2017_EPI_ISL_268838	0.0015	3.485821999999995	4.203509000000002	0.06407540464412699	0.0015370065947441414	3.423247877122587	2018-02-01	ne_star	south	2018
2017-09-01	B/Krasnoyarsk/5427/2017_EPI_ISL_273748	0.000762	3.5166439999999963	4.376826000000003	0.06407540464412699	0.0007807993501300238	3.4516478579082395	2018-02-01	ne_star	south	2018
2017-09-01	B/Kyiv/129/2017_EPI_ISL_268839	0.0015	2.518189999999997	3.379888999999997	0.06407540464412699	0.0015370065947441414	2.453220719453322	2018-02-01	ne_star	south	2018
2017-09-01	B/Kyiv/196/2017_EPI_ISL_267619	0.004016	2.518189999999997	3.379888999999997	0.06407540464412699	0.004115078989661648	2.453220719453322	2018-02-01	ne_star	south	2018
2017-09-01	B/Kyiv/303/2017_EPI_ISL_269718	0.00415	2.518189999999997	3.379888999999997	0.06407540464412699	0.004252384912125458	2.453220719453322	2018-02-01	ne_star	south	2018
2017-09-01	B/Kyrgyzstan/117/2017_EPI_ISL_267628	8.8e-05	2.518189999999997	3.379888999999997	0.06407540464412699	9.017105355832297e-05	2.453220719453322	2018-02-01	ne_star	south	2018
2017-09-01	B/Kyrgyzstan/136/2017_EPI_ISL_267634	0.000833	3.510174999999996	4.3368680000000035	0.06407540464412699	0.0008535509956145798	3.446020814679737	2018-02-01	ne_star	south	2018
2017-09-01	B/Kyrgyzstan/65/2017_EPI_ISL_267640	1.1e-05	3.5181589999999963	4.309840000000001	-0.33867283203032483	9.53009946465395e-06	3.453201659254392	2018-02-01	ne_star	south	2018
2017-09-01	B/Kyrgyzstan/790/2017_EPI_ISL_267645	0.000188	2.518189999999997	3.379888999999997	0.06407540464412699	0.00019263815987459904	2.453220719453322	2018-02-01	ne_star	south	2018
2017-09-01	B/Kyrgyzstan/814/2017_EPI_ISL_267647	5.9e-05	2.518189999999997	3.379888999999997	0.06407540464412699	6.0455592726602896e-05	2.453220719453322	2018-02-01	ne_star	south	2018
2017-09-01	B/Kyrgyzstan/837/2017_EPI_ISL_267648	0.00010400000000000001	2.518189999999997	3.379888999999997	0.06407540464412699	0.00010656579056892716	2.453220719453322	2018-02-01	ne_star	south	2018
2017-09-01	B/Kyrgyzstan/854/2017_EPI_ISL_267650	9.300000000000001e-05	2.518189999999997	3.379888999999997	0.06407540464412699	9.529440887413678e-05	2.453220719453322	2018-02-01	ne_star	south	2018
2017-09-01	B/Kyrgyzstan/966/2017_EPI_ISL_267652	0.002656	2.518189999999997	3.379888999999997	0.06407540464412699	0.002721526343760293	2.453220719453322	2018-02-01	ne_star	south	2018
2017-09-01	B/Laos/0106/2017_EPI_ISL_270019	1.8e-05	2.518189999999997	3.379888999999997	0.06407540464412699	1.8444079136929697e-05	2.453220719453322	2018-02-01	ne_star	south	2018
2017-09-01	B/Laos/0186/2017_EPI_ISL_268843	2.6000000000000002e-05	2.518189999999997	3.379888999999997	0.06407540464412699	2.664144764223179e-05	2.453220719453322	2018-02-01	ne_star	south	2018
2017-09-01	B/Laos/0734/2017_EPI_ISL_270021	0.000269	2.518189999999997	3.379888999999997	0.06407540464412699	0.0002756365159907827	2.453220719453322	2018-02-01	ne_star	south	2018
2017-09-01	B/Laos/0743/2017_EPI_ISL_268492	0.000269	2.518189999999997	3.379888999999997	0.06407540464412699	0.0002756365159907827	2.453220719453322	2018-02-01	ne_star	south	2018
2017-09-01	B/Laos/3949/2017_EPI_ISL_270023	1e-05	3.517363999999996	4.3798800000000035	0.06407540464412699	1.024671063162761e-05	3.4523835631947173	2018-02-01	ne_star	south	2018
2017-09-01	B/Laos/F0035/2017_EPI_ISL_269492	1.3000000000000001e-05	4.517357999999996	5.378343999999999	-0.33867283203032483	1.1262844821863758e-05	4.45239486872391	2018-02-01	ne_star	south	2018
2017-09-01	B/Laos/F0056/2017_EPI_ISL_269493	1.1e-05	2.518189999999997	3.379888999999997	0.06407540464412699	1.127138169479037e-05	2.453220719453322	2018-02-01	ne_star	south	2018
2017-09-01	B/Laos/F0318/2017_EPI_ISL_269496	3.9e-05	3.5181029999999964	4.3798800000000035	0.06407540464412699	3.996217146334768e-05	3.4531407951103947	2018-02-01	ne_star	south	2018
2017-09-01	B/Laos/F0541/2017_EPI_ISL_269497	0.000129	2.518189999999997	3.379888999999997	0.06407540464412699	0.00013218256714799616	2.453220719453322	2018-02-01	ne_star	south	2018
2017-09-01	B/Laos/F0548/2017_EPI_ISL_269498	0.000129	2.518189999999997	3.379888999999997	0.06407540464412699	0.00013218256714799616	2.453220719453322	2018-02-01	ne_star	south	2018
2017-09-01	B/Latvia/02-04598/2017_EPI_ISL_266981	7e-05	2.518189999999997	3.379888999999997	0.06407540464412699	7.172697442139326e-05	2.453220719453322	2018-02-01	ne_star	south	2018
2017-09-01	B/Linkoping/4/2017_EPI_ISL_261691__dup2	0.000169	2.518189999999997	3.379888999999997	0.06407540464412699	0.0001731694096745066	2.453220719453322	2018-02-01	ne_star	south	2018
2017-09-01	B/Louisiana/24/2017_EPI_ISL_270095	0.00053	2.518189999999997	3.379888999999997	0.06407540464412699	0.0005430756634762633	2.453220719453322	2018-02-01	ne_star	south	2018
2017-09-01	B/Lyon/CHU/12.1R308/2017_EPI_ISL_273314	2e-05	2.518189999999997	3.379888999999997	0.06407540464412699	2.049342126325522e-05	2.453220719453322	2018-02-01	ne_star	south	2018
2017-09-01	B/Lyon/CHU/25.1R258/2017_EPI_ISL_273311	4.4e-05	2.518189999999997	3.379888999999997	0.06407540464412699	4.508552677916148e-05	2.453220719453322	2018-02-01	ne_star	south	2018
2017-09-01	B/MIE/13/2017_EPI_ISL_267599	0.0013289999999999999	3.4936469999999966	4.275321000000001	0.06407540464412699	0.001361787842943309	3.430798314763852	2018-02-01	ne_star	south	2018
2017-09-01	B/MIE/3/2017_EPI_ISL_259049	3.9e-05	3.4580269999999955	4.289190000000001	0.06407540464412699	3.996217146334768e-05	3.3917153103660884	2018-02-01	ne_star	south	2018
2017-09-01	B/Maldives/133/2017_EPI_ISL_262780	0.000188	2.518189999999997	3.379888999999997	0.06407540464412699	0.00019263815987459904	2.453220719453322	2018-02-01	ne_star	south	2018
2017-09-01	B/Maldives/49/2017_EPI_ISL_262781	4.7e-05	3.5100549999999964	4.3798800000000035	-0.33867283203032483	4.07195158944305e-05	3.4461805750669776	2018-02-01	ne_star	south	2018
2017-09-01	B/Maranhao/145937-IEC/2017_EPI_ISL_276504	8.8e-05	2.518189999999997	3.379888999999997	0.06407540464412699	9.017105355832297e-05	2.453220719453322	2018-02-01	ne_star	south	2018
2017-09-01	B/Maryland/37/2017_EPI_ISL_267569	0.0018989999999999999	3.282547999999999	4.641298999999996	0.06407540464412699	0.001945850348946083	3.1871125617039042	2018-02-01	ne_star	south	2018
2017-09-01	B/Maryland/38/2017_EPI_ISL_267572	0.001973	5.309176999999994	5.2088899999999985	0.06407540464412699	0.002021676007620127	5.342753141500823	2018-02-01	ne_star	south	2018
2017-09-01	B/Mexico/451/2017_EPI_ISL_259440	9.300000000000001e-05	3.5156489999999962	4.3798800000000035	0.06407540464412699	9.529440887413678e-05	3.4506262523213933	2018-02-01	ne_star	south	2018
2017-09-01	B/Minas_Gerais/68/2017_EPI_ISL_272644	1.2e-05	3.5181569999999964	4.365715000000003	0.06407540464412699	1.2296052757953131e-05	3.4531961273478053	2018-02-01	ne_star	south	2018
2017-09-01	B/Mississippi/02/2017_EPI_ISL_255235	2.8999999999999997e-05	5.309176999999994	5.2088899999999985	0.06407540464412699	2.9715460831720066e-05	5.342753141500823	2018-02-01	ne_star	south	2018
2017-09-01	B/Missouri/04/2017_EPI_ISL_256827	7.4e-05	3.282547999999999	4.641298999999996	0.06407540464412699	7.58256586740443e-05	3.1871125617039042	2018-02-01	ne_star	south	2018
2017-09-01	B/Moldova/267.11/2017_EPI_ISL_269560	0.0005809999999999	3.5161929999999963	4.379688000000003	0.06407540464412699	0.0005953338876974616	3.4513316936360012	2018-02-01	ne_star	south	2018
2017-09-01	B/Moldova/379.16/2017_EPI_ISL_269566	0.002294	2.518189999999997	3.379888999999997	0.06407540464412699	0.0023505954188953737	2.453220719453322	2018-02-01	ne_star	south	2018
2017-09-01	B/Moldova/406.18/2017_EPI_ISL_269567	0.003885	2.518189999999997	3.379888999999997	0.06407540464412699	0.003980847080387326	2.453220719453322	2018-02-01	ne_star	south	2018
2017-09-01	B/Moldova/422.18/2017_EPI_ISL_269568	0.003885	3.4664739999999954	4.375908000000003	0.06407540464412699	0.003980847080387326	3.4071776956709963	2018-02-01	ne_star	south	2018
2017-09-01	B/Moscow/107/2017_EPI_ISL_273906	0.001441	2.518189999999997	3.379888999999997	0.06407540464412699	0.0014765510020175387	2.453220719453322	2018-02-01	ne_star	south	2018
2017-09-01	B/Moscow/113/2017_EPI_ISL_276420	0.002294	4.508995999999996	5.379871	-0.33867283203032483	0.001987458924719651	4.445270883754449	2018-02-01	ne_star	south	2018
2017-09-01	B/Moscow/117/2017_EPI_ISL_276421	0.003885	2.518189999999997	3.379888999999997	0.06407540464412699	0.003980847080387326	2.453220719453322	2018-02-01	ne_star	south	2018
2017-09-01	B/Moscow/77/2017_EPI_ISL_274361	0.000169	2.518189999999997	3.379888999999997	0.06407540464412699	0.0001731694096745066	2.453220719453322	2018-02-01	ne_star	south	2018
2017-09-01	B/NAGANO/2272/2017_EPI_ISL_271951	0.002129	3.504724999999996	4.328644000000003	0.06407540464412699	0.002181524693473518	3.439432745627403	2018-02-01	ne_star	south	2018
2017-09-01	B/NAGANO/2272/2017_EPI_ISL_271951__dup2	0.002129	3.504724999999996	4.328644000000003	0.06407540464412699	0.002181524693473518	3.439432745627403	2018-02-01	ne_star	south	2018
2017-09-01	B/NAGANO/2279/2017_EPI_ISL_269507	0.00247	3.504724999999996	4.328644000000003	0.06407540464412699	0.0025309375260120196	3.439432745627403	2018-02-01	ne_star	south	2018
2017-09-01	B/NARA/1/2017_EPI_ISL_265153	3.1e-05	2.518189999999997	3.379888999999997	0.06407540464412699	3.176480295804559e-05	2.453220719453322	2018-02-01	ne_star	south	2018
2017-09-01	B/Netherlands/3094/2017_EPI_ISL_259073	0.0015	2.518189999999997	3.379888999999997	0.06407540464412699	0.0015370065947441414	2.453220719453322	2018-02-01	ne_star	south	2018
2017-09-01	B/New_Jersey/28/2017_EPI_ISL_266634	0.004716	5.309176999999994	5.2088899999999985	0.06407540464412699	0.00483234873387558	5.342753141500823	2018-02-01	ne_star	south	2018
2017-09-01	B/New_Zealand/290/2017_EPI_ISL_276470	0.0123	3.462828999999996	4.379358000000004	0.06407540464412699	0.01260345407690196	3.396503126765136	2018-02-01	ne_star	south	2018
2017-09-01	B/New_Zealand/543/2017_EPI_ISL_276476	0.015375999999999999	3.462828999999996	4.379358000000004	0.06407540464412699	0.015755342267190612	3.396503126765136	2018-02-01	ne_star	south	2018
2017-09-01	B/Newcastle/4/2017_EPI_ISL_269264	0.000178	2.518189999999997	3.379888999999997	0.06407540464412699	0.00018239144924297145	2.453220719453322	2018-02-01	ne_star	south	2018
2017-09-01	B/North_Carolina/21/2017_EPI_ISL_268896	0.000637	2.518189999999997	3.379888999999997	0.06407540464412699	0.0006527154672346788	2.453220719453322	2018-02-01	ne_star	south	2018
2017-09-01	B/North_Carolina/24/2017_EPI_ISL_268899	0.000833	5.490465999999998	6.363638000000002	-0.33867283203032483	0.0007216884412778854	5.428345934122781	2018-02-01	ne_star	south	2018
2017-09-01	B/Norway/2077/2017_EPI_ISL_259624__dup2	0.0012230000000000001	2.518189999999997	3.379888999999997	0.06407540464412699	0.0012531727102480569	2.453220719453322	2018-02-01	ne_star	south	2018
2017-09-01	B/Norway/2424/2017_EPI_ISL_269572	0.00317	2.518189999999997	3.379888999999997	0.06407540464412699	0.0032482072702259526	2.453220719453322	2018-02-01	ne_star	south	2018
2017-09-01	B/Norway/998/2017_EPI_ISL_263095	9.8e-05	5.078054999999997	5.689371000000004	-0.33867283203032483	8.490452250328063e-05	5.035986481891853	2018-02-01	ne_star	south	2018
2017-09-01	B/Nosy_Be/1638/2017_EPI_ISL_273913	0.001384	2.518189999999997	3.379888999999997	0.06407540464412699	0.0014181447514172612	2.453220719453322	2018-02-01	ne_star	south	2018
2017-09-01	B/OITA/8/2017_EPI_ISL_267602	0.001173	3.5156489999999962	4.3798800000000035	0.06407540464412699	0.0012019391570899185	3.4506262523213933	2018-02-01	ne_star	south	2018
2017-09-01	B/OSAKA-C/1/2017_EPI_ISL_265148	4.4e-05	2.518189999999997	3.379888999999997	0.06407540464412699	4.508552677916148e-05	2.453220719453322	2018-02-01	ne_star	south	2018
2017-09-01	B/Odessa/167/2017_EPI_ISL_267654	0.0005059999999999	2.518189999999997	3.379888999999997	0.06407540464412699	0.0005184835579602545	2.453220719453322	2018-02-01	ne_star	south	2018
2017-09-01	B/Odessa/174/2017_EPI_ISL_268851	0.001034	3.5161129999999963	4.379764000000003	0.06407540464412699	0.0010595098793102946	3.451101699694701	2018-02-01	ne_star	south	2018
2017-09-01	B/Osorno/29000/2017_Apr_4_EPI_ISL_266303	0.001384	3.510418999999996	4.3798800000000035	0.06407540464412699	0.0014181447514172612	3.4452672226610517	2018-02-01	ne_star	south	2018
2017-09-01	B/Pakistan/06/2017_EPI_ISL_255782	1e-05	3.518050999999996	4.3794730000000035	0.06407540464412699	1.024671063162761e-05	3.4530875122151103	2018-02-01	ne_star	south	2018
2017-09-01	B/Pakistan/52/2017_EPI_ISL_255796	6.3e-05	2.518189999999997	3.379888999999997	0.06407540464412699	6.455427697925394e-05	2.453220719453322	2018-02-01	ne_star	south	2018
2017-09-01	B/Panama/322496/2017_EPI_ISL_276526	0.0123	2.518189999999997	3.379888999999997	0.06407540464412699	0.01260345407690196	2.453220719453322	2018-02-01	ne_star	south	2018
2017-09-01	B/Panama/322609/2017_EPI_ISL_276531	0.018897	3.282547999999999	4.641298999999996	0.06407540464412699	0.019363209080586696	3.1871125617039042	2018-02-01	ne_star	south	2018
2017-09-01	B/Paraiba/147733-IEC/2017_EPI_ISL_276515	0.00317	2.518189999999997	3.379888999999997	0.06407540464412699	0.0032482072702259526	2.453220719453322	2018-02-01	ne_star	south	2018
2017-09-01	B/Parana/234/2017_EPI_ISL_267658	0.0015609999999999999	2.518189999999997	3.379888999999997	0.06407540464412699	0.0015995115295970698	2.453220719453322	2018-02-01	ne_star	south	2018
2017-09-01	B/Pennsylvania/07/2017_EPI_ISL_258186	0.000188	2.518189999999997	3.379888999999997	0.06407540464412699	0.00019263815987459904	2.453220719453322	2018-02-01	ne_star	south	2018
2017-09-01	B/Pennsylvania/13/2017_EPI_ISL_264134	0.0037579999999999996	6.2930799999999945	6.208880999999998	-0.33867283203032483	0.0032558285261972304	6.328814937847427	2018-02-01	ne_star	south	2018
2017-09-01	B/Pennsylvania/16/2017_EPI_ISL_268852	0.004286	6.2930799999999945	6.208880999999998	-0.33867283203032483	0.00371327330050062	6.328814937847427	2018-02-01	ne_star	south	2018
2017-09-01	B/Pernambuco/145850-IEC/2017_EPI_ISL_276503	2.6000000000000002e-05	3.5180409999999958	4.3798800000000035	-0.33867283203032483	2.2525689643727517e-05	3.4530994272783166	2018-02-01	ne_star	south	2018
2017-09-01	B/Pernambuco/147092-IEC/2017_EPI_ISL_276509	0.00041799999999999997	2.518189999999997	3.379888999999997	0.06407540464412699	0.00042831250440203406	2.453220719453322	2018-02-01	ne_star	south	2018
2017-09-01	B/Peru/0017/2017_EPI_ISL_274426	0.010740999999999999	3.282547999999999	4.641298999999996	0.06407540464412699	0.011005991889431214	3.1871125617039042	2018-02-01	ne_star	south	2018
2017-09-01	B/Peru/9217/2017_EPI_ISL_276438	0.00247	4.610716999999999	4.983836000000003	-0.33867283203032483	0.002139940516154114	4.588555124704379	2018-02-01	ne_star	south	2018
2017-09-01	B/PtaArenas/25380/2017_EPI_ISL_266301	0.00034500000000000004	2.518189999999997	3.379888999999997	0.06407540464412699	0.00035351151679115255	2.453220719453322	2018-02-01	ne_star	south	2018
2017-09-01	B/Puerto_Rico/15/2017_EPI_ISL_268887	0.0013289999999999999	2.518189999999997	3.379888999999997	0.06407540464412699	0.001361787842943309	2.453220719453322	2018-02-01	ne_star	south	2018
2017-09-01	B/Puerto_Rico/29/2017_EPI_ISL_274422	0.010001999999999999	2.518189999999997	3.379888999999997	0.06407540464412699	0.010248759973753933	2.453220719453322	2018-02-01	ne_star	south	2018
2017-09-01	B/Puerto_Rico/32/2017_EPI_ISL_274397	0.007540000000000001	6.953036999999992	6.771243999999992	0.06407540464412699	0.007726019816247219	6.994262991801204	2018-02-01	ne_star	south	2018
2017-09-01	B/Punta_Arenas/25380/2017_EPI_ISL_266647	0.001125	2.518189999999997	3.379888999999997	0.06407540464412699	0.001152754946058106	2.453220719453322	2018-02-01	ne_star	south	2018
2017-09-01	B/Qatar/11-VI-17-0001490/2017_EPI_ISL_261283	1.6e-05	2.518189999999997	3.379888999999997	0.06407540464412699	1.6394737010604173e-05	2.453220719453322	2018-02-01	ne_star	south	2018
2017-09-01	B/Qatar/47-VI-17-0000937/2017_EPI_ISL_261288	1.3000000000000001e-05	2.518189999999997	3.379888999999997	0.06407540464412699	1.3320723821115895e-05	2.453220719453322	2018-02-01	ne_star	south	2018
2017-09-01	B/Rio_Grande_Do_Norte/145796-IEC/2017_EPI_ISL_276522	0.00011	3.517950999999996	4.3790660000000035	0.06407540464412699	0.00011271381694790371	3.452985045108794	2018-02-01	ne_star	south	2018
2017-09-01	B/Rio_Grande_do_Norte/146305-IEC/2017_EPI_ISL_275428	0.000637	2.518189999999997	3.379888999999997	0.06407540464412699	0.0006527154672346788	2.453220719453322	2018-02-01	ne_star	south	2018
2017-09-01	B/Rio_Grande_do_Norte/146306-IEC/2017_EPI_ISL_275429	0.000762	6.509130999999995	7.379852999999995	-0.7414210687047765	0.0005581873575390731	6.4457560083911405	2018-02-01	ne_star	south	2018
2017-09-01	B/Rio_Grande_do_Norte/146306-IEC/2017_EPI_ISL_275429__dup2	0.000762	3.515132999999996	4.3798800000000035	0.06407540464412699	0.0007807993501300238	3.450542746037983	2018-02-01	ne_star	south	2018
2017-09-01	B/Romania/210088/2017_EPI_ISL_258059	0.000949	4.506147999999996	5.357960999999999	-0.33867283203032483	0.0008221876719960543	4.442803454365781	2018-02-01	ne_star	south	2018
2017-09-01	B/SAGA/73/2017_EPI_ISL_265160	0.000297	3.5175869999999962	4.379026000000003	-0.33867283203032483	0.00025731268554565664	3.45270609408223	2018-02-01	ne_star	south	2018
2017-09-01	B/SAGAMIHARA/31/2017_EPI_ISL_271954	0.0013289999999999999	5.458611999999997	6.098932000000003	0.06407540464412699	0.001361787842943309	5.3981018967472325	2018-02-01	ne_star	south	2018
2017-09-01	B/SAITAMA/93/2017_EPI_ISL_265165	0.0012230000000000001	3.4580269999999955	4.289190000000001	0.06407540464412699	0.0012531727102480569	3.3917153103660884	2018-02-01	ne_star	south	2018
2017-09-01	B/SAPPORO/2/2017_EPI_ISL_259050	2.8999999999999997e-05	2.518189999999997	3.379888999999997	0.06407540464412699	2.9715460831720066e-05	2.453220719453322	2018-02-01	ne_star	south	2018
2017-09-01	B/SENDAI/4/2017_EPI_ISL_265167	0.00099	2.518189999999997	3.379888999999997	0.06407540464412699	0.0010144243525311333	2.453220719453322	2018-02-01	ne_star	south	2018
2017-09-01	B/SHIMANE/5/2017_EPI_ISL_271958	0.00584	2.518189999999997	3.379888999999997	0.06407540464412699	0.005984079008870524	2.453220719453322	2018-02-01	ne_star	south	2018
2017-09-01	B/Santiago/21344b/2017_EPI_ISL_276048	0.000482	2.518189999999997	3.379888999999997	0.06407540464412699	0.0004938914524444508	2.453220719453322	2018-02-01	ne_star	south	2018
2017-09-01	B/Santiago/25385/2017_EPI_ISL_266649	0.000949	3.5162079999999962	4.379859000000003	-0.33867283203032483	0.0008221876719960543	3.4514994937795915	2018-02-01	ne_star	south	2018
2017-09-01	B/Santiago/30900/2017_EPI_ISL_266305	0.001384	2.518189999999997	3.379888999999997	0.06407540464412699	0.0014181447514172612	2.453220719453322	2018-02-01	ne_star	south	2018
2017-09-01	B/Santiago/34576/2017_EPI_ISL_269749	0.004286	3.509608999999996	4.3798800000000035	0.06407540464412699	0.004391740176715593	3.4444372390998903	2018-02-01	ne_star	south	2018
2017-09-01	B/Sao_Paulo/526128/2017_EPI_ISL_273333	0.0079569999999999	3.480344999999996	4.294553000000001	0.06407540464412699	0.008153307649585986	3.414451265107496	2018-02-01	ne_star	south	2018
2017-09-01	B/Shandong-Zhangdian/1170/2017_EPI_ISL_270710	0.000297	3.513108999999996	4.375296000000003	0.06407540464412699	0.00030432730575934	3.4485836475055254	2018-02-01	ne_star	south	2018
2017-09-01	B/Shanghai-Baoshan/1441/2017_EPI_ISL_270616	0.009290000000000001	3.483562999999996	4.255590000000001	0.06407540464412699	0.00951919417678205	3.4200237209716184	2018-02-01	ne_star	south	2018
2017-09-01	B/Shanghai-Jingan/1237/2017_EPI_ISL_270720	0.00010400000000000001	3.4875109999999956	4.282093000000001	0.06407540464412699	0.00010656579056892716	3.425159323303435	2018-02-01	ne_star	south	2018
2017-09-01	B/Shanghai-Jinshan/1197/2017_EPI_ISL_270708	0.00037999999999999997	2.518189999999997	3.379888999999997	0.06407540464412699	0.0003893750040018491	2.453220719453322	2018-02-01	ne_star	south	2018
2017-09-01	B/Sichuan-Dongxin/1297/2017_EPI_ISL_270681	0.000729	3.5132069999999964	4.379602000000003	-0.33867283203032483	0.0006315856827029754	3.4489113817499404	2018-02-01	ne_star	south	2018
2017-09-01	B/Sichuan-Gaoxin/1176/2017_EPI_ISL_270714	0.00041799999999999997	3.4580269999999955	4.289190000000001	0.06407540464412699	0.00042831250440203406	3.3917153103660884	2018-02-01	ne_star	south	2018
2017-09-01	B/Sichuan-Longquanyi/510/2017_EPI_ISL_270619	0.001173	3.4580269999999955	4.289190000000001	0.06407540464412699	0.0012019391570899185	3.3917153103660884	2018-02-01	ne_star	south	2018
2017-09-01	B/Singapore/EN0024/2017_EPI_ISL_255475	1.8e-05	2.518189999999997	3.379888999999997	0.06407540464412699	1.8444079136929697e-05	2.453220719453322	2018-02-01	ne_star	south	2018
2017-09-01	B/Singapore/EN0391/2017_EPI_ISL_269673	0.008831	2.518189999999997	3.379888999999997	0.06407540464412699	0.009048870158790343	2.453220719453322	2018-02-01	ne_star	south	2018
2017-09-01	B/Singapore/GP0061/2017_EPI_ISL_255471	2.1e-05	2.518189999999997	3.379888999999997	0.06407540464412699	2.1518092326417978e-05	2.453220719453322	2018-02-01	ne_star	south	2018
2017-09-01	B/Singapore/GP0109/2017_EPI_ISL_255472	4.4e-05	2.518189999999997	3.379888999999997	0.06407540464412699	4.508552677916148e-05	2.453220719453322	2018-02-01	ne_star	south	2018
2017-09-01	B/Singapore/GP0466/2017_EPI_ISL_269674	0.0008699999999999	3.5111289999999964	4.275480000000001	0.06407540464412699	0.0008914638249514997	3.4459947391158976	2018-02-01	ne_star	south	2018
2017-09-01	B/Singapore/GP0531/2017_EPI_ISL_269668	0.001384	3.4938439999999966	4.363656000000003	0.06407540464412699	0.0014181447514172612	3.4312569463228915	2018-02-01	ne_star	south	2018
2017-09-01	B/Singapore/GP0756/2017_EPI_ISL_269671	0.003885	2.518189999999997	3.379888999999997	0.06407540464412699	0.003980847080387326	2.453220719453322	2018-02-01	ne_star	south	2018
2017-09-01	B/Singapore/KK0073/2017_EPI_ISL_255476	6.3e-05	3.5170819999999963	4.379838000000003	0.06407540464412699	6.455427697925394e-05	3.4522448311218508	2018-02-01	ne_star	south	2018
2017-09-01	B/Singapore/KK0171/2017_EPI_ISL_269665	0.000188	2.518189999999997	3.379888999999997	0.06407540464412699	0.00019263815987459904	2.453220719453322	2018-02-01	ne_star	south	2018
2017-09-01	B/Singapore/KK0243/2017_EPI_ISL_269675	0.00041799999999999997	3.4878839999999958	4.294553000000001	0.06407540464412699	0.00042831250440203406	3.4221762602526797	2018-02-01	ne_star	south	2018
2017-09-01	B/Singapore/KK0272/2017_EPI_ISL_269676	0.000608	2.518189999999997	3.379888999999997	0.06407540464412699	0.0006230000064029587	2.453220719453322	2018-02-01	ne_star	south	2018
2017-09-01	B/Singapore/KK0364/2017_EPI_ISL_269669	0.001827	2.518189999999997	3.379888999999997	0.06407540464412699	0.0018720740323983642	2.453220719453322	2018-02-01	ne_star	south	2018
2017-09-01	B/Singapore/TT0007/2017_EPI_ISL_255477	1.2e-05	3.5170819999999963	4.379838000000003	0.06407540464412699	1.2296052757953131e-05	3.4522448311218508	2018-02-01	ne_star	south	2018
2017-09-01	B/Singapore/TT0131/2017_EPI_ISL_255490	7.4e-05	2.518189999999997	3.379888999999997	0.06407540464412699	7.58256586740443e-05	2.453220719453322	2018-02-01	ne_star	south	2018
2017-09-01	B/Singapore/TT0171/2017_EPI_ISL_255478	0.00010400000000000001	2.518189999999997	3.379888999999997	0.06407540464412699	0.00010656579056892716	2.453220719453322	2018-02-01	ne_star	south	2018
2017-09-01	B/Singapore/TT0476/2017_EPI_ISL_269670	0.003396	2.518189999999997	3.379888999999997	0.06407540464412699	0.003479782930500736	2.453220719453322	2018-02-01	ne_star	south	2018
2017-09-01	B/Singapore/TT0739/2017_EPI_ISL_269672	0.0079569999999999	4.477920999999996	5.363647	-0.33867283203032483	0.006893727403659138	4.41746949151558	2018-02-01	ne_star	south	2018
2017-09-01	B/South_Australia/7/2017_EPI_ISL_261888	8.8e-05	2.518189999999997	3.379888999999997	0.06407540464412699	9.017105355832297e-05	2.453220719453322	2018-02-01	ne_star	south	2018
2017-09-01	B/South_Carolina/02/2017_EPI_ISL_247709	2.7000000000000002e-05	2.518189999999997	3.379888999999997	0.06407540464412699	2.766611870539455e-05	2.453220719453322	2018-02-01	ne_star	south	2018
2017-09-01	B/South_Dakota/05/2017_EPI_ISL_247695	2.4e-05	4.644948999999999	5.108126000000002	-0.33867283203032483	2.0792944286517706e-05	4.62141770333214	2018-02-01	ne_star	south	2018
2017-09-01	B/South_Dakota/27/2017_EPI_ISL_273825	0.0005809999999999	3.6453439999999993	4.108134999999999	0.06407540464412699	0.0005953338876974616	3.621752123186081	2018-02-01	ne_star	south	2018
2017-09-01	B/St_Petersburg/148/2017_EPI_ISL_273919	0.000144	3.5178929999999964	4.378445000000004	0.06407540464412699	0.00014755263309543758	3.4529256141871305	2018-02-01	ne_star	south	2018
2017-09-01	B/St_Petersburg/287/2017_EPI_ISL_273923	0.00317	2.518189999999997	3.379888999999997	0.06407540464412699	0.0032482072702259526	2.453220719453322	2018-02-01	ne_star	south	2018
2017-09-01	B/St_Petersburg/289/2017_EPI_ISL_273924	0.004016	3.5100549999999964	4.3798800000000035	-0.33867283203032483	0.0034793526772772957	3.4461805750669776	2018-02-01	ne_star	south	2018
2017-09-01	B/St_Petersburg/297/2017_EPI_ISL_273925	0.006193	4.437321999999997	5.281941999999997	-0.33867283203032483	0.005365445998600172	4.386743217407511	2018-02-01	ne_star	south	2018
2017-09-01	B/Stockholm/10/2017_EPI_ISL_268754	0.004016	6.018273999999991	6.6874369999999965	-0.33867283203032483	0.0034793526772772957	5.983555638438906	2018-02-01	ne_star	south	2018
2017-09-01	B/Stockholm/9/2017_EPI_ISL_268759	0.002381	2.518189999999997	3.379888999999997	0.06407540464412699	0.002439741801390534	2.453220719453322	2018-02-01	ne_star	south	2018
2017-09-01	B/Suriname/2085/2017_EPI_ISL_276584	0.009059000000000001	5.968125999999995	5.771252999999998	0.06407540464412699	0.009282495161191453	6.009715031433703	2018-02-01	ne_star	south	2018
2017-09-01	B/Sydney/8/2017_EPI_ISL_269275	8.3e-05	2.518189999999997	3.379888999999997	0.06407540464412699	8.504769824250915e-05	2.453220719453322	2018-02-01	ne_star	south	2018
2017-09-01	B/TOCHIGI/17218/2017_EPI_ISL_265155	0.00037999999999999997	4.516651999999996	5.379871	0.06407540464412699	0.0003893750040018491	4.45166321943732	2018-02-01	ne_star	south	2018
2017-09-01	B/Tanzania/4350/2017_EPI_ISL_266660	0.000797	2.518189999999997	3.379888999999997	0.06407540464412699	0.0008166628373407204	2.453220719453322	2018-02-01	ne_star	south	2018
2017-09-01	B/Tasmania/1000/2017_EPI_ISL_269263	0.000328	2.518189999999997	3.379888999999997	0.06407540464412699	0.0003360921087173856	2.453220719453322	2018-02-01	ne_star	south	2018
2017-09-01	B/Tennessee/35/2017_EPI_ISL_276396	0.001384	3.514612999999996	4.3798800000000035	0.06407540464412699	0.0014181447514172612	3.4497873050925474	2018-02-01	ne_star	south	2018
2017-09-01	B/Texas/80/2017_EPI_ISL_274403	0.006559000000000001	2.518189999999997	3.379888999999997	0.06407540464412699	0.00672081750328455	2.453220719453322	2018-02-01	ne_star	south	2018
2017-09-01	B/Toamasina/1430/2017_EPI_ISL_274406	0.001384	3.4636109999999953	4.218895000000001	0.06407540464412699	0.0014181447514172612	3.3973044195365296	2018-02-01	ne_star	south	2018
2017-09-01	B/Toamasina/1433/2017_EPI_ISL_274369	0.001441	3.4636109999999953	4.218895000000001	0.06407540464412699	0.0014765510020175387	3.3973044195365296	2018-02-01	ne_star	south	2018
2017-09-01	B/Toamasina/1836/2017_EPI_ISL_274407	0.002956	3.4636109999999953	4.218895000000001	0.06407540464412699	0.0030289276627091214	3.3973044195365296	2018-02-01	ne_star	south	2018
2017-09-01	B/Tocantins/489999/2017_EPI_ISL_267074	0.001441	2.518189999999997	3.379888999999997	0.06407540464412699	0.0014765510020175387	2.453220719453322	2018-02-01	ne_star	south	2018
2017-09-01	B/Tomsk/13/2017_EPI_ISL_273926	0.000797	3.5165869999999964	4.3798800000000035	0.06407540464412699	0.0008166628373407204	3.45158739377864	2018-02-01	ne_star	south	2018
2017-09-01	B/Tomsk/8/2017_EPI_ISL_276427	0.000637	2.518189999999997	3.379888999999997	0.06407540464412699	0.0006527154672346788	2.453220719453322	2018-02-01	ne_star	south	2018
2017-09-01	B/Tunisia/1368/2017_EPI_ISL_261299	7e-05	2.518189999999997	3.379888999999997	0.06407540464412699	7.172697442139326e-05	2.453220719453322	2018-02-01	ne_star	south	2018
2017-09-01	B/Tunisia/1649/2017_EPI_ISL_261301	9.8e-05	2.518189999999997	3.379888999999997	0.06407540464412699	0.00010041776418995056	2.453220719453322	2018-02-01	ne_star	south	2018
2017-09-01	B/Tunisia/1978/2017_EPI_ISL_261303	0.000152	3.5173109999999963	4.3798800000000035	0.06407540464412699	0.0001557500016007397	3.45232925562837	2018-02-01	ne_star	south	2018
2017-09-01	B/Tunisia/978/2017_EPI_ISL_261314	4.4e-05	3.4938889999999967	4.3770200000000035	0.06407540464412699	4.508552677916148e-05	3.4321790667807783	2018-02-01	ne_star	south	2018
2017-09-01	B/Uruguay/124/2017_EPI_ISL_272654	0.008831	2.518189999999997	3.379888999999997	0.06407540464412699	0.009048870158790343	2.453220719453322	2018-02-01	ne_star	south	2018
2017-09-01	B/Uruguay/138/2017_EPI_ISL_272657	0.009059000000000001	4.126110000000001	5.609911	0.06407540464412699	0.009282495161191453	4.027067646019307	2018-02-01	ne_star	south	2018
2017-09-01	B/Uruguay/140/2017_EPI_ISL_272658	0.009059000000000001	4.126110000000001	5.609911	0.06407540464412699	0.009282495161191453	4.027067646019307	2018-02-01	ne_star	south	2018
2017-09-01	B/Uruguay/379/2017_EPI_ISL_276586	0.013947999999999999	4.126110000000001	5.609911	0.06407540464412699	0.014292111988994188	4.027067646019307	2018-02-01	ne_star	south	2018
2017-09-01	B/Uruguay/383/2017_EPI_ISL_276590	0.014230000000000001	4.126110000000001	5.609911	0.06407540464412699	0.01458106922880609	4.027067646019307	2018-02-01	ne_star	south	2018
2017-09-01	B/Uruguay/511/2017_EPI_ISL_276585	0.017128	4.126110000000001	5.609911	0.06407540464412699	0.01755056596985177	4.027067646019307	2018-02-01	ne_star	south	2018
2017-09-01	B/Utah/01/2017_EPI_ISL_249002	1.1e-05	4.513077999999997	5.366192999999999	-0.33867283203032483	9.53009946465395e-06	4.448564587306601	2018-02-01	ne_star	south	2018
2017-09-01	B/Utah/30/2017_EPI_ISL_270017	0.010740999999999999	3.282547999999999	4.641298999999996	0.06407540464412699	0.011005991889431214	3.1871125617039042	2018-02-01	ne_star	south	2018
2017-09-01	B/Vina_Del_Mar/51186/2017_EPI_ISL_276560	0.018013	2.518189999999997	3.379888999999997	0.06407540464412699	0.018457399860750814	2.453220719453322	2018-02-01	ne_star	south	2018
2017-09-01	B/VinadelMar/45053/2017_EPI_ISL_276053	0.01125	2.518189999999997	3.379888999999997	0.06407540464412699	0.011527549460581061	2.453220719453322	2018-02-01	ne_star	south	2018
2017-09-01	B/VinadelMar/45053/2017_EPI_ISL_276053__dup2	0.01125	2.518189999999997	3.379888999999997	0.06407540464412699	0.011527549460581061	2.453220719453322	2018-02-01	ne_star	south	2018
2017-09-01	B/Vladivostok/14/2017_EPI_ISL_276424	5e-05	2.518189999999997	3.379888999999997	0.06407540464412699	5.123355315813806e-05	2.453220719453322	2018-02-01	ne_star	south	2018
2017-09-01	B/WAKAYAMA-C/5/2017_EPI_ISL_271961	7.900000000000001e-05	2.518189999999997	3.379888999999997	0.06407540464412699	8.094901398985813e-05	2.453220719453322	2018-02-01	ne_star	south	2018
2017-09-01	B/WAKAYAMA/96/2017_EPI_ISL_267600	0.001078	2.518189999999997	3.379888999999997	0.06407540464412699	0.0011045954060894564	2.453220719453322	2018-02-01	ne_star	south	2018
2017-09-01	B/Wisconsin/04/2017_EPI_ISL_247704	2.4e-05	2.518189999999997	3.379888999999997	0.06407540464412699	2.4592105515906262e-05	2.453220719453322	2018-02-01	ne_star	south	2018
2017-09-01	B/Wisconsin/63/2017_EPI_ISL_272662	0.010245	3.282547999999999	4.641298999999996	0.06407540464412699	0.010497755042102487	3.1871125617039042	2018-02-01	ne_star	south	2018
2017-09-01	B/YAMAGATA/116/2017_EPI_ISL_271959	0.00502	4.475772999999997	5.203499999999999	-0.33867283203032483	0.00434919084659662	4.414549495429401	2018-02-01	ne_star	south	2018
2017-09-01	B/YOKOHAMA/1/2017_EPI_ISL_273850	1.4000000000000001e-05	4.516449999999996	5.379871	-0.33867283203032483	1.2129217500468664e-05	4.45172882570077	2018-02-01	ne_star	south	2018
2017-09-01	B/YOKOSUKA/13/2017_EPI_ISL_265166	0.00045999999999999996	2.518189999999997	3.379888999999997	0.06407540464412699	0.00047134868905487003	2.453220719453322	2018-02-01	ne_star	south	2018
2017-09-01	B/Yekaterinburg/29/2017_EPI_ISL_276684	0.00247	3.504940999999996	4.3798800000000035	0.06407540464412699	0.0025309375260120196	3.439654074577046	2018-02-01	ne_star	south	2018
2017-09-01	B/Yunnan-Zhaoyang/1255/2017_EPI_ISL_270711	0.00041799999999999997	2.518189999999997	3.379888999999997	0.06407540464412699	0.00042831250440203406	2.453220719453322	2018-02-01	ne_star	south	2018
2017-09-01	B/Zhejiang-Haishu/121/2017_EPI_ISL_253319	1.1e-05	2.518189999999997	3.379888999999997	0.06407540464412699	1.127138169479037e-05	2.453220719453322	2018-02-01	ne_star	south	2018
2017-09-01	B/Zhejiang-Lucheng/1434/2017_EPI_ISL_270688	0.00317	4.480212999999997	5.230302999999997	-0.33867283203032483	0.002746401391177547	4.41819974182717	2018-02-01	ne_star	south	2018
2017-09-01	B/Zhejiang-Lucheng/1434/2017_EPI_ISL_270688__dup2	0.00317	2.518189999999997	3.379888999999997	0.06407540464412699	0.0032482072702259526	2.453220719453322	2018-02-01	ne_star	south	2018
2017-09-01	B/Zhejiang-Xiacheng/1233/2017_EPI_ISL_270717	0.000833	3.483562999999996	4.255590000000001	0.06407540464412699	0.0008535509956145798	3.4200237209716184	2018-02-01	ne_star	south	2018
2018-09-01	A/KANAGAWA/AC1738/2018_EPI_ISL_312697	0.002516	5.024020999999997	4.175444999999999	0.04138150031431468	0.002556727152526537	5.033408546144768	2019-02-01	ne_star	south	2019
2018-09-01	B/AICHI/109/2018_EPI_ISL_312693	0.000258	5.024020999999997	4.175444999999999	0.04138150031431468	0.0002621763137328484	5.033408546144768	2019-02-01	ne_star	south	2019
2018-09-01	B/AICHI/117/2018_EPI_ISL_312686	0.000258	3.1002999999999994	5.089661	0.04138150031431468	0.0002621763137328484	3.0683209796602005	2019-02-01	ne_star	south	2019
2018-09-01	B/AICHI/152/2018_EPI_ISL_312700	0.000523	6.673429999999994	6.107103000000002	0.04138150031431468	0.0005314659383034099	6.680024712898815	2019-02-01	ne_star	south	2019
2018-09-01	B/AICHI/68/2018_EPI_ISL_312688	0.000121	6.023765999999995	5.175440000000002	0.04138150031431468	0.00012295865876618084	6.033162628827233	2019-02-01	ne_star	south	2019
2018-09-01	B/AICHI/85/2018_EPI_ISL_312689	0.000143	5.024020999999997	4.175444999999999	0.04138150031431468	0.00014531477854185009	5.033408546144768	2019-02-01	ne_star	south	2019
2018-09-01	B/Abu_Dhabi/002/2018_EPI_ISL_307852	1.4000000000000001e-05	6.015071999999995	5.091158000000002	0.04138150031431468	1.4226621675425884e-05	6.024327896766794	2019-02-01	ne_star	south	2019
2018-09-01	B/Abu_Dhabi/004/2018_EPI_ISL_307851	1.4000000000000001e-05	5.024020999999997	4.175444999999999	0.04138150031431468	1.4226621675425884e-05	5.033408546144768	2019-02-01	ne_star	south	2019
2018-09-01	B/Abu_Dhabi/044/2018_EPI_ISL_314420	2.4e-05	5.024020999999997	4.175444999999999	0.04138150031431468	2.4388494300730085e-05	5.033408546144768	2019-02-01	ne_star	south	2019
2018-09-01	B/Abu_Dhabi/247/2018_EPI_ISL_307854	1.4000000000000001e-05	6.015071999999995	5.091158000000002	0.04138150031431468	1.4226621675425884e-05	6.024327896766794	2019-02-01	ne_star	south	2019
2018-09-01	B/Alaska/07/2018_EPI_ISL_305128	0.000188	3.1002999999999994	5.089661	0.04138150031431468	0.00019104320535571895	3.0683209796602005	2019-02-01	ne_star	south	2019
2018-09-01	B/Alaska/16/2018_EPI_ISL_314490	0.006912000000000001	3.1002999999999994	5.089661	0.04138150031431468	0.007023886358610265	3.0683209796602005	2019-02-01	ne_star	south	2019
2018-09-01	B/Alaska/17/2018_EPI_ISL_315110	0.005175	3.1002999999999994	5.089661	0.04138150031431468	0.005258769083594924	3.0683209796602005	2019-02-01	ne_star	south	2019
2018-09-01	B/Alberta/RV3823/2018_EPI_ISL_316093	0.006701	2.7972329999999985	4.2263	0.04138150031431468	0.006809470846216346	2.7708104977768535	2019-02-01	ne_star	south	2019
2018-09-01	B/Amazonas/152512-IEC/2018_EPI_ISL_320265	0.004070000000000001	3.1002999999999994	5.089661	0.04138150031431468	0.004135882158498811	3.0683209796602005	2019-02-01	ne_star	south	2019
2018-09-01	B/Amazonas/153158-IEC/2018_EPI_ISL_320923	0.008042	3.1002999999999994	5.089661	0.04138150031431468	0.00817217796526964	3.0683209796602005	2019-02-01	ne_star	south	2019
2018-09-01	B/Amazonas/153158-IEC/2018_EPI_ISL_320923__dup2	0.008042	3.1002999999999994	5.089661	0.04138150031431468	0.00817217796526964	3.0683209796602005	2019-02-01	ne_star	south	2019
2018-09-01	B/Argentina/1/2018_EPI_ISL_309642	1.4000000000000001e-05	3.1002999999999994	5.089661	0.04138150031431468	1.4226621675425884e-05	3.0683209796602005	2019-02-01	ne_star	south	2019
2018-09-01	B/Argentina/42/2018_EPI_ISL_319675	0.013772	4.072742999999999	6.089432000000002	-0.34388022908528126	0.011919425576438646	4.044482128507326	2019-02-01	ne_star	south	2019
2018-09-01	B/Argentina/58/2018_EPI_ISL_319674	0.0151389999999999	3.1002999999999994	5.089661	0.04138150031431468	0.01538405896744793	3.0683209796602005	2019-02-01	ne_star	south	2019
2018-09-01	B/Argentina/9/2018_EPI_ISL_313121	7.7e-05	3.1002999999999994	5.089661	0.04138150031431468	7.824641921484236e-05	3.0683209796602005	2019-02-01	ne_star	south	2019
2018-09-01	B/Arizona/13/2018_EPI_ISL_306821	0.000198	6.746719999999996	6.159684000000001	0.04138150031431468	0.00020120507798102318	6.751995912809966	2019-02-01	ne_star	south	2019
2018-09-01	B/Arizona/17/2018_EPI_ISL_306832	0.000352	3.7892020000000004	5.226295	0.04138150031431468	0.00035769791641070787	3.7626627083058826	2019-02-01	ne_star	south	2019
2018-09-01	B/Arizona/20/2018_EPI_ISL_306823	0.000877	2.7972329999999985	4.2263	0.04138150031431468	0.0008911962292391784	2.7708104977768535	2019-02-01	ne_star	south	2019
2018-09-01	B/Arizona/28/2018_EPI_ISL_314428	0.003657	3.7892020000000004	5.226295	0.04138150031431468	0.003716196819073747	3.7626627083058826	2019-02-01	ne_star	south	2019
2018-09-01	B/Arizona/30/2018_EPI_ISL_315147	0.014447	2.7972329999999985	4.2263	0.04138150031431468	0.014680857381776978	2.7708104977768535	2019-02-01	ne_star	south	2019
2018-09-01	B/Baden-Wurttemberg/108/2018_EPI_ISL_309981	0.000169	3.7958100000000012	5.226295	0.04138150031431468	0.000171735647367641	3.769377673736684	2019-02-01	ne_star	south	2019
2018-09-01	B/Bahrain/323/2018_EPI_ISL_315837	0.002516	6.018975999999994	5.175440000000002	-0.34388022908528126	0.002177554077136192	6.029053437990493	2019-02-01	ne_star	south	2019
2018-09-01	B/Belgium/G0144/2018_EPI_ISL_321002__dup2	5.6999999999999996e-05	3.795906	5.202627000000001	0.04138150031431468	5.792267396423394e-05	3.7694752277138868	2019-02-01	ne_star	south	2019
2018-09-01	B/Belgium/G0188/2018_EPI_ISL_321003__dup2	8.6e-05	3.797048	5.226295	0.04138150031431468	8.739210457761613e-05	3.7706357135676964	2019-02-01	ne_star	south	2019
2018-09-01	B/Belgium/G0261/2018_EPI_ISL_308158	0.000121	2.7972329999999985	4.2263	0.04138150031431468	0.00012295865876618084	2.7708104977768535	2019-02-01	ne_star	south	2019
2018-09-01	B/Belgium/G0434/2018_EPI_ISL_320447	0.0004980000000000001	5.793763999999994	7.211742999999994	0.04138150031431468	0.0005060612567401492	5.767324975466373	2019-02-01	ne_star	south	2019
2018-09-01	B/Belgium/S0540/2018_EPI_ISL_321008	8.1e-05	2.7972329999999985	4.2263	0.04138150031431468	8.231116826496405e-05	2.7708104977768535	2019-02-01	ne_star	south	2019
2018-09-01	B/Belgium/S1041/2018_EPI_ISL_320582	0.000221	3.795782	5.211753	0.04138150031431468	0.00022457738501922286	3.7693492204933334	2019-02-01	ne_star	south	2019
2018-09-01	B/Berlin/40/2018_EPI_ISL_309992	0.00040899999999999997	7.022358999999996	6.175435000000001	-0.34388022908528126	0.00035398235991601846	7.031992616705103	2019-02-01	ne_star	south	2019
2018-09-01	B/Bolivia/326/2018_EPI_ISL_314454	0.007128	3.1002999999999994	5.089661	0.04138150031431468	0.0072433828073168345	3.0683209796602005	2019-02-01	ne_star	south	2019
2018-09-01	B/Bolivia/350/2018_EPI_ISL_315119	0.007807	3.1002999999999994	5.089661	0.04138150031431468	0.007933373958574989	3.0683209796602005	2019-02-01	ne_star	south	2019
2018-09-01	B/Brazil/2199/2018_EPI_ISL_319697	9.7e-05	7.098781999999995	9.089284000000003	0.04138150031431468	9.857016446545075e-05	7.066831249133333	2019-02-01	ne_star	south	2019
2018-09-01	B/Brazil/2227/2018_EPI_ISL_319698	0.00037	3.1002999999999994	5.089661	0.04138150031431468	0.00037598928713625544	3.0683209796602005	2019-02-01	ne_star	south	2019
2018-09-01	B/Brisbane/11/2018_EPI_ISL_312758	0.000576	7.682217999999989	7.058470999999996	0.04138150031431468	0.000585323863217522	7.686563532484838	2019-02-01	ne_star	south	2019
2018-09-01	B/Brisbane/23/2018_EPI_ISL_321458	0.019596000000000002	6.938899999999995	6.161517000000001	-0.34388022908528126	0.01695999590443594	6.959678325816102	2019-02-01	ne_star	south	2019
2018-09-01	B/Bulgaria/1021/2018_EPI_ISL_314134	0.000549	3.447674999999998	5.157933000000001	0.04138150031431468	0.0005578868071292007	3.4184631755386827	2019-02-01	ne_star	south	2019
2018-09-01	B/California/90/2017_EPI_ISL_295973	1e-05	6.746719999999996	6.159684000000001	0.04138150031431468	1.0161872625304203e-05	6.751995912809966	2019-02-01	ne_star	south	2019
2018-09-01	B/Cambodia/c0625429/2018_EPI_ISL_321459	0.008778	5.989176999999999	5.394367999999999	0.04138150031431468	0.008920091790492028	5.99108911867875	2019-02-01	ne_star	south	2019
2018-09-01	B/Cambodia/c0625449/2018_EPI_ISL_321460	0.0151389999999999	6.954411999999999	6.393889	-0.34388022908528126	0.01310254021214809	6.961011869358937	2019-02-01	ne_star	south	2019
2018-09-01	B/Connecticut/10/2018_EPI_ISL_305867	0.000188	2.7972329999999985	4.2263	0.04138150031431468	0.00019104320535571895	2.7708104977768535	2019-02-01	ne_star	south	2019
2018-09-01	B/Connecticut/25/2018_EPI_ISL_309716	0.001905	2.7972329999999985	4.2263	0.04138150031431468	0.0019358367351204504	2.7708104977768535	2019-02-01	ne_star	south	2019
2018-09-01	B/Connecticut/31/2018_EPI_ISL_313080	0.004366	3.788488	5.226295	0.04138150031431468	0.004436673588207814	3.761937150600436	2019-02-01	ne_star	south	2019
2018-09-01	B/Darwin/6/2018_EPI_ISL_312542	2.3e-05	6.9495399999999945	6.173121000000001	0.04138150031431468	2.3372307038199664e-05	6.9633913110468155	2019-02-01	ne_star	south	2019
2018-09-01	B/Delaware/25/2018_EPI_ISL_314487	0.001905	2.7972329999999985	4.2263	0.04138150031431468	0.0019358367351204504	2.7708104977768535	2019-02-01	ne_star	south	2019
2018-09-01	B/Delaware/25/2018_EPI_ISL_314487__dup2	0.001905	4.628160000000001	6.100950000000001	0.04138150031431468	0.0019358367351204504	4.601853255221065	2019-02-01	ne_star	south	2019
2018-09-01	B/Delaware/26/2018_EPI_ISL_313067	0.003159	2.7972329999999985	4.2263	0.04138150031431468	0.003210135562333597	2.7708104977768535	2019-02-01	ne_star	south	2019
2018-09-01	B/Delaware/29/2018_EPI_ISL_321163	0.006292	2.7972329999999985	4.2263	0.04138150031431468	0.006393850255841404	2.7708104977768535	2019-02-01	ne_star	south	2019
2018-09-01	B/Delaware/29/2018_EPI_ISL_321163__dup2	0.006292	2.7972329999999985	4.2263	0.04138150031431468	0.006393850255841404	2.7708104977768535	2019-02-01	ne_star	south	2019
2018-09-01	B/District_Of_Columbia/14/2018_EPI_ISL_315144	0.008042	2.7972329999999985	4.2263	0.04138150031431468	0.00817217796526964	2.7708104977768535	2019-02-01	ne_star	south	2019
2018-09-01	B/Dnipro/398/2018_EPI_ISL_316615	0.001423	6.021161999999995	5.175440000000002	0.04138150031431468	0.0014460344745807878	6.030516477195604	2019-02-01	ne_star	south	2019
2018-09-01	B/EHIME/28/2018_EPI_ISL_305413	0.000178	3.1002999999999994	5.089661	0.04138150031431468	0.00018088133273041479	3.0683209796602005	2019-02-01	ne_star	south	2019
2018-09-01	B/East_Kazakhstan/ZVL442/2018_EPI_ISL_303803	0.000121	7.918387999999995	7.151297999999997	0.04138150031431468	0.00012295865876618084	7.928839353374428	2019-02-01	ne_star	south	2019
2018-09-01	B/East_kazakhstan/ZVL437/2018_EPI_ISL_303802	6.1e-05	6.023885999999995	5.175440000000002	0.04138150031431468	6.198742301435563e-05	6.033284571298737	2019-02-01	ne_star	south	2019
2018-09-01	B/El_Salvador/433/2018_EPI_ISL_319662	0.019596000000000002	2.7972329999999985	4.2263	0.04138150031431468	0.019913205596546118	2.7708104977768535	2019-02-01	ne_star	south	2019
2018-09-01	B/England/27/2018_EPI_ISL_298092	1.4999999999999999e-05	3.1002999999999994	5.089661	0.04138150031431468	1.52428089379563e-05	3.0683209796602005	2019-02-01	ne_star	south	2019
2018-09-01	B/FUKUSHIMA/16/2018_EPI_ISL_312706	5.6999999999999996e-05	6.023893999999995	5.113632000000002	0.04138150031431468	5.792267396423394e-05	6.033292700796837	2019-02-01	ne_star	south	2019
2018-09-01	B/Finland/856/2018_EPI_ISL_316622__dup2	5.6999999999999996e-05	3.1002999999999994	5.089661	0.04138150031431468	5.792267396423394e-05	3.0683209796602005	2019-02-01	ne_star	south	2019
2018-09-01	B/Finland/894/2018_EPI_ISL_313887	0.00020899999999999998	7.014120999999996	6.101485000000001	0.04138150031431468	0.0002123831378688578	7.024736782373437	2019-02-01	ne_star	south	2019
2018-09-01	B/Florida/17/2018_EPI_ISL_305873	0.000664	6.948257999999995	6.152629000000002	-0.34388022908528126	0.0005746804082744164	6.962288694844344	2019-02-01	ne_star	south	2019
2018-09-01	B/Florida/25/2018_EPI_ISL_309707	0.001685	3.938491999999998	6.0888110000000015	0.04138150031431468	0.001712275537363758	3.903906961519095	2019-02-01	ne_star	south	2019
2018-09-01	B/Florida/39/2018_EPI_ISL_320267	0.019987	8.300693999999995	6.870590999999999	0.04138150031431468	0.02031053481619551	8.294369276580287	2019-02-01	ne_star	south	2019
2018-09-01	B/Florida/39/2018_EPI_ISL_320267__dup2	0.019987	7.405264999999992	5.894727999999997	0.04138150031431468	0.02031053481619551	7.397894138810958	2019-02-01	ne_star	south	2019
2018-09-01	B/Florida/39/2018_EPI_ISL_320267__dup3	0.019987	7.405264999999992	5.894727999999997	0.04138150031431468	0.02031053481619551	7.397894138810958	2019-02-01	ne_star	south	2019
2018-09-01	B/Florida/42/2018_EPI_ISL_321189	0.0329649999999999	3.938491999999998	6.0888110000000015	0.04138150031431468	0.0334986131093152	3.903906961519095	2019-02-01	ne_star	south	2019
2018-09-01	B/Florida/43/2018_EPI_ISL_321182	0.033316000000000005	3.938491999999998	6.0888110000000015	0.04138150031431468	0.03385529483846349	3.903906961519095	2019-02-01	ne_star	south	2019
2018-09-01	B/GIFU/18/2018_EPI_ISL_312702	3.7e-05	5.024020999999997	4.175444999999999	0.04138150031431468	3.759892871362554e-05	5.033408546144768	2019-02-01	ne_star	south	2019
2018-09-01	B/GIFU/2/2018_EPI_ISL_312701	2.3e-05	5.024020999999997	4.175444999999999	0.04138150031431468	2.3372307038199664e-05	5.033408546144768	2019-02-01	ne_star	south	2019
2018-09-01	B/Gangwon/1116/2017_EPI_ISL_312692	1e-05	6.924674999999999	6.293155000000001	0.04138150031431468	1.0161872625304203e-05	6.925656738353629	2019-02-01	ne_star	south	2019
2018-09-01	B/Gangwon/1116/2017_EPI_ISL_312692__dup2	1e-05	6.924674999999999	6.293155000000001	0.04138150031431468	1.0161872625304203e-05	6.925656738353629	2019-02-01	ne_star	south	2019
2018-09-01	B/Guatemala/35/2018_EPI_ISL_313618	0.00037	3.1002999999999994	5.089661	0.04138150031431468	0.00037598928713625544	3.0683209796602005	2019-02-01	ne_star	south	2019
2018-09-01	B/Guatemala/58/2018_EPI_ISL_321156	0.00242	4.095446999999999	6.0896560000000015	0.04138150031431468	0.0024591731753236166	4.063402633309556	2019-02-01	ne_star	south	2019
2018-09-01	B/Guyane/316/2018_EPI_ISL_321173	0.000245	3.1002999999999994	5.089661	0.04138150031431468	0.0002489658793199529	3.0683209796602005	2019-02-01	ne_star	south	2019
2018-09-01	B/Guyane/542/2018_EPI_ISL_321166	0.001004	3.1002999999999994	5.089661	0.04138150031431468	0.0010202520115805418	3.0683209796602005	2019-02-01	ne_star	south	2019
2018-09-01	B/Gyeongbuk/922/2018_EPI_ISL_320992	0.00011399999999999999	6.988935999999999	6.394363	0.04138150031431468	0.00011584534792846788	6.990857427982888	2019-02-01	ne_star	south	2019
2018-09-01	B/HK/1360/2018_EPI_ISL_319846	0.014791	2.7972329999999985	4.2263	0.04138150031431468	0.015030425800087444	2.7708104977768535	2019-02-01	ne_star	south	2019
2018-09-01	B/HK/1361/2018_EPI_ISL_319847	0.015846000000000002	2.7972329999999985	4.2263	0.04138150031431468	0.016102503362057038	2.7708104977768535	2019-02-01	ne_star	south	2019
2018-09-01	B/HYOGO/1196/2018_EPI_ISL_305409	2.3e-05	5.024020999999997	4.175444999999999	0.04138150031431468	2.3372307038199664e-05	5.033408546144768	2019-02-01	ne_star	south	2019
2018-09-01	B/Hawaii/10/2018_EPI_ISL_305157	0.000121	6.015071999999995	5.091158000000002	0.04138150031431468	0.00012295865876618084	6.024327896766794	2019-02-01	ne_star	south	2019
2018-09-01	B/Hawaii/12/2018_EPI_ISL_305158	0.000258	4.099771	6.0896560000000015	0.04138150031431468	0.0002621763137328484	4.067796627032737	2019-02-01	ne_star	south	2019
2018-09-01	B/Hawaii/18/2018_EPI_ISL_313113	0.002516	2.7972329999999985	4.2263	0.04138150031431468	0.002556727152526537	2.7708104977768535	2019-02-01	ne_star	south	2019
2018-09-01	B/Hawaii/19/2018_EPI_ISL_313114	0.0026149999999999997	2.7972329999999985	4.2263	0.04138150031431468	0.0026573296915170484	2.7708104977768535	2019-02-01	ne_star	south	2019
2018-09-01	B/Hawaii/22/2018_EPI_ISL_315845	0.009293000000000001	3.9805949999999974	6.0892050000000015	0.04138150031431468	0.009443428230695196	3.9466914938334132	2019-02-01	ne_star	south	2019
2018-09-01	B/Hawaii/25/2018_EPI_ISL_320938	0.0165699999999999	4.947442000000001	7.089161999999995	0.04138150031431468	0.01683822294012896	4.9130150479531505	2019-02-01	ne_star	south	2019
2018-09-01	B/Hawaii/26/2018_EPI_ISL_320898	0.018058	6.870205999999995	6.151249000000001	-0.34388022908528126	0.015628883753944896	6.888220182159046	2019-02-01	ne_star	south	2019
2018-09-01	B/Hawaii/26/2018_EPI_ISL_320898__dup2	0.018058	5.949598999999996	5.175344000000002	0.04138150031431468	0.01835030958677433	5.963438055660892	2019-02-01	ne_star	south	2019
2018-09-01	B/Hawaii/71/2017_EPI_ISL_300107	1.1e-05	3.1002999999999994	5.089661	0.04138150031431468	1.1178059887834621e-05	3.0683209796602005	2019-02-01	ne_star	south	2019
2018-09-01	B/Hebei-Cixian/149/2018_EPI_ISL_314482__dup2	3.5e-05	9.850763999999991	8.935243000000003	0.04138150031431468	3.55665541885647e-05	9.857622521333324	2019-02-01	ne_star	south	2019
2018-09-01	B/Hebei-Cixian/149/2018_EPI_ISL_314482__dup3	3.5e-05	9.850763999999991	8.935243000000003	0.04138150031431468	3.55665541885647e-05	9.857622521333324	2019-02-01	ne_star	south	2019
2018-09-01	B/Hessen/33/2018_EPI_ISL_310007	0.000352	3.7965160000000004	5.226295	-0.34388022908528126	0.0003046498549888472	3.7702011980668746	2019-02-01	ne_star	south	2019
2018-09-01	B/Honduras/1864/2018_EPI_ISL_314453	0.000604	4.099078999999999	6.0896560000000015	-0.34388022908528126	0.0005227514557194993	4.0672754767487636	2019-02-01	ne_star	south	2019
2018-09-01	B/Honduras/2032/2018_EPI_ISL_315116	0.002327	2.7972329999999985	4.2263	0.04138150031431468	0.002364667759908288	2.7708104977768535	2019-02-01	ne_star	south	2019
2018-09-01	B/Honduras/2062/2018_EPI_ISL_316471	0.0026149999999999997	4.095056999999999	6.0896560000000015	0.04138150031431468	0.0026573296915170484	4.063006320277169	2019-02-01	ne_star	south	2019
2018-09-01	B/Honduras/2093/2018_EPI_ISL_316474	0.0026149999999999997	3.1002999999999994	5.089661	0.04138150031431468	0.0026573296915170484	3.0683209796602005	2019-02-01	ne_star	south	2019
2018-09-01	B/Honduras/2095/2018_EPI_ISL_314451	0.0026149999999999997	4.095056999999999	6.0896560000000015	0.04138150031431468	0.0026573296915170484	4.063006320277169	2019-02-01	ne_star	south	2019
2018-09-01	B/Honduras/796/2018_EPI_ISL_309669	0.00040899999999999997	4.095337	6.0896560000000015	0.04138150031431468	0.0004156205903749418	4.0632908527106775	2019-02-01	ne_star	south	2019
2018-09-01	B/Hong_Kong/1248/2018_EPI_ISL_314112	0.001984	5.024020999999997	4.175444999999999	0.04138150031431468	0.0020161155288603537	5.033408546144768	2019-02-01	ne_star	south	2019
2018-09-01	B/Hong_Kong/1281/2018_EPI_ISL_314108	0.002327	6.0193539999999945	5.175440000000002	-0.34388022908528126	0.0020139778765882028	6.02938059039159	2019-02-01	ne_star	south	2019
2018-09-01	B/Hong_Kong/1294/2018_EPI_ISL_319668	0.002516	6.018975999999995	5.175440000000002	0.04138150031431468	0.002556727152526537	6.028295091839713	2019-02-01	ne_star	south	2019
2018-09-01	B/Hong_Kong/1298/2018_EPI_ISL_321032	0.002822	2.7972329999999985	4.2263	0.04138150031431468	0.0028676804548608452	2.7708104977768535	2019-02-01	ne_star	south	2019
2018-09-01	B/Hong_Kong/1301/2018_EPI_ISL_320893	0.003043	2.7972329999999985	4.2263	0.04138150031431468	0.003092257839880069	2.7708104977768535	2019-02-01	ne_star	south	2019
2018-09-01	B/Hong_Kong/1304/2018_EPI_ISL_319670	0.003159	5.024020999999997	4.175444999999999	0.04138150031431468	0.003210135562333597	5.033408546144768	2019-02-01	ne_star	south	2019
2018-09-01	B/Hong_Kong/1320/2018_EPI_ISL_321033	0.004366	5.024020999999997	4.175444999999999	0.04138150031431468	0.004436673588207814	5.033408546144768	2019-02-01	ne_star	south	2019
2018-09-01	B/Hong_Kong/1356/2018_EPI_ISL_319669	0.009826999999999999	5.024020999999997	4.175444999999999	0.04138150031431468	0.009986072228886438	5.033408546144768	2019-02-01	ne_star	south	2019
2018-09-01	B/Hong_Kong/1360/2018_EPI_ISL_321039	0.014791	2.7972329999999985	4.2263	0.04138150031431468	0.015030425800087444	2.7708104977768535	2019-02-01	ne_star	south	2019
2018-09-01	B/Hong_Kong/1361/2018_EPI_ISL_321040	0.015846000000000002	2.7972329999999985	4.2263	0.04138150031431468	0.016102503362057038	2.7708104977768535	2019-02-01	ne_star	south	2019
2018-09-01	B/Hong_Kong/917/2018_EPI_ISL_314098	0.000389	2.7972329999999985	4.2263	0.04138150031431468	0.0003952968451243335	2.7708104977768535	2019-02-01	ne_star	south	2019
2018-09-01	B/Hunan-Tianyuan/11058/2018_EPI_ISL_297027	1.4000000000000001e-05	5.024020999999997	4.175444999999999	0.04138150031431468	1.4226621675425884e-05	5.033408546144768	2019-02-01	ne_star	south	2019
2018-09-01	B/Hungary/183/2018_EPI_ISL_321364	0.000245	2.7972329999999985	4.2263	0.04138150031431468	0.0002489658793199529	2.7708104977768535	2019-02-01	ne_star	south	2019
2018-09-01	B/Hungary/253/2018_EPI_ISL_321367	0.00043	2.7972329999999985	4.2263	0.04138150031431468	0.00043696052288808067	2.7708104977768535	2019-02-01	ne_star	south	2019
2018-09-01	B/India/2250/2018_EPI_ISL_321153	0.00011399999999999999	8.02066199999999	7.175354999999996	-0.7291419584848773	8.403258606093134e-05	8.03062293864615	2019-02-01	ne_star	south	2019
2018-09-01	B/India/2456/2018_EPI_ISL_321195	0.000151	6.0237059999999945	5.175440000000002	0.04138150031431468	0.00015344427664209346	6.033101657591482	2019-02-01	ne_star	south	2019
2018-09-01	B/India/4710/2018_EPI_ISL_321160	0.003401	7.984881999999994	7.061049999999996	0.04138150031431468	0.003456052879865959	7.993675624179823	2019-02-01	ne_star	south	2019
2018-09-01	B/India/4711/2018_EPI_ISL_321190	0.007128	6.000645999999994	5.145342000000002	0.04138150031431468	0.0072433828073168345	6.00966837931753	2019-02-01	ne_star	south	2019
2018-09-01	B/Indonesia/NIHRD-BKL831/2018_EPI_ISL_321489	0.003278	5.024020999999997	4.175444999999999	0.04138150031431468	0.0033310618465747176	5.033408546144768	2019-02-01	ne_star	south	2019
2018-09-01	B/Indonesia/NIHRD-MTR479/2018_EPI_ISL_321488	9.1e-05	7.986136999999992	7.175381999999997	0.04138150031431468	9.247304089026823e-05	7.997785092157647	2019-02-01	ne_star	south	2019
2018-09-01	B/Jamaica/7116/2018_EPI_ISL_315831	0.000576	4.0991349999999995	6.0896560000000015	0.04138150031431468	0.000585323863217522	4.067150331933768	2019-02-01	ne_star	south	2019
2018-09-01	B/Jordan/10536/2018_EPI_ISL_314932	6.1e-05	5.024020999999997	4.175444999999999	0.04138150031431468	6.198742301435563e-05	5.033408546144768	2019-02-01	ne_star	south	2019
2018-09-01	B/Jordan/20222/2018_EPI_ISL_314934	3.5e-05	5.993633999999995	5.175440000000002	-0.34388022908528126	3.0291888990368328e-05	6.002553423563064	2019-02-01	ne_star	south	2019
2018-09-01	B/Jordan/20228/2018_EPI_ISL_314935	3.5e-05	5.024020999999997	4.175444999999999	0.04138150031431468	3.55665541885647e-05	5.033408546144768	2019-02-01	ne_star	south	2019
2018-09-01	B/Jordan/30080/2018_EPI_ISL_321041	0.000169	5.024020999999997	4.175444999999999	0.04138150031431468	0.000171735647367641	5.033408546144768	2019-02-01	ne_star	south	2019
2018-09-01	B/Jordan/30080/2018_EPI_ISL_321041__dup2	0.000169	5.024020999999997	4.175444999999999	0.04138150031431468	0.000171735647367641	5.033408546144768	2019-02-01	ne_star	south	2019
2018-09-01	B/Jordan/30151/2018_EPI_ISL_321042	0.001198	5.024020999999997	4.175444999999999	0.04138150031431468	0.0012173923405114433	5.033408546144768	2019-02-01	ne_star	south	2019
2018-09-01	B/Jordan/30151/2018_EPI_ISL_321042__dup2	0.001198	5.024020999999997	4.175444999999999	0.04138150031431468	0.0012173923405114433	5.033408546144768	2019-02-01	ne_star	south	2019
2018-09-01	B/KAGAWA/18162/2018_EPI_ISL_316139	0.000389	5.034229000000001	6.988442999999995	0.04138150031431468	0.0003952968451243335	5.001307411954582	2019-02-01	ne_star	south	2019
2018-09-01	B/KAGAWA/18162/2018_EPI_ISL_316139__dup2	0.000389	4.098730999999999	6.0896560000000015	0.04138150031431468	0.0003952968451243335	4.066739792279705	2019-02-01	ne_star	south	2019
2018-09-01	B/KAGAWA/18238/2018_EPI_ISL_316140	0.00215	3.1002999999999994	5.089661	0.04138150031431468	0.0021848026144404035	3.0683209796602005	2019-02-01	ne_star	south	2019
2018-09-01	B/KANAGAWA/5/2018_EPI_ISL_312699	1.9e-05	5.024020999999997	4.175444999999999	0.04138150031431468	1.9307557988077984e-05	5.033408546144768	2019-02-01	ne_star	south	2019
2018-09-01	B/KOCHI/130/2018_EPI_ISL_316142	0.00155	4.097186999999999	6.0896560000000015	0.04138150031431468	0.0015750902569221512	4.065170799146359	2019-02-01	ne_star	south	2019
2018-09-01	B/Kazakhstan/021/2018_EPI_ISL_305907	3.5e-05	7.021512999999996	6.175435000000001	0.04138150031431468	3.55665541885647e-05	7.030886369359167	2019-02-01	ne_star	south	2019
2018-09-01	B/Kazakhstan/026/2018_EPI_ISL_305906	3.5e-05	7.916941999999994	7.151297999999997	0.04138150031431468	3.55665541885647e-05	7.927361507128492	2019-02-01	ne_star	south	2019
2018-09-01	B/Kazakhstan/099/2018_EPI_ISL_305905	1.4999999999999999e-05	7.021512999999996	6.175435000000001	0.04138150031431468	1.52428089379563e-05	7.030886369359167	2019-02-01	ne_star	south	2019
2018-09-01	B/Kazakhstan/103/2018_EPI_ISL_306140	4.2e-05	7.021512999999996	6.175435000000001	0.04138150031431468	4.267986502627765e-05	7.030886369359167	2019-02-01	ne_star	south	2019
2018-09-01	B/Kazakhstan/346/2018_EPI_ISL_311600	0.000389	4.098560999999999	6.0669460000000015	0.04138150031431468	0.0003952968451243335	4.066831588675342	2019-02-01	ne_star	south	2019
2018-09-01	B/Kazakhstan/366/2018_EPI_ISL_311601	0.00040899999999999997	7.021512999999996	6.175435000000001	0.04138150031431468	0.0004156205903749418	7.030886369359167	2019-02-01	ne_star	south	2019
2018-09-01	B/Kentucky/10/2018_EPI_ISL_305131	0.000233	3.1002999999999994	5.089661	0.04138150031431468	0.0002367716321695879	3.0683209796602005	2019-02-01	ne_star	south	2019
2018-09-01	B/Kentucky/23/2018_EPI_ISL_309727	0.0022370000000000003	4.065535	6.089182000000001	-0.34388022908528126	0.0019360844477558274	4.038243730340395	2019-02-01	ne_star	south	2019
2018-09-01	B/Kharkiv/275/2018_EPI_ISL_316642	0.00040899999999999997	5.024020999999997	4.175444999999999	0.04138150031431468	0.0004156205903749418	5.033408546144768	2019-02-01	ne_star	south	2019
2018-09-01	B/Khmelnytskyi/365/2018_EPI_ISL_314478	0.001486	5.024020999999997	4.175444999999999	0.04138150031431468	0.0015100542721202042	5.033408546144768	2019-02-01	ne_star	south	2019
2018-09-01	B/Kyiv/156/2018_EPI_ISL_316460__dup2	0.000549	3.7532670000000006	5.1545559999999995	0.04138150031431468	0.0005578868071292007	3.726246539075058	2019-02-01	ne_star	south	2019
2018-09-01	B/Kyiv/185/2018_EPI_ISL_316458__dup2	0.0008	2.7972329999999985	4.2263	0.04138150031431468	0.0008129498100243362	2.7708104977768535	2019-02-01	ne_star	south	2019
2018-09-01	B/Kyiv/375/2017_EPI_ISL_300595	1.2e-05	5.024020999999997	4.175444999999999	0.04138150031431468	1.2194247150365043e-05	5.033408546144768	2019-02-01	ne_star	south	2019
2018-09-01	B/LaRioja/2182/2018_EPI_ISL_315491	0.000576	2.7972329999999985	4.2263	0.04138150031431468	0.000585323863217522	2.7708104977768535	2019-02-01	ne_star	south	2019
2018-09-01	B/Lebanon/272/2018_EPI_ISL_314484	0.000352	5.024020999999997	4.175444999999999	0.04138150031431468	0.00035769791641070787	5.033408546144768	2019-02-01	ne_star	south	2019
2018-09-01	B/Lisboa/niGG15_17-18/2018_EPI_ISL_321056	6.8e-05	6.0205739999999945	5.175174000000002	0.04138150031431468	6.910073385206858e-05	6.030051880648231	2019-02-01	ne_star	south	2019
2018-09-01	B/Lisboa/niSU182_17-18/2018_EPI_ISL_319965	1.6e-05	6.0205739999999945	5.175174000000002	0.04138150031431468	1.6258996200486722e-05	6.030051880648231	2019-02-01	ne_star	south	2019
2018-09-01	B/Lisboa/niSU414_17-18/2018_EPI_ISL_320139	0.00011399999999999999	6.0205739999999945	5.175174000000002	0.04138150031431468	0.00011584534792846788	6.030051880648231	2019-02-01	ne_star	south	2019
2018-09-01	B/Lisboa/niSU460_17-18/2018_EPI_ISL_321061__dup2	0.000169	2.7972329999999985	4.2263	0.04138150031431468	0.000171735647367641	2.7708104977768535	2019-02-01	ne_star	south	2019
2018-09-01	B/Lithuania/1547/2018_EPI_ISL_300597	3.3e-05	2.7972329999999985	4.2263	0.04138150031431468	3.353417966350386e-05	2.7708104977768535	2019-02-01	ne_star	south	2019
2018-09-01	B/Lithuania/7431/2018_EPI_ISL_321369	0.0004980000000000001	2.7972329999999985	4.2263	0.04138150031431468	0.0005060612567401492	2.7708104977768535	2019-02-01	ne_star	south	2019
2018-09-01	B/Lithuania/8294/2018_EPI_ISL_321363__dup2	0.0007639999999999	2.7972329999999985	4.2263	0.04138150031431468	0.0007763670685731393	2.7708104977768535	2019-02-01	ne_star	south	2019
2018-09-01	B/Louisiana/04/2018_EPI_ISL_311607	5.400000000000001e-05	6.746719999999996	6.159684000000001	0.04138150031431468	5.48741121766427e-05	6.751995912809966	2019-02-01	ne_star	south	2019
2018-09-01	B/Luxembourg/18000520/2018_EPI_ISL_312551	1.4000000000000001e-05	5.024020999999997	4.175444999999999	0.04138150031431468	1.4226621675425884e-05	5.033408546144768	2019-02-01	ne_star	south	2019
2018-09-01	B/Macedonia/494/2018_EPI_ISL_309673	0.000523	4.794811999999999	6.202622000000002	0.04138150031431468	0.0005314659383034099	4.768379894082212	2019-02-01	ne_star	south	2019
2018-09-01	B/Maine/10/2018_EPI_ISL_304358	0.000258	3.796704	5.223345	0.04138150031431468	0.0002621763137328484	3.770286145149386	2019-02-01	ne_star	south	2019
2018-09-01	B/Maine/22/2018_EPI_ISL_309713	0.001829	3.1002999999999994	5.089661	0.04138150031431468	0.0018586065031681383	3.0683209796602005	2019-02-01	ne_star	south	2019
2018-09-01	B/Maine/26/2018_EPI_ISL_313145	0.003278	2.7972329999999985	4.2263	0.04138150031431468	0.0033310618465747176	2.7708104977768535	2019-02-01	ne_star	south	2019
2018-09-01	B/Mali/020/2018_EPI_ISL_311563	0.000128	6.0205739999999945	5.175174000000002	0.04138150031431468	0.00013007196960389378	6.030051880648231	2019-02-01	ne_star	south	2019
2018-09-01	B/Mali/025/2018_EPI_ISL_311570	0.000135	5.024020999999997	4.175444999999999	0.04138150031431468	0.0001371852804416067	5.033408546144768	2019-02-01	ne_star	south	2019
2018-09-01	B/Mali/029/2018_EPI_ISL_311611	0.000272	7.020016999999996	6.175169000000001	-0.34388022908528126	0.000235411251582291	7.029581058145069	2019-02-01	ne_star	south	2019
2018-09-01	B/Mali/047/2018_EPI_ISL_309674	0.000523	6.0205739999999945	5.175174000000002	0.04138150031431468	0.0005314659383034099	6.030051880648231	2019-02-01	ne_star	south	2019
2018-09-01	B/Mali/8025/2018_EPI_ISL_313617	0.000169	8.019195999999992	7.140066999999997	0.04138150031431468	0.000171735647367641	8.028779871859973	2019-02-01	ne_star	south	2019
2018-09-01	B/Mali/8025/2018_EPI_ISL_313617__dup2	0.000169	8.96722899999999	8.026052999999992	-0.34388022908528126	0.00014626654969634992	8.976185918918878	2019-02-01	ne_star	south	2019
2018-09-01	B/Mali/8031/2018_EPI_ISL_309660	0.000258	6.0205739999999945	5.175174000000002	0.04138150031431468	0.0002621763137328484	6.030051880648231	2019-02-01	ne_star	south	2019
2018-09-01	B/Manitoba/RV3816/2018_EPI_ISL_314974	0.0165699999999999	6.746719999999996	6.159684000000001	0.04138150031431468	0.01683822294012896	6.751995912809966	2019-02-01	ne_star	south	2019
2018-09-01	B/Maryland/21/2018_EPI_ISL_309677	0.000664	2.7972329999999985	4.2263	0.04138150031431468	0.000674748342320199	2.7708104977768535	2019-02-01	ne_star	south	2019
2018-09-01	B/Maryland/49/2017_EPI_ISL_298421	1.2e-05	2.7972329999999985	4.2263	0.04138150031431468	1.2194247150365043e-05	2.7708104977768535	2019-02-01	ne_star	south	2019
2018-09-01	B/Massachusetts/04/2018_EPI_ISL_303041	7.7e-05	3.1002999999999994	5.089661	0.04138150031431468	7.824641921484236e-05	3.0683209796602005	2019-02-01	ne_star	south	2019
2018-09-01	B/Massachusetts/13/2018_EPI_ISL_311578	0.002327	4.026896	6.058455000000002	-0.34388022908528126	0.0020139778765882028	3.9944433600424745	2019-02-01	ne_star	south	2019
2018-09-01	B/Mexico/1710/2018_EPI_ISL_320261	0.007807	3.484971999999998	4.804576000000002	0.04138150031431468	0.007933373958574989	3.4591941159468877	2019-02-01	ne_star	south	2019
2018-09-01	B/Mexico/1719/2018_EPI_ISL_320263	0.010102	6.746719999999996	6.159684000000001	0.04138150031431468	0.010265523726082304	6.751995912809966	2019-02-01	ne_star	south	2019
2018-09-01	B/Mexico/1721/2018_EPI_ISL_320262	0.012161	7.722384999999993	7.159678999999997	0.04138150031431468	0.01235785329963244	7.727280206210693	2019-02-01	ne_star	south	2019
2018-09-01	B/Mexico/406/2018_EPI_ISL_313096	5.1e-05	6.746719999999996	6.159684000000001	0.04138150031431468	5.1825550389051425e-05	6.751995912809966	2019-02-01	ne_star	south	2019
2018-09-01	B/Michigan/30/2018_EPI_ISL_309729	0.002327	2.7972329999999985	4.2263	0.04138150031431468	0.002364667759908288	2.7708104977768535	2019-02-01	ne_star	south	2019
2018-09-01	B/Minnesota/03/2018_EPI_ISL_300273	2.1e-05	2.7972329999999985	4.2263	0.04138150031431468	2.1339932513138824e-05	2.7708104977768535	2019-02-01	ne_star	south	2019
2018-09-01	B/Minnesota/14/2018_EPI_ISL_309117	0.001756	3.7927139999999997	5.2262200000000005	-0.34388022908528126	0.001519787344773908	3.766925265863771	2019-02-01	ne_star	south	2019
2018-09-01	B/Minnesota/15/2018_EPI_ISL_311567	0.002066	4.095337	6.0896560000000015	0.04138150031431468	0.002099442884387848	4.0632908527106775	2019-02-01	ne_star	south	2019
2018-09-01	B/Minnesota/17/2018_EPI_ISL_313215	0.004070000000000001	3.7890800000000002	5.226295	-0.34388022908528126	0.0035225139483085464	3.763765469880235	2019-02-01	ne_star	south	2019
2018-09-01	B/Minnesota/20/2018_EPI_ISL_313076	0.006701	4.086884999999999	6.0896560000000015	0.04138150031431468	0.006809470846216346	4.05470203796777	2019-02-01	ne_star	south	2019
2018-09-01	B/Missouri/16/2018_EPI_ISL_313749	0.003043	2.7972329999999985	4.2263	0.04138150031431468	0.003092257839880069	2.7708104977768535	2019-02-01	ne_star	south	2019
2018-09-01	B/Missouri/16/2018_EPI_ISL_313749__dup2	0.003043	2.7972329999999985	4.2263	0.04138150031431468	0.003092257839880069	2.7708104977768535	2019-02-01	ne_star	south	2019
2018-09-01	B/Missouri/19/2018_EPI_ISL_315853	0.001685	6.746719999999996	6.159684000000001	0.04138150031431468	0.001712275537363758	6.751995912809966	2019-02-01	ne_star	south	2019
2018-09-01	B/Montana/19/2018_EPI_ISL_306855	0.0009599999999999999	2.7972329999999985	4.2263	0.04138150031431468	0.0009755397720292032	2.7708104977768535	2019-02-01	ne_star	south	2019
2018-09-01	B/Montana/25/2018_EPI_ISL_309733	0.003043	2.7972329999999985	4.2263	0.04138150031431468	0.003092257839880069	2.7708104977768535	2019-02-01	ne_star	south	2019
2018-09-01	B/Moscow/22/2018_EPI_ISL_320264	0.000135	5.024020999999997	4.175444999999999	0.04138150031431468	0.0001371852804416067	5.033408546144768	2019-02-01	ne_star	south	2019
2018-09-01	B/NAGANO/2102/2018_EPI_ISL_305337	9.7e-05	6.021929999999995	5.175440000000002	0.04138150031431468	9.857016446545075e-05	6.031296909013228	2019-02-01	ne_star	south	2019
2018-09-01	B/NAGANO/2131/2018_EPI_ISL_305411	0.000178	6.021929999999995	5.175440000000002	0.04138150031431468	0.00018088133273041479	6.031296909013228	2019-02-01	ne_star	south	2019
2018-09-01	B/NAGANO/2175/2018_EPI_ISL_312698	0.0007639999999999	6.021929999999995	5.175440000000002	0.04138150031431468	0.0007763670685731393	6.031296909013228	2019-02-01	ne_star	south	2019
2018-09-01	B/NAGASAKI/635/2018_EPI_ISL_312680__dup2	2.7000000000000002e-05	8.02244999999999	7.175429999999997	0.04138150031431468	2.7437056088321347e-05	8.031860186722882	2019-02-01	ne_star	south	2019
2018-09-01	B/NAGASAKI/635/2018_EPI_ISL_312680__dup4	2.7000000000000002e-05	8.02244999999999	7.175429999999997	0.04138150031431468	2.7437056088321347e-05	8.031860186722882	2019-02-01	ne_star	south	2019
2018-09-01	B/NIIGATA-C/1/2018_EPI_ISL_302262	2e-05	6.023493999999994	5.175440000000002	0.04138150031431468	2.0323745250608405e-05	6.033018500006959	2019-02-01	ne_star	south	2019
2018-09-01	B/NIIGATA/173/2018_EPI_ISL_305410	8.1e-05	7.003078999999995	6.1754050000000005	-0.34388022908528126	7.010408594913814e-05	7.01523106233359	2019-02-01	ne_star	south	2019
2018-09-01	B/Netherlands/00302/2018_EPI_ISL_308625	3.7e-05	2.7972329999999985	4.2263	0.04138150031431468	3.759892871362554e-05	2.7708104977768535	2019-02-01	ne_star	south	2019
2018-09-01	B/Netherlands/10367/2018_EPI_ISL_305517	0.000302	3.793999	5.226145000000001	-0.34388022908528126	0.00026137572785974963	3.7680374109309898	2019-02-01	ne_star	south	2019
2018-09-01	B/New_Brunswick/RV3874/2018_EPI_ISL_316497	0.0055299999999999	2.7972329999999985	4.2263	0.04138150031431468	0.005619515561793122	2.7708104977768535	2019-02-01	ne_star	south	2019
2018-09-01	B/New_Caledonia/1/2018_EPI_ISL_313825	1.4999999999999999e-05	6.023275999999994	5.174954000000001	0.04138150031431468	1.52428089379563e-05	6.0326646970685935	2019-02-01	ne_star	south	2019
2018-09-01	B/New_Caledonia/2/2018_EPI_ISL_312755	1.8e-05	6.023275999999994	5.174954000000001	0.04138150031431468	1.8291370725547562e-05	6.0326646970685935	2019-02-01	ne_star	south	2019
2018-09-01	B/New_Caledonia/3/2018_EPI_ISL_313826	2.4e-05	6.023275999999994	5.174954000000001	0.04138150031431468	2.4388494300730085e-05	6.0326646970685935	2019-02-01	ne_star	south	2019
2018-09-01	B/New_Caledonia/31/2017_EPI_ISL_312754	1e-05	6.023275999999994	5.174954000000001	0.04138150031431468	1.0161872625304203e-05	6.0326646970685935	2019-02-01	ne_star	south	2019
2018-09-01	B/New_Caledonia/6/2018_EPI_ISL_312756	0.000121	6.023275999999994	5.174954000000001	0.04138150031431468	0.00012295865876618084	6.0326646970685935	2019-02-01	ne_star	south	2019
2018-09-01	B/New_Caledonia/7/2018_EPI_ISL_312757	0.000178	6.023275999999994	5.174954000000001	0.04138150031431468	0.00018088133273041479	6.0326646970685935	2019-02-01	ne_star	south	2019
2018-09-01	B/New_Hampshire/11/2018_EPI_ISL_314437	0.001423	4.782896	6.226117000000002	-0.34388022908528126	0.001231581658094118	4.757125653128727	2019-02-01	ne_star	south	2019
2018-09-01	B/New_Hampshire/14/2018_EPI_ISL_311575	0.002327	3.792566	5.226295	0.04138150031431468	0.002364667759908288	3.7660811622570356	2019-02-01	ne_star	south	2019
2018-09-01	B/New_Jersey/14/2018_EPI_ISL_314416	0.003928	3.1002999999999994	5.089661	0.04138150031431468	0.003991583567219491	3.0683209796602005	2019-02-01	ne_star	south	2019
2018-09-01	B/New_Jersey/16/2018_EPI_ISL_321183	0.007576	3.766846	5.226295	0.04138150031431468	0.007698634700930463	3.7399553751951493	2019-02-01	ne_star	south	2019
2018-09-01	B/New_Jersey/16/2018_EPI_ISL_321183__dup2	0.007576	3.766846	5.226295	0.04138150031431468	0.007698634700930463	3.7399553751951493	2019-02-01	ne_star	south	2019
2018-09-01	B/New_York/18/2018_EPI_ISL_313090	0.004519	3.787764	5.152345	-0.34388022908528126	0.003911115609927842	3.7625635002812587	2019-02-01	ne_star	south	2019
2018-09-01	B/Niedersachsen/33/2018_EPI_ISL_308642	6.4e-05	2.7972329999999985	4.2263	0.04138150031431468	6.503598480194689e-05	2.7708104977768535	2019-02-01	ne_star	south	2019
2018-09-01	B/Niger/5592/2018_EPI_ISL_313098	0.000178	6.644905999999998	5.149458000000001	-0.34388022908528126	0.0001540558925795875	6.6414547110369	2019-02-01	ne_star	south	2019
2018-09-01	B/Niger/5667/2018_EPI_ISL_311626	9.7e-05	5.645275	4.149462999999998	0.04138150031431468	9.857016446545075e-05	5.641762822822062	2019-02-01	ne_star	south	2019
2018-09-01	B/Niger/5672/2018_EPI_ISL_309645	0.00011399999999999999	5.024020999999997	4.175444999999999	0.04138150031431468	0.00011584534792846788	5.033408546144768	2019-02-01	ne_star	south	2019
2018-09-01	B/North_Carolina/24/2018_EPI_ISL_313073	0.003043	3.751398000000001	5.212437	-0.34388022908528126	0.0026336633770768806	3.7310703733430093	2019-02-01	ne_star	south	2019
2018-09-01	B/North_Carolina/30/2017_EPI_ISL_295941	1e-05	4.099792999999999	6.0896560000000015	-0.34388022908528126	8.654825425819523e-06	4.067954271362045	2019-02-01	ne_star	south	2019
2018-09-01	B/North_Dakota/09/2018_EPI_ISL_311558	0.0026149999999999997	2.7972329999999985	4.2263	0.04138150031431468	0.0026573296915170484	2.7708104977768535	2019-02-01	ne_star	south	2019
2018-09-01	B/North_Dakota/11/2018_EPI_ISL_313222	0.005175	2.7972329999999985	4.2263	0.04138150031431468	0.005258769083594924	2.7708104977768535	2019-02-01	ne_star	south	2019
2018-09-01	B/Norway/1540/2018_EPI_ISL_316006	0.000272	5.9781859999999964	5.161582000000002	0.04138150031431468	0.0002764029354082743	5.993668421710924	2019-02-01	ne_star	south	2019
2018-09-01	B/Norway/2513/2018_EPI_ISL_315497	0.002066	2.7972329999999985	4.2263	0.04138150031431468	0.002099442884387848	2.7708104977768535	2019-02-01	ne_star	south	2019
2018-09-01	B/Nunavut/RV3849/2018_EPI_ISL_316089	0.018058	6.746719999999996	6.159684000000001	0.04138150031431468	0.01835030958677433	6.751995912809966	2019-02-01	ne_star	south	2019
2018-09-01	B/OSAKA-C/12/2018_EPI_ISL_312705	5.6999999999999996e-05	5.024020999999997	4.175444999999999	0.04138150031431468	5.792267396423394e-05	5.033408546144768	2019-02-01	ne_star	south	2019
2018-09-01	B/OSAKA/11/2018_EPI_ISL_302263	2.3e-05	6.854947999999996	6.050095000000001	0.04138150031431468	2.3372307038199664e-05	6.864451303588981	2019-02-01	ne_star	south	2019
2018-09-01	B/OSAKA/65/2018_EPI_ISL_312707	0.00028700000000000004	3.9957289999999968	6.065524000000002	0.04138150031431468	0.00029164574434623064	3.9647961174295365	2019-02-01	ne_star	south	2019
2018-09-01	B/Ohio/13/2018_EPI_ISL_313144	0.001685	2.7972329999999985	4.2263	0.04138150031431468	0.001712275537363758	2.7708104977768535	2019-02-01	ne_star	south	2019
2018-09-01	B/Oklahoma/15/2018_EPI_ISL_313194	0.004839	2.7972329999999985	4.2263	0.04138150031431468	0.0049173301633847035	2.7708104977768535	2019-02-01	ne_star	south	2019
2018-09-01	B/Oman/1144/2018_EPI_ISL_311609	0.000169	6.020786999999995	5.175290000000002	-0.34388022908528126	0.00014626654969634992	6.030635459298901	2019-02-01	ne_star	south	2019
2018-09-01	B/Oman/1961/2018_EPI_ISL_313107	0.000918	6.015071999999995	5.091158000000002	0.04138150031431468	0.0009328599070029256	6.024327896766794	2019-02-01	ne_star	south	2019
2018-09-01	B/Oman/2016/2018_EPI_ISL_313079	0.001147	6.021713999999995	5.175440000000002	0.04138150031431468	0.001165566790122392	6.031077412564521	2019-02-01	ne_star	south	2019
2018-09-01	B/Oman/2132/2018_EPI_ISL_313111	0.001307	5.024020999999997	4.175444999999999	0.04138150031431468	0.0013281567521272592	5.033408546144768	2019-02-01	ne_star	south	2019
2018-09-01	B/Ontario/RV3160/2018_EPI_ISL_313614	0.001685	7.742813999999993	7.159678999999997	0.04138150031431468	0.001712275537363758	7.748039895796927	2019-02-01	ne_star	south	2019
2018-09-01	B/Oregon/05/2018_EPI_ISL_303182	8.6e-05	3.1002999999999994	5.089661	0.04138150031431468	8.739210457761613e-05	3.0683209796602005	2019-02-01	ne_star	south	2019
2018-09-01	B/Papua_New_Guinea/1/2018_EPI_ISL_316413	0.017681	5.024020999999997	4.175444999999999	0.04138150031431468	0.017967206988800357	5.033408546144768	2019-02-01	ne_star	south	2019
2018-09-01	B/Papua_New_Guinea/2/2018_EPI_ISL_316414	0.017681	5.024020999999997	4.175444999999999	0.04138150031431468	0.017967206988800357	5.033408546144768	2019-02-01	ne_star	south	2019
2018-09-01	B/Pennsylvania/10/2018_EPI_ISL_311589	0.002327	3.7785590000000004	5.225949	0.04138150031431468	0.002364667759908288	3.752061880087258	2019-02-01	ne_star	south	2019
2018-09-01	B/Pennsylvania/15/2018_EPI_ISL_314415	0.006292	3.7785590000000004	5.225949	0.04138150031431468	0.006393850255841404	3.752061880087258	2019-02-01	ne_star	south	2019
2018-09-01	B/Pennsylvania/32/2018_EPI_ISL_314447	0.010102	5.028102000000001	6.9756419999999935	0.04138150031431468	0.010265523726082304	4.995181752645264	2019-02-01	ne_star	south	2019
2018-09-01	B/Peru/7218/2018_EPI_ISL_319689	0.012473999999999999	3.1002999999999994	5.089661	0.04138150031431468	0.012675919912804461	3.0683209796602005	2019-02-01	ne_star	south	2019
2018-09-01	B/Puerto_Rico/17/2018_EPI_ISL_321179	0.014107	2.7972329999999985	4.2263	0.04138150031431468	0.014335353712516638	2.7708104977768535	2019-02-01	ne_star	south	2019
2018-09-01	B/Punta_Arenas/33524/2018_EPI_ISL_314440	0.003278	2.7972329999999985	4.2263	0.04138150031431468	0.0033310618465747176	2.7708104977768535	2019-02-01	ne_star	south	2019
2018-09-01	B/Punta_Arenas/58278/2018_EPI_ISL_321158	0.028827	2.7972329999999985	4.2263	0.04138150031431468	0.029293630216964423	2.7708104977768535	2019-02-01	ne_star	south	2019
2018-09-01	B/Quebec/RV0430/2018_EPI_ISL_305890	1.9e-05	2.7972329999999985	4.2263	0.04138150031431468	1.9307557988077984e-05	2.7708104977768535	2019-02-01	ne_star	south	2019
2018-09-01	B/Quebec/RV2262/2018_EPI_ISL_313154	0.000452	3.1002999999999994	5.089661	0.04138150031431468	0.0004593166426637499	3.0683209796602005	2019-02-01	ne_star	south	2019
2018-09-01	B/Santiago/34511/2018_EPI_ISL_314439	0.004070000000000001	3.1002999999999994	5.089661	0.04138150031431468	0.004135882158498811	3.0683209796602005	2019-02-01	ne_star	south	2019
2018-09-01	B/Santiago/47361/2018_EPI_ISL_321157	0.014107	5.932940999999997	8.089367999999999	0.04138150031431468	0.014335353712516638	5.898292526893608	2019-02-01	ne_star	south	2019
2018-09-01	B/Santiago/47361/2018_EPI_ISL_321157__dup2	0.014107	3.9893949999999974	6.089426000000003	0.04138150031431468	0.014335353712516638	3.955633941743681	2019-02-01	ne_star	south	2019
2018-09-01	B/Santiago/51375/2018_EPI_ISL_321180	0.020380000000000002	4.931227000000001	6.964310999999996	0.04138150031431468	0.020709896410369962	4.899363737104411	2019-02-01	ne_star	south	2019
2018-09-01	B/Santiago/51375/2018_EPI_ISL_321180__dup2	0.020380000000000002	3.1002999999999994	5.089661	0.04138150031431468	0.020709896410369962	3.0683209796602005	2019-02-01	ne_star	south	2019
2018-09-01	B/Santiago/65/2017_EPI_ISL_304484	1.1e-05	7.023928999999995	6.175435000000001	0.04138150031431468	1.1178059887834621e-05	7.033341477785441	2019-02-01	ne_star	south	2019
2018-09-01	B/Santiago/65/2018_EPI_ISL_315050	1.1e-05	6.023963999999994	5.175440000000002	0.04138150031431468	1.1178059887834621e-05	6.033363833905214	2019-02-01	ne_star	south	2019
2018-09-01	B/Sao_Paulo/712227/2018_EPI_ISL_311498	0.00010800000000000001	3.1002999999999994	5.089661	0.04138150031431468	0.00010974822435328539	3.0683209796602005	2019-02-01	ne_star	south	2019
2018-09-01	B/Sao_Paulo/722199/2018_EPI_ISL_320151	9.7e-05	6.098988999999999	8.089288999999996	0.04138150031431468	9.857016446545075e-05	6.0670283894622585	2019-02-01	ne_star	south	2019
2018-09-01	B/Saskatchewan/RV2690/2018_EPI_ISL_313611__dup2	0.0004980000000000001	3.9957289999999968	6.065524000000002	0.04138150031431468	0.0005060612567401492	3.9647961174295365	2019-02-01	ne_star	south	2019
2018-09-01	B/Singapore/GP0026/2018_EPI_ISL_314064	2.1e-05	5.024020999999997	4.175444999999999	0.04138150031431468	2.1339932513138824e-05	5.033408546144768	2019-02-01	ne_star	south	2019
2018-09-01	B/Singapore/GP0026/2018_EPI_ISL_314064__dup2	2.1e-05	5.024020999999997	4.175444999999999	0.04138150031431468	2.1339932513138824e-05	5.033408546144768	2019-02-01	ne_star	south	2019
2018-09-01	B/Singapore/GP0423/2018_EPI_ISL_314065	0.000178	5.949598999999996	5.175344000000002	0.04138150031431468	0.00018088133273041479	5.963438055660892	2019-02-01	ne_star	south	2019
2018-09-01	B/Singapore/GP0423/2018_EPI_ISL_314065__dup2	0.000178	5.949598999999996	5.175344000000002	0.04138150031431468	0.00018088133273041479	5.963438055660892	2019-02-01	ne_star	south	2019
2018-09-01	B/Singapore/KK0234/2018_EPI_ISL_314067	0.000389	3.7532670000000006	5.1545559999999995	0.04138150031431468	0.0003952968451243335	3.726246539075058	2019-02-01	ne_star	south	2019
2018-09-01	B/Singapore/KK0234/2018_EPI_ISL_314067__dup2	0.000389	2.7972329999999985	4.2263	0.04138150031431468	0.0003952968451243335	2.7708104977768535	2019-02-01	ne_star	south	2019
2018-09-01	B/Singapore/KK0248/2018_EPI_ISL_314068	0.0004980000000000001	4.7431800000000015	6.112281000000003	-0.34388022908528126	0.0004310103062058123	4.716272297623915	2019-02-01	ne_star	south	2019
2018-09-01	B/Singapore/KK0248/2018_EPI_ISL_314068__dup2	0.0004980000000000001	3.795147	5.226295	0.04138150031431468	0.0005060612567401492	3.7688662505650106	2019-02-01	ne_star	south	2019
2018-09-01	B/Singapore/TT0354/2018_EPI_ISL_314066	0.000576	6.000645999999994	5.145342000000002	0.04138150031431468	0.000585323863217522	6.00966837931753	2019-02-01	ne_star	south	2019
2018-09-01	B/Singapore/TT0354/2018_EPI_ISL_314066__dup2	0.000576	6.000645999999994	5.145342000000002	0.04138150031431468	0.000585323863217522	6.00966837931753	2019-02-01	ne_star	south	2019
2018-09-01	B/South_Auckland/8/2018_EPI_ISL_320426	0.00047400000000000003	8.020329999999992	7.152719999999997	-0.7291419584848773	0.00034939864730597776	8.030492582	2019-02-01	ne_star	south	2019
2018-09-01	B/South_Carolina/05/2018_EPI_ISL_313171	0.00242	3.1002999999999994	5.089661	0.04138150031431468	0.0024591731753236166	3.0683209796602005	2019-02-01	ne_star	south	2019
2018-09-01	B/South_Dakota/15/2018_EPI_ISL_311614	0.003401	2.7972329999999985	4.2263	0.04138150031431468	0.003456052879865959	2.7708104977768535	2019-02-01	ne_star	south	2019
2018-09-01	B/South_Kazakhstan/ZVL280/2018_EPI_ISL_303804	4.2e-05	5.9720539999999955	5.061431000000001	0.04138150031431468	4.267986502627765e-05	5.980814593203675	2019-02-01	ne_star	south	2019
2018-09-01	B/Sri_Lanka/14/2018_EPI_ISL_321493	1.4000000000000001e-05	3.7358840000000004	5.202229000000001	-0.34388022908528126	1.2116755596147332e-05	3.7112093912733535	2019-02-01	ne_star	south	2019
2018-09-01	B/Sri_Lanka/19/2017_EPI_ISL_299617	1e-05	7.0239549999999955	6.1442770000000015	0.04138150031431468	1.0161872625304203e-05	7.033367898654267	2019-02-01	ne_star	south	2019
2018-09-01	B/Sydney/16/2018_EPI_ISL_312759	0.00040899999999999997	6.020848999999995	5.175365000000002	-0.34388022908528126	0.00035398235991601846	6.030689119216542	2019-02-01	ne_star	south	2019
2018-09-01	B/TOKUSHIMA/19/2018_EPI_ISL_316138	0.000729	4.056334	6.017917000000002	0.04138150031431468	0.0007408005143846764	4.023757020958407	2019-02-01	ne_star	south	2019
2018-09-01	B/TOKUSHIMA/19/2018_EPI_ISL_316138__dup2	0.000729	4.056334	6.017917000000002	0.04138150031431468	0.0007408005143846764	4.023757020958407	2019-02-01	ne_star	south	2019
2018-09-01	B/TOKUSHIMA/19/2018_EPI_ISL_316138__dup3	0.000729	4.056334	6.017917000000002	0.04138150031431468	0.0007408005143846764	4.023757020958407	2019-02-01	ne_star	south	2019
2018-09-01	B/TOKUSHIMA/19/2018_EPI_ISL_316138__dup4	0.000729	4.056334	6.017917000000002	0.04138150031431468	0.0007408005143846764	4.023757020958407	2019-02-01	ne_star	south	2019
2018-09-01	B/TOKUSHIMA/5/2018_EPI_ISL_305566	9.7e-05	5.024020999999997	4.175444999999999	0.04138150031431468	9.857016446545075e-05	5.033408546144768	2019-02-01	ne_star	south	2019
2018-09-01	B/TOYAMA/16/2018_EPI_ISL_316141	0.001097	4.035797999999999	5.988448000000002	0.04138150031431468	0.001114757426995871	4.002888599335082	2019-02-01	ne_star	south	2019
2018-09-01	B/TOYAMA/5/2018_EPI_ISL_312685	4.5e-05	6.023917999999995	5.175440000000002	0.04138150031431468	4.572842681386891e-05	6.033317089291137	2019-02-01	ne_star	south	2019
2018-09-01	B/Ukraine/7952/2018_EPI_ISL_316667	0.000452	5.024020999999997	4.175444999999999	0.04138150031431468	0.0004593166426637499	5.033408546144768	2019-02-01	ne_star	south	2019
2018-09-01	B/Ukraine/7991/2018_EPI_ISL_316668	0.0009599999999999999	5.9720539999999955	5.061431000000001	0.04138150031431468	0.0009755397720292032	5.980814593203675	2019-02-01	ne_star	south	2019
2018-09-01	B/Ukraine/7999/2018_EPI_ISL_316669	0.000523	3.794489	5.226295	0.04138150031431468	0.0005314659383034099	3.7680352903628815	2019-02-01	ne_star	south	2019
2018-09-01	B/Utah/04/2018_EPI_ISL_300930	4e-05	3.1002999999999994	5.089661	0.04138150031431468	4.064749050121681e-05	3.0683209796602005	2019-02-01	ne_star	south	2019
2018-09-01	B/Utah/23/2018_EPI_ISL_315829	0.009033	2.7972329999999985	4.2263	0.04138150031431468	0.009179219542437285	2.7708104977768535	2019-02-01	ne_star	south	2019
2018-09-01	B/Valparaiso/55955/2018_EPI_ISL_321159	0.027232	4.934918000000001	7.089238999999994	0.04138150031431468	0.0276728115332284	4.9002883186772195	2019-02-01	ne_star	south	2019
2018-09-01	B/Valparaiso/958/2018_EPI_ISL_315056	1.4000000000000001e-05	6.023979999999995	5.175440000000002	0.04138150031431468	1.4226621675425884e-05	6.033380092901415	2019-02-01	ne_star	south	2019
2018-09-01	B/Vermont/12/2018_EPI_ISL_313092	0.003928	2.7972329999999985	4.2263	0.04138150031431468	0.003991583567219491	2.7708104977768535	2019-02-01	ne_star	south	2019
2018-09-01	B/Virginia/14/2018_EPI_ISL_313084	0.001829	3.793562	5.226295	0.04138150031431468	0.0018586065031681383	3.767093284770516	2019-02-01	ne_star	south	2019
2018-09-01	B/WAKAYAMA-C/41/2018_EPI_ISL_312683	0.000188	5.024020999999997	4.175444999999999	0.04138150031431468	0.00019104320535571895	5.033408546144768	2019-02-01	ne_star	south	2019
2018-09-01	B/Wellington/1/2018_EPI_ISL_320425	0.007128	3.768708	5.226295	0.04138150031431468	0.0072433828073168345	3.741836966547585	2019-02-01	ne_star	south	2019
2018-09-01	B/Wellington/2/2018_EPI_ISL_317521	0.007128	3.768708	5.226295	0.04138150031431468	0.0072433828073168345	3.741836966547585	2019-02-01	ne_star	south	2019
2018-09-01	B/West_Virginia/07/2018_EPI_ISL_303015	7.7e-05	4.098972999999999	6.065988000000003	0.04138150031431468	7.824641921484236e-05	4.066985709597237	2019-02-01	ne_star	south	2019
2018-09-01	B/West_Virginia/26/2018_EPI_ISL_313070	0.003278	5.757119999999993	7.182818999999993	0.04138150031431468	0.0033310618465747176	5.730087809418208	2019-02-01	ne_star	south	2019
2018-09-01	B/West_Virginia/27/2018_EPI_ISL_313071	0.003401	5.757119999999993	7.182818999999993	0.04138150031431468	0.003456052879865959	5.730087809418208	2019-02-01	ne_star	south	2019
2018-09-01	B/Wisconsin/02/2018_EPI_ISL_298437	3.1e-05	6.746719999999996	6.159684000000001	0.04138150031431468	3.1501805138443026e-05	6.751995912809966	2019-02-01	ne_star	south	2019
2018-09-01	B/Wisconsin/25/2018_EPI_ISL_309732	0.0027170000000000002	6.746719999999996	6.159684000000001	0.04138150031431468	0.002760980792295152	6.751995912809966	2019-02-01	ne_star	south	2019
2018-09-01	B/Wisconsin/27/2018_EPI_ISL_311612	0.004839	6.746719999999996	6.159684000000001	0.04138150031431468	0.0049173301633847035	6.751995912809966	2019-02-01	ne_star	south	2019
2018-09-01	B/Wisconsin/31/2018_EPI_ISL_314029	0.01125	3.7747200000000003	5.225371	-0.34388022908528126	0.009736678604046962	3.7513371405687583	2019-02-01	ne_star	south	2019
2018-09-01	B/YAMAGATA/105/2018_EPI_ISL_316136	0.000121	5.024020999999997	4.175444999999999	0.04138150031431468	0.00012295865876618084	5.033408546144768	2019-02-01	ne_star	south	2019
2018-09-01	B/YAMAGUCHI/15/2018_EPI_ISL_305412	0.00011399999999999999	5.024020999999997	4.175444999999999	0.04138150031431468	0.00011584534792846788	5.033408546144768	2019-02-01	ne_star	south	2019
2018-09-01	B/YOKOHAMA/86/2018_EPI_ISL_312708	0.0022370000000000003	5.024020999999997	4.175444999999999	0.04138150031431468	0.00227321090628055	5.033408546144768	2019-02-01	ne_star	south	2019
2018-09-01	B/Yunnan-Wenshan/11/2018_EPI_ISL_297023	1.4000000000000001e-05	6.602784999999996	6.648304000000001	0.04138150031431468	1.4226621675425884e-05	6.596199831979626	2019-02-01	ne_star	south	2019
2018-09-01	B/Zhejiang-Nanxun/32/2018_EPI_ISL_309744	1.4000000000000001e-05	8.970917999999989	8.061415999999992	0.04138150031431468	1.4226621675425884e-05	8.979718824571384	2019-02-01	ne_star	south	2019
2018-09-01	B/Zhejiang-Shangcheng/122/2018_EPI_ISL_309748	2.1e-05	9.02282999999999	8.175424999999995	-0.34388022908528126	1.8175133394220997e-05	9.032276427245696	2019-02-01	ne_star	south	2019
2018-09-01	B/Zhejiang-Wuxin/113/2018_EPI_ISL_314480__dup3	1.4000000000000001e-05	7.961609999999995	7.127387999999996	-0.34388022908528126	1.2116755596147332e-05	7.972763109101598	2019-02-01	ne_star	south	2019
2019-09-01	B/Abu_Dhabi/027/2019_EPI_ISL_354360	2.8999999999999997e-05	5.677443999999997	6.180435999999994	0.06543675005137749	2.9758923191962437e-05	5.6451165043701925	2020-02-01	ne_star	south	2020
2019-09-01	B/Abu_Dhabi/030/2019_EPI_ISL_358006	3.1e-05	3.1322989999999997	2.6091639999999963	0.06543675005137749	3.181126272244261e-05	3.093683646829272	2020-02-01	ne_star	south	2020
2019-09-01	B/Abu_Dhabi/036/2019_EPI_ISL_357998	5e-05	3.1322989999999997	2.6091639999999963	0.06543675005137749	5.13084882620042e-05	3.093683646829272	2020-02-01	ne_star	south	2020
2019-09-01	B/Abu_Dhabi/040/2019_EPI_ISL_357999	5e-05	3.1322989999999997	2.6091639999999963	0.06543675005137749	5.13084882620042e-05	3.093683646829272	2020-02-01	ne_star	south	2020
2019-09-01	B/Alaska/04/2019_EPI_ISL_377550	0.011483	2.761243999999998	2.052139999999997	0.06543675005137749	0.011783507414251887	2.7168949889602647	2020-02-01	ne_star	south	2020
2019-09-01	B/Anhui-Qiaocheng/1506/2019_EPI_ISL_367016	0.0024530000000000003	7.699604999999995	9.034496999999988	-0.15844915922254665	0.0022929957857629165	7.675714107137277	2020-02-01	ne_star	south	2020
2019-09-01	B/Antananarivo/3125/2019_EPI_ISL_377198	0.00606	6.6298340000000024	8.03867599999998	0.06543675005137749	0.00621858877735491	6.603187591987963	2020-02-01	ne_star	south	2020
2019-09-01	B/Antananarivo/3184/2019_EPI_ISL_377199	0.007214	6.6298340000000024	8.03867599999998	0.06543675005137749	0.007402788686441966	6.603187591987963	2020-02-01	ne_star	south	2020
2019-09-01	B/Antananarivo/3205/2019_EPI_ISL_377201	0.007214	6.6298340000000024	8.03867599999998	0.06543675005137749	0.007402788686441966	6.603187591987963	2020-02-01	ne_star	south	2020
2019-09-01	B/Antananarivo/3330/2019_EPI_ISL_377202	0.008966	6.6298340000000024	8.03867599999998	0.06543675005137749	0.009200638115142594	6.603187591987963	2020-02-01	ne_star	south	2020
2019-09-01	B/Antananarivo/3426/2019_EPI_ISL_387000	0.009441	6.690862000000001	7.994970999999978	-0.15844915922254665	0.008825182720500483	6.6675760364680485	2020-02-01	ne_star	south	2020
2019-09-01	B/Antananarivo/3493/2019_EPI_ISL_387002	0.011216	6.627972000000002	7.810119999999979	0.06543675005137749	0.011509520086932784	6.602760076564244	2020-02-01	ne_star	south	2020
2019-09-01	B/Antsirabe/3506/2019_EPI_ISL_377209	0.010692	7.547602999999994	8.809564999999985	0.06543675005137749	0.01097180712994698	7.520315659353082	2020-02-01	ne_star	south	2020
2019-09-01	B/Arizona/06/2019_EPI_ISL_354365	0.00018999999999999998	5.710202999999997	7.0392309999999885	0.06543675005137749	0.00019497225539561597	5.685632009199135	2020-02-01	ne_star	south	2020
2019-09-01	B/Arizona/12/2019_EPI_ISL_365697	0.012863	2.761243999999998	2.052139999999997	0.06543675005137749	0.013199621690283202	2.7168949889602647	2020-02-01	ne_star	south	2020
2019-09-01	B/Ashgabat/7/2019_EPI_ISL_387005	0.002943	6.734111999999998	7.215961999999988	0.06543675005137749	0.003020017619101567	6.701734441808078	2020-02-01	ne_star	south	2020
2019-09-01	B/Bahia/150/2019_EPI_ISL_377621	0.001362	5.710202999999997	7.0392309999999885	0.06543675005137749	0.0013976432202569946	5.685632009199135	2020-02-01	ne_star	south	2020
2019-09-01	B/Bahrain/106/2019_EPI_ISL_377597	6.3e-05	2.761243999999998	2.052139999999997	0.06543675005137749	6.46486952101253e-05	2.7168949889602647	2020-02-01	ne_star	south	2020
2019-09-01	B/Bahrain/166/2019_EPI_ISL_377596	0.000181	2.761243999999998	2.052139999999997	0.06543675005137749	0.00018573672750845524	2.7168949889602647	2020-02-01	ne_star	south	2020
2019-09-01	B/Bahrain/232/2019_EPI_ISL_386908	0.001254	4.129779999999996	3.6091509999999953	0.06543675005137749	0.0012868168856110653	4.091110013058052	2020-02-01	ne_star	south	2020
2019-09-01	B/Bahrain/351/2019_EPI_ISL_377601	0.008734	4.660051999999996	4.035126999999995	0.06543675005137749	0.008962566729606896	4.613077393810924	2020-02-01	ne_star	south	2020
2019-09-01	B/Bahrain/360/2019_EPI_ISL_377600	0.009441	5.677443999999997	6.180435999999994	0.06543675005137749	0.009688068753631634	5.6451165043701925	2020-02-01	ne_star	south	2020
2019-09-01	B/Bangkok/16/2019_EPI_ISL_386897	3.7e-05	2.761243999999998	2.052139999999997	0.06543675005137749	3.796828131388311e-05	2.7168949889602647	2020-02-01	ne_star	south	2020
2019-09-01	B/Bangkok/259/2019_EPI_ISL_386904	0.015516	4.307117999999998	3.9544579999999954	-0.15844915922254665	0.014503922793272485	4.270799087575079	2020-02-01	ne_star	south	2020
2019-09-01	B/Bangladesh/0021/2019_EPI_ISL_365729	0.002738	6.994795000000001	5.814580999999995	-0.3823350684964708	0.0023314475297083084	6.961618479182179	2020-02-01	ne_star	south	2020
2019-09-01	B/Bangladesh/1159/2019_EPI_ISL_362452	0.000426	3.6775309999999997	3.0351399999999944	0.06543675005137749	0.00043714831999227584	3.631002527270141	2020-02-01	ne_star	south	2020
2019-09-01	B/Bangladesh/1190414003/2019_EPI_ISL_377564	0.001419	3.6775309999999997	3.0351399999999944	0.06543675005137749	0.0014561348968756794	3.631002527270141	2020-02-01	ne_star	south	2020
2019-09-01	B/Bangladesh/1521/2019_EPI_ISL_362467	0.00026000000000000003	2.761243999999998	2.052139999999997	0.06543675005137749	0.0002668041389624219	2.7168949889602647	2020-02-01	ne_star	south	2020
2019-09-01	B/Bangladesh/1536/2019_EPI_ISL_362446	0.000712	4.7177779999999965	4.033076999999995	0.06543675005137749	0.0007306328728509399	4.677204973631509	2020-02-01	ne_star	south	2020
2019-09-01	B/Bangladesh/1601/2019_EPI_ISL_362477	8.4e-05	5.677443999999997	6.180435999999994	0.06543675005137749	8.619826028016707e-05	5.6451165043701925	2020-02-01	ne_star	south	2020
2019-09-01	B/Bangladesh/1604/2019_EPI_ISL_362472	0.00011100000000000001	6.676131	7.180402999999988	0.06543675005137749	0.00011390484394164935	6.643780431335844	2020-02-01	ne_star	south	2020
2019-09-01	B/Bangladesh/1618/2019_EPI_ISL_362449	0.000334	5.677443999999997	6.180435999999994	0.06543675005137749	0.0003427407015901881	5.6451165043701925	2020-02-01	ne_star	south	2020
2019-09-01	B/Bangladesh/1621/2019_EPI_ISL_362537	0.000368	5.677443999999997	6.180435999999994	0.06543675005137749	0.00037763047360835094	5.6451165043701925	2020-02-01	ne_star	south	2020
2019-09-01	B/Bangladesh/1627/2019_EPI_ISL_362457	0.00054	6.676131	7.180402999999988	0.06543675005137749	0.0005541316732296455	6.643780431335844	2020-02-01	ne_star	south	2020
2019-09-01	B/Bangladesh/1628/2019_EPI_ISL_362448	0.00065	5.677443999999997	6.180435999999994	0.06543675005137749	0.0006670103474060547	5.6451165043701925	2020-02-01	ne_star	south	2020
2019-09-01	B/Bangladesh/2016/2019_EPI_ISL_365731	0.0024530000000000003	4.946954000000002	4.415438999999994	-0.15844915922254665	0.0022929957857629165	4.908336226305153	2020-02-01	ne_star	south	2020
2019-09-01	B/Bangladesh/299/2019_EPI_ISL_362468	0.000117	5.677443999999997	6.180435999999994	0.06543675005137749	0.00012006186253308983	5.6451165043701925	2020-02-01	ne_star	south	2020
2019-09-01	B/Bangladesh/3022/2019_EPI_ISL_364185	0.000223	3.6790129999999994	2.8230289999999942	-0.15844915922254665	0.00020845416234208328	3.6340230563253817	2020-02-01	ne_star	south	2020
2019-09-01	B/Bangladesh/303/2019_EPI_ISL_362481	0.00024700000000000004	5.677443999999997	6.180435999999994	0.06543675005137749	0.00025346393201430086	5.6451165043701925	2020-02-01	ne_star	south	2020
2019-09-01	B/Bangladesh/304/2019_EPI_ISL_362480	0.00024700000000000004	5.677443999999997	6.180435999999994	0.06543675005137749	0.00025346393201430086	5.6451165043701925	2020-02-01	ne_star	south	2020
2019-09-01	B/Bangladesh/313/2019_EPI_ISL_362463	0.0008900000000000001	5.677443999999997	6.180435999999994	0.06543675005137749	0.0009132910910636749	5.6451165043701925	2020-02-01	ne_star	south	2020
2019-09-01	B/Bangladesh/3190414012/2019_EPI_ISL_377587	0.002738	2.761243999999998	2.052139999999997	0.06543675005137749	0.00280965281722735	2.7168949889602647	2020-02-01	ne_star	south	2020
2019-09-01	B/Bangladesh/367/2019_EPI_ISL_362475	7.5e-05	2.761243999999998	2.052139999999997	0.06543675005137749	7.69627323930063e-05	2.7168949889602647	2020-02-01	ne_star	south	2020
2019-09-01	B/Bangladesh/4003/2019_EPI_ISL_365671	0.00038700000000000003	5.677443999999997	6.180435999999994	0.06543675005137749	0.0003971276991479126	5.6451165043701925	2020-02-01	ne_star	south	2020
2019-09-01	B/Bangladesh/4010/2019_EPI_ISL_365722	0.002363	3.6775309999999997	3.0351399999999944	0.06543675005137749	0.002424839155262319	3.631002527270141	2020-02-01	ne_star	south	2020
2019-09-01	B/Bangladesh/4016/2019_EPI_ISL_364183	5.9999999999999995e-05	5.677443999999997	6.180435999999994	0.06543675005137749	6.157018591440504e-05	5.6451165043701925	2020-02-01	ne_star	south	2020
2019-09-01	B/Beijing-Haidian/1223/2019_EPI_ISL_367149	0.000566	2.761243999999998	2.052139999999997	0.06543675005137749	0.0005808120871258876	2.7168949889602647	2020-02-01	ne_star	south	2020
2019-09-01	B/Beijing-Huairou/1373/2019_EPI_ISL_367145	0.000273	6.704740000000001	8.03921799999998	0.06543675005137749	0.00028014434591054296	6.680485728935782	2020-02-01	ne_star	south	2020
2019-09-01	B/Belgium/G0359/2019_EPI_ISL_356895	0.00044699999999999997	6.0211769999999945	5.111952999999988	-0.15844915922254665	0.0004178430967126063	5.982907527303209	2020-02-01	ne_star	south	2020
2019-09-01	B/Belgium/S1080/2019_EPI_ISL_356896	0.000105	5.119235000000002	4.570098999999994	0.06543675005137749	0.00010774782535020884	5.080582048435319	2020-02-01	ne_star	south	2020
2019-09-01	B/Bhutan/176/2019_EPI_ISL_368224	0.005706	2.761243999999998	2.052139999999997	0.06543675005137749	0.0058553246804599205	2.7168949889602647	2020-02-01	ne_star	south	2020
2019-09-01	B/Bhutan/889/2019_EPI_ISL_368228	0.0048850000000000005	2.761243999999998	2.052139999999997	0.06543675005137749	0.005012839303197811	2.7168949889602647	2020-02-01	ne_star	south	2020
2019-09-01	B/Birobidzhan/1023V/2019_EPI_ISL_387018	0.002363	3.6911439999999995	3.020084999999994	0.06543675005137749	0.002424839155262319	3.645701334388724	2020-02-01	ne_star	south	2020
2019-09-01	B/Brisbane/2/2019_EPI_ISL_354454	0.000117	6.627622999999998	7.130086999999987	0.06543675005137749	0.00012006186253308983	6.59467677247927	2020-02-01	ne_star	south	2020
2019-09-01	B/Brunei/1/2019_EPI_ISL_348310	1.1e-05	6.627622999999998	7.130086999999987	0.06543675005137749	1.1287867417640925e-05	6.59467677247927	2020-02-01	ne_star	south	2020
2019-09-01	B/Burkina_Faso/1462/2019_EPI_ISL_356363	2.6000000000000002e-05	4.820823	4.5081249999999935	0.06543675005137749	2.668041389624219e-05	4.783764375443351	2020-02-01	ne_star	south	2020
2019-09-01	B/Burkina_Faso/1474/2019_EPI_ISL_356353	3.7e-05	5.120565000000002	4.5488989999999925	-0.15844915922254665	3.45865650522739e-05	5.08182267536472	2020-02-01	ne_star	south	2020
2019-09-01	B/Burkina_Faso/2449/2018_EPI_ISL_356352	1e-05	4.120649999999996	3.570111999999996	0.06543675005137749	1.0261697652400841e-05	4.081891848494822	2020-02-01	ne_star	south	2020
2019-09-01	B/CHIBA-C/32/2019_EPI_ISL_363733	0.000105	6.594958000000002	7.877560999999981	0.06543675005137749	0.00010774782535020884	6.571478243246544	2020-02-01	ne_star	south	2020
2019-09-01	B/CHIBA-C/54/2019_EPI_ISL_381719	0.009202	3.6459989999999998	2.890469999999994	0.06543675005137749	0.009442814179739255	3.602741223007682	2020-02-01	ne_star	south	2020
2019-09-01	B/California/24/2019_EPI_ISL_364172	0.004436	3.752361000000001	3.052126999999994	0.06543675005137749	0.004552089078605013	3.707790810803056	2020-02-01	ne_star	south	2020
2019-09-01	B/Canberra/1/2019_EPI_ISL_354457	1.4000000000000001e-05	5.344516999999995	5.44019999999999	0.06543675005137749	1.4366376713361178e-05	5.307496388035916	2020-02-01	ne_star	south	2020
2019-09-01	B/Canberra/24/2019_EPI_ISL_377399	0.010435	3.7403630000000003	3.052126999999994	-0.15844915922254665	0.00975434611676968	3.6973862967267266	2020-02-01	ne_star	south	2020
2019-09-01	B/Canberra/3/2019_EPI_ISL_354458	0.000105	2.761243999999998	2.052139999999997	0.06543675005137749	0.00010774782535020884	2.7168949889602647	2020-02-01	ne_star	south	2020
2019-09-01	B/Catalonia/2079132NS/2019_EPI_ISL_351786	0.000621	7.674889999999995	8.180409999999984	0.06543675005137749	0.0006372514242140923	7.642521624240863	2020-02-01	ne_star	south	2020
2019-09-01	B/Chongqing-Yuzhong/1321/2019_EPI_ISL_367183	0.00018999999999999998	3.4398229999999996	2.8702689999999946	0.06543675005137749	0.00019497225539561597	3.393925503883215	2020-02-01	ne_star	south	2020
2019-09-01	B/Christchurch/504/2019_EPI_ISL_367734	0.008734	2.761243999999998	2.052139999999997	0.06543675005137749	0.008962566729606896	2.7168949889602647	2020-02-01	ne_star	south	2020
2019-09-01	B/Christchurch/505/2019_EPI_ISL_377396	0.011483	3.698392	2.9182859999999944	0.06543675005137749	0.011783507414251887	3.6525591420542916	2020-02-01	ne_star	south	2020
2019-09-01	B/Colorado/02/2019_EPI_ISL_342182	8.4e-05	5.710202999999997	7.0392309999999885	0.06543675005137749	8.619826028016707e-05	5.685632009199135	2020-02-01	ne_star	south	2020
2019-09-01	B/Congo/219/2019_EPI_ISL_362496	0.0014789999999999	4.652701999999997	4.030620999999994	0.06543675005137749	0.001517705082789982	4.60553504603641	2020-02-01	ne_star	south	2020
2019-09-01	B/Congo/262/2019_EPI_ISL_362494	0.00316	4.652701999999997	4.030620999999994	0.06543675005137749	0.0032426964581586657	4.60553504603641	2020-02-01	ne_star	south	2020
2019-09-01	B/Congo/268/2019_EPI_ISL_362495	0.003885	4.652701999999997	4.030620999999994	0.06543675005137749	0.003986669537957727	4.60553504603641	2020-02-01	ne_star	south	2020
2019-09-01	B/Congo/271/2019_EPI_ISL_362498	0.003885	4.652701999999997	4.030620999999994	0.06543675005137749	0.003986669537957727	4.60553504603641	2020-02-01	ne_star	south	2020
2019-09-01	B/Cote_D_Ivoire/218/2019_EPI_ISL_364236	0.000131	4.121965999999996	3.5206569999999955	0.06543675005137749	0.00013442823924645104	4.084061271109041	2020-02-01	ne_star	south	2020
2019-09-01	B/Cote_D_Ivoire/274/2019_EPI_ISL_365730	0.00020099999999999998	7.994381999999996	6.814567999999987	-0.606220977770395	0.0001559102806439006	7.961306658620883	2020-02-01	ne_star	south	2020
2019-09-01	B/Cote_D_Ivoire/458/2019_EPI_ISL_365681	0.000852	6.994795000000001	5.814580999999995	-0.3823350684964708	0.0007254906118741705	6.961618479182179	2020-02-01	ne_star	south	2020
2019-09-01	B/Dakar/02/2019_EPI_ISL_387008	1.7e-05	2.761243999999998	2.052139999999997	0.06543675005137749	1.744488600908143e-05	2.7168949889602647	2020-02-01	ne_star	south	2020
2019-09-01	B/Dakar/06/2019_EPI_ISL_387010	0.000223	2.761243999999998	2.052139999999997	0.06543675005137749	0.00022883585764853876	2.7168949889602647	2020-02-01	ne_star	south	2020
2019-09-01	B/Dakar/08/2019_EPI_ISL_387011	0.0008150000000000001	2.761243999999998	2.052139999999997	0.06543675005137749	0.0008363283586706687	2.7168949889602647	2020-02-01	ne_star	south	2020
2019-09-01	B/Darwin/16/2019_EPI_ISL_354455	0.000712	2.761243999999998	2.052139999999997	0.06543675005137749	0.0007306328728509399	2.7168949889602647	2020-02-01	ne_star	south	2020
2019-09-01	B/Darwin/5/2019_EPI_ISL_348309	0.000181	4.595104999999999	3.7093979999999953	0.06543675005137749	0.00018573672750845524	4.552158871822456	2020-02-01	ne_star	south	2020
2019-09-01	B/Darwin/67/2019_EPI_ISL_364919	0.009684	2.761243999999998	2.052139999999997	0.06543675005137749	0.009937428006584976	2.7168949889602647	2020-02-01	ne_star	south	2020
2019-09-01	B/Darwin/8/2019_EPI_ISL_354491	0.00031800000000000003	3.698392	2.9182859999999944	0.06543675005137749	0.0003263219853463468	3.6525591420542916	2020-02-01	ne_star	south	2020
2019-09-01	B/Delaware/03/2019_EPI_ISL_353537	0.00044699999999999997	2.761243999999998	2.052139999999997	0.06543675005137749	0.0004586978850623176	2.7168949889602647	2020-02-01	ne_star	south	2020
2019-09-01	B/Dijon/1356/2019_EPI_ISL_345600	0.000131	7.109279000000001	6.523933999999992	-0.3823350684964708	0.0001115484391496671	7.071511476800745	2020-02-01	ne_star	south	2020
2019-09-01	B/EHIME/1/2019_EPI_ISL_363727	0.0009710000000000001	4.696438999999998	3.917032999999996	0.06543675005137749	0.0009964108420481216	4.650566320370193	2020-02-01	ne_star	south	2020
2019-09-01	B/England/8092/2019_EPI_ISL_369683	4.2e-05	3.1322989999999997	2.6091639999999963	0.06543675005137749	4.309913014008353e-05	3.093683646829272	2020-02-01	ne_star	south	2020
2019-09-01	B/Eskilstuna/1/2019_EPI_ISL_340389	3.3e-05	2.761243999999998	2.052139999999997	0.06543675005137749	3.386360225292278e-05	2.7168949889602647	2020-02-01	ne_star	south	2020
2019-09-01	B/Eskilstuna/2/2019_EPI_ISL_347818	0.00040599999999999995	4.696756999999998	3.918272999999996	0.06543675005137749	0.0004166249246874741	4.650892642355539	2020-02-01	ne_star	south	2020
2019-09-01	B/Eskilstuna/2/2019_EPI_ISL_347818__dup2	0.00040599999999999995	3.7596090000000006	3.052126999999994	0.06543675005137749	0.0004166249246874741	3.715228489261516	2020-02-01	ne_star	south	2020
2019-09-01	B/Espirito_Santo/105/2019_EPI_ISL_387112	0.00044699999999999997	6.554692000000002	8.034353999999981	0.06543675005137749	0.0004586978850623176	6.538460953018084	2020-02-01	ne_star	south	2020
2019-09-01	B/Espirito_Santo/192/2019_EPI_ISL_377620	0.001807	6.554692000000002	8.034353999999981	0.06543675005137749	0.001854288765788832	6.538460953018084	2020-02-01	ne_star	south	2020
2019-09-01	B/FUKUOKA-C/1/2019_EPI_ISL_361862	2.6000000000000002e-05	10.494005999999999	10.850735999999982	-0.3823350684964708	2.2139384869399574e-05	10.46169859098943	2020-02-01	ne_star	south	2020
2019-09-01	B/Florida/23/2019_EPI_ISL_364219	0.00643	7.594891999999994	8.101149999999983	0.06543675005137749	0.006598271590493741	7.561100497760618	2020-02-01	ne_star	south	2020
2019-09-01	B/Florida/29/2019_EPI_ISL_365702	0.008966	2.761243999999998	2.052139999999997	0.06543675005137749	0.009200638115142594	2.7168949889602647	2020-02-01	ne_star	south	2020
2019-09-01	B/Florida/31/2019_EPI_ISL_365709	0.00993	7.594891999999994	8.101149999999983	0.06543675005137749	0.010189865768834036	7.561100497760618	2020-02-01	ne_star	south	2020
2019-09-01	B/Florida/34/2019_EPI_ISL_386893	0.023587	5.616480999999998	5.051108999999992	-0.3823350684964708	0.020084679650558757	5.593094958450025	2020-02-01	ne_star	south	2020
2019-09-01	B/Florida/35/2019_EPI_ISL_386892	0.025036000000000003	2.761243999999998	2.052139999999997	0.06543675005137749	0.025691186242550748	2.7168949889602647	2020-02-01	ne_star	south	2020
2019-09-01	B/Gansu-Chengguan/1721/2019_EPI_ISL_367092	0.004732	3.4398229999999996	2.8702689999999946	0.06543675005137749	0.004855835329116078	3.393925503883215	2020-02-01	ne_star	south	2020
2019-09-01	B/Georgia/04/2019_EPI_ISL_364288	0.001953	3.751561000000001	3.005987999999994	-0.15844915922254665	0.0018256097715429983	3.7080475142039906	2020-02-01	ne_star	south	2020
2019-09-01	B/Georgia/568/2019_EPI_ISL_377210	0.000223	3.760787000000001	3.047403999999994	0.06543675005137749	0.00022883585764853876	3.716437317244968	2020-02-01	ne_star	south	2020
2019-09-01	B/Georgia/568/2019_EPI_ISL_377210__dup2	0.000223	2.761243999999998	2.052139999999997	0.06543675005137749	0.00022883585764853876	2.7168949889602647	2020-02-01	ne_star	south	2020
2019-09-01	B/Georgia/569/2019_EPI_ISL_361966	0.000223	3.6459989999999998	2.890469999999994	0.06543675005137749	0.00022883585764853876	3.602741223007682	2020-02-01	ne_star	south	2020
2019-09-01	B/Georgia/675/2019_EPI_ISL_377211	0.0008150000000000001	3.7415410000000007	3.052126999999994	-0.15844915922254665	0.0007618392031784659	3.696836632254142	2020-02-01	ne_star	south	2020
2019-09-01	B/Germany/9318/2019_EPI_ISL_387375	0.00065	5.119339000000002	4.5576499999999935	0.06543675005137749	0.0006670103474060547	5.080557827800013	2020-02-01	ne_star	south	2020
2019-09-01	B/Goias/1227569-IAL/2019_EPI_ISL_372941	0.0050420000000000005	7.172807999999999	8.211726999999982	-0.3823350684964708	0.004293337635058179	7.169094437825863	2020-02-01	ne_star	south	2020
2019-09-01	B/Guam/9605/2019_EPI_ISL_368850	0.001737	5.710202999999997	7.0392309999999885	0.06543675005137749	0.0017824568822220263	5.685632009199135	2020-02-01	ne_star	south	2020
2019-09-01	B/Guam/9606/2019_EPI_ISL_368854	0.001362	3.161678999999999	2.929882999999995	0.06543675005137749	0.0013976432202569946	3.120720084099008	2020-02-01	ne_star	south	2020
2019-09-01	B/Guam/9726/2019_EPI_ISL_369049	0.002363	3.161678999999999	2.929882999999995	0.06543675005137749	0.002424839155262319	3.120720084099008	2020-02-01	ne_star	south	2020
2019-09-01	B/Guam/9729/2019_EPI_ISL_369054	0.00264	3.161678999999999	2.929882999999995	0.06543675005137749	0.002709088180233822	3.120720084099008	2020-02-01	ne_star	south	2020
2019-09-01	B/Guangdong-Chengqu/8103/2019_EPI_ISL_367080__dup2	0.0053659999999999	3.4398229999999996	2.8702689999999946	0.06543675005137749	0.0055064269602781895	3.393925503883215	2020-02-01	ne_star	south	2020
2019-09-01	B/Guangdong-Qingcheng/1254/2019_EPI_ISL_367099	0.001307	4.373664999999996	3.7389159999999957	-0.15844915922254665	0.0012217470411708645	4.3294478252777315	2020-02-01	ne_star	south	2020
2019-09-01	B/Guangxi-Xixiangtang/1423/2019_EPI_ISL_367077__dup2	0.00606	4.324577999999998	3.7085989999999964	0.06543675005137749	0.00621858877735491	4.279771737930629	2020-02-01	ne_star	south	2020
2019-09-01	B/Guangxi-Youjiang/1573/2019_EPI_ISL_377021	0.018940000000000002	3.4398229999999996	2.8702689999999946	0.06543675005137749	0.019435655353647194	3.393925503883215	2020-02-01	ne_star	south	2020
2019-09-01	B/Guatemala/60/2019_EPI_ISL_364188	0.000131	5.710202999999997	7.0392309999999885	0.06543675005137749	0.00013442823924645104	5.685632009199135	2020-02-01	ne_star	south	2020
2019-09-01	B/Guatemala/79/2019_EPI_ISL_365706	0.000273	5.710202999999997	7.0392309999999885	0.06543675005137749	0.00028014434591054296	5.685632009199135	2020-02-01	ne_star	south	2020
2019-09-01	B/Guizhou-Honghuagang/1438/2019_EPI_ISL_367342	0.008734	6.3312979999999985	5.738889999999987	-0.3823350684964708	0.007437130286512918	6.2935007467828505	2020-02-01	ne_star	south	2020
2019-09-01	B/Guizhou-Kaili/1346/2019_EPI_ISL_367411	0.002943	8.614006999999994	9.126852999999985	-0.15844915922254665	0.002751034079698435	8.581802954848206	2020-02-01	ne_star	south	2020
2019-09-01	B/Guyane/660/2019_EPI_ISL_368213	0.00662	8.736473999999992	10.114689999999984	-0.15844915922254665	0.0061881908282717096	8.739630000370678	2020-02-01	ne_star	south	2020
2019-09-01	B/Guyane/704/2019_EPI_ISL_368214	0.008506	7.7497249999999935	9.114737999999988	-0.15844915922254665	0.007951170873909239	7.752006382027227	2020-02-01	ne_star	south	2020
2019-09-01	B/Guyane/705/2019_EPI_ISL_368215	0.008734	8.732245999999993	10.114568999999985	-0.3823350684964708	0.007437130286512918	8.737132121454195	2020-02-01	ne_star	south	2020
2019-09-01	B/Guyane/739/2019_EPI_ISL_368217	0.011483	7.7497249999999935	9.114737999999988	-0.15844915922254665	0.010733987202574628	7.752006382027227	2020-02-01	ne_star	south	2020
2019-09-01	B/HIROSHIMA-C/1/2019_EPI_ISL_352915	4.4e-05	3.698392	2.9182859999999944	0.06543675005137749	4.51514696705637e-05	3.6525591420542916	2020-02-01	ne_star	south	2020
2019-09-01	B/HIROSHIMA/1/2019_EPI_ISL_352902	2e-05	7.564770999999993	7.996232999999983	0.06543675005137749	2.0523395304801683e-05	7.530340925573303	2020-02-01	ne_star	south	2020
2019-09-01	B/HIROSHIMA/2/2019_EPI_ISL_364632	0.000131	9.563038999999987	9.99620699999998	-0.15844915922254665	0.00012245513572561843	9.528742465404662	2020-02-01	ne_star	south	2020
2019-09-01	B/HIROSHIMA/4/2019_EPI_ISL_363721	0.000593	8.510918999999989	8.96840399999998	-0.15844915922254665	0.0005543198128648223	8.479169456629505	2020-02-01	ne_star	south	2020
2019-09-01	B/HK/10/2019_EPI_ISL_350924	6.3e-05	6.709704000000002	8.03903099999998	0.06543675005137749	6.46486952101253e-05	6.685131238353692	2020-02-01	ne_star	south	2020
2019-09-01	B/HK/114/2019_EPI_ISL_362051	0.0021100000000000003	2.761243999999998	2.052139999999997	0.06543675005137749	0.0021652182046565777	2.7168949889602647	2020-02-01	ne_star	south	2020
2019-09-01	B/HK/19/2019_EPI_ISL_350930	0.000146	2.761243999999998	2.052139999999997	0.06543675005137749	0.0001498207857250523	2.7168949889602647	2020-02-01	ne_star	south	2020
2019-09-01	B/HK/20/2019_EPI_ISL_350931	0.000181	6.709704000000002	8.03903099999998	0.06543675005137749	0.00018573672750845524	6.685131238353692	2020-02-01	ne_star	south	2020
2019-09-01	B/HK/21/2019_EPI_ISL_350932	0.000181	2.761243999999998	2.052139999999997	0.06543675005137749	0.00018573672750845524	2.7168949889602647	2020-02-01	ne_star	south	2020
2019-09-01	B/HK/216/2019_EPI_ISL_381919	0.004732	3.4398229999999996	2.8702689999999946	0.06543675005137749	0.004855835329116078	3.393925503883215	2020-02-01	ne_star	south	2020
2019-09-01	B/HK/23/2019_EPI_ISL_350933	0.00021099999999999998	3.4398229999999996	2.8702689999999946	0.06543675005137749	0.00021652182046565774	3.393925503883215	2020-02-01	ne_star	south	2020
2019-09-01	B/HK/24/2019_EPI_ISL_350934	0.00024700000000000004	2.761243999999998	2.052139999999997	0.06543675005137749	0.00025346393201430086	2.7168949889602647	2020-02-01	ne_star	south	2020
2019-09-01	B/HK/338/2019_EPI_ISL_381937	0.008281	3.4398229999999996	2.8702689999999946	0.06543675005137749	0.008497711825953137	3.393925503883215	2020-02-01	ne_star	south	2020
2019-09-01	B/HK/36/2019_EPI_ISL_362025	0.00040599999999999995	9.580210999999991	10.033037999999983	0.06543675005137749	0.0004166249246874741	9.547411964740508	2020-02-01	ne_star	south	2020
2019-09-01	B/HK/42/2019_EPI_ISL_362031	0.00054	3.4398229999999996	2.8702689999999946	0.06543675005137749	0.0005541316732296455	3.393925503883215	2020-02-01	ne_star	south	2020
2019-09-01	B/HK/43/2019_EPI_ISL_362032	0.000566	2.761243999999998	2.052139999999997	0.06543675005137749	0.0005808120871258876	2.7168949889602647	2020-02-01	ne_star	south	2020
2019-09-01	B/HK/668/2019_EPI_ISL_381933	0.017683	3.6911439999999995	3.020084999999994	0.06543675005137749	0.018145759958740407	3.645701334388724	2020-02-01	ne_star	south	2020
2019-09-01	B/HK/78/2019_EPI_ISL_362048	0.001604	3.7108509999999995	3.0516149999999937	0.06543675005137749	0.001645976303445095	3.673433677052258	2020-02-01	ne_star	south	2020
2019-09-01	B/HOKKAIDO/1/2019_EPI_ISL_363734	4.4e-05	7.512377999999993	7.9684169999999845	0.06543675005137749	4.51514696705637e-05	7.480523006526688	2020-02-01	ne_star	south	2020
2019-09-01	B/Hawaii/10/2019_EPI_ISL_354383	0.001153	2.761243999999998	2.052139999999997	0.06543675005137749	0.001183173739321817	2.7168949889602647	2020-02-01	ne_star	south	2020
2019-09-01	B/Hawaii/13/2019_EPI_ISL_356386	0.0022760000000000002	2.761243999999998	2.052139999999997	0.06543675005137749	0.002335562385686432	2.7168949889602647	2020-02-01	ne_star	south	2020
2019-09-01	B/Hawaii/28/2019_EPI_ISL_368234	0.013727000000000001	2.761243999999998	2.052139999999997	0.06543675005137749	0.014086232367450637	2.7168949889602647	2020-02-01	ne_star	south	2020
2019-09-01	B/Hawaii/33/2019_EPI_ISL_386898	0.026133	3.7089669999999995	3.048862999999994	0.06543675005137749	0.02681689447501912	3.6632612000102274	2020-02-01	ne_star	south	2020
2019-09-01	B/Hebei-Luquan/1179/2019_EPI_ISL_367096__dup2	0.00038700000000000003	3.4398229999999996	2.8702689999999946	0.06543675005137749	0.0003971276991479126	3.393925503883215	2020-02-01	ne_star	south	2020
2019-09-01	B/Hebei-Luquan/1179/2019_EPI_ISL_367096__dup3	0.00038700000000000003	3.4398229999999996	2.8702689999999946	0.06543675005137749	0.0003971276991479126	3.393925503883215	2020-02-01	ne_star	south	2020
2019-09-01	B/Hebei-Luquan/89/2019_EPI_ISL_367416	0.0022760000000000002	3.4398229999999996	2.8702689999999946	0.06543675005137749	0.002335562385686432	3.393925503883215	2020-02-01	ne_star	south	2020
2019-09-01	B/Hong_Kong/576/2019_EPI_ISL_377216	0.014612	3.4398229999999996	2.8702689999999946	0.06543675005137749	0.01499439260968811	3.393925503883215	2020-02-01	ne_star	south	2020
2019-09-01	B/Hong_Kong/588/2019_EPI_ISL_377228	0.014911	3.4398229999999996	2.8702689999999946	0.06543675005137749	0.015301217369494895	3.393925503883215	2020-02-01	ne_star	south	2020
2019-09-01	B/Hubei-Huangshigang/1420/2019_EPI_ISL_367415	0.002545	6.614592	7.04658199999999	0.06543675005137749	0.002611602052536014	6.580780657464213	2020-02-01	ne_star	south	2020
2019-09-01	B/IWATE/1/2019_EPI_ISL_364664	0.0053659999999999	2.761243999999998	2.052139999999997	0.06543675005137749	0.0055064269602781895	2.7168949889602647	2020-02-01	ne_star	south	2020
2019-09-01	B/Iceland/7775/2019_EPI_ISL_377230	0.001419	3.7583390000000003	3.052126999999994	0.06543675005137749	0.0014561348968756794	3.7139252536596605	2020-02-01	ne_star	south	2020
2019-09-01	B/Iowa/01/2019_EPI_ISL_339800	2.7000000000000002e-05	5.710202999999997	7.0392309999999885	0.06543675005137749	2.7706583661482276e-05	5.685632009199135	2020-02-01	ne_star	south	2020
2019-09-01	B/Iowa/03/2019_EPI_ISL_344828	8.9e-05	5.710202999999997	7.0392309999999885	0.06543675005137749	9.132910910636749e-05	5.685632009199135	2020-02-01	ne_star	south	2020
2019-09-01	B/Iowa/15/2019_EPI_ISL_355628	0.001604	6.706984000000002	8.03921799999998	0.06543675005137749	0.001645976303445095	6.682340056592238	2020-02-01	ne_star	south	2020
2019-09-01	B/Iran/164310/2019_EPI_ISL_364907	0.000117	6.671139	7.180422999999989	0.06543675005137749	0.00012006186253308983	6.639211662152776	2020-02-01	ne_star	south	2020
2019-09-01	B/Ireland/21508/2019_EPI_ISL_387013	0.000223	5.710202999999997	7.0392309999999885	0.06543675005137749	0.00022883585764853876	5.685632009199135	2020-02-01	ne_star	south	2020
2019-09-01	B/Ireland/28115/2019_EPI_ISL_387014	0.000745	2.761243999999998	2.052139999999997	0.06543675005137749	0.0007644964751038626	2.7168949889602647	2020-02-01	ne_star	south	2020
2019-09-01	B/Istanbul/2051/2018_EPI_ISL_341349	1e-05	7.710140999999994	9.038771999999986	-0.3823350684964708	8.515148026692143e-06	7.685597948607026	2020-02-01	ne_star	south	2020
2019-09-01	B/Japan/9830/2019_EPI_ISL_381564	0.00763	3.7459730000000007	3.052126999999994	-0.15844915922254665	0.0071323105769959426	3.702630367806273	2020-02-01	ne_star	south	2020
2019-09-01	B/KANAGAWA/2/2019_EPI_ISL_364637	6.3e-05	4.7243249999999986	3.912401999999994	-0.3823350684964708	5.36454325681605e-05	4.679610223760486	2020-02-01	ne_star	south	2020
2019-09-01	B/KANAGAWA/4/2019_EPI_ISL_363730	0.000154	6.594958000000002	7.877560999999981	0.06543675005137749	0.00015803014384697296	6.571478243246544	2020-02-01	ne_star	south	2020
2019-09-01	B/KANAGAWA/AC1867/2019_EPI_ISL_347746	0.000105	5.582715999999999	4.756602999999995	-0.15844915922254665	9.81510629861827e-05	5.538012771849766	2020-02-01	ne_star	south	2020
2019-09-01	B/KANAGAWA/AC1867/2019_EPI_ISL_347746__dup3	0.000105	4.697960999999998	3.918272999999996	-0.15844915922254665	9.81510629861827e-05	4.652166537802344	2020-02-01	ne_star	south	2020
2019-09-01	B/KANAGAWA/AC1881/2019_EPI_ISL_363728	0.002839	3.6459989999999998	2.890469999999994	0.06543675005137749	0.0029132959635165987	3.602741223007682	2020-02-01	ne_star	south	2020
2019-09-01	B/KANAGAWA/AC1884/2019_EPI_ISL_370363	0.013727000000000001	3.6459989999999998	2.890469999999994	0.06543675005137749	0.014086232367450637	3.602741223007682	2020-02-01	ne_star	south	2020
2019-09-01	B/KANAGAWA/AC1885/2019_EPI_ISL_370366	0.015516	3.7302010000000005	3.052070999999994	0.06543675005137749	0.015922050077465146	3.685050888805335	2020-02-01	ne_star	south	2020
2019-09-01	B/KANAGAWA/AC1886/2019_EPI_ISL_370367	0.015516	3.663186000000001	2.593993999999995	-0.15844915922254665	0.014503922793272485	3.6192204678281628	2020-02-01	ne_star	south	2020
2019-09-01	B/KANAGAWA/ZC1825/2019_EPI_ISL_347744	3.9e-05	6.344428000000001	6.432231999999996	0.06543675005137749	4.0020620844363285e-05	6.307416346794229	2020-02-01	ne_star	south	2020
2019-09-01	B/KANAGAWA/ZC1862/2019_EPI_ISL_364646	0.0053659999999999	3.4398229999999996	2.8702689999999946	0.06543675005137749	0.0055064269602781895	3.393925503883215	2020-02-01	ne_star	south	2020
2019-09-01	B/Kuwait/149/2019_EPI_ISL_350065	1.4999999999999999e-05	7.700246999999994	8.994957999999988	-0.15844915922254665	1.4021580426597527e-05	7.676359154447273	2020-02-01	ne_star	south	2020
2019-09-01	B/Lebanon/15/2019_EPI_ISL_377608	0.001307	2.761243999999998	2.052139999999997	0.06543675005137749	0.00134120388316879	2.7168949889602647	2020-02-01	ne_star	south	2020
2019-09-01	B/Lebanon/209/2019_EPI_ISL_350023	8.9e-05	5.710202999999997	7.0392309999999885	0.06543675005137749	9.132910910636749e-05	5.685632009199135	2020-02-01	ne_star	south	2020
2019-09-01	B/Lebanon/270/2019_EPI_ISL_350022	0.000138	6.7099160000000015	8.03373399999998	0.06543675005137749	0.0001416114276031316	6.685348786343923	2020-02-01	ne_star	south	2020
2019-09-01	B/Lebanon/441/2019_EPI_ISL_377609	0.003885	2.761243999999998	2.052139999999997	0.06543675005137749	0.003986669537957727	2.7168949889602647	2020-02-01	ne_star	south	2020
2019-09-01	B/Lebanon/454/2019_EPI_ISL_377610	0.010692	2.761243999999998	2.052139999999997	0.06543675005137749	0.01097180712994698	2.7168949889602647	2020-02-01	ne_star	south	2020
2019-09-01	B/Liaoning-Huanggu/1408/2019_EPI_ISL_367153	0.000516	3.729007000000001	2.950593999999995	0.06543675005137749	0.0005295035988638834	3.6839059873926994	2020-02-01	ne_star	south	2020
2019-09-01	B/Liaoning-Xinlongtai/313/2019_EPI_ISL_367424	0.001307	2.761243999999998	2.052139999999997	0.06543675005137749	0.00134120388316879	2.7168949889602647	2020-02-01	ne_star	south	2020
2019-09-01	B/Lisboa/2/2019_EPI_ISL_367686	0.0050420000000000005	3.4398229999999996	2.8702689999999946	0.06543675005137749	0.005173947956340504	3.393925503883215	2020-02-01	ne_star	south	2020
2019-09-01	B/Louisiana/03/2019_EPI_ISL_380143	8.9e-05	5.344516999999995	5.44019999999999	0.06543675005137749	9.132910910636749e-05	5.307496388035916	2020-02-01	ne_star	south	2020
2019-09-01	B/Macedonia/587/2019_EPI_ISL_377231	0.0014789999999999	6.612145000000001	7.581084999999982	0.06543675005137749	0.001517705082789982	6.587957488067025	2020-02-01	ne_star	south	2020
2019-09-01	B/Madagascar/547/2019_EPI_ISL_377614	3.7e-05	5.710202999999997	7.0392309999999885	0.06543675005137749	3.796828131388311e-05	5.685632009199135	2020-02-01	ne_star	south	2020
2019-09-01	B/Madagascar/893/2019_EPI_ISL_377615	8.4e-05	5.710202999999997	7.0392309999999885	0.06543675005137749	8.619826028016707e-05	5.685632009199135	2020-02-01	ne_star	south	2020
2019-09-01	B/Maine/14/2019_EPI_ISL_364196	0.00763	2.761243999999998	2.052139999999997	0.06543675005137749	0.00782967530878184	2.7168949889602647	2020-02-01	ne_star	south	2020
2019-09-01	B/Malaysia/RP0467/2019_EPI_ISL_358604	0.000138	5.710202999999997	7.0392309999999885	0.06543675005137749	0.0001416114276031316	5.685632009199135	2020-02-01	ne_star	south	2020
2019-09-01	B/Managua/7515.05/2019_EPI_ISL_350029	1.6e-05	6.6473510000000005	7.905376999999981	0.06543675005137749	1.6418716243841344e-05	6.621296162293157	2020-02-01	ne_star	south	2020
2019-09-01	B/Managua/79-19/2019_EPI_ISL_350028	2.4e-05	5.710202999999997	7.0392309999999885	0.06543675005137749	2.462807436576202e-05	5.685632009199135	2020-02-01	ne_star	south	2020
2019-09-01	B/Maryland/01/2019_EPI_ISL_342200	2.4e-05	5.677443999999997	6.180435999999994	0.06543675005137749	2.462807436576202e-05	5.6451165043701925	2020-02-01	ne_star	south	2020
2019-09-01	B/Maryland/03/2019_EPI_ISL_346166	3.3e-05	7.515821999999997	8.940538999999985	0.06543675005137749	3.386360225292278e-05	7.499401144600367	2020-02-01	ne_star	south	2020
2019-09-01	B/Massachusetts/09/2019_EPI_ISL_354381	0.0009710000000000001	9.562748999999995	10.128100999999981	0.06543675005137749	0.0009964108420481216	9.532521174278376	2020-02-01	ne_star	south	2020
2019-09-01	B/Mauritania/145-2019/2019_EPI_ISL_367833	0.0018789999999999998	4.120649999999996	3.570111999999996	0.06543675005137749	0.0019281729888861179	4.081891848494822	2020-02-01	ne_star	south	2020
2019-09-01	B/Mauritania/145-2019/2019_EPI_ISL_367833__dup2	0.0018789999999999998	4.120649999999996	3.570111999999996	0.06543675005137749	0.0019281729888861179	4.081891848494822	2020-02-01	ne_star	south	2020
2019-09-01	B/Mauritania/32-2019/2019_EPI_ISL_367836	2.7000000000000002e-05	3.1322989999999997	2.6091639999999963	0.06543675005137749	2.7706583661482276e-05	3.093683646829272	2020-02-01	ne_star	south	2020
2019-09-01	B/Mexico/1753/2019_EPI_ISL_377556	0.001307	5.710202999999997	7.0392309999999885	0.06543675005137749	0.00134120388316879	5.685632009199135	2020-02-01	ne_star	south	2020
2019-09-01	B/Mexico/2089/2019_EPI_ISL_377558	0.00806	9.562748999999995	10.128100999999981	0.06543675005137749	0.008270928307835079	9.532521174278376	2020-02-01	ne_star	south	2020
2019-09-01	B/Mexico/2090/2019_EPI_ISL_377557	0.008506	6.671333000000001	7.945415999999981	0.06543675005137749	0.008728600023132155	6.646572200781408	2020-02-01	ne_star	south	2020
2019-09-01	B/Michigan/11/2019_EPI_ISL_352045	5.9999999999999995e-05	5.710202999999997	7.0392309999999885	0.06543675005137749	6.157018591440504e-05	5.685632009199135	2020-02-01	ne_star	south	2020
2019-09-01	B/Michigan/31/2019_EPI_ISL_364208	0.004732	6.700517000000001	8.03921799999998	-0.15844915922254665	0.0044233412385773	6.67662165971095	2020-02-01	ne_star	south	2020
2019-09-01	B/Michigan/33/2019_EPI_ISL_364210	0.006243	6.697706000000002	8.03921799999998	0.06543675005137749	0.006406377844393845	6.672819253510341	2020-02-01	ne_star	south	2020
2019-09-01	B/Minnesota/17/2019_EPI_ISL_364204	0.007421	5.710202999999997	7.0392309999999885	0.06543675005137749	0.0076152058278466635	5.685632009199135	2020-02-01	ne_star	south	2020
2019-09-01	B/Moscow/16/2019_EPI_ISL_377232	0.0024530000000000003	2.761243999999998	2.052139999999997	0.06543675005137749	0.0025171944341339267	2.7168949889602647	2020-02-01	ne_star	south	2020
2019-09-01	B/Moscow/9/2019_EPI_ISL_377541	0.00038700000000000003	3.1322989999999997	2.6091639999999963	0.06543675005137749	0.0003971276991479126	3.093683646829272	2020-02-01	ne_star	south	2020
2019-09-01	B/Mozambique/203/2019_EPI_ISL_364286	0.00065	7.697482999999995	8.96866899999999	-0.15844915922254665	0.0006076018184858929	7.673723338546126	2020-02-01	ne_star	south	2020
2019-09-01	B/Mozambique/290/2019_EPI_ISL_364205	0.0009710000000000001	7.697482999999995	8.96866899999999	-0.15844915922254665	0.0009076636396150802	7.673723338546126	2020-02-01	ne_star	south	2020
2019-09-01	B/Mozambique/54/2019_EPI_ISL_364223	2.8999999999999997e-05	6.710134000000002	8.03920199999998	-0.15844915922254665	2.710838882475522e-05	6.685577792421479	2020-02-01	ne_star	south	2020
2019-09-01	B/Mozambique/55/2019_EPI_ISL_364222	2.8999999999999997e-05	5.710202999999997	7.0392309999999885	0.06543675005137749	2.9758923191962437e-05	5.685632009199135	2020-02-01	ne_star	south	2020
2019-09-01	B/Mukdahan/72/2019_EPI_ISL_386891	0.000105	2.761243999999998	2.052139999999997	0.06543675005137749	0.00010774782535020884	2.7168949889602647	2020-02-01	ne_star	south	2020
2019-09-01	B/Myanmar/19M149/2019_EPI_ISL_370373	0.01402	4.703323999999996	4.037363999999994	-0.3823350684964708	0.011938237533422385	4.6675723380366225	2020-02-01	ne_star	south	2020
2019-09-01	B/NAGANO/2045/2019_EPI_ISL_352904	2.6000000000000002e-05	6.6473510000000005	7.905376999999981	0.06543675005137749	2.668041389624219e-05	6.621296162293157	2020-02-01	ne_star	south	2020
2019-09-01	B/Nakhonphanom/84/2019_EPI_ISL_386889	9.4e-05	5.677443999999997	6.180435999999994	0.06543675005137749	9.64599579325679e-05	5.6451165043701925	2020-02-01	ne_star	south	2020
2019-09-01	B/Nebraska/06/2019_EPI_ISL_386903	0.022685	5.133285999999999	6.1362199999999945	0.06543675005137749	0.02327866112447131	5.102720064997777	2020-02-01	ne_star	south	2020
2019-09-01	B/Neimenggu-Donghe/1229/2019_EPI_ISL_367148	0.00040599999999999995	7.619903999999995	8.126865999999984	0.06543675005137749	0.0004166249246874741	7.587305023007611	2020-02-01	ne_star	south	2020
2019-09-01	B/Nepal/19FL0509/2019_EPI_ISL_363722	3.9e-05	2.761243999999998	2.052139999999997	0.06543675005137749	4.0020620844363285e-05	2.7168949889602647	2020-02-01	ne_star	south	2020
2019-09-01	B/Nepal/19FL0873/2019_EPI_ISL_366106	6.3e-05	4.677393999999997	4.035126999999995	0.06543675005137749	6.46486952101253e-05	4.630873229879717	2020-02-01	ne_star	south	2020
2019-09-01	B/Netherlands/00088/19_EPI_ISL_356894	3.7e-05	6.131393999999998	5.607068999999988	-0.15844915922254665	3.45865650522739e-05	6.092821364388282	2020-02-01	ne_star	south	2020
2019-09-01	B/New_Brunswick/RV1812/2019_EPI_ISL_355867	0.001737	2.761243999999998	2.052139999999997	0.06543675005137749	0.0017824568822220263	2.7168949889602647	2020-02-01	ne_star	south	2020
2019-09-01	B/New_Jersey/03/2019_EPI_ISL_364278	0.001953	2.761243999999998	2.052139999999997	0.06543675005137749	0.0020041095515138845	2.7168949889602647	2020-02-01	ne_star	south	2020
2019-09-01	B/New_York/08/2019_EPI_ISL_356328	0.000852	4.1305839999999945	3.6091509999999953	-0.15844915922254665	0.0007964257682307397	4.092090795292813	2020-02-01	ne_star	south	2020
2019-09-01	B/New_York/13/2019_EPI_ISL_364262	0.0037560000000000002	6.627622999999998	7.130086999999987	0.06543675005137749	0.0038542936382417563	6.59467677247927	2020-02-01	ne_star	south	2020
2019-09-01	B/Newcastle/601/2019_EPI_ISL_341434	1.8e-05	7.709457999999994	9.039204999999987	-0.15844915922254665	1.6825896511917033e-05	7.684898405652913	2020-02-01	ne_star	south	2020
2019-09-01	B/Niedersachsen/1/2019_EPI_ISL_348804	5.600000000000001e-05	5.942539999999999	5.56244399999999	0.06543675005137749	5.746550685344472e-05	5.902100226986591	2020-02-01	ne_star	south	2020
2019-09-01	B/Niger/6387/2019_EPI_ISL_362489	1.7e-05	4.132253999999995	3.6091509999999953	0.06543675005137749	1.744488600908143e-05	4.093648757057256	2020-02-01	ne_star	south	2020
2019-09-01	B/Niger/6453/2019_EPI_ISL_362493	2e-05	6.994795000000001	5.814580999999995	-0.3823350684964708	1.7030296053384286e-05	6.961618479182179	2020-02-01	ne_star	south	2020
2019-09-01	B/Niger/6543/2019_EPI_ISL_362488	6.7e-05	6.131789999999998	5.590052999999989	-0.15844915922254665	6.262972590546897e-05	6.093238695343733	2020-02-01	ne_star	south	2020
2019-09-01	B/Nonthaburi/88/2019_EPI_ISL_386888	0.000124	6.619615000000002	8.027650999999981	-0.15844915922254665	0.00011591173152653957	6.602498793076477	2020-02-01	ne_star	south	2020
2019-09-01	B/North_Dakota/09/2019_EPI_ISL_386902	0.022685	2.761243999999998	2.052139999999997	0.06543675005137749	0.02327866112447131	2.7168949889602647	2020-02-01	ne_star	south	2020
2019-09-01	B/Norway/1717/2019_EPI_ISL_357430	0.00203	3.1322989999999997	2.6091639999999963	0.06543675005137749	0.0020831246234373707	3.093683646829272	2020-02-01	ne_star	south	2020
2019-09-01	B/Norway/2092/2019_EPI_ISL_378136	0.00806	5.407560999999999	4.870242999999992	-0.15844915922254665	0.007534262549225072	5.363788453686314	2020-02-01	ne_star	south	2020
2019-09-01	B/Norway/2115/2019_EPI_ISL_378141	0.012863	6.651707	7.170098999999988	-0.15844915922254665	0.0120239726018216	6.621068559166544	2020-02-01	ne_star	south	2020
2019-09-01	B/Norway/2116/2019_EPI_ISL_378142	0.011216	3.698392	2.9182859999999944	0.06543675005137749	0.011509520086932784	3.6525591420542916	2020-02-01	ne_star	south	2020
2019-09-01	B/Norway/2116/2019_EPI_ISL_378142__dup2	0.011216	2.761243999999998	2.052139999999997	0.06543675005137749	0.011509520086932784	2.7168949889602647	2020-02-01	ne_star	south	2020
2019-09-01	B/Novosibirsk/64/2019_EPI_ISL_364665	0.00040599999999999995	3.1322989999999997	2.6091639999999963	0.06543675005137749	0.0004166249246874741	3.093683646829272	2020-02-01	ne_star	south	2020
2019-09-01	B/OSAKA-C/1/2019_EPI_ISL_364642	9.9e-05	3.7260400000000002	3.036105999999994	-0.15844915922254665	9.254243081554368e-05	3.681159348028272	2020-02-01	ne_star	south	2020
2019-09-01	B/OSAKA/12/2019_EPI_ISL_370357	0.0022760000000000002	3.6911439999999995	3.020084999999994	0.06543675005137749	0.002335562385686432	3.645701334388724	2020-02-01	ne_star	south	2020
2019-09-01	B/OSAKA/5/2019_EPI_ISL_363735	0.000516	4.759120999999998	4.052113999999994	0.06543675005137749	0.0005295035988638834	4.714742387999757	2020-02-01	ne_star	south	2020
2019-09-01	B/Ohio/04/2019_EPI_ISL_377618	0.016437	7.575595999999996	8.84115899999999	0.06543675005137749	0.016867152431251264	7.549157196323784	2020-02-01	ne_star	south	2020
2019-09-01	B/Ohio/9730/2019_EPI_ISL_369055	0.00264	3.7559530000000008	3.052126999999994	0.06543675005137749	0.002709088180233822	3.7114768125997974	2020-02-01	ne_star	south	2020
2019-09-01	B/Oman/1001/2019_EPI_ISL_358010	0.000131	2.761243999999998	2.052139999999997	0.06543675005137749	0.00013442823924645104	2.7168949889602647	2020-02-01	ne_star	south	2020
2019-09-01	B/Oman/2250/2019_EPI_ISL_357980	0.00028700000000000004	2.761243999999998	2.052139999999997	0.06543675005137749	0.0002945107226239042	2.7168949889602647	2020-02-01	ne_star	south	2020
2019-09-01	B/Oman/2651/2019_EPI_ISL_358007	0.00054	7.985111999999997	6.768428999999989	-0.606220977770395	0.0004188634405358524	7.952771004425895	2020-02-01	ne_star	south	2020
2019-09-01	B/Oman/2706/2019_EPI_ISL_357981	0.0008150000000000001	2.761243999999998	2.052139999999997	0.06543675005137749	0.0008363283586706687	2.7168949889602647	2020-02-01	ne_star	south	2020
2019-09-01	B/Oman/901/2019_EPI_ISL_358015	0.000105	4.760357999999997	4.052081999999994	-0.3823350684964708	8.94090542802675e-05	4.716159280170758	2020-02-01	ne_star	south	2020
2019-09-01	B/Oman/918/2019_EPI_ISL_358014	0.00011100000000000001	4.760357999999997	4.052081999999994	-0.3823350684964708	9.451814309628281e-05	4.716159280170758	2020-02-01	ne_star	south	2020
2019-09-01	B/Ontario/RV1485/2019_EPI_ISL_352418	0.000273	7.561641999999994	8.018752999999986	0.06543675005137749	0.00028014434591054296	7.530402449725784	2020-02-01	ne_star	south	2020
2019-09-01	B/Oregon/04/2019_EPI_ISL_362528	0.00305	2.761243999999998	2.052139999999997	0.06543675005137749	0.0031298177839822567	2.7168949889602647	2020-02-01	ne_star	south	2020
2019-09-01	B/Para/156264-IEC/2019_EPI_ISL_348394	0.00021099999999999998	9.744127000000002	11.114711999999987	-0.606220977770395	0.0001636670110241942	9.746928372744552	2020-02-01	ne_star	south	2020
2019-09-01	B/Paraiba/156288-IEC/2019_EPI_ISL_348396	0.000426	6.702353000000001	7.973750999999979	0.06543675005137749	0.00043714831999227584	6.678226460396435	2020-02-01	ne_star	south	2020
2019-09-01	B/Parana/26/2019_EPI_ISL_351728	1.7e-05	6.922183000000001	8.127527999999982	0.06543675005137749	1.744488600908143e-05	6.909370308925409	2020-02-01	ne_star	south	2020
2019-09-01	B/Paris/2038/2019_EPI_ISL_377234	0.00643	2.761243999999998	2.052139999999997	0.06543675005137749	0.006598271590493741	2.7168949889602647	2020-02-01	ne_star	south	2020
2019-09-01	B/Paris/2038/2019_EPI_ISL_377234__dup2	0.00643	2.761243999999998	2.052139999999997	0.06543675005137749	0.006598271590493741	2.7168949889602647	2020-02-01	ne_star	south	2020
2019-09-01	B/Pennsylvania/11/2019_EPI_ISL_354368	0.000516	6.709160000000001	8.03921799999998	-0.15844915922254665	0.00048234236667495496	6.684667324465779	2020-02-01	ne_star	south	2020
2019-09-01	B/Perth/16/2019_EPI_ISL_364932	0.001202	5.710202999999997	7.0392309999999885	0.06543675005137749	0.001233456057818581	5.685632009199135	2020-02-01	ne_star	south	2020
2019-09-01	B/Perth/4/2019_EPI_ISL_341435	2.4e-05	5.710202999999997	7.0392309999999885	0.06543675005137749	2.462807436576202e-05	5.685632009199135	2020-02-01	ne_star	south	2020
2019-09-01	B/Perth/6/2019_EPI_ISL_377371	0.00044699999999999997	5.710202999999997	7.0392309999999885	0.06543675005137749	0.0004586978850623176	5.685632009199135	2020-02-01	ne_star	south	2020
2019-09-01	B/Philippines/1/2019_EPI_ISL_354492	1.8e-05	6.644045000000002	7.9078779999999815	-0.15844915922254665	1.6825896511917033e-05	6.621154330593648	2020-02-01	ne_star	south	2020
2019-09-01	B/Philippines/3/2019_EPI_ISL_354494	1.1e-05	5.710202999999997	7.0392309999999885	0.06543675005137749	1.1287867417640925e-05	5.685632009199135	2020-02-01	ne_star	south	2020
2019-09-01	B/Qinghai-Chengbei/1109/2019_EPI_ISL_367181	0.000124	3.4398229999999996	2.8702689999999946	0.06543675005137749	0.00012724505088977043	3.393925503883215	2020-02-01	ne_star	south	2020
2019-09-01	B/Rio_de_Janeiro/5/2019_EPI_ISL_351727	2e-05	7.540326999999997	9.034318999999986	0.06543675005137749	2.0523395304801683e-05	7.5250395794123905	2020-02-01	ne_star	south	2020
2019-09-01	B/SAITAMA/1/2019_EPI_ISL_347747	2.6000000000000002e-05	4.583146999999999	3.756615999999997	0.06543675005137749	2.668041389624219e-05	4.538405376101707	2020-02-01	ne_star	south	2020
2019-09-01	B/SAITAMA/4/2019_EPI_ISL_364640	0.00021099999999999998	5.710202999999997	7.0392309999999885	0.06543675005137749	0.00021652182046565774	5.685632009199135	2020-02-01	ne_star	south	2020
2019-09-01	B/Saint-Petersburg/RII-313/2019_EPI_ISL_364666	0.001737	2.761243999999998	2.052139999999997	0.06543675005137749	0.0017824568822220263	2.7168949889602647	2020-02-01	ne_star	south	2020
2019-09-01	B/Sao_Paulo/1211465-IAL/2019_EPI_ISL_372956	0.020516	7.456633999999997	8.576207999999989	0.06543675005137749	0.021052898903665566	7.440786431885987	2020-02-01	ne_star	south	2020
2019-09-01	B/Sao_Paulo/1869778-IAL/2019_EPI_ISL_372939	0.014313999999999999	8.497393999999995	10.034169999999984	-0.15844915922254665	0.0133803268150878	8.484919122362435	2020-02-01	ne_star	south	2020
2019-09-01	B/Saskatchewan/RV1318/2019_EPI_ISL_348296	0.000368	5.582399999999999	4.7515869999999945	-0.15844915922254665	0.0003439961064658594	5.537717383888778	2020-02-01	ne_star	south	2020
2019-09-01	B/Shanghai-Huangpu/1146/2019_EPI_ISL_367185	4.7e-05	3.4398229999999996	2.8702689999999946	0.06543675005137749	4.822997896628395e-05	3.393925503883215	2020-02-01	ne_star	south	2020
2019-09-01	B/Shanghai-Huangpu/1146/2019_EPI_ISL_367185__dup2	4.7e-05	3.4398229999999996	2.8702689999999946	0.06543675005137749	4.822997896628395e-05	3.393925503883215	2020-02-01	ne_star	south	2020
2019-09-01	B/Shanghai-Pudongxin/11067/2019_EPI_ISL_377025	0.018940000000000002	3.4398229999999996	2.8702689999999946	0.06543675005137749	0.019435655353647194	3.393925503883215	2020-02-01	ne_star	south	2020
2019-09-01	B/Shanxi-Chengqu/198/2019_EPI_ISL_344390	2.7000000000000002e-05	7.619903999999995	8.126865999999984	0.06543675005137749	2.7706583661482276e-05	7.587305023007611	2020-02-01	ne_star	south	2020
2019-09-01	B/Shanxi-Xinghualing/1100/2019_EPI_ISL_344389	2.4e-05	7.619903999999995	8.126865999999984	0.06543675005137749	2.462807436576202e-05	7.587305023007611	2020-02-01	ne_star	south	2020
2019-09-01	B/Shanxi-Xinghualing/1104/2019_EPI_ISL_344388	2.4e-05	7.619903999999995	8.126865999999984	0.06543675005137749	2.462807436576202e-05	7.587305023007611	2020-02-01	ne_star	south	2020
2019-09-01	B/Shanxi-Xinghualing/1110/2019_EPI_ISL_344386	2.4e-05	7.619903999999995	8.126865999999984	0.06543675005137749	2.462807436576202e-05	7.587305023007611	2020-02-01	ne_star	south	2020
2019-09-01	B/Sichuan-Dongqu/1621/2019_EPI_ISL_367089	0.0048850000000000005	3.4398229999999996	2.8702689999999946	0.06543675005137749	0.005012839303197811	3.393925503883215	2020-02-01	ne_star	south	2020
2019-09-01	B/Sichuan-Fucheng/1955/2019_EPI_ISL_377044	0.010692	2.761243999999998	2.052139999999997	0.06543675005137749	0.01097180712994698	2.7168949889602647	2020-02-01	ne_star	south	2020
2019-09-01	B/Sichuan-Gaoxin/1287/2019_EPI_ISL_367010	0.001419	3.4398229999999996	2.8702689999999946	0.06543675005137749	0.0014561348968756794	3.393925503883215	2020-02-01	ne_star	south	2020
2019-09-01	B/Sichuan-Gaoxin/51/2019_EPI_ISL_336857	1.1e-05	3.4398229999999996	2.8702689999999946	0.06543675005137749	1.1287867417640925e-05	3.393925503883215	2020-02-01	ne_star	south	2020
2019-09-01	B/Sichuan-Gaoxin/52/2019_EPI_ISL_336858	1.1e-05	3.4398229999999996	2.8702689999999946	0.06543675005137749	1.1287867417640925e-05	3.393925503883215	2020-02-01	ne_star	south	2020
2019-09-01	B/Sicilia/3/2019_EPI_ISL_377235	3.3e-05	7.038870000000001	6.569483999999993	-0.606220977770395	2.5597210254968762e-05	6.99805514704773	2020-02-01	ne_star	south	2020
2019-09-01	B/Slovenia/308/2019_EPI_ISL_357335	2.8999999999999997e-05	3.1322989999999997	2.6091639999999963	0.06543675005137749	2.9758923191962437e-05	3.093683646829272	2020-02-01	ne_star	south	2020
2019-09-01	B/Slovenia/308/2019_EPI_ISL_357335__dup2	2.8999999999999997e-05	3.1322989999999997	2.6091639999999963	0.06543675005137749	2.9758923191962437e-05	3.093683646829272	2020-02-01	ne_star	south	2020
2019-09-01	B/Slovenia/787/2019_EPI_ISL_363148	7.099999999999999e-05	3.1322989999999997	2.6091639999999963	0.06543675005137749	7.285805333204597e-05	3.093683646829272	2020-02-01	ne_star	south	2020
2019-09-01	B/South_Australia/14/2019_EPI_ISL_354489	0.00021099999999999998	6.7065280000000005	8.02178799999998	-0.15844915922254665	0.00019723689800080522	6.6822070044869255	2020-02-01	ne_star	south	2020
2019-09-01	B/South_Australia/15/2019_EPI_ISL_354490	0.000181	5.710202999999997	7.0392309999999885	0.06543675005137749	0.00018573672750845524	5.685632009199135	2020-02-01	ne_star	south	2020
2019-09-01	B/South_Australia/40/2019_EPI_ISL_364930	0.003885	3.753463000000001	3.0519009999999938	0.06543675005137749	0.003986669537957727	3.7089216498843496	2020-02-01	ne_star	south	2020
2019-09-01	B/South_Dakota/02/2019_EPI_ISL_341154	5.3e-05	5.710202999999997	7.0392309999999885	0.06543675005137749	5.438699755772446e-05	5.685632009199135	2020-02-01	ne_star	south	2020
2019-09-01	B/South_Korea/9319/2019_EPI_ISL_387376	0.0008900000000000001	5.710202999999997	7.0392309999999885	0.06543675005137749	0.0009132910910636749	5.685632009199135	2020-02-01	ne_star	south	2020
2019-09-01	B/South_Korea/9320/2019_EPI_ISL_387377	0.001059	3.751561000000001	3.005987999999994	-0.15844915922254665	0.0009899235781177856	3.7080475142039906	2020-02-01	ne_star	south	2020
2019-09-01	B/South_Korea/9612/2019_EPI_ISL_368858	0.001059	2.761243999999998	2.052139999999997	0.06543675005137749	0.0010867137813892493	2.7168949889602647	2020-02-01	ne_star	south	2020
2019-09-01	B/South_Korea/9613/2019_EPI_ISL_368853	0.001153	3.751561000000001	3.005987999999994	-0.15844915922254665	0.00107779214879113	3.7080475142039906	2020-02-01	ne_star	south	2020
2019-09-01	B/South_Korea/9732/2019_EPI_ISL_369057	0.0022760000000000002	2.761243999999998	2.052139999999997	0.06543675005137749	0.002335562385686432	2.7168949889602647	2020-02-01	ne_star	south	2020
2019-09-01	B/South_Korea/9735/2019_EPI_ISL_369053	0.00264	2.761243999999998	2.052139999999997	0.06543675005137749	0.002709088180233822	2.7168949889602647	2020-02-01	ne_star	south	2020
2019-09-01	B/South_Korea/9831/2019_EPI_ISL_381565	0.009441	3.6911439999999995	3.020084999999994	0.06543675005137749	0.009688068753631634	3.645701334388724	2020-02-01	ne_star	south	2020
2019-09-01	B/St._Petersburg/1152V/2019_EPI_ISL_387016	0.00606	4.427574999999998	3.8702559999999964	-0.15844915922254665	0.0056647184923454014	4.382476005035989	2020-02-01	ne_star	south	2020
2019-09-01	B/St_Petersburg/RII-289/2019_EPI_ISL_377590	0.000681	3.698392	2.9182859999999944	0.06543675005137749	0.0006988216101284973	3.6525591420542916	2020-02-01	ne_star	south	2020
2019-09-01	B/Stockholm/1/2019_EPI_ISL_356845	0.00024700000000000004	2.761243999999998	2.052139999999997	0.06543675005137749	0.00025346393201430086	2.7168949889602647	2020-02-01	ne_star	south	2020
2019-09-01	B/Surat_Thani/83/2019_EPI_ISL_386890	7.099999999999999e-05	5.677443999999997	6.180435999999994	0.06543675005137749	7.285805333204597e-05	5.6451165043701925	2020-02-01	ne_star	south	2020
2019-09-01	B/Sydney/1/2019_EPI_ISL_348303	1.9e-05	9.625459999999993	10.129395999999982	-0.15844915922254665	1.776066854035687e-05	9.592630564557458	2020-02-01	ne_star	south	2020
2019-09-01	B/Sydney/700/2019_EPI_ISL_348304	1.1e-05	6.676753	7.180422999999989	0.06543675005137749	1.1287867417640925e-05	6.644422090646086	2020-02-01	ne_star	south	2020
2019-09-01	B/TOKYO/18376/2019_EPI_ISL_361866	3.7e-05	3.698392	2.9182859999999944	0.06543675005137749	3.796828131388311e-05	3.6525591420542916	2020-02-01	ne_star	south	2020
2019-09-01	B/Tanzania/1612/2019_EPI_ISL_362438	0.00040599999999999995	4.128691999999996	3.6091509999999953	-0.15844915922254665	0.00037951744354657306	4.090322206615005	2020-02-01	ne_star	south	2020
2019-09-01	B/Tanzania/1625/2019_EPI_ISL_362440	0.00054	4.128691999999996	3.6091509999999953	-0.15844915922254665	0.0005047768953575111	4.090322206615005	2020-02-01	ne_star	south	2020
2019-09-01	B/Tanzania/1632/2019_EPI_ISL_362441	0.000852	4.128691999999996	3.6091509999999953	-0.15844915922254665	0.0007964257682307397	4.090322206615005	2020-02-01	ne_star	south	2020
2019-09-01	B/Temara/652/2019_EPI_ISL_355245	5.600000000000001e-05	4.120649999999996	3.570111999999996	0.06543675005137749	5.746550685344472e-05	4.081891848494822	2020-02-01	ne_star	south	2020
2019-09-01	B/Texas/17/2019_EPI_ISL_353595	0.001059	5.344516999999995	5.44019999999999	0.06543675005137749	0.0010867137813892493	5.307496388035916	2020-02-01	ne_star	south	2020
2019-09-01	B/Timor-Leste/1/2019_EPI_ISL_367733	0.000223	6.708894000000001	8.03921799999998	-0.15844915922254665	0.00020845416234208328	6.6844689624705795	2020-02-01	ne_star	south	2020
2019-09-01	B/Timor-Leste/3/2019_EPI_ISL_377391	0.001105	2.761243999999998	2.052139999999997	0.06543675005137749	0.0011339175905902932	2.7168949889602647	2020-02-01	ne_star	south	2020
2019-09-01	B/Timor-Leste/4/2019_EPI_ISL_377392	2e-05	9.672051999999992	10.121780999999984	-0.3823350684964708	1.7030296053384286e-05	9.640154143255879	2020-02-01	ne_star	south	2020
2019-09-01	B/Timor-Leste/5/2019_EPI_ISL_377398	0.000124	6.708894000000001	8.03921799999998	-0.15844915922254665	0.00011591173152653957	6.6844689624705795	2020-02-01	ne_star	south	2020
2019-09-01	B/Togo/332/2019_EPI_ISL_364255	0.000302	6.120041999999997	5.520630999999988	-0.3823350684964708	0.00025715747040610273	6.082383909439677	2020-02-01	ne_star	south	2020
2019-09-01	B/Togo/396/2019_EPI_ISL_364249	0.000566	4.120649999999996	3.570111999999996	0.06543675005137749	0.0005808120871258876	4.081891848494822	2020-02-01	ne_star	south	2020
2019-09-01	B/Togo/444/2019_EPI_ISL_364237	0.000779	5.032590000000002	4.577055999999994	-0.3823350684964708	0.000663330031279318	4.997286857128332	2020-02-01	ne_star	south	2020
2019-09-01	B/Townsville/3/2019_EPI_ISL_364921	0.0053659999999999	5.311787999999996	4.663666999999994	-0.15844915922254665	0.005015986704608063	5.267787350743319	2020-02-01	ne_star	south	2020
2019-09-01	B/Trang/85/2019_EPI_ISL_386905	0.00026000000000000003	7.662361999999996	8.165719999999983	-0.15844915922254665	0.0002430407273943572	7.6322061039271905	2020-02-01	ne_star	south	2020
2019-09-01	B/UTSUNOMIYA/243/2019_EPI_ISL_363747	0.001059	3.756997000000001	3.052126999999994	0.06543675005137749	0.0010867137813892493	3.712548133834708	2020-02-01	ne_star	south	2020
2019-09-01	B/Victoria/2001/2019_EPI_ISL_348308	5.3e-05	6.619615000000002	8.027650999999981	-0.15844915922254665	4.954291750731127e-05	6.602498793076477	2020-02-01	ne_star	south	2020
2019-09-01	B/Victoria/2008/2019_EPI_ISL_364922	0.001953	3.7573270000000005	3.052126999999994	0.06543675005137749	0.0020041095515138845	3.712886769857237	2020-02-01	ne_star	south	2020
2019-09-01	B/Victoria/919/2019_EPI_ISL_367863	0.00763	2.761243999999998	2.052139999999997	0.06543675005137749	0.00782967530878184	2.7168949889602647	2020-02-01	ne_star	south	2020
2019-09-01	B/Victoria/921/2019_EPI_ISL_364924	0.007843000000000001	2.761243999999998	2.052139999999997	0.06543675005137749	0.00804824946877798	2.7168949889602647	2020-02-01	ne_star	south	2020
2019-09-01	B/Victoria/922/2019_EPI_ISL_377384	0.00806	2.761243999999998	2.052139999999997	0.06543675005137749	0.008270928307835079	2.7168949889602647	2020-02-01	ne_star	south	2020
2019-09-01	B/Virginia/03/2019_EPI_ISL_353612	0.000171	5.677443999999997	6.180435999999994	0.06543675005137749	0.00017547502985605442	5.6451165043701925	2020-02-01	ne_star	south	2020
2019-09-01	B/Virginia/08/2019_EPI_ISL_355640	0.0009710000000000001	5.677443999999997	6.180435999999994	0.06543675005137749	0.0009964108420481216	5.6451165043701925	2020-02-01	ne_star	south	2020
2019-09-01	B/WAKAYAMA/77/2019_EPI_ISL_363726	0.000154	4.583146999999999	3.756615999999997	0.06543675005137749	0.00015803014384697296	4.538405376101707	2020-02-01	ne_star	south	2020
2019-09-01	B/WAKAYAMA/84/2019_EPI_ISL_364656	0.00606	4.324577999999998	3.7085989999999964	0.06543675005137749	0.00621858877735491	4.279771737930629	2020-02-01	ne_star	south	2020
2019-09-01	B/Wellington/12/2019_EPI_ISL_377389	0.005202	2.761243999999998	2.052139999999997	0.06543675005137749	0.005338135118778917	2.7168949889602647	2020-02-01	ne_star	south	2020
2019-09-01	B/Wyoming/01/2019_EPI_ISL_347893	0.00038700000000000003	6.709418000000001	8.03344999999998	0.06543675005137749	0.0003971276991479126	6.684837753800832	2020-02-01	ne_star	south	2020
2019-09-01	B/YAMANASHI/19249/2019_EPI_ISL_363751__dup2	0.001059	3.756997000000001	3.052126999999994	0.06543675005137749	0.0010867137813892493	3.712548133834708	2020-02-01	ne_star	south	2020
2019-09-01	B/YAMANASHI/19257/2019_EPI_ISL_363752	0.001362	2.761243999999998	2.052139999999997	0.06543675005137749	0.0013976432202569946	2.7168949889602647	2020-02-01	ne_star	south	2020
2019-09-01	B/YOKOHAMA/14/2019_EPI_ISL_364663	0.007214	3.4398229999999996	2.8702689999999946	0.06543675005137749	0.007402788686441966	3.393925503883215	2020-02-01	ne_star	south	2020
2019-09-01	B/YOKOHAMA/6/2019_EPI_ISL_363740	0.0024530000000000003	4.583146999999999	3.756615999999997	0.06543675005137749	0.0025171944341339267	4.538405376101707	2020-02-01	ne_star	south	2020
2019-09-01	B/Yunnan-Zhaoyang/1213/2019_EPI_ISL_367144	0.00038700000000000003	3.4398229999999996	2.8702689999999946	0.06543675005137749	0.0003971276991479126	3.393925503883215	2020-02-01	ne_star	south	2020
2020-09-01	B/AICHI/58/2020_EPI_ISL_513929	0.015806	3.0896529999999984	7.433212000000002	0.07163046345101495	0.01624972607622714	3.0700526257617993	2021-02-01	ne_star	south	2021
2020-09-01	B/Acre/159666-IEC/2019_EPI_ISL_410123	1.4999999999999999e-05	8.670857999999996	11.68979	0.07163046345101495	1.542109902210598e-05	8.657274746904761	2021-02-01	ne_star	south	2021
2020-09-01	B/Agadir/920/2020_EPI_ISL_416049	0.00045599999999999997	4.861923999999999	7.689766000000001	-0.31416409004314244	0.00039918761359813493	4.847327237960968	2021-02-01	ne_star	south	2021
2020-09-01	B/Alaska/12166/2020_EPI_ISL_490937	0.009455	3.620153999999999	8.433218000000002	0.07163046345101495	0.009720432750267469	3.622445806552602	2021-02-01	ne_star	south	2021
2020-09-01	B/Argentina/100/2020_EPI_ISL_482929	0.008647	10.559539999999997	13.689802000000002	0.07163046345101495	0.008889749549610027	10.550232350658145	2021-02-01	ne_star	south	2021
2020-09-01	B/Argentina/19/2020_EPI_ISL_482932	0.000218	3.1208289999999983	7.433212000000002	0.07163046345101495	0.0002241199724546069	3.102103837969344	2021-02-01	ne_star	south	2021
2020-09-01	B/Argentina/43/2020_EPI_ISL_482925	0.000263	2.1212809999999993	6.433206000000001	0.07163046345101495	0.0002703832695209248	2.1025520779142526	2021-02-01	ne_star	south	2021
2020-09-01	B/Argentina/61/2020_EPI_ISL_482920	0.000651	11.574213999999998	14.689808	-0.31416409004314244	0.0005698928430973375	11.565732278384976	2021-02-01	ne_star	south	2021
2020-09-01	B/Argentina/83/2020_EPI_ISL_487519	0.003333	2.1212809999999993	6.433206000000001	0.07163046345101495	0.0034265682027119484	2.1025520779142526	2021-02-01	ne_star	south	2021
2020-09-01	B/Baden-Wuerttemberg/2/2020_EPI_ISL_410094	0.00028	2.1212809999999993	6.433206000000001	0.07163046345101495	0.0002878605150793116	2.1025520779142526	2021-02-01	ne_star	south	2021
2020-09-01	B/Bahrain/824/2019_EPI_ISL_491854	2.3e-05	3.0342359999999977	7.433212000000002	-0.31416409004314244	2.0134462966572597e-05	3.015742159198534	2021-02-01	ne_star	south	2021
2020-09-01	B/Bangkok/448/2019_EPI_ISL_409259	1.1e-05	2.1212809999999993	6.433206000000001	0.07163046345101495	1.1308805949544384e-05	2.1025520779142526	2021-02-01	ne_star	south	2021
2020-09-01	B/Beijing-Huairou/11858/2019_EPI_ISL_410565	6.6e-05	2.1212809999999993	6.433206000000001	0.07163046345101495	6.785283569726631e-05	2.1025520779142526	2021-02-01	ne_star	south	2021
2020-09-01	B/Beirut/330/2020_EPI_ISL_455482__dup2	0.002327	5.479230999999999	10.433201999999998	0.07163046345101495	0.0023923264949627077	5.451466791837518	2021-02-01	ne_star	south	2021
2020-09-01	B/Belgorod/RII-1435S/2020_EPI_ISL_407135	0.000404	3.0881909999999984	5.6897540000000015	0.07163046345101495	0.00041534160032872104	3.0703833566035295	2021-02-01	ne_star	south	2021
2020-09-01	B/Brazil/6517/2020_EPI_ISL_517758	0.001153	8.734895	1.4767589999999997	0.07163046345101495	0.0011853684781658793	8.721987043898588	2021-02-01	ne_star	south	2021
2020-09-01	B/Brisbane/2/2020_EPI_ISL_509219	0.001219	3.6258119999999994	8.433218000000002	0.07163046345101495	0.0012532213138631459	3.629230215812774	2021-02-01	ne_star	south	2021
2020-09-01	B/Brisbane/4/2020_EPI_ISL_509218	0.002582	2.8672459999999997	7.433212000000002	0.07163046345101495	0.002654485178338509	2.8446533866581127	2021-02-01	ne_star	south	2021
2020-09-01	B/Brisbane/44/2019_EPI_ISL_479655	1.4999999999999999e-05	2.6400519999999976	7.433212000000002	0.07163046345101495	1.542109902210598e-05	2.642885959269771	2021-02-01	ne_star	south	2021
2020-09-01	B/Brisbane/6B/2020_EPI_ISL_509217	0.003169	3.437026999999998	8.433162000000003	0.07163046345101495	0.003257964186736923	3.403463386734708	2021-02-01	ne_star	south	2021
2020-09-01	B/CHIBA-C/21/2020_EPI_ISL_486370	0.004487	3.372412999999998	8.433218000000002	0.07163046345101495	0.004612964754145968	3.3693885330770823	2021-02-01	ne_star	south	2021
2020-09-01	B/Cambodia/FSS41540/2019_EPI_ISL_410199	2.1e-05	4.0101949999999995	7.461797000000001	0.07163046345101495	2.158953863094837e-05	3.9895832517906666	2021-02-01	ne_star	south	2021
2020-09-01	B/Canberra/1/2020_EPI_ISL_512690	0.000122	2.1212809999999993	6.433206000000001	0.07163046345101495	0.00012542493871312864	2.1025520779142526	2021-02-01	ne_star	south	2021
2020-09-01	B/Canberra/3/2020_EPI_ISL_419646	0.000546	3.638943999999999	8.433218000000002	0.07163046345101495	0.0005613280044046576	3.64176330326096	2021-02-01	ne_star	south	2021
2020-09-01	B/Chiang_Rai/1393/2019_EPI_ISL_409584	2.9999999999999997e-05	2.1212809999999993	6.433206000000001	0.07163046345101495	3.084219804421196e-05	2.1025520779142526	2021-02-01	ne_star	south	2021
2020-09-01	B/Chongqing-Yuzhong/12102/2019_EPI_ISL_410571	4.3e-05	3.1211789999999984	7.433212000000002	0.07163046345101495	4.420715053003714e-05	3.102463663613193	2021-02-01	ne_star	south	2021
2020-09-01	B/Colombia/7253/2019_EPI_ISL_412303	1e-05	10.626517999999995	12.818073000000004	0.07163046345101495	1.0280732681403986e-05	10.614208516534395	2021-02-01	ne_star	south	2021
2020-09-01	B/Colombia/7307/2019_EPI_ISL_409664	2.6000000000000002e-05	2.1212809999999993	6.433206000000001	0.07163046345101495	2.6729904971650363e-05	2.1025520779142526	2021-02-01	ne_star	south	2021
2020-09-01	B/Colombia/7372/2019_EPI_ISL_409270	2.9999999999999997e-05	9.643085999999997	12.689796000000003	0.07163046345101495	3.084219804421196e-05	9.630308298288776	2021-02-01	ne_star	south	2021
2020-09-01	B/Colombia/7431/2019_EPI_ISL_409272	5.3e-05	2.6400519999999976	7.433212000000002	0.07163046345101495	5.448788321144112e-05	2.642885959269771	2021-02-01	ne_star	south	2021
2020-09-01	B/Colombia/7468/2019_EPI_ISL_409520	5e-05	7.670903999999994	10.689784	0.07163046345101495	5.1403663407019934e-05	7.657305589102806	2021-02-01	ne_star	south	2021
2020-09-01	B/Colorado/11718/2020_EPI_ISL_428072	0.0009199999999999999	3.593103999999999	8.433218000000002	0.07163046345101495	0.0009458274066891665	3.596378601508269	2021-02-01	ne_star	south	2021
2020-09-01	B/Colorado/21/2019_EPI_ISL_410934	0.000105	2.1212809999999993	6.433206000000001	0.07163046345101495	0.00010794769315474184	2.1025520779142526	2021-02-01	ne_star	south	2021
2020-09-01	B/Congo/15/2020_EPI_ISL_491882	0.000218	3.5776429999999997	8.433190000000002	0.07163046345101495	0.0002241199724546069	3.552608639957168	2021-02-01	ne_star	south	2021
2020-09-01	B/Congo/9751/2019_EPI_ISL_491896	4.6e-05	4.577534999999999	9.433196000000002	-0.31416409004314244	4.0268925933145195e-05	4.552528102105301	2021-02-01	ne_star	south	2021
2020-09-01	B/Congo/9788/2019_EPI_ISL_491886	0.000105	3.5776429999999997	8.433190000000002	0.07163046345101495	0.00010794769315474184	3.552608639957168	2021-02-01	ne_star	south	2021
2020-09-01	B/Connecticut/14/2020_EPI_ISL_424782	0.004068	2.6400519999999976	7.433212000000002	0.07163046345101495	0.00418220205479514	2.642885959269771	2021-02-01	ne_star	south	2021
2020-09-01	B/Cote_D_Ivoire/3020/2019_EPI_ISL_421085	8e-05	6.856866999999998	9.689778	-0.31416409004314244	7.003291466633948e-05	6.84209766246528	2021-02-01	ne_star	south	2021
2020-09-01	B/Cyprus/F1222/2020_EPI_ISL_486776	0.003012	9.644559999999997	12.689796000000003	0.07163046345101495	0.00309655668363888	9.630254925271496	2021-02-01	ne_star	south	2021
2020-09-01	B/Cyprus/F1287/2020_EPI_ISL_486778	0.004273	2.6400519999999976	7.433212000000002	0.07163046345101495	0.004392957074763923	2.642885959269771	2021-02-01	ne_star	south	2021
2020-09-01	B/Cyprus/F559/2020_EPI_ISL_434451	0.000546	2.6400519999999976	7.433212000000002	0.07163046345101495	0.0005613280044046576	2.642885959269771	2021-02-01	ne_star	south	2021
2020-09-01	B/Darwin/189/2019_EPI_ISL_401908	1.4999999999999999e-05	3.640005999999999	8.433218000000002	0.07163046345101495	1.542109902210598e-05	3.642855117071725	2021-02-01	ne_star	south	2021
2020-09-01	B/District_Of_Columbia/06/2020_EPI_ISL_416962	0.001288	2.6400519999999976	7.433212000000002	0.07163046345101495	0.0013241583693648334	2.642885959269771	2021-02-01	ne_star	south	2021
2020-09-01	B/District_Of_Columbia/30/2019_EPI_ISL_410870__dup2	5.6999999999999996e-05	2.1212809999999993	6.433206000000001	0.07163046345101495	5.860017628400271e-05	2.1025520779142526	2021-02-01	ne_star	south	2021
2020-09-01	B/England/194900380/2019_EPI_ISL_408106	1.1e-05	3.862852000000001	6.689760000000001	0.07163046345101495	1.1308805949544384e-05	3.8481256131881647	2021-02-01	ne_star	south	2021
2020-09-01	B/England/200240758/2019_EPI_ISL_471015	3.8e-05	2.7046659999999987	7.433156000000002	0.07163046345101495	3.9066784189335147e-05	2.676960812927397	2021-02-01	ne_star	south	2021
2020-09-01	B/Eskilstuna/3/2020_EPI_ISL_485795__dup2	0.001519	6.8184619999999985	7.8472940000000015	-0.31416409004314244	0.0013297499672271205	6.80628419378754	2021-02-01	ne_star	south	2021
2020-09-01	B/Eskilstuna/4/2019_EPI_ISL_404284	4.3e-05	2.1212809999999993	6.433206000000001	0.07163046345101495	4.420715053003714e-05	2.1025520779142526	2021-02-01	ne_star	south	2021
2020-09-01	B/Espirito_Santo/2253/2020_EPI_ISL_516180	0.005188	4.4839009999999995	9.433196000000002	0.07163046345101495	0.005333644115112387	4.4562514448274415	2021-02-01	ne_star	south	2021
2020-09-01	B/Espirito_Santo/2254/2020_EPI_ISL_516181	0.004944	8.734895	1.4767589999999997	0.07163046345101495	0.005082794237686129	8.721987043898588	2021-02-01	ne_star	south	2021
2020-09-01	B/Espirito_Santo/2257/2020_EPI_ISL_516183	0.005441	5.472890999999999	10.433201999999998	0.07163046345101495	0.0055937466519519075	5.4449659054430075	2021-02-01	ne_star	south	2021
2020-09-01	B/FUKUI/1/2020_EPI_ISL_486375	0.00018	4.086220999999999	8.433218000000002	0.07163046345101495	0.00018505318826527174	4.071778249706531	2021-02-01	ne_star	south	2021
2020-09-01	B/Finland/195/2020_EPI_ISL_485796	0.001519	2.6400519999999976	7.433212000000002	0.07163046345101495	0.0015616432943052654	2.642885959269771	2021-02-01	ne_star	south	2021
2020-09-01	B/Fujian-Fuding/31/2019_EPI_ISL_485542	2.6000000000000002e-05	3.1617739999999985	8.433162000000003	0.07163046345101495	2.6729904971650363e-05	3.1247984431071427	2021-02-01	ne_star	south	2021
2020-09-01	B/Fujian-Xinluo/1483/2020_EPI_ISL_485442	0.007899	4.013583999999999	8.461747000000003	0.07163046345101495	0.008120750745041008	3.969051485807722	2021-02-01	ne_star	south	2021
2020-09-01	B/Fujian-Xinluo/1675/2020_EPI_ISL_522416	0.027402999999999997	3.8941349999999995	9.433168000000002	0.07163046345101495	0.028172291766851338	3.851301016914454	2021-02-01	ne_star	south	2021
2020-09-01	B/Fujian-Xinluo/1714/2020_EPI_ISL_485405	0.035374	2.392250999999999	7.433156000000002	0.07163046345101495	0.03636706378719846	2.355474559046737	2021-02-01	ne_star	south	2021
2020-09-01	B/Fujian-Xinluo/1719/2020_EPI_ISL_522413	0.035374	4.013583999999999	8.461747000000003	0.07163046345101495	0.03636706378719846	3.969051485807722	2021-02-01	ne_star	south	2021
2020-09-01	B/Fujian-Xinluo/1719/2020_EPI_ISL_522413__dup2	0.035374	2.392250999999999	7.433156000000002	0.07163046345101495	0.03636706378719846	2.355474559046737	2021-02-01	ne_star	south	2021
2020-09-01	B/GIFU/2/2020_EPI_ISL_476007	0.000651	3.1199629999999985	7.433212000000002	0.07163046345101495	0.0006692756975593994	3.1012135265191345	2021-02-01	ne_star	south	2021
2020-09-01	B/Gansu-Xifeng/1165/2020_EPI_ISL_485402	0.003169	4.132635	9.433168000000002	-0.31416409004314244	0.0027741788322203725	4.107824488019166	2021-02-01	ne_star	south	2021
2020-09-01	B/Georgia/1213/2019_EPI_ISL_410221	6.6e-05	3.6394679999999995	8.433218000000002	0.07163046345101495	6.785283569726631e-05	3.6423020136534654	2021-02-01	ne_star	south	2021
2020-09-01	B/Georgia/72/2020_EPI_ISL_410219	0.000218	3.6394679999999995	8.433218000000002	0.07163046345101495	0.0002241199724546069	3.6423020136534654	2021-02-01	ne_star	south	2021
2020-09-01	B/Guyane/310/2020_EPI_ISL_487509__dup2	0.003333	4.4839009999999995	9.433196000000002	0.07163046345101495	0.0034265682027119484	4.4562514448274415	2021-02-01	ne_star	south	2021
2020-09-01	B/Guyane/354/2020_EPI_ISL_487510	0.004487	10.567859999999998	13.689802000000002	-0.31416409004314244	0.003927971101348315	10.56015590755467	2021-02-01	ne_star	south	2021
2020-09-01	B/HAMAMATU-C/16/2020_EPI_ISL_500498	0.0035039999999999997	3.305205999999999	8.433162000000003	-0.31416409004314244	0.003067441662385668	3.268664640331017	2021-02-01	ne_star	south	2021
2020-09-01	B/HK/17/2020_EPI_ISL_431040	0.000869	2.1212809999999993	6.433206000000001	0.07163046345101495	0.0008933956700140064	2.1025520779142526	2021-02-01	ne_star	south	2021
2020-09-01	B/HK/21/2020_EPI_ISL_431041	0.001288	2.6400519999999976	7.433212000000002	0.07163046345101495	0.0013241583693648334	2.642885959269771	2021-02-01	ne_star	south	2021
2020-09-01	B/HK/26/2020_EPI_ISL_431062	0.007208	2.6400519999999976	7.433212000000002	0.07163046345101495	0.007410352116755992	2.642885959269771	2021-02-01	ne_star	south	2021
2020-09-01	B/HK/30/2020_EPI_ISL_431069	0.00657	5.693107999999996	8.689772000000005	-0.6999586435372999	0.004897401744491038	5.684669808986326	2021-02-01	ne_star	south	2021
2020-09-01	B/HK/997/2019_EPI_ISL_410323	1.1e-05	3.1212429999999984	7.433212000000002	0.07163046345101495	1.1308805949544384e-05	3.102529460302354	2021-02-01	ne_star	south	2021
2020-09-01	B/HYOGO/1147/2020_EPI_ISL_523814	0.00048499999999999997	4.055019000000001	7.461797000000001	0.07163046345101495	0.0004986155350480933	4.035575232155583	2021-02-01	ne_star	south	2021
2020-09-01	B/Haiti/432/2020_EPI_ISL_517738	0.015806	3.058040999999998	7.433212000000002	0.07163046345101495	0.01624972607622714	3.0375531736093446	2021-02-01	ne_star	south	2021
2020-09-01	B/Haiti/488/2020_EPI_ISL_517737	0.015806	3.058040999999998	7.433212000000002	0.07163046345101495	0.01624972607622714	3.0375531736093446	2021-02-01	ne_star	south	2021
2020-09-01	B/Hawaii/14/2020_EPI_ISL_430777	0.009043	2.6400519999999976	7.433212000000002	0.07163046345101495	0.009296866563793625	2.642885959269771	2021-02-01	ne_star	south	2021
2020-09-01	B/Hawaii/17/2020_EPI_ISL_482935	0.017154	3.6057279999999987	8.433218000000002	-0.31416409004314244	0.01501680772732984	3.6128523438151103	2021-02-01	ne_star	south	2021
2020-09-01	B/Hawaii/18/2020_EPI_ISL_482934	0.024464	2.6400519999999976	7.433212000000002	0.07163046345101495	0.02515078443178671	2.642885959269771	2021-02-01	ne_star	south	2021
2020-09-01	B/Hebei-Luquan/114/2020_EPI_ISL_485548	0.00018	2.946919	7.433212000000002	0.07163046345101495	0.00018505318826527174	2.9249760418039803	2021-02-01	ne_star	south	2021
2020-09-01	B/Hermel/NS85/2020_EPI_ISL_455486	0.000869	4.4839009999999995	9.433196000000002	0.07163046345101495	0.0008933956700140064	4.4562514448274415	2021-02-01	ne_star	south	2021
2020-09-01	B/Human/Moscow/30/2020_EPI_ISL_422448	0.002209	2.1212809999999993	6.433206000000001	0.07163046345101495	0.0022710138493221405	2.1025520779142526	2021-02-01	ne_star	south	2021
2020-09-01	B/Hunan-Heshan/1107/2020_EPI_ISL_485429	0.0009199999999999999	2.392250999999999	7.433156000000002	0.07163046345101495	0.0009458274066891665	2.355474559046737	2021-02-01	ne_star	south	2021
2020-09-01	B/Hunan-Liuyang/3140/2019_EPI_ISL_410555	2.5e-05	4.055601	7.461797000000001	-0.31416409004314244	2.1885285833231085e-05	4.036232803589547	2021-02-01	ne_star	south	2021
2020-09-01	B/Hunan-Louxin/125/2020_EPI_ISL_485431	0.00028	3.0725599999999984	7.433212000000002	-0.31416409004314244	0.00024511520133218813	3.05858715875293	2021-02-01	ne_star	south	2021
2020-09-01	B/Hunan-Louxin/1961/2019_EPI_ISL_410548	1.6e-05	3.3812409999999984	8.433162000000003	-0.31416409004314244	1.4006582933267892e-05	3.3441890196622994	2021-02-01	ne_star	south	2021
2020-09-01	B/Hunan-Suxian/11134/2019_EPI_ISL_402250	1.6e-05	4.867149999999999	9.4083	0.07163046345101495	1.6449172290246375e-05	4.844587589968949	2021-02-01	ne_star	south	2021
2020-09-01	B/Hunan-Yuhu/114/2020_EPI_ISL_485552__dup2	0.00013000000000000002	2.8672459999999997	7.433212000000002	0.07163046345101495	0.00013364952485825184	2.8446533866581127	2021-02-01	ne_star	south	2021
2020-09-01	B/ISHIKAWA/27/2020_EPI_ISL_486369	0.0009199999999999999	3.1099439999999983	7.433212000000002	0.07163046345101495	0.0009458274066891665	3.0909132604456353	2021-02-01	ne_star	south	2021
2020-09-01	B/Iceland/38/2020_EPI_ISL_477357	0.03293	3.5083159999999993	8.433218000000002	-0.31416409004314244	0.028827298499531986	3.527576765271642	2021-02-01	ne_star	south	2021
2020-09-01	B/Iceland/38/2020_EPI_ISL_477357__dup2	0.03293	3.5083159999999993	8.433218000000002	-0.31416409004314244	0.028827298499531986	3.527576765271642	2021-02-01	ne_star	south	2021
2020-09-01	B/Idaho/11739/2020_EPI_ISL_428093	0.000732	4.597345999999998	7.689766000000001	0.07163046345101495	0.0007525496322787718	4.600847734584899	2021-02-01	ne_star	south	2021
2020-09-01	B/Iowa/35/2019_EPI_ISL_402599__dup2	3.3e-05	2.6400519999999976	7.433212000000002	0.07163046345101495	3.3926417848633156e-05	2.642885959269771	2021-02-01	ne_star	south	2021
2020-09-01	B/Ireland/09562/2020_EPI_ISL_468177	0.000651	2.6400519999999976	7.433212000000002	0.07163046345101495	0.0006692756975593994	2.642885959269771	2021-02-01	ne_star	south	2021
2020-09-01	B/Israel/995/2019_EPI_ISL_406253	9.8e-05	2.6400519999999976	7.433212000000002	0.07163046345101495	0.00010075118027775905	2.642885959269771	2021-02-01	ne_star	south	2021
2020-09-01	B/Japan/10596/2019_EPI_ISL_412616	2.6000000000000002e-05	3.620153999999999	8.433218000000002	0.07163046345101495	2.6729904971650363e-05	3.622445806552602	2021-02-01	ne_star	south	2021
2020-09-01	B/Japan/12213/2020_EPI_ISL_496597	0.015165999999999999	3.6004799999999997	8.284270000000001	-0.31416409004314244	0.013276489797871304	3.6068573596167712	2021-02-01	ne_star	south	2021
2020-09-01	B/Jbeil/398/2020_EPI_ISL_500762	0.001153	5.3963139999999985	9.561473	0.07163046345101495	0.0011853684781658793	5.370503197565277	2021-02-01	ne_star	south	2021
2020-09-01	B/Jbeil/406/2020_EPI_ISL_500763	0.003333	4.4839009999999995	9.433196000000002	0.07163046345101495	0.0034265682027119484	4.4562514448274415	2021-02-01	ne_star	south	2021
2020-09-01	B/Jiangsu-Chongchuan/12290/2020_EPI_ISL_485427	0.000974	8.745253	10.618676999999996	0.07163046345101495	0.0010013433631687484	8.729293753922303	2021-02-01	ne_star	south	2021
2020-09-01	B/Jiangsu-Chongchuan/12292/2020_EPI_ISL_485434	0.000974	8.745253	10.618676999999996	0.07163046345101495	0.0010013433631687484	8.729293753922303	2021-02-01	ne_star	south	2021
2020-09-01	B/Jordan/30272/2019_EPI_ISL_409806__dup2	2.6000000000000002e-05	4.419946999999998	7.689766000000001	0.07163046345101495	2.6729904971650363e-05	4.431304494098077	2021-02-01	ne_star	south	2021
2020-09-01	B/KANAGAWA/AC1942/2020_EPI_ISL_437503	0.0035039999999999997	5.100208999999999	9.433224000000003	0.07163046345101495	0.0036023687315639564	5.080937865524867	2021-02-01	ne_star	south	2021
2020-09-01	B/KANAGAWA/IC1915/2019_EPI_ISL_414384	7e-05	2.1212809999999993	6.433206000000001	0.07163046345101495	7.19651287698279e-05	2.1025520779142526	2021-02-01	ne_star	south	2021
2020-09-01	B/KANAGAWA/ZC1945/2020_EPI_ISL_414394	0.00043	4.740825999999998	8.461803000000003	0.07163046345101495	0.00044207150530037136	4.714307258844094	2021-02-01	ne_star	south	2021
2020-09-01	B/KANAGAWA/ZC1946/2020_EPI_ISL_415168	0.00045599999999999997	3.1194929999999985	7.433212000000002	0.07163046345101495	0.0004688014102720217	3.100730332083108	2021-02-01	ne_star	south	2021
2020-09-01	B/KITAKYUSYU/3/2019_EPI_ISL_500496	3.5e-05	2.1212809999999993	6.433206000000001	0.07163046345101495	3.598256438491395e-05	2.1025520779142526	2021-02-01	ne_star	south	2021
2020-09-01	B/Kazakhstan/134/2019_EPI_ISL_409807	2.6000000000000002e-05	2.1212809999999993	6.433206000000001	0.07163046345101495	2.6729904971650363e-05	2.1025520779142526	2021-02-01	ne_star	south	2021
2020-09-01	B/Kyiv/342/2020_EPI_ISL_487516	0.004487	2.1212809999999993	6.433206000000001	0.07163046345101495	0.004612964754145968	2.1025520779142526	2021-02-01	ne_star	south	2021
2020-09-01	B/Kyrgyzstan/293/2019_EPI_ISL_409816	4.6e-05	3.1211729999999984	7.433212000000002	0.07163046345101495	4.7291370334458336e-05	3.102457495173584	2021-02-01	ne_star	south	2021
2020-09-01	B/Laos/3395/2019_EPI_ISL_421026	3.5e-05	2.392250999999999	7.433156000000002	0.07163046345101495	3.598256438491395e-05	2.355474559046737	2021-02-01	ne_star	south	2021
2020-09-01	B/Laos/3636/2019_EPI_ISL_421029	1.6e-05	2.1212809999999993	6.433206000000001	0.07163046345101495	1.6449172290246375e-05	2.1025520779142526	2021-02-01	ne_star	south	2021
2020-09-01	B/Laos/3717/2019_EPI_ISL_416974	2.6000000000000002e-05	3.3921829999999984	8.433162000000003	-0.31416409004314244	2.2760697266560332e-05	3.355429037652203	2021-02-01	ne_star	south	2021
2020-09-01	B/Laos/3788/2019_EPI_ISL_491872	4.3e-05	2.1212809999999993	6.433206000000001	0.07163046345101495	4.420715053003714e-05	2.1025520779142526	2021-02-01	ne_star	south	2021
2020-09-01	B/Laos/3873/2019_EPI_ISL_416973	7.5e-05	2.392250999999999	7.433156000000002	0.07163046345101495	7.710549511052989e-05	2.355474559046737	2021-02-01	ne_star	south	2021
2020-09-01	B/Liaoning-Shuangta/1137/2020_EPI_ISL_485426	0.002095	2.392250999999999	7.433156000000002	0.07163046345101495	0.0021538134967541353	2.355474559046737	2021-02-01	ne_star	south	2021
2020-09-01	B/Lisboa/40/2019_EPI_ISL_416094	2.9999999999999997e-05	2.1212809999999993	6.433206000000001	0.07163046345101495	3.084219804421196e-05	2.1025520779142526	2021-02-01	ne_star	south	2021
2020-09-01	B/Lisboa/niMS028_19-20/2019_EPI_ISL_476610	1e-05	2.6400519999999976	7.433212000000002	0.07163046345101495	1.0280732681403986e-05	2.642885959269771	2021-02-01	ne_star	south	2021
2020-09-01	B/Luxembourg/LNS2757540/2020_EPI_ISL_487168	0.000337	7.507697999999994	11.461765000000005	-0.31416409004314244	0.000295013653031955	7.477728675227417	2021-02-01	ne_star	south	2021
2020-09-01	B/Luxembourg/LNS6899252/2020_EPI_ISL_406585	0.000317	6.4437739999999994	10.461815	0.07163046345101495	0.0003258992260005064	6.444243848875853	2021-02-01	ne_star	south	2021
2020-09-01	B/Luxembourg/LNS7111701/2020_EPI_ISL_487187	0.001604	6.530951000000001	10.461758999999999	0.07163046345101495	0.0016490295220971992	6.5006792961369415	2021-02-01	ne_star	south	2021
2020-09-01	B/Lyon/0028/2020_EPI_ISL_410412	0.00011200000000000001	3.409574999999999	8.433218000000002	0.07163046345101495	0.00011514420603172465	3.4122098433301753	2021-02-01	ne_star	south	2021
2020-09-01	B/MIE/13/2019_EPI_ISL_410491	2.5e-05	3.372412999999998	8.433218000000002	0.07163046345101495	2.5701831703509967e-05	3.3693885330770823	2021-02-01	ne_star	south	2021
2020-09-01	B/MIYAGI/1/2020_EPI_ISL_486379	0.004068	3.630435999999999	8.433218000000002	0.07163046345101495	0.00418220205479514	3.6330164558956217	2021-02-01	ne_star	south	2021
2020-09-01	B/Macao/600006/2020_EPI_ISL_485504	0.00013000000000000002	2.1212809999999993	6.433206000000001	0.07163046345101495	0.00013364952485825184	2.1025520779142526	2021-02-01	ne_star	south	2021
2020-09-01	B/Madagascar/7265/2019_EPI_ISL_413418	4.3e-05	3.1211789999999984	7.433212000000002	-0.31416409004314244	3.764269163315747e-05	3.102476792530987	2021-02-01	ne_star	south	2021
2020-09-01	B/Magadan/164V/2020_EPI_ISL_430449	0.004487	3.565089999999999	8.414962000000003	-0.31416409004314244	0.003927971101348315	3.567205967421314	2021-02-01	ne_star	south	2021
2020-09-01	B/Michigan/82/2019_EPI_ISL_413387	5.3e-05	2.6400519999999976	7.433212000000002	0.07163046345101495	5.448788321144112e-05	2.642885959269771	2021-02-01	ne_star	south	2021
2020-09-01	B/Moscow/RII-508S/2019_EPI_ISL_403246	3.3e-05	2.1212809999999993	6.433206000000001	0.07163046345101495	3.3926417848633156e-05	2.1025520779142526	2021-02-01	ne_star	south	2021
2020-09-01	B/NAGANO/2092/2020_EPI_ISL_476008	0.0024519999999999998	2.1212809999999993	6.433206000000001	0.07163046345101495	0.002520835653480257	2.1025520779142526	2021-02-01	ne_star	south	2021
2020-09-01	B/NAGANO/2102/2020_EPI_ISL_428439	0.004068	4.623747999999998	9.433224000000003	0.07163046345101495	0.00418220205479514	4.626157151050589	2021-02-01	ne_star	south	2021
2020-09-01	B/NAGANO/2906/2019_EPI_ISL_414398	9.2e-05	2.6400519999999976	7.433212000000002	0.07163046345101495	9.458274066891667e-05	2.642885959269771	2021-02-01	ne_star	south	2021
2020-09-01	B/NIIGATA/52/2020_EPI_ISL_454741	0.000579	2.6400519999999976	7.433212000000002	0.07163046345101495	0.0005952544222532907	2.642885959269771	2021-02-01	ne_star	south	2021
2020-09-01	B/Netherlands/00250/2020_EPI_ISL_412447	0.000732	3.6385719999999995	8.433218000000002	0.07163046345101495	0.0007525496322787718	3.641380860005212	2021-02-01	ne_star	south	2021
2020-09-01	B/New_Jersey/07/2020_EPI_ISL_421083	0.002719	2.1212809999999993	6.433206000000001	0.07163046345101495	0.002795331216073744	2.1025520779142526	2021-02-01	ne_star	south	2021
2020-09-01	B/New_Jersey/12181/2020_EPI_ISL_490952	0.005706	2.1212809999999993	6.433206000000001	0.07163046345101495	0.005866186068009115	2.1025520779142526	2021-02-01	ne_star	south	2021
2020-09-01	B/New_York/10623/2019_EPI_ISL_412644	1.8e-05	2.6400519999999976	7.433212000000002	0.07163046345101495	1.8505318826527174e-05	2.642885959269771	2021-02-01	ne_star	south	2021
2020-09-01	B/Norway/2121/2020_EPI_ISL_486944	0.005982	7.760010999999994	3.6657730000000006	-0.31416409004314244	0.005236711194175534	7.74961812912059	2021-02-01	ne_star	south	2021
2020-09-01	B/Novosibirsk/RII-26944S/2020_EPI_ISL_497929	0.0005139999999999	3.113790999999998	7.433212000000002	0.07163046345101495	0.000528429659824062	3.095852316495365	2021-02-01	ne_star	south	2021
2020-09-01	B/Novosibirsk/RII-27038S/2020_EPI_ISL_497933	0.000404	2.1212809999999993	6.433206000000001	0.07163046345101495	0.00041534160032872104	2.1025520779142526	2021-02-01	ne_star	south	2021
2020-09-01	B/Novosibirsk/RII-27104S/2020_EPI_ISL_497913	0.004487	3.0710199999999985	7.433212000000002	-0.31416409004314244	0.003927971101348315	3.053255161904371	2021-02-01	ne_star	south	2021
2020-09-01	B/OSAKA-C/5/2020_EPI_ISL_486378	0.003872	3.0817089999999974	7.284264	0.07163046345101495	0.003980699694239623	3.0665234782612547	2021-02-01	ne_star	south	2021
2020-09-01	B/OSAKA/30/2020_EPI_ISL_523816	0.004711	5.092966999999999	9.433224000000003	0.07163046345101495	0.004843253166209417	5.073492558916995	2021-02-01	ne_star	south	2021
2020-09-01	B/OSAKA/31/2020_EPI_ISL_513930	0.017154	5.003551999999999	9.433224000000003	-0.31416409004314244	0.01501680772732984	4.998149821467078	2021-02-01	ne_star	south	2021
2020-09-01	B/Ohio/07/2020_EPI_ISL_416008	0.001153	2.6400519999999976	7.433212000000002	0.07163046345101495	0.0011853684781658793	2.642885959269771	2021-02-01	ne_star	south	2021
2020-09-01	B/Ohio/12080/2020_EPI_ISL_463870	0.004487	3.6956759999999993	8.433162000000003	-0.31416409004314244	0.003927971101348315	3.6691048707247	2021-02-01	ne_star	south	2021
2020-09-01	B/Oklahoma/01/2020_EPI_ISL_409290	0.00024700000000000004	2.7046659999999987	7.433156000000002	0.07163046345101495	0.0002539340972306785	2.676960812927397	2021-02-01	ne_star	south	2021
2020-09-01	B/Oklahoma/12081/2020_EPI_ISL_463871	0.004273	2.7046659999999987	7.433156000000002	0.07163046345101495	0.004392957074763923	2.676960812927397	2021-02-01	ne_star	south	2021
2020-09-01	B/Oklahoma/12215/2020_EPI_ISL_496599	0.004273	2.7046659999999987	7.433156000000002	0.07163046345101495	0.004392957074763923	2.676960812927397	2021-02-01	ne_star	south	2021
2020-09-01	B/Oregon/09/2020_EPI_ISL_424809	0.004273	2.1212809999999993	6.433206000000001	0.07163046345101495	0.004392957074763923	2.1025520779142526	2021-02-01	ne_star	south	2021
2020-09-01	B/Oujda/936/2020_EPI_ISL_416114	0.000614	3.862852000000001	6.689760000000001	0.07163046345101495	0.0006312369866382046	3.8481256131881647	2021-02-01	ne_star	south	2021
2020-09-01	B/Pakistan/272/2019_EPI_ISL_421018	9.8e-05	7.771778999999994	3.6657730000000006	0.07163046345101495	0.00010075118027775905	7.759890049148385	2021-02-01	ne_star	south	2021
2020-09-01	B/Paraguay/4892/2019_EPI_ISL_409604	2.5e-05	7.670903999999994	10.689784	0.07163046345101495	2.5701831703509967e-05	7.657305589102806	2021-02-01	ne_star	south	2021
2020-09-01	B/Parana/1996/2020_EPI_ISL_516156	0.0082659999999999	4.4839009999999995	9.433196000000002	0.07163046345101495	0.008498053634448431	4.4562514448274415	2021-02-01	ne_star	south	2021
2020-09-01	B/Parana/202000047/2019_EPI_ISL_516146	2.8000000000000013e-05	7.649481999999994	10.689784	0.07163046345101495	2.8786051507931172e-05	7.636850956567222	2021-02-01	ne_star	south	2021
2020-09-01	B/Parana/49/2020_EPI_ISL_516192	0.00024700000000000004	2.1212809999999993	6.433206000000001	0.07163046345101495	0.0002539340972306785	2.1025520779142526	2021-02-01	ne_star	south	2021
2020-09-01	B/Parana/49/2020_EPI_ISL_516192__dup2	0.00024700000000000004	2.1212809999999993	6.433206000000001	0.07163046345101495	0.0002539340972306785	2.1025520779142526	2021-02-01	ne_star	south	2021
2020-09-01	B/Perth/1/2020_EPI_ISL_451954	0.000869	2.1212809999999993	6.433206000000001	0.07163046345101495	0.0008933956700140064	2.1025520779142526	2021-02-01	ne_star	south	2021
2020-09-01	B/Perth/3/2020_EPI_ISL_451952	0.001031	2.1212809999999993	6.433206000000001	0.07163046345101495	0.0010599435394527507	2.1025520779142526	2021-02-01	ne_star	south	2021
2020-09-01	B/Rabat/173/2019_EPI_ISL_407580__dup2	1.1e-05	3.862852000000001	6.689760000000001	0.07163046345101495	1.1308805949544384e-05	3.8481256131881647	2021-02-01	ne_star	south	2021
2020-09-01	B/Rabat/233/2019_EPI_ISL_407582	2e-05	3.862852000000001	6.689760000000001	0.07163046345101495	2.0561465362807973e-05	3.8481256131881647	2021-02-01	ne_star	south	2021
2020-09-01	B/Rabat/772/2020_EPI_ISL_416121	0.00028	5.728721999999992	7.718351000000001	-0.31416409004314244	0.00024511520133218813	5.71242244573048	2021-02-01	ne_star	south	2021
2020-09-01	B/Rhode_Island/02/2020_EPI_ISL_410860	0.000263	2.1212809999999993	6.433206000000001	0.07163046345101495	0.0002703832695209248	2.1025520779142526	2021-02-01	ne_star	south	2021
2020-09-01	B/Rio_De_Janeiro/1996/2020_EPI_ISL_482936	0.0082659999999999	4.4839009999999995	9.433196000000002	0.07163046345101495	0.008498053634448431	4.4562514448274415	2021-02-01	ne_star	south	2021
2020-09-01	B/Rio_Grande_do_Sul/117/2020_EPI_ISL_516136	0.003169	2.1212809999999993	6.433206000000001	0.07163046345101495	0.003257964186736923	2.1025520779142526	2021-02-01	ne_star	south	2021
2020-09-01	B/Rio_Grande_do_Sul/121/2020_EPI_ISL_516137	0.003169	8.734895	1.4767589999999997	0.07163046345101495	0.003257964186736923	8.721987043898588	2021-02-01	ne_star	south	2021
2020-09-01	B/Romania/255663/2019_EPI_ISL_406474	4.6e-05	2.6400519999999976	7.433212000000002	0.07163046345101495	4.7291370334458336e-05	2.642885959269771	2021-02-01	ne_star	south	2021
2020-09-01	B/Romania/257335/2020_EPI_ISL_459985	0.016468	2.6400519999999976	7.433212000000002	0.07163046345101495	0.016930310579736086	2.642885959269771	2021-02-01	ne_star	south	2021
2020-09-01	B/Russia/2147V/2019_EPI_ISL_403695	2.9999999999999997e-05	2.1212809999999993	6.433206000000001	0.07163046345101495	3.084219804421196e-05	2.1025520779142526	2021-02-01	ne_star	south	2021
2020-09-01	B/SAITAMA/61/2019_EPI_ISL_414402	2.6000000000000002e-05	2.6400519999999976	7.433212000000002	0.07163046345101495	2.6729904971650363e-05	2.642885959269771	2021-02-01	ne_star	south	2021
2020-09-01	B/SAPPORO/7/2019_EPI_ISL_408545	1.1e-05	9.732342999999995	5.516837	0.07163046345101495	1.1308805949544384e-05	9.724017716632146	2021-02-01	ne_star	south	2021
2020-09-01	B/Saint-Petersburg/RII-3180S/2020_EPI_ISL_471348	0.004711	2.1212809999999993	6.433206000000001	0.07163046345101495	0.004843253166209417	2.1025520779142526	2021-02-01	ne_star	south	2021
2020-09-01	B/Santiago/14751/2020_EPI_ISL_499077	0.001362	4.622528999999998	9.433224000000003	0.07163046345101495	0.0014002357912072227	4.600321527261522	2021-02-01	ne_star	south	2021
2020-09-01	B/Santiago/14751/2020_EPI_ISL_499077__dup2	0.001362	4.622528999999998	9.433224000000003	0.07163046345101495	0.0014002357912072227	4.600321527261522	2021-02-01	ne_star	south	2021
2020-09-01	B/Santiago/22802/2020_EPI_ISL_499070	0.005706	4.3414709999999985	9.433224000000003	0.07163046345101495	0.005866186068009115	4.33759433918657	2021-02-01	ne_star	south	2021
2020-09-01	B/Santiago/29615/2020_EPI_ISL_499081	0.007899	4.3414709999999985	9.433224000000003	0.07163046345101495	0.008120750745041008	4.33759433918657	2021-02-01	ne_star	south	2021
2020-09-01	B/Santiago/4824/2020_EPI_ISL_499069	0.00023199999999999997	3.639571999999999	8.433218000000002	0.07163046345101495	0.00023851299820857244	3.642408933273352	2021-02-01	ne_star	south	2021
2020-09-01	B/Santiago/7002/2020_EPI_ISL_499073	0.000169	2.6400519999999976	7.433212000000002	0.07163046345101495	0.00017374438231572734	2.642885959269771	2021-02-01	ne_star	south	2021
2020-09-01	B/Sao_Paulo/1420590-IAL/2019_EPI_ISL_407056	4e-05	5.4838049999999985	10.433201999999998	0.07163046345101495	4.1122930725615946e-05	5.456169198965993	2021-02-01	ne_star	south	2021
2020-09-01	B/Sao_Paulo/1444130-IAL/2020_EPI_ISL_411217	0.000404	4.119632999999999	8.433218000000002	-0.6999586435372999	0.000301149209250286	4.1013474810772514	2021-02-01	ne_star	south	2021
2020-09-01	B/Shandong-Dongying/160/2020_EPI_ISL_410587	0.000192	2.392250999999999	7.433156000000002	0.07163046345101495	0.0001973900674829565	2.355474559046737	2021-02-01	ne_star	south	2021
2020-09-01	B/Sichuan-Qingyang/12039/2019_EPI_ISL_410135	2.1e-05	4.161715999999999	9.433168000000002	0.07163046345101495	2.158953863094837e-05	4.124755264029879	2021-02-01	ne_star	south	2021
2020-09-01	B/Singapore/GP0319/2020_EPI_ISL_481332	0.000337	2.6400519999999976	7.433212000000002	0.07163046345101495	0.0003464606913633143	2.642885959269771	2021-02-01	ne_star	south	2021
2020-09-01	B/Singapore/KK0417/2020_EPI_ISL_481328	0.000317	2.1212809999999993	6.433206000000001	0.07163046345101495	0.0003258992260005064	2.1025520779142526	2021-02-01	ne_star	south	2021
2020-09-01	B/Singapore/KK0673/2020_EPI_ISL_481330	0.0006900000000000001	2.1212809999999993	6.433206000000001	0.07163046345101495	0.000709370555016875	2.1025520779142526	2021-02-01	ne_star	south	2021
2020-09-01	B/Singapore/KK2799/2019_EPI_ISL_401439	1.4999999999999999e-05	7.732418999999995	3.516825	0.07163046345101495	1.542109902210598e-05	7.724062951855943	2021-02-01	ne_star	south	2021
2020-09-01	B/Singapore/KK2800/2019_EPI_ISL_401440	1.4999999999999999e-05	2.8536419999999993	7.433212000000002	0.07163046345101495	1.542109902210598e-05	2.829054651721566	2021-02-01	ne_star	south	2021
2020-09-01	B/Singapore/TT0473/2020_EPI_ISL_481367__dup2	0.0006900000000000001	3.0817089999999974	7.284264	0.07163046345101495	0.000709370555016875	3.0665234782612547	2021-02-01	ne_star	south	2021
2020-09-01	B/Smolensk/RII-602S/2019_EPI_ISL_403994	5.3e-05	2.1212809999999993	6.433206000000001	0.07163046345101495	5.448788321144112e-05	2.1025520779142526	2021-02-01	ne_star	south	2021
2020-09-01	B/South_Africa/1736/2020_EPI_ISL_509221	0.001519	6.447287	11.433208000000004	0.07163046345101495	0.0015616432943052654	6.42391174442267	2021-02-01	ne_star	south	2021
2020-09-01	B/South_Africa/1740/2020_EPI_ISL_493194	0.001604	6.447287	11.433208000000004	0.07163046345101495	0.0016490295220971992	6.42391174442267	2021-02-01	ne_star	south	2021
2020-09-01	B/South_Africa/2467/2020_EPI_ISL_493191	0.0035039999999999997	5.485346999999997	10.433201999999998	0.07163046345101495	0.0036023687315639564	5.461281586976941	2021-02-01	ne_star	south	2021
2020-09-01	B/South_Africa/2751/2020_EPI_ISL_510000	0.004487	6.447287	11.433208000000004	0.07163046345101495	0.004612964754145968	6.42391174442267	2021-02-01	ne_star	south	2021
2020-09-01	B/South_Africa/3623/2020_EPI_ISL_510001	0.005706	7.435858999999997	12.433214000000005	-0.31416409004314244	0.0049950976385766625	7.413921549145516	2021-02-01	ne_star	south	2021
2020-09-01	B/South_Africa/3636/2020_EPI_ISL_510002	0.005706	6.447287	11.433208000000004	0.07163046345101495	0.005866186068009115	6.42391174442267	2021-02-01	ne_star	south	2021
2020-09-01	B/South_Australia/159/2019_EPI_ISL_512689	1.7e-05	2.1212809999999993	6.433206000000001	0.07163046345101495	1.7477245558386774e-05	2.1025520779142526	2021-02-01	ne_star	south	2021
2020-09-01	B/South_Australia/160/2019_EPI_ISL_401912	2e-05	3.6399959999999996	8.433218000000002	0.07163046345101495	2.0561465362807973e-05	3.642844836339044	2021-02-01	ne_star	south	2021
2020-09-01	B/South_Australia/163/2019_EPI_ISL_430300	0.000105	3.552465	7.561489	0.07163046345101495	0.00010794769315474184	3.557137712007604	2021-02-01	ne_star	south	2021
2020-09-01	B/South_Australia/7/2020_EPI_ISL_419647	0.000974	2.6400519999999976	7.433212000000002	0.07163046345101495	0.0010013433631687484	2.642885959269771	2021-02-01	ne_star	south	2021
2020-09-01	B/South_Korea/11418/2020_EPI_ISL_415060	0.000139	3.5776429999999997	8.433190000000002	0.07163046345101495	0.0001429021842715154	3.552608639957168	2021-02-01	ne_star	south	2021
2020-09-01	B/South_Korea/11419/2020_EPI_ISL_415061	0.000169	2.1212809999999993	6.433206000000001	0.07163046345101495	0.00017374438231572734	2.1025520779142526	2021-02-01	ne_star	south	2021
2020-09-01	B/South_Korea/11423/2020_EPI_ISL_415065	0.000204	2.1212809999999993	6.433206000000001	0.07163046345101495	0.0002097269467006413	2.1025520779142526	2021-02-01	ne_star	south	2021
2020-09-01	B/South_Korea/11424/2020_EPI_ISL_415066	0.000169	2.1212809999999993	6.433206000000001	0.07163046345101495	0.00017374438231572734	2.1025520779142526	2021-02-01	ne_star	south	2021
2020-09-01	B/Spain/12085/2020_EPI_ISL_463875	0.001153	3.862852000000001	6.689760000000001	0.07163046345101495	0.0011853684781658793	3.8481256131881647	2021-02-01	ne_star	south	2021
2020-09-01	B/Sri_Lanka/25/2019_EPI_ISL_419648	2e-05	3.902949000000001	6.689760000000001	0.07163046345101495	2.0561465362807973e-05	3.888428174142383	2021-02-01	ne_star	south	2021
2020-09-01	B/Sri_Lanka/30/2019_EPI_ISL_430304	8e-05	3.639875999999999	8.433218000000002	0.07163046345101495	8.224586145123189e-05	3.6427214675468664	2021-02-01	ne_star	south	2021
2020-09-01	B/St._Petersburg/RII-172/2020_EPI_ISL_471667	0.00627	2.6400519999999976	7.433212000000002	0.07163046345101495	0.006446019391240299	2.642885959269771	2021-02-01	ne_star	south	2021
2020-09-01	B/Stockholm/7/2020_EPI_ISL_485808__dup3	0.001031	2.6400519999999976	7.433212000000002	0.07163046345101495	0.0010599435394527507	2.642885959269771	2021-02-01	ne_star	south	2021
2020-09-01	B/Suriname/1076/2019_EPI_ISL_416966	1.7e-05	3.3613089999999985	8.433162000000003	0.07163046345101495	1.7477245558386774e-05	3.3236803651562257	2021-02-01	ne_star	south	2021
2020-09-01	B/Suriname/1088/2019_EPI_ISL_416969	2.8000000000000013e-05	3.3613089999999985	8.433162000000003	0.07163046345101495	2.8786051507931172e-05	3.3236803651562257	2021-02-01	ne_star	south	2021
2020-09-01	B/Sweden/23/2020_EPI_ISL_426598	0.00109	4.111595	8.433218000000002	-0.31416409004314244	0.0009541984623288753	4.093943919570706	2021-02-01	ne_star	south	2021
2020-09-01	B/Sweden/60/2020_EPI_ISL_444815	0.016468	4.787889999999999	7.671510000000001	0.07163046345101495	0.016930310579736086	4.77244562133971	2021-02-01	ne_star	south	2021
2020-09-01	B/Sweden/61/2020_EPI_ISL_444816	0.016468	4.787889999999999	7.671510000000001	0.07163046345101495	0.016930310579736086	4.77244562133971	2021-02-01	ne_star	south	2021
2020-09-01	B/Sweden/7/2019_EPI_ISL_404223	5e-05	4.787889999999999	7.671510000000001	0.07163046345101495	5.1403663407019934e-05	4.77244562133971	2021-02-01	ne_star	south	2021
2020-09-01	B/Switzerland/6411/2020_EPI_ISL_486813	0.004068	2.6400519999999976	7.433212000000002	0.07163046345101495	0.00418220205479514	2.642885959269771	2021-02-01	ne_star	south	2021
2020-09-01	B/Switzerland/8873/2020_EPI_ISL_455503__dup2	0.008647	4.4839009999999995	9.433196000000002	0.07163046345101495	0.008889749549610027	4.4562514448274415	2021-02-01	ne_star	south	2021
2020-09-01	B/Sydney/1079/2019_EPI_ISL_430299	1.7e-05	2.1212809999999993	6.433206000000001	0.07163046345101495	1.7477245558386774e-05	2.1025520779142526	2021-02-01	ne_star	south	2021
2020-09-01	B/Sydney/2/2020_EPI_ISL_451953	0.001786	4.942720999999999	7.689766000000001	-0.31416409004314244	0.0015634848199260285	4.92868159262418	2021-02-01	ne_star	south	2021
2020-09-01	B/Sydney/4/2020_EPI_ISL_479652	0.005706	4.374588999999998	9.433224000000003	-0.6999586435372999	0.004253359871242902	4.376480548271141	2021-02-01	ne_star	south	2021
2020-09-01	B/Taiwan/70884/2019_EPI_ISL_428425	7.5e-05	2.1212809999999993	6.433206000000001	0.07163046345101495	7.710549511052989e-05	2.1025520779142526	2021-02-01	ne_star	south	2021
2020-09-01	B/Tajikistan/151/2019_EPI_ISL_407587	5e-05	2.1212809999999993	6.433206000000001	0.07163046345101495	5.1403663407019934e-05	2.1025520779142526	2021-02-01	ne_star	south	2021
2020-09-01	B/Tasmania/501/2020_EPI_ISL_493195	0.0008210000000000001	2.1212809999999993	6.433206000000001	0.07163046345101495	0.0008440481531432673	2.1025520779142526	2021-02-01	ne_star	south	2021
2020-09-01	B/Tennessee/07/2019_EPI_ISL_402629__dup2	1.8e-05	2.1212809999999993	6.433206000000001	0.07163046345101495	1.8505318826527174e-05	2.1025520779142526	2021-02-01	ne_star	south	2021
2020-09-01	B/Texas/11030/2019_EPI_ISL_414316	4.6e-05	3.1211729999999984	7.433212000000002	-0.31416409004314244	4.0268925933145195e-05	3.1024715400623863	2021-02-01	ne_star	south	2021
2020-09-01	B/Texas/12216/2020_EPI_ISL_496600	0.009455	2.7046659999999987	7.433156000000002	0.07163046345101495	0.009720432750267469	2.676960812927397	2021-02-01	ne_star	south	2021
2020-09-01	B/Tianjin-Nankai/121/2020_EPI_ISL_410581	0.000122	2.1212809999999993	6.433206000000001	0.07163046345101495	0.00012542493871312864	2.1025520779142526	2021-02-01	ne_star	south	2021
2020-09-01	B/Tunis/15739/2019_EPI_ISL_418494	2.8000000000000013e-05	3.1212089999999986	7.433212000000002	0.07163046345101495	2.8786051507931172e-05	3.1024945058112365	2021-02-01	ne_star	south	2021
2020-09-01	B/Tunis/31/2019_EPI_ISL_418499__dup2	0.000105	3.1210549999999984	7.433212000000002	0.07163046345101495	0.00010794769315474184	3.102336182527943	2021-02-01	ne_star	south	2021
2020-09-01	B/UTSUNOMIYA/213/2020_EPI_ISL_476009	0.001519	2.1212809999999993	6.433206000000001	0.07163046345101495	0.0015616432943052654	2.1025520779142526	2021-02-01	ne_star	south	2021
2020-09-01	B/Victoria/1/2020_EPI_ISL_410204	0.000337	2.975635999999998	8.433106000000002	0.07163046345101495	0.0003464606913633143	2.9298832940598802	2021-02-01	ne_star	south	2021
2020-09-01	B/Victoria/14/2020_EPI_ISL_419645	0.000614	2.6400519999999976	7.433212000000002	0.07163046345101495	0.0006312369866382046	2.642885959269771	2021-02-01	ne_star	south	2021
2020-09-01	B/Victoria/15/2020_EPI_ISL_419644	0.000614	5.788013999999994	7.618659000000001	-0.31416409004314244	0.0005375026200641553	5.773405987089823	2021-02-01	ne_star	south	2021
2020-09-01	B/Victoria/16/2020_EPI_ISL_451950	0.000546	4.343009	9.433168000000002	0.07163046345101495	0.0005613280044046576	4.3064518265360645	2021-02-01	ne_star	south	2021
2020-09-01	B/Victoria/18/2020_EPI_ISL_451951	0.00023199999999999997	2.6400519999999976	7.433212000000002	0.07163046345101495	0.00023851299820857244	2.642885959269771	2021-02-01	ne_star	south	2021
2020-09-01	B/Victoria/20/2020_EPI_ISL_458016	0.000218	3.6395999999999993	8.433218000000002	0.07163046345101495	0.0002241199724546069	3.6424377193248603	2021-02-01	ne_star	south	2021
2020-09-01	B/Victoria/2110/2019_EPI_ISL_428820	1.2e-05	8.732355	4.516831000000001	-0.31416409004314244	1.050493719995092e-05	8.724020932107145	2021-02-01	ne_star	south	2021
2020-09-01	B/Victoria/2110/2019_EPI_ISL_428820__dup2	1.2e-05	8.732355	4.516831000000001	-0.31416409004314244	1.050493719995092e-05	8.724020932107145	2021-02-01	ne_star	south	2021
2020-09-01	B/Victoria/30/2020_EPI_ISL_476799	0.001288	2.7046659999999987	7.433156000000002	0.07163046345101495	0.0013241583693648334	2.676960812927397	2021-02-01	ne_star	south	2021
2020-09-01	B/Victoria/5/2020_EPI_ISL_430298	0.000651	3.865927999999999	8.433218000000002	0.07163046345101495	0.0006692756975593994	3.843314835262995	2021-02-01	ne_star	south	2021
2020-09-01	B/Virginia/06/2020_EPI_ISL_413400	0.000614	3.6221459999999994	8.433218000000002	0.07163046345101495	0.0006312369866382046	3.624493728502738	2021-02-01	ne_star	south	2021
2020-09-01	B/Virginia/10423/2019_EPI_ISL_405548	1.7e-05	2.1212809999999993	6.433206000000001	0.07163046345101495	1.7477245558386774e-05	2.1025520779142526	2021-02-01	ne_star	south	2021
2020-09-01	B/Virginia/11453/2020_EPI_ISL_415095	0.00024700000000000004	2.1212809999999993	6.433206000000001	0.07163046345101495	0.0002539340972306785	2.1025520779142526	2021-02-01	ne_star	south	2021
2020-09-01	B/WAKAYAMA/33/2020_EPI_ISL_469269	0.004068	2.1212809999999993	6.433206000000001	0.07163046345101495	0.00418220205479514	2.1025520779142526	2021-02-01	ne_star	south	2021
2020-09-01	B/West_Kazakhstan/481/2019_EPI_ISL_416137	1.6e-05	2.6400519999999976	7.433212000000002	0.07163046345101495	1.6449172290246375e-05	2.642885959269771	2021-02-01	ne_star	south	2021
2020-09-01	B/West_Virginia/07/2020_EPI_ISL_415871	0.002209	2.1212809999999993	6.433206000000001	0.07163046345101495	0.0022710138493221405	2.1025520779142526	2021-02-01	ne_star	south	2021
2020-09-01	B/YAMANASHI/20050/2020_EPI_ISL_486380	0.001219	4.369958999999998	9.433224000000003	0.07163046345101495	0.0012532213138631459	4.366882090449353	2021-02-01	ne_star	south	2021
2020-09-01	B/YOKOHAMA/2/2020_EPI_ISL_414410	0.00023199999999999997	2.1212809999999993	6.433206000000001	0.07163046345101495	0.00023851299820857244	2.1025520779142526	2021-02-01	ne_star	south	2021
2020-09-01	B/YOKOHAMA/7/2020_EPI_ISL_437500	0.0008210000000000001	3.6383939999999995	8.433218000000002	0.07163046345101495	0.0008440481531432673	3.641197862963483	2021-02-01	ne_star	south	2021
2020-09-01	B/Yunnan-Chuxiong/199/2020_EPI_ISL_485428	0.001153	3.9733140000000002	9.433112000000003	-0.31416409004314244	0.0010093493826286175	3.9278645952946216	2021-02-01	ne_star	south	2021
2020-09-01	B/Yunnan-Qilin/163/2020_EPI_ISL_485435	0.000337	6.816513000000001	9.689778	0.07163046345101495	0.0003464606913633143	6.801318992054433	2021-02-01	ne_star	south	2021
2020-09-01	B/Yunnan-Wenshan/1436/2020_EPI_ISL_522414	0.068213	3.138215999999997	8.433162000000003	0.07163046345101495	0.070127961839661	3.097575867790596	2021-02-01	ne_star	south	2021
2020-09-01	B/Yunnan-Wenshan/1438/2020_EPI_ISL_522415	0.068213	2.9848389999999982	7.433212000000002	0.07163046345101495	0.070127961839661	2.962296154234931	2021-02-01	ne_star	south	2021
2020-09-01	B/Yunnan-Wenshan/1479/2020_EPI_ISL_522412	0.14269	2.975635999999998	8.433106000000002	0.07163046345101495	0.14669577463095348	2.9298832940598802	2021-02-01	ne_star	south	2021
2020-09-01	B/Zhejiang-Kecheng/114/2020_EPI_ISL_485545	0.000169	3.946514999999999	8.433218000000002	-0.31416409004314244	0.00014794453223264213	3.924636382167848	2021-02-01	ne_star	south	2021
2020-09-01	B/Zhejiang-Kecheng/3135/2019_EPI_ISL_410642	2e-05	3.3249029999999986	7.362049000000001	0.07163046345101495	2.0561465362807973e-05	3.2874546943672787	2021-02-01	ne_star	south	2021
2020-09-01	B/Zhejiang-Yiwu/1168/2020_EPI_ISL_485443	0.004273	7.807950999999995	10.640270999999997	0.07163046345101495	0.004392957074763923	7.792533077904904	2021-02-01	ne_star	south	2021
2021-09-01	B/Abu_Dhabi/2210731356/2021_EPI_ISL_3535256	0.000559	4.917790999999995	4.245786000000002	-0.36894300004337555	0.0004788232447392521	4.9189088018099225	2022-02-01	ne_star	south	2022
2021-09-01	B/Abu_Dhabi/2210731356/2021_EPI_ISL_3535256__dup2	0.000559	4.909564999999994	4.248707000000002	0.03420047911368471	0.0005664042070561562	4.910486263768457	2022-02-01	ne_star	south	2022
2021-09-01	B/Afghanistan/002/2021_EPI_ISL_2521316	1.2e-05	4.021706	4.086718999999998	0.03420047911368471	1.2158945410865607e-05	4.021302071519388	2022-02-01	ne_star	south	2022
2021-09-01	B/Bangladesh/0004/2021_EPI_ISL_3535249	0.010564	3.2230249999999994	3.4444249999999994	0.03420047911368471	0.010703924943365356	3.2211537351127415	2022-02-01	ne_star	south	2022
2021-09-01	B/Bangladesh/0009/2021_EPI_ISL_3535252	0.006235	3.2230249999999994	3.4444249999999994	0.03420047911368471	0.006317585386395588	3.2211537351127415	2022-02-01	ne_star	south	2022
2021-09-01	B/Bangladesh/0009/2021_EPI_ISL_3535252__dup2	0.006235	3.2230249999999994	3.4444249999999994	0.03420047911368471	0.006317585386395588	3.2211537351127415	2022-02-01	ne_star	south	2022
2021-09-01	B/Bangladesh/0015/2021_EPI_ISL_3535255	0.006795000000000001	3.2230249999999994	3.4444249999999994	0.03420047911368471	0.00688500283890265	3.2211537351127415	2022-02-01	ne_star	south	2022
2021-09-01	B/Bangladesh/0019/2021_EPI_ISL_3535245	0.0026739999999999997	3.2230249999999994	3.4444249999999994	0.03420047911368471	0.002709418335721219	3.2211537351127415	2022-02-01	ne_star	south	2022
2021-09-01	B/Bangladesh/0019/2021_EPI_ISL_3535245__dup2	0.0026739999999999997	3.2230249999999994	3.4444249999999994	0.03420047911368471	0.002709418335721219	3.2211537351127415	2022-02-01	ne_star	south	2022
2021-09-01	B/Bangladesh/0020/2021_EPI_ISL_3535230	0.008226	3.0409659999999983	3.093701000000002	0.03420047911368471	0.008334957079148374	3.0408110994311244	2022-02-01	ne_star	south	2022
2021-09-01	B/Bangladesh/1005/2021_EPI_ISL_3535236	0.004749000000000001	4.031462	4.093690999999998	-0.36894300004337555	0.004067856152534362	4.032675387126053	2022-02-01	ne_star	south	2022
2021-09-01	B/Bangladesh/1008/2021_EPI_ISL_3535250	0.002397	3.0409659999999983	3.093701000000002	0.03420047911368471	0.002428749345820405	3.0408110994311244	2022-02-01	ne_star	south	2022
2021-09-01	B/Bangladesh/1031/2021_EPI_ISL_3535259	0.009120999999999999	4.022718	4.093690999999998	-0.36894300004337555	0.007812785000477133	4.025185529430168	2022-02-01	ne_star	south	2022
2021-09-01	B/Bangladesh/2005/2021_EPI_ISL_3535309	0.009589	3.2230249999999994	3.4444249999999994	0.03420047911368471	0.009716010628732525	3.2211537351127415	2022-02-01	ne_star	south	2022
2021-09-01	B/Bangladesh/2010/2021_EPI_ISL_3535241	0.007386	3.0409659999999983	3.093701000000002	0.03420047911368471	0.00748383090038778	3.0408110994311244	2022-02-01	ne_star	south	2022
2021-09-01	B/Bangladesh/2014/2021_EPI_ISL_3535254	0.008226	3.2230249999999994	3.4444249999999994	0.03420047911368471	0.008334957079148374	3.2211537351127415	2022-02-01	ne_star	south	2022
2021-09-01	B/Bangladesh/2025/2021_EPI_ISL_3535238	0.008892	3.2230249999999994	3.4444249999999994	0.03420047911368471	0.009009778549451416	3.2211537351127415	2022-02-01	ne_star	south	2022
2021-09-01	B/Bangladesh/2039/2021_EPI_ISL_3535233	0.001511	3.0409659999999983	3.093701000000002	0.03420047911368471	0.0015310138763181607	3.0408110994311244	2022-02-01	ne_star	south	2022
2021-09-01	B/Bangladesh/2065/2021_EPI_ISL_3535227	0.003304	3.0409659999999983	3.093701000000002	0.03420047911368471	0.0033477629697916634	3.0408110994311244	2022-02-01	ne_star	south	2022
2021-09-01	B/Bangladesh/3004/2021_EPI_ISL_3535248	0.010315000000000001	4.9966739999999925	5.093093	-0.36894300004337555	0.008835530893533785	5.002546221326899	2022-02-01	ne_star	south	2022
2021-09-01	B/Bangladesh/3010/2021_EPI_ISL_3535226	0.001702	3.0409659999999983	3.093701000000002	0.03420047911368471	0.001724543757441105	3.0408110994311244	2022-02-01	ne_star	south	2022
2021-09-01	B/Bangladesh/3015/2021_EPI_ISL_3535253	0.006795000000000001	5.897047999999991	5.241073999999995	-0.36894300004337555	0.005820400622546008	5.902992958309194	2022-02-01	ne_star	south	2022
2021-09-01	B/Bangladesh/3021/2021_EPI_ISL_3535235	0.007386	3.0409659999999983	3.093701000000002	0.03420047911368471	0.00748383090038778	3.0408110994311244	2022-02-01	ne_star	south	2022
2021-09-01	B/Bangladesh/3024/2021_EPI_ISL_3535237	0.008445000000000001	3.0409659999999983	3.093701000000002	0.03420047911368471	0.008556857832896671	3.0408110994311244	2022-02-01	ne_star	south	2022
2021-09-01	B/Bangladesh/3026/2021_EPI_ISL_3535231	0.008445000000000001	3.92915	3.251637999999999	0.03420047911368471	0.008556857832896671	3.93000983768019	2022-02-01	ne_star	south	2022
2021-09-01	B/Bangladesh/3053/2021_EPI_ISL_3535219	0.008892	3.2230249999999994	3.4444249999999994	0.03420047911368471	0.009009778549451416	3.2211537351127415	2022-02-01	ne_star	south	2022
2021-09-01	B/Bangladesh/3055/2021_EPI_ISL_3535221	0.009120999999999999	3.2230249999999994	3.4444249999999994	0.03420047911368471	0.009241811757708765	3.2211537351127415	2022-02-01	ne_star	south	2022
2021-09-01	B/Bangladesh/4010/2021_EPI_ISL_3535239	0.0016359999999999999	4.037688000000002	4.093690999999998	-0.36894300004337555	0.0014013503191295463	4.038008398792861	2022-02-01	ne_star	south	2022
2021-09-01	B/Bangladesh/513002/2021_EPI_ISL_3535229	0.003912	3.2230249999999994	3.4444249999999994	0.03420047911368471	0.003963816203942187	3.2211537351127415	2022-02-01	ne_star	south	2022
2021-09-01	B/Bangladesh/613015/2021_EPI_ISL_3535264__dup2	0.010564	4.165196999999999	4.369326000000001	-0.36894300004337555	0.009048817097362181	4.1658760723424955	2022-02-01	ne_star	south	2022
2021-09-01	B/Bangladesh/8004/2021_EPI_ISL_3535246	0.009826999999999999	4.203364999999996	4.444395	0.03420047911368471	0.009957163046048025	4.201239409020648	2022-02-01	ne_star	south	2022
2021-09-01	B/Bangladesh/8027/2021_EPI_ISL_3535232	0.000221	3.2230249999999994	3.4444249999999994	0.03420047911368471	0.00022392724465010826	3.2211537351127415	2022-02-01	ne_star	south	2022
2021-09-01	B/Bangladesh/8028/2021_EPI_ISL_3535220	0.0008759999999999	3.2230249999999994	3.4444249999999994	0.03420047911368471	0.0008876030149930879	3.2211537351127415	2022-02-01	ne_star	south	2022
2021-09-01	B/Bangladesh/8028/2021_EPI_ISL_3535220__dup2	0.0008759999999999	3.2230249999999994	3.4444249999999994	0.03420047911368471	0.0008876030149930879	3.2211537351127415	2022-02-01	ne_star	south	2022
2021-09-01	B/Bangladesh/9013/2021_EPI_ISL_3535223__dup2	0.010315000000000001	3.2230249999999994	3.4444249999999994	0.03420047911368471	0.010451626826089895	3.2211537351127415	2022-02-01	ne_star	south	2022
2021-09-01	B/Bangladesh/9026/2021_EPI_ISL_3535247	0.008892	3.2230249999999994	3.4444249999999994	0.03420047911368471	0.009009778549451416	3.2211537351127415	2022-02-01	ne_star	south	2022
2021-09-01	B/Beijing-Chaoyang/11296/2021_EPI_ISL_3722781__dup2	0.009353	3.742819	3.987359999999998	0.03420047911368471	0.009476884702318835	3.7413897216765855	2022-02-01	ne_star	south	2022
2021-09-01	B/Chongqing-Qianjiang/1233/2021_EPI_ISL_2695924	0.00038199999999999996	3.742819	3.987359999999998	0.03420047911368471	0.0003870597622458884	3.7413897216765855	2022-02-01	ne_star	south	2022
2021-09-01	B/Ekaterinburg/RII-01/2021_EPI_ISL_2625880	0.00048600000000000005	5.844254999999993	5.189167999999994	0.03420047911368471	0.0004924372891400571	5.844189906595007	2022-02-01	ne_star	south	2022
2021-09-01	B/Ekaterinburg/RII-01/2021_EPI_ISL_2625880__dup2	0.00048600000000000005	5.844254999999993	5.189167999999994	0.03420047911368471	0.0004924372891400571	5.844189906595007	2022-02-01	ne_star	south	2022
2021-09-01	B/Ekaterinburg/RII-01V/2021_EPI_ISL_2671833	0.00048600000000000005	5.844254999999993	5.189167999999994	0.03420047911368471	0.0004924372891400571	5.844189906595007	2022-02-01	ne_star	south	2022
2021-09-01	B/Ekaterinburg/RII-02/2021_EPI_ISL_2625879	0.000641	5.844254999999993	5.189167999999994	0.03420047911368471	0.0006494903340304044	5.844189906595007	2022-02-01	ne_star	south	2022
2021-09-01	B/Ekaterinburg/RII-02/2021_EPI_ISL_2625879__dup2	0.000641	5.844254999999993	5.189167999999994	0.03420047911368471	0.0006494903340304044	5.844189906595007	2022-02-01	ne_star	south	2022
2021-09-01	B/Ekaterinburg/RII-02V/2021_EPI_ISL_2672070	0.000641	5.844254999999993	5.189167999999994	0.03420047911368471	0.0006494903340304044	5.844189906595007	2022-02-01	ne_star	south	2022
2021-09-01	B/Florida/01/2021_EPI_ISL_1732533	0.00011100000000000001	9.411809999999997	9.052929999999984	0.03420047911368471	0.00011247024505050688	9.394505821298022	2022-02-01	ne_star	south	2022
2021-09-01	B/Florida/01/2021_EPI_ISL_1732533__dup2	0.00011100000000000001	9.411809999999997	9.052929999999984	0.03420047911368471	0.00011247024505050688	9.394505821298022	2022-02-01	ne_star	south	2022
2021-09-01	B/Fujian-Cangshan/1613/2021_EPI_ISL_3722686	0.014328	6.520569000000005	8.712730999999994	0.03420047911368471	0.014517780820573534	6.504276878441691	2022-02-01	ne_star	south	2022
2021-09-01	B/Fujian-Jianou/324/2021_EPI_ISL_2695956__dup2	0.001987	6.520569000000005	8.712730999999994	0.03420047911368471	0.0020133187109491633	6.504276878441691	2022-02-01	ne_star	south	2022
2021-09-01	B/Fujian-Jiaocheng/1395/2021_EPI_ISL_2695943	0.000285	5.777457999999996	7.7911409999999925	0.03420047911368471	0.00028877495350805815	5.763215950232486	2022-02-01	ne_star	south	2022
2021-09-01	B/Fujian-Meilie/1124/2021_EPI_ISL_2696167	6.7e-05	4.795963999999999	6.801695000000002	0.03420047911368471	6.78874452106663e-05	4.778592028358388	2022-02-01	ne_star	south	2022
2021-09-01	B/Fujian-Meilie/1145/2021_EPI_ISL_2696166	9.4e-05	4.795963999999999	6.801695000000002	0.03420047911368471	9.524507238511391e-05	4.778592028358388	2022-02-01	ne_star	south	2022
2021-09-01	B/Fujian-Meilie/1540/2021_EPI_ISL_3722705	0.008011	5.779935999999996	7.801684999999992	0.03420047911368471	0.008117109307203699	5.762357809743982	2022-02-01	ne_star	south	2022
2021-09-01	B/Fujian-Sanyuan/2205/2021_EPI_ISL_2696165	0.000105	4.795963999999999	6.801695000000002	0.03420047911368471	0.00010639077234507406	4.778592028358388	2022-02-01	ne_star	south	2022
2021-09-01	B/Fujian-Sanyuan/2218/2021_EPI_ISL_2696164	0.000145	4.795963999999999	6.801695000000002	0.03420047911368471	0.00014692059038129275	4.778592028358388	2022-02-01	ne_star	south	2022
2021-09-01	B/Fujian-Siming/1339/2021_EPI_ISL_2696006	0.00145	4.795963999999999	6.801695000000002	0.03420047911368471	0.0014692059038129274	4.778592028358388	2022-02-01	ne_star	south	2022
2021-09-01	B/Fujian-Yanping/11232/2021_EPI_ISL_3722777	0.008011	6.520569000000005	8.712730999999994	0.03420047911368471	0.008117109307203699	6.504276878441691	2022-02-01	ne_star	south	2022
2021-09-01	B/Fujian-Zhangpu/318/2021_EPI_ISL_2695968	0.002579	4.795963999999999	6.801695000000002	0.03420047911368471	0.0026131600178852	4.778592028358388	2022-02-01	ne_star	south	2022
2021-09-01	B/Fujian-Zhangpu/318/2021_EPI_ISL_2695968__dup2	0.002579	4.795963999999999	6.801695000000002	0.03420047911368471	0.0026131600178852	4.778592028358388	2022-02-01	ne_star	south	2022
2021-09-01	B/Fujian-Zhangpu/34/2021_EPI_ISL_2696045__dup2	0.000802	4.795963999999999	6.801695000000002	0.03420047911368471	0.0008126228516261847	4.778592028358388	2022-02-01	ne_star	south	2022
2021-09-01	B/Fujian-Zhangpu/34/2021_EPI_ISL_2696045__dup5	0.000802	4.795963999999999	6.801695000000002	0.03420047911368471	0.0008126228516261847	4.778592028358388	2022-02-01	ne_star	south	2022
2021-09-01	B/Gansu-Baiyin/1269/2021_EPI_ISL_2844845__dup2	0.001511	6.648114999999996	6.987329999999994	0.03420047911368471	0.0015310138763181607	6.645449562912148	2022-02-01	ne_star	south	2022
2021-09-01	B/Gansu-Baiyin/1269/2021_EPI_ISL_2844845__dup3	0.001511	6.648114999999996	6.987329999999994	0.03420047911368471	0.0015310138763181607	6.645449562912148	2022-02-01	ne_star	south	2022
2021-09-01	B/Gansu-Baiyin/1281/2021_EPI_ISL_2844841	0.001987	6.648114999999996	6.987329999999994	0.03420047911368471	0.0020133187109491633	6.645449562912148	2022-02-01	ne_star	south	2022
2021-09-01	B/Gansu-Baiyin/1281/2021_EPI_ISL_2844841__dup7	0.001987	6.648114999999996	6.987329999999994	0.03420047911368471	0.0020133187109491633	6.645449562912148	2022-02-01	ne_star	south	2022
2021-09-01	B/Gansu-Baiyin/1293/2021_EPI_ISL_2844842	0.002064	7.507295999999993	7.3307720000000005	0.03420047911368471	0.0020913386106688843	7.50415376903437	2022-02-01	ne_star	south	2022
2021-09-01	B/Gansu-Baiyin/1293/2021_EPI_ISL_2844842__dup2	0.002064	7.507295999999993	7.3307720000000005	0.03420047911368471	0.0020913386106688843	7.50415376903437	2022-02-01	ne_star	south	2022
2021-09-01	B/Gansu-Jingyuan/1261/2021_EPI_ISL_3722737	0.001181	3.742819	3.987359999999998	0.03420047911368471	0.0011966428775193566	3.7413897216765855	2022-02-01	ne_star	south	2022
2021-09-01	B/Gansu-Jingyuan/1281/2021_EPI_ISL_2696011	0.001511	4.732290999999996	4.98318	0.03420047911368471	0.0015310138763181607	4.730728353042162	2022-02-01	ne_star	south	2022
2021-09-01	B/Gansu-Jingyuan/1287/2021_EPI_ISL_2696019	0.001912	3.742819	3.987359999999998	0.03420047911368471	0.0019373253021312533	3.7413897216765855	2022-02-01	ne_star	south	2022
2021-09-01	B/Gansu-Jingyuan/320/2021_EPI_ISL_2695972	0.002873	3.742819	3.987359999999998	0.03420047911368471	0.002911054180451407	3.7413897216765855	2022-02-01	ne_star	south	2022
2021-09-01	B/Gansu-Linxia/1521/2021_EPI_ISL_2695967	0.002487	3.742819	3.987359999999998	0.03420047911368471	0.0025199414364018968	3.7413897216765855	2022-02-01	ne_star	south	2022
2021-09-01	B/Gansu-Maoji/1153/2021_EPI_ISL_2695947	0.00023199999999999997	4.656460999999997	4.828218000000002	0.03420047911368471	0.00023507294461006835	4.653985604995446	2022-02-01	ne_star	south	2022
2021-09-01	B/Gansu-Maoji/1368/2021_EPI_ISL_3722757__dup2	0.005213000000000001	4.732386999999995	4.986226000000001	0.03420047911368471	0.005282048535570201	4.730825624605449	2022-02-01	ne_star	south	2022
2021-09-01	B/Gansu-Maoji/1403/2021_EPI_ISL_3722758__dup2	0.0078	3.742819	3.987359999999998	0.03420047911368471	0.007903314517062643	3.7413897216765855	2022-02-01	ne_star	south	2022
2021-09-01	B/Gansu-Minxian/330/2021_EPI_ISL_3722729	0.000585	7.646938999999996	7.987320000000001	0.03420047911368471	0.0005927485887796983	7.644264065734591	2022-02-01	ne_star	south	2022
2021-09-01	B/Gansu-Qinzhou/1398/2021_EPI_ISL_3722783	0.008011	4.656460999999997	4.828218000000002	0.03420047911368471	0.008117109307203699	4.653985604995446	2022-02-01	ne_star	south	2022
2021-09-01	B/Gansu-Qinzhou/1398/2021_EPI_ISL_3722783__dup2	0.008011	4.656460999999997	4.828218000000002	0.03420047911368471	0.008117109307203699	4.653985604995446	2022-02-01	ne_star	south	2022
2021-09-01	B/Gansu-Wudou/1183/2021_EPI_ISL_2696095	0.00021	3.742819	3.987359999999998	0.03420047911368471	0.00021278154469014812	3.7413897216765855	2022-02-01	ne_star	south	2022
2021-09-01	B/Gansu-Wudou/1183/2021_EPI_ISL_2696095__dup2	0.00021	3.742819	3.987359999999998	0.03420047911368471	0.00021278154469014812	3.7413897216765855	2022-02-01	ne_star	south	2022
2021-09-01	B/Gansu-Wudou/1184/2021_EPI_ISL_2696094	0.00021	3.742819	3.987359999999998	0.03420047911368471	0.00021278154469014812	3.7413897216765855	2022-02-01	ne_star	south	2022
2021-09-01	B/Gansu-Wudou/1184/2021_EPI_ISL_2696094__dup2	0.00021	3.742819	3.987359999999998	0.03420047911368471	0.00021278154469014812	3.7413897216765855	2022-02-01	ne_star	south	2022
2021-09-01	B/Guangdong-Dongwanbendi/545/2021_EPI_ISL_2696117	6.7e-05	6.787824000000001	8.763665999999994	0.03420047911368471	6.78874452106663e-05	6.770356369333428	2022-02-01	ne_star	south	2022
2021-09-01	B/Guangdong-Dongwanbendi/545/2021_EPI_ISL_2696117__dup2	6.7e-05	6.787824000000001	8.763665999999994	0.03420047911368471	6.78874452106663e-05	6.770356369333428	2022-02-01	ne_star	south	2022
2021-09-01	B/Guangdong-Yuncheng/1502/2021_EPI_ISL_2696060	0.001086	4.795963999999999	6.801695000000002	0.03420047911368471	0.0011003845596833373	4.778592028358388	2022-02-01	ne_star	south	2022
2021-09-01	B/Guangxi-Xixiangtang/1259/2021_EPI_ISL_2695997	0.0011330000000000001	4.795963999999999	6.801695000000002	0.03420047911368471	0.0011480070958758944	4.778592028358388	2022-02-01	ne_star	south	2022
2021-09-01	B/Guizhou-Bijiang/1379/2021_EPI_ISL_3722747__dup2	0.005055	5.7759949999999955	7.793710999999993	0.03420047911368471	0.005121955754327136	5.7584583006839765	2022-02-01	ne_star	south	2022
2021-09-01	B/Guizhou-Douyun/117/2021_EPI_ISL_979895	1.2e-05	4.795963999999999	6.801695000000002	0.03420047911368471	1.2158945410865607e-05	4.778592028358388	2022-02-01	ne_star	south	2022
2021-09-01	B/Guizhou-Douyun/120/2021_EPI_ISL_979915__dup2	1.3000000000000001e-05	4.795963999999999	6.801695000000002	0.03420047911368471	1.3172190861771075e-05	4.778592028358388	2022-02-01	ne_star	south	2022
2021-09-01	B/Guizhou-Douyun/141/2021_EPI_ISL_2696221	1.9e-05	4.795963999999999	6.801695000000002	0.03420047911368471	1.9251663567203876e-05	4.778592028358388	2022-02-01	ne_star	south	2022
2021-09-01	B/Guizhou-Douyun/142/2021_EPI_ISL_2696220	1.9e-05	4.795963999999999	6.801695000000002	0.03420047911368471	1.9251663567203876e-05	4.778592028358388	2022-02-01	ne_star	south	2022
2021-09-01	B/Guizhou-Douyun/143/2021_EPI_ISL_2696239	1.9e-05	4.795963999999999	6.801695000000002	0.03420047911368471	1.9251663567203876e-05	4.778592028358388	2022-02-01	ne_star	south	2022
2021-09-01	B/Guizhou-Huichuan/1158/2021_EPI_ISL_2695948	0.00021	4.795963999999999	6.801695000000002	0.03420047911368471	0.00021278154469014812	4.778592028358388	2022-02-01	ne_star	south	2022
2021-09-01	B/Guizhou-Huichuan/1158/2021_EPI_ISL_2695948__dup2	0.00021	4.795963999999999	6.801695000000002	0.03420047911368471	0.00021278154469014812	4.778592028358388	2022-02-01	ne_star	south	2022
2021-09-01	B/Guizhou-Huichuan/1251/2021_EPI_ISL_2696053__dup2	0.001086	4.795963999999999	6.801695000000002	0.03420047911368471	0.0011003845596833373	4.778592028358388	2022-02-01	ne_star	south	2022
2021-09-01	B/Hainan-Meilan/31/2021_EPI_ISL_2696040	0.000641	4.737684999999995	4.987050000000001	0.03420047911368471	0.0006494903340304044	4.7361937990043455	2022-02-01	ne_star	south	2022
2021-09-01	B/Hainan-Meilan/316/2021_EPI_ISL_2696036	0.000641	4.737684999999995	4.987050000000001	0.03420047911368471	0.0006494903340304044	4.7361937990043455	2022-02-01	ne_star	south	2022
2021-09-01	B/Hainan-Meilan/32/2021_EPI_ISL_2696069__dup2	0.000641	4.737684999999995	4.987050000000001	0.03420047911368471	0.0006494903340304044	4.7361937990043455	2022-02-01	ne_star	south	2022
2021-09-01	B/Hainan-Meilan/32/2021_EPI_ISL_2696069__dup3	0.000641	4.737684999999995	4.987050000000001	0.03420047911368471	0.0006494903340304044	4.7361937990043455	2022-02-01	ne_star	south	2022
2021-09-01	B/Hainan-Xiuying/13/2021_EPI_ISL_979906	1.2e-05	5.795933999999996	7.801684999999992	0.03420047911368471	1.2158945410865607e-05	5.778567710467567	2022-02-01	ne_star	south	2022
2021-09-01	B/Heilongjiang-Aimin/150/2021_EPI_ISL_2696138	3.1e-05	4.795963999999999	6.801695000000002	0.03420047911368471	3.141060897806948e-05	4.778592028358388	2022-02-01	ne_star	south	2022
2021-09-01	B/Henan-Beiguan/1165/2021_EPI_ISL_2695946	0.00023199999999999997	4.795963999999999	6.801695000000002	0.03420047911368471	0.00023507294461006835	4.778592028358388	2022-02-01	ne_star	south	2022
2021-09-01	B/Henan-Dengfeng/311/2021_EPI_ISL_2695984	0.002064	4.795963999999999	6.801695000000002	0.03420047911368471	0.0020913386106688843	4.778592028358388	2022-02-01	ne_star	south	2022
2021-09-01	B/Henan-Jiefang/1312/2021_EPI_ISL_2696022	0.002144	7.660688000000002	9.612454999999988	-0.7720864792004358	0.001552519105173975	7.648614581124753	2022-02-01	ne_star	south	2022
2021-09-01	B/Henan-Jinshui/1269/2021_EPI_ISL_2695982	0.001912	4.795963999999999	6.801695000000002	0.03420047911368471	0.0019373253021312533	4.778592028358388	2022-02-01	ne_star	south	2022
2021-09-01	B/Henan-Jinshui/1318/2021_EPI_ISL_3722693	0.010815	4.795963999999999	6.801695000000002	0.03420047911368471	0.010958249551542627	4.778592028358388	2022-02-01	ne_star	south	2022
2021-09-01	B/Henan-Luolong/1122/2021_EPI_ISL_2696145	0.000161	4.795963999999999	6.801695000000002	0.03420047911368471	0.00016313251759578022	4.778592028358388	2022-02-01	ne_star	south	2022
2021-09-01	B/Henan-Luolong/1122/2021_EPI_ISL_2696145__dup2	0.000161	4.795963999999999	6.801695000000002	0.03420047911368471	0.00016313251759578022	4.778592028358388	2022-02-01	ne_star	south	2022
2021-09-01	B/Henan-Luolong/187/2021_EPI_ISL_2696153	7.099999999999999e-05	5.089435	6.836811000000003	0.03420047911368471	7.194042701428817e-05	5.073392869912647	2022-02-01	ne_star	south	2022
2021-09-01	B/Henan-Zhongyuan/1112/2021_EPI_ISL_2696183	9.4e-05	4.476732999999998	6.185566999999998	0.03420047911368471	9.524507238511391e-05	4.463463126339424	2022-02-01	ne_star	south	2022
2021-09-01	B/Hubei-Chongyang/215/2021_EPI_ISL_3722753__dup2	0.003192	4.795963999999999	6.801695000000002	0.03420047911368471	0.003234279479290251	4.778592028358388	2022-02-01	ne_star	south	2022
2021-09-01	B/Hubei-Echeng/1322/2021_EPI_ISL_2696139	0.00016999999999999999	4.795963999999999	6.801695000000002	0.03420047911368471	0.0001722517266539294	4.778592028358388	2022-02-01	ne_star	south	2022
2021-09-01	B/Hubei-Echeng/1322/2021_EPI_ISL_2696139__dup2	0.00016999999999999999	4.795963999999999	6.801695000000002	0.03420047911368471	0.0001722517266539294	4.778592028358388	2022-02-01	ne_star	south	2022
2021-09-01	B/Hubei-Jiangan/1224/2021_EPI_ISL_2695951	0.00021	4.795963999999999	6.801695000000002	0.03420047911368471	0.00021278154469014812	4.778592028358388	2022-02-01	ne_star	south	2022
2021-09-01	B/Hubei-Jiangan/1224/2021_EPI_ISL_2695951__dup2	0.00021	4.795963999999999	6.801695000000002	0.03420047911368471	0.00021278154469014812	4.778592028358388	2022-02-01	ne_star	south	2022
2021-09-01	B/Hubei-Jiangan/1403/2021_EPI_ISL_2696024	0.002487	4.795963999999999	6.801695000000002	0.03420047911368471	0.0025199414364018968	4.778592028358388	2022-02-01	ne_star	south	2022
2021-09-01	B/Hubei-Jingzhou/311/2021_EPI_ISL_3722769	0.009353	3.742819	3.987359999999998	0.03420047911368471	0.009476884702318835	3.7413897216765855	2022-02-01	ne_star	south	2022
2021-09-01	B/Hubei-Qiaokou/1334/2021_EPI_ISL_3722745__dup2	0.005055	4.795963999999999	6.801695000000002	0.03420047911368471	0.005121955754327136	4.778592028358388	2022-02-01	ne_star	south	2022
2021-09-01	B/Hubei-Qiaokou/1334/2021_EPI_ISL_3722745__dup3	0.005055	4.795963999999999	6.801695000000002	0.03420047911368471	0.005121955754327136	4.778592028358388	2022-02-01	ne_star	south	2022
2021-09-01	B/Hubei-Qiaokou/1334/2021_EPI_ISL_3722745__dup4	0.005055	4.795963999999999	6.801695000000002	0.03420047911368471	0.005121955754327136	4.778592028358388	2022-02-01	ne_star	south	2022
2021-09-01	B/Hubei-Qiaokou/1425/2021_EPI_ISL_3722716	0.012655	3.742819	3.987359999999998	0.03420047911368471	0.012822621181208688	3.7413897216765855	2022-02-01	ne_star	south	2022
2021-09-01	B/Hubei-Qiaokou/223/2021_EPI_ISL_2696226	2.6000000000000002e-05	5.777457999999996	7.7911409999999925	0.03420047911368471	2.634438172354215e-05	5.763215950232486	2022-02-01	ne_star	south	2022
2021-09-01	B/Hubei-Shishou/268/2021_EPI_ISL_3722754	0.004177	3.742819	3.987359999999998	0.03420047911368471	0.004232326248432137	3.7413897216765855	2022-02-01	ne_star	south	2022
2021-09-01	B/Hubei-Wujiagang/1375/2021_EPI_ISL_2696001	0.001231	6.201338000000004	8.09660299999999	0.03420047911368471	0.0012473051500646302	6.189147976422729	2022-02-01	ne_star	south	2022
2021-09-01	B/Hubei-Wujiagang/1375/2021_EPI_ISL_2696001__dup2	0.001231	7.195996999999999	9.076429999999997	-0.36894300004337555	0.0010544390237460096	7.184128044194784	2022-02-01	ne_star	south	2022
2021-09-01	B/Hubei-Wujiagang/1411/2021_EPI_ISL_2695964	0.002144	7.192755999999999	9.096592999999993	0.03420047911368471	0.0021723982467413217	7.180458383435761	2022-02-01	ne_star	south	2022
2021-09-01	B/Hubei-Wujiagang/1411/2021_EPI_ISL_2695964__dup2	0.002144	8.178147000000008	10.096435999999995	0.03420047911368471	0.0021723982467413217	8.167278056048744	2022-02-01	ne_star	south	2022
2021-09-01	B/Hubei-Xianan/1164/2021_EPI_ISL_2696142	0.00018899999999999999	4.795963999999999	6.801695000000002	0.03420047911368471	0.00019150339022113328	4.778592028358388	2022-02-01	ne_star	south	2022
2021-09-01	B/Hubei-Xianan/1164/2021_EPI_ISL_2696142__dup2	0.00018899999999999999	4.795963999999999	6.801695000000002	0.03420047911368471	0.00019150339022113328	4.778592028358388	2022-02-01	ne_star	south	2022
2021-09-01	B/Hubei-Xianan/1174/2021_EPI_ISL_2696150	0.00021	4.795963999999999	6.801695000000002	0.03420047911368471	0.00021278154469014812	4.778592028358388	2022-02-01	ne_star	south	2022
2021-09-01	B/Hubei-Xianan/1387/2021_EPI_ISL_2696063	0.001086	5.793785999999996	7.801684999999992	0.03420047911368471	0.0011003845596833373	5.7763912592390225	2022-02-01	ne_star	south	2022
2021-09-01	B/Hubei-Xianan/180/2021_EPI_ISL_2696188	4.4e-05	5.756828999999996	7.796012999999991	0.03420047911368471	4.458279983984055e-05	5.738944747109909	2022-02-01	ne_star	south	2022
2021-09-01	B/Hubei-Xianan/31/2021_EPI_ISL_2695898	0.000585	4.795963999999999	6.801695000000002	0.03420047911368471	0.0005927485887796983	4.778592028358388	2022-02-01	ne_star	south	2022
2021-09-01	B/Hubei-Xianan/545/2021_EPI_ISL_2696141	7.5e-05	5.795507999999995	7.799624999999994	0.03420047911368471	7.599340881791003e-05	5.778136067905482	2022-02-01	ne_star	south	2022
2021-09-01	B/Hubei-Xianan/545/2021_EPI_ISL_2696141__dup2	7.5e-05	6.795352000000001	8.799614999999994	0.03420047911368471	7.599340881791003e-05	6.777984081087845	2022-02-01	ne_star	south	2022
2021-09-01	B/Hubei-Yuanan/2101/2021_EPI_ISL_3722789	0.010815	4.795963999999999	6.801695000000002	0.03420047911368471	0.010958249551542627	4.778592028358388	2022-02-01	ne_star	south	2022
2021-09-01	B/Hubei-Yuanan/2101/2021_EPI_ISL_3722789__dup2	0.010815	4.795963999999999	6.801695000000002	0.03420047911368471	0.010958249551542627	4.778592028358388	2022-02-01	ne_star	south	2022
2021-09-01	B/Hubei-Yuanan/232/2021_EPI_ISL_2695977	0.003304	5.789349999999996	7.801684999999992	0.03420047911368471	0.0033477629697916634	5.771896502418806	2022-02-01	ne_star	south	2022
2021-09-01	B/Hunan-Beihu/1596/2021_EPI_ISL_2696012	0.0017699999999999999	4.7392729999999945	4.987350000000001	-0.36894300004337555	0.0015161308464910128	4.7383574599836065	2022-02-01	ne_star	south	2022
2021-09-01	B/Hunan-Daxiang/1465/2021_EPI_ISL_2696013	0.001912	4.795963999999999	6.801695000000002	0.03420047911368471	0.0019373253021312533	4.778592028358388	2022-02-01	ne_star	south	2022
2021-09-01	B/Hunan-Jingzhoumiaozudongzuzizhi/35/2021_EPI_ISL_2695991	0.0027719999999999997	5.382785999999997	7.466684000000001	0.03420047911368471	0.0028087163899099547	5.364503155700863	2022-02-01	ne_star	south	2022
2021-09-01	B/Hunan-Jishou/1433/2021_EPI_ISL_2695904__dup2	0.000585	10.409631999999997	10.047104000000001	-0.36894300004337555	0.0005010940933317755	10.39267167016044	2022-02-01	ne_star	south	2022
2021-09-01	B/Hunan-Jishou/1678/2021_EPI_ISL_2695985	0.002397	5.497816999999998	7.695353999999988	-0.36894300004337555	0.0020532009260107106	5.479170650603851	2022-02-01	ne_star	south	2022
2021-09-01	B/Hunan-Kaifu/1146/2021_EPI_ISL_2695950	0.00021	4.795963999999999	6.801695000000002	0.03420047911368471	0.00021278154469014812	4.778592028358388	2022-02-01	ne_star	south	2022
2021-09-01	B/Hunan-Louxin/1171/2021_EPI_ISL_2695937	0.000314	3.742819	3.987359999999998	0.03420047911368471	0.0003181590715843167	3.7413897216765855	2022-02-01	ne_star	south	2022
2021-09-01	B/Hunan-Lusong/1232/2021_EPI_ISL_2695889	0.000585	4.795963999999999	6.801695000000002	0.03420047911368471	0.0005927485887796983	4.778592028358388	2022-02-01	ne_star	south	2022
2021-09-01	B/Hunan-Tianyuan/1130/2021_EPI_ISL_2696135	6.7e-05	4.795963999999999	6.801695000000002	0.03420047911368471	6.78874452106663e-05	4.778592028358388	2022-02-01	ne_star	south	2022
2021-09-01	B/Hunan-Tianyuan/338/2021_EPI_ISL_2696027	0.0006129999999999	4.795963999999999	6.801695000000002	0.03420047911368471	0.00062111946140495	4.778592028358388	2022-02-01	ne_star	south	2022
2021-09-01	B/Hunan-Tianyuan/348/2021_EPI_ISL_2696081	0.000915	5.794127999999996	7.801684999999992	0.03420047911368471	0.0009271195875785026	5.776737789183232	2022-02-01	ne_star	south	2022
2021-09-01	B/Hunan-Tianyuan/386/2021_EPI_ISL_2696020	0.002144	4.795963999999999	6.801695000000002	0.03420047911368471	0.0021723982467413217	4.778592028358388	2022-02-01	ne_star	south	2022
2021-09-01	B/Hunan-Tongdaodongzuzizhi/35/2021_EPI_ISL_2696174	3.1e-05	5.382785999999997	7.466684000000001	0.03420047911368471	3.141060897806948e-05	5.364503155700863	2022-02-01	ne_star	south	2022
2021-09-01	B/Hunan-Wuling/11182/2021_EPI_ISL_2695887	0.001283	13.374431999999997	13.32518199999999	0.03420047911368471	0.0012999939135117143	13.35647374173401	2022-02-01	ne_star	south	2022
2021-09-01	B/Hunan-Yanfeng/1205/2021_EPI_ISL_2696042	0.000641	3.742819	3.987359999999998	0.03420047911368471	0.0006494903340304044	3.7413897216765855	2022-02-01	ne_star	south	2022
2021-09-01	B/Hunan-Yanfeng/1309/2021_EPI_ISL_2695989__dup2	0.002579	5.788179999999996	7.6854449999999925	0.03420047911368471	0.0026131600178852	5.770711005241248	2022-02-01	ne_star	south	2022
2021-09-01	B/Hunan-Yuhua/1170/2021_EPI_ISL_2696178	7.099999999999999e-05	5.792915999999996	7.801684999999992	0.03420047911368471	7.194042701428817e-05	5.775509735696735	2022-02-01	ne_star	south	2022
2021-09-01	B/Hunan-Yuhua/1494/2021_EPI_ISL_2696086	0.001231	5.793495999999996	7.801621999999993	-0.36894300004337555	0.0010544390237460096	5.776483150310898	2022-02-01	ne_star	south	2022
2021-09-01	B/Hunan-Yuhua/1523/2021_EPI_ISL_2696004	0.00145	5.783713999999996	7.798763999999993	-0.36894300004337555	0.001242028094583033	5.766727787638279	2022-02-01	ne_star	south	2022
2021-09-01	B/Hunan-Zhengxiang/322/2021_EPI_ISL_2695986	0.002487	4.795963999999999	6.801695000000002	0.03420047911368471	0.0025199414364018968	4.778592028358388	2022-02-01	ne_star	south	2022
2021-09-01	B/Hunan-Zhengxiang/322/2021_EPI_ISL_2695986__dup2	0.002487	4.795963999999999	6.801695000000002	0.03420047911368471	0.0025199414364018968	4.778592028358388	2022-02-01	ne_star	south	2022
2021-09-01	B/Jiangsu-Danyang/1230/2021_EPI_ISL_2696078	0.0008380000000000001	4.795963999999999	6.801695000000002	0.03420047911368471	0.0008490996878587816	4.778592028358388	2022-02-01	ne_star	south	2022
2021-09-01	B/Jiangsu-Jurong/1286/2021_EPI_ISL_2695959	0.001987	3.742819	3.987359999999998	0.03420047911368471	0.0020133187109491633	3.7413897216765855	2022-02-01	ne_star	south	2022
2021-09-01	B/Jiangxi-Anyuan/1122/2021_EPI_ISL_2696098	9.9e-05	4.795963999999999	6.801695000000002	0.03420047911368471	0.00010031129963964123	4.778592028358388	2022-02-01	ne_star	south	2022
2021-09-01	B/Jiangxi-Anyuan/1165/2021_EPI_ISL_2695926	0.00033	4.795963999999999	6.801695000000002	0.03420047911368471	0.00033437099879880415	4.778592028358388	2022-02-01	ne_star	south	2022
2021-09-01	B/Jiangxi-Anyuan/1215/2021_EPI_ISL_2695888	0.000641	4.795963999999999	6.801695000000002	0.03420047911368471	0.0006494903340304044	4.778592028358388	2022-02-01	ne_star	south	2022
2021-09-01	B/Jiangxi-Donghu/1164/2021_EPI_ISL_2696214	5.3e-05	4.795963999999999	6.801695000000002	0.03420047911368471	5.370200889798976e-05	4.778592028358388	2022-02-01	ne_star	south	2022
2021-09-01	B/Jiangxi-Donghu/1172/2021_EPI_ISL_2696212	5.3e-05	4.795963999999999	6.801695000000002	0.03420047911368471	5.370200889798976e-05	4.778592028358388	2022-02-01	ne_star	south	2022
2021-09-01	B/Jiangxi-Donghu/1199/2021_EPI_ISL_2696115	7.5e-05	5.795507999999995	7.799624999999994	0.03420047911368471	7.599340881791003e-05	5.778136067905482	2022-02-01	ne_star	south	2022
2021-09-01	B/Jiangxi-Donghu/12/2021_EPI_ISL_979919	1.3000000000000001e-05	4.795963999999999	6.801695000000002	0.03420047911368471	1.3172190861771075e-05	4.778592028358388	2022-02-01	ne_star	south	2022
2021-09-01	B/Jiangxi-Donghu/1201/2021_EPI_ISL_2696114	7.900000000000001e-05	4.795963999999999	6.801695000000002	0.03420047911368471	8.004639062153192e-05	4.778592028358388	2022-02-01	ne_star	south	2022
2021-09-01	B/Jiangxi-Donghu/1293/2021_EPI_ISL_2696113	0.000161	4.795963999999999	6.801695000000002	0.03420047911368471	0.00016313251759578022	4.778592028358388	2022-02-01	ne_star	south	2022
2021-09-01	B/Jiangxi-Donghu/1468/2021_EPI_ISL_2696030	0.0006129999999999	4.795963999999999	6.801695000000002	0.03420047911368471	0.00062111946140495	4.778592028358388	2022-02-01	ne_star	south	2022
2021-09-01	B/Jiangxi-Donghu/152/2021_EPI_ISL_979945	2e-05	4.795963999999999	6.801695000000002	0.03420047911368471	2.0264909018109345e-05	4.778592028358388	2022-02-01	ne_star	south	2022
2021-09-01	B/Jiangxi-Donghu/1751/2021_EPI_ISL_2695970	0.0026739999999999997	8.509861	10.70902099999999	-0.36894300004337555	0.002290471120631055	8.495114993959168	2022-02-01	ne_star	south	2022
2021-09-01	B/Jiangxi-Donghu/37/2021_EPI_ISL_979957	2.1e-05	5.136314	6.993473000000002	-0.36894300004337555	1.798799309396117e-05	5.121000595359264	2022-02-01	ne_star	south	2022
2021-09-01	B/Jiangxi-Guixi/1212/2021_EPI_ISL_2696105	0.000299	4.795963999999999	6.801695000000002	0.03420047911368471	0.0003029603898207347	4.778592028358388	2022-02-01	ne_star	south	2022
2021-09-01	B/Jiangxi-Guixi/18/2021_EPI_ISL_979899	1.2e-05	4.795963999999999	6.801695000000002	0.03420047911368471	1.2158945410865607e-05	4.778592028358388	2022-02-01	ne_star	south	2022
2021-09-01	B/Jiangxi-Jizhou/115/2021_EPI_ISL_979928	1.4000000000000001e-05	3.742819	3.987359999999998	0.03420047911368471	1.418543631267654e-05	3.7413897216765855	2022-02-01	ne_star	south	2022
2021-09-01	B/Jiangxi-Jizhou/135/2021_EPI_ISL_979931	1.4000000000000001e-05	3.742819	3.987359999999998	0.03420047911368471	1.418543631267654e-05	3.7413897216765855	2022-02-01	ne_star	south	2022
2021-09-01	B/Jiangxi-Jizhou/167/2021_EPI_ISL_2696206	2.8999999999999997e-05	4.742696999999995	4.987208000000001	0.03420047911368471	2.9384118076258544e-05	4.741272185204283	2022-02-01	ne_star	south	2022
2021-09-01	B/Jiangxi-Jizhou/170/2021_EPI_ISL_2696205	2.8999999999999997e-05	4.742696999999995	4.987208000000001	0.03420047911368471	2.9384118076258544e-05	4.741272185204283	2022-02-01	ne_star	south	2022
2021-09-01	B/Jiangxi-Linchuan/1164/2021_EPI_ISL_2696108	0.00018899999999999999	4.795963999999999	6.801695000000002	0.03420047911368471	0.00019150339022113328	4.778592028358388	2022-02-01	ne_star	south	2022
2021-09-01	B/Jiangxi-Linchuan/1197/2021_EPI_ISL_2696112	0.000285	5.7953879999999955	7.797692999999992	0.03420047911368471	0.00028877495350805815	5.778014478451373	2022-02-01	ne_star	south	2022
2021-09-01	B/Jiangxi-Xihu/1218/2021_EPI_ISL_2696099	0.00033	5.768935999999996	7.787078999999991	0.03420047911368471	0.00033437099879880415	5.751212109784022	2022-02-01	ne_star	south	2022
2021-09-01	B/Jiangxi-Xihu/1218/2021_EPI_ISL_2696099__dup2	0.00033	5.768935999999996	7.787078999999991	0.03420047911368471	0.00033437099879880415	5.751212109784022	2022-02-01	ne_star	south	2022
2021-09-01	B/Jiangxi-Xinzhou/1157/2021_EPI_ISL_2696102	0.000199	4.795963999999999	6.801695000000002	0.03420047911368471	0.00020163584473018798	4.778592028358388	2022-02-01	ne_star	south	2022
2021-09-01	B/Jiangxi-Xinzhou/1186/2021_EPI_ISL_2696091	0.000299	4.795963999999999	6.801695000000002	0.03420047911368471	0.0003029603898207347	4.778592028358388	2022-02-01	ne_star	south	2022
2021-09-01	B/Jiangxi-Xinzhou/1288/2021_EPI_ISL_2696077	0.0008380000000000001	4.795963999999999	6.801695000000002	0.03420047911368471	0.0008490996878587816	4.778592028358388	2022-02-01	ne_star	south	2022
2021-09-01	B/Jiangxi-Yuehu/1206/2021_EPI_ISL_2696103	0.000221	5.476285000000005	7.185557000000004	0.03420047911368471	0.00022392724465010826	5.463015271850121	2022-02-01	ne_star	south	2022
2021-09-01	B/Jiangxi-Yushui/1116/2021_EPI_ISL_2696134	6.7e-05	4.795963999999999	6.801695000000002	0.03420047911368471	6.78874452106663e-05	4.778592028358388	2022-02-01	ne_star	south	2022
2021-09-01	B/Jiangxi-Yushui/1121/2021_EPI_ISL_2696133	6.7e-05	4.795963999999999	6.801695000000002	0.03420047911368471	6.78874452106663e-05	4.778592028358388	2022-02-01	ne_star	south	2022
2021-09-01	B/Jiangxi-Yushui/1122/2021_EPI_ISL_2696132	6.7e-05	4.795963999999999	6.801695000000002	0.03420047911368471	6.78874452106663e-05	4.778592028358388	2022-02-01	ne_star	south	2022
2021-09-01	B/Jiangxi-Yushui/1128/2021_EPI_ISL_2696131	6.7e-05	4.795963999999999	6.801695000000002	0.03420047911368471	6.78874452106663e-05	4.778592028358388	2022-02-01	ne_star	south	2022
2021-09-01	B/Jiangxi-Yushui/1132/2021_EPI_ISL_2696130	7.099999999999999e-05	4.795963999999999	6.801695000000002	0.03420047911368471	7.194042701428817e-05	4.778592028358388	2022-02-01	ne_star	south	2022
2021-09-01	B/Jiangxi-Yushui/350/2021_EPI_ISL_2696263	2.3e-05	4.795963999999999	6.801695000000002	0.03420047911368471	2.3304645370825746e-05	4.778592028358388	2022-02-01	ne_star	south	2022
2021-09-01	B/Jiangxi-Zhanggong/322/2021_EPI_ISL_2696198	3.5e-05	3.742819	3.987359999999998	0.03420047911368471	3.546359078169135e-05	3.7413897216765855	2022-02-01	ne_star	south	2022
2021-09-01	B/Jiangxi-Zhanggong/330/2021_EPI_ISL_2696209	3.5e-05	3.742819	3.987359999999998	0.03420047911368471	3.546359078169135e-05	3.7413897216765855	2022-02-01	ne_star	south	2022
2021-09-01	B/Jiangxi-Zhanggong/539/2021_EPI_ISL_2695978	0.001181	3.742819	3.987359999999998	0.03420047911368471	0.0011966428775193566	3.7413897216765855	2022-02-01	ne_star	south	2022
2021-09-01	B/Jiangxi-Zhushan/1104/2021_EPI_ISL_2696111	8.9e-05	4.795963999999999	6.801695000000002	0.03420047911368471	9.017884513058657e-05	4.778592028358388	2022-02-01	ne_star	south	2022
2021-09-01	B/Jiangxi-Zhushan/1161/2021_EPI_ISL_2696107	0.00025699999999999996	6.520569000000005	8.712730999999994	0.03420047911368471	0.000260404080882705	6.504276878441691	2022-02-01	ne_star	south	2022
2021-09-01	B/Jiangxi-Zhushan/1161/2021_EPI_ISL_2696107__dup2	0.00025699999999999996	6.520569000000005	8.712730999999994	0.03420047911368471	0.000260404080882705	6.504276878441691	2022-02-01	ne_star	south	2022
2021-09-01	B/Jiangxi-Zhushan/1345/2021_EPI_ISL_2695980	0.00145	5.792915999999996	7.801684999999992	0.03420047911368471	0.0014692059038129274	5.775509735696735	2022-02-01	ne_star	south	2022
2021-09-01	B/Jiangxi-Zhushan/1414/2021_EPI_ISL_2695976	0.003192	4.795963999999999	6.801695000000002	0.03420047911368471	0.003234279479290251	4.778592028358388	2022-02-01	ne_star	south	2022
2021-09-01	B/Kenya/124/2021_EPI_ISL_2918722	5.3e-05	13.334993999999996	13.129119999999988	0.03420047911368471	5.370200889798976e-05	13.317753125924336	2022-02-01	ne_star	south	2022
2021-09-01	B/Kenya/125/2021_EPI_ISL_2918723	0.000153	8.412259999999993	8.052965999999994	0.03420047911368471	0.0001550265539885365	8.394955702278219	2022-02-01	ne_star	south	2022
2021-09-01	B/Kenya/126/2021_EPI_ISL_2918726	0.00016999999999999999	8.412259999999993	8.052965999999994	0.03420047911368471	0.0001722517266539294	8.394955702278219	2022-02-01	ne_star	south	2022
2021-09-01	B/Kenya/127/2021_EPI_ISL_2918720	0.000221	8.412259999999993	8.052965999999994	0.03420047911368471	0.00022392724465010826	8.394955702278219	2022-02-01	ne_star	south	2022
2021-09-01	B/Kenya/128/2021_EPI_ISL_2918721	0.00023199999999999997	13.334993999999996	13.129119999999988	0.03420047911368471	0.00023507294461006835	13.317753125924336	2022-02-01	ne_star	south	2022
2021-09-01	B/Kenya/129/2021_EPI_ISL_2918729	0.000364	8.412259999999993	8.052965999999994	0.03420047911368471	0.0003688213441295901	8.394955702278219	2022-02-01	ne_star	south	2022
2021-09-01	B/Kenya/130/2021_EPI_ISL_2918727	0.000421	8.412259999999993	8.052965999999994	0.03420047911368471	0.0004265763348312017	8.394955702278219	2022-02-01	ne_star	south	2022
2021-09-01	B/Kenya/131/2021_EPI_ISL_2918725	0.000463	13.334993999999996	13.129119999999988	0.03420047911368471	0.00046913264376923126	13.317753125924336	2022-02-01	ne_star	south	2022
2021-09-01	B/Kenya/132/2021_EPI_ISL_2918724	0.000641	13.334993999999996	13.129119999999988	0.03420047911368471	0.0006494903340304044	13.317753125924336	2022-02-01	ne_star	south	2022
2021-09-01	B/Kenya/133/2021_EPI_ISL_2918728	0.001511	12.354253999999976	12.136101999999983	0.03420047911368471	0.0015310138763181607	12.337262153836054	2022-02-01	ne_star	south	2022
2021-09-01	B/Kenya/134/2021_EPI_ISL_3085820__dup2	0.006605	4.014540000000001	4.093690999999998	0.03420047911368471	0.006692486203230611	4.014041154618201	2022-02-01	ne_star	south	2022
2021-09-01	B/Kenya/135/2021_EPI_ISL_3085823	0.006605	4.014540000000001	4.093690999999998	0.03420047911368471	0.006692486203230611	4.014041154618201	2022-02-01	ne_star	south	2022
2021-09-01	B/Kenya/136/2021_EPI_ISL_3085821	0.006795000000000001	3.92915	3.251637999999999	0.03420047911368471	0.00688500283890265	3.93000983768019	2022-02-01	ne_star	south	2022
2021-09-01	B/Kenya/137/2021_EPI_ISL_3085822	0.008226	14.315408999999978	14.126189000000004	0.03420047911368471	0.008334957079148374	14.298229552012591	2022-02-01	ne_star	south	2022
2021-09-01	B/Liaoning-Huanggu/1776/2021_EPI_ISL_3722778	0.005055	3.742819	3.987359999999998	0.03420047911368471	0.005121955754327136	3.7413897216765855	2022-02-01	ne_star	south	2022
2021-09-01	B/Neimenggu-Donghe/1330/2021_EPI_ISL_2695886	0.00145	4.795963999999999	6.801695000000002	0.03420047911368471	0.0014692059038129274	4.778592028358388	2022-02-01	ne_star	south	2022
2021-09-01	B/Neimenggu-Dongsheng/1276/2021_EPI_ISL_2696005	0.00145	5.793057999999996	7.801684999999992	-0.36894300004337555	0.001242028094583033	5.776107972169223	2022-02-01	ne_star	south	2022
2021-09-01	B/Niger/8692/2021_EPI_ISL_1392903	1.3000000000000001e-05	5.844254999999993	5.189167999999994	0.03420047911368471	1.3172190861771075e-05	5.844189906595007	2022-02-01	ne_star	south	2022
2021-09-01	B/Ningxia-Shapotou/1200/2021_EPI_ISL_2695912__dup2	0.000463	4.795963999999999	6.801695000000002	0.03420047911368471	0.00046913264376923126	4.778592028358388	2022-02-01	ne_star	south	2022
2021-09-01	B/Ningxia-Zhongning/1321/2021_EPI_ISL_3722795	0.003192	3.742819	3.987359999999998	0.03420047911368471	0.003234279479290251	3.7413897216765855	2022-02-01	ne_star	south	2022
2021-09-01	B/Ningxia-Zhongning/1321/2021_EPI_ISL_3722795__dup2	0.003192	3.742819	3.987359999999998	0.03420047911368471	0.003234279479290251	3.7413897216765855	2022-02-01	ne_star	south	2022
2021-09-01	B/Ningxia-Zhongning/1328/2021_EPI_ISL_3722796	0.004177	3.742819	3.987359999999998	0.03420047911368471	0.004232326248432137	3.7413897216765855	2022-02-01	ne_star	south	2022
2021-09-01	B/Ningxia-Zhongning/1332/2021_EPI_ISL_3722797	0.005055	4.795963999999999	6.801695000000002	0.03420047911368471	0.005121955754327136	4.778592028358388	2022-02-01	ne_star	south	2022
2021-09-01	B/Ningxia-Zhongning/1332/2021_EPI_ISL_3722797__dup2	0.005055	4.795963999999999	6.801695000000002	0.03420047911368471	0.005121955754327136	4.778592028358388	2022-02-01	ne_star	south	2022
2021-09-01	B/Ningxia-Zhongning/1350/2021_EPI_ISL_3722780	0.009589	5.7310379999999945	7.747208999999993	0.03420047911368471	0.009716010628732525	5.71290582494762	2022-02-01	ne_star	south	2022
2021-09-01	B/Ningxia-Zhongning/1350/2021_EPI_ISL_3722780__dup2	0.009589	5.7310379999999945	7.747208999999993	0.03420047911368471	0.009716010628732525	5.71290582494762	2022-02-01	ne_star	south	2022
2021-09-01	B/Ningxia-Zhongning/1353/2021_EPI_ISL_3722794__dup2	0.009589	5.7310379999999945	7.747208999999993	0.03420047911368471	0.009716010628732525	5.71290582494762	2022-02-01	ne_star	south	2022
2021-09-01	B/Norway/435/2021_EPI_ISL_983355	1.7e-05	3.0409659999999983	3.093701000000002	0.03420047911368471	1.722517266539294e-05	3.0408110994311244	2022-02-01	ne_star	south	2022
2021-09-01	B/Qinghai-Chengdong/1374/2021_EPI_ISL_2696085	0.001231	5.788179999999996	7.6854449999999925	0.03420047911368471	0.0012473051500646302	5.770711005241248	2022-02-01	ne_star	south	2022
2021-09-01	B/Qinghai-Chengdong/1404/2021_EPI_ISL_2844833	0.001572	6.648114999999996	6.987329999999994	0.03420047911368471	0.0015928218488233945	6.645449562912148	2022-02-01	ne_star	south	2022
2021-09-01	B/Qinghai-Gonghe/1259/2021_EPI_ISL_2695966	0.002397	4.738018999999995	4.985572000000001	-0.36894300004337555	0.0020532009260107106	4.737283319824567	2022-02-01	ne_star	south	2022
2021-09-01	B/Qinghai-Yushu/1100/2021_EPI_ISL_2695954	0.000768	4.795963999999999	6.801695000000002	0.03420047911368471	0.0007781725062953989	4.778592028358388	2022-02-01	ne_star	south	2022
2021-09-01	B/Qinghai-Yushu/1158/2021_EPI_ISL_2696087	0.001283	4.795963999999999	6.801695000000002	0.03420047911368471	0.0012999939135117143	4.778592028358388	2022-02-01	ne_star	south	2022
2021-09-01	B/Qinghai-Yushu/1161/2021_EPI_ISL_2696003	0.001393	4.795963999999999	6.801695000000002	0.03420047911368471	0.0014114509131113156	4.778592028358388	2022-02-01	ne_star	south	2022
2021-09-01	B/Qinghai-Yushu/194/2021_EPI_ISL_2695993	0.000734	4.795963999999999	6.801695000000002	0.03420047911368471	0.0007437221609646129	4.778592028358388	2022-02-01	ne_star	south	2022
2021-09-01	B/Rostov/340V/2021_EPI_ISL_2107807	0.000299	6.843650999999998	6.184359999999998	-0.36894300004337555	0.00025611475881401856	6.843677677077377	2022-02-01	ne_star	south	2022
2021-09-01	B/Salalah/7211353/2021_EPI_ISL_1519543	2.7000000000000002e-05	3.0409659999999983	3.093701000000002	0.03420047911368471	2.7357627174447616e-05	3.0408110994311244	2022-02-01	ne_star	south	2022
2021-09-01	B/Salalah/7211353/2021_EPI_ISL_1519543__dup2	2.7000000000000002e-05	3.0409659999999983	3.093701000000002	0.03420047911368471	2.7357627174447616e-05	3.0408110994311244	2022-02-01	ne_star	south	2022
2021-09-01	B/Saudi_Arabia/1194203376/2021_EPI_ISL_2448013	1.1e-05	3.92915	3.251637999999999	0.03420047911368471	1.1145699959960138e-05	3.93000983768019	2022-02-01	ne_star	south	2022
2021-09-01	B/Shaanxi-Zhenan/388/2021_EPI_ISL_2696075	0.0007019999999999	5.721339999999996	7.776742999999992	0.03420047911368471	0.0007112983065355366	5.705449064268677	2022-02-01	ne_star	south	2022
2021-09-01	B/Shandong-Dingtao/321/2021_EPI_ISL_3722748__dup2	0.005539	4.795963999999999	6.801695000000002	0.03420047911368471	0.005612366552565383	4.778592028358388	2022-02-01	ne_star	south	2022
2021-09-01	B/Shandong-Kuiwen/361/2021_EPI_ISL_3722774	0.0078	5.753817999999995	7.647960999999992	0.03420047911368471	0.007903314517062643	5.737133623340368	2022-02-01	ne_star	south	2022
2021-09-01	B/Shandong-Linshu/312/2021_EPI_ISL_3722740	0.002579	4.795963999999999	6.801695000000002	0.03420047911368471	0.0026131600178852	4.778592028358388	2022-02-01	ne_star	south	2022
2021-09-01	B/Shandong-Linshu/312/2021_EPI_ISL_3722740__dup2	0.002579	4.795963999999999	6.801695000000002	0.03420047911368471	0.0026131600178852	4.778592028358388	2022-02-01	ne_star	south	2022
2021-09-01	B/Shandong-Linshu/312/2021_EPI_ISL_3722740__dup3	0.002579	4.795963999999999	6.801695000000002	0.03420047911368471	0.0026131600178852	4.778592028358388	2022-02-01	ne_star	south	2022
2021-09-01	B/Shandong-Linshu/312/2021_EPI_ISL_3722740__dup4	0.002579	4.795963999999999	6.801695000000002	0.03420047911368471	0.0026131600178852	4.778592028358388	2022-02-01	ne_star	south	2022
2021-09-01	B/Shandong-Ningjin/31/2021_EPI_ISL_2696160	6.7e-05	5.7948539999999955	7.801684999999992	0.03420047911368471	6.78874452106663e-05	5.777473405380589	2022-02-01	ne_star	south	2022
2021-09-01	B/Shandong-Ningjin/31/2021_EPI_ISL_2696160__dup2	6.7e-05	5.7948539999999955	7.801684999999992	0.03420047911368471	6.78874452106663e-05	5.777473405380589	2022-02-01	ne_star	south	2022
2021-09-01	B/Shandong-Ningjin/310/2021_EPI_ISL_2696154	7.5e-05	5.7948539999999955	7.801684999999992	0.03420047911368471	7.599340881791003e-05	5.777473405380589	2022-02-01	ne_star	south	2022
2021-09-01	B/Shandong-Ningjin/310/2021_EPI_ISL_2696154__dup2	7.5e-05	5.7948539999999955	7.801684999999992	0.03420047911368471	7.599340881791003e-05	5.777473405380589	2022-02-01	ne_star	south	2022
2021-09-01	B/Shandong-Ningjin/32/2021_EPI_ISL_2696158	6.7e-05	5.7948539999999955	7.801684999999992	0.03420047911368471	6.78874452106663e-05	5.777473405380589	2022-02-01	ne_star	south	2022
2021-09-01	B/Shandong-Ningjin/32/2021_EPI_ISL_2696158__dup2	6.7e-05	5.7948539999999955	7.801684999999992	0.03420047911368471	6.78874452106663e-05	5.777473405380589	2022-02-01	ne_star	south	2022
2021-09-01	B/Shandong-Ningjin/33/2021_EPI_ISL_2696156	6.7e-05	5.7948539999999955	7.801684999999992	0.03420047911368471	6.78874452106663e-05	5.777473405380589	2022-02-01	ne_star	south	2022
2021-09-01	B/Shandong-Ningjin/33/2021_EPI_ISL_2696156__dup2	6.7e-05	5.7948539999999955	7.801684999999992	0.03420047911368471	6.78874452106663e-05	5.777473405380589	2022-02-01	ne_star	south	2022
2021-09-01	B/Shandong-Tianqiao/179/2021_EPI_ISL_2696097	7.900000000000001e-05	5.788179999999996	7.6854449999999925	0.03420047911368471	8.004639062153192e-05	5.770711005241248	2022-02-01	ne_star	south	2022
2021-09-01	B/Shandong-Wulian/326/2021_EPI_ISL_3722752	0.002226	4.703683999999995	4.981678000000001	0.03420047911368471	0.00225548437371557	4.7017424404281085	2022-02-01	ne_star	south	2022
2021-09-01	B/Shandong-Wulian/326/2021_EPI_ISL_3722752__dup2	0.002226	4.703683999999995	4.981678000000001	0.03420047911368471	0.00225548437371557	4.7017424404281085	2022-02-01	ne_star	south	2022
2021-09-01	B/Shanghai-Changning/1249/2021_EPI_ISL_2695918	0.000442	5.768935999999996	7.787078999999991	0.03420047911368471	0.0004478544893002165	5.751212109784022	2022-02-01	ne_star	south	2022
2021-09-01	B/Shanghai-Fengxian/1174/2021_EPI_ISL_2844835	0.000271	4.795963999999999	6.801695000000002	0.03420047911368471	0.0002745895171953816	4.778592028358388	2022-02-01	ne_star	south	2022
2021-09-01	B/Shanghai-Huangpu/1210/2021_EPI_ISL_2695953	0.000199	6.520569000000005	8.712730999999994	0.03420047911368471	0.00020163584473018798	6.504276878441691	2022-02-01	ne_star	south	2022
2021-09-01	B/Sichuan-Fucheng/1868/2021_EPI_ISL_3722763__dup3	0.006418000000000001	4.795963999999999	6.801695000000002	0.03420047911368471	0.006503009303911289	4.778592028358388	2022-02-01	ne_star	south	2022
2021-09-01	B/Sichuan-Gaoxin/1591/2021_EPI_ISL_3722765__dup2	0.007592	5.7806399999999964	7.765094999999993	0.03420047911368471	0.007692559463274307	5.763071134541419	2022-02-01	ne_star	south	2022
2021-09-01	B/Sichuan-Gaoxin/1701/2021_EPI_ISL_3722683__dup2	0.01695	4.795963999999999	6.801695000000002	0.03420047911368471	0.017174510392847668	4.778592028358388	2022-02-01	ne_star	south	2022
2021-09-01	B/Sichuan-Qingyang/11361/2021_EPI_ISL_3722690	0.011327	4.795963999999999	6.801695000000002	0.03420047911368471	0.011477031222406228	4.778592028358388	2022-02-01	ne_star	south	2022
2021-09-01	B/Sichuan-Qingyang/11361/2021_EPI_ISL_3722690__dup2	0.011327	4.795963999999999	6.801695000000002	0.03420047911368471	0.011477031222406228	4.778592028358388	2022-02-01	ne_star	south	2022
2021-09-01	B/Sichuan-Qingyang/1885/2021_EPI_ISL_2696017	0.001912	4.795963999999999	6.801695000000002	0.03420047911368471	0.0019373253021312533	4.778592028358388	2022-02-01	ne_star	south	2022
2021-09-01	B/Sichuan-Qingyang/1885/2021_EPI_ISL_2696017__dup2	0.001912	4.795963999999999	6.801695000000002	0.03420047911368471	0.0019373253021312533	4.778592028358388	2022-02-01	ne_star	south	2022
2021-09-01	B/Singapore/WUH0784/2021_EPI_ISL_3535258	0.009589	4.166867999999997	4.43311	0.03420047911368471	0.009716010628732525	4.164258989798951	2022-02-01	ne_star	south	2022
2021-09-01	B/Singapore/WUH0784/2021_EPI_ISL_3535258__dup2	0.009589	3.2230249999999994	3.4444249999999994	0.03420047911368471	0.009716010628732525	3.2211537351127415	2022-02-01	ne_star	south	2022
2021-09-01	B/Singapore/WUH0784/2021_EPI_ISL_3535258__dup3	0.009589	3.2230249999999994	3.4444249999999994	0.03420047911368471	0.009716010628732525	3.2211537351127415	2022-02-01	ne_star	south	2022
2021-09-01	B/Singapore/WUH0784/2021_EPI_ISL_3535258__dup4	0.009589	4.166867999999997	4.43311	0.03420047911368471	0.009716010628732525	4.164258989798951	2022-02-01	ne_star	south	2022
2021-09-01	B/Singapore/WUH1312/2021_EPI_ISL_3102165	0.010069	4.1307329999999975	4.444281	0.03420047911368471	0.01020236844516715	4.130800473514808	2022-02-01	ne_star	south	2022
2021-09-01	B/Singapore/WUH1312/2021_EPI_ISL_3102165__dup3	0.010069	5.110588999999993	5.444163999999995	-0.36894300004337555	0.008624814403004525	5.113550844708798	2022-02-01	ne_star	south	2022
2021-09-01	B/Singapore/WUH1818/2021_EPI_ISL_3102168__dup3	0.010815	4.1307329999999975	4.444281	0.03420047911368471	0.010958249551542627	4.130800473514808	2022-02-01	ne_star	south	2022
2021-09-01	B/Singapore/WUH1964/2021_EPI_ISL_3102169	0.01107	3.2230249999999994	3.4444249999999994	0.03420047911368471	0.011216627141523522	3.2211537351127415	2022-02-01	ne_star	south	2022
2021-09-01	B/Singapore/WUH2004/2021_EPI_ISL_3102170	0.01107	3.2230249999999994	3.4444249999999994	0.03420047911368471	0.011216627141523522	3.2211537351127415	2022-02-01	ne_star	south	2022
2021-09-01	B/Singapore/WUH4618/2021_EPI_ISL_3102162	0.013762	3.2230249999999994	3.4444249999999994	0.03420047911368471	0.01394428389536104	3.2211537351127415	2022-02-01	ne_star	south	2022
2021-09-01	B/Singapore/WUH4618/2021_EPI_ISL_3102162__dup2	0.013762	3.2230249999999994	3.4444249999999994	0.03420047911368471	0.01394428389536104	3.2211537351127415	2022-02-01	ne_star	south	2022
2021-09-01	B/Singapore/WUH4855/2021_EPI_ISL_3102172	0.014328	3.2230249999999994	3.4444249999999994	0.03420047911368471	0.014517780820573534	3.2211537351127415	2022-02-01	ne_star	south	2022
2021-09-01	B/Singapore/WUH5122/2021_EPI_ISL_3102177__dup2	0.014613999999999999	3.2230249999999994	3.4444249999999994	0.03420047911368471	0.014807569019532495	3.2211537351127415	2022-02-01	ne_star	south	2022
2021-09-01	B/Singapore/WUH5127/2021_EPI_ISL_3102187	0.014613999999999999	3.2230249999999994	3.4444249999999994	0.03420047911368471	0.014807569019532495	3.2211537351127415	2022-02-01	ne_star	south	2022
2021-09-01	B/Singapore/WUH5128/2021_EPI_ISL_3102198	0.014613999999999999	3.2230249999999994	3.4444249999999994	0.03420047911368471	0.014807569019532495	3.2211537351127415	2022-02-01	ne_star	south	2022
2021-09-01	B/Singapore/WUH5489/2021_EPI_ISL_3102206	0.01519	4.1307329999999975	4.444281	0.03420047911368471	0.015391198399254047	4.130800473514808	2022-02-01	ne_star	south	2022
2021-09-01	B/Singapore/WUH5812/2021_EPI_ISL_3102207	0.015772	3.2230249999999994	3.4444249999999994	0.03420047911368471	0.01598090725168103	3.2211537351127415	2022-02-01	ne_star	south	2022
2021-09-01	B/South_Africa/4860/2021_EPI_ISL_3333582	1e-05	3.2230249999999994	3.4444249999999994	0.03420047911368471	1.0132454509054673e-05	3.2211537351127415	2022-02-01	ne_star	south	2022
2021-09-01	B/South_Africa/4861/2021_EPI_ISL_3333583	1e-05	3.2230249999999994	3.4444249999999994	0.03420047911368471	1.0132454509054673e-05	3.2211537351127415	2022-02-01	ne_star	south	2022
2021-09-01	B/South_Africa/5021/2021_EPI_ISL_3279410	0.001987	3.2230249999999994	3.4444249999999994	0.03420047911368471	0.0020133187109491633	3.2211537351127415	2022-02-01	ne_star	south	2022
2021-09-01	B/South_Africa/5366/2021_EPI_ISL_3333574	0.0026739999999999997	3.2230249999999994	3.4444249999999994	0.03420047911368471	0.002709418335721219	3.2211537351127415	2022-02-01	ne_star	south	2022
2021-09-01	B/South_Africa/5582/2021_EPI_ISL_3333575	0.002873	5.176906999999994	5.4189849999999975	0.03420047911368471	0.002911054180451407	5.174629906479614	2022-02-01	ne_star	south	2022
2021-09-01	B/South_Africa/5582/2021_EPI_ISL_3333575__dup2	0.002873	3.2230249999999994	3.4444249999999994	0.03420047911368471	0.002911054180451407	3.2211537351127415	2022-02-01	ne_star	south	2022
2021-09-01	B/South_Africa/5582/2021_EPI_ISL_3333575__dup3	0.002873	3.2230249999999994	3.4444249999999994	0.03420047911368471	0.002911054180451407	3.2211537351127415	2022-02-01	ne_star	south	2022
2021-09-01	B/South_Africa/5833/2021_EPI_ISL_3333576	0.004043	3.2230249999999994	3.4444249999999994	0.03420047911368471	0.004096551358010804	3.2211537351127415	2022-02-01	ne_star	south	2022
2021-09-01	B/South_Africa/6149/2021_EPI_ISL_3333577	0.005213000000000001	5.124505999999994	5.426353999999995	0.03420047911368471	0.005282048535570201	5.121341965480399	2022-02-01	ne_star	south	2022
2021-09-01	B/South_Africa/6149/2021_EPI_ISL_3333577__dup2	0.005213000000000001	4.1806629999999965	4.4376690000000005	0.03420047911368471	0.005282048535570201	4.178236710794192	2022-02-01	ne_star	south	2022
2021-09-01	B/South_Africa/6149/2021_EPI_ISL_3333577__dup3	0.005213000000000001	4.1806629999999965	4.4376690000000005	0.03420047911368471	0.005282048535570201	4.178236710794192	2022-02-01	ne_star	south	2022
2021-09-01	B/South_Africa/6293/2021_EPI_ISL_3333578	0.005539	4.1806629999999965	4.4376690000000005	0.03420047911368471	0.005612366552565383	4.178236710794192	2022-02-01	ne_star	south	2022
2021-09-01	B/South_Africa/6305/2021_EPI_ISL_3446787	0.005539	3.2230249999999994	3.4444249999999994	0.03420047911368471	0.005612366552565383	3.2211537351127415	2022-02-01	ne_star	south	2022
2021-09-01	B/South_Africa/6305/2021_EPI_ISL_3446787__dup2	0.005539	3.2230249999999994	3.4444249999999994	0.03420047911368471	0.005612366552565383	3.2211537351127415	2022-02-01	ne_star	south	2022
2021-09-01	B/South_Africa/6995/2021_EPI_ISL_3279409	0.008445000000000001	4.206128999999996	4.444383	0.03420047911368471	0.008556857832896671	4.20404001944695	2022-02-01	ne_star	south	2022
2021-09-01	B/South_Africa/8045/2021_EPI_ISL_3333579	0.007592	3.2230249999999994	3.4444249999999994	0.03420047911368471	0.007692559463274307	3.2211537351127415	2022-02-01	ne_star	south	2022
2021-09-01	B/South_Africa/8067/2021_EPI_ISL_3333580	0.008445000000000001	4.206128999999996	4.444415	-0.36894300004337555	0.0072337429370715285	4.206686249238601	2022-02-01	ne_star	south	2022
2021-09-01	B/Stockholm/1/2021_EPI_ISL_1055766	5.9e-05	3.0409659999999983	3.093701000000002	0.03420047911368471	5.978148160342256e-05	3.0408110994311244	2022-02-01	ne_star	south	2022
2021-09-01	B/Stockholm/2/2021_EPI_ISL_1760814	0.000299	3.0409659999999983	3.093701000000002	0.03420047911368471	0.0003029603898207347	3.0408110994311244	2022-02-01	ne_star	south	2022
2021-09-01	B/Stockholm/2/2021_EPI_ISL_1760814__dup2	0.000299	3.0409659999999983	3.093701000000002	0.03420047911368471	0.0003029603898207347	3.0408110994311244	2022-02-01	ne_star	south	2022
2021-09-01	B/Stockholm/3/2021_EPI_ISL_1760815	0.000364	3.0409659999999983	3.093701000000002	0.03420047911368471	0.0003688213441295901	3.0408110994311244	2022-02-01	ne_star	south	2022
2021-09-01	B/Stockholm/3/2021_EPI_ISL_1760815__dup2	0.000364	3.0409659999999983	3.093701000000002	0.03420047911368471	0.0003688213441295901	3.0408110994311244	2022-02-01	ne_star	south	2022
2021-09-01	B/Stockholm/4/2021_EPI_ISL_1760816	0.000585	3.0409659999999983	3.093701000000002	0.03420047911368471	0.0005927485887796983	3.0408110994311244	2022-02-01	ne_star	south	2022
2021-09-01	B/Stockholm/4/2021_EPI_ISL_1760816__dup2	0.000585	3.0409659999999983	3.093701000000002	0.03420047911368471	0.0005927485887796983	3.0408110994311244	2022-02-01	ne_star	south	2022
2021-09-01	B/Sundsvall/1/2021_EPI_ISL_1519547	3.1e-05	3.92915	3.251637999999999	0.03420047911368471	3.141060897806948e-05	3.93000983768019	2022-02-01	ne_star	south	2022
2021-09-01	B/Sundsvall/1/2021_EPI_ISL_1519547__dup2	3.1e-05	3.92915	3.251637999999999	0.03420047911368471	3.141060897806948e-05	3.93000983768019	2022-02-01	ne_star	south	2022
2021-09-01	B/Texas/01/2021_EPI_ISL_2625870	0.006056000000000001	9.328301999999995	8.902813999999996	0.03420047911368471	0.00613621445068351	9.311546828029812	2022-02-01	ne_star	south	2022
2021-09-01	B/Texas/01/2021_EPI_ISL_2625870__dup2	0.006056000000000001	9.328301999999995	8.902813999999996	0.03420047911368471	0.00613621445068351	9.311546828029812	2022-02-01	ne_star	south	2022
2021-09-01	B/Texas/02/2021_EPI_ISL_2625872	0.006056000000000001	9.328301999999995	8.902813999999996	0.03420047911368471	0.00613621445068351	9.311546828029812	2022-02-01	ne_star	south	2022
2021-09-01	B/Texas/02/2021_EPI_ISL_2625872__dup2	0.006056000000000001	9.328301999999995	8.902813999999996	0.03420047911368471	0.00613621445068351	9.311546828029812	2022-02-01	ne_star	south	2022
2021-09-01	B/Texas/03/2021_EPI_ISL_2625868	0.006235	9.328301999999995	8.902813999999996	0.03420047911368471	0.006317585386395588	9.311546828029812	2022-02-01	ne_star	south	2022
2021-09-01	B/Texas/03/2021_EPI_ISL_2625868__dup2	0.006235	9.328301999999995	8.902813999999996	0.03420047911368471	0.006317585386395588	9.311546828029812	2022-02-01	ne_star	south	2022
2021-09-01	B/Tyumen/343V/2021_EPI_ISL_2107820	0.0008759999999999	5.027134999999992	5.093534	-0.36894300004337555	0.0007503562833480088	5.028974143404198	2022-02-01	ne_star	south	2022
2021-09-01	B/Yunnan-Mengzi/1670/2021_EPI_ISL_3722750	0.006605	3.742819	3.987359999999998	0.03420047911368471	0.006692486203230611	3.7413897216765855	2022-02-01	ne_star	south	2022
2021-09-01	B/Zabaykalsky_Krai/349V/2021_EPI_ISL_3663611	0.0057079999999999995	3.0409659999999983	3.093701000000002	0.03420047911368471	0.005783605033768405	3.0408110994311244	2022-02-01	ne_star	south	2022
2021-09-01	B/Zhejiang-Haishu/1785/2021_EPI_ISL_2695988	0.002487	3.742819	3.987359999999998	0.03420047911368471	0.0025199414364018968	3.7413897216765855	2022-02-01	ne_star	south	2022
2021-09-01	B/Zhejiang-Kecheng/1113/2021_EPI_ISL_2696170	6.7e-05	9.46659199999999	9.203850999999986	0.03420047911368471	6.78874452106663e-05	9.450105088084968	2022-02-01	ne_star	south	2022
2021-09-01	B/Zhejiang-Kecheng/1128/2021_EPI_ISL_2696169	7.099999999999999e-05	9.46659199999999	9.203850999999986	0.03420047911368471	7.194042701428817e-05	9.450105088084968	2022-02-01	ne_star	south	2022
2021-09-01	B/Zhejiang-Kecheng/1343/2021_EPI_ISL_2695983	0.001912	5.792133999999996	7.801684999999992	-0.36894300004337555	0.001637763942650179	5.775316500473089	2022-02-01	ne_star	south	2022
2021-09-01	B/Zhejiang-Nanhu/1126/2021_EPI_ISL_2696144	0.000105	4.795963999999999	6.801695000000002	0.03420047911368471	0.00010639077234507406	4.778592028358388	2022-02-01	ne_star	south	2022
2021-09-01	B/Zhejiang-Nanhu/1182/2021_EPI_ISL_2695945	0.000245	4.795963999999999	6.801695000000002	0.03420047911368471	0.0002482451354718395	4.778592028358388	2022-02-01	ne_star	south	2022
2021-09-01	B/Zhejiang-Nanhu/1184/2021_EPI_ISL_2695939	0.000299	4.795963999999999	6.801695000000002	0.03420047911368471	0.0003029603898207347	4.778592028358388	2022-02-01	ne_star	south	2022
2021-09-01	B/Zhejiang-Yiwu/1101/2021_EPI_ISL_2696126	6.7e-05	12.390343999999976	12.335810999999982	0.03420047911368471	6.78874452106663e-05	12.372637269507106	2022-02-01	ne_star	south	2022
2021-09-01	B/Zhejiang-Yiwu/1104/2021_EPI_ISL_2696125	6.7e-05	12.390343999999976	12.335810999999982	0.03420047911368471	6.78874452106663e-05	12.372637269507106	2022-02-01	ne_star	south	2022
2021-09-01	B/Zhejiang-Yiwu/1226/2021_EPI_ISL_2695919	0.000421	12.390343999999976	12.335810999999982	0.03420047911368471	0.0004265763348312017	12.372637269507106	2022-02-01	ne_star	south	2022
2021-09-01	B/Zhejiang-Yongkang/1370/2021_EPI_ISL_2696015__dup2	0.001912	12.444353999999981	12.492547999999985	0.03420047911368471	0.0019373253021312533	12.427271001815063	2022-02-01	ne_star	south	2022
2021-09-01	B/Zhejiang-Yuecheng/1279/2021_EPI_ISL_2696096	0.00013000000000000002	4.795963999999999	6.801695000000002	0.03420047911368471	0.00013172190861771076	4.778592028358388	2022-02-01	ne_star	south	2022
2022-09-01	B/Abu_Dhabi/1392154/2022_EPI_ISL_14036087	0.006642	2.0009939999999946	2.3497569999999994	0.07372147122867186	0.006834608135492809	1.9633333455374093	2023-02-01	ne_star	south	2023
2022-09-01	B/Abu_Dhabi/1401755/2022_EPI_ISL_14036088	0.0070319999999999	2.7623379999999917	3.0648910000000003	0.07372147122867186	0.007235917556275933	2.7253995073317303	2023-02-01	ne_star	south	2023
2022-09-01	B/Abu_Dhabi/1443062/2022_EPI_ISL_14036085	0.007856	5.269204999999993	5.141918999999999	-0.9442082430032523	0.0052895131191045205	5.253147745328004	2023-02-01	ne_star	south	2023
2022-09-01	B/Abu_Dhabi/1732815/2022_EPI_ISL_14036090	0.015421	2.7239799999999916	3.072420000000001	0.07372147122867186	0.015868186097174736	2.6818126566156546	2023-02-01	ne_star	south	2023
2022-09-01	B/Abu_Dhabi/1862860/2022_EPI_ISL_14466300	0.019382	4.601474999999988	5.03932599999999	-0.43524338588729017	0.016132923524907857	4.581463215967241	2023-02-01	ne_star	south	2023
2022-09-01	B/Abu_Dhabi/4177633/2022_EPI_ISL_14036086	0.013951	2.9730719999999917	3.3497070000000004	-0.18076095732930914	0.012911299505062564	2.937510746527281	2023-02-01	ne_star	south	2023
2022-09-01	B/Antananarivo/04031/2022_EPI_ISL_14653405	0.006642	2.7672279999999927	3.3492830000000002	0.07372147122867186	0.006834608135492809	2.723605025917102	2023-02-01	ne_star	south	2023
2022-09-01	B/Bahrain/0652/2022_EPI_ISL_13895893	0.002391	2.0009939999999946	2.3497569999999994	0.07372147122867186	0.002460335448955631	1.9633333455374093	2023-02-01	ne_star	south	2023
2022-09-01	B/Bahrain/0734/2022_EPI_ISL_13895900	0.001501	2.0009939999999946	2.3497569999999994	0.07372147122867186	0.0015445267707580102	1.9633333455374093	2023-02-01	ne_star	south	2023
2022-09-01	B/Bahrain/2833/2022_EPI_ISL_13895894	0.008968	2.0009939999999946	2.3497569999999994	0.07372147122867186	0.009228058680984568	1.9633333455374093	2023-02-01	ne_star	south	2023
2022-09-01	B/Bahrain/4648/2022_EPI_ISL_13895899	0.0031899999999999997	2.0009939999999946	2.3497569999999994	0.07372147122867186	0.003282505262303833	1.9633333455374093	2023-02-01	ne_star	south	2023
2022-09-01	B/Bahrain/4758/2022_EPI_ISL_13895895	0.001626	2.0009939999999946	2.3497569999999994	0.07372147122867186	0.001673151585111609	1.9633333455374093	2023-02-01	ne_star	south	2023
2022-09-01	B/Bahrain/7185/2022_EPI_ISL_13895897	0.004914	2.0009939999999946	2.3497569999999994	0.07372147122867186	0.005056498701868663	1.9633333455374093	2023-02-01	ne_star	south	2023
2022-09-01	B/Bahrain/7495/2022_EPI_ISL_13895898	0.009202	2.0009939999999946	2.3497569999999994	0.07372147122867186	0.009468844333454504	1.9633333455374093	2023-02-01	ne_star	south	2023
2022-09-01	B/Bahrain/7502/2022_EPI_ISL_13895901	0.009202	2.0009939999999946	2.3497569999999994	0.07372147122867186	0.009468844333454504	1.9633333455374093	2023-02-01	ne_star	south	2023
2022-09-01	B/Bahrain/8244/2022_EPI_ISL_13895902	0.001501	2.0009939999999946	2.3497569999999994	0.07372147122867186	0.0015445267707580102	1.9633333455374093	2023-02-01	ne_star	south	2023
2022-09-01	B/Bahrain/8338/2022_EPI_ISL_13895896	0.009438	2.0009939999999946	2.3497569999999994	0.07372147122867186	0.0097116879829541	1.9633333455374093	2023-02-01	ne_star	south	2023
2022-09-01	B/Beijing-Chaoyang/1323/2022_EPI_ISL_14033472	0.000102	4.051908999999995	4.556238999999996	-0.18076095732930914	9.439843376936288e-05	4.02613884984875	2023-02-01	ne_star	south	2023
2022-09-01	B/Beijing-Haidian/133/2022_EPI_ISL_14033596	2.2e-05	4.017933999999995	4.8360689999999975	0.07372147122867186	2.263796732623333e-05	3.9878547225985437	2023-02-01	ne_star	south	2023
2022-09-01	B/Beijing-Haidian/183/2022_EPI_ISL_14033463	7.7e-05	3.072563999999994	3.836078999999997	0.07372147122867186	7.923288564181667e-05	3.041512498128984	2023-02-01	ne_star	south	2023
2022-09-01	B/Beijing-Huairou/177/2022_EPI_ISL_14033567__dup2	2.1e-05	3.072563999999994	3.836078999999997	0.07372147122867186	2.160896881140454e-05	3.041512498128984	2023-02-01	ne_star	south	2023
2022-09-01	B/Belgium/H0560/2022_EPI_ISL_14648792	0.004323	3.614093999999992	4.054629999999998	-0.18076095732930914	0.004000827737107409	3.5733832448748104	2023-02-01	ne_star	south	2023
2022-09-01	B/Berlin/2/2022_EPI_ISL_13638384	0.004323	3.410124999999995	3.903048999999997	-0.18076095732930914	0.004000827737107409	3.378505862139605	2023-02-01	ne_star	south	2023
2022-09-01	B/Berlin/2/2022_EPI_ISL_13638384__dup2	0.004323	3.410124999999995	3.903048999999997	-0.18076095732930914	0.004000827737107409	3.378505862139605	2023-02-01	ne_star	south	2023
2022-09-01	B/Bishkek/01/2022_EPI_ISL_14065078	0.003303	2.0009939999999946	2.3497569999999994	0.07372147122867186	0.003398782094479486	1.9633333455374093	2023-02-01	ne_star	south	2023
2022-09-01	B/Bishkek/02/2022_EPI_ISL_13837819	0.003539	2.0009939999999946	2.3497569999999994	0.07372147122867186	0.00364162574397908	1.9633333455374093	2023-02-01	ne_star	south	2023
2022-09-01	B/Bishkek/03/2022_EPI_ISL_14065079	0.003539	2.0009939999999946	2.3497569999999994	0.07372147122867186	0.00364162574397908	1.9633333455374093	2023-02-01	ne_star	south	2023
2022-09-01	B/Bishkek/04/2022_EPI_ISL_14333270	0.00045700000000000005	2.4274369999999936	2.9030590000000003	0.07372147122867186	0.00047025232127675606	2.394509173088036	2023-02-01	ne_star	south	2023
2022-09-01	B/Bishkek/05/2022_EPI_ISL_14333264	0.000503	2.0009939999999946	2.3497569999999994	0.07372147122867186	0.0005175862529588802	1.9633333455374093	2023-02-01	ne_star	south	2023
2022-09-01	B/Bishkek/06/2022_EPI_ISL_14333263	0.000664	2.0009939999999946	2.3497569999999994	0.07372147122867186	0.0006832550138463151	1.9633333455374093	2023-02-01	ne_star	south	2023
2022-09-01	B/Bishkek/07/2022_EPI_ISL_14333267	0.000664	2.0009939999999946	2.3497569999999994	0.07372147122867186	0.0006832550138463151	1.9633333455374093	2023-02-01	ne_star	south	2023
2022-09-01	B/Bishkek/08/2022_EPI_ISL_14065080	0.0006940000000000001	3.4191649999999947	3.884454999999997	-0.18076095732930914	0.000642279539568018	3.3868510358716386	2023-02-01	ne_star	south	2023
2022-09-01	B/Bishkek/10/2022_EPI_ISL_14065081	0.001441	3.4191649999999947	3.884454999999997	-0.18076095732930914	0.0013336092457024698	3.3868510358716386	2023-02-01	ne_star	south	2023
2022-09-01	B/Bishkek/11/2022_EPI_ISL_14065082	0.00183	3.4191649999999947	3.884454999999997	-0.18076095732930914	0.001693618958803275	3.3868510358716386	2023-02-01	ne_star	south	2023
2022-09-01	B/Bishkek/12/2022_EPI_ISL_14065083	0.002303	2.0009939999999946	2.3497569999999994	0.07372147122867186	0.0023697835796506984	1.9633333455374093	2023-02-01	ne_star	south	2023
2022-09-01	B/Chongqing-Qianjiang/11633/2022_EPI_ISL_14033235	0.0031899999999999997	4.064193999999996	4.835453999999999	-0.43524338588729017	0.0026552484802629273	4.034546969766229	2023-02-01	ne_star	south	2023
2022-09-01	B/Chongqing-Qianjiang/14/2022_EPI_ISL_14033569	1.2e-05	3.072563999999994	3.836078999999997	0.07372147122867186	1.2347982177945454e-05	3.041512498128984	2023-02-01	ne_star	south	2023
2022-09-01	B/Darwin/1/2022_EPI_ISL_13531232	0.008968	3.965081999999992	4.349736999999996	0.07372147122867186	0.009228058680984568	3.926421110813468	2023-02-01	ne_star	south	2023
2022-09-01	B/Denmark/10/2022_EPI_ISL_13795262	0.011455	2.4274369999999936	2.9030590000000003	0.07372147122867186	0.011787177987363763	2.394509173088036	2023-02-01	ne_star	south	2023
2022-09-01	B/Denmark/11/2022_EPI_ISL_13795277	0.012815	2.0009939999999946	2.3497569999999994	0.07372147122867186	0.013186615967530915	1.9633333455374093	2023-02-01	ne_star	south	2023
2022-09-01	B/Denmark/11/2022_EPI_ISL_13795277__dup2	0.012815	2.0009939999999946	2.3497569999999994	0.07372147122867186	0.013186615967530915	1.9633333455374093	2023-02-01	ne_star	south	2023
2022-09-01	B/Denmark/13/2022_EPI_ISL_14459046	0.019382	2.961037999999992	3.3371370000000002	0.07372147122867186	0.019944049214411563	2.922239260849204	2023-02-01	ne_star	south	2023
2022-09-01	B/Egypt/2107051/2022_EPI_ISL_14212850	0.001172	2.7239799999999916	3.072420000000001	0.07372147122867186	0.0012059862593793394	2.6818126566156546	2023-02-01	ne_star	south	2023
2022-09-01	B/Egypt/2107061/2022_EPI_ISL_14212851	0.001172	3.906148999999992	4.243836999999996	0.07372147122867186	0.0012059862593793394	3.8676965033043396	2023-02-01	ne_star	south	2023
2022-09-01	B/England/220240687/2022_EPI_ISL_9650313	1.8e-05	2.9819139999999917	3.2824670000000005	0.07372147122867186	1.852197326691818e-05	2.945690068218046	2023-02-01	ne_star	south	2023
2022-09-01	B/England/220381369/2022_EPI_ISL_9650323	2.9999999999999997e-05	2.9858939999999916	3.1929920000000016	0.07372147122867186	3.0869955444863626e-05	2.9478160479337885	2023-02-01	ne_star	south	2023
2022-09-01	B/England/220720482/2022_EPI_ISL_11112239	0.000121	2.879163999999992	3.348679	-0.18076095732930914	0.00011198245574600891	2.851917879568837	2023-02-01	ne_star	south	2023
2022-09-01	B/England/220840496/2022_EPI_ISL_13431096	0.000121	2.879163999999992	3.348679	-0.18076095732930914	0.00011198245574600891	2.851917879568837	2023-02-01	ne_star	south	2023
2022-09-01	B/England/221380675/2022_EPI_ISL_14387912	0.001077	2.7239799999999916	3.072420000000001	0.07372147122867186	0.0011082314004706043	2.6818126566156546	2023-02-01	ne_star	south	2023
2022-09-01	B/England/221820380/2022_EPI_ISL_14388003	0.0031899999999999997	2.9943899999999917	3.3497470000000003	-0.18076095732930914	0.00295226474239478	2.957240019185078	2023-02-01	ne_star	south	2023
2022-09-01	B/Estonia/168620/2022_EPI_ISL_13957807	0.000102	2.7239799999999916	3.072420000000001	0.07372147122867186	0.00010495784851253635	2.6818126566156546	2023-02-01	ne_star	south	2023
2022-09-01	B/Fujian-Gulou/1118/2022_EPI_ISL_14033386	9.2e-05	5.046938999999991	5.822947999999991	0.07372147122867186	9.466786336424848e-05	5.016085398901082	2023-02-01	ne_star	south	2023
2022-09-01	B/Fujian-Hanjiang/312/2022_EPI_ISL_14033352	0.000325	3.072563999999994	3.836078999999997	0.07372147122867186	0.00033442451731935597	3.041512498128984	2023-02-01	ne_star	south	2023
2022-09-01	B/Fujian-Jianou/31/2022_EPI_ISL_14033273	0.00025299999999999997	6.963213999999997	7.7301979999999935	-0.18076095732930914	0.00023414513474165493	6.932290103916005	2023-02-01	ne_star	south	2023
2022-09-01	B/Fujian-Licheng/1122/2022_EPI_ISL_14033407	0.0001419999999999	3.072563999999994	3.836078999999997	0.07372147122867186	0.00014611778910558494	3.041512498128984	2023-02-01	ne_star	south	2023
2022-09-01	B/Fujian-Sanyuan/1438/2022_EPI_ISL_14033233	0.004184	4.017933999999995	4.8360689999999975	0.07372147122867186	0.004305329786043648	3.9878547225985437	2023-02-01	ne_star	south	2023
2022-09-01	B/Fujian-Tongan/1351/2022_EPI_ISL_14033258	0.001441	5.900153999999995	6.833116999999992	0.07372147122867186	0.0014827868598682832	5.878738263135822	2023-02-01	ne_star	south	2023
2022-09-01	B/Fujian-Xiangcheng/1174/2022_EPI_ISL_14033432	0.0001419999999999	3.072563999999994	3.836078999999997	0.07372147122867186	0.00014611778910558494	3.041512498128984	2023-02-01	ne_star	south	2023
2022-09-01	B/Fujian-Xiangcheng/1329/2022_EPI_ISL_14033246	0.0019030000000000002	6.010252999999997	6.817733999999993	0.07372147122867186	0.0019581841737191835	5.9799951471332795	2023-02-01	ne_star	south	2023
2022-09-01	B/Fujian-Xinluo/11063/2022_EPI_ISL_14033220	0.007856	3.237464999999995	3.864723999999998	-0.18076095732930914	0.007270530349922694	3.206342037684878	2023-02-01	ne_star	south	2023
2022-09-01	B/Fujian-Xinluo/11063/2022_EPI_ISL_14033220__dup2	0.007856	3.3088549999999954	4.046189999999995	0.07372147122867186	0.008083812332494956	3.274972628026127	2023-02-01	ne_star	south	2023
2022-09-01	B/Fujian-Xinluo/1261/2022_EPI_ISL_14033433	9.7e-05	5.900153999999995	6.833116999999992	0.07372147122867186	9.981285593839241e-05	5.878738263135822	2023-02-01	ne_star	south	2023
2022-09-01	B/Fujian-Xinluo/1753/2022_EPI_ISL_14033248	0.0019030000000000002	3.072563999999994	3.836078999999997	0.07372147122867186	0.0019581841737191835	3.041512498128984	2023-02-01	ne_star	south	2023
2022-09-01	B/Fujian-Xinluo/1753/2022_EPI_ISL_14033248__dup2	0.0019030000000000002	6.025807999999998	6.821187999999991	-0.18076095732930914	0.001761178622187231	5.995295373651542	2023-02-01	ne_star	south	2023
2022-09-01	B/Fujian-Xinluo/1898/2022_EPI_ISL_14033230	0.004323	3.3088549999999954	4.046189999999995	0.07372147122867186	0.0044483605796048495	3.274972628026127	2023-02-01	ne_star	south	2023
2022-09-01	B/Fujian-Xinluo/1898/2022_EPI_ISL_14033230__dup2	0.004323	3.3088549999999954	4.046189999999995	0.07372147122867186	0.0044483605796048495	3.274972628026127	2023-02-01	ne_star	south	2023
2022-09-01	B/Gansu-Anding/1262/2022_EPI_ISL_14033257	0.001441	6.033001999999998	6.823610999999992	-0.18076095732930914	0.0013336092457024698	6.002506677217756	2023-02-01	ne_star	south	2023
2022-09-01	B/Gansu-Chengguan/1326/2022_EPI_ISL_14033415	0.000217	3.072563999999994	3.836078999999997	0.07372147122867186	0.00022329267771784695	3.041512498128984	2023-02-01	ne_star	south	2023
2022-09-01	B/Gansu-Linxia/1338/2022_EPI_ISL_14033234	0.0040479999999999995	5.933366999999996	6.835816999999992	-0.43524338588729017	0.003369418761161232	5.903116535132445	2023-02-01	ne_star	south	2023
2022-09-01	B/Gansu-Suzhou/1359/2022_EPI_ISL_14033224	0.007436	4.0191259999999955	4.798930999999996	0.07372147122867186	0.007651632956266865	3.9867781766829036	2023-02-01	ne_star	south	2023
2022-09-01	B/Gansu-Xifeng/1302/2022_EPI_ISL_14033239	0.0024809999999999997	3.072563999999994	3.836078999999997	0.07372147122867186	0.002552945315290222	3.041512498128984	2023-02-01	ne_star	south	2023
2022-09-01	B/Guangdong-Chancheng/1421/2022_EPI_ISL_14033223	0.007644	4.0191259999999955	4.798930999999996	0.07372147122867186	0.007865664647351252	3.9867781766829036	2023-02-01	ne_star	south	2023
2022-09-01	B/Guangdong-Futian/1745/2022_EPI_ISL_14033228	0.00507	6.866395999999997	7.820668999999995	0.07372147122867186	0.005217022470181954	6.845066879207413	2023-02-01	ne_star	south	2023
2022-09-01	B/Guangdong-Maonan/1250/2022_EPI_ISL_14033261	0.001124	5.016857999999991	5.798920999999996	-0.18076095732930914	0.001040233721144744	4.9846977092406135	2023-02-01	ne_star	south	2023
2022-09-01	B/Guangdong-Maonan/35/2022_EPI_ISL_14033561__dup2	1.4999999999999999e-05	4.0191259999999955	4.798930999999996	0.07372147122867186	1.5434977722431813e-05	3.9867781766829036	2023-02-01	ne_star	south	2023
2022-09-01	B/Guangdong-Zhenjiang/11/2022_EPI_ISL_14033685	1.2e-05	3.072563999999994	3.836078999999997	0.07372147122867186	1.2347982177945454e-05	3.041512498128984	2023-02-01	ne_star	south	2023
2022-09-01	B/Guangdong-Zhenjiang/865/2022_EPI_ISL_14033263	0.001077	4.063311999999995	4.8251969999999975	-0.18076095732930914	0.0009967364036235669	4.032968514398013	2023-02-01	ne_star	south	2023
2022-09-01	B/Guangdong-Zhongshan/1111/2022_EPI_ISL_14033458	0.000102	3.072563999999994	3.836078999999997	0.07372147122867186	0.00010495784851253635	3.041512498128984	2023-02-01	ne_star	south	2023
2022-09-01	B/Guangdong-Zhongshan/1309/2022_EPI_ISL_14033256	0.001441	4.069408999999995	4.835958999999997	-0.18076095732930914	0.0013336092457024698	4.038611134502836	2023-02-01	ne_star	south	2023
2022-09-01	B/Guangdong-Zhongshan/1487/2022_EPI_ISL_14033218	0.009679	4.9800869999999895	5.7427109999999955	0.07372147122867186	0.009959676625027837	4.948312324379031	2023-02-01	ne_star	south	2023
2022-09-01	B/Guangxi-Yongning/327/2022_EPI_ISL_14033225	0.0064519999999999	4.0191259999999955	4.798930999999996	0.07372147122867186	0.006639098417675235	3.9867781766829036	2023-02-01	ne_star	south	2023
2022-09-01	B/Guatemala/05/2022_EPI_ISL_12709845	1.2e-05	11.816163999999985	12.340256000000002	-0.18076095732930914	1.1105698090513279e-05	11.788284638051977	2023-02-01	ne_star	south	2023
2022-09-01	B/Guatemala/14/2022_EPI_ISL_13286983	1.2e-05	10.992033999999983	11.486091999999994	0.07372147122867186	1.2347982177945454e-05	10.963614244244106	2023-02-01	ne_star	south	2023
2022-09-01	B/Guatemala/14/2022_EPI_ISL_13286983__dup2	1.2e-05	10.992033999999983	11.486091999999994	0.07372147122867186	1.2347982177945454e-05	10.963614244244106	2023-02-01	ne_star	south	2023
2022-09-01	B/Guatemala/37/2022_EPI_ISL_12709841	2.5e-05	10.992033999999983	11.486091999999994	0.07372147122867186	2.5724962870719693e-05	10.963614244244106	2023-02-01	ne_star	south	2023
2022-09-01	B/Guatemala/40/2022_EPI_ISL_13286984	3.8e-05	10.992033999999983	11.486091999999994	0.07372147122867186	3.910194356349394e-05	10.963614244244106	2023-02-01	ne_star	south	2023
2022-09-01	B/Guatemala/40/2022_EPI_ISL_13286984__dup2	3.8e-05	10.992033999999983	11.486091999999994	0.07372147122867186	3.910194356349394e-05	10.963614244244106	2023-02-01	ne_star	south	2023
2022-09-01	B/Guatemala/52/2022_EPI_ISL_12709834	1e-05	10.992033999999983	11.486091999999994	0.07372147122867186	1.0289985148287878e-05	10.963614244244106	2023-02-01	ne_star	south	2023
2022-09-01	B/Guatemala/63/2022_EPI_ISL_12709832	0.000102	10.992033999999983	11.486091999999994	0.07372147122867186	0.00010495784851253635	10.963614244244106	2023-02-01	ne_star	south	2023
2022-09-01	B/Guizhou-Bijiang/1283/2022_EPI_ISL_14033247	0.0019030000000000002	3.072563999999994	3.836078999999997	0.07372147122867186	0.0019581841737191835	3.041512498128984	2023-02-01	ne_star	south	2023
2022-09-01	B/Guizhou-Bijiang/1344/2022_EPI_ISL_14033232	0.004323	7.0441270000000005	7.707235999999996	0.07372147122867186	0.0044483605796048495	7.012218487254238	2023-02-01	ne_star	south	2023
2022-09-01	B/Guizhou-Honghuagang/1162/2022_EPI_ISL_14033414	0.000196	8.043714999999992	8.707225999999993	-0.18076095732930914	0.0001813930688117169	8.011855701116614	2023-02-01	ne_star	south	2023
2022-09-01	B/Guizhou-Honghuagang/1315/2022_EPI_ISL_14033260	0.001384	5.00354399999999	5.653329999999996	-0.43524338588729017	0.0011519949519385243	4.976456419086495	2023-02-01	ne_star	south	2023
2022-09-01	B/Guizhou-Xixiu/1122/2022_EPI_ISL_14033427	0.00015800000000000002	3.072563999999994	3.836078999999997	0.07372147122867186	0.0001625817653429485	3.041512498128984	2023-02-01	ne_star	south	2023
2022-09-01	B/Guizhou-Zhongshan/1215/2022_EPI_ISL_14033385	0.000294	7.0441270000000005	7.707235999999996	0.07372147122867186	0.00030252556335966355	7.012218487254238	2023-02-01	ne_star	south	2023
2022-09-01	B/Guizhou-Zhongshan/1296/2022_EPI_ISL_14033344	0.000794	3.072563999999994	3.836078999999997	0.07372147122867186	0.0008170248207740575	3.041512498128984	2023-02-01	ne_star	south	2023
2022-09-01	B/HK/3/2022_EPI_ISL_14387918	0.012537999999999999	3.485323999999991	3.7875539999999983	0.07372147122867186	0.012901583378923338	3.44387881840998	2023-02-01	ne_star	south	2023
2022-09-01	B/Hainan-Meilan/1108/2022_EPI_ISL_14033457	0.00010800000000000001	11.004706999999998	11.32428799999999	-0.43524338588729017	8.989555983335305e-05	10.97799706074529	2023-02-01	ne_star	south	2023
2022-09-01	B/Hebei-Hejian/1111/2022_EPI_ISL_14033517	6.9e-05	4.038805999999996	4.823630999999997	0.07372147122867186	7.100089752318635e-05	4.007841114200566	2023-02-01	ne_star	south	2023
2022-09-01	B/Hebei-Lunan/1517/2022_EPI_ISL_14456631	0.0005780000000000001	3.072563999999994	3.836078999999997	0.07372147122867186	0.0005947611415710394	3.041512498128984	2023-02-01	ne_star	south	2023
2022-09-01	B/Hebei-Lunan/1523/2022_EPI_ISL_14033298	0.000606	3.072563999999994	3.836078999999997	0.07372147122867186	0.0006235730999862454	3.041512498128984	2023-02-01	ne_star	south	2023
2022-09-01	B/Hebei-Luquan/1135/2022_EPI_ISL_14033426	0.000102	3.072563999999994	3.836078999999997	0.07372147122867186	0.00010495784851253635	3.041512498128984	2023-02-01	ne_star	south	2023
2022-09-01	B/Hebei-Luquan/1400/2022_EPI_ISL_14033241	0.0024809999999999997	4.017933999999995	4.8360689999999975	0.07372147122867186	0.002552945315290222	3.9878547225985437	2023-02-01	ne_star	south	2023
2022-09-01	B/Hebei-Ningjin/1151/2022_EPI_ISL_14033461	0.0001419999999999	9.037784999999987	9.598659999999992	0.07372147122867186	0.00014611778910558494	9.006278016598959	2023-02-01	ne_star	south	2023
2022-09-01	B/Heilongjiang-Gongnong/1213/2022_EPI_ISL_14033356	0.000664	3.072563999999994	3.836078999999997	0.07372147122867186	0.0006832550138463151	3.041512498128984	2023-02-01	ne_star	south	2023
2022-09-01	B/Heilongjiang-Gongnong/1213/2022_EPI_ISL_14033356__dup2	0.000664	5.061404999999992	5.8354439999999945	-0.43524338588729017	0.0005526912197161705	5.032107978081091	2023-02-01	ne_star	south	2023
2022-09-01	B/Heilongjiang-Jiguan/1133/2022_EPI_ISL_14033444	0.000102	4.017933999999995	4.8360689999999975	0.07372147122867186	0.00010495784851253635	3.9878547225985437	2023-02-01	ne_star	south	2023
2022-09-01	B/Heilongjiang-Nangang/1296/2022_EPI_ISL_14033243	0.001978	4.017933999999995	4.8360689999999975	0.07372147122867186	0.0020353590623313424	3.9878547225985437	2023-02-01	ne_star	south	2023
2022-09-01	B/Heilongjiang-Nangang/164/2022_EPI_ISL_14033512	4.6e-05	4.071829999999996	4.8360689999999975	0.07372147122867186	4.733393168212424e-05	4.040794771071923	2023-02-01	ne_star	south	2023
2022-09-01	B/Heilongjiang-Taoshan/1118/2022_EPI_ISL_14033452	7.3e-05	3.072563999999994	3.836078999999997	0.07372147122867186	7.51168915825015e-05	3.041512498128984	2023-02-01	ne_star	south	2023
2022-09-01	B/Heilongjiang-Taoshan/1337/2022_EPI_ISL_14033293	0.001562	5.066275999999992	5.831185999999993	-0.18076095732930914	0.0014455917014484785	5.035730131323186	2023-02-01	ne_star	south	2023
2022-09-01	B/Heilongjiang-Yimei/1427/2022_EPI_ISL_14033271	0.000325	5.010965999999993	5.760935999999993	-0.18076095732930914	0.00030077932328473464	4.980792614898327	2023-02-01	ne_star	south	2023
2022-09-01	B/Heilongjiang-Yimei/1603/2022_EPI_ISL_14033292	0.001172	3.072563999999994	3.836078999999997	0.07372147122867186	0.0012059862593793394	3.041512498128984	2023-02-01	ne_star	south	2023
2022-09-01	B/Henan-Beiguan/193/2022_EPI_ISL_14033416	0.00010800000000000001	8.043890999999993	8.692985999999994	0.07372147122867186	0.00011113183960150909	8.011996223575036	2023-02-01	ne_star	south	2023
2022-09-01	B/Henan-Chuanhui/1193/2022_EPI_ISL_14033360	0.00041500000000000006	3.072563999999994	3.836078999999997	0.07372147122867186	0.00042703438365394695	3.041512498128984	2023-02-01	ne_star	south	2023
2022-09-01	B/Henan-Shancheng/187/2022_EPI_ISL_14033403	7.7e-05	4.059913999999995	4.714874999999998	0.07372147122867186	7.923288564181667e-05	4.028559933877103	2023-02-01	ne_star	south	2023
2022-09-01	B/Henan-Weibin/1125/2022_EPI_ISL_14033470	0.0001419999999999	4.056547999999996	4.5973909999999965	-0.18076095732930914	0.00013141742740431457	4.030670637035964	2023-02-01	ne_star	south	2023
2022-09-01	B/Henan-Xiangcheng/129/2022_EPI_ISL_14033506	1.8e-05	5.025718999999992	5.663129999999996	-0.18076095732930914	1.665854713576992e-05	4.997451150478801	2023-02-01	ne_star	south	2023
2022-09-01	B/Henan-Yicheng/1316/2022_EPI_ISL_14033242	0.002055	4.995460999999992	5.8115889999999935	0.07372147122867186	0.002114591947973159	4.965398884191383	2023-02-01	ne_star	south	2023
2022-09-01	B/Hong_Kong/3/2022_EPI_ISL_14759188	0.012537999999999999	3.485323999999991	3.7875539999999983	0.07372147122867186	0.012901583378923338	3.44387881840998	2023-02-01	ne_star	south	2023
2022-09-01	B/Hubei-Duodao/135/2022_EPI_ISL_14033691	1.8e-05	4.072507999999996	4.8360689999999975	0.07372147122867186	1.852197326691818e-05	4.041475454182449	2023-02-01	ne_star	south	2023
2022-09-01	B/Hunan-Hecheng/131/2022_EPI_ISL_14033549	2.4e-05	3.072563999999994	3.836078999999997	0.07372147122867186	2.469596435589091e-05	3.041512498128984	2023-02-01	ne_star	south	2023
2022-09-01	B/Hunan-Jishou/11034/2022_EPI_ISL_14033217	0.00507	4.62574599999999	5.270210999999989	-0.43524338588729017	0.0042200971143990735	4.593399687202442	2023-02-01	ne_star	south	2023
2022-09-01	B/Hunan-Lengshuitan/1380/2022_EPI_ISL_14033397	0.00031	5.059273999999991	5.714864999999995	0.07372147122867186	0.0003189895395969242	5.027921954797907	2023-02-01	ne_star	south	2023
2022-09-01	B/Hunan-Lusong/1356/2022_EPI_ISL_14033244	0.0019030000000000002	4.0191259999999955	4.798930999999996	0.07372147122867186	0.0019581841737191835	3.9867781766829036	2023-02-01	ne_star	south	2023
2022-09-01	B/Hunan-Lusong/1356/2022_EPI_ISL_14033244__dup2	0.0019030000000000002	3.072563999999994	3.836078999999997	0.07372147122867186	0.0019581841737191835	3.041512498128984	2023-02-01	ne_star	south	2023
2022-09-01	B/Hunan-Tianyuan/1329/2022_EPI_ISL_14033251	0.001562	7.753171999999994	8.577870999999996	-0.18076095732930914	0.0014455917014484785	7.738354581247878	2023-02-01	ne_star	south	2023
2022-09-01	B/Hunan-Tianyuan/1329/2022_EPI_ISL_14033251__dup2	0.001562	3.072563999999994	3.836078999999997	0.07372147122867186	0.0016072956801625664	3.041512498128984	2023-02-01	ne_star	south	2023
2022-09-01	B/Hunan-Tianyuan/1437/2022_EPI_ISL_14033229	0.004465	5.900153999999995	6.833116999999992	0.07372147122867186	0.004594478368710538	5.878738263135822	2023-02-01	ne_star	south	2023
2022-09-01	B/Hunan-Tianyuan/1528/2022_EPI_ISL_14033222	0.007644	3.072563999999994	3.836078999999997	0.07372147122867186	0.007865664647351252	3.041512498128984	2023-02-01	ne_star	south	2023
2022-09-01	B/Jiangsu-Guangling/1508/2022_EPI_ISL_14033366	0.000664	4.017933999999995	4.8360689999999975	0.07372147122867186	0.0006832550138463151	3.9878547225985437	2023-02-01	ne_star	south	2023
2022-09-01	B/Jiangsu-Sucheng/72/2022_EPI_ISL_14033424	0.000217	7.0441270000000005	7.707235999999996	0.07372147122867186	0.00022329267771784695	7.012218487254238	2023-02-01	ne_star	south	2023
2022-09-01	B/Jiangsu-Xuzhougulou/1142/2022_EPI_ISL_14033396	0.000217	5.038026999999991	5.817939999999993	-0.18076095732930914	0.00020082804047011512	5.0071689390738285	2023-02-01	ne_star	south	2023
2022-09-01	B/Jilin-Chuanying/1303/2022_EPI_ISL_14033272	0.0001419999999999	4.017933999999995	4.8360689999999975	0.07372147122867186	0.00014611778910558494	3.9878547225985437	2023-02-01	ne_star	south	2023
2022-09-01	B/Jilin-Nanguan/1114/2022_EPI_ISL_14033476	8.7e-05	4.070383999999995	4.823596999999998	0.07372147122867186	8.952287079010453e-05	4.039289861336952	2023-02-01	ne_star	south	2023
2022-09-01	B/Jilin-Nanguan/1139/2022_EPI_ISL_14033435	0.00010800000000000001	3.072563999999994	3.836078999999997	0.07372147122867186	0.00011113183960150909	3.041512498128984	2023-02-01	ne_star	south	2023
2022-09-01	B/Jilin-Tiexi/1138/2022_EPI_ISL_14033475	9.7e-05	5.051638999999993	5.556146999999994	-0.43524338588729017	8.073953059106708e-05	5.025925544196477	2023-02-01	ne_star	south	2023
2022-09-01	B/Kenya/116/2022_EPI_ISL_10826483	1.2e-05	13.578235000000012	14.366555	0.07372147122867186	1.2347982177945454e-05	13.556072902207903	2023-02-01	ne_star	south	2023
2022-09-01	B/Krasnoyarsk/RII-01V/2022_EPI_ISL_13331879	2.8000000000000013e-05	2.4274369999999936	2.9030590000000003	0.07372147122867186	2.881195841520607e-05	2.394509173088036	2023-02-01	ne_star	south	2023
2022-09-01	B/Liaoning-Donggang/1142/2022_EPI_ISL_14033380	0.000217	4.071829999999996	4.8360689999999975	0.07372147122867186	0.00022329267771784695	4.040794771071923	2023-02-01	ne_star	south	2023
2022-09-01	B/Liaoning-Huanggu/1276/2022_EPI_ISL_14033417	0.000102	7.0441270000000005	7.707235999999996	0.07372147122867186	0.00010495784851253635	7.012218487254238	2023-02-01	ne_star	south	2023
2022-09-01	B/Liaoning-Shuncheng/1131/2022_EPI_ISL_14033418	0.000102	7.0441270000000005	7.707235999999996	0.07372147122867186	0.00010495784851253635	7.012218487254238	2023-02-01	ne_star	south	2023
2022-09-01	B/Lipetsk/CRIE/206/2022_EPI_ISL_13500141	0.013096	2.4274369999999936	2.9030590000000003	0.07372147122867186	0.013475764550197803	2.394509173088036	2023-02-01	ne_star	south	2023
2022-09-01	B/Lisboa/1/2022_EPI_ISL_11793402	1e-05	2.9698759999999917	3.349347	0.07372147122867186	1.0289985148287878e-05	2.9358383938851906	2023-02-01	ne_star	south	2023
2022-09-01	B/Luxembourg/LNS1426572/2022_EPI_ISL_13887714	0.000206	5.720175999999993	6.072389999999995	0.07372147122867186	0.00021197369405473026	5.678058226619048	2023-02-01	ne_star	south	2023
2022-09-01	B/Luxembourg/LNS4950245/2022_EPI_ISL_13903622	0.00015800000000000002	6.71984	7.072379999999997	-0.18076095732930914	0.00014622502485842485	6.67776577656933	2023-02-01	ne_star	south	2023
2022-09-01	B/Luxembourg/LNS6354767/2022_EPI_ISL_13902864	0.000102	5.720175999999993	6.072389999999995	0.07372147122867186	0.00010495784851253635	5.678058226619048	2023-02-01	ne_star	south	2023
2022-09-01	B/Luxembourg/LNS7666832/2022_EPI_ISL_13890483	0.00015800000000000002	5.720175999999993	6.072389999999995	0.07372147122867186	0.0001625817653429485	5.678058226619048	2023-02-01	ne_star	south	2023
2022-09-01	B/Madagascar/3977/2022_EPI_ISL_14727226	0.005561	2.7672279999999927	3.3492830000000002	0.07372147122867186	0.005722260740962888	2.723605025917102	2023-02-01	ne_star	south	2023
2022-09-01	B/Madagascar/5178/2022_EPI_ISL_14727229	0.019075	2.7672279999999927	3.3492830000000002	0.07372147122867186	0.01962814667035913	2.723605025917102	2023-02-01	ne_star	south	2023
2022-09-01	B/Madagascar/5180/2022_EPI_ISL_14727227	0.019075	2.7672279999999927	3.3492830000000002	0.07372147122867186	0.01962814667035913	2.723605025917102	2023-02-01	ne_star	south	2023
2022-09-01	B/Madagascar/5182/2022_EPI_ISL_14727230	0.019382	2.7672279999999927	3.3492830000000002	0.07372147122867186	0.019944049214411563	2.723605025917102	2023-02-01	ne_star	south	2023
2022-09-01	B/Madagascar/581/2022_EPI_ISL_12709831	1.2e-05	11.890608999999992	12.314236000000001	0.07372147122867186	1.2347982177945454e-05	11.865372145126067	2023-02-01	ne_star	south	2023
2022-09-01	B/Mahajanga/04032/2022_EPI_ISL_14653407	0.005732	2.7672279999999927	3.3492830000000002	0.07372147122867186	0.005898219486998612	2.723605025917102	2023-02-01	ne_star	south	2023
2022-09-01	B/Mahajanga/04083/2022_EPI_ISL_14653410	0.0070319999999999	2.7672279999999927	3.3492830000000002	0.07372147122867186	0.007235917556275933	2.723605025917102	2023-02-01	ne_star	south	2023
2022-09-01	B/Montana/01/2022_EPI_ISL_11497355	9.7e-05	3.072563999999994	3.836078999999997	0.07372147122867186	9.981285593839241e-05	3.041512498128984	2023-02-01	ne_star	south	2023
2022-09-01	B/Montana/02/2022_EPI_ISL_11497356	9.7e-05	3.072563999999994	3.836078999999997	0.07372147122867186	9.981285593839241e-05	3.041512498128984	2023-02-01	ne_star	south	2023
2022-09-01	B/Montana/02/2022_EPI_ISL_11497356__dup2	9.7e-05	3.072563999999994	3.836078999999997	0.07372147122867186	9.981285593839241e-05	3.041512498128984	2023-02-01	ne_star	south	2023
2022-09-01	B/Moscow/1/2022_EPI_ISL_14180736	2.8000000000000013e-05	2.4274369999999936	2.9030590000000003	0.07372147122867186	2.881195841520607e-05	2.394509173088036	2023-02-01	ne_star	south	2023
2022-09-01	B/Moscow/10/2022_EPI_ISL_14199418	0.001124	2.4274369999999936	2.9030590000000003	0.07372147122867186	0.0011565943306675575	2.394509173088036	2023-02-01	ne_star	south	2023
2022-09-01	B/Moscow/11/2022_EPI_ISL_14212827	0.001222	2.4274369999999936	2.9030590000000003	0.07372147122867186	0.0012574361851207785	2.394509173088036	2023-02-01	ne_star	south	2023
2022-09-01	B/Moscow/12/2022_EPI_ISL_14199421	0.001222	3.4249729999999947	3.903048999999997	0.07372147122867186	0.0012574361851207785	3.3919943007177933	2023-02-01	ne_star	south	2023
2022-09-01	B/Moscow/13/2022_EPI_ISL_14212838	0.001562	2.4274369999999936	2.9030590000000003	0.07372147122867186	0.0016072956801625664	2.394509173088036	2023-02-01	ne_star	south	2023
2022-09-01	B/Moscow/17/2022_EPI_ISL_14212832	0.0036609999999999998	3.410882999999995	3.876170999999997	0.07372147122867186	0.003767163562788192	3.3784493717283084	2023-02-01	ne_star	south	2023
2022-09-01	B/Moscow/18/2022_EPI_ISL_14212831	0.0034189999999999997	2.4274369999999936	2.9030590000000003	0.07372147122867186	0.003518145922199625	2.394509173088036	2023-02-01	ne_star	south	2023
2022-09-01	B/Moscow/19/2022_EPI_ISL_14212828	0.001626	2.4274369999999936	2.9030590000000003	0.07372147122867186	0.001673151585111609	2.394509173088036	2023-02-01	ne_star	south	2023
2022-09-01	B/Moscow/2/2022_EPI_ISL_14199419	2.7000000000000002e-05	3.4273389999999946	3.901563999999997	0.07372147122867186	2.7782959900377272e-05	3.394428911203878	2023-02-01	ne_star	south	2023
2022-09-01	B/Moscow/20/2022_EPI_ISL_14212830	0.002574	2.0009939999999946	2.3497569999999994	0.07372147122867186	0.0026486421771692997	1.9633333455374093	2023-02-01	ne_star	south	2023
2022-09-01	B/Moscow/3/2022_EPI_ISL_14180734	1.8e-05	2.4274369999999936	2.9030590000000003	0.07372147122867186	1.852197326691818e-05	2.394509173088036	2023-02-01	ne_star	south	2023
2022-09-01	B/Moscow/4/2022_EPI_ISL_14199424	2.5e-05	3.4191649999999947	3.884454999999997	-0.18076095732930914	2.3136871021902665e-05	3.3868510358716386	2023-02-01	ne_star	south	2023
2022-09-01	B/Moscow/5/2022_EPI_ISL_14180737	3.4e-05	3.4148169999999944	3.9022009999999976	-0.18076095732930914	3.146614458978762e-05	3.3840150263930076	2023-02-01	ne_star	south	2023
2022-09-01	B/Moscow/7/2022_EPI_ISL_14180738	3.4e-05	3.4191649999999947	3.884454999999997	-0.18076095732930914	3.146614458978762e-05	3.3868510358716386	2023-02-01	ne_star	south	2023
2022-09-01	B/Moscow/8/2022_EPI_ISL_14180735	1.8e-05	2.4274369999999936	2.9030590000000003	0.07372147122867186	1.852197326691818e-05	2.394509173088036	2023-02-01	ne_star	south	2023
2022-09-01	B/Moscow/9/2022_EPI_ISL_14212836	0.00045700000000000005	2.4274369999999936	2.9030590000000003	0.07372147122867186	0.00047025232127675606	2.394509173088036	2023-02-01	ne_star	south	2023
2022-09-01	B/Mozambique/3084/2022_EPI_ISL_11497364	1.2e-05	4.414742999999991	4.781844999999998	0.07372147122867186	1.2347982177945454e-05	4.381531912871802	2023-02-01	ne_star	south	2023
2022-09-01	B/Nebraska/01/2022_EPI_ISL_13286981	0.00176	2.0009939999999946	2.3497569999999994	0.07372147122867186	0.0018110373860986664	1.9633333455374093	2023-02-01	ne_star	south	2023
2022-09-01	B/Neimenggu-Alashanzuoqi/1119/2022_EPI_ISL_14033471	0.000102	4.064291999999996	4.817474999999998	0.07372147122867186	0.00010495784851253635	4.033854360912587	2023-02-01	ne_star	south	2023
2022-09-01	B/Neimenggu-Alashanzuoqi/1271/2022_EPI_ISL_14033345	0.000907	3.072563999999994	3.836078999999997	0.07372147122867186	0.0009333016529497106	3.041512498128984	2023-02-01	ne_star	south	2023
2022-09-01	B/Neimenggu-Alashanzuoqi/1300/2022_EPI_ISL_14033254	0.001501	5.02346799999999	5.621977999999995	0.07372147122867186	0.0015445267707580102	4.995050813598671	2023-02-01	ne_star	south	2023
2022-09-01	B/Neimenggu-Alashanzuoqi/1300/2022_EPI_ISL_14033254__dup2	0.001501	4.063391999999996	4.835074999999998	0.07372147122867186	0.0015445267707580102	4.032489114824333	2023-02-01	ne_star	south	2023
2022-09-01	B/Neimenggu-Haibowan/1411/2022_EPI_ISL_14033240	0.0024809999999999997	4.992512999999993	5.823434999999993	0.07372147122867186	0.002552945315290222	4.962616959097374	2023-02-01	ne_star	south	2023
2022-09-01	B/Neimenggu-Hongshan/132/2022_EPI_ISL_14033692	1.8e-05	3.072563999999994	3.836078999999997	0.07372147122867186	1.852197326691818e-05	3.041512498128984	2023-02-01	ne_star	south	2023
2022-09-01	B/Neimenggu-Keerqin/19/2022_EPI_ISL_14033677__dup2	1.2e-05	4.0725199999999955	4.8360689999999975	-0.18076095732930914	1.1105698090513279e-05	4.0414902867328015	2023-02-01	ne_star	south	2023
2022-09-01	B/Neimenggu-Linhe/1117/2022_EPI_ISL_14033488	8.7e-05	4.017933999999995	4.8360689999999975	0.07372147122867186	8.952287079010453e-05	3.9878547225985437	2023-02-01	ne_star	south	2023
2022-09-01	B/Neimenggu-Wulanhaote/1271/2022_EPI_ISL_14033387	0.0001419999999999	3.072563999999994	3.836078999999997	0.07372147122867186	0.00014611778910558494	3.041512498128984	2023-02-01	ne_star	south	2023
2022-09-01	B/Neimenggu-Wulanhaote/1478/2022_EPI_ISL_14033268	0.000794	5.05769699999999	5.675567999999997	-0.18076095732930914	0.0007348270236556286	5.029475892615355	2023-02-01	ne_star	south	2023
2022-09-01	B/Netherlands/00376/2022_EPI_ISL_11985577	0.00045700000000000005	2.4274369999999936	2.9030590000000003	0.07372147122867186	0.00047025232127675606	2.394509173088036	2023-02-01	ne_star	south	2023
2022-09-01	B/Netherlands/00376/2022_EPI_ISL_11985577__dup2	0.00045700000000000005	2.4274369999999936	2.9030590000000003	0.07372147122867186	0.00047025232127675606	2.394509173088036	2023-02-01	ne_star	south	2023
2022-09-01	B/Netherlands/00459/2022_EPI_ISL_11782027	0.001124	2.9698759999999917	3.349347	0.07372147122867186	0.0011565943306675575	2.9358383938851906	2023-02-01	ne_star	south	2023
2022-09-01	B/Netherlands/00568/2022_EPI_ISL_14212835	0.001077	3.485323999999991	3.7875539999999983	0.07372147122867186	0.0011082314004706043	3.44387881840998	2023-02-01	ne_star	south	2023
2022-09-01	B/Netherlands/00568/2022_EPI_ISL_14212835__dup2	0.001077	3.485323999999991	3.7875539999999983	0.07372147122867186	0.0011082314004706043	3.44387881840998	2023-02-01	ne_star	south	2023
2022-09-01	B/Netherlands/01140/2022_EPI_ISL_13499656	0.011455	4.924015999999988	5.349278999999989	-0.43524338588729017	0.009534755906398696	4.897699370259599	2023-02-01	ne_star	south	2023
2022-09-01	B/Netherlands/01146/2022_EPI_ISL_14620547	0.014827000000000002	11.528741999999994	12.391497999999997	0.07372147122867186	0.015256960979366437	11.506949035308441	2023-02-01	ne_star	south	2023
2022-09-01	B/Netherlands/01157/2022_EPI_ISL_14620552	0.023277000000000003	2.7239799999999916	3.072420000000001	0.07372147122867186	0.023951998429669694	2.6818126566156546	2023-02-01	ne_star	south	2023
2022-09-01	B/Netherlands/10143/2022_EPI_ISL_14212839	0.00028	2.0009939999999946	2.3497569999999994	0.07372147122867186	0.00028811958415206053	1.9633333455374093	2023-02-01	ne_star	south	2023
2022-09-01	B/Netherlands/10143/2022_EPI_ISL_14212839__dup2	0.00028	2.0009939999999946	2.3497569999999994	0.07372147122867186	0.00028811958415206053	1.9633333455374093	2023-02-01	ne_star	south	2023
2022-09-01	B/Netherlands/10414/2022_EPI_ISL_14212840	0.000359	2.0009939999999946	2.3497569999999994	0.07372147122867186	0.00036941046682353477	1.9633333455374093	2023-02-01	ne_star	south	2023
2022-09-01	B/Netherlands/10414/2022_EPI_ISL_14212840__dup2	0.000359	2.0009939999999946	2.3497569999999994	0.07372147122867186	0.00036941046682353477	1.9633333455374093	2023-02-01	ne_star	south	2023
2022-09-01	B/Netherlands/10484/2022_EPI_ISL_11449455	0.000479	2.9698759999999917	3.349347	0.07372147122867186	0.0004928902886029893	2.9358383938851906	2023-02-01	ne_star	south	2023
2022-09-01	B/Netherlands/10895/2022_EPI_ISL_14212842__dup2	0.001328	13.35019600000001	14.245651999999994	-0.18076095732930914	0.0012290305886834695	13.329161367938951	2023-02-01	ne_star	south	2023
2022-09-01	B/Netherlands/10939/2022_EPI_ISL_12429458	0.001124	2.0009939999999946	2.3497569999999994	0.07372147122867186	0.0011565943306675575	1.9633333455374093	2023-02-01	ne_star	south	2023
2022-09-01	B/Netherlands/11164/2022_EPI_ISL_12429481	0.001222	2.4274369999999936	2.9030590000000003	0.07372147122867186	0.0012574361851207785	2.394509173088036	2023-02-01	ne_star	south	2023
2022-09-01	B/Netherlands/11263/2022_EPI_ISL_12429523__dup2	0.00176	12.525202	13.391487999999997	-0.18076095732930914	0.0016288357199419476	12.503691363868567	2023-02-01	ne_star	south	2023
2022-09-01	B/Netherlands/11264/2022_EPI_ISL_12429524__dup2	0.002055	11.576080999999993	12.417927999999996	-0.18076095732930914	0.001901850798000399	11.554107645892401	2023-02-01	ne_star	south	2023
2022-09-01	B/Netherlands/11264/2022_EPI_ISL_12429524__dup4	0.002055	11.528741999999994	12.391497999999997	0.07372147122867186	0.002114591947973159	11.506949035308441	2023-02-01	ne_star	south	2023
2022-09-01	B/Netherlands/11265/2022_EPI_ISL_12429525__dup2	0.002135	11.528741999999994	12.391497999999997	0.07372147122867186	0.002196911829159462	11.506949035308441	2023-02-01	ne_star	south	2023
2022-09-01	B/Netherlands/11266/2022_EPI_ISL_12429526	0.002055	11.528741999999994	12.391497999999997	0.07372147122867186	0.002114591947973159	11.506949035308441	2023-02-01	ne_star	south	2023
2022-09-01	B/Netherlands/11268/2022_EPI_ISL_12429528	0.002303	11.528741999999994	12.391497999999997	0.07372147122867186	0.0023697835796506984	11.506949035308441	2023-02-01	ne_star	south	2023
2022-09-01	B/Netherlands/11269/2022_EPI_ISL_12429529	0.0024809999999999997	2.9698759999999917	3.349347	0.07372147122867186	0.002552945315290222	2.9358383938851906	2023-02-01	ne_star	south	2023
2022-09-01	B/Netherlands/11304/2022_EPI_ISL_12567924	0.002768	11.528741999999994	12.391497999999997	0.07372147122867186	0.0028482678890460844	11.506949035308441	2023-02-01	ne_star	south	2023
2022-09-01	B/Netherlands/11305/2022_EPI_ISL_13983277__dup2	0.002869	13.347114000000008	14.245651999999994	-0.18076095732930914	0.00265518731847355	13.326309054479372	2023-02-01	ne_star	south	2023
2022-09-01	B/Netherlands/11474/2022_EPI_ISL_12677168	0.003539	12.51949	13.380615999999998	-0.18076095732930914	0.0032752554618605415	12.498405051577484	2023-02-01	ne_star	south	2023
2022-09-01	B/Netherlands/11537/2022_EPI_ISL_12853617	0.004465	2.7239799999999916	3.072420000000001	0.07372147122867186	0.004594478368710538	2.6818126566156546	2023-02-01	ne_star	south	2023
2022-09-01	B/Netherlands/11563/2022_EPI_ISL_13249420	0.0064519999999999	11.528741999999994	12.391497999999997	0.07372147122867186	0.006639098417675235	11.506949035308441	2023-02-01	ne_star	south	2023
2022-09-01	B/Netherlands/11591/2022_EPI_ISL_12973160__dup3	0.0064519999999999	12.352872	13.245661999999994	-0.18076095732930914	0.005971163673332547	12.331619429116333	2023-02-01	ne_star	south	2023
2022-09-01	B/Netherlands/11627/2022_EPI_ISL_13096517	0.006642	3.4141329999999948	3.9015079999999975	0.07372147122867186	0.006834608135492809	3.380839956817049	2023-02-01	ne_star	south	2023
2022-09-01	B/Netherlands/11692/2022_EPI_ISL_14570075	0.026470999999999998	2.7623379999999917	3.0648910000000003	0.07372147122867186	0.027238619686032837	2.7253995073317303	2023-02-01	ne_star	south	2023
2022-09-01	B/New_York/PV42660/2021_EPI_ISL_13163534	1.6e-05	3.0007699999999917	3.3497470000000003	0.07372147122867186	1.6463976237260604e-05	2.963123429840382	2023-02-01	ne_star	south	2023
2022-09-01	B/Ningxia-Litong/1267/2022_EPI_ISL_14033391	0.000436	4.059913999999995	4.714874999999998	0.07372147122867186	0.0004486433524653515	4.028559933877103	2023-02-01	ne_star	south	2023
2022-09-01	B/Ningxia-Shapotou/1125/2022_EPI_ISL_14033409	9.7e-05	5.072111999999991	5.806128999999992	0.07372147122867186	9.981285593839241e-05	5.04108855074087	2023-02-01	ne_star	south	2023
2022-09-01	B/Ningxia-Xinqing/1416/2022_EPI_ISL_14033390	0.00031	3.072563999999994	3.836078999999997	0.07372147122867186	0.0003189895395969242	3.041512498128984	2023-02-01	ne_star	south	2023
2022-09-01	B/Ningxia-Zhongning/1114/2022_EPI_ISL_14033468	0.000102	3.072563999999994	3.836078999999997	0.07372147122867186	0.00010495784851253635	3.041512498128984	2023-02-01	ne_star	south	2023
2022-09-01	B/Ningxia-Zhongning/1171/2022_EPI_ISL_14033408	0.00022799999999999999	4.0720879999999955	4.8360689999999975	-0.18076095732930914	0.0002110082637197523	4.041090481601543	2023-02-01	ne_star	south	2023
2022-09-01	B/Ningxia-Zhongning/1200/2022_EPI_ISL_14033372	0.00041500000000000006	4.017933999999995	4.8360689999999975	0.07372147122867186	0.00042703438365394695	3.9878547225985437	2023-02-01	ne_star	south	2023
2022-09-01	B/Nizhniy_Novgorod/222-14V/2022_EPI_ISL_13498264	0.00829	2.4274369999999936	2.9030590000000003	0.07372147122867186	0.00853039768793065	2.394509173088036	2023-02-01	ne_star	south	2023
2022-09-01	B/Norway/17464/2022_EPI_ISL_13957809	0.001172	2.0009939999999946	2.3497569999999994	0.07372147122867186	0.0012059862593793394	1.9633333455374093	2023-02-01	ne_star	south	2023
2022-09-01	B/Norway/21604/2022_EPI_ISL_13957815	0.0040479999999999995	4.455653999999989	4.787543999999991	0.07372147122867186	0.004165385988026933	4.413369012445307	2023-02-01	ne_star	south	2023
2022-09-01	B/Norway/22019/2022_EPI_ISL_13957820	0.00507	4.455653999999989	4.787543999999991	0.07372147122867186	0.005217022470181954	4.413369012445307	2023-02-01	ne_star	south	2023
2022-09-01	B/Norway/22070/2022_EPI_ISL_13957816	0.004323	4.455653999999989	4.787543999999991	0.07372147122867186	0.0044483605796048495	4.413369012445307	2023-02-01	ne_star	south	2023
2022-09-01	B/Nosy_Be/04869/2022_EPI_ISL_14759185	0.015421	2.7672279999999927	3.3492830000000002	0.07372147122867186	0.015868186097174736	2.723605025917102	2023-02-01	ne_star	south	2023
2022-09-01	B/Nosy_Be/05052/2022_EPI_ISL_14653413	0.016929	2.7672279999999927	3.3492830000000002	0.07372147122867186	0.017419915857536546	2.723605025917102	2023-02-01	ne_star	south	2023
2022-09-01	B/Orebro/1/2022_EPI_ISL_12894009__dup2	0.001172	2.7239799999999916	3.072420000000001	0.07372147122867186	0.0012059862593793394	2.6818126566156546	2023-02-01	ne_star	south	2023
2022-09-01	B/Orebro/2/2022_EPI_ISL_12894010	0.001222	2.7239799999999916	3.072420000000001	0.07372147122867186	0.0012574361851207785	2.6818126566156546	2023-02-01	ne_star	south	2023
2022-09-01	B/Orebro/2/2022_EPI_ISL_12894010__dup2	0.001222	2.7239799999999916	3.072420000000001	0.07372147122867186	0.0012574361851207785	2.6818126566156546	2023-02-01	ne_star	south	2023
2022-09-01	B/Para/181912-IEC/2022_EPI_ISL_11498165	0.000128	2.9583399999999913	3.2470310000000002	-0.18076095732930914	0.00011846077963214164	2.9239435031076106	2023-02-01	ne_star	south	2023
2022-09-01	B/Para/181956-IEC/2022_EPI_ISL_14223080	0.0005780000000000001	2.9583399999999913	3.2470310000000002	-0.18076095732930914	0.0005349244580263897	2.9239435031076106	2023-02-01	ne_star	south	2023
2022-09-01	B/Para/182332-IEC/2022_EPI_ISL_14223339	0.000377	2.9583399999999913	3.2470310000000002	-0.18076095732930914	0.0003489040150102922	2.9239435031076106	2023-02-01	ne_star	south	2023
2022-09-01	B/Para/182333-IEC/2022_EPI_ISL_14224196	0.000664	2.9583399999999913	3.2470310000000002	-0.18076095732930914	0.0006145152943417347	2.9239435031076106	2023-02-01	ne_star	south	2023
2022-09-01	B/Para/182335-IEC/2022_EPI_ISL_14224223	0.000359	3.956746999999992	4.206979999999997	-0.43524338588729017	0.0002988194998164235	3.922546953731851	2023-02-01	ne_star	south	2023
2022-09-01	B/Para/182380-IEC/2022_EPI_ISL_14224237	0.002135	2.9583399999999913	3.2470310000000002	-0.18076095732930914	0.001975888785270488	2.9239435031076106	2023-02-01	ne_star	south	2023
2022-09-01	B/Para/182383-IEC/2022_EPI_ISL_14224324	0.0019030000000000002	2.9583399999999913	3.2470310000000002	-0.18076095732930914	0.001761178622187231	2.9239435031076106	2023-02-01	ne_star	south	2023
2022-09-01	B/Para/182385-IEC/2022_EPI_ISL_14224364	0.001222	2.9583399999999913	3.2470310000000002	-0.18076095732930914	0.0011309302555506022	2.9239435031076106	2023-02-01	ne_star	south	2023
2022-09-01	B/Para/183191-IEC/2022_EPI_ISL_14276604	0.013951	2.9583399999999913	3.2470310000000002	-0.18076095732930914	0.012911299505062564	2.9239435031076106	2023-02-01	ne_star	south	2023
2022-09-01	B/Poland/PL01/2022_EPI_ISL_12943207	0.001441	3.485323999999991	3.7875539999999983	0.07372147122867186	0.0014827868598682832	3.44387881840998	2023-02-01	ne_star	south	2023
2022-09-01	B/Poland/PL26/2022_EPI_ISL_12943210	0.001626	3.485323999999991	3.7875539999999983	0.07372147122867186	0.001673151585111609	3.44387881840998	2023-02-01	ne_star	south	2023
2022-09-01	B/Poland/PL43/2022_EPI_ISL_12943217__dup2	0.001978	3.485323999999991	3.7875539999999983	0.07372147122867186	0.0020353590623313424	3.44387881840998	2023-02-01	ne_star	south	2023
2022-09-01	B/Poland/PL46/2022_EPI_ISL_12943220__dup2	0.002218	4.480867999999989	4.787543999999991	0.07372147122867186	0.0022823187058902514	4.4393141809982	2023-02-01	ne_star	south	2023
2022-09-01	B/Poland/PL47/2022_EPI_ISL_12943222	0.002218	3.485323999999991	3.7875539999999983	0.07372147122867186	0.0022823187058902514	3.44387881840998	2023-02-01	ne_star	south	2023
2022-09-01	B/Qatar/10-VI-22-1458060/2022_EPI_ISL_13817445	0.002303	2.9844399999999918	3.3228690000000003	-0.18076095732930914	0.0021313685585376734	2.94727354417768	2023-02-01	ne_star	south	2023
2022-09-01	B/Qatar/10-VI-22-1458060/2022_EPI_ISL_13817445__dup2	0.002303	2.9844399999999918	3.3228690000000003	-0.18076095732930914	0.0021313685585376734	2.94727354417768	2023-02-01	ne_star	south	2023
2022-09-01	B/Qatar/10-VI-22-1473470/2022_EPI_ISL_13817444	0.002669	2.0009939999999946	2.3497569999999994	0.07372147122867186	0.0027463970360780345	1.9633333455374093	2023-02-01	ne_star	south	2023
2022-09-01	B/Qatar/10-VI-22-1473470/2022_EPI_ISL_13817444__dup2	0.002669	2.0009939999999946	2.3497569999999994	0.07372147122867186	0.0027463970360780345	1.9633333455374093	2023-02-01	ne_star	south	2023
2022-09-01	B/Qatar/10-VI-22-1483780/2022_EPI_ISL_14333258	0.002869	2.0009939999999946	2.3497569999999994	0.07372147122867186	0.002952196739043792	1.9633333455374093	2023-02-01	ne_star	south	2023
2022-09-01	B/Qatar/10-VI-22-1483780/2022_EPI_ISL_14333258__dup2	0.002869	2.0009939999999946	2.3497569999999994	0.07372147122867186	0.002952196739043792	1.9633333455374093	2023-02-01	ne_star	south	2023
2022-09-01	B/Qatar/10-VI-22-1520763/2022_EPI_ISL_14333261	0.0040479999999999995	2.0009939999999946	2.3497569999999994	0.07372147122867186	0.004165385988026933	1.9633333455374093	2023-02-01	ne_star	south	2023
2022-09-01	B/Qatar/10-VI-22-1520763/2022_EPI_ISL_14333261__dup2	0.0040479999999999995	2.0009939999999946	2.3497569999999994	0.07372147122867186	0.004165385988026933	1.9633333455374093	2023-02-01	ne_star	south	2023
2022-09-01	B/Qatar/10-VI-22-1538710/2022_EPI_ISL_13817437	0.004914	2.0009939999999946	2.3497569999999994	0.07372147122867186	0.005056498701868663	1.9633333455374093	2023-02-01	ne_star	south	2023
2022-09-01	B/Qatar/10-VI-22-1538710/2022_EPI_ISL_13817437__dup2	0.004914	2.991145999999991	3.3497470000000003	0.07372147122867186	0.005056498701868663	2.953220348133669	2023-02-01	ne_star	south	2023
2022-09-01	B/Qatar/15-VI-22-1498604/2022_EPI_ISL_13817441	0.003303	2.0009939999999946	2.3497569999999994	0.07372147122867186	0.003398782094479486	1.9633333455374093	2023-02-01	ne_star	south	2023
2022-09-01	B/Qatar/15-VI-22-1498604/2022_EPI_ISL_13817441__dup2	0.003303	2.0009939999999946	2.3497569999999994	0.07372147122867186	0.003398782094479486	1.9633333455374093	2023-02-01	ne_star	south	2023
2022-09-01	B/Qatar/16-VI-22-1506618/2022_EPI_ISL_14333259	0.0034189999999999997	2.0009939999999946	2.3497569999999994	0.07372147122867186	0.003518145922199625	1.9633333455374093	2023-02-01	ne_star	south	2023
2022-09-01	B/Qatar/16-VI-22-1506618/2022_EPI_ISL_14333259__dup2	0.0034189999999999997	2.0009939999999946	2.3497569999999994	0.07372147122867186	0.003518145922199625	1.9633333455374093	2023-02-01	ne_star	south	2023
2022-09-01	B/Qatar/16-VI-22-1506796/2022_EPI_ISL_14333260	0.003539	2.0009939999999946	2.3497569999999994	0.07372147122867186	0.00364162574397908	1.9633333455374093	2023-02-01	ne_star	south	2023
2022-09-01	B/Qatar/21-VI-22-1384971/2022_EPI_ISL_13817448	0.001172	2.0009939999999946	2.3497569999999994	0.07372147122867186	0.0012059862593793394	1.9633333455374093	2023-02-01	ne_star	south	2023
2022-09-01	B/Qatar/21-VI-22-1384971/2022_EPI_ISL_13817448__dup2	0.001172	2.0009939999999946	2.3497569999999994	0.07372147122867186	0.0012059862593793394	1.9633333455374093	2023-02-01	ne_star	south	2023
2022-09-01	B/Qatar/21-VI-22-1402857/2022_EPI_ISL_13817447	0.001328	2.0009939999999946	2.3497569999999994	0.07372147122867186	0.0013665100276926301	1.9633333455374093	2023-02-01	ne_star	south	2023
2022-09-01	B/Qatar/21-VI-22-1402857/2022_EPI_ISL_13817447__dup2	0.001328	2.0009939999999946	2.3497569999999994	0.07372147122867186	0.0013665100276926301	1.9633333455374093	2023-02-01	ne_star	south	2023
2022-09-01	B/Qatar/21-VI-22-1481523/2022_EPI_ISL_13817449	0.002768	2.7239799999999916	3.072420000000001	0.07372147122867186	0.0028482678890460844	2.6818126566156546	2023-02-01	ne_star	south	2023
2022-09-01	B/Qatar/21-VI-22-1481523/2022_EPI_ISL_13817449__dup2	0.002768	3.704982999999992	4.072409999999999	0.07372147122867186	0.0028482678890460844	3.662285351799749	2023-02-01	ne_star	south	2023
2022-09-01	B/Qatar/32-VI-22-1467769/2022_EPI_ISL_13817435	0.0024809999999999997	2.0009939999999946	2.3497569999999994	0.07372147122867186	0.002552945315290222	1.9633333455374093	2023-02-01	ne_star	south	2023
2022-09-01	B/Qatar/32-VI-22-1547063/2022_EPI_ISL_13817436	0.00507	2.0009939999999946	2.3497569999999994	0.07372147122867186	0.005217022470181954	1.9633333455374093	2023-02-01	ne_star	south	2023
2022-09-01	B/Qatar/34-VI-22-1454562/2022_EPI_ISL_13817446	0.002135	4.369708999999993	4.863470999999995	0.07372147122867186	0.002196911829159462	4.33538102798364	2023-02-01	ne_star	south	2023
2022-09-01	B/Qatar/47-VI-22-1481923/2022_EPI_ISL_13817443	0.002869	2.995235999999992	3.3496230000000002	0.07372147122867186	0.002952196739043792	2.9574289520593187	2023-02-01	ne_star	south	2023
2022-09-01	B/Qinghai-Chengbei/1100/2022_EPI_ISL_14033436	9.2e-05	3.072563999999994	3.836078999999997	0.07372147122867186	9.466786336424848e-05	3.041512498128984	2023-02-01	ne_star	south	2023
2022-09-01	B/Rhode_Island/01/2022_EPI_ISL_10492375	4.3e-05	5.993441999999993	6.337017999999997	0.07372147122867186	4.424693613763787e-05	5.956107419457177	2023-02-01	ne_star	south	2023
2022-09-01	B/Rhode_Island/01/2022_EPI_ISL_10492375__dup2	4.3e-05	5.993441999999993	6.337017999999997	0.07372147122867186	4.424693613763787e-05	5.956107419457177	2023-02-01	ne_star	south	2023
2022-09-01	B/Romania/519824/2022_EPI_ISL_14333265__dup2	0.00829	2.0009939999999946	2.3497569999999994	0.07372147122867186	0.00853039768793065	1.9633333455374093	2023-02-01	ne_star	south	2023
2022-09-01	B/Romania/519830/2022_EPI_ISL_13983271	0.00829	2.0009939999999946	2.3497569999999994	0.07372147122867186	0.00853039768793065	1.9633333455374093	2023-02-01	ne_star	south	2023
2022-09-01	B/Romania/519831/2022_EPI_ISL_14333266	0.00829	2.0009939999999946	2.3497569999999994	0.07372147122867186	0.00853039768793065	1.9633333455374093	2023-02-01	ne_star	south	2023
2022-09-01	B/Saint-Petersburg/RII-05V/2022_EPI_ISL_13331878	0.0005780000000000001	2.4274369999999936	2.9030590000000003	0.07372147122867186	0.0005947611415710394	2.394509173088036	2023-02-01	ne_star	south	2023
2022-09-01	B/Saint-Petersburg/RII-16646S/2022_EPI_ISL_13331875	0.000479	2.4274369999999936	2.9030590000000003	0.07372147122867186	0.0004928902886029893	2.394509173088036	2023-02-01	ne_star	south	2023
2022-09-01	B/Saint-Petersburg/RII-17745S/2022_EPI_ISL_13331876	0.0005780000000000001	4.628411999999987	5.086731999999994	-0.43524338588729017	0.0004811077183673895	4.593890856328385	2023-02-01	ne_star	south	2023
2022-09-01	B/Sakhalin/209-51V/2022_EPI_ISL_13156666	3.2e-05	2.4274369999999936	2.9030590000000003	0.07372147122867186	3.292795247452121e-05	2.394509173088036	2023-02-01	ne_star	south	2023
2022-09-01	B/Samara/13/2022_EPI_ISL_13345792	1.1e-05	3.4172219999999953	3.902996999999997	0.07372147122867186	1.1318983663116664e-05	3.3860123839409217	2023-02-01	ne_star	south	2023
2022-09-01	B/Samara/13/2022_EPI_ISL_13345792__dup2	1.1e-05	3.4172219999999953	3.902996999999997	0.07372147122867186	1.1318983663116664e-05	3.3860123839409217	2023-02-01	ne_star	south	2023
2022-09-01	B/Samara/13/2022_EPI_ISL_13345792__dup3	1.1e-05	3.4223029999999954	3.903022999999997	0.07372147122867186	1.1318983663116664e-05	3.3902438000389843	2023-02-01	ne_star	south	2023
2022-09-01	B/Serbia/1675/2022_EPI_ISL_14466299	0.000907	2.998813999999992	3.3372750000000004	0.07372147122867186	0.0009333016529497106	2.9611107087453763	2023-02-01	ne_star	south	2023
2022-09-01	B/Serbia/2127/2022_EPI_ISL_13957818	0.001441	2.0009939999999946	2.3497569999999994	0.07372147122867186	0.0014827868598682832	1.9633333455374093	2023-02-01	ne_star	south	2023
2022-09-01	B/Serbia/2652/2022_EPI_ISL_13957817	0.0053939999999999995	2.0009939999999946	2.3497569999999994	0.07372147122867186	0.005550417988986481	1.9633333455374093	2023-02-01	ne_star	south	2023
2022-09-01	B/Shaanxi-Baota/1208/2022_EPI_ISL_14033384	0.000135	3.072563999999994	3.836078999999997	0.07372147122867186	0.00013891479950188634	3.041512498128984	2023-02-01	ne_star	south	2023
2022-09-01	B/Shaanxi-Baota/1278/2022_EPI_ISL_14033358	0.000266	4.017933999999995	4.8360689999999975	0.07372147122867186	0.00027371360494445756	3.9878547225985437	2023-02-01	ne_star	south	2023
2022-09-01	B/Shaanxi-Baota/1278/2022_EPI_ISL_14033358__dup5	0.000266	4.017933999999995	4.8360689999999975	0.07372147122867186	0.00027371360494445756	3.9878547225985437	2023-02-01	ne_star	south	2023
2022-09-01	B/Shaanxi-Linwei/1163/2022_EPI_ISL_14033291	0.000294	5.036670999999992	5.823424999999993	0.07372147122867186	0.00030252556335966355	5.005813959955867	2023-02-01	ne_star	south	2023
2022-09-01	B/Shaanxi-Qindou/1421/2022_EPI_ISL_14033236	0.0031899999999999997	4.017933999999995	4.8360689999999975	0.07372147122867186	0.003282505262303833	3.9878547225985437	2023-02-01	ne_star	south	2023
2022-09-01	B/Shaanxi-Yuyang/1231/2022_EPI_ISL_14456633	0.000325	3.072563999999994	3.836078999999997	0.07372147122867186	0.00033442451731935597	3.041512498128984	2023-02-01	ne_star	south	2023
2022-09-01	B/Shandong-Boshan/1114/2022_EPI_ISL_14033439	0.000102	7.0441270000000005	7.707235999999996	0.07372147122867186	0.00010495784851253635	7.012218487254238	2023-02-01	ne_star	south	2023
2022-09-01	B/Shandong-Boshan/1114/2022_EPI_ISL_14033439__dup2	0.000102	7.0441270000000005	7.707235999999996	0.07372147122867186	0.00010495784851253635	7.012218487254238	2023-02-01	ne_star	south	2023
2022-09-01	B/Shandong-Daiyue/17/2022_EPI_ISL_14033536	1.2e-05	7.0441270000000005	7.707235999999996	0.07372147122867186	1.2347982177945454e-05	7.012218487254238	2023-02-01	ne_star	south	2023
2022-09-01	B/Shandong-Fushan/1256/2022_EPI_ISL_14033294	0.001172	4.063391999999996	4.835074999999998	0.07372147122867186	0.0012059862593793394	4.032489114824333	2023-02-01	ne_star	south	2023
2022-09-01	B/Shandong-Rencheng/1206/2022_EPI_ISL_14033453	4.6e-05	7.0441270000000005	7.707235999999996	0.07372147122867186	4.733393168212424e-05	7.012218487254238	2023-02-01	ne_star	south	2023
2022-09-01	B/Shandong-Shizhong/1123/2022_EPI_ISL_14033392	0.00045700000000000005	4.017933999999995	4.8360689999999975	0.07372147122867186	0.00047025232127675606	3.9878547225985437	2023-02-01	ne_star	south	2023
2022-09-01	B/Shanxi-Chengqu/1104/2022_EPI_ISL_14033478	8.7e-05	3.072563999999994	3.836078999999997	0.07372147122867186	8.952287079010453e-05	3.041512498128984	2023-02-01	ne_star	south	2023
2022-09-01	B/Shanxi-Chengqu/119/2022_EPI_ISL_13497746	1.2e-05	4.059913999999995	4.714874999999998	0.07372147122867186	1.2347982177945454e-05	4.028559933877103	2023-02-01	ne_star	south	2023
2022-09-01	B/Shanxi-Chengqu/119/2022_EPI_ISL_13497746__dup3	1.2e-05	4.059913999999995	4.714874999999998	0.07372147122867186	1.2347982177945454e-05	4.028559933877103	2023-02-01	ne_star	south	2023
2022-09-01	B/Shanxi-Lishi/153/2022_EPI_ISL_14033576	2.8000000000000013e-05	4.072293999999996	4.835986999999998	-0.18076095732930914	2.5913295544530994e-05	4.041299192476711	2023-02-01	ne_star	south	2023
2022-09-01	B/Shanxi-Xinfu/133/2022_EPI_ISL_14033574__dup2	2.1e-05	5.01634099999999	5.796017999999992	-0.18076095732930914	1.943497165839824e-05	4.986458173222784	2023-02-01	ne_star	south	2023
2022-09-01	B/Shanxi-Yuci/119/2022_EPI_ISL_14033577	1.3000000000000001e-05	4.072517999999995	4.8211809999999975	-0.18076095732930914	1.2031172931389386e-05	4.04148843578312	2023-02-01	ne_star	south	2023
2022-09-01	B/Sichuan-Chuanshan/1116/2022_EPI_ISL_14033425	9.2e-05	3.072563999999994	3.836078999999997	0.07372147122867186	9.466786336424848e-05	3.041512498128984	2023-02-01	ne_star	south	2023
2022-09-01	B/Sichuan-Chuanshan/1329/2022_EPI_ISL_14033341	0.0008300000000000001	8.854489999999988	9.597782999999993	0.07372147122867186	0.0008540687673078939	8.824147642326437	2023-02-01	ne_star	south	2023
2022-09-01	B/Sichuan-Gaoxin/1188/2022_EPI_ISL_14033377	0.000342	3.072563999999994	3.836078999999997	0.07372147122867186	0.0003519174920714454	3.041512498128984	2023-02-01	ne_star	south	2023
2022-09-01	B/Sichuan-Qingyang/1228/2022_EPI_ISL_14033502	9.7e-05	4.064193999999996	4.835453999999999	-0.43524338588729017	8.073953059106708e-05	4.034546969766229	2023-02-01	ne_star	south	2023
2022-09-01	B/Sichuan-Qingyang/1769/2022_EPI_ISL_14033237	0.002574	3.072563999999994	3.836078999999997	0.07372147122867186	0.0026486421771692997	3.041512498128984	2023-02-01	ne_star	south	2023
2022-09-01	B/Sichuan-Qingyang/1769/2022_EPI_ISL_14033237__dup2	0.002574	4.038805999999996	4.823630999999997	0.07372147122867186	0.0026486421771692997	4.007841114200566	2023-02-01	ne_star	south	2023
2022-09-01	B/Sichuan-Shunqing/1169/2022_EPI_ISL_14033411	0.00023999999999999998	7.0441270000000005	7.707235999999996	0.07372147122867186	0.000246959643558909	7.012218487254238	2023-02-01	ne_star	south	2023
2022-09-01	B/Singapore/GP1962/2022_EPI_ISL_13835116	0.008071	3.9657519999999913	4.215394999999997	-0.18076095732930914	0.007469507440711056	3.930751053336624	2023-02-01	ne_star	south	2023
2022-09-01	B/Singapore/KK0037/2022_EPI_ISL_13835113	0.008512	3.8218519999999914	4.348602999999995	-0.18076095732930914	0.007877641845537419	3.798895574985364	2023-02-01	ne_star	south	2023
2022-09-01	B/Singapore/KK0038/2022_EPI_ISL_13835114	0.009202	3.8218519999999914	4.348602999999995	-0.18076095732930914	0.008516219485741933	3.798895574985364	2023-02-01	ne_star	south	2023
2022-09-01	B/Singapore/KK0039/2022_EPI_ISL_13835115	0.010931999999999999	3.8218519999999914	4.348602999999995	-0.18076095732930914	0.010117290960457596	3.798895574985364	2023-02-01	ne_star	south	2023
2022-09-01	B/Singapore/SAR0028/2022_EPI_ISL_13835103	1e-05	4.42386299999999	4.857585999999994	-0.18076095732930914	9.254748408761068e-06	4.391100761997788	2023-02-01	ne_star	south	2023
2022-09-01	B/Singapore/SAR0562/2022_EPI_ISL_13835104	1.2e-05	3.425843999999995	3.8630079999999976	0.07372147122867186	1.2347982177945454e-05	3.393112623712277	2023-02-01	ne_star	south	2023
2022-09-01	B/Singapore/SAR0615/2022_EPI_ISL_13835105	1.2e-05	3.425843999999995	3.8630079999999976	0.07372147122867186	1.2347982177945454e-05	3.393112623712277	2023-02-01	ne_star	south	2023
2022-09-01	B/Singapore/SAR0691/2022_EPI_ISL_13835106	1.4000000000000001e-05	2.0009939999999946	2.3497569999999994	0.07372147122867186	1.440597920760303e-05	1.9633333455374093	2023-02-01	ne_star	south	2023
2022-09-01	B/Singapore/SAR0950/2022_EPI_ISL_13835107	1.6e-05	2.0009939999999946	2.3497569999999994	0.07372147122867186	1.6463976237260604e-05	1.9633333455374093	2023-02-01	ne_star	south	2023
2022-09-01	B/Singapore/SAR1125/2022_EPI_ISL_13835108	1.8e-05	3.425843999999995	3.8630079999999976	0.07372147122867186	1.852197326691818e-05	3.393112623712277	2023-02-01	ne_star	south	2023
2022-09-01	B/Singapore/SAR1224/2022_EPI_ISL_13835109	1.9e-05	4.42386299999999	4.857585999999994	-0.18076095732930914	1.7584021976646024e-05	4.391100761997788	2023-02-01	ne_star	south	2023
2022-09-01	B/Singapore/SAR1316/2022_EPI_ISL_13835110	2.1e-05	3.425843999999995	3.8630079999999976	0.07372147122867186	2.160896881140454e-05	3.393112623712277	2023-02-01	ne_star	south	2023
2022-09-01	B/Singapore/SAR1758/2022_EPI_ISL_13835111	2.4e-05	3.425843999999995	3.8630079999999976	0.07372147122867186	2.469596435589091e-05	3.393112623712277	2023-02-01	ne_star	south	2023
2022-09-01	B/Singapore/SAR3200/2022_EPI_ISL_13835112	2.9999999999999997e-05	3.425843999999995	3.8630079999999976	0.07372147122867186	3.0869955444863626e-05	3.393112623712277	2023-02-01	ne_star	south	2023
2022-09-01	B/Singapore/SAR3789/2022_EPI_ISL_13835117	3.2e-05	3.425843999999995	3.8630079999999976	0.07372147122867186	3.292795247452121e-05	3.393112623712277	2023-02-01	ne_star	south	2023
2022-09-01	B/Singapore/SAR3797/2022_EPI_ISL_13835118	3.2e-05	4.42575999999999	4.862997999999994	-0.18076095732930914	2.961519490803541e-05	4.393053393322462	2023-02-01	ne_star	south	2023
2022-09-01	B/Singapore/SAR4103/2022_EPI_ISL_13835119	3.4e-05	3.425843999999995	3.8630079999999976	0.07372147122867186	3.4985949504178785e-05	3.393112623712277	2023-02-01	ne_star	south	2023
2022-09-01	B/Sodertalje/1/2022_EPI_ISL_12121020	0.000294	2.0009939999999946	2.3497569999999994	0.07372147122867186	0.00030252556335966355	1.9633333455374093	2023-02-01	ne_star	south	2023
2022-09-01	B/South_Africa/R00493/2022_EPI_ISL_14467490	1.4999999999999999e-05	3.4147869999999942	3.781854999999999	0.07372147122867186	1.5434977722431813e-05	3.381556608836156	2023-02-01	ne_star	south	2023
2022-09-01	B/South_Africa/R05391/2022_EPI_ISL_13957811	0.0052299999999999	3.4147869999999942	3.781854999999999	0.07372147122867186	0.005381662232554456	3.381556608836156	2023-02-01	ne_star	south	2023
2022-09-01	B/South_Australia/2/2022_EPI_ISL_14115536	0.014241	2.8251239999999918	3.2039210000000002	-0.18076095732930914	0.013179687208916635	2.7880037393452866	2023-02-01	ne_star	south	2023
2022-09-01	B/Sri_Lanka/1/2022_EPI_ISL_10331631	2.2e-05	3.9852779999999917	4.349736999999996	0.07372147122867186	2.263796732623333e-05	3.9473711570421894	2023-02-01	ne_star	south	2023
2022-09-01	B/Stockholm/1/2022_EPI_ISL_12120575	6.9e-05	2.0009939999999946	2.3497569999999994	0.07372147122867186	7.100089752318635e-05	1.9633333455374093	2023-02-01	ne_star	south	2023
2022-09-01	B/Stockholm/1/2022_EPI_ISL_12120575__dup2	6.9e-05	2.0009939999999946	2.3497569999999994	0.07372147122867186	7.100089752318635e-05	1.9633333455374093	2023-02-01	ne_star	south	2023
2022-09-01	B/Stockholm/2/2022_EPI_ISL_12121019	0.00028	2.0009939999999946	2.3497569999999994	0.07372147122867186	0.00028811958415206053	1.9633333455374093	2023-02-01	ne_star	south	2023
2022-09-01	B/Stockholm/2/2022_EPI_ISL_12121019__dup2	0.00028	2.0009939999999946	2.3497569999999994	0.07372147122867186	0.00028811958415206053	1.9633333455374093	2023-02-01	ne_star	south	2023
2022-09-01	B/Stockholm/3/2022_EPI_ISL_12894006	0.0008300000000000001	3.485323999999991	3.7875539999999983	0.07372147122867186	0.0008540687673078939	3.44387881840998	2023-02-01	ne_star	south	2023
2022-09-01	B/Stockholm/3/2022_EPI_ISL_12894006__dup3	0.0008300000000000001	3.485323999999991	3.7875539999999983	0.07372147122867186	0.0008540687673078939	3.44387881840998	2023-02-01	ne_star	south	2023
2022-09-01	B/Stockholm/5/2022_EPI_ISL_14755419	0.009679	2.0009939999999946	2.3497569999999994	0.07372147122867186	0.009959676625027837	1.9633333455374093	2023-02-01	ne_star	south	2023
2022-09-01	B/Stockholm/6/2022_EPI_ISL_14755420	0.010169	2.0009939999999946	2.3497569999999994	0.07372147122867186	0.010463885897293941	1.9633333455374093	2023-02-01	ne_star	south	2023
2022-09-01	B/Stockholm/7/2022_EPI_ISL_14755422	0.011192	2.0009939999999946	2.3497569999999994	0.07372147122867186	0.011516551377963792	1.9633333455374093	2023-02-01	ne_star	south	2023
2022-09-01	B/Tambov/CRIE/180/2022_EPI_ISL_10340375	6.500000000000001e-05	2.4274369999999936	2.9030590000000003	0.07372147122867186	6.688490346387121e-05	2.394509173088036	2023-02-01	ne_star	south	2023
2022-09-01	B/Tianjin-Nankai/1219/2022_EPI_ISL_14033361	0.000102	3.072563999999994	3.836078999999997	0.07372147122867186	0.00010495784851253635	3.041512498128984	2023-02-01	ne_star	south	2023
2022-09-01	B/Togo/1186/2022_EPI_ISL_13957812	0.006642	3.9693099999999912	4.121009999999996	0.07372147122867186	0.006834608135492809	3.9308141890937005	2023-02-01	ne_star	south	2023
2022-09-01	B/Togo/726/2022_EPI_ISL_13957814	0.000664	2.984409999999992	3.2777750000000005	0.07372147122867186	0.0006832550138463151	2.946331486697319	2023-02-01	ne_star	south	2023
2022-09-01	B/Togo/777/2022_EPI_ISL_13957813	0.000868	4.967553999999992	5.108627999999991	0.07372147122867186	0.0008931707108713878	4.929027847671961	2023-02-01	ne_star	south	2023
2022-09-01	B/Tver/CRIE/179/2021_EPI_ISL_9993346	5.5e-05	2.4274369999999936	2.9030590000000003	0.07372147122867186	5.6594918315583326e-05	2.394509173088036	2023-02-01	ne_star	south	2023
2022-09-01	B/Ukraine/369/2022_EPI_ISL_14333274	0.00045700000000000005	3.485323999999991	3.7875539999999983	0.07372147122867186	0.00047025232127675606	3.44387881840998	2023-02-01	ne_star	south	2023
2022-09-01	B/Ukraine/402/2022_EPI_ISL_14333268	0.0024809999999999997	3.485323999999991	3.7875539999999983	0.07372147122867186	0.002552945315290222	3.44387881840998	2023-02-01	ne_star	south	2023
2022-09-01	B/Ukraine/402/2022_EPI_ISL_14333268__dup2	0.0024809999999999997	3.485323999999991	3.7875539999999983	0.07372147122867186	0.002552945315290222	3.44387881840998	2023-02-01	ne_star	south	2023
2022-09-01	B/Ukraine/407/2022_EPI_ISL_14333269	0.009202	3.485323999999991	3.7875539999999983	0.07372147122867186	0.009468844333454504	3.44387881840998	2023-02-01	ne_star	south	2023
2022-09-01	B/Volgograd/202-a104V/2022_EPI_ISL_9636764	1.6e-05	2.4274369999999936	2.9030590000000003	0.07372147122867186	1.6463976237260604e-05	2.394509173088036	2023-02-01	ne_star	south	2023
2022-09-01	B/Volgograd/202-a104V/2022_EPI_ISL_9636764__dup2	1.6e-05	2.4274369999999936	2.9030590000000003	0.07372147122867186	1.6463976237260604e-05	2.394509173088036	2023-02-01	ne_star	south	2023
2022-09-01	B/Xinjiang-Bole/1186/2022_EPI_ISL_14033493	7.3e-05	3.072563999999994	3.836078999999997	0.07372147122867186	7.51168915825015e-05	3.041512498128984	2023-02-01	ne_star	south	2023
2022-09-01	B/Xinjiang-Hetian/1345/2022_EPI_ISL_14033297	0.000634	8.854489999999988	9.597782999999993	0.07372147122867186	0.0006523850584014514	8.824147642326437	2023-02-01	ne_star	south	2023
2022-09-01	B/Xinjiang-Yining/1175/2022_EPI_ISL_14033460	8.2e-05	5.063459999999992	5.8354439999999945	-0.18076095732930914	7.588893695184074e-05	5.033829242709166	2023-02-01	ne_star	south	2023
2022-09-01	B/Xinjiang-Yizhou/1164/2022_EPI_ISL_14033422	0.0001419999999999	4.064193999999996	4.835453999999999	-0.43524338588729017	0.00011819601385488094	4.034546969766229	2023-02-01	ne_star	south	2023
2022-09-01	B/Yunnan-Anning/1120/2022_EPI_ISL_14033388	0.000217	10.021290999999994	10.396270000000001	-0.43524338588729017	0.00018062348596145934	9.994998919585374	2023-02-01	ne_star	south	2023
2022-09-01	B/Yunnan-Qilin/1414/2022_EPI_ISL_14033219	0.00829	3.072563999999994	3.836078999999997	0.07372147122867186	0.00853039768793065	3.041512498128984	2023-02-01	ne_star	south	2023
2022-09-01	B/Yunnan-Qilin/166/2022_EPI_ISL_14033504	3.6e-05	4.071315999999995	4.8360689999999975	0.07372147122867186	3.704394653383636e-05	4.04047619479918	2023-02-01	ne_star	south	2023
2022-09-01	B/Yunnan-Shiping/34/2022_EPI_ISL_14033505	1.9e-05	8.854489999999988	9.597782999999993	0.07372147122867186	1.955097178174697e-05	8.824147642326437	2023-02-01	ne_star	south	2023
2022-09-01	B/Yunnan-Wuhua/1135/2022_EPI_ISL_14033443	0.000102	4.065959999999995	4.8360689999999975	-0.18076095732930914	9.439843376936288e-05	4.035419171776654	2023-02-01	ne_star	south	2023
2022-09-01	B/Yunnan-Yingjiang/33/2022_EPI_ISL_14033259	0.001441	6.046549999999997	6.768541999999994	-0.18076095732930914	0.0013336092457024698	6.017502579299185	2023-02-01	ne_star	south	2023
2022-09-01	B/Zhejiang-Dinghai/1322/2022_EPI_ISL_14033348	0.0008300000000000001	3.072563999999994	3.836078999999997	0.07372147122867186	0.0008540687673078939	3.041512498128984	2023-02-01	ne_star	south	2023
2022-09-01	B/Zhejiang-Gongshu/1119/2022_EPI_ISL_14033447	7.7e-05	4.009581999999995	4.7147679999999985	-0.18076095732930914	7.126156274746021e-05	3.982104654163564	2023-02-01	ne_star	south	2023
2022-09-01	B/Zhejiang-Haishu/1206/2022_EPI_ISL_14033481	7.3e-05	3.072563999999994	3.836078999999997	0.07372147122867186	7.51168915825015e-05	3.041512498128984	2023-02-01	ne_star	south	2023
2022-09-01	B/Zhejiang-Liandou/1146/2022_EPI_ISL_14033479	9.7e-05	5.0653819999999925	5.661549999999994	-0.18076095732930914	8.977105956498233e-05	5.034270848309635	2023-02-01	ne_star	south	2023
2022-09-01	B/Zhejiang-Linhai/1328/2022_EPI_ISL_14033265	0.000868	5.045386999999992	5.823434999999993	-0.18076095732930914	0.0008033121618804605	5.01466811030405	2023-02-01	ne_star	south	2023
2022-09-01	B/Zhejiang-Longwan/1160/2022_EPI_ISL_14033446	9.7e-05	3.072563999999994	3.836078999999997	0.07372147122867186	9.981285593839241e-05	3.041512498128984	2023-02-01	ne_star	south	2023
2022-09-01	B/Zhejiang-Longwan/1197/2022_EPI_ISL_14033480	0.000102	3.072563999999994	3.836078999999997	0.07372147122867186	0.00010495784851253635	3.041512498128984	2023-02-01	ne_star	south	2023
2022-09-01	B/Zhejiang-Longwan/1573/2022_EPI_ISL_14033227	0.0052299999999999	3.072563999999994	3.836078999999997	0.07372147122867186	0.005381662232554456	3.041512498128984	2023-02-01	ne_star	south	2023
2022-09-01	B/Zhejiang-Nanhu/1374/2022_EPI_ISL_14033253	0.001562	5.054081999999991	5.634415999999995	0.07372147122867186	0.0016072956801625664	5.025507606166762	2023-02-01	ne_star	south	2023
2022-09-01	B/Zhejiang-Nanhu/1517/2022_EPI_ISL_14033226	0.006266	5.992761999999997	6.835200999999991	-0.43524338588729017	0.005215607202923983	5.9669293614976695	2023-02-01	ne_star	south	2023
2022-09-01	B/Zhejiang-Yuecheng/1554/2022_EPI_ISL_14033250	0.0019030000000000002	3.072563999999994	3.836078999999997	0.07372147122867186	0.0019581841737191835	3.041512498128984	2023-02-01	ne_star	south	2023
2023-09-01	A/Pakistan/GIHSN/ICT/1091/2023_EPI_ISL_17087764	0.000143	2.6492509999999974	3.106640999999991	0.06303982862296559	0.0001465105316307802	2.6328512837217657	2024-02-01	ne_star	south	2024
2023-09-01	A/Pakistan/GIHSN/ICT/1094/2023_EPI_ISL_17087763	0.000143	11.635418999999983	12.114206999999958	0.06303982862296559	0.0001465105316307802	11.62037853433888	2024-02-01	ne_star	south	2024
2023-09-01	B/AICHI/1/2023_EPI_ISL_17517224	0.000175	2.6497549999999968	3.1321349999999906	-0.2898041755742982	0.00015478240976955562	2.6334166838953226	2024-02-01	ne_star	south	2024
2023-09-01	B/AICHI/3/2023_EPI_ISL_17789907	0.000927	4.910947999999994	5.467976999999987	-0.2898041755742982	0.0008199045363221603	4.888477592792627	2024-02-01	ne_star	south	2024
2023-09-01	B/Abu_Dhabi/3959/2023_EPI_ISL_17981374	0.000788	1.6501219999999992	2.1321449999999973	0.06303982862296559	0.0008073447477276559	1.6337262487148605	2024-02-01	ne_star	south	2024
2023-09-01	B/Abu_Dhabi/3967/2023_EPI_ISL_17981405	0.0008210000000000001	1.6501219999999992	2.1321449999999973	0.06303982862296559	0.0008411548704116823	1.6337262487148605	2024-02-01	ne_star	south	2024
2023-09-01	B/Abu_Dhabi/4313/2023_EPI_ISL_17981370	0.001129	1.6501219999999992	2.1321449999999973	0.06303982862296559	0.0011567160154625934	1.6337262487148605	2024-02-01	ne_star	south	2024
2023-09-01	B/Abu_Dhabi/4584/2023_EPI_ISL_17981413	0.001526	1.6501219999999992	2.1321449999999973	0.06303982862296559	0.001563462036843151	1.6337262487148605	2024-02-01	ne_star	south	2024
2023-09-01	B/Abu_Dhabi/4719/2023_EPI_ISL_17981364	0.0018280000000000002	1.6501219999999992	2.1321449999999973	0.06303982862296559	0.0018728758868606032	1.6337262487148605	2024-02-01	ne_star	south	2024
2023-09-01	B/Abu_Dhabi/5090/2023_EPI_ISL_17981403	0.002323	4.837673999999992	5.436344999999987	0.06303982862296559	0.002380027727120996	4.813608170378145	2024-02-01	ne_star	south	2024
2023-09-01	B/Abu_Dhabi/5348/2023_EPI_ISL_17981352	0.002649	3.455982999999993	3.872333999999992	-0.642648179771562	0.002022629148945743	3.4411610957866636	2024-02-01	ne_star	south	2024
2023-09-01	B/Abu_Dhabi/5590/2023_EPI_ISL_17981397	0.0031030000000000003	4.837673999999992	5.436344999999987	0.06303982862296559	0.003179176081470706	4.813608170378145	2024-02-01	ne_star	south	2024
2023-09-01	B/Abu_Dhabi/6509/2023_EPI_ISL_18109007	0.005742000000000001	4.837673999999992	5.436344999999987	0.06303982862296559	0.00588296134702056	4.813608170378145	2024-02-01	ne_star	south	2024
2023-09-01	B/Abu_Dhabi/7156/2023_EPI_ISL_18108982	0.008622	1.6501219999999992	2.1321449999999973	0.06303982862296559	0.008833662963081025	1.6337262487148605	2024-02-01	ne_star	south	2024
2023-09-01	B/Abu_Dhabi/7273/2023_EPI_ISL_18108988	0.009149	1.6501219999999992	2.1321449999999973	0.06303982862296559	0.009373600376853202	1.6337262487148605	2024-02-01	ne_star	south	2024
2023-09-01	B/Abu_Dhabi/7278/2023_EPI_ISL_18109019	0.009149	1.6501219999999992	2.1321449999999973	0.06303982862296559	0.009373600376853202	1.6337262487148605	2024-02-01	ne_star	south	2024
2023-09-01	B/Abu_Dhabi/7582/2023_EPI_ISL_18109017	0.010952	3.086558999999995	2.995938999999994	0.06303982862296559	0.011220862534407726	3.0813307951380198	2024-02-01	ne_star	south	2024
2023-09-01	B/Abu_Dhabi/7881/2023_EPI_ISL_18108999	0.012405	2.365639999999997	2.625398999999994	0.06303982862296559	0.012709532481677121	2.3486257631716034	2024-02-01	ne_star	south	2024
2023-09-01	B/Abu_Dhabi/7991/2023_EPI_ISL_18108987	0.01294	2.365639999999997	2.625398999999994	0.06303982862296559	0.013257666288827243	2.3486257631716034	2024-02-01	ne_star	south	2024
2023-09-01	B/Ajman/6971/2023_EPI_ISL_18108978	0.006333	4.837673999999992	5.436344999999987	0.06303982862296559	0.0064884699078163015	4.813608170378145	2024-02-01	ne_star	south	2024
2023-09-01	B/Ajman/7330/2023_EPI_ISL_18108994	0.008106	1.6501219999999992	2.1321449999999973	0.06303982862296559	0.008304995590203527	1.6337262487148605	2024-02-01	ne_star	south	2024
2023-09-01	B/Ajman/8129/2023_EPI_ISL_18109000	0.012225	4.837673999999992	5.436344999999987	0.06303982862296559	0.012525113630673343	4.813608170378145	2024-02-01	ne_star	south	2024
2023-09-01	B/Alagoas/4394/2023_EPI_ISL_17699825	0.00045099999999999996	1.6501219999999992	2.1321449999999973	0.06303982862296559	0.0004620716766816914	1.6337262487148605	2024-02-01	ne_star	south	2024
2023-09-01	B/Alagoas/5104/2023_EPI_ISL_18092240	0.002736	2.6423099999999966	3.1321349999999906	-0.2898041755742982	0.0024199124178828813	2.626506396151975	2024-02-01	ne_star	south	2024
2023-09-01	B/Alagoas/5763/2023_EPI_ISL_18092308	0.005742000000000001	1.6501219999999992	2.1321449999999973	0.06303982862296559	0.00588296134702056	1.6337262487148605	2024-02-01	ne_star	south	2024
2023-09-01	B/Amapa/2023-004388-IEC/2023_EPI_ISL_17464551	2.4e-05	4.589158999999998	5.12120899999999	0.06303982862296559	2.4589180133837237e-05	4.573667741786691	2024-02-01	ne_star	south	2024
2023-09-01	B/Amapa/2023-008662-IEC/2023_EPI_ISL_17681726	0.000376	5.588389999999986	6.121198999999985	0.06303982862296559	0.00038523048876345004	5.572897280809168	2024-02-01	ne_star	south	2024
2023-09-01	B/Amazonas/2023-011223-IEC/2023_EPI_ISL_17858038	0.001219	1.6501219999999992	2.1321449999999973	0.06303982862296559	0.001248925440964483	1.6337262487148605	2024-02-01	ne_star	south	2024
2023-09-01	B/Amazonas/2023-019938-IEC/2023_EPI_ISL_18075635	0.0038280000000000002	1.6501219999999992	2.1321449999999973	0.06303982862296559	0.0039219742313470396	1.6337262487148605	2024-02-01	ne_star	south	2024
2023-09-01	B/Antananarivo/01669/2023_EPI_ISL_18167567	0.005459	3.4459649999999944	4.109180999999991	0.06303982862296559	0.005593013931275729	3.428312676595387	2024-02-01	ne_star	south	2024
2023-09-01	B/Antananarivo/01691/2023_EPI_ISL_18167586__dup2	0.005742000000000001	2.5330629999999976	3.1243829999999906	0.06303982862296559	0.00588296134702056	2.5156712037803333	2024-02-01	ne_star	south	2024
2023-09-01	B/Antananarivo/01738/2023_EPI_ISL_18167596__dup2	0.006640000000000001	4.432149999999996	5.10915099999999	-0.2898041755742982	0.005872886862113425	4.4161087469382405	2024-02-01	ne_star	south	2024
2023-09-01	B/Antananarivo/01767/2023_EPI_ISL_18167592__dup2	0.0074379999999999	3.4459649999999944	4.109180999999991	0.06303982862296559	0.007620596743144956	3.428312676595387	2024-02-01	ne_star	south	2024
2023-09-01	B/Antananarivo/40656/2023_EPI_ISL_18167595	0.010043	3.4459649999999944	4.109180999999991	0.06303982862296559	0.01028954733683864	3.428312676595387	2024-02-01	ne_star	south	2024
2023-09-01	B/Antananarivo/50039/2023_EPI_ISL_18167566	0.0056	3.4459649999999944	4.109180999999991	0.06303982862296559	0.005737475364562022	3.428312676595387	2024-02-01	ne_star	south	2024
2023-09-01	B/Antofagasta/31902/2023_EPI_ISL_18137219	0.0008210000000000001	2.108479999999998	1.9960429999999945	0.06303982862296559	0.0008411548704116823	2.103772520206835	2024-02-01	ne_star	south	2024
2023-09-01	B/Arica/26502/2023_EPI_ISL_18137185	0.000562	5.820193999999988	6.4343499999999905	0.06303982862296559	0.0005757966348006886	5.795716468183272	2024-02-01	ne_star	south	2024
2023-09-01	B/Arica/27435/2023_EPI_ISL_18137197	0.000612	4.837673999999992	5.436344999999987	0.06303982862296559	0.0006270240934128496	4.813608170378145	2024-02-01	ne_star	south	2024
2023-09-01	B/Arizona/06/2023_EPI_ISL_17806250	0.0017640000000000002	4.973457999999991	5.504475999999988	0.06303982862296559	0.0018073047398370371	4.9534615263562465	2024-02-01	ne_star	south	2024
2023-09-01	B/Armenia/600/2023_EPI_ISL_18167305	5.400000000000001e-05	5.837466999999988	6.43633499999999	0.06303982862296559	5.53256553011338e-05	5.813413506035429	2024-02-01	ne_star	south	2024
2023-09-01	B/Armenia/622/2023_EPI_ISL_18037434	5.6999999999999996e-05	3.645867999999992	4.132124999999989	-0.2898041755742982	5.0414842039226684e-05	3.629566262614829	2024-02-01	ne_star	south	2024
2023-09-01	B/Avila/4884/2023_EPI_ISL_18044506	0.002825	4.973457999999991	5.504475999999988	0.06303982862296559	0.002894351411587091	4.9534615263562465	2024-02-01	ne_star	south	2024
2023-09-01	B/Bahia/1402/2023_EPI_ISL_18037942	6.1e-05	1.6501219999999992	2.1321449999999973	0.06303982862296559	6.24974995068363e-05	1.6337262487148605	2024-02-01	ne_star	south	2024
2023-09-01	B/Bahia/292953561/2023_EPI_ISL_18162455	0.001526	3.516696999999993	4.076537999999991	-0.2898041755742982	0.001349702613190525	3.4990002737363395	2024-02-01	ne_star	south	2024
2023-09-01	B/Bahrain/0489/2023_EPI_ISL_18143224	0.014312	2.4632939999999954	2.8754099999999925	0.06303982862296559	0.01466334775314494	2.446730388732081	2024-02-01	ne_star	south	2024
2023-09-01	B/Bahrain/1354/2023_EPI_ISL_17981354	0.002565	4.837673999999992	5.436344999999987	0.06303982862296559	0.0026279686268038545	4.813608170378145	2024-02-01	ne_star	south	2024
2023-09-01	B/Bahrain/2632/2023_EPI_ISL_17981407	0.000327	2.6466149999999966	3.1321349999999906	-0.2898041755742982	0.00028922198854082677	2.6306394452286	2024-02-01	ne_star	south	2024
2023-09-01	B/Bahrain/4255/2023_EPI_ISL_17981401	0.0008550000000000001	5.8359469999999884	6.42407199999999	0.06303982862296559	0.0008759895422679518	5.81185619129362	2024-02-01	ne_star	south	2024
2023-09-01	B/Bahrain/5088/2023_EPI_ISL_17981389	0.001173	4.837673999999992	5.436344999999987	0.06303982862296559	0.001201796179041295	4.813608170378145	2024-02-01	ne_star	south	2024
2023-09-01	B/Bahrain/5293/2023_EPI_ISL_18143238	0.007603	1.6501219999999992	2.1321449999999973	0.06303982862296559	0.007789647356565188	1.6337262487148605	2024-02-01	ne_star	south	2024
2023-09-01	B/Bahrain/6192/2023_EPI_ISL_18143232	0.014147	3.076679999999995	2.9568829999999937	-0.2898041755742982	0.012512610005770875	3.0753934114699537	2024-02-01	ne_star	south	2024
2023-09-01	B/Bahrain/6643/2023_EPI_ISL_18143247	0.016119	2.617866999999997	3.1255569999999904	0.06303982862296559	0.016514708107388434	2.600696832500085	2024-02-01	ne_star	south	2024
2023-09-01	B/Bahrain/8586/2023_EPI_ISL_18143219	0.01077	2.365639999999997	2.625398999999994	0.06303982862296559	0.01103439458505946	2.3486257631716034	2024-02-01	ne_star	south	2024
2023-09-01	B/Baleares/1863/2023_EPI_ISL_18118806	0.011681	2.108479999999998	1.9960429999999945	0.06303982862296559	0.011967758880973033	2.103772520206835	2024-02-01	ne_star	south	2024
2023-09-01	B/Bangkok/P1419/2023_EPI_ISL_17785686	0.0008210000000000001	3.6223559999999932	4.0874929999999905	-0.2898041755742982	0.0007261506195474582	3.6095462500964643	2024-02-01	ne_star	south	2024
2023-09-01	B/Bangkok/P1984/2023_EPI_ISL_18093928	0.005459	2.108479999999998	1.9960429999999945	0.06303982862296559	0.005593013931275729	2.103772520206835	2024-02-01	ne_star	south	2024
2023-09-01	B/Bangkok/P2862/2023_EPI_ISL_18133601	0.014638	2.920816999999996	2.2425999999999946	-0.2898041755742982	0.0129468852240386	2.923038500216758	2024-02-01	ne_star	south	2024
2023-09-01	B/Bangkok/P2866/2023_EPI_ISL_18133602	0.014638	3.3325579999999926	3.6232569999999926	0.06303982862296559	0.014997350783296228	3.314749044791381	2024-02-01	ne_star	south	2024
2023-09-01	B/Beijing-Chaoyang/1570/2023_EPI_ISL_18069118	0.000175	4.0895489999999945	3.99595499999999	-0.642648179771562	0.00013362027220290866	4.086817920118431	2024-02-01	ne_star	south	2024
2023-09-01	B/Berlin/8/2023_EPI_ISL_17598201	3.4e-05	2.108479999999998	1.9960429999999945	0.06303982862296559	3.483467185626942e-05	2.103772520206835	2024-02-01	ne_star	south	2024
2023-09-01	B/Bhutan/0616/2023_EPI_ISL_17659349	3.2e-05	1.6501219999999992	2.1321449999999973	0.06303982862296559	3.2785573511782985e-05	1.6337262487148605	2024-02-01	ne_star	south	2024
2023-09-01	B/Bhutan/1137/2023_EPI_ISL_18092128	8.9e-05	1.6501219999999992	2.1321449999999973	0.06303982862296559	9.118487632964641e-05	1.6337262487148605	2024-02-01	ne_star	south	2024
2023-09-01	B/Bhutan/1159/2023_EPI_ISL_18092118	0.000259	1.6501219999999992	2.1321449999999973	0.06303982862296559	0.00026535823561099354	1.6337262487148605	2024-02-01	ne_star	south	2024
2023-09-01	B/Bhutan/1210/2023_EPI_ISL_17659407	2.7000000000000002e-05	1.6501219999999992	2.1321449999999973	0.06303982862296559	2.7662827650566897e-05	1.6337262487148605	2024-02-01	ne_star	south	2024
2023-09-01	B/Bhutan/1245/2023_EPI_ISL_17659409	3.9e-05	1.6501219999999992	2.1321449999999973	0.06303982862296559	3.995741771748551e-05	1.6337262487148605	2024-02-01	ne_star	south	2024
2023-09-01	B/Bhutan/1247/2023_EPI_ISL_17659378	3.9e-05	2.3792339999999963	2.564088999999994	0.06303982862296559	3.995741771748551e-05	2.368689448334273	2024-02-01	ne_star	south	2024
2023-09-01	B/Bhutan/1248/2023_EPI_ISL_17659405	4.6e-05	1.6501219999999992	2.1321449999999973	0.06303982862296559	4.7129261923188036e-05	1.6337262487148605	2024-02-01	ne_star	south	2024
2023-09-01	B/Bhutan/1280/2023_EPI_ISL_18092125	0.00466	2.108479999999998	1.9960429999999945	0.06303982862296559	0.004774399142653397	2.103772520206835	2024-02-01	ne_star	south	2024
2023-09-01	B/Bhutan/1460/2023_EPI_ISL_17659374	1.6e-05	1.6501219999999992	2.1321449999999973	0.06303982862296559	1.6392786755891492e-05	1.6337262487148605	2024-02-01	ne_star	south	2024
2023-09-01	B/Bhutan/1465/2023_EPI_ISL_17659346	1.9e-05	1.6501219999999992	2.1321449999999973	0.06303982862296559	1.9466434272621146e-05	1.6337262487148605	2024-02-01	ne_star	south	2024
2023-09-01	B/Bhutan/1471/2023_EPI_ISL_18092107	3.1e-05	1.6501219999999992	2.1321449999999973	0.06303982862296559	3.1761024339539766e-05	1.6337262487148605	2024-02-01	ne_star	south	2024
2023-09-01	B/Bhutan/1475/2023_EPI_ISL_18092071	3.1e-05	1.6501219999999992	2.1321449999999973	0.06303982862296559	3.1761024339539766e-05	1.6337262487148605	2024-02-01	ne_star	south	2024
2023-09-01	B/Bhutan/1498/2023_EPI_ISL_18092113	0.000343	1.6501219999999992	2.1321449999999973	0.06303982862296559	0.00035142036607942385	1.6337262487148605	2024-02-01	ne_star	south	2024
2023-09-01	B/Bhutan/1509/2023_EPI_ISL_18092068	0.000538	1.6501219999999992	2.1321449999999973	0.06303982862296559	0.0005512074546668513	1.6337262487148605	2024-02-01	ne_star	south	2024
2023-09-01	B/Bhutan/1528/2023_EPI_ISL_18092108	0.001418	1.6501219999999992	2.1321449999999973	0.06303982862296559	0.0014528107262408833	1.6337262487148605	2024-02-01	ne_star	south	2024
2023-09-01	B/Bhutan/2109/2023_EPI_ISL_17659347	4.6e-05	1.6501219999999992	2.1321449999999973	0.06303982862296559	4.7129261923188036e-05	1.6337262487148605	2024-02-01	ne_star	south	2024
2023-09-01	B/Bhutan/2110/2023_EPI_ISL_17659383	4.9e-05	1.6501219999999992	2.1321449999999973	0.06303982862296559	5.0202909439917686e-05	1.6337262487148605	2024-02-01	ne_star	south	2024
2023-09-01	B/Bhutan/2112/2023_EPI_ISL_17659332	5.6999999999999996e-05	1.6501219999999992	2.1321449999999973	0.06303982862296559	5.839930281786344e-05	1.6337262487148605	2024-02-01	ne_star	south	2024
2023-09-01	B/Bhutan/2118/2023_EPI_ISL_17659329	6.4e-05	1.6501219999999992	2.1321449999999973	0.06303982862296559	6.557114702356597e-05	1.6337262487148605	2024-02-01	ne_star	south	2024
2023-09-01	B/Bhutan/2157/2023_EPI_ISL_18092064	0.0006389999999999	2.6488269999999967	3.1321349999999906	0.06303982862296559	0.000654686921063314	2.6324168748727352	2024-02-01	ne_star	south	2024
2023-09-01	B/Bhutan/2258/2023_EPI_ISL_18092087	0.004411	2.108479999999998	1.9960429999999945	0.06303982862296559	0.004519286398764835	2.103772520206835	2024-02-01	ne_star	south	2024
2023-09-01	B/Bolivia/27/2023_EPI_ISL_16830705	1e-05	4.781603999999991	4.714248999999988	-0.2898041755742982	8.844709129688893e-06	4.779486408686753	2024-02-01	ne_star	south	2024
2023-09-01	B/Bolivia/44/2023_EPI_ISL_16830669	1.3000000000000001e-05	3.880642999999996	3.7373249999999905	0.06303982862296559	1.3319139239161837e-05	3.8797259589387845	2024-02-01	ne_star	south	2024
2023-09-01	B/Brazil/GIHSN-HCL023128447601d/2023_EPI_ISL_18131685	0.00361	3.880642999999996	3.7373249999999905	0.06303982862296559	0.003698622511798018	3.8797259589387845	2024-02-01	ne_star	south	2024
2023-09-01	B/Brisbane/2/2023_EPI_ISL_17692012__dup2	0.0008550000000000001	2.365639999999997	2.625398999999994	0.06303982862296559	0.0008759895422679518	2.3486257631716034	2024-02-01	ne_star	south	2024
2023-09-01	B/Brisbane/45/2023_EPI_ISL_18074091	0.005185	2.365639999999997	2.625398999999994	0.06303982862296559	0.0053122874580810876	2.3486257631716034	2024-02-01	ne_star	south	2024
2023-09-01	B/Brunei/14/2023_EPI_ISL_18012914	4.9e-05	2.649884999999997	3.1321349999999906	0.06303982862296559	5.0202909439917686e-05	2.6335008478969684	2024-02-01	ne_star	south	2024
2023-09-01	B/Brunei/17/2023_EPI_ISL_18012910	6.1e-05	2.649884999999997	3.1321349999999906	0.06303982862296559	6.24974995068363e-05	2.6335008478969684	2024-02-01	ne_star	south	2024
2023-09-01	B/Brunei/33/2023_EPI_ISL_17981950	0.000259	2.6363069999999964	3.1321149999999904	-0.2898041755742982	0.0002290779664589423	2.6215223190577173	2024-02-01	ne_star	south	2024
2023-09-01	B/Burgos/4894/2023_EPI_ISL_18044482__dup2	0.002915	3.3436859999999937	3.652052999999992	-0.2898041755742982	0.002578232711304312	3.3297934344853384	2024-02-01	ne_star	south	2024
2023-09-01	B/Burkina_Faso/2655/2023_EPI_ISL_17857217	8.9e-05	4.629797999999995	5.128804999999989	-0.2898041755742982	7.871791125423114e-05	4.614983476305485	2024-02-01	ne_star	south	2024
2023-09-01	B/CHIBA-C/7/2023_EPI_ISL_17995546	0.001702	2.365639999999997	2.625398999999994	0.06303982862296559	0.0017437826911579574	2.3486257631716034	2024-02-01	ne_star	south	2024
2023-09-01	B/California/17/2023_EPI_ISL_17806248__dup2	0.002323	2.619810999999997	3.128286999999991	-0.2898041755742982	0.0020546259308267295	2.6034082781870773	2024-02-01	ne_star	south	2024
2023-09-01	B/Cambodia/h0329364/2023_EPI_ISL_18082894	0.000193	2.5630239999999973	3.1169429999999907	0.06303982862296559	0.0001977379902429411	2.5463677215299123	2024-02-01	ne_star	south	2024
2023-09-01	B/Canarias/1817/2023_EPI_ISL_18118807	0.0064849999999999994	4.837673999999992	5.436344999999987	0.06303982862296559	0.0066442013819972695	4.813608170378145	2024-02-01	ne_star	south	2024
2023-09-01	B/Canberra/13/2023_EPI_ISL_17981953	0.0031030000000000003	1.6501219999999992	2.1321449999999973	0.06303982862296559	0.003179176081470706	1.6337262487148605	2024-02-01	ne_star	south	2024
2023-09-01	B/Canberra/3/2023_EPI_ISL_17692013	0.0008550000000000001	2.6482259999999975	3.1321009999999907	-0.2898041755742982	0.0007562226305884004	2.6320735659773304	2024-02-01	ne_star	south	2024
2023-09-01	B/Cardiff/3561/2023_EPI_ISL_18052126	0.010588	3.0824829999999945	2.995764999999994	-0.2898041755742982	0.009364778026514598	3.0807939658879033	2024-02-01	ne_star	south	2024
2023-09-01	B/Catalonia/NSVH101995127/2023_EPI_ISL_16740677	1.1e-05	4.837673999999992	5.436344999999987	0.06303982862296559	1.12700408946754e-05	4.813608170378145	2024-02-01	ne_star	south	2024
2023-09-01	B/Catalonia/NSVH102091496/2023_EPI_ISL_17780010	0.004918	3.5366419999999943	3.97240499999999	0.06303982862296559	0.005038732829092147	3.5175634614328257	2024-02-01	ne_star	south	2024
2023-09-01	B/Catalonia/NSVH151035505/2023_EPI_ISL_17591947	0.001173	3.098480999999995	2.995073999999993	0.06303982862296559	0.001201796179041295	3.0935712447692105	2024-02-01	ne_star	south	2024
2023-09-01	B/Ceara/2023-008997-IEC/2023_EPI_ISL_17681728	0.000175	5.836788999999989	6.43633499999999	0.06303982862296559	0.00017929610514256318	5.8127188616966485	2024-02-01	ne_star	south	2024
2023-09-01	B/Chanthaburi/P2421/2023_EPI_ISL_18133600	0.009149	2.365639999999997	2.625398999999994	0.06303982862296559	0.009373600376853202	2.3486257631716034	2024-02-01	ne_star	south	2024
2023-09-01	B/Chiang_Rai/P1060/2023_EPI_ISL_17632623	0.000193	3.4841729999999926	4.045668999999991	0.06303982862296559	0.0001977379902429411	3.4648320368716283	2024-02-01	ne_star	south	2024
2023-09-01	B/Chiang_Rai/P300/2023_EPI_ISL_17266873	2.6000000000000002e-05	2.6499809999999964	3.084156999999991	0.06303982862296559	2.6638278478323675e-05	2.6335992046175036	2024-02-01	ne_star	south	2024
2023-09-01	B/Chiang_Rai/P421/2023_EPI_ISL_17266879	3.1e-05	1.6501219999999992	2.1321449999999973	0.06303982862296559	3.1761024339539766e-05	1.6337262487148605	2024-02-01	ne_star	south	2024
2023-09-01	B/Chiang_Rai/P426/2023_EPI_ISL_17266880	3.6e-05	1.6501219999999992	2.1321449999999973	0.06303982862296559	3.688377020075586e-05	1.6337262487148605	2024-02-01	ne_star	south	2024
2023-09-01	B/Chiang_Rai/P526/2023_EPI_ISL_17266884	6.1e-05	2.646452999999997	3.1294989999999907	0.06303982862296559	6.24974995068363e-05	2.6302308527176335	2024-02-01	ne_star	south	2024
2023-09-01	B/Chiang_Rai/P725/2023_EPI_ISL_17554766	0.00011599999999999999	1.6501219999999992	2.1321449999999973	0.06303982862296559	0.00011884770398021331	1.6337262487148605	2024-02-01	ne_star	south	2024
2023-09-01	B/Chiang_Rai/P838/2023_EPI_ISL_17597817	8.9e-05	3.4841729999999926	4.045668999999991	0.06303982862296559	9.118487632964641e-05	3.4648320368716283	2024-02-01	ne_star	south	2024
2023-09-01	B/Chiang_Rai/P847/2023_EPI_ISL_17597820	0.00011599999999999999	5.300578999999988	5.969413999999987	-0.2898041755742982	0.00010259862590439115	5.278833205843288	2024-02-01	ne_star	south	2024
2023-09-01	B/Chiang_Rai/P860/2023_EPI_ISL_17597821	0.000136	1.6501219999999992	2.1321449999999973	0.06303982862296559	0.0001393386874250777	1.6337262487148605	2024-02-01	ne_star	south	2024
2023-09-01	B/Chungbuk/815/2023_EPI_ISL_17375335	0.00045099999999999996	1.6501219999999992	2.1321449999999973	0.06303982862296559	0.0004620716766816914	1.6337262487148605	2024-02-01	ne_star	south	2024
2023-09-01	B/Chungbuk/816/2023_EPI_ISL_17375336	0.00045099999999999996	1.6501219999999992	2.1321449999999973	0.06303982862296559	0.0004620716766816914	1.6337262487148605	2024-02-01	ne_star	south	2024
2023-09-01	B/Colombia/6378/2023_EPI_ISL_18108995	0.010223999999999999	3.5366419999999943	3.97240499999999	0.06303982862296559	0.010474990737014661	3.5175634614328257	2024-02-01	ne_star	south	2024
2023-09-01	B/Colorado/35/2023_EPI_ISL_17981455__dup2	0.006182	2.108479999999998	1.9960429999999945	0.06303982862296559	0.006333762982807575	2.103772520206835	2024-02-01	ne_star	south	2024
2023-09-01	B/ComunidadValenciana/1087/2023_EPI_ISL_17512051	0.000175	5.8373069999999885	6.43633499999999	-0.2898041755742982	0.00015478240976955562	5.813298605558616	2024-02-01	ne_star	south	2024
2023-09-01	B/Congo/060/2023_EPI_ISL_17430525	1e-05	3.6341639999999926	4.128814999999989	0.06303982862296559	1.0245491722432182e-05	3.6188300403059928	2024-02-01	ne_star	south	2024
2023-09-01	B/Costa_Rica/550/2023_EPI_ISL_18109013	0.011134	2.108479999999998	1.9960429999999945	0.06303982862296559	0.011407330483755992	2.103772520206835	2024-02-01	ne_star	south	2024
2023-09-01	B/Costa_Rica/5550/2023_EPI_ISL_17659371	0.000122	4.589158999999998	5.12120899999999	0.06303982862296559	0.0001249949990136726	4.573667741786691	2024-02-01	ne_star	south	2024
2023-09-01	B/Darwin/124/2023_EPI_ISL_17624332	6.8e-05	1.6501219999999992	2.1321449999999973	0.06303982862296559	6.966934371253884e-05	1.6337262487148605	2024-02-01	ne_star	south	2024
2023-09-01	B/Darwin/146/2023_EPI_ISL_18082904	9.4e-05	3.5791499999999923	4.1319329999999885	0.06303982862296559	9.630762219086251e-05	3.5636099315224756	2024-02-01	ne_star	south	2024
2023-09-01	B/Darwin/209/2023_EPI_ISL_17612282	0.000175	3.356061999999992	3.6553629999999924	0.06303982862296559	0.00017929610514256318	3.341096565908873	2024-02-01	ne_star	south	2024
2023-09-01	B/Darwin/214/2023_EPI_ISL_17624335	0.000166	2.579354999999997	3.1319429999999904	0.06303982862296559	0.00017007516259237422	2.563802546766855	2024-02-01	ne_star	south	2024
2023-09-01	B/Darwin/245/2023_EPI_ISL_17445372	0.00023500000000000002	1.6501219999999992	2.1321449999999973	0.06303982862296559	0.00024076905547715631	1.6337262487148605	2024-02-01	ne_star	south	2024
2023-09-01	B/Darwin/273/2023_EPI_ISL_17624348	0.000298	2.628325999999996	3.1000309999999907	-0.2898041755742982	0.00026357233206472896	2.6153000984097154	2024-02-01	ne_star	south	2024
2023-09-01	B/Darwin/278/2023_EPI_ISL_17624361	0.00031299999999999996	1.6501219999999992	2.1321449999999973	0.06303982862296559	0.00032068389091212727	1.6337262487148605	2024-02-01	ne_star	south	2024
2023-09-01	B/Darwin/299/2023_EPI_ISL_17624356	0.00045099999999999996	2.579354999999997	3.1319429999999904	0.06303982862296559	0.0004620716766816914	2.563802546766855	2024-02-01	ne_star	south	2024
2023-09-01	B/Darwin/372/2023_EPI_ISL_17692020	0.000695	2.579354999999997	3.1319429999999904	0.06303982862296559	0.0007120616747090366	2.563802546766855	2024-02-01	ne_star	south	2024
2023-09-01	B/Darwin/494/2023_EPI_ISL_17982009__dup2	0.0021	1.6501219999999992	2.1321449999999973	0.06303982862296559	0.002151553261710758	1.6337262487148605	2024-02-01	ne_star	south	2024
2023-09-01	B/Darwin/497/2023_EPI_ISL_17981927	0.002172	2.579354999999997	3.1319429999999904	0.06303982862296559	0.00222532080211227	2.563802546766855	2024-02-01	ne_star	south	2024
2023-09-01	B/Darwin/505/2023_EPI_ISL_17981929	0.002402	3.5628929999999928	4.130014999999989	0.06303982862296559	0.00246096711172821	3.54700538442873	2024-02-01	ne_star	south	2024
2023-09-01	B/Darwin/534/2023_EPI_ISL_17811492	0.0031030000000000003	2.579354999999997	3.1319429999999904	0.06303982862296559	0.003179176081470706	2.563802546766855	2024-02-01	ne_star	south	2024
2023-09-01	B/Darwin/54/2023_EPI_ISL_16899290	3.2e-05	1.6501219999999992	2.1321449999999973	0.06303982862296559	3.2785573511782985e-05	1.6337262487148605	2024-02-01	ne_star	south	2024
2023-09-01	B/Darwin/652/2023_EPI_ISL_17981933	0.004918	2.579354999999997	3.1319429999999904	0.06303982862296559	0.005038732829092147	2.563802546766855	2024-02-01	ne_star	south	2024
2023-09-01	B/Darwin/763/2023_EPI_ISL_18082882	0.009149	3.5598989999999926	4.122974999999989	-0.2898041755742982	0.008092024382752366	3.546709970145959	2024-02-01	ne_star	south	2024
2023-09-01	B/Darwin/798/2023_EPI_ISL_18082892	0.012225	2.579354999999997	3.1319429999999904	0.06303982862296559	0.012525113630673343	2.563802546766855	2024-02-01	ne_star	south	2024
2023-09-01	B/Darwin/804/2023_EPI_ISL_18126966	0.013637999999999999	4.013796999999997	3.9395279999999895	-0.642648179771562	0.010413218698875818	4.023868858637051	2024-02-01	ne_star	south	2024
2023-09-01	B/Delaware/08/2023_EPI_ISL_17981355	0.002825	2.108479999999998	1.9960429999999945	0.06303982862296559	0.002894351411587091	2.103772520206835	2024-02-01	ne_star	south	2024
2023-09-01	B/Denmark/1174/2023_EPI_ISL_17550248	0.00015	5.900591999999989	6.43095599999999	-0.2898041755742982	0.00013267063694533338	5.878892361819774	2024-02-01	ne_star	south	2024
2023-09-01	B/Denmark/1771/2023_EPI_ISL_18033303	0.001219	3.3436859999999937	3.652052999999992	-0.2898041755742982	0.001078170042909076	3.3297934344853384	2024-02-01	ne_star	south	2024
2023-09-01	B/Denmark/219/2023_EPI_ISL_17190229	1.6e-05	1.6501219999999992	2.1321449999999973	0.06303982862296559	1.6392786755891492e-05	1.6337262487148605	2024-02-01	ne_star	south	2024
2023-09-01	B/Denmark/248/2023_EPI_ISL_17190295	1.9e-05	1.6501219999999992	2.1321449999999973	0.06303982862296559	1.9466434272621146e-05	1.6337262487148605	2024-02-01	ne_star	south	2024
2023-09-01	B/Distrito_Federal/IAL/C10469/2023_EPI_ISL_17514641	5.6999999999999996e-05	4.837673999999992	5.436344999999987	0.06303982862296559	5.839930281786344e-05	4.813608170378145	2024-02-01	ne_star	south	2024
2023-09-01	B/Dunedin/01/2023_EPI_ISL_17982020	0.000143	4.837673999999992	5.436344999999987	0.06303982862296559	0.0001465105316307802	4.813608170378145	2024-02-01	ne_star	south	2024
2023-09-01	B/England/232020556/2023_EPI_ISL_18015472	0.00045099999999999996	4.837673999999992	5.436344999999987	0.06303982862296559	0.0004620716766816914	4.813608170378145	2024-02-01	ne_star	south	2024
2023-09-01	B/England/233140223/2023_EPI_ISL_18130621	0.015846000000000002	4.837673999999992	5.436344999999987	0.06303982862296559	0.016235006183366037	4.813608170378145	2024-02-01	ne_star	south	2024
2023-09-01	B/Estonia/173777/2023_EPI_ISL_17820211__dup2	0.000246	2.619810999999997	3.128286999999991	-0.2898041755742982	0.00021757984459034677	2.6034082781870773	2024-02-01	ne_star	south	2024
2023-09-01	B/Extremadura/1189/2023_EPI_ISL_17512062	0.000136	2.108479999999998	1.9960429999999945	0.06303982862296559	0.0001393386874250777	2.103772520206835	2024-02-01	ne_star	south	2024
2023-09-01	B/FUKUSHIMA/1/2023_EPI_ISL_17517217	1.7e-05	1.6501219999999992	2.1321449999999973	0.06303982862296559	1.741733592813471e-05	1.6337262487148605	2024-02-01	ne_star	south	2024
2023-09-01	B/FUKUSHIMA/2/2023_EPI_ISL_17517218	1.8e-05	1.6501219999999992	2.1321449999999973	0.06303982862296559	1.844188510037793e-05	1.6337262487148605	2024-02-01	ne_star	south	2024
2023-09-01	B/FUKUSHIMA/3/2023_EPI_ISL_17517219	2.6000000000000002e-05	2.574626999999997	3.1005029999999905	-0.2898041755742982	2.2996243737191124e-05	2.5568657090869302	2024-02-01	ne_star	south	2024
2023-09-01	B/Fiji/116/2023_EPI_ISL_17692035	0.000587	1.6501219999999992	2.1321449999999973	0.06303982862296559	0.0006014103641067691	1.6337262487148605	2024-02-01	ne_star	south	2024
2023-09-01	B/Fiji/120/2023_EPI_ISL_17692030	0.000667	2.6260249999999967	3.0901389999999913	0.06303982862296559	0.0006833742978862265	2.6130416460936905	2024-02-01	ne_star	south	2024
2023-09-01	B/Fiji/39/2023_EPI_ISL_18012868	0.00015800000000000002	1.6501219999999992	2.1321449999999973	0.06303982862296559	0.0001618787692144285	1.6337262487148605	2024-02-01	ne_star	south	2024
2023-09-01	B/France/ARA-HCL023023433701/2023_EPI_ISL_17693510	5.6999999999999996e-05	4.837673999999992	5.436344999999987	0.06303982862296559	5.839930281786344e-05	4.813608170378145	2024-02-01	ne_star	south	2024
2023-09-01	B/France/ARA-HCL023031760901/2023_EPI_ISL_17693823	0.000122	3.3436859999999937	3.652052999999992	-0.2898041755742982	0.00010790545138220449	3.3297934344853384	2024-02-01	ne_star	south	2024
2023-09-01	B/France/ARA-HCL023043188801/2023_EPI_ISL_17694433	0.00031299999999999996	4.837673999999992	5.436344999999987	0.06303982862296559	0.00032068389091212727	4.813608170378145	2024-02-01	ne_star	south	2024
2023-09-01	B/France/ARA-HCL023055193501/2023_EPI_ISL_17694739	0.0007559999999999	4.837673999999992	5.436344999999987	0.06303982862296559	0.0007745591742157705	4.813608170378145	2024-02-01	ne_star	south	2024
2023-09-01	B/Fujairah/6230920434/2023_EPI_ISL_17981415	0.000788	5.836080999999988	6.43537199999999	0.06303982862296559	0.0008073447477276559	5.8119934808827	2024-02-01	ne_star	south	2024
2023-09-01	B/Georgia/02/2023_EPI_ISL_17102653__dup2	5.1e-05	1.6501219999999992	2.1321449999999973	0.06303982862296559	5.2252007784404124e-05	1.6337262487148605	2024-02-01	ne_star	south	2024
2023-09-01	B/Georgia/11/2023_EPI_ISL_17659309	0.000725	5.79759199999999	6.382504999999989	-0.2898041755742982	0.0006412414119024447	5.780068611412145	2024-02-01	ne_star	south	2024
2023-09-01	B/Georgia/28/2023_EPI_ISL_17981438__dup2	0.0064849999999999994	4.973457999999991	5.504475999999988	0.06303982862296559	0.0066442013819972695	4.9534615263562465	2024-02-01	ne_star	south	2024
2023-09-01	B/Georgia/IVYG43Q49W2/2023_EPI_ISL_18077088	0.000788	5.843869999999991	5.6834689999999854	-0.2898041755742982	0.0006969630794194846	5.846489947840886	2024-02-01	ne_star	south	2024
2023-09-01	B/Guangdong-Futian/1364/2023_EPI_ISL_18069121	0.000213	1.6501219999999992	2.1321449999999973	0.06303982862296559	0.00021822897368780548	1.6337262487148605	2024-02-01	ne_star	south	2024
2023-09-01	B/Guatemala/93/2023_EPI_ISL_17659361	5.1e-05	3.6441619999999926	4.130198999999989	-0.2898041755742982	4.510801656141335e-05	3.6276833462850417	2024-02-01	ne_star	south	2024
2023-09-01	B/Gyeongbuk/862/2023_EPI_ISL_17592006	0.001086	3.348284999999992	3.518607999999993	-0.2898041755742982	0.0009605354114842137	3.3341347076016814	2024-02-01	ne_star	south	2024
2023-09-01	B/HIROSHIMA-C/1/2023_EPI_ISL_17952492	0.000246	3.631505999999993	4.1201269999999885	-0.642648179771562	0.0001878319254966602	3.6183943862075374	2024-02-01	ne_star	south	2024
2023-09-01	B/HIROSHIMA/1/2023_EPI_ISL_17517212	4.9e-05	1.6501219999999992	2.1321449999999973	0.06303982862296559	5.0202909439917686e-05	1.6337262487148605	2024-02-01	ne_star	south	2024
2023-09-01	B/HIROSHIMA/2/2023_EPI_ISL_17517220	9.9e-05	1.6501219999999992	2.1321449999999973	0.06303982862296559	0.0001014303680520786	1.6337262487148605	2024-02-01	ne_star	south	2024
2023-09-01	B/HK/10/2023_EPI_ISL_17375334	0.000129	1.6501219999999992	2.1321449999999973	0.06303982862296559	0.00013216684321937515	1.6337262487148605	2024-02-01	ne_star	south	2024
2023-09-01	B/HK/11/2023_EPI_ISL_17375333	0.00010400000000000001	2.108479999999998	1.9960429999999945	0.06303982862296559	0.0001065531139132947	2.103772520206835	2024-02-01	ne_star	south	2024
2023-09-01	B/HK/12/2023_EPI_ISL_17770488	0.00043099999999999996	1.6501219999999992	2.1321449999999973	0.06303982862296559	0.00044158069323682706	1.6337262487148605	2024-02-01	ne_star	south	2024
2023-09-01	B/HK/13/2023_EPI_ISL_17770507	0.001129	2.6454449999999965	3.13205299999999	-0.2898041755742982	0.0009985676607418758	2.6296046142604266	2024-02-01	ne_star	south	2024
2023-09-01	B/HK/8/2023_EPI_ISL_17375331	7.2e-05	4.303481999999996	4.970741999999991	0.06303982862296559	7.376754040151172e-05	4.281642552347366	2024-02-01	ne_star	south	2024
2023-09-01	B/HK/9/2023_EPI_ISL_17375332	7.6e-05	2.108479999999998	1.9960429999999945	0.06303982862296559	7.786573709048458e-05	2.103772520206835	2024-02-01	ne_star	south	2024
2023-09-01	B/Haute_Normandie/07046/2023_EPI_ISL_17512168	0.000359	3.3436859999999937	3.652052999999992	-0.2898041755742982	0.00031752505775583124	3.3297934344853384	2024-02-01	ne_star	south	2024
2023-09-01	B/Hebei-Haigang/1582/2023_EPI_ISL_18069109	0.00394	4.837673999999992	5.436344999999987	0.06303982862296559	0.00403672373863828	4.813608170378145	2024-02-01	ne_star	south	2024
2023-09-01	B/Hebei-Hanshan/1463/2023_EPI_ISL_18069124	0.000246	9.432247999999987	9.993376999999978	0.06303982862296559	0.0002520390963718317	9.411925657669139	2024-02-01	ne_star	south	2024
2023-09-01	B/Heilongjiang-Taoshan/1442/2023_EPI_ISL_18069111	0.002482	4.837673999999992	5.436344999999987	0.06303982862296559	0.0025429310455076675	4.813608170378145	2024-02-01	ne_star	south	2024
2023-09-01	B/Hessen/19/2023_EPI_ISL_17598199	2.8999999999999997e-05	2.4632939999999954	2.8754099999999925	0.06303982862296559	2.9711925995053328e-05	2.446730388732081	2024-02-01	ne_star	south	2024
2023-09-01	B/Hessen/23/2023_EPI_ISL_17959631	0.000695	2.108479999999998	1.9960429999999945	0.06303982862296559	0.0007120616747090366	2.103772520206835	2024-02-01	ne_star	south	2024
2023-09-01	B/Hong_Kong/16/2023_EPI_ISL_18143183	0.007937	3.6179899999999927	4.131988999999988	-0.2898041755742982	0.007020045636234074	3.6053788256255213	2024-02-01	ne_star	south	2024
2023-09-01	B/Hubei-Huangzhou/1406/2023_EPI_ISL_18069125	0.000927	4.458098999999996	5.01290599999999	0.06303982862296559	0.0009497570826694634	4.442162110054515	2024-02-01	ne_star	south	2024
2023-09-01	B/Human/New_York_City/PV85910/2023_EPI_ISL_19191175	3.2e-05	4.8805619999999905	4.737314999999989	0.06303982862296559	3.2785573511782985e-05	4.8796603877917635	2024-02-01	ne_star	south	2024
2023-09-01	B/Human/New_York_City/PV86839/2023_EPI_ISL_19188955	0.000515	2.108479999999998	1.9960429999999945	0.06303982862296559	0.0005276428237052575	2.103772520206835	2024-02-01	ne_star	south	2024
2023-09-01	B/Iowa/07/2023_EPI_ISL_17250856	7.2e-05	1.6501219999999992	2.1321449999999973	0.06303982862296559	7.376754040151172e-05	1.6337262487148605	2024-02-01	ne_star	south	2024
2023-09-01	B/Ireland/19288/2023_EPI_ISL_17820396__dup2	0.000471	1.6501219999999992	2.1321449999999973	0.06303982862296559	0.0004825626601265558	1.6337262487148605	2024-02-01	ne_star	south	2024
2023-09-01	B/Ireland/23071/2023_EPI_ISL_17820392	0.000927	2.108479999999998	1.9960429999999945	0.06303982862296559	0.0009497570826694634	2.103772520206835	2024-02-01	ne_star	south	2024
2023-09-01	B/KANAGAWA/IC2227/2023_EPI_ISL_17517214	0.0006389999999999	1.6501219999999992	2.1321449999999973	0.06303982862296559	0.000654686921063314	1.6337262487148605	2024-02-01	ne_star	south	2024
2023-09-01	B/KANAGAWA/IC2229/2023_EPI_ISL_17517215	0.00045099999999999996	1.6501219999999992	2.1321449999999973	0.06303982862296559	0.0004620716766816914	1.6337262487148605	2024-02-01	ne_star	south	2024
2023-09-01	B/KITAKYUSYU/10/2023_EPI_ISL_18058894	0.000376	3.631505999999993	4.1201269999999885	-0.642648179771562	0.00028709269913310657	3.6183943862075374	2024-02-01	ne_star	south	2024
2023-09-01	B/Kansas/02/2023_EPI_ISL_17393572	0.000136	2.618321999999997	3.0929849999999903	0.06303982862296559	0.0001393386874250777	2.6053471399779795	2024-02-01	ne_star	south	2024
2023-09-01	B/Khabarovsk/267/2023_EPI_ISL_17764963	1.7e-05	4.837673999999992	5.436344999999987	0.06303982862296559	1.741733592813471e-05	4.813608170378145	2024-02-01	ne_star	south	2024
2023-09-01	B/Kyiv/2021/2023_EPI_ISL_18044356	0.0074379999999999	1.6501219999999992	2.1321449999999973	0.06303982862296559	0.007620596743144956	1.6337262487148605	2024-02-01	ne_star	south	2024
2023-09-01	B/Kyiv/2021/2023_EPI_ISL_18044356__dup2	0.0074379999999999	1.6501219999999992	2.1321449999999973	0.06303982862296559	0.007620596743144956	1.6337262487148605	2024-02-01	ne_star	south	2024
2023-09-01	B/Laos/1649/2023_EPI_ISL_18109001	0.001526	1.6501219999999992	2.1321449999999973	0.06303982862296559	0.001563462036843151	1.6337262487148605	2024-02-01	ne_star	south	2024
2023-09-01	B/Lebanon/480/2023_EPI_ISL_18143215	0.0032	2.4632939999999954	2.8754099999999925	0.06303982862296559	0.0032785573511782983	2.446730388732081	2024-02-01	ne_star	south	2024
2023-09-01	B/Lebanon/539/2023_EPI_ISL_18143236	0.005742000000000001	2.108479999999998	1.9960429999999945	0.06303982862296559	0.00588296134702056	2.103772520206835	2024-02-01	ne_star	south	2024
2023-09-01	B/Lebanon/589/2023_EPI_ISL_18143230	0.003718	2.365639999999997	2.625398999999994	0.06303982862296559	0.0038092738224002856	2.3486257631716034	2024-02-01	ne_star	south	2024
2023-09-01	B/Lisboa/52/2023_EPI_ISL_17978824	0.000562	4.973457999999991	5.504475999999988	0.06303982862296559	0.0005757966348006886	4.9534615263562465	2024-02-01	ne_star	south	2024
2023-09-01	B/Malaysia/IMR-SARI0563/2023_EPI_ISL_18050325	0.00028399999999999996	6.646910999999984	7.055612999999988	0.06303982862296559	0.0002909719649170739	6.6305235080024305	2024-02-01	ne_star	south	2024
2023-09-01	B/Maldives/792/2023_EPI_ISL_18108991	0.004918	2.108479999999998	1.9960429999999945	0.06303982862296559	0.005038732829092147	2.103772520206835	2024-02-01	ne_star	south	2024
2023-09-01	B/Maldives/828/2023_EPI_ISL_18108981	0.005459	2.108479999999998	1.9960429999999945	0.06303982862296559	0.005593013931275729	2.103772520206835	2024-02-01	ne_star	south	2024
2023-09-01	B/Maldives/941/2023_EPI_ISL_18109026	0.007937	3.334320999999992	3.556339999999993	-0.2898041755742982	0.007020045636234074	3.3226441059701926	2024-02-01	ne_star	south	2024
2023-09-01	B/Massachusetts/05/2023_EPI_ISL_17981468	0.0035039999999999997	1.6501219999999992	2.1321449999999973	0.06303982862296559	0.0035900202995402366	1.6337262487148605	2024-02-01	ne_star	south	2024
2023-09-01	B/Massachusetts/05/2023_EPI_ISL_17981468__dup2	0.0035039999999999997	2.108479999999998	1.9960429999999945	0.06303982862296559	0.0035900202995402366	2.103772520206835	2024-02-01	ne_star	south	2024
2023-09-01	B/Massachusetts/07/2023_EPI_ISL_17981457	0.0056	4.973457999999991	5.504475999999988	0.06303982862296559	0.005737475364562022	4.9534615263562465	2024-02-01	ne_star	south	2024
2023-09-01	B/Mato_Grosso/510509461-IAL/2023_EPI_ISL_18143225	0.006333	2.577255999999997	3.0586249999999904	0.06303982862296559	0.0064884699078163015	2.559157084178382	2024-02-01	ne_star	south	2024
2023-09-01	B/Mauritius/P10571_I-20/2023_EPI_ISL_18044247	0.000136	2.108479999999998	1.9960429999999945	0.06303982862296559	0.0001393386874250777	2.103772520206835	2024-02-01	ne_star	south	2024
2023-09-01	B/Mauritius/P23120/2023_EPI_ISL_18044487	0.001418	1.6501219999999992	2.1321449999999973	0.06303982862296559	0.0014528107262408833	1.6337262487148605	2024-02-01	ne_star	south	2024
2023-09-01	B/Mauritius/P23811/2023_EPI_ISL_18044488	0.002402	4.837673999999992	5.436344999999987	0.06303982862296559	0.00246096711172821	4.813608170378145	2024-02-01	ne_star	south	2024
2023-09-01	B/Mauritius/P23817/2023_EPI_ISL_18044489	0.002402	1.6501219999999992	2.1321449999999973	0.06303982862296559	0.00246096711172821	1.6337262487148605	2024-02-01	ne_star	south	2024
2023-09-01	B/Mauritius/P37214/2023_EPI_ISL_18044492	0.003008	1.6501219999999992	2.1321449999999973	0.06303982862296559	0.0030818439101076003	1.6337262487148605	2024-02-01	ne_star	south	2024
2023-09-01	B/Mayotte/HCL023058462001/2023_EPI_ISL_17699698	0.000493	2.108479999999998	1.9960429999999945	0.06303982862296559	0.0005051027419159065	2.103772520206835	2024-02-01	ne_star	south	2024
2023-09-01	B/Mayotte/HCL023058555101/2023_EPI_ISL_17699699	0.0006389999999999	2.108479999999998	1.9960429999999945	0.06303982862296559	0.000654686921063314	2.103772520206835	2024-02-01	ne_star	south	2024
2023-09-01	B/Michigan/02/2023_EPI_ISL_17102582	1.7e-05	2.627491999999997	3.089029999999991	0.06303982862296559	1.741733592813471e-05	2.6105581182829254	2024-02-01	ne_star	south	2024
2023-09-01	B/Michigan/07/2023_EPI_ISL_17625897	0.00045099999999999996	4.837673999999992	5.436344999999987	0.06303982862296559	0.0004620716766816914	4.813608170378145	2024-02-01	ne_star	south	2024
2023-09-01	B/Michigan/17/2023_EPI_ISL_18092019__dup2	0.007603	2.108479999999998	1.9960429999999945	0.06303982862296559	0.007789647356565188	2.103772520206835	2024-02-01	ne_star	south	2024
2023-09-01	B/Michigan/MISAPPHIREL363464505/2023_EPI_ISL_18077095	0.00045099999999999996	3.880642999999996	3.7373249999999905	0.06303982862296559	0.0004620716766816914	3.8797259589387845	2024-02-01	ne_star	south	2024
2023-09-01	B/Michigan/MISAPPHIREL364134257/2023_EPI_ISL_18077102	0.000927	2.108479999999998	1.9960429999999945	0.06303982862296559	0.0009497570826694634	2.103772520206835	2024-02-01	ne_star	south	2024
2023-09-01	B/Michigan/MISAPPHIREL365347716/2023_EPI_ISL_18076858	0.00361	2.108479999999998	1.9960429999999945	0.06303982862296559	0.003698622511798018	2.103772520206835	2024-02-01	ne_star	south	2024
2023-09-01	B/Michigan/MISAPPHIREL365483182/2023_EPI_ISL_18076861	0.0042899999999999995	2.108479999999998	1.9960429999999945	0.06303982862296559	0.0043953159489234055	2.103772520206835	2024-02-01	ne_star	south	2024
2023-09-01	B/Michigan/MISAPPHIREL366130861/2023_EPI_ISL_18104930	0.0064849999999999994	2.108479999999998	1.9960429999999945	0.06303982862296559	0.0066442013819972695	2.103772520206835	2024-02-01	ne_star	south	2024
2023-09-01	B/Michigan/MISAPPHIREL367147323/2023_EPI_ISL_18169057	0.012044	2.108479999999998	1.9960429999999945	0.06303982862296559	0.01233967023049732	2.103772520206835	2024-02-01	ne_star	south	2024
2023-09-01	B/Minas_Gerais/3040/2023_EPI_ISL_18038014	0.000129	2.6117629999999967	3.0750999999999906	0.06303982862296559	0.00013216684321937515	2.5945041985520145	2024-02-01	ne_star	south	2024
2023-09-01	B/Mozambique/8245/2023_EPI_ISL_18092120	0.001641	4.426718999999996	4.99481999999999	0.06303982862296559	0.0016812851916511212	4.4155385990149485	2024-02-01	ne_star	south	2024
2023-09-01	B/Mozambique/9778/2023_EPI_ISL_18092078	0.002565	3.4450889999999927	4.014404999999991	0.06303982862296559	0.0026279686268038545	3.4322500811708703	2024-02-01	ne_star	south	2024
2023-09-01	B/NAGANO/2030/2023_EPI_ISL_17297654	1.7e-05	1.6501219999999992	2.1321449999999973	0.06303982862296559	1.741733592813471e-05	1.6337262487148605	2024-02-01	ne_star	south	2024
2023-09-01	B/NAGANO/2082/2023_EPI_ISL_17527279	0.00010400000000000001	1.6501219999999992	2.1321449999999973	0.06303982862296559	0.0001065531139132947	1.6337262487148605	2024-02-01	ne_star	south	2024
2023-09-01	B/NIIGATA/5769/2023_EPI_ISL_17789914	0.001366	2.647086999999997	3.13078099999999	0.06303982862296559	0.0013995341692842362	2.630634159313032	2024-02-01	ne_star	south	2024
2023-09-01	B/Nakhon_Phanom/P1892/2023_EPI_ISL_17785713	0.0042899999999999995	2.920816999999996	2.2425999999999946	-0.2898041755742982	0.003794380216636534	2.923038500216758	2024-02-01	ne_star	south	2024
2023-09-01	B/Navarra/1536/2023_EPI_ISL_17716459	0.001526	2.108479999999998	1.9960429999999945	0.06303982862296559	0.001563462036843151	2.103772520206835	2024-02-01	ne_star	south	2024
2023-09-01	B/Netherlands/01627/2023_EPI_ISL_18101700	0.0064849999999999994	1.6501219999999992	2.1321449999999973	0.06303982862296559	0.0066442013819972695	1.6337262487148605	2024-02-01	ne_star	south	2024
2023-09-01	B/Netherlands/01639/2023_EPI_ISL_18101714	0.0131169999999999	1.6501219999999992	2.1321449999999973	0.06303982862296559	0.01343901149231419	1.6337262487148605	2024-02-01	ne_star	south	2024
2023-09-01	B/New_Caledonia/1/2023_EPI_ISL_18074136	0.000271	3.3436859999999937	3.652052999999992	-0.2898041755742982	0.00023969161741456898	3.3297934344853384	2024-02-01	ne_star	south	2024
2023-09-01	B/New_Jersey/04/2023_EPI_ISL_17559758__dup2	0.000136	2.365639999999997	2.625398999999994	0.06303982862296559	0.0001393386874250777	2.3486257631716034	2024-02-01	ne_star	south	2024
2023-09-01	B/New_Mexico/01/2023_EPI_ISL_17699995	0.0008550000000000001	1.6501219999999992	2.1321449999999973	0.06303982862296559	0.0008759895422679518	1.6337262487148605	2024-02-01	ne_star	south	2024
2023-09-01	B/New_Mexico/02/2023_EPI_ISL_17806240	0.001315	3.880642999999996	3.7373249999999905	0.06303982862296559	0.001347282161499832	3.8797259589387845	2024-02-01	ne_star	south	2024
2023-09-01	B/New_Mexico/03/2023_EPI_ISL_17806255	0.001641	4.875669999999991	4.72262899999999	0.06303982862296559	0.0016812851916511212	4.874869056577766	2024-02-01	ne_star	south	2024
2023-09-01	B/New_York/PV85802/2023_EPI_ISL_17674140	2.8999999999999997e-05	1.6501219999999992	2.1321449999999973	0.06303982862296559	2.9711925995053328e-05	1.6337262487148605	2024-02-01	ne_star	south	2024
2023-09-01	B/New_York/PV86283/2023_EPI_ISL_17674158	0.000122	3.880642999999996	3.7373249999999905	0.06303982862296559	0.0001249949990136726	3.8797259589387845	2024-02-01	ne_star	south	2024
2023-09-01	B/New_York/PV86689/2023_EPI_ISL_17979559	0.00045099999999999996	1.6501219999999992	2.1321449999999973	0.06303982862296559	0.0004620716766816914	1.6337262487148605	2024-02-01	ne_star	south	2024
2023-09-01	B/New_York/PV86852/2023_EPI_ISL_17979532	0.000612	2.108479999999998	1.9960429999999945	0.06303982862296559	0.0006270240934128496	2.103772520206835	2024-02-01	ne_star	south	2024
2023-09-01	B/Newcastle/22/2023_EPI_ISL_17981958	0.000927	3.317410999999992	3.603432999999993	0.06303982862296559	0.0009497570826694634	3.2992301984794126	2024-02-01	ne_star	south	2024
2023-09-01	B/Newcastle/26/2023_EPI_ISL_18012865	0.00196	2.108479999999998	1.9960429999999945	0.06303982862296559	0.0020081163775967077	2.103772520206835	2024-02-01	ne_star	south	2024
2023-09-01	B/Newcastle/37/2023_EPI_ISL_18082881	0.002736	2.365639999999997	2.625398999999994	0.06303982862296559	0.0028031665352574453	2.3486257631716034	2024-02-01	ne_star	south	2024
2023-09-01	B/Nicaragua/9490/2023_EPI_ISL_17659419	0.000471	1.6501219999999992	2.1321449999999973	0.06303982862296559	0.0004825626601265558	1.6337262487148605	2024-02-01	ne_star	south	2024
2023-09-01	B/Nordrhein-Westfalen/31/2023_EPI_ISL_18007061	0.0008900000000000001	5.835632999999988	6.38266499999999	-0.2898041755742982	0.0007871791125423115	5.811818001250307	2024-02-01	ne_star	south	2024
2023-09-01	B/Norway/03262/2023_EPI_ISL_17266805	0.000166	4.837673999999992	5.436344999999987	0.06303982862296559	0.00017007516259237422	4.813608170378145	2024-02-01	ne_star	south	2024
2023-09-01	B/Norway/03396/2023_EPI_ISL_17266823	0.000143	1.6501219999999992	2.1321449999999973	0.06303982862296559	0.0001465105316307802	1.6337262487148605	2024-02-01	ne_star	south	2024
2023-09-01	B/Norway/04927/2023_EPI_ISL_17543067	0.000788	4.837673999999992	5.436344999999987	0.06303982862296559	0.0008073447477276559	4.813608170378145	2024-02-01	ne_star	south	2024
2023-09-01	B/Norway/06769/2023_EPI_ISL_17980206	0.002482	4.973457999999991	5.504475999999988	0.06303982862296559	0.0025429310455076675	4.9534615263562465	2024-02-01	ne_star	south	2024
2023-09-01	B/Norway/06778/2023_EPI_ISL_17980207	0.002565	2.108479999999998	1.9960429999999945	0.06303982862296559	0.0026279686268038545	2.103772520206835	2024-02-01	ne_star	south	2024
2023-09-01	B/Norway/07128/2023_EPI_ISL_17980108	0.004171	5.965009999999989	6.50446599999999	-0.2898041755742982	0.003689128177993237	5.946004552089012	2024-02-01	ne_star	south	2024
2023-09-01	B/Norway/07515/2023_EPI_ISL_18101789	0.005887	4.973457999999991	5.504475999999988	0.06303982862296559	0.006031520976995826	4.9534615263562465	2024-02-01	ne_star	south	2024
2023-09-01	B/Norway/07548/2023_EPI_ISL_18101814	0.005742000000000001	2.108479999999998	1.9960429999999945	0.06303982862296559	0.00588296134702056	2.103772520206835	2024-02-01	ne_star	south	2024
2023-09-01	B/Norway/07549/2023_EPI_ISL_17980100	0.005887	4.973457999999991	5.504475999999988	0.06303982862296559	0.006031520976995826	4.9534615263562465	2024-02-01	ne_star	south	2024
2023-09-01	B/Norway/07634/2023_EPI_ISL_18101836	0.005742000000000001	2.108479999999998	1.9960429999999945	0.06303982862296559	0.00588296134702056	2.103772520206835	2024-02-01	ne_star	south	2024
2023-09-01	B/Norway/07673/2023_EPI_ISL_18101792	0.0064849999999999994	2.108479999999998	1.9960429999999945	0.06303982862296559	0.0066442013819972695	2.103772520206835	2024-02-01	ne_star	south	2024
2023-09-01	B/Norway/3749/2023_EPI_ISL_18044595__dup2	0.000129	4.837673999999992	5.436344999999987	0.06303982862296559	0.00013216684321937515	4.813608170378145	2024-02-01	ne_star	south	2024
2023-09-01	B/OKINAWA/221/2023_EPI_ISL_17517211	0.000143	2.647086999999997	3.13078099999999	0.06303982862296559	0.0001465105316307802	2.630634159313032	2024-02-01	ne_star	south	2024
2023-09-01	B/OKINAWA/227/2023_EPI_ISL_17789912	0.000376	3.631505999999993	4.1201269999999885	-0.642648179771562	0.00028709269913310657	3.6183943862075374	2024-02-01	ne_star	south	2024
2023-09-01	B/OSAKA/QRTKIX018/2023_EPI_ISL_17952495	0.003008	1.6501219999999992	2.1321449999999973	0.06303982862296559	0.0030818439101076003	1.6337262487148605	2024-02-01	ne_star	south	2024
2023-09-01	B/OSAKA/QRTKIX018/2023_EPI_ISL_17952495__dup2	0.003008	1.6501219999999992	2.1321449999999973	0.06303982862296559	0.0030818439101076003	1.6337262487148605	2024-02-01	ne_star	south	2024
2023-09-01	B/Para/2023-009023-IEC/2023_EPI_ISL_17681743	0.000327	4.589158999999998	5.12120899999999	0.06303982862296559	0.00033502757932353235	4.573667741786691	2024-02-01	ne_star	south	2024
2023-09-01	B/Paraguay/2102/2023_EPI_ISL_18109031	0.0089719999999999	2.577255999999997	3.0586249999999904	0.06303982862296559	0.009192255173366052	2.559157084178382	2024-02-01	ne_star	south	2024
2023-09-01	B/Paraiba/2023-005646-IEC/2023_EPI_ISL_17681662	3.6e-05	4.599186999999996	5.124518999999989	0.06303982862296559	3.688377020075586e-05	4.582537496258462	2024-02-01	ne_star	south	2024
2023-09-01	B/Paraiba/2023-005649-IEC/2023_EPI_ISL_17681663	9.4e-05	4.880437999999991	4.737314999999989	0.06303982862296559	9.630762219086251e-05	4.879533343694406	2024-02-01	ne_star	south	2024
2023-09-01	B/Paraiba/2023-008574-IEC/2023_EPI_ISL_17681703	0.000259	5.836788999999989	6.43633499999999	0.06303982862296559	0.00026535823561099354	5.8127188616966485	2024-02-01	ne_star	south	2024
2023-09-01	B/Parana/5814/2023_EPI_ISL_18092312	0.002172	5.042185999999991	5.523693999999987	0.06303982862296559	0.00222532080211227	5.023383106080496	2024-02-01	ne_star	south	2024
2023-09-01	B/Paris/02713/2023_EPI_ISL_17080593	3.2e-05	4.837673999999992	5.436344999999987	0.06303982862296559	3.2785573511782985e-05	4.813608170378145	2024-02-01	ne_star	south	2024
2023-09-01	B/Pennsylvania/03/2023_EPI_ISL_17559708	1.4000000000000001e-05	3.880642999999996	3.7373249999999905	0.06303982862296559	1.4343688411405058e-05	3.8797259589387845	2024-02-01	ne_star	south	2024
2023-09-01	B/Peru/0727/2023_EPI_ISL_18022522	0.000695	1.6501219999999992	2.1321449999999973	0.06303982862296559	0.0007120616747090366	1.6337262487148605	2024-02-01	ne_star	south	2024
2023-09-01	B/Philippines/12/2023_EPI_ISL_18127103	0.007275	1.6501219999999992	2.1321449999999973	0.06303982862296559	0.007453595228069413	1.6337262487148605	2024-02-01	ne_star	south	2024
2023-09-01	B/Philippines/13/2023_EPI_ISL_18127104	0.007275	1.6501219999999992	2.1321449999999973	0.06303982862296559	0.007453595228069413	1.6337262487148605	2024-02-01	ne_star	south	2024
2023-09-01	B/Philippines/6/2023_EPI_ISL_18160795	0.000394	1.6501219999999992	2.1321449999999973	0.06303982862296559	0.00040367237386382796	1.6337262487148605	2024-02-01	ne_star	south	2024
2023-09-01	B/Philippines/8/2023_EPI_ISL_18160796	0.006333	1.6501219999999992	2.1321449999999973	0.06303982862296559	0.0064884699078163015	1.6337262487148605	2024-02-01	ne_star	south	2024
2023-09-01	B/Rak/5896/2023_EPI_ISL_17981378	0.002915	1.6501219999999992	2.1321449999999973	0.06303982862296559	0.002986560837088981	1.6337262487148605	2024-02-01	ne_star	south	2024
2023-09-01	B/Rhode_Island/05/2023_EPI_ISL_17102652	1.4999999999999999e-05	5.79759199999999	6.382504999999989	-0.2898041755742982	1.3267063694533338e-05	5.780068611412145	2024-02-01	ne_star	south	2024
2023-09-01	B/Rio_de_Janeiro/1082/2023_EPI_ISL_18042379	4.6e-05	3.880642999999996	3.7373249999999905	0.06303982862296559	4.7129261923188036e-05	3.8797259589387845	2024-02-01	ne_star	south	2024
2023-09-01	B/Rio_de_Janeiro/1082/2023_EPI_ISL_18042379__dup2	4.6e-05	3.880642999999996	3.7373249999999905	0.06303982862296559	4.7129261923188036e-05	3.8797259589387845	2024-02-01	ne_star	south	2024
2023-09-01	B/Rio_de_Janeiro/1606/2023_EPI_ISL_18037949	0.000175	3.6326619999999927	4.130139999999988	0.06303982862296559	0.00017929610514256318	3.6158724548393533	2024-02-01	ne_star	south	2024
2023-09-01	B/Romania/530/2023_EPI_ISL_17884639	3.6e-05	3.6498919999999924	4.084146999999991	0.06303982862296559	3.688377020075586e-05	3.633525437077104	2024-02-01	ne_star	south	2024
2023-09-01	B/Romania/551526/2023_EPI_ISL_18167467	0.002402	3.103658999999995	2.994184999999994	-0.2898041755742982	0.0021244991329512717	3.099523521940933	2024-02-01	ne_star	south	2024
2023-09-01	B/SAITAMA-C/2/2023_EPI_ISL_17789909	0.000246	1.6501219999999992	2.1321449999999973	0.06303982862296559	0.0002520390963718317	1.6337262487148605	2024-02-01	ne_star	south	2024
2023-09-01	B/SAITAMA-C/3/2023_EPI_ISL_17995522	0.000562	1.6501219999999992	2.1321449999999973	0.06303982862296559	0.0005757966348006886	1.6337262487148605	2024-02-01	ne_star	south	2024
2023-09-01	B/SAPPORO/2/2023_EPI_ISL_17789900	0.00028399999999999996	1.6501219999999992	2.1321449999999973	0.06303982862296559	0.0002909719649170739	1.6337262487148605	2024-02-01	ne_star	south	2024
2023-09-01	B/Sachsen/5/2023_EPI_ISL_18007081	0.004535	1.6501219999999992	2.1321449999999973	0.06303982862296559	0.004646330496122995	1.6337262487148605	2024-02-01	ne_star	south	2024
2023-09-01	B/Saint-Petersburg/RII-67/2023_EPI_ISL_17764997	4.1e-05	5.837466999999988	6.43633499999999	0.06303982862296559	4.200651606197195e-05	5.813413506035429	2024-02-01	ne_star	south	2024
2023-09-01	B/Sainte_Marie/01377/2023_EPI_ISL_18167578__dup2	0.002915	3.4459649999999944	4.109180999999991	0.06303982862296559	0.002986560837088981	3.428312676595387	2024-02-01	ne_star	south	2024
2023-09-01	B/Santiago/42543/2023_EPI_ISL_18137680__dup2	0.00466	1.6501219999999992	2.1321449999999973	0.06303982862296559	0.004774399142653397	1.6337262487148605	2024-02-01	ne_star	south	2024
2023-09-01	B/Santiago/7614/2023_EPI_ISL_18137515	2.6000000000000002e-05	1.6501219999999992	2.1321449999999973	0.06303982862296559	2.6638278478323675e-05	1.6337262487148605	2024-02-01	ne_star	south	2024
2023-09-01	B/Santiago/8911/2023_EPI_ISL_18137600	3.9e-05	1.6501219999999992	2.1321449999999973	0.06303982862296559	3.995741771748551e-05	1.6337262487148605	2024-02-01	ne_star	south	2024
2023-09-01	B/Sao_Paulo/IAL/C10576/2023_EPI_ISL_17851812	3.6e-05	1.6501219999999992	2.1321449999999973	0.06303982862296559	3.688377020075586e-05	1.6337262487148605	2024-02-01	ne_star	south	2024
2023-09-01	B/Saskatchewan/RV00467/2023_EPI_ISL_17765223	0.002825	2.6442809999999963	3.1321349999999906	0.06303982862296559	0.002894351411587091	2.627773562318163	2024-02-01	ne_star	south	2024
2023-09-01	B/Saskatchewan/SKFLU307762/2023_EPI_ISL_17798160	0.002247	2.108479999999998	1.9960429999999945	0.06303982862296559	0.002302161990030511	2.103772520206835	2024-02-01	ne_star	south	2024
2023-09-01	B/Segovia/4864/2023_EPI_ISL_18044502	0.0031030000000000003	2.108479999999998	1.9960429999999945	0.06303982862296559	0.003179176081470706	2.103772520206835	2024-02-01	ne_star	south	2024
2023-09-01	B/Serbia/3004/2023_EPI_ISL_18167230	0.001366	4.533770999999997	4.97234499999999	0.06303982862296559	0.0013995341692842362	4.5146564876428705	2024-02-01	ne_star	south	2024
2023-09-01	B/Shanghai-Changning/1481/2023_EPI_ISL_18069131	0.001219	1.6501219999999992	2.1321449999999973	0.06303982862296559	0.001248925440964483	1.6337262487148605	2024-02-01	ne_star	south	2024
2023-09-01	B/Shanghai-Changning/1492/2023_EPI_ISL_18069130	0.001418	2.6466149999999966	3.1321349999999906	-0.2898041755742982	0.001254179754589885	2.6306394452286	2024-02-01	ne_star	south	2024
2023-09-01	B/Shanghai-Fengxian/1107/2023_EPI_ISL_18069114	4.1e-05	5.4604789999999905	5.851571999999985	-0.9954921839688259	2.7025199494166283e-05	5.4444280780914065	2024-02-01	ne_star	south	2024
2023-09-01	B/Sichuan-Gaoxin/1437/2023_EPI_ISL_18069112	0.002482	2.6451409999999966	3.1321349999999906	0.06303982862296559	0.0025429310455076675	2.6286403866238466	2024-02-01	ne_star	south	2024
2023-09-01	B/Sichuan-Qingyang/1363/2023_EPI_ISL_18069119	0.000184	2.649736999999997	3.1297899999999905	0.06303982862296559	0.00018851704769275214	2.6333492146194764	2024-02-01	ne_star	south	2024
2023-09-01	B/Singapore/EN0162/2023_EPI_ISL_17967587	0.000166	1.6501219999999992	2.1321449999999973	0.06303982862296559	0.00017007516259237422	1.6337262487148605	2024-02-01	ne_star	south	2024
2023-09-01	B/Singapore/GP1659/2023_EPI_ISL_17967577	9.4e-05	4.837673999999992	5.436344999999987	0.06303982862296559	9.630762219086251e-05	4.813608170378145	2024-02-01	ne_star	south	2024
2023-09-01	B/Singapore/GP4275/2023_EPI_ISL_17967592	0.001004	1.6501219999999992	2.1321449999999973	0.06303982862296559	0.001028647368932191	1.6337262487148605	2024-02-01	ne_star	south	2024
2023-09-01	B/Singapore/GP4401/2023_EPI_ISL_17967601	0.001086	1.6501219999999992	2.1321449999999973	0.06303982862296559	0.001112660401056135	1.6337262487148605	2024-02-01	ne_star	south	2024
2023-09-01	B/Singapore/GP5646/2023_EPI_ISL_17967585	0.002402	2.644171999999996	3.13205299999999	-0.2898041755742982	0.0021244991329512717	2.628478682788217	2024-02-01	ne_star	south	2024
2023-09-01	B/Singapore/GP6218/2023_EPI_ISL_17967631	0.003008	1.6501219999999992	2.1321449999999973	0.06303982862296559	0.0030818439101076003	1.6337262487148605	2024-02-01	ne_star	south	2024
2023-09-01	B/Singapore/GP6395/2023_EPI_ISL_17967639	0.0032990000000000003	1.6501219999999992	2.1321449999999973	0.06303982862296559	0.003379987719230377	1.6337262487148605	2024-02-01	ne_star	south	2024
2023-09-01	B/Singapore/GP6978/2023_EPI_ISL_17967659	0.004171	1.6501219999999992	2.1321449999999973	0.06303982862296559	0.004273394597426463	1.6337262487148605	2024-02-01	ne_star	south	2024
2023-09-01	B/Singapore/GP8706/2023_EPI_ISL_17967676	0.008797	3.578559999999993	4.128388999999989	0.06303982862296559	0.009012959068223591	3.560478155557024	2024-02-01	ne_star	south	2024
2023-09-01	B/Singapore/GP8708/2023_EPI_ISL_17967677	0.008797	3.578559999999993	4.128388999999989	0.06303982862296559	0.009012959068223591	3.560478155557024	2024-02-01	ne_star	south	2024
2023-09-01	B/Singapore/KK0930/2023_EPI_ISL_17968352	0.0007559999999999	2.646269999999997	3.1321349999999906	-0.2898041755742982	0.0006686600102043919	2.630008900967332	2024-02-01	ne_star	south	2024
2023-09-01	B/Singapore/KK0978/2023_EPI_ISL_17967511	0.0008900000000000001	1.6501219999999992	2.1321449999999973	0.06303982862296559	0.0009118487632964644	1.6337262487148605	2024-02-01	ne_star	south	2024
2023-09-01	B/Singapore/KK1475/2023_EPI_ISL_17967679	0.0064849999999999994	3.311038999999993	3.6227239999999936	-0.2898041755742982	0.005735793870603246	3.302261660567829	2024-02-01	ne_star	south	2024
2023-09-01	B/Singapore/KK1486/2023_EPI_ISL_17967680	0.0071129999999999995	2.633555999999997	3.1321089999999905	-0.2898041755742982	0.006291241603947709	2.618763737779845	2024-02-01	ne_star	south	2024
2023-09-01	B/Singapore/KK1515/2023_EPI_ISL_17967681	0.007769	2.365639999999997	2.625398999999994	0.06303982862296559	0.007959722519157563	2.3486257631716034	2024-02-01	ne_star	south	2024
2023-09-01	B/Singapore/NUH0188/2023_EPI_ISL_17967672	0.000343	2.649418999999997	3.1321349999999906	0.06303982862296559	0.00035142036607942385	2.633023407982703	2024-02-01	ne_star	south	2024
2023-09-01	B/Singapore/NUH0227/2023_EPI_ISL_17967673	0.000562	1.6501219999999992	2.1321449999999973	0.06303982862296559	0.0005757966348006886	1.6337262487148605	2024-02-01	ne_star	south	2024
2023-09-01	B/Singapore/NUH0257/2023_EPI_ISL_17967674	0.0008550000000000001	1.6501219999999992	2.1321449999999973	0.06303982862296559	0.0008759895422679518	1.6337262487148605	2024-02-01	ne_star	south	2024
2023-09-01	B/Singapore/NUH0392/2023_EPI_ISL_17967675	0.0018280000000000002	4.307365999999995	4.622713999999995	-0.2898041755742982	0.0016168128289071296	4.2990280349100125	2024-02-01	ne_star	south	2024
2023-09-01	B/Slovakia/3603/2023_EPI_ISL_17625074	0.000612	2.642282999999997	3.1014029999999906	0.06303982862296559	0.0006270240934128496	2.6257122250895755	2024-02-01	ne_star	south	2024
2023-09-01	B/Slovakia/4130/2023_EPI_ISL_17693271	0.001129	2.4632939999999954	2.8754099999999925	0.06303982862296559	0.0011567160154625934	2.446730388732081	2024-02-01	ne_star	south	2024
2023-09-01	B/South_Australia/13/2023_EPI_ISL_17624338	7.6e-05	2.920816999999996	2.2425999999999946	-0.2898041755742982	6.721978938563559e-05	2.923038500216758	2024-02-01	ne_star	south	2024
2023-09-01	B/South_Australia/76/2023_EPI_ISL_18160793	0.011316	3.317410999999992	3.603432999999993	0.06303982862296559	0.011593798433104256	3.2992301984794126	2024-02-01	ne_star	south	2024
2023-09-01	B/South_Dakota/05/2023_EPI_ISL_17393586	4.9e-05	4.875669999999991	4.72262899999999	0.06303982862296559	5.0202909439917686e-05	4.874869056577766	2024-02-01	ne_star	south	2024
2023-09-01	B/South_Dakota/07/2023_EPI_ISL_17393545__dup2	8.9e-05	3.880642999999996	3.7373249999999905	0.06303982862296559	9.118487632964641e-05	3.8797259589387845	2024-02-01	ne_star	south	2024
2023-09-01	B/Surat_Thani/P1040/2023_EPI_ISL_17632617	0.000259	2.649586999999997	3.1321349999999906	0.06303982862296559	0.00026535823561099354	2.63319553224364	2024-02-01	ne_star	south	2024
2023-09-01	B/Surat_Thani/P1521/2023_EPI_ISL_17785695	0.001129	1.6501219999999992	2.1321449999999973	0.06303982862296559	0.0011567160154625934	1.6337262487148605	2024-02-01	ne_star	south	2024
2023-09-01	B/Sweden/12/2023_EPI_ISL_18017789	0.002915	3.5366419999999943	3.97240499999999	0.06303982862296559	0.002986560837088981	3.5175634614328257	2024-02-01	ne_star	south	2024
2023-09-01	B/Sydney/27/2023_EPI_ISL_17811482	0.001129	3.918500999999995	3.2410639999999877	-0.642648179771562	0.0008620416418119079	3.921287391733638	2024-02-01	ne_star	south	2024
2023-09-01	B/Sydney/51/2023_EPI_ISL_17811493	0.0035039999999999997	1.6501219999999992	2.1321449999999973	0.06303982862296559	0.0035900202995402366	1.6337262487148605	2024-02-01	ne_star	south	2024
2023-09-01	B/Sydney/53/2023_EPI_ISL_17982011	0.0032990000000000003	3.635667999999992	4.101392999999991	0.06303982862296559	0.003379987719230377	3.6189522496511155	2024-02-01	ne_star	south	2024
2023-09-01	B/Sydney/736/2023_EPI_ISL_18127113	0.009863	2.108479999999998	1.9960429999999945	0.06303982862296559	0.010105128485834862	2.103772520206835	2024-02-01	ne_star	south	2024
2023-09-01	B/TOKYO/QRTNRT086/2023_EPI_ISL_17952499	0.00505	3.0920179999999937	2.994114999999993	0.06303982862296559	0.005173973319828252	3.086975357868709	2024-02-01	ne_star	south	2024
2023-09-01	B/Tajikistan/1139/2023_EPI_ISL_17225767	1.8e-05	4.837673999999992	5.436344999999987	0.06303982862296559	1.844188510037793e-05	4.813608170378145	2024-02-01	ne_star	south	2024
2023-09-01	B/Talcahuano/34622/2023_EPI_ISL_18137651	0.001893	1.6501219999999992	2.1321449999999973	0.06303982862296559	0.001939471583056412	1.6337262487148605	2024-02-01	ne_star	south	2024
2023-09-01	B/Tambov/CRIE/599/2023_EPI_ISL_16985460	2.8999999999999997e-05	3.283684999999994	3.5818529999999917	-0.2898041755742982	2.5649656476097788e-05	3.2669938990340603	2024-02-01	ne_star	south	2024
2023-09-01	B/Tasmania/3/2023_EPI_ISL_17692011	0.0007559999999999	2.108479999999998	1.9960429999999945	0.06303982862296559	0.0007745591742157705	2.103772520206835	2024-02-01	ne_star	south	2024
2023-09-01	B/Tasmania/89/2023_EPI_ISL_18127130	0.009863	2.108479999999998	1.9960429999999945	0.06303982862296559	0.010105128485834862	2.103772520206835	2024-02-01	ne_star	south	2024
2023-09-01	B/Texas/07/2023_EPI_ISL_18092053__dup2	0.010406	5.9431469999999855	6.5006179999999905	0.06303982862296559	0.01066145868636293	5.923143555828469	2024-02-01	ne_star	south	2024
2023-09-01	B/Toamasina/01248/2023_EPI_ISL_18167576__dup2	0.0018280000000000002	3.4459649999999944	4.109180999999991	0.06303982862296559	0.0018728758868606032	3.428312676595387	2024-02-01	ne_star	south	2024
2023-09-01	B/Toamasina/01303/2023_EPI_ISL_18167577	0.001471	3.4459649999999944	4.109180999999991	0.06303982862296559	0.001507111832369774	3.428312676595387	2024-02-01	ne_star	south	2024
2023-09-01	B/Toamasina/01303/2023_EPI_ISL_18167577__dup2	0.001471	3.4459649999999944	4.109180999999991	0.06303982862296559	0.001507111832369774	3.428312676595387	2024-02-01	ne_star	south	2024
2023-09-01	B/Togo/115/2023_EPI_ISL_17981341	3.9e-05	3.6341639999999926	4.128814999999989	0.06303982862296559	3.995741771748551e-05	3.6188300403059928	2024-02-01	ne_star	south	2024
2023-09-01	B/Togo/228/2023_EPI_ISL_17981335	8e-05	4.589158999999998	5.12120899999999	0.06303982862296559	8.196393377945746e-05	4.573667741786691	2024-02-01	ne_star	south	2024
2023-09-01	B/Togo/378/2023_EPI_ISL_17981343	0.000471	3.6341639999999926	4.128814999999989	0.06303982862296559	0.0004825626601265558	3.6188300403059928	2024-02-01	ne_star	south	2024
2023-09-01	B/Toliary/01284/2023_EPI_ISL_18167573	0.001893	2.5330629999999976	3.1243829999999906	0.06303982862296559	0.001939471583056412	2.5156712037803333	2024-02-01	ne_star	south	2024
2023-09-01	B/Toliary/01565/2023_EPI_ISL_18167569	0.00361	2.5330629999999976	3.1243829999999906	0.06303982862296559	0.003698622511798018	2.5156712037803333	2024-02-01	ne_star	south	2024
2023-09-01	B/Toliary/01641/2023_EPI_ISL_18167568	0.004411	2.5330629999999976	3.1243829999999906	0.06303982862296559	0.004519286398764835	2.5156712037803333	2024-02-01	ne_star	south	2024
2023-09-01	B/Tunisia/1977/2023_EPI_ISL_18167222	5.400000000000001e-05	4.837673999999992	5.436344999999987	0.06303982862296559	5.53256553011338e-05	4.813608170378145	2024-02-01	ne_star	south	2024
2023-09-01	B/Tunisia/2599/2023_EPI_ISL_18167220	0.00010400000000000001	5.837448999999988	6.43633499999999	-0.2898041755742982	9.19849749487645e-05	5.813424200428258	2024-02-01	ne_star	south	2024
2023-09-01	B/Tunisia/2883/2023_EPI_ISL_18167218	0.000136	4.837673999999992	5.436344999999987	0.06303982862296559	0.0001393386874250777	4.813608170378145	2024-02-01	ne_star	south	2024
2023-09-01	B/Tunisia/3546/2023_EPI_ISL_18167215	0.000298	4.911576999999994	5.467976999999987	0.06303982862296559	0.000305315653328479	4.888992181675621	2024-02-01	ne_star	south	2024
2023-09-01	B/Tunisia/3556/2023_EPI_ISL_18167217	0.00023500000000000002	5.8335509999999875	6.43633499999999	-0.2898041755742982	0.000207850664547689	5.809549013962201	2024-02-01	ne_star	south	2024
2023-09-01	B/Tunisia/3561/2023_EPI_ISL_18167216	0.00023500000000000002	5.8335509999999875	6.43633499999999	-0.2898041755742982	0.000207850664547689	5.809549013962201	2024-02-01	ne_star	south	2024
2023-09-01	B/Turkey/GIHSN_Ankara/14015_976/2023_EPI_ISL_17799185	0.000122	9.100279999999987	8.892189999999985	-0.2898041755742982	0.00010790545138220449	9.095981731314284	2024-02-01	ne_star	south	2024
2023-09-01	B/UAE/AbuDhabi/23390310/2023_EPI_ISL_17974888	0.0071129999999999995	1.6501219999999992	2.1321449999999973	0.06303982862296559	0.00728761826216601	1.6337262487148605	2024-02-01	ne_star	south	2024
2023-09-01	B/UTSUNOMIYA/21/2023_EPI_ISL_17995583	0.004055	1.6501219999999992	2.1321449999999973	0.06303982862296559	0.0041545468934462496	1.6337262487148605	2024-02-01	ne_star	south	2024
2023-09-01	B/Victoria/105b/2023_EPI_ISL_17981874	0.0008210000000000001	1.6501219999999992	2.1321449999999973	0.06303982862296559	0.0008411548704116823	1.6337262487148605	2024-02-01	ne_star	south	2024
2023-09-01	B/Victoria/19/2023_EPI_ISL_17624334	6.4e-05	4.576663999999993	5.128344999999989	-0.2898041755742982	5.660613843000891e-05	4.558825472819489	2024-02-01	ne_star	south	2024
2023-09-01	B/Victoria/234/2023_EPI_ISL_17981915	0.002402	3.339642999999992	3.625120999999993	-0.2898041755742982	0.0021244991329512717	3.3256472088526716	2024-02-01	ne_star	south	2024
2023-09-01	B/Victoria/303/2023_EPI_ISL_18127133	0.002915	1.6501219999999992	2.1321449999999973	0.06303982862296559	0.002986560837088981	1.6337262487148605	2024-02-01	ne_star	south	2024
2023-09-01	B/Victoria/32/2023_EPI_ISL_17624351	0.00022400000000000002	3.578559999999993	4.128388999999989	0.06303982862296559	0.00022949901458248093	3.560478155557024	2024-02-01	ne_star	south	2024
2023-09-01	B/Victoria/37/2023_EPI_ISL_17624349	0.00010400000000000001	3.5366419999999943	3.97240499999999	0.06303982862296559	0.0001065531139132947	3.5175634614328257	2024-02-01	ne_star	south	2024
2023-09-01	B/Victoria/420/2023_EPI_ISL_18127022	0.006333	1.6501219999999992	2.1321449999999973	0.06303982862296559	0.0064884699078163015	1.6337262487148605	2024-02-01	ne_star	south	2024
2023-09-01	B/Victoria/438/2023_EPI_ISL_18160842	0.007937	1.6501219999999992	2.1321449999999973	0.06303982862296559	0.008131846780094423	1.6337262487148605	2024-02-01	ne_star	south	2024
2023-09-01	B/Victoria/586/2023_EPI_ISL_18074095	0.011863	3.317410999999992	3.603432999999993	0.06303982862296559	0.012154226830321298	3.2992301984794126	2024-02-01	ne_star	south	2024
2023-09-01	B/Victoria/603/2023_EPI_ISL_18074097	0.011134	2.108479999999998	1.9960429999999945	0.06303982862296559	0.011407330483755992	2.103772520206835	2024-02-01	ne_star	south	2024
2023-09-01	B/Victoria/629/2023_EPI_ISL_18127126	0.0132919999999999	1.6501219999999992	2.1321449999999973	0.06303982862296559	0.013618307597456754	1.6337262487148605	2024-02-01	ne_star	south	2024
2023-09-01	B/Washington/11/2023_EPI_ISL_17699990	0.000965	2.8149089999999948	2.519270999999994	-0.2898041755742982	0.0008535144310149781	2.811609335062515	2024-02-01	ne_star	south	2024
2023-09-01	B/Washington/15/2023_EPI_ISL_17806219	0.001526	13.196687999999982	13.497726999999964	0.06303982862296559	0.001563462036843151	13.176553989325825	2024-02-01	ne_star	south	2024
2023-09-01	B/West_Virginia/01/2023_EPI_ISL_17559736	3.9e-05	3.880642999999996	3.7373249999999905	0.06303982862296559	3.995741771748551e-05	3.8797259589387845	2024-02-01	ne_star	south	2024
2023-09-01	B/West_Virginia/03/2023_EPI_ISL_17981387	0.003718	2.108479999999998	1.9960429999999945	0.06303982862296559	0.0038092738224002856	2.103772520206835	2024-02-01	ne_star	south	2024
2023-09-01	B/Wisconsin/10/2023_EPI_ISL_17981460	0.0071129999999999995	3.889497999999995	3.1735409999999877	-0.642648179771562	0.005431091406738796	3.897056843015345	2024-02-01	ne_star	south	2024
2023-09-01	B/Xinjiang-Aletai/1184/2023_EPI_ISL_18069115	0.00011599999999999999	4.465810999999996	4.99629199999999	0.06303982862296559	0.00011884770398021331	4.449197344813268	2024-02-01	ne_star	south	2024
2023-09-01	B/Xinjiang-Kashi/1149/2023_EPI_ISL_18069116	0.000129	5.441238999999988	5.997856999999986	-0.2898041755742982	0.0001140967477729867	5.4210164412901705	2024-02-01	ne_star	south	2024
2023-09-01	B/Xinjiang-Kashi/1172/2023_EPI_ISL_18069117	0.000184	6.441251999999985	7.010967999999987	-0.2898041755742982	0.00016274264798627562	6.425039462420419	2024-02-01	ne_star	south	2024
2023-09-01	B/YOKOHAMA/1/2023_EPI_ISL_17691962	0.000143	1.6501219999999992	2.1321449999999973	0.06303982862296559	0.0001465105316307802	1.6337262487148605	2024-02-01	ne_star	south	2024
2023-09-01	B/YOKOHAMA/2/2023_EPI_ISL_17995519	0.0008900000000000001	1.6501219999999992	2.1321449999999973	0.06303982862296559	0.0009118487632964644	1.6337262487148605	2024-02-01	ne_star	south	2024
2023-09-01	B/YOKOHAMA/3/2023_EPI_ISL_18058889	0.001641	4.973457999999991	5.504475999999988	0.06303982862296559	0.0016812851916511212	4.9534615263562465	2024-02-01	ne_star	south	2024
2023-09-01	B/YOKOHAMA/3/2023_EPI_ISL_18058889__dup2	0.001641	4.973457999999991	5.504475999999988	0.06303982862296559	0.0016812851916511212	4.9534615263562465	2024-02-01	ne_star	south	2024
2023-09-01	B/Yasothon/BOE145/2023_EPI_ISL_17785712	0.002323	59.3029339999999	60.06181099999986	0.06303982862296559	0.002380027727120996	59.28545353209018	2024-02-01	ne_star	south	2024
2023-09-01	B/Zhejiang-Kecheng/1429/2023_EPI_ISL_18069129	0.001893	2.108479999999998	1.9960429999999945	0.06303982862296559	0.001939471583056412	2.103772520206835	2024-02-01	ne_star	south	2024
2023-09-01	B/Zhejiang-Kecheng/1444/2023_EPI_ISL_18069113	0.002402	2.108479999999998	1.9960429999999945	0.06303982862296559	0.00246096711172821	2.103772520206835	2024-02-01	ne_star	south	2024
2023-09-01	B/Zhejiang-Longwan/1257/2023_EPI_ISL_18069120	0.000184	4.837673999999992	5.436344999999987	0.06303982862296559	0.00018851704769275214	4.813608170378145	2024-02-01	ne_star	south	2024
2023-09-01	B/Zhejiang-Yiwu/1346/2023_EPI_ISL_18069126	0.0008550000000000001	2.108479999999998	1.9960429999999945	0.06303982862296559	0.0008759895422679518	2.103772520206835	2024-02-01	ne_star	south	2024
