timepoint	strain	frequency	weighted_distance_to_present	weighted_distance_to_future	fitness	projected_frequency	y	future_timepoint	model	hemisphere	forecast_year
2013-02-01	B/ALICE_SPRINGS/11/2012_EPI_ISL_128721	0.00015800000000000002	2.323519999999998	2.3823729999999994	0.3367554153745132	0.0001461570826157238	1.7257496520469804	2013-09-01	ne_star-lbi	north	2013
2013-02-01	B/Alaska/12/2012_EPI_ISL_128369	4.6e-05	2.454278999999998	2.4900869999999995	-0.19168743970048724	3.1264084635993666e-05	1.7914115307889422	2013-09-01	ne_star-lbi	north	2013
2013-02-01	B/Argentina/35/2012_EPI_ISL_128371	0.00015800000000000002	2.199704999999999	2.345780999999999	-0.18390504038183902	0.00010787394316090708	1.6235231024455277	2013-09-01	ne_star-lbi	north	2013
2013-02-01	B/Argentina/44/2012_EPI_ISL_128379	0.000288	1.4648189999999992	1.4900979999999981	0.244646755517084	0.0002524762909770327	0.7990716621418477	2013-09-01	ne_star-lbi	north	2013
2013-02-01	B/Argentina/871/2012_EPI_ISL_129785	0.003275	1.4648189999999992	1.4900979999999981	1.1665387020362004	0.004915753451919674	0.7990716621418477	2013-09-01	ne_star-lbi	north	2013
2013-02-01	B/Argentina/872/2012_EPI_ISL_129786	0.002912	3.3036779999999974	3.3394860000000013	-2.410802515144285	0.000542365539812759	2.7439469895371875	2013-09-01	ne_star-lbi	north	2013
2013-02-01	B/Argentina/9410/2012_EPI_ISL_129639	0.002019	3.305535999999998	3.3716520000000014	-2.4108015987577844	0.00037604279197913856	2.7442925056205327	2013-09-01	ne_star-lbi	north	2013
2013-02-01	B/BRISBANE/28/2012_EPI_ISL_128710	2.5e-05	1.4648189999999992	1.4900979999999981	-1.0991414592511828	1.0007714377146584e-05	0.7990716621418477	2013-09-01	ne_star-lbi	north	2013
2013-02-01	B/Bangkok/282/2012_EPI_ISL_132487	0.014218999999999999	3.386000999999998	3.448322000000001	-0.1915834761423884	0.00966458651762013	2.7519942293428894	2013-09-01	ne_star-lbi	north	2013
2013-02-01	B/Bangladesh/1005/2012_EPI_ISL_129664	0.001093	2.462628999999998	2.4900869999999995	-2.4108006254459697	0.00020357355373608674	1.7986645150343747	2013-09-01	ne_star-lbi	north	2013
2013-02-01	B/Bangladesh/3249/2012_EPI_ISL_133074	0.010444	3.1202919999999983	2.713766	-0.07515614318440522	0.0075976031836326435	2.5679406673803573	2013-09-01	ne_star-lbi	north	2013
2013-02-01	B/Bangladesh/3849/2012_EPI_ISL_133087	0.000337	2.261590999999999	1.8214909999999989	-0.18879221454274836	0.00022943055662513848	1.6412626774752237	2013-09-01	ne_star-lbi	north	2013
2013-02-01	B/Bangladesh/6704/2012_EPI_ISL_125888	3.6e-05	2.3180629999999978	2.484417999999999	-1.2077841903096718	1.3526144205349509e-05	1.7279906646095986	2013-09-01	ne_star-lbi	north	2013
2013-02-01	B/Bangladesh/7075/2012_EPI_ISL_131836	0.009548000000000001	2.261590999999999	1.8214909999999989	-0.15330198730955163	0.006636281614919218	1.6412626774752237	2013-09-01	ne_star-lbi	north	2013
2013-02-01	B/Bangladesh/7824/2012_EPI_ISL_133075	0.010444	3.2406529999999982	2.8214799999999993	-0.07515614318440522	0.0075976031836326435	2.626036207023323	2013-09-01	ne_star-lbi	north	2013
2013-02-01	B/Bangladesh/8007/2012_EPI_ISL_133088	0.0007509999999999	3.2600849999999983	2.746892	-2.4108025151416888	0.0001398751787087722	2.6409829271178067	2013-09-01	ne_star-lbi	north	2013
2013-02-01	B/Bolivia/2142/2012_EPI_ISL_129668	6.6e-05	3.4643469999999974	3.490076000000001	-2.4108025124579036	1.2292625578206259e-05	2.79898523464864	2013-09-01	ne_star-lbi	north	2013
2013-02-01	B/Bolivia/2376/2012_EPI_ISL_133082	0.0001	3.4141069999999982	3.448322000000001	-2.4104983267462172	1.8628495448014207e-05	2.771261560136077	2013-09-01	ne_star-lbi	north	2013
2013-02-01	B/Bolivia/3136/2012_EPI_ISL_129723	0.001369	6.534826999999999	7.196368	-2.4092130823688898	0.000255215372545872	6.323597655027459	2013-09-01	ne_star-lbi	north	2013
2013-02-01	B/Buenos_Aires/1001528/2012_EPI_ISL_132542	0.00015800000000000002	3.4491929999999975	3.490076000000001	-0.19168666171377918	0.0001073853829187226	2.7883882783559706	2013-09-01	ne_star-lbi	north	2013
2013-02-01	B/Buenos_Aires/1002077/2012_EPI_ISL_132543	0.000198	3.199304999999997	3.3457700000000004	-0.16894824933057967	0.0001363684133507148	2.6232503656188273	2013-09-01	ne_star-lbi	north	2013
2013-02-01	B/Buenos_Aires/1003043/2012_EPI_ISL_132544	0.000288	1.4648189999999992	1.4900979999999981	0.244646755517084	0.0002524762909770327	0.7990716621418477	2013-09-01	ne_star-lbi	north	2013
2013-02-01	B/Buenos_Aires/2367/2012_EPI_ISL_132545	0.00032	2.464108999999998	2.4900869999999995	-0.1916866940900584	0.00021748937901898687	1.7985918261890803	2013-09-01	ne_star-lbi	north	2013
2013-02-01	B/Buenos_Aires/R235/2012_EPI_ISL_132546	0.003814	2.457186999999998	2.4825589999999997	1.4974043511237978	0.006943532413549055	1.7851845973147489	2013-09-01	ne_star-lbi	north	2013
2013-02-01	B/CANBERRA/1/2012_EPI_ISL_128712	2.6000000000000002e-05	3.4314279999999973	3.4199090000000005	-3.4266585130221	2.677433442864802e-06	2.782788709579904	2013-09-01	ne_star-lbi	north	2013
2013-02-01	B/CHRISTCHURCH/1/2012_EPI_ISL_128723	4.9e-05	2.464538999999998	2.446714	-0.10306293385893989	3.507001574196986e-05	1.79888054373875	2013-09-01	ne_star-lbi	north	2013
2013-02-01	B/CHRISTCHURCH/501/2012_EPI_ISL_128722	0.000198	3.4201589999999977	3.489840000000001	-2.410802350476537	3.6877880219177446e-05	2.79611475035517	2013-09-01	ne_star-lbi	north	2013
2013-02-01	B/CHRISTCHURCH/506/2012_EPI_ISL_128741	0.000437	2.420558999999998	2.4898509999999994	-0.19168790326429058	0.00029700872372714107	1.796188506115607	2013-09-01	ne_star-lbi	north	2013
2013-02-01	B/Caen/1623/2012_EPI_ISL_134054	0.014986000000000001	2.434842999999998	2.4899149999999994	-2.410801607351913	0.0027911724875422797	1.7934893171667623	2013-09-01	ne_star-lbi	north	2013
2013-02-01	B/California/07/2012_EPI_ISL_128953	0.00041500000000000006	2.463984999999998	2.4900869999999995	-0.1916880468653222	0.00028205631583919	1.7985075495101688	2013-09-01	ne_star-lbi	north	2013
2013-02-01	B/Catalonia/5479/2012_EPI_ISL_134241	0.03472	2.261590999999999	1.8214909999999989	0.003120374628879874	0.02643747121445313	1.6412626774752237	2013-09-01	ne_star-lbi	north	2013
2013-02-01	B/Connecticut/04/2012_EPI_ISL_133980	0.0342	2.123183999999998	2.0876200000000003	-0.19159184839021143	0.02324546344088876	1.5793105317683938	2013-09-01	ne_star-lbi	north	2013
2013-02-01	B/Costa_Rica/725/2012_EPI_ISL_129638	0.000826	2.463162999999998	2.456231	-0.19168652883448994	0.0005613945137106727	1.7979488731144255	2013-09-01	ne_star-lbi	north	2013
2013-02-01	B/Costa_Rica/9188/2012_EPI_ISL_129562	0.000259	2.464296999999998	2.4887349999999997	-0.19168804686532376	0.00017603032723457866	1.7987196014873779	2013-09-01	ne_star-lbi	north	2013
2013-02-01	B/DARWIN/40/2012_EPI_ISL_122587	3.2e-05	1.4648189999999992	1.4900979999999981	-1.074587307154497	1.2994673810509209e-05	0.7990716621418477	2013-09-01	ne_star-lbi	north	2013
2013-02-01	B/Egypt/3514/2012_EPI_ISL_129151	4.3e-05	2.199704999999999	2.345780999999999	-0.18971359248558545	2.9258792098501614e-05	1.6235231024455277	2013-09-01	ne_star-lbi	north	2013
2013-02-01	B/Egypt/3534/2012_EPI_ISL_129152	3.8e-05	1.4648189999999992	1.4900979999999981	-1.0382604355391518	1.5761661415842896e-05	0.7990716621418477	2013-09-01	ne_star-lbi	north	2013
2013-02-01	B/Finland/293/2012_EPI_ISL_129934	0.021480000000000003	4.239647999999998	4.486455999999997	-4.629916281629127	0.0010963473151260406	3.7412997914254262	2013-09-01	ne_star-lbi	north	2013
2013-02-01	B/Florida/05/2012_EPI_ISL_122141	1.2e-05	1.4648189999999992	1.4900979999999981	-1.1682701772924364	4.61384687748176e-06	0.7990716621418477	2013-09-01	ne_star-lbi	north	2013
2013-02-01	B/Florida/10/2012_EPI_ISL_124961	0.000134	1.4648189999999992	1.4900979999999981	0.07896120460764666	0.00010664939395100023	0.7990716621418477	2013-09-01	ne_star-lbi	north	2013
2013-02-01	B/Florida/19/2012_EPI_ISL_127866	0.000259	1.4648189999999992	1.4900979999999981	0.17979516389094832	0.00021862432232820232	0.7990716621418477	2013-09-01	ne_star-lbi	north	2013
2013-02-01	B/Florida/22/2012_EPI_ISL_128364	0.000437	4.1979489999999995	4.265582999999997	-4.629916793564629	2.23046384374208e-05	3.62343388389178	2013-09-01	ne_star-lbi	north	2013
2013-02-01	B/Florida/33/2012_EPI_ISL_129643	0.0026899999999999997	2.199704999999999	2.345780999999999	-0.15466920245803512	0.001868178238190766	1.6235231024455277	2013-09-01	ne_star-lbi	north	2013
2013-02-01	B/Florida/36/2012_EPI_ISL_129782	0.009548000000000001	1.4648189999999992	1.4900979999999981	1.5974773569714078	0.01842741975996921	0.7990716621418477	2013-09-01	ne_star-lbi	north	2013
2013-02-01	B/Florida/38/2012_EPI_ISL_131840	0.017434	1.4648189999999992	1.4900979999999981	1.865260416809551	0.039335883117860376	0.7990716621418477	2013-09-01	ne_star-lbi	north	2013
2013-02-01	B/GUNMA/59/2012_EPI_ISL_128346	5.9e-05	2.464696999999998	2.4882859999999996	-0.1916880468653222	4.009957261328243e-05	1.7989914629966206	2013-09-01	ne_star-lbi	north	2013
2013-02-01	B/Guam/2635/2012_EPI_ISL_129153	0.0001409999999999	2.4144429999999986	2.4483330000000003	0.35620803522620376	0.00013191980110963797	1.771323402378128	2013-09-01	ne_star-lbi	north	2013
2013-02-01	B/Hawaii/06/2012_EPI_ISL_128958	0.000908	1.4648189999999992	1.4900979999999981	0.7379032900460383	0.001061389549223569	0.7990716621418477	2013-09-01	ne_star-lbi	north	2013
2013-02-01	B/Hawaii/09/2012_EPI_ISL_129564	0.000437	1.4648189999999992	1.4900979999999981	0.7346687805713406	0.0005098600332416994	0.7990716621418477	2013-09-01	ne_star-lbi	north	2013
2013-02-01	B/Hawaii/09/2012_EPI_ISL_129564__dup2	0.000437	2.4421489999999975	2.437455	0.6242220284448757	0.00047804696048276985	1.7854429718252551	2013-09-01	ne_star-lbi	north	2013
2013-02-01	B/Hawaii/11/2012_EPI_ISL_129713	0.003403	2.4144429999999986	2.4483330000000003	-0.14660395402425203	0.00237449475947513	1.771323402378128	2013-09-01	ne_star-lbi	north	2013
2013-02-01	B/Hawaii/12/2012_EPI_ISL_129714	0.0012519999999999999	1.4648189999999992	1.4900979999999981	0.9374903776568959	0.0016442065366513747	0.7990716621418477	2013-09-01	ne_star-lbi	north	2013
2013-02-01	B/Hawaii/12/2012_EPI_ISL_129714__dup2	0.0012519999999999999	2.309577999999998	2.371662999999999	0.10683610686902623	0.001012790704843409	1.745044591204489	2013-09-01	ne_star-lbi	north	2013
2013-02-01	B/Honduras/9745/2012_EPI_ISL_128365	8.9e-05	3.2768019999999978	3.4757360000000013	0.11377067567652965	7.228732892395495e-05	2.668583498095841	2013-09-01	ne_star-lbi	north	2013
2013-02-01	B/Idaho/03/2012_EPI_ISL_124959	3.6e-05	2.443732999999998	2.4525959999999998	-1.2077841907847797	1.3526144201600788e-05	1.7847650840804752	2013-09-01	ne_star-lbi	north	2013
2013-02-01	B/India/315/2012_EPI_ISL_129149	3.2e-05	2.261590999999999	1.8214909999999989	-1.2072377869777402	1.2027072134948644e-05	1.6412626774752237	2013-09-01	ne_star-lbi	north	2013
2013-02-01	B/India/316/2012_EPI_ISL_129159	6.2e-05	1.4648189999999992	1.4900979999999981	0.07580677996590496	4.925452622086961e-05	0.7990716621418477	2013-09-01	ne_star-lbi	north	2013
2013-02-01	B/Iowa/02/2012_EPI_ISL_129788	0.009548000000000001	2.199704999999999	2.345780999999999	-0.02236280939483687	0.007163029428261117	1.6235231024455277	2013-09-01	ne_star-lbi	north	2013
2013-02-01	B/Iowa/03/2012_EPI_ISL_131841	0.02101	2.199704999999999	2.345780999999999	0.20870416284177362	0.018036344652393357	1.6235231024455277	2013-09-01	ne_star-lbi	north	2013
2013-02-01	B/Johannesburg/3964/2012_EPI_ISL_132268	0.0007160000000000001	3.440712999999998	3.437444000000001	-2.4108019386437682	0.00013335640697097206	2.7851762590113145	2013-09-01	ne_star-lbi	north	2013
2013-02-01	B/KANAGAWA/80/2012_EPI_ISL_128344	1.3000000000000001e-05	2.420558999999998	2.4898509999999994	0.23674567396700338	1.1344094047645035e-05	1.796188506115607	2013-09-01	ne_star-lbi	north	2013
2013-02-01	B/KOBE/63/2012_EPI_ISL_128342	2.6000000000000002e-05	1.4648189999999992	1.4900979999999981	-1.1119547400918002	1.0330519090393585e-05	0.7990716621418477	2013-09-01	ne_star-lbi	north	2013
2013-02-01	B/KOCHI/110/2012_EPI_ISL_133556	0.024388999999999997	1.4648189999999992	1.4900979999999981	1.8015258820221838	0.053019966471642324	0.7990716621418477	2013-09-01	ne_star-lbi	north	2013
2013-02-01	B/KOCHI/112/2012_EPI_ISL_133559	0.038799	1.4648189999999992	1.4900979999999981	1.5512140364330844	0.07288738562532635	0.7990716621418477	2013-09-01	ne_star-lbi	north	2013
2013-02-01	B/Kentucky/04/2012_EPI_ISL_131839	0.017434	1.4648189999999992	1.4900979999999981	1.865260416809551	0.039335883117860376	0.7990716621418477	2013-09-01	ne_star-lbi	north	2013
2013-02-01	B/Kenya/128/2012_EPI_ISL_133083	8.9e-05	2.326921999999998	2.4869499999999998	0.2578134540256737	7.862374954943182e-05	1.746380790271144	2013-09-01	ne_star-lbi	north	2013
2013-02-01	B/Kenya/129/2012_EPI_ISL_129148	6.6e-05	2.323519999999998	2.3823729999999994	0.1127074090709913	5.3573095386714075e-05	1.7257496520469804	2013-09-01	ne_star-lbi	north	2013
2013-02-01	B/Kenya/132/2012_EPI_ISL_132490	0.002194	2.326921999999998	2.4869499999999998	-0.19168669299094615	0.0014911615558549853	1.746380790271144	2013-09-01	ne_star-lbi	north	2013
2013-02-01	B/Laos/090/2012_EPI_ISL_133984	0.007187000000000001	3.2459399999999983	3.485742000000001	-0.10306293385964327	0.005143840880355796	2.6914006345013224	2013-09-01	ne_star-lbi	north	2013
2013-02-01	B/Laos/I418/2012_EPI_ISL_133562	2.5e-05	3.3859949999999976	3.4790340000000013	-3.426898660358593	2.5740946137857534e-06	2.7902090481106345	2013-09-01	ne_star-lbi	north	2013
2013-02-01	B/Laos/I612/2012_EPI_ISL_133550	0.0011970000000000001	6.1472409999999975	6.245348000000003	-0.1916880463841038	0.0008135455666368298	5.6145637798679635	2013-09-01	ne_star-lbi	north	2013
2013-02-01	B/Laos/I772/2012_EPI_ISL_133552	0.00984	2.2603179999999976	2.485753	-0.1916880468653222	0.006687793127367781	1.701688316262032	2013-09-01	ne_star-lbi	north	2013
2013-02-01	B/Laos/I783/2012_EPI_ISL_133553	0.009548000000000001	1.4648189999999992	1.4900979999999981	1.5974773569714078	0.01842741975996921	0.7990716621418477	2013-09-01	ne_star-lbi	north	2013
2013-02-01	B/Laos/O020/2012_EPI_ISL_133554	0.000134	4.434334999999999	4.449205999999996	-2.4108025144320737	2.4957754933071377e-05	3.7821491452348357	2013-09-01	ne_star-lbi	north	2013
2013-02-01	B/Louisiana/01/2012_EPI_ISL_133986	0.035756	1.4648189999999992	1.4900979999999981	1.6777650706062996	0.07231710161668162	0.7990716621418477	2013-09-01	ne_star-lbi	north	2013
2013-02-01	B/MOROCCO/940/2012_EPI_ISL_128314	2.8000000000000013e-05	1.4648189999999992	1.4900979999999981	-1.112825317333753	1.111952606724828e-05	0.7990716621418477	2013-09-01	ne_star-lbi	north	2013
2013-02-01	B/Malmoe/3/2012_EPI_ISL_131861	0.026911	3.020785999999998	3.0800460000000007	-0.1915787363303762	0.018291328987941873	2.5090365270680026	2013-09-01	ne_star-lbi	north	2013
2013-02-01	B/Managua/5096.05/2012_EPI_ISL_129155	0.000126	3.2768019999999978	3.4757360000000013	0.7773825665354013	0.0001507166117923428	2.668583498095841	2013-09-01	ne_star-lbi	north	2013
2013-02-01	B/Managua/6374.05/2012_EPI_ISL_129156	0.000177	5.226640999999996	5.385080999999998	-2.4108025091551606	3.296658684143021e-05	4.639769456884607	2013-09-01	ne_star-lbi	north	2013
2013-02-01	B/Maryland/06/2012_EPI_ISL_124957	6.6e-05	2.464362999999998	2.4900869999999995	-0.19168630022983163	4.4857194728686044e-05	1.7987644583733706	2013-09-01	ne_star-lbi	north	2013
2013-02-01	B/Maryland/07/2012_EPI_ISL_130208	0.0134759999999999	2.261590999999999	1.8214909999999989	0.12748739945299176	0.011033369094361334	1.6412626774752237	2013-09-01	ne_star-lbi	north	2013
2013-02-01	B/Mauritius/614/2012_EPI_ISL_132279	0.00022	1.4648189999999992	1.4900979999999981	0.16882302747566946	0.00018451927053645534	0.7990716621418477	2013-09-01	ne_star-lbi	north	2013
2013-02-01	B/Mauritius/678/2012_EPI_ISL_132280	0.00037400000000000004	2.309577999999998	2.371662999999999	0.3906237076586206	0.00035701074756382714	1.745044591204489	2013-09-01	ne_star-lbi	north	2013
2013-02-01	B/Minnesota/03/2012_EPI_ISL_129778	0.011073999999999999	2.199704999999999	2.345780999999999	0.1038736932828564	0.008942715281325373	1.6235231024455277	2013-09-01	ne_star-lbi	north	2013
2013-02-01	B/Minnesota/05/2012_EPI_ISL_131844	0.014986000000000001	4.009208999999998	4.084311999999999	-0.18018891804775222	0.010253842254203591	3.501384643560908	2013-09-01	ne_star-lbi	north	2013
2013-02-01	B/Montana/03/2012_EPI_ISL_129716	0.0065069999999999	4.365003999999999	4.409695999999997	-2.4106699403359526	0.0012120348584312524	3.7505693256923225	2013-09-01	ne_star-lbi	north	2013
2013-02-01	B/Montana/05/2012_EPI_ISL_133987	0.013844	5.537568999999998	6.234377000000006	-0.19080986503576963	0.009413948108811661	5.3241080857725525	2013-09-01	ne_star-lbi	north	2013
2013-02-01	B/Montana/05/2012_EPI_ISL_133987__dup2	0.013844	6.382327999999999	7.1159419999999995	-2.4099243333149967	0.0025797925558835046	6.270081014835193	2013-09-01	ne_star-lbi	north	2013
2013-02-01	B/Montana/05/2012_EPI_ISL_133987__dup3	0.013844	6.382327999999999	7.1159419999999995	-2.4099243333149967	0.0025797925558835046	6.270081014835193	2013-09-01	ne_star-lbi	north	2013
2013-02-01	B/Montana/05/2012_EPI_ISL_133987__dup4	0.013844	5.537568999999998	6.234377000000006	-0.19080986503576963	0.009413948108811661	5.3241080857725525	2013-09-01	ne_star-lbi	north	2013
2013-02-01	B/Montana/06/2012_EPI_ISL_132488	0.016595	6.413509999999998	7.2202779999999995	-0.1908642165875118	0.011284275919982514	6.2384340633355935	2013-09-01	ne_star-lbi	north	2013
2013-02-01	B/NAGANO/3470/2012_EPI_ISL_133561	0.031585	3.2768019999999978	3.4757360000000013	-0.13789956832240596	0.022151100276967386	2.668583498095841	2013-09-01	ne_star-lbi	north	2013
2013-02-01	B/Nebraska/05/2012_EPI_ISL_132967	0.027424	1.4648189999999992	1.4900979999999981	1.8769005449284786	0.062297634357882783	0.7990716621418477	2013-09-01	ne_star-lbi	north	2013
2013-02-01	B/Nevada/10/2012_EPI_ISL_125937	9.499999999999999e-05	2.464624999999998	2.465403	-2.4108017068540764	1.7693939071518322e-05	1.7990362742637043	2013-09-01	ne_star-lbi	north	2013
2013-02-01	B/Nevada/13/2012_EPI_ISL_128385	0.000356	1.4648189999999992	1.4900979999999981	0.3992088728431878	0.0003415345458376062	0.7990716621418477	2013-09-01	ne_star-lbi	north	2013
2013-02-01	B/Nevada/14/2012_EPI_ISL_129784	0.00984	1.4648189999999992	1.4900979999999981	1.5598295105978668	0.01857845393320453	0.7990716621418477	2013-09-01	ne_star-lbi	north	2013
2013-02-01	B/New_Hampshire/08/2012_EPI_ISL_122156	1.2e-05	1.4648189999999992	1.4900979999999981	-1.1682701772924364	4.61384687748176e-06	0.7990716621418477	2013-09-01	ne_star-lbi	north	2013
2013-02-01	B/New_Jersey/02/2012_EPI_ISL_129781	0.0060810000000000005	2.261590999999999	1.8214909999999989	-0.1813369880871359	0.004158005474633826	1.6412626774752237	2013-09-01	ne_star-lbi	north	2013
2013-02-01	B/New_Mexico/02/2012_EPI_ISL_124962	1.6e-05	1.4648189999999992	1.4900979999999981	-1.1418742852068826	6.24725176139837e-06	0.7990716621418477	2013-09-01	ne_star-lbi	north	2013
2013-02-01	B/New_York/07/2012_EPI_ISL_128380	0.000437	1.4648189999999992	1.4900979999999981	0.6242220284448757	0.00047804696048276985	0.7990716621418477	2013-09-01	ne_star-lbi	north	2013
2013-02-01	B/New_York/08/2012_EPI_ISL_128378	0.00041500000000000006	1.4648189999999992	1.4900979999999981	0.4969206633461004	0.00042148962676223726	0.7990716621418477	2013-09-01	ne_star-lbi	north	2013
2013-02-01	B/New_York/14/2012_EPI_ISL_133989	0.030539	2.123183999999998	2.0876200000000003	-0.1287039646116433	0.021532717061741327	1.5793105317683938	2013-09-01	ne_star-lbi	north	2013
2013-02-01	B/North_Dakota/01/2012_EPI_ISL_131847	0.02101	2.422758999999998	2.4151049999999996	-0.1916880468651328	0.014279525772968763	1.770499084451708	2013-09-01	ne_star-lbi	north	2013
2013-02-01	B/OKINAWA/37/2012_EPI_ISL_133557	0.031585	3.1835779999999976	3.382336000000002	-0.07801176791071851	0.022938614642472786	2.6278022920228308	2013-09-01	ne_star-lbi	north	2013
2013-02-01	B/OKINAWA/38/2012_EPI_ISL_133558	0.0383	2.324876999999998	2.4900609999999994	-0.19168551536974793	0.02603077794974939	1.7011243021176972	2013-09-01	ne_star-lbi	north	2013
2013-02-01	B/Ohio/02/2012_EPI_ISL_131846	0.0157789999999999	2.261590999999999	1.8214909999999989	0.39069194834078497	0.015062825760210187	1.6412626774752237	2013-09-01	ne_star-lbi	north	2013
2013-02-01	B/Panama/310611/2012_EPI_ISL_129158	5.9e-05	1.4648189999999992	1.4900979999999981	-0.02578457580630794	4.41742791940792e-05	0.7990716621418477	2013-09-01	ne_star-lbi	north	2013
2013-02-01	B/Panama/310638/2012_EPI_ISL_129157	9.499999999999999e-05	1.4648189999999992	1.4900979999999981	0.07185634519781148	7.529692916486413e-05	0.7990716621418477	2013-09-01	ne_star-lbi	north	2013
2013-02-01	B/Paraguay/252/2012_EPI_ISL_127860	2.5e-05	2.464764999999998	2.4899769999999997	-1.2077841920793637	9.393155688462637e-06	1.7990528758304705	2013-09-01	ne_star-lbi	north	2013
2013-02-01	B/Pennsylvania/04/2012_EPI_ISL_125940	4.3e-05	1.4648189999999992	1.4900979999999981	-0.01218771028841148	3.2451182322376257e-05	0.7990716621418477	2013-09-01	ne_star-lbi	north	2013
2013-02-01	B/Pennsylvania/05/2012_EPI_ISL_129563	0.002382	1.4648189999999992	1.4900979999999981	0.9270348456925916	0.0031091738793425122	0.7990716621418477	2013-09-01	ne_star-lbi	north	2013
2013-02-01	B/Pennsylvania/05/2012_EPI_ISL_129563__dup2	0.002382	2.4443719999999973	2.4485130000000006	-2.4108013921239095	0.0004436523221708183	1.790559442909299	2013-09-01	ne_star-lbi	north	2013
2013-02-01	B/Pennsylvania/06/2012_EPI_ISL_129667	0.003275	1.4648189999999992	1.4900979999999981	1.4126889143952486	0.005674784914665048	0.7990716621418477	2013-09-01	ne_star-lbi	north	2013
2013-02-01	B/Pennsylvania/06/2012_EPI_ISL_129667__dup2	0.003275	2.4421489999999975	2.437455	1.1665387020362004	0.004915753451919674	1.7854429718252551	2013-09-01	ne_star-lbi	north	2013
2013-02-01	B/Pennsylvania/07/2012_EPI_ISL_129787	0.012065000000000001	1.4648189999999992	1.4900979999999981	1.748086657556176	0.025423455064153774	0.7990716621418477	2013-09-01	ne_star-lbi	north	2013
2013-02-01	B/Peru/0978/2012_EPI_ISL_133991	0.0157789999999999	2.199704999999999	2.345780999999999	0.3604439175085338	0.014799378010934538	1.6235231024455277	2013-09-01	ne_star-lbi	north	2013
2013-02-01	B/Peru/1634/2012_EPI_ISL_133992	0.011073999999999999	2.199704999999999	2.345780999999999	0.1038736932828564	0.008942715281325373	1.6235231024455277	2013-09-01	ne_star-lbi	north	2013
2013-02-01	B/Peru/6253/2012_EPI_ISL_127864	0.000246	1.4648189999999992	1.4900979999999981	0.19243177966492372	0.00020918722556652404	0.7990716621418477	2013-09-01	ne_star-lbi	north	2013
2013-02-01	B/Puerto_Rico/04/2012_EPI_ISL_127859	8.4e-05	4.324532999999999	4.415550999999996	-4.6299050389549965	4.287419852908387e-06	3.7011071524382864	2013-09-01	ne_star-lbi	north	2013
2013-02-01	B/SINGAPORE/12/2012_EPI_ISL_128727	4.3e-05	2.422831999999998	2.4884439999999994	-0.191688037202773	2.922511240830569e-05	1.7703724153151534	2013-09-01	ne_star-lbi	north	2013
2013-02-01	B/SOUTH_AUSTRALIA/16/2012_EPI_ISL_122573	2e-05	1.4648189999999992	1.4900979999999981	-1.1274157299863583	7.875206112569164e-06	0.7990716621418477	2013-09-01	ne_star-lbi	north	2013
2013-02-01	B/SOUTH_AUSTRALIA/21/2012_EPI_ISL_128720	8.9e-05	2.464538999999998	2.446714	-0.1916880468653222	6.0489185806476883e-05	1.79888054373875	2013-09-01	ne_star-lbi	north	2013
2013-02-01	B/SYDNEY/204/2012_EPI_ISL_128726	7e-05	2.464674999999998	2.4900869999999995	-0.1916880468653222	4.757576411745373e-05	1.7989765106136124	2013-09-01	ne_star-lbi	north	2013
2013-02-01	B/Santiago/49303/2012_EPI_ISL_129160	0.00020899999999999998	1.4648189999999992	1.4900979999999981	0.18135905136412106	0.0001765798693518628	0.7990716621418477	2013-09-01	ne_star-lbi	north	2013
2013-02-01	B/South_Carolina/04/2012_EPI_ISL_130209	0.014599	1.4648189999999992	1.4900979999999981	1.77479413120002	0.03124614065189543	0.7990716621418477	2013-09-01	ne_star-lbi	north	2013
2013-02-01	B/TOWNSVILLE/12/2012_EPI_ISL_128711	1.3000000000000001e-05	1.4648189999999992	1.4900979999999981	-1.168629148373824	4.9972875766965485e-06	0.7990716621418477	2013-09-01	ne_star-lbi	north	2013
2013-02-01	B/Texas/20/2012_EPI_ISL_132496	0.023403	3.3646919999999976	3.413354	-0.19168804685770685	0.015905937252081656	2.734235878275091	2013-09-01	ne_star-lbi	north	2013
2013-02-01	B/Utah/07/2012_EPI_ISL_122152	5.5e-05	2.464570999999998	2.4900869999999995	-2.410801722879227	1.0243859366698333e-05	1.7990262166681807	2013-09-01	ne_star-lbi	north	2013
2013-02-01	B/Utah/08/2012_EPI_ISL_130215	0.011073999999999999	3.9558679999999984	4.213504999999998	-2.4089437359229278	0.0020647911819917835	3.542037982042685	2013-09-01	ne_star-lbi	north	2013
2013-02-01	B/Utah/08/2012_EPI_ISL_130215__dup2	0.011073999999999999	4.081969999999998	4.259838999999997	-2.4089437359229278	0.0020647911819917835	3.585931694887674	2013-09-01	ne_star-lbi	north	2013
2013-02-01	B/Utah/08/2012_EPI_ISL_130215__dup3	0.011073999999999999	3.111108999999997	3.331940000000001	-0.18982926764370073	0.00753465118676786	2.596065052980043	2013-09-01	ne_star-lbi	north	2013
2013-02-01	B/Utah/08/2012_EPI_ISL_130215__dup4	0.011073999999999999	3.9558679999999984	4.213504999999998	-2.4089437359229278	0.0020647911819917835	3.542037982042685	2013-09-01	ne_star-lbi	north	2013
2013-02-01	B/VICTORIA/804/2012_EPI_ISL_122588	4.9e-05	2.4144429999999986	2.4483330000000003	-0.08740628661820127	3.539177884842423e-05	1.771323402378128	2013-09-01	ne_star-lbi	north	2013
2013-02-01	B/Venezuela/82/2012_EPI_ISL_129154	0.000198	3.058405999999998	3.238056000000001	-0.16894824933057967	0.0001363684133507148	2.5502010923506617	2013-09-01	ne_star-lbi	north	2013
2013-02-01	B/Washington/09/2012_EPI_ISL_122139	1.1e-05	1.4648189999999992	1.4900979999999981	-1.1585262032634946	4.253467703833447e-06	0.7990716621418477	2013-09-01	ne_star-lbi	north	2013
2013-02-01	B/Washington/12/2012_EPI_ISL_127865	0.000288	1.4648189999999992	1.4900979999999981	0.39973008868574955	0.0002763816291246453	0.7990716621418477	2013-09-01	ne_star-lbi	north	2013
2013-02-01	B/Wisconsin/06/2012_EPI_ISL_122138	1.2e-05	1.4648189999999992	1.4900979999999981	-1.1682701772924364	4.61384687748176e-06	0.7990716621418477	2013-09-01	ne_star-lbi	north	2013
2013-02-01	B/Wisconsin/10/2012_EPI_ISL_129720	0.005294	2.199704999999999	2.345780999999999	-0.09608039475798902	0.0038044577318347697	1.6235231024455277	2013-09-01	ne_star-lbi	north	2013
2013-02-01	B/Wisconsin/11/2012_EPI_ISL_129790	0.010756	2.199704999999999	2.345780999999999	0.3550038100909188	0.01005626229075285	1.6235231024455277	2013-09-01	ne_star-lbi	north	2013
2013-02-01	B/Wisconsin/12/2012_EPI_ISL_132620	0.026911	3.0393429999999984	3.0843230000000004	-0.1826399559610245	0.018386954347673425	2.5219997134522316	2013-09-01	ne_star-lbi	north	2013
2013-02-01	B/Wisconsin/14/2012_EPI_ISL_133996	0.0383	1.4648189999999992	1.4900979999999981	1.5764237377971988	0.07301585939704192	0.7990716621418477	2013-09-01	ne_star-lbi	north	2013
2013-02-01	B/Wyoming/03/2012_EPI_ISL_122149	1e-05	2.458918999999998	2.4579210000000002	-1.2075113156625323	3.7578603961432332e-06	1.7979740604745436	2013-09-01	ne_star-lbi	north	2013
2013-02-01	B/Wyoming/04/2012_EPI_ISL_129721	0.003029	2.458756999999998	2.4900869999999995	1.0102474724421158	0.004150338168471986	1.7907709858049032	2013-09-01	ne_star-lbi	north	2013
2013-02-01	B/Wyoming/10/2012_EPI_ISL_133997	0.035756	3.3217619999999974	3.484673000000001	-2.410802515144549	0.0066596230225075635	2.7724305959572044	2013-09-01	ne_star-lbi	north	2013
2013-02-01	B/YAMAGATA/259/2012_EPI_ISL_128343	4.3e-05	2.464728999999998	2.477182	-0.19168765109427605	2.9225118990677228e-05	1.7990132119038658	2013-09-01	ne_star-lbi	north	2013
2014-02-01	B/Alberta/RV2320/2013_EPI_ISL_153515	0.007478	2.5598999999999994	3.20415	0.25348294314553144	0.007991545768080867	2.381607343549258	2014-09-01	ne_star-lbi	north	2014
2014-02-01	B/Bangladesh/6365/2013_EPI_ISL_150191	0.002032	1.6113739999999992	2.2937129999999986	0.25348294314553144	0.002171546001703707	1.4361133242133939	2014-09-01	ne_star-lbi	north	2014
2014-02-01	B/Bangladesh/8009/2013_EPI_ISL_151774	0.001152	1.6113739999999992	2.2937129999999986	0.25348294314563274	0.0012311126938793398	1.4361133242133939	2014-09-01	ne_star-lbi	north	2014
2014-02-01	B/Bangladesh/8010/2013_EPI_ISL_150189	0.00179	2.485406999999999	3.2428769999999996	-2.295152178676395	0.0004325448001297101	2.3386685364176185	2014-09-01	ne_star-lbi	north	2014
2014-02-01	B/Belize/3158/2013_EPI_ISL_153140	0.0082329999999999	2.646476999999998	2.7791339999999995	0.2534829431454229	0.008798394799225036	2.4859341855649446	2014-09-01	ne_star-lbi	north	2014
2014-02-01	B/Brazil/3742/2013_EPI_ISL_147720	0.001152	2.607711999999998	2.6894810000000002	0.25348294314553144	0.0012311126938792671	2.4440030052085437	2014-09-01	ne_star-lbi	north	2014
2014-02-01	B/Brazil/4861/2013_EPI_ISL_147721	0.001261	3.6051909999999996	3.689473	0.2534829431454229	0.0013475981831437998	3.4413078088422577	2014-09-01	ne_star-lbi	north	2014
2014-02-01	B/Brazil/6004/2013_EPI_ISL_145992	8.499999999999999e-05	5.6459699999999975	5.767676000000003	-4.843787300498429	4.6444011561973065e-06	5.485906319158006	2014-09-01	ne_star-lbi	north	2014
2014-02-01	B/Brazil/7795/2013_EPI_ISL_146002	0.000127	3.5562379999999996	3.599917999999999	0.2534829431454229	0.00013572162510647312	3.3894970245444096	2014-09-01	ne_star-lbi	north	2014
2014-02-01	B/Burkina_Faso/1078/2013_EPI_ISL_149449	0.000275	4.693713999999996	4.807272999999999	0.25348294314948977	0.00029388540869581615	4.538050992864985	2014-09-01	ne_star-lbi	north	2014
2014-02-01	B/Burkina_Faso/1080/2013_EPI_ISL_149442	0.000275	5.667564999999998	5.7372910000000035	-2.2951521786765032	6.645241342774456e-05	5.510698323912774	2014-09-01	ne_star-lbi	north	2014
2014-02-01	B/CHIBA-C/46/2013_EPI_ISL_145544	3.9e-05	2.697873999999998	2.829193	-36.523987329535764	2.007995361268674e-14	2.54044016622904	2014-09-01	ne_star-lbi	north	2014
2014-02-01	B/Distrito_Federal/67407/2013_EPI_ISL_148605	0.001715	2.6079139999999983	2.8686650000000005	0.2534829443408712	0.0018327762773221825	2.446398926034905	2014-09-01	ne_star-lbi	north	2014
2014-02-01	B/Florida/07/2013_EPI_ISL_151850	0.020689	2.3829519999999986	1.76427	0.2534829431454229	0.022109800801793873	2.2051573204996764	2014-09-01	ne_star-lbi	north	2014
2014-02-01	B/Florida/08/2013_EPI_ISL_153508	0.0323339999999999	3.3151390000000003	2.7642620000000013	0.2534843100722273	0.03455453957014464	3.132686185545241	2014-09-01	ne_star-lbi	north	2014
2014-02-01	B/French_Guiana/8157/2013_EPI_ISL_145993	5.2000000000000004e-05	2.6707079999999976	2.8479490000000007	-36.523987329535764	2.6773271483582315e-14	2.511436287435429	2014-09-01	ne_star-lbi	north	2014
2014-02-01	B/Ghana/FS-13-1118/2013_EPI_ISL_153200	0.027614999999999997	1.6113739999999992	2.2937129999999986	0.25348294314553144	0.02951143840405899	1.4361133242133939	2014-09-01	ne_star-lbi	north	2014
2014-02-01	B/Ghana/FS-718/2013_EPI_ISL_145593	0.000188	5.5623309999999995	5.818892000000004	-2.2951521786721254	4.542928627071956e-05	5.442633027557908	2014-09-01	ne_star-lbi	north	2014
2014-02-01	B/Guangdong-Xiangzhou/11050/2013_EPI_ISL_153320	0.002601	2.6061729999999996	3.2937049999999997	0.2534829431454229	0.002779621629149107	2.430554080955096	2014-09-01	ne_star-lbi	north	2014
2014-02-01	B/Hong_Kong/223/2013_EPI_ISL_151771	0.003987	3.4156569999999977	4.2562409999999975	-2.295152178676395	0.0009634391721324883	3.2610245925829457	2014-09-01	ne_star-lbi	north	2014
2014-02-01	B/Hong_Kong/267/2013_EPI_ISL_151772	0.006775	1.6113739999999992	2.2937129999999986	0.25348294314553144	0.007240267796034751	1.4361133242133939	2014-09-01	ne_star-lbi	north	2014
2014-02-01	B/Hong_Kong/439/2013_EPI_ISL_154041	0.03907	2.4236299999999993	3.256249	0.25348294314553144	0.041753101518978264	2.262951470927212	2014-09-01	ne_star-lbi	north	2014
2014-02-01	B/Hong_Kong/445/2013_EPI_ISL_154042	0.038568	1.6113739999999992	2.2937129999999986	0.2534829431454229	0.041216627063830356	1.4361133242133939	2014-09-01	ne_star-lbi	north	2014
2014-02-01	B/Hunan-Lengshuitan/11179/2013_EPI_ISL_153277	0.025061	3.4295079999999976	4.274953999999998	-2.2951521786765032	0.006055868846955296	3.328268712676552	2014-09-01	ne_star-lbi	north	2014
2014-02-01	B/Indonesia/Nihrd-Mtr1658/2013_EPI_ISL_153520	4.4e-05	5.657444999999998	5.375939000000003	-36.52398732951058	2.265430664028699e-14	5.537691348067988	2014-09-01	ne_star-lbi	north	2014
2014-02-01	B/Indonesia/Nihrdi-Bpp543/2013_EPI_ISL_153147	1.3000000000000001e-05	5.657402999999998	5.211503000000002	-36.523987329505815	6.693317871012503e-15	5.537691348067966	2014-09-01	ne_star-lbi	north	2014
2014-02-01	B/Indonesia/Nihrdi-Mks1003/2013_EPI_ISL_153136	0.0016420000000000002	6.637395999999997	6.375931000000001	-2.2951521786720166	0.00039678131944960785	6.521602283393436	2014-09-01	ne_star-lbi	north	2014
2014-02-01	B/Indonesia/Nihrdi-Plk159/2013_EPI_ISL_153146	1.9e-05	6.664129999999998	6.458052000000001	-39.07262245135749	2.2119964895803105e-15	6.538149484428183	2014-09-01	ne_star-lbi	north	2014
2014-02-01	B/Indonesia/Nihrds-0242/2013_EPI_ISL_153135	0.004966	7.410934999999998	7.296739999999996	-7.392422422316912	6.135504066632659e-05	7.364993693535019	2014-09-01	ne_star-lbi	north	2014
2014-02-01	B/Jiangsu-Chongchuan/11052/2013_EPI_ISL_150194	6.3e-05	3.5222369999999996	3.729276999999999	-2.2951521786765032	1.5223643803446933e-05	3.3889067189254978	2014-09-01	ne_star-lbi	north	2014
2014-02-01	B/Jiangsu-Chongchuan/12314/2013_EPI_ISL_153329	0.024061000000000003	3.2517329999999998	3.7896669999999992	0.25348294314730435	0.02571337024953097	3.191261875804138	2014-09-01	ne_star-lbi	north	2014
2014-02-01	B/Jiangsu-Chongchuan/12487/2013_EPI_ISL_153434	0.034963	6.0419579999999975	6.789643	-2.2951521786746216	0.008448639020642848	6.14057004168028	2014-09-01	ne_star-lbi	north	2014
2014-02-01	B/Jiangsu-Chongchuan/12552/2013_EPI_ISL_153252	0.038568	3.2517329999999998	3.7896669999999992	0.2534829431468847	0.041216627063865495	3.191261875804138	2014-09-01	ne_star-lbi	north	2014
2014-02-01	B/Jordan/30330/2013_EPI_ISL_145984	1.3000000000000001e-05	2.697887999999998	2.8686890000000007	-36.523987329535764	6.693317870895579e-15	2.5404401662290623	2014-09-01	ne_star-lbi	north	2014
2014-02-01	B/KAWASAKI/15/2013_EPI_ISL_153873	0.038062	1.6113739999999992	2.2937129999999986	0.25348294314553144	0.040675877911833906	1.4361133242133939	2014-09-01	ne_star-lbi	north	2014
2014-02-01	B/KAWASAKI/17/2013_EPI_ISL_153874	0.038062	1.6113739999999992	2.2937129999999986	0.25348294314553144	0.040675877911833906	1.4361133242133939	2014-09-01	ne_star-lbi	north	2014
2014-02-01	B/KUMAMOTO/24/2013_EPI_ISL_144999	1.4999999999999999e-05	2.6113449999999996	3.2937049999999997	-36.52398732953561	7.723059081803277e-15	2.4361133242133786	2014-09-01	ne_star-lbi	north	2014
2014-02-01	B/Maine/01/2013_EPI_ISL_153512	0.033388	2.3829519999999986	1.76427	0.2534829431454229	0.035680894638227746	2.2051573204996764	2014-09-01	ne_star-lbi	north	2014
2014-02-01	B/Manitoba/RV2317/2013_EPI_ISL_153139	0.015889	1.6113739999999992	2.2937129999999986	0.25348294314553144	0.01698016457729833	1.4361133242133939	2014-09-01	ne_star-lbi	north	2014
2014-02-01	B/Manitoba/RV2372/2013_EPI_ISL_153510	0.030226	3.4904719999999974	4.293696999999998	0.2534829431454229	0.0323017467753406	3.3069063371120304	2014-09-01	ne_star-lbi	north	2014
2014-02-01	B/Mato_Grosso/64122/2013_EPI_ISL_148579	0.000624	2.684033999999998	2.8686690000000006	0.2534829431454229	0.0006668527091845607	2.525566358526467	2014-09-01	ne_star-lbi	north	2014
2014-02-01	B/Mato_Grosso/64153/2013_EPI_ISL_148578	0.000594	2.607711999999998	2.6894810000000002	0.25348294314553144	0.0006347924827814971	2.4440030052085437	2014-09-01	ne_star-lbi	north	2014
2014-02-01	B/Montana/05/2013_EPI_ISL_151767	0.018424	2.4236299999999993	3.256249	0.25348294314553144	0.019689253708360777	2.262951470927212	2014-09-01	ne_star-lbi	north	2014
2014-02-01	B/Natal/124182/2013_EPI_ISL_146004	2.5e-05	3.3761669999999997	2.682141000000001	-39.072622451357525	2.910521696816136e-15	3.2046991841394976	2014-09-01	ne_star-lbi	north	2014
2014-02-01	B/Norway/2486/2013_EPI_ISL_144861	4.6e-05	1.6113739999999992	2.2937129999999986	-36.52398732953535	2.368404785086692e-14	1.4361133242133939	2014-09-01	ne_star-lbi	north	2014
2014-02-01	B/Norway/3235/2013_EPI_ISL_152933	0.0323339999999999	2.5686159999999987	2.8686890000000007	0.25348294314563274	0.03455451201726949	2.4022221181600028	2014-09-01	ne_star-lbi	north	2014
2014-02-01	B/Norway/3235/2013_EPI_ISL_152933__dup2	0.0323339999999999	2.5686159999999987	2.8686890000000007	0.25348294314563274	0.03455451201726949	2.4022221181600028	2014-09-01	ne_star-lbi	north	2014
2014-02-01	B/Ohio/04/2013_EPI_ISL_153145	0.019767	3.279685999999997	4.203646999999998	0.25348294314553144	0.021124483177006485	3.1448147447545587	2014-09-01	ne_star-lbi	north	2014
2014-02-01	B/Ontario/RV2311/2013_EPI_ISL_153143	0.01215	3.3675919999999975	4.293652999999997	0.2534829431454229	0.012984391693257073	3.2334184847722858	2014-09-01	ne_star-lbi	north	2014
2014-02-01	B/PHILIPPINES/10/2013_EPI_ISL_151535	3.4e-05	3.611239999999997	4.285770999999998	-39.07262245135755	3.958309507669874e-15	3.4361133242133772	2014-09-01	ne_star-lbi	north	2014
2014-02-01	B/Peru/7084/2013_EPI_ISL_146003	5.2000000000000004e-05	2.3829519999999986	1.76427	-36.52398732953571	2.6773271483583177e-14	2.2051573204996764	2014-09-01	ne_star-lbi	north	2014
2014-02-01	B/SAKAI/20/2013_EPI_ISL_153872	0.036524	1.6113739999999992	2.2937129999999986	0.2534829431454229	0.039032256971565545	1.4361133242133939	2014-09-01	ne_star-lbi	north	2014
2014-02-01	B/SAKAI/20/2013_EPI_ISL_153872__dup2	0.036524	1.6113739999999992	2.2937129999999986	0.25348294314553144	0.039032256971568015	1.4361133242133939	2014-09-01	ne_star-lbi	north	2014
2014-02-01	B/SENDAI/19/2013_EPI_ISL_153875	0.030226	1.6113739999999992	2.2937129999999986	0.25348294314553144	0.032301746775342643	1.4361133242133939	2014-09-01	ne_star-lbi	north	2014
2014-02-01	B/SHIZUOKA/122/2013_EPI_ISL_152861	0.013569999999999999	3.056346	3.5397130000000008	0.25348652735488636	0.014501939396798872	2.8859715399658397	2014-09-01	ne_star-lbi	north	2014
2014-02-01	B/SHIZUOKA/123/2013_EPI_ISL_152862	0.013569999999999999	4.0275649999999965	4.539704999999998	0.25348652735488636	0.014501939396798872	3.8565708798527916	2014-09-01	ne_star-lbi	north	2014
2014-02-01	B/SINGAPORE/KK492/2013_EPI_ISL_151533	5.2000000000000004e-05	5.657402999999998	5.211503000000002	-36.523987329511264	2.6773271483964885e-14	5.537691348067966	2014-09-01	ne_star-lbi	north	2014
2014-02-01	B/Sachsen_Anhalt/13/2013_EPI_ISL_154046	0.031806	3.529508999999999	3.8555139999999994	0.2534829431454229	0.03399025203257074	3.3712657960026915	2014-09-01	ne_star-lbi	north	2014
2014-02-01	B/Santiago/36883/2013_EPI_ISL_145998	2.2e-05	2.5397599999999985	2.2843870000000006	-39.072622451357695	2.5612590931979446e-15	2.3726394992171707	2014-09-01	ne_star-lbi	north	2014
2014-02-01	B/Santiago/49517/2013_EPI_ISL_145999	0.000377	1.697951	1.868697	0.2534837552001623	0.00040289036931423	1.5404401662290814	2014-09-01	ne_star-lbi	north	2014
2014-02-01	B/Sao_Paulo/2-22035/2013_EPI_ISL_148572	0.001318	3.4484269999999992	3.2843450000000005	-2.2951521774137853	0.00031848829440829317	3.2782797707285907	2014-09-01	ne_star-lbi	north	2014
2014-02-01	B/Sao_Paulo/4-21674/2013_EPI_ISL_148573	0.0035600000000000002	3.3195629999999996	2.7642120000000014	0.2535358215298184	0.003804597553592001	3.1374128746306558	2014-09-01	ne_star-lbi	north	2014
2014-02-01	B/Sao_Paulo/72101/2013_EPI_ISL_148606	0.004621	1.697951	1.868697	0.2534834258360984	0.004938344930778852	1.5404401662290814	2014-09-01	ne_star-lbi	north	2014
2014-02-01	B/Sao_Paulo/87289/2013_EPI_ISL_154019	0.028135000000000004	3.3195629999999996	2.7642120000000014	0.2535101041852049	0.03006762538091899	3.1374128746306558	2014-09-01	ne_star-lbi	north	2014
2014-02-01	B/Sao_Paulo/92844/2013_EPI_ISL_154021	0.03704	2.3829519999999986	1.76427	0.2534829431454229	0.039583692865698926	2.2051573204996764	2014-09-01	ne_star-lbi	north	2014
2014-02-01	B/Sao_Paulo/93684/2013_EPI_ISL_154020	0.041986	3.517674999999999	3.689449	0.2534829431454229	0.04486935552535733	3.3499617650143696	2014-09-01	ne_star-lbi	north	2014
2014-02-01	B/TOCHIGI/5/2013_EPI_ISL_145002	1.4999999999999999e-05	1.6113739999999992	2.2937129999999986	-36.523987329535274	7.723059081804787e-15	1.4361133242133939	2014-09-01	ne_star-lbi	north	2014
2014-02-01	B/TOKYO/13134/2013_EPI_ISL_145552	5.9e-05	1.6113739999999992	2.2937129999999986	-36.523987329535366	3.0377365721763874e-14	1.4361133242133939	2014-09-01	ne_star-lbi	north	2014
2014-02-01	B/TOKYO/31625/2013_EPI_ISL_153870	0.030751999999999998	1.6113739999999992	2.2937129999999986	0.25348294314553144	0.03286386941161043	1.4361133242133939	2014-09-01	ne_star-lbi	north	2014
2014-02-01	B/TOTTORI/37/2013_EPI_ISL_151859	3.9e-05	2.6112969999999995	3.293049	-39.072622451357695	4.5404138470327195e-15	2.4361133242133852	2014-09-01	ne_star-lbi	north	2014
2014-02-01	B/Toulon/2950/2013_EPI_ISL_154587	0.014318	2.5827389999999992	3.2937049999999997	0.2534829431454229	0.01530127738798805	2.405510769437418	2014-09-01	ne_star-lbi	north	2014
2014-02-01	B/Uruguay/177/2013_EPI_ISL_145997	3.4e-05	3.3828849999999995	2.7642620000000013	-36.52398732953569	1.7505600585419894e-14	3.2051573204996426	2014-09-01	ne_star-lbi	north	2014
2014-02-01	B/VICTORIA/802/2013_EPI_ISL_145349	1e-05	2.697931999999998	2.8686890000000007	-36.523987329535764	5.148706054535061e-15	2.5404401662290703	2014-09-01	ne_star-lbi	north	2014
2014-02-01	B/VICTORIA/813/2013_EPI_ISL_151534	0.001573	3.3151390000000003	2.7642620000000013	0.2534863791460909	0.001681027907073627	3.132686185545241	2014-09-01	ne_star-lbi	north	2014
2014-02-01	B/VICTORIA/830/2013_EPI_ISL_151575	0.005146	1.697951	1.868697	0.2534829431454229	0.005499397502345753	1.5404401662290814	2014-09-01	ne_star-lbi	north	2014
2014-02-01	B/Vietnam/421/2013_EPI_ISL_153523	0.006552	3.0264339999999996	3.569276000000001	-2.295152178676395	0.0015832589555585814	2.870206051229852	2014-09-01	ne_star-lbi	north	2014
2014-02-01	B/Vietnam/423/2013_EPI_ISL_153522	0.006335	3.579202999999999	3.8567439999999995	0.2534829431454229	0.006770051142122104	3.42437249236522	2014-09-01	ne_star-lbi	north	2014
2014-02-01	B/Vietnam/448/2013_EPI_ISL_153505	0.007723000000000001	2.5931199999999985	2.856772000000001	0.25348294314553144	0.0082533709503729	2.4392463000678317	2014-09-01	ne_star-lbi	north	2014
2014-02-01	B/YOKOHAMA/29/2013_EPI_ISL_152859	0.009614	2.5598999999999994	3.20415	0.25348294314553144	0.010274233887982006	2.381607343549258	2014-09-01	ne_star-lbi	north	2014
2014-02-01	B/YOKOHAMA/33/2013_EPI_ISL_153871	0.039568	1.6113739999999992	2.2937129999999986	0.2534829431454229	0.042285301277267144	1.4361133242133939	2014-09-01	ne_star-lbi	north	2014
2015-02-01	B/Acre/130605-IEC/2014_EPI_ISL_166315	2.1e-05	3.0812909999999984	3.8854549999999977	-10.047528150465714	4.4708279070747334e-08	2.6448897667349813	2015-09-01	ne_star-lbi	north	2015
2015-02-01	B/Alaska/02/2014_EPI_ISL_164321	2.4e-05	2.081336999999999	2.8854709999999986	-10.047528150465714	5.10951760808541e-08	1.6448898561515377	2015-09-01	ne_star-lbi	north	2015
2015-02-01	B/Argentina/154/2014_EPI_ISL_165840	0.000198	2.081336999999999	2.8854709999999986	0.07869765263319989	0.00015495163940184653	1.6448898561515377	2015-09-01	ne_star-lbi	north	2015
2015-02-01	B/Arizona/03/2014_EPI_ISL_164337	2.3e-05	2.081336999999999	2.8854709999999986	-10.047528150465714	4.896621041081851e-08	1.6448898561515377	2015-09-01	ne_star-lbi	north	2015
2015-02-01	B/Arkansas/02/2014_EPI_ISL_169147	0.005334	2.891401	3.3623909999999992	0.07869765263319989	0.00417430325540126	2.5303561858019434	2015-09-01	ne_star-lbi	north	2015
2015-02-01	B/Arkansas/03/2014_EPI_ISL_169170	0.005334	2.891401	3.3623909999999992	0.07869765263319989	0.00417430325540126	2.5303561858019434	2015-09-01	ne_star-lbi	north	2015
2015-02-01	B/Arkansas/04/2014_EPI_ISL_170143	0.056037000000000003	2.891401	3.3623909999999992	0.07869765263319989	0.04385366170283472	2.5303561858019434	2015-09-01	ne_star-lbi	north	2015
2015-02-01	B/Baden-Wurttemberg/3/2014_EPI_ISL_169882	0.02288	4.243891999999999	5.395316999999994	0.07869765263319989	0.01790552277532449	4.056042196974061	2015-09-01	ne_star-lbi	north	2015
2015-02-01	B/Bangladesh/1730/2014_EPI_ISL_169181	0.000132	5.1489319999999985	6.084693999999995	0.07869765263319989	0.00010330109293456437	4.987528275975537	2015-09-01	ne_star-lbi	north	2015
2015-02-01	B/Bangladesh/2004/2014_EPI_ISL_164881	3.4e-05	4.163113999999999	5.379513999999994	-10.047528150465714	7.238483278120997e-08	3.9928984254689297	2015-09-01	ne_star-lbi	north	2015
2015-02-01	B/Bangladesh/2015/2014_EPI_ISL_166950	0.00010400000000000001	4.284325999999999	5.285981999999993	0.07869765263319989	8.138873988783859e-05	4.090878465503443	2015-09-01	ne_star-lbi	north	2015
2015-02-01	B/Bangladesh/2429/2014_EPI_ISL_169183	0.0043869999999999	6.160484999999998	5.9846610000000044	-4.272765268890361	0.00027121003672644407	6.067310938765423	2015-09-01	ne_star-lbi	north	2015
2015-02-01	B/Bangladesh/4345/2014_EPI_ISL_165836	6.4e-05	3.289655999999999	4.413338999999999	0.7916635992315839	7.591588258458782e-05	3.0918532425247096	2015-09-01	ne_star-lbi	north	2015
2015-02-01	B/Bangladesh/6784/2014_EPI_ISL_164883	0.000167	5.284095999999999	6.324755999999994	0.07869765263319989	0.00013069153424297158	5.090772762206425	2015-09-01	ne_star-lbi	north	2015
2015-02-01	B/Bangladesh/7691/2014_EPI_ISL_169182	0.000132	4.288740999999999	5.413322999999994	0.07869765263319989	0.00010330109293456437	4.091079024222249	2015-09-01	ne_star-lbi	north	2015
2015-02-01	B/Bolivia/787/2014_EPI_ISL_165834	0.000132	2.081336999999999	2.8854709999999986	0.07869765263319989	0.00010330109293456437	1.6448898561515377	2015-09-01	ne_star-lbi	north	2015
2015-02-01	B/Buenos_Aires/10978573/2014_EPI_ISL_166750	0.000262	2.081336999999999	2.8854709999999986	0.07869765263319989	0.00020503701779436262	1.6448898561515377	2015-09-01	ne_star-lbi	north	2015
2015-02-01	B/Buenos_Aires/10986152/2014_EPI_ISL_166751	3.4e-05	2.081336999999999	2.8854709999999986	-10.047528150465714	7.238483278120997e-08	1.6448898561515377	2015-09-01	ne_star-lbi	north	2015
2015-02-01	B/Buenos_Aires/10987831/2014_EPI_ISL_166752	9.2e-05	2.9547369999999984	3.8551689999999983	0.07869765263319989	7.199773143924182e-05	2.5458631137491525	2015-09-01	ne_star-lbi	north	2015
2015-02-01	B/California/32/2014_EPI_ISL_170140	0.036677	2.081336999999999	2.8854709999999986	2.643259580112906	0.12812294964343263	1.6448898561515377	2015-09-01	ne_star-lbi	north	2015
2015-02-01	B/Cameroon/4314/2014_EPI_ISL_165862	0.000132	5.286783999999999	6.413306999999994	0.8771797911088435	0.00016458533733945566	5.089479170394354	2015-09-01	ne_star-lbi	north	2015
2015-02-01	B/Cameroon/4681/2014_EPI_ISL_165863	0.000293	6.286193999999997	7.412955999999992	0.07869765263319989	0.0002292971229532376	6.089020576148445	2015-09-01	ne_star-lbi	north	2015
2015-02-01	B/Cameroon/4736/2014_EPI_ISL_165864	0.00022200000000000003	5.286783999999999	6.413306999999994	0.07869765263319989	0.0001737336562990401	5.089479170394354	2015-09-01	ne_star-lbi	north	2015
2015-02-01	B/Colorado/03/2014_EPI_ISL_170053	0.047861	3.2604309999999996	4.263582999999999	1.2932476738659053	0.07606852072641393	2.8821192016176087	2015-09-01	ne_star-lbi	north	2015
2015-02-01	B/Distrito_Federal/89679/2014_EPI_ISL_169073	0.0173539999999999	2.081336999999999	2.8854709999999986	2.1444327169011386	0.04531695213837637	1.6448898561515377	2015-09-01	ne_star-lbi	north	2015
2015-02-01	B/Florida/29/2014_EPI_ISL_168671	0.002242	2.081336999999999	2.8854709999999986	0.07869765263319989	0.001754553411812828	1.6448898561515377	2015-09-01	ne_star-lbi	north	2015
2015-02-01	B/Florida/30/2014_EPI_ISL_168690	0.0030329999999999997	2.081336999999999	2.8854709999999986	0.07869765263319989	0.002373577385382831	1.6448898561515377	2015-09-01	ne_star-lbi	north	2015
2015-02-01	B/Florida/33/2014_EPI_ISL_168689	0.005132	2.081336999999999	2.8854709999999986	2.7119546664807594	0.018660482860386247	1.6448898561515377	2015-09-01	ne_star-lbi	north	2015
2015-02-01	B/Florida/44/2014_EPI_ISL_168682	0.013644	2.983614999999998	3.831053999999998	1.9959590368166995	0.03267297789947104	2.524426506599708	2015-09-01	ne_star-lbi	north	2015
2015-02-01	B/Florida/45/2014_EPI_ISL_169178	0.009208	3.0629169999999983	3.8854549999999977	-2.09703380812858	0.0020253489762423155	2.640839158199055	2015-09-01	ne_star-lbi	north	2015
2015-02-01	B/Florida/46/2014_EPI_ISL_169171	0.009208	2.983614999999998	3.831053999999998	0.07869765263319989	0.007206033816223247	2.524426506599708	2015-09-01	ne_star-lbi	north	2015
2015-02-01	B/Florida/47/2014_EPI_ISL_169162	0.026007	2.983614999999998	3.831053999999998	0.07869765263319989	0.020352663060221328	2.524426506599708	2015-09-01	ne_star-lbi	north	2015
2015-02-01	B/Fujian-Gulou/11550/2014_EPI_ISL_169688	0.000365	3.289655999999999	4.413338999999999	4.01875731801477	0.0028444116546533734	3.0918532425247096	2015-09-01	ne_star-lbi	north	2015
2015-02-01	B/Fujian-Meilie/1877/2014_EPI_ISL_169725	0.022283	4.236267999999999	5.413322999999994	0.07869765263319989	0.017438320105006802	4.0032135238612225	2015-09-01	ne_star-lbi	north	2015
2015-02-01	B/Fujian-Sanyuan/2669/2014_EPI_ISL_169695	0.002447	4.236267999999999	5.413322999999994	4.506554377117951	0.025346109345391485	4.0032135238612225	2015-09-01	ne_star-lbi	north	2015
2015-02-01	B/Fujian-Yongan/518/2014_EPI_ISL_169697	0.001962	4.236267999999999	5.413322999999994	0.07869765263319989	0.0015354298813455706	4.0032135238612225	2015-09-01	ne_star-lbi	north	2015
2015-02-01	B/Ghana/DILI-0487/2014_EPI_ISL_165867	1.3000000000000001e-05	3.289655999999999	4.413338999999999	-10.047528150465714	2.767655371046264e-08	3.0918532425247096	2015-09-01	ne_star-lbi	north	2015
2015-02-01	B/Ghana/DILI-0506/2014_EPI_ISL_165868	2.1e-05	3.289655999999999	4.413338999999999	-10.047528150465714	4.4708279070747334e-08	3.0918532425247096	2015-09-01	ne_star-lbi	north	2015
2015-02-01	B/Ghana/DILI-0531/2014_EPI_ISL_165869	3.4e-05	5.289036999999999	6.413044999999994	-12.223259611227494	2.0344693170720052e-08	5.091722285312711	2015-09-01	ne_star-lbi	north	2015
2015-02-01	B/Ghana/DILI-0572/2014_EPI_ISL_165870	7.7e-05	5.289036999999999	6.413044999999994	-12.223259611227494	4.607474629839542e-08	5.091722285312711	2015-09-01	ne_star-lbi	north	2015
2015-02-01	B/Goias/57970/2014_EPI_ISL_165459	0.000198	4.352793999999999	5.489872999999993	-2.09703380812858	4.3551161739354735e-05	4.219343714611131	2015-09-01	ne_star-lbi	north	2015
2015-02-01	B/HK/3513/2014_EPI_ISL_169699	7.2e-05	4.288213999999999	5.413322999999994	-10.047528150465714	1.532855282425623e-07	4.09071770372047	2015-09-01	ne_star-lbi	north	2015
2015-02-01	B/HK/3587/2014_EPI_ISL_169698	0.00014	3.289655999999999	4.413338999999999	0.17069089215910335	0.0001156017598049259	3.0918532425247096	2015-09-01	ne_star-lbi	north	2015
2015-02-01	B/Hawaii/07/2014_EPI_ISL_164887	3.6e-05	6.757063999999997	7.560394999999996	-10.047528150465714	7.664276412128115e-08	6.4266340418337595	2015-09-01	ne_star-lbi	north	2015
2015-02-01	B/Hawaii/08/2014_EPI_ISL_164888	5.3e-05	6.757063999999997	7.560394999999996	2.1444327169011386	0.00013840028024282363	6.4266340418337595	2015-09-01	ne_star-lbi	north	2015
2015-02-01	B/Hawaii/16/2014_EPI_ISL_165853	0.000262	8.751206	9.433021999999992	0.07869765263319989	0.00020503701779436262	8.425249190776906	2015-09-01	ne_star-lbi	north	2015
2015-02-01	B/Hawaii/17/2014_EPI_ISL_165852	0.00023500000000000002	6.757063999999997	7.560394999999996	0.07869765263319989	0.0001839072487850199	6.4266340418337595	2015-09-01	ne_star-lbi	north	2015
2015-02-01	B/Hawaii/25/2014_EPI_ISL_168680	0.0021449999999999998	7.752571999999998	8.560378999999989	0.07869765263319989	0.0016786427601866707	7.423233205151644	2015-09-01	ne_star-lbi	north	2015
2015-02-01	B/Hawaii/34/2014_EPI_ISL_169167	0.006684000000000001	3.0679649999999983	3.8854549999999977	0.07869765263319989	0.005230791705868396	2.6344282727398025	2015-09-01	ne_star-lbi	north	2015
2015-02-01	B/Honduras/3845/2014_EPI_ISL_166939	2.4e-05	2.484875999999999	3.489966999999996	2.7119546664807594	8.726648258949141e-05	2.250293783196174	2015-09-01	ne_star-lbi	north	2015
2015-02-01	B/Honduras/3911/2014_EPI_ISL_166937	7.7e-05	3.4847179999999986	4.489950999999999	-10.047528150465714	1.6393035659274024e-07	3.25029345533546	2015-09-01	ne_star-lbi	north	2015
2015-02-01	B/Hong_Kong/3298/2014_EPI_ISL_164278	1.4000000000000001e-05	4.289623999999999	5.412952999999994	-10.047528150465714	2.980551938049823e-08	4.091853182913671	2015-09-01	ne_star-lbi	north	2015
2015-02-01	B/Hong_Kong/3343/2014_EPI_ISL_165844	2e-05	6.2842379999999975	7.285949999999994	-12.223259611227494	1.1967466571011798e-08	6.090878417633576	2015-09-01	ne_star-lbi	north	2015
2015-02-01	B/Jiangxi-Xunyang/1689/2014_EPI_ISL_168743	0.004564	3.289655999999999	4.413338999999999	0.07869765263319989	0.0035717135466163015	3.0918532425247096	2015-09-01	ne_star-lbi	north	2015
2015-02-01	B/Liaoning-Heping/1380/2014_EPI_ISL_169696	0.0016359999999999999	4.214218	5.4032749999999945	0.07869765263319989	0.0012803074851586917	4.073420208698658	2015-09-01	ne_star-lbi	north	2015
2015-02-01	B/Louisiana/14/2014_EPI_ISL_170139	0.035157	5.143899999999999	6.403258999999995	-2.09703380812858	0.007732970673083307	5.0579542673524935	2015-09-01	ne_star-lbi	north	2015
2015-02-01	B/MIYAZAKI/59/2014_EPI_ISL_166911	5.3e-05	3.289655999999999	4.413338999999999	-10.047528150465714	1.1283518051188613e-07	3.0918532425247096	2015-09-01	ne_star-lbi	north	2015
2015-02-01	B/Maryland/16/2014_EPI_ISL_169166	0.032928	2.081336999999999	2.8854709999999986	0.07869765263319989	0.02576892718294951	1.6448898561515377	2015-09-01	ne_star-lbi	north	2015
2015-02-01	B/Mato_Grosso/60031/2014_EPI_ISL_164625	6.4e-05	4.3530619999999995	5.489872999999993	-10.047528150465714	1.3625380288227758e-07	4.219430544427003	2015-09-01	ne_star-lbi	north	2015
2015-02-01	B/Missouri/03/2014_EPI_ISL_170074	0.051962	4.156502999999998	5.263566999999997	0.07869765263319989	0.04066463175049874	3.8007899381166124	2015-09-01	ne_star-lbi	north	2015
2015-02-01	B/NAGANO/2340/2014_EPI_ISL_166902	1.4999999999999999e-05	4.289622	5.413322999999994	-10.047528150465714	3.193448505053381e-08	4.0918531786557395	2015-09-01	ne_star-lbi	north	2015
2015-02-01	B/NEWCASTLE/21/2014_EPI_ISL_168817	0.001562	5.443224	5.634876999999994	0.2576409572359679	0.0013568918495083704	5.234906378497568	2015-09-01	ne_star-lbi	north	2015
2015-02-01	B/Nevada/11/2014_EPI_ISL_163531	1.4999999999999999e-05	2.081336999999999	2.8854709999999986	-10.047528150465714	3.193448505053381e-08	1.6448898561515377	2015-09-01	ne_star-lbi	north	2015
2015-02-01	B/Nevada/18/2014_EPI_ISL_164889	0.000148	2.081336999999999	2.8854709999999986	0.17069089215910335	0.00012220757465092167	1.6448898561515377	2015-09-01	ne_star-lbi	north	2015
2015-02-01	B/Nevada/23/2014_EPI_ISL_170141	0.051142	2.913753	2.005724999999998	-2.09703380812858	0.011248957139768081	2.611720387876229	2015-09-01	ne_star-lbi	north	2015
2015-02-01	B/New_Mexico/04/2014_EPI_ISL_169518	0.051962	2.9208870000000005	3.3623909999999992	0.07869765263319989	0.04066463175049874	2.5534314587282205	2015-09-01	ne_star-lbi	north	2015
2015-02-01	B/New_York/12/2014_EPI_ISL_164891	0.00018700000000000002	2.081336999999999	2.8854709999999986	0.6182720058768327	0.0002004783691916361	1.6448898561515377	2015-09-01	ne_star-lbi	north	2015
2015-02-01	B/New_York/13/2014_EPI_ISL_164892	0.000157	2.081336999999999	2.8854709999999986	0.07869765263319989	0.00012286569386914096	1.6448898561515377	2015-09-01	ne_star-lbi	north	2015
2015-02-01	B/North_Carolina/06/2014_EPI_ISL_166311	0.000924	4.004046999999999	4.875390999999996	-2.09703380812858	0.00020323875478365548	3.62605034481592	2015-09-01	ne_star-lbi	north	2015
2015-02-01	B/Paraguay/0041/2014_EPI_ISL_166954	0.000198	2.081336999999999	2.8854709999999986	0.07869765263319989	0.00015495163940184653	1.6448898561515377	2015-09-01	ne_star-lbi	north	2015
2015-02-01	B/Rheinland-Pfalz/1/2014_EPI_ISL_169899	0.063111	3.175623999999999	3.9366009999999974	0.07869765263319989	0.049389661183282516	3.0424305822363404	2015-09-01	ne_star-lbi	north	2015
2015-02-01	B/Rheinland-Pfalz/1/2014_EPI_ISL_169899__dup2	0.063111	3.175623999999999	3.9366009999999974	0.07869765263319989	0.049389661183282516	3.0424305822363404	2015-09-01	ne_star-lbi	north	2015
2015-02-01	B/SAPPORO/93/2014_EPI_ISL_166908	2.4e-05	5.162939999999998	6.370335999999994	-10.047528150465714	5.10951760808541e-08	4.992795043475301	2015-09-01	ne_star-lbi	north	2015
2015-02-01	B/SOUTH_AUSTRALIA/20/2014_EPI_ISL_168830	0.000198	3.0787919999999986	3.8854549999999977	-2.09703380812858	4.3551161739354735e-05	2.643124111067874	2015-09-01	ne_star-lbi	north	2015
2015-02-01	B/Santa_Fe/1211/2014_EPI_ISL_166756	9.2e-05	2.081336999999999	2.8854709999999986	0.07869765263319989	7.199773143924182e-05	1.6448898561515377	2015-09-01	ne_star-lbi	north	2015
2015-02-01	B/Sao_Paulo/6-9739/2014_EPI_ISL_164159	3.6e-05	2.081336999999999	2.8854709999999986	-10.047528150465714	7.664276412128115e-08	1.6448898561515377	2015-09-01	ne_star-lbi	north	2015
2015-02-01	B/Sao_Paulo/69693/2014_EPI_ISL_166121	0.001713	3.2966719999999987	3.9668249999999974	0.07869765263319989	0.0013405664560371875	3.209301683012289	2015-09-01	ne_star-lbi	north	2015
2015-02-01	B/Sao_Paulo/97623/2014_EPI_ISL_169629	0.063864	4.225461999999999	5.488129999999994	-2.09703380812858	0.014047229259202782	4.191336358416204	2015-09-01	ne_star-lbi	north	2015
2015-02-01	B/TOKYO/34109/2014_EPI_ISL_166907	1.6e-05	3.289655999999999	4.413338999999999	-10.047528150465714	3.4063450720569396e-08	3.0918532425247096	2015-09-01	ne_star-lbi	north	2015
2015-02-01	B/Taiwan/190/2014_EPI_ISL_163845	1e-05	7.462907999999997	8.36233899999999	-10.047528150465714	2.128965670035588e-08	7.232645058701424	2015-09-01	ne_star-lbi	north	2015
2015-02-01	B/Texas/19/2014_EPI_ISL_163530	1.2e-05	2.024814999999999	2.3624070000000006	-10.047528150465714	2.554758804042705e-08	1.634760722229217	2015-09-01	ne_star-lbi	north	2015
2015-02-01	B/Texas/21/2014_EPI_ISL_164328	1.4999999999999999e-05	2.081336999999999	2.8854709999999986	-10.047528150465714	3.193448505053381e-08	1.6448898561515377	2015-09-01	ne_star-lbi	north	2015
2015-02-01	B/Texas/22/2014_EPI_ISL_164329	3.2e-05	2.081336999999999	2.8854709999999986	-10.047528150465714	6.812690144113879e-08	1.6448898561515377	2015-09-01	ne_star-lbi	north	2015
2015-02-01	B/Texas/23/2014_EPI_ISL_164897	3.4e-05	2.081336999999999	2.8854709999999986	-10.047528150465714	7.238483278120997e-08	1.6448898561515377	2015-09-01	ne_star-lbi	north	2015
2015-02-01	B/Texas/26/2014_EPI_ISL_168674	0.0173539999999999	3.2604309999999996	4.263582999999999	0.07869765263319989	0.013580963384745603	2.8821192016176087	2015-09-01	ne_star-lbi	north	2015
2015-02-01	B/Texas/27/2014_EPI_ISL_169180	0.024728	2.024814999999999	2.3624070000000006	2.9143181261501883	0.1011792990813432	1.634760722229217	2015-09-01	ne_star-lbi	north	2015
2015-02-01	B/Texas/28/2014_EPI_ISL_169156	0.029362	2.6132609999999996	3.3129949999999995	0.07869765263319989	0.022978232505641506	2.2354617294177723	2015-09-01	ne_star-lbi	north	2015
2015-02-01	B/Texas/33/2014_EPI_ISL_170138	0.06235	2.081336999999999	2.8854709999999986	0.07869765263319989	0.048794114730834004	1.6448898561515377	2015-09-01	ne_star-lbi	north	2015
2015-02-01	B/Utah/14/2014_EPI_ISL_165839	5.600000000000001e-05	2.081336999999999	2.8854709999999986	-10.047528150465714	1.1922207752199292e-07	1.6448898561515377	2015-09-01	ne_star-lbi	north	2015
2015-02-01	B/Utah/22/2014_EPI_ISL_170060	0.059236000000000004	3.2604309999999996	4.263582999999999	0.07869765263319989	0.04635714803842315	2.8821192016176087	2015-09-01	ne_star-lbi	north	2015
2015-02-01	B/VICTORIA/204/2014_EPI_ISL_168835	0.005334	5.443224	5.634876999999994	-2.09703380812858	0.0011732419026147384	5.234906378497568	2015-09-01	ne_star-lbi	north	2015
2015-02-01	B/Wisconsin/09/2014_EPI_ISL_168687	0.01589	2.081336999999999	2.8854709999999986	0.07869765263319989	0.01243526035401688	1.6448898561515377	2015-09-01	ne_star-lbi	north	2015
2015-02-01	B/Wisconsin/13/2014_EPI_ISL_170142	0.056843	2.9676469999999986	3.667896999999997	0.07869765263319989	0.04448442443696547	2.5559210072776084	2015-09-01	ne_star-lbi	north	2015
2015-02-01	B/Yunnan-Gucheng/1948/2014_EPI_ISL_168391	0.000148	3.289655999999999	4.413338999999999	0.07869765263319989	0.00011582243753269339	3.0918532425247096	2015-09-01	ne_star-lbi	north	2015
2015-02-01	B/Zhejiang-Yiwu/1586/2014_EPI_ISL_169694	0.00018700000000000002	2.484875999999999	3.489966999999996	0.07869765263319989	0.00014634321499063286	2.250293783196174	2015-09-01	ne_star-lbi	north	2015
2016-02-01	B/Alaska/40/2015_EPI_ISL_193616	4.8e-05	1.18188	0.8470689999999987	-8.547443821042558	2.6754998216572626e-07	1.0500059708316873	2016-09-01	ne_star-lbi	north	2016
2016-02-01	B/Argentina/11461/2015_EPI_ISL_197825	0.000233	1.18188	0.8470689999999987	-8.4329161990252	1.3884615578556158e-06	1.0500059708316873	2016-09-01	ne_star-lbi	north	2016
2016-02-01	B/Auckland/3/2015_EPI_ISL_202465	0.000272	2.136391	1.847055999999997	-7.957433004257908	2.1389715961145507e-06	2.0174865359620586	2016-09-01	ne_star-lbi	north	2016
2016-02-01	B/Bangladesh/11005/2015_EPI_ISL_206954	0.007763	4.574591999999998	4.701534999999993	-0.1891277692855285	0.005671214708839806	4.535467853416375	2016-09-01	ne_star-lbi	north	2016
2016-02-01	B/Beijing-Huairou/12305/2015_EPI_ISL_207761	0.026182999999999998	3.4534629999999993	3.703209999999998	-0.09009467789135628	0.020265382205055155	3.4129343645298342	2016-09-01	ne_star-lbi	north	2016
2016-02-01	B/Beijing-Xicheng/12806/2015_EPI_ISL_207762	0.022183	3.0917779999999997	2.8454819999999965	-0.18388187118579236	0.016255329247832278	2.9849745462195476	2016-09-01	ne_star-lbi	north	2016
2016-02-01	B/Belgium/2015G0748/2015_EPI_ISL_206914	0.014343999999999999	1.18188	0.8470689999999987	-0.1781920142422811	0.010545986895242105	1.0500059708316873	2016-09-01	ne_star-lbi	north	2016
2016-02-01	B/Belgium/2015G0753/2015_EPI_ISL_206915	0.014343999999999999	1.18188	0.8470689999999987	-0.1781920142422811	0.010545986895242105	1.0500059708316873	2016-09-01	ne_star-lbi	north	2016
2016-02-01	B/Belgium/2015G0764/2015_EPI_ISL_206917	0.016808	1.18188	0.8470689999999987	-0.1818937291254803	0.012330912143773189	1.0500059708316873	2016-09-01	ne_star-lbi	north	2016
2016-02-01	B/Belgium/2015G0769/2015_EPI_ISL_206918	0.019824	1.18188	0.8470689999999987	-0.18009170796203144	0.014558846742612395	1.0500059708316873	2016-09-01	ne_star-lbi	north	2016
2016-02-01	B/Brazil/70230/2015_EPI_ISL_207243	0.000695	2.6198459999999995	2.705104999999996	-2.07611095281959	0.0001688829931482961	2.5691576811541523	2016-09-01	ne_star-lbi	north	2016
2016-02-01	B/Brazil/80287/2015_EPI_ISL_207364	0.000695	1.18188	0.8470689999999987	1.5516575661936898	0.0014016486496515172	1.0500059708316873	2016-09-01	ne_star-lbi	north	2016
2016-02-01	B/Brazil/85943/2015_EPI_ISL_207264	0.011775	2.158325	1.847055999999997	0.6070145133349105	0.0136867668567577	2.0226324371181716	2016-09-01	ne_star-lbi	north	2016
2016-02-01	B/Brazil/87066/2015_EPI_ISL_207256	0.017544	1.6212409999999988	1.7051179999999968	-0.18938233277061184	0.01281476456072499	1.5694954471404488	2016-09-01	ne_star-lbi	north	2016
2016-02-01	B/Brisbane/1036/2015_EPI_ISL_202467	0.0033880000000000004	1.18188	0.8470689999999987	0.29210364704109376	0.0032772104065334567	1.0500059708316873	2016-09-01	ne_star-lbi	north	2016
2016-02-01	B/Brisbane/136/2015_EPI_ISL_194558	7.2e-05	1.18188	0.8470689999999987	-6.6828918489948785	1.1908550091976095e-06	1.0500059708316873	2016-09-01	ne_star-lbi	north	2016
2016-02-01	B/Brisbane/185/2015_EPI_ISL_197383	0.000188	1.18188	0.8470689999999987	-7.0777854742878965	2.4696903374154847e-06	1.0500059708316873	2016-09-01	ne_star-lbi	north	2016
2016-02-01	B/Brisbane/186/2015_EPI_ISL_202468	0.000178	2.0905790000000004	1.8016419999999969	-8.57541243819315	9.761086586619913e-07	2.023164227501202	2016-09-01	ne_star-lbi	north	2016
2016-02-01	B/Brisbane/60/2008_15/146_EPI_ISL_207652	0.040254000000000005	3.3933549999999997	3.525184999999998	-2.080410398727324	0.009757104136136379	3.470864330122797	2016-09-01	ne_star-lbi	north	2016
2016-02-01	B/California/103/2015_EPI_ISL_201587	0.006461	1.18188	0.8470689999999987	0.1782293874822838	0.0058480615718358225	1.0500059708316873	2016-09-01	ne_star-lbi	north	2016
2016-02-01	B/Canberra/27/2015_EPI_ISL_197393	0.000178	8.116228000000003	8.441523999999985	-8.599339185410205	9.625794821432803e-07	8.135389842775865	2016-09-01	ne_star-lbi	north	2016
2016-02-01	B/Canberra/29/2015_EPI_ISL_197394	0.000245	7.148219999999997	7.406257999999985	-4.7637879202487365	1.2412958007101471e-05	7.121384105324557	2016-09-01	ne_star-lbi	north	2016
2016-02-01	B/Canberra/30/2015_EPI_ISL_194571	0.000245	6.207890000000002	6.486963999999997	-4.7637879202487365	1.2412958007101471e-05	6.162233511265312	2016-09-01	ne_star-lbi	north	2016
2016-02-01	B/Christchurch/503/2015_EPI_ISL_194576	7.7e-05	1.18188	0.8470689999999987	-6.7003400906407276	1.2606566123389593e-06	1.0500059708316873	2016-09-01	ne_star-lbi	north	2016
2016-02-01	B/Christchurch/521/2015_EPI_ISL_197395	0.000198	1.18188	0.8470689999999987	-8.561777218158275	1.0944544178762583e-06	1.0500059708316873	2016-09-01	ne_star-lbi	north	2016
2016-02-01	B/Christchurch/534/2015_EPI_ISL_202469	0.000916	1.18188	0.8470689999999987	1.359243473567965	0.001651216213959716	1.0500059708316873	2016-09-01	ne_star-lbi	north	2016
2016-02-01	B/Christchurch/560/2015_EPI_ISL_202471	0.000916	2.180043000000001	1.847055999999997	1.359243473567965	0.001651216213959716	2.0467035384037677	2016-09-01	ne_star-lbi	north	2016
2016-02-01	B/Concepcion/81218/2015_EPI_ISL_207259	0.01573	2.0582810000000005	1.789781999999997	0.7505784129535342	0.019881032339851282	1.9245854939163707	2016-09-01	ne_star-lbi	north	2016
2016-02-01	B/Darwin/14/2015_EPI_ISL_194578	7.7e-05	6.207890000000002	6.486963999999997	-6.988959536006802	1.065315887327004e-06	6.162233511265312	2016-09-01	ne_star-lbi	north	2016
2016-02-01	B/Darwin/17/2015_EPI_ISL_194579	0.000128	7.148219999999997	7.406257999999985	-7.116272314807929	1.6441613185073219e-06	7.121384105324557	2016-09-01	ne_star-lbi	north	2016
2016-02-01	B/Darwin/22/2015_EPI_ISL_197384	0.00043	6.207890000000002	6.486963999999997	-8.598371600960483	2.3266453013854332e-06	6.162233511265312	2016-09-01	ne_star-lbi	north	2016
2016-02-01	B/Darwin/65/2015_EPI_ISL_202474	0.006063000000000001	1.18188	0.8470689999999987	0.1853244699960802	0.0055105788480432375	1.0500059708316873	2016-09-01	ne_star-lbi	north	2016
2016-02-01	B/Darwin/70/2015_EPI_ISL_202475	0.00731	1.18188	0.8470689999999987	0.7592063276608949	0.009285672635119504	1.0500059708316873	2016-09-01	ne_star-lbi	north	2016
2016-02-01	B/Denmark/08/2015_EPI_ISL_201140	0.00731	2.167255000000001	1.847055999999997	-0.18016436733468932	0.005368273758687368	2.039269423314312	2016-09-01	ne_star-lbi	north	2016
2016-02-01	B/Distrito_Federal/80287/2015_EPI_ISL_203643	0.002507	1.18188	0.8470689999999987	1.8272002365898325	0.005937645222994653	1.0500059708316873	2016-09-01	ne_star-lbi	north	2016
2016-02-01	B/Distrito_Federal/83320/2015_EPI_ISL_205592	0.010318	1.18188	0.8470689999999987	1.9642610342759526	0.02647147884244376	1.0500059708316873	2016-09-01	ne_star-lbi	north	2016
2016-02-01	B/Dunedin/1/2015_EPI_ISL_202476	0.000198	1.18188	0.8470689999999987	-7.091646244691711	2.5801109239165447e-06	1.0500059708316873	2016-09-01	ne_star-lbi	north	2016
2016-02-01	B/England/345/2015_EPI_ISL_203376	0.007090000000000001	2.0582810000000005	1.789781999999997	-0.17610847328793444	0.005219044825918298	1.9245854939163707	2016-09-01	ne_star-lbi	north	2016
2016-02-01	B/England/345/2015_EPI_ISL_203376__dup2	0.007090000000000001	2.0582810000000005	1.789781999999997	-0.17610847328793444	0.005219044825918298	1.9245854939163707	2016-09-01	ne_star-lbi	north	2016
2016-02-01	B/England/54180234/2015_EPI_ISL_203374	0.005872	2.1701310000000005	1.8463259999999968	0.8280129214899359	0.007764498211359295	2.0344769744089684	2016-09-01	ne_star-lbi	north	2016
2016-02-01	B/England/54380706/2015_EPI_ISL_203394	0.010039	3.423926	3.4997889999999963	-0.19154720996203556	0.007323589957102519	3.473299782989972	2016-09-01	ne_star-lbi	north	2016
2016-02-01	B/FUKUSHIMA/34/2015_EPI_ISL_194925	8.1e-05	2.1681910000000006	1.847055999999997	-2.398291647781704	1.631042864305424e-05	2.0404764588034436	2016-09-01	ne_star-lbi	north	2016
2016-02-01	B/Florida/54/2015_EPI_ISL_195497	1.4000000000000001e-05	3.5901229999999993	3.7015479999999985	-8.58447600500438	7.636775938255538e-08	3.5468102828340506	2016-09-01	ne_star-lbi	north	2016
2016-02-01	B/Florida/55/2015_EPI_ISL_193634	1.4999999999999999e-05	3.397693	3.664940999999998	-8.602855683509844	8.095002604412972e-08	3.309505882276771	2016-09-01	ne_star-lbi	north	2016
2016-02-01	B/Florida/58/2015_EPI_ISL_193268	5.6999999999999996e-05	1.18188	0.8470689999999987	-8.495375340647003	3.2751371604671374e-07	1.0500059708316873	2016-09-01	ne_star-lbi	north	2016
2016-02-01	B/Florida/80/2015_EPI_ISL_206953	0.016086000000000003	2.1175310000000005	1.788601999999997	-0.06739240916180217	0.012616381563583735	1.9995404445773521	2016-09-01	ne_star-lbi	north	2016
2016-02-01	B/Florida/80/2015_EPI_ISL_206953__dup2	0.016086000000000003	2.1175310000000005	1.788601999999997	-0.06739240916180217	0.012616381563583735	1.9995404445773521	2016-09-01	ne_star-lbi	north	2016
2016-02-01	B/Florida/81/2015_EPI_ISL_207276	0.027375	1.18188	0.8470689999999987	-0.1778630352692398	0.020130493494252985	1.0500059708316873	2016-09-01	ne_star-lbi	north	2016
2016-02-01	B/French_Guiana/8123/2015_EPI_ISL_195480	0.000135	1.18188	0.8470689999999987	-8.513641111397932	7.674692495477168e-07	1.0500059708316873	2016-09-01	ne_star-lbi	north	2016
2016-02-01	B/GIFU/3/2015_EPI_ISL_202792	0.002507	6.207890000000002	6.486963999999997	1.683853709041103	0.005461338028692283	6.162233511265312	2016-09-01	ne_star-lbi	north	2016
2016-02-01	B/Goias/85943/2015_EPI_ISL_205591	0.011775	1.18188	0.8470689999999987	-0.14675814853994784	0.008817414828744392	1.0500059708316873	2016-09-01	ne_star-lbi	north	2016
2016-02-01	B/Hawaii/12/2015_EPI_ISL_193224	1.1e-05	2.1681910000000006	1.847055999999997	-8.340729158526871	6.917117386025653e-08	2.0404764588034436	2016-09-01	ne_star-lbi	north	2016
2016-02-01	B/Hawaii/13/2015_EPI_ISL_192671	2.6000000000000002e-05	2.1681910000000006	1.847055999999997	-8.561610711266086	1.4373019638604818e-07	2.0404764588034436	2016-09-01	ne_star-lbi	north	2016
2016-02-01	B/Hawaii/14/2015_EPI_ISL_195676	2.7000000000000002e-05	2.1817090000000006	1.846050999999997	-8.565879563003714	1.488870657223474e-07	2.050005055515741	2016-09-01	ne_star-lbi	north	2016
2016-02-01	B/Hawaii/14/2015_EPI_ISL_195676__dup2	2.7000000000000002e-05	3.181649999999999	2.846037999999996	-8.565879563003714	1.488870657223474e-07	3.050004757741612	2016-09-01	ne_star-lbi	north	2016
2016-02-01	B/Hawaii/15/2015_EPI_ISL_192673	2.8999999999999997e-05	2.1817090000000006	1.846050999999997	-8.566221516169792	1.598838416178774e-07	2.050005055515741	2016-09-01	ne_star-lbi	north	2016
2016-02-01	B/Hawaii/16/2015_EPI_ISL_192674	2.3e-05	3.108521	2.766349999999997	-8.36582925302161	1.4252842228707327e-07	2.9996270528626905	2016-09-01	ne_star-lbi	north	2016
2016-02-01	B/Hawaii/17/2015_EPI_ISL_192675	1.9e-05	2.1681910000000006	1.847055999999997	-8.559654037606432	1.0515355811333404e-07	2.0404764588034436	2016-09-01	ne_star-lbi	north	2016
2016-02-01	B/Hawaii/20/2015_EPI_ISL_194869	8.6e-05	2.1681910000000006	1.847055999999997	-8.568602693792482	4.734801584210953e-07	2.0404764588034436	2016-09-01	ne_star-lbi	north	2016
2016-02-01	B/Hawaii/22/2015_EPI_ISL_194871	0.000135	2.1681910000000006	1.847055999999997	-8.571061169176216	7.421885929132871e-07	2.0404764588034436	2016-09-01	ne_star-lbi	north	2016
2016-02-01	B/Hawaii/25/2015_EPI_ISL_197821	0.0018989999999999999	1.18188	0.8470689999999987	1.1359501028713526	0.0030051395183840358	1.0500059708316873	2016-09-01	ne_star-lbi	north	2016
2016-02-01	B/Hawaii/27/2015_EPI_ISL_199487	0.003147	7.201591	7.470826999999987	-0.19076291009889984	0.0022968307953584286	7.157639849674593	2016-09-01	ne_star-lbi	north	2016
2016-02-01	B/Hawaii/29/2015_EPI_ISL_201605	0.006461	2.1681910000000006	1.847055999999997	-0.17944947786747156	0.004746769333376503	2.0404764588034436	2016-09-01	ne_star-lbi	north	2016
2016-02-01	B/Hawaii/33/2015_EPI_ISL_205302	0.014343999999999999	2.1301490000000003	1.847055999999997	0.7956925248899749	0.01861271060093862	1.9845500551908934	2016-09-01	ne_star-lbi	north	2016
2016-02-01	B/Hong_Kong/1183/2015_EPI_ISL_193079	1.1e-05	2.0582810000000005	1.789781999999997	-5.916390903028337	2.845137346445002e-07	1.9245854939163707	2016-09-01	ne_star-lbi	north	2016
2016-02-01	B/Hong_Kong/1198/2015_EPI_ISL_193645	1.2e-05	7.217622999999998	7.461077999999987	-9.570176034093155	3.6833886343715337e-08	7.202835712894812	2016-09-01	ne_star-lbi	north	2016
2016-02-01	B/Hong_Kong/1337/2015_EPI_ISL_193083	2.7000000000000002e-05	9.207651000000006	9.48692499999999	-10.486784330056382	4.8553209011855624e-08	9.162232884407935	2016-09-01	ne_star-lbi	north	2016
2016-02-01	B/Hong_Kong/1372/2015_EPI_ISL_193649	3.1e-05	7.207769	7.486950999999987	-8.598022412328717	1.677690637863323e-07	7.1622330786207655	2016-09-01	ne_star-lbi	north	2016
2016-02-01	B/Hong_Kong/1835/2015_EPI_ISL_202571	0.0036420000000000003	1.18188	0.8470689999999987	0.28293809015992505	0.0035041192477356185	1.0500059708316873	2016-09-01	ne_star-lbi	north	2016
2016-02-01	B/Idaho/19/2015_EPI_ISL_193650	1.9e-05	1.18188	0.8470689999999987	-8.559044966441709	1.0519092491772888e-07	1.0500059708316873	2016-09-01	ne_star-lbi	north	2016
2016-02-01	B/Idaho/21/2015_EPI_ISL_193651	1e-05	1.18188	0.8470689999999987	-8.555237746287121	5.548673725369959e-08	1.0500059708316873	2016-09-01	ne_star-lbi	north	2016
2016-02-01	B/Idaho/21/2015_EPI_ISL_193651__dup2	1e-05	2.1434399999999996	1.7235359999999964	-8.553672410774432	5.553742601929286e-08	2.0274891676605917	2016-09-01	ne_star-lbi	north	2016
2016-02-01	B/Idaho/22/2015_EPI_ISL_193653	1.9e-05	1.18188	0.8470689999999987	-8.559044966441709	1.0519092491772888e-07	1.0500059708316873	2016-09-01	ne_star-lbi	north	2016
2016-02-01	B/Idaho/25/2015_EPI_ISL_193654	3.7e-05	2.1311519999999997	1.806399999999997	-10.456421733280983	6.772482818588972e-08	2.0329232026006507	2016-09-01	ne_star-lbi	north	2016
2016-02-01	B/Idaho/25/2015_EPI_ISL_193654__dup2	3.7e-05	1.18188	0.8470689999999987	-8.563292961409525	2.04338507259232e-07	1.0500059708316873	2016-09-01	ne_star-lbi	north	2016
2016-02-01	B/Kentucky/24/2015_EPI_ISL_201592	0.007090000000000001	2.088117000000001	1.847055999999997	2.5769632019967417	0.026004585266070652	1.920949843064159	2016-09-01	ne_star-lbi	north	2016
2016-02-01	B/Kentucky/26/2015_EPI_ISL_203277	0.016808	2.088117000000001	1.847055999999997	1.4843545021116509	0.03259267034093386	1.920949843064159	2016-09-01	ne_star-lbi	north	2016
2016-02-01	B/Kentucky/29/2015_EPI_ISL_205691	0.022981	3.04215	2.811304999999997	-1.9729136308737973	0.00593080827675965	2.909088226510641	2016-09-01	ne_star-lbi	north	2016
2016-02-01	B/Linares/79278/2015_EPI_ISL_207247	0.013675	2.3977279999999994	2.664953999999997	1.7695793466227772	0.031317685533337934	2.309506044176825	2016-09-01	ne_star-lbi	north	2016
2016-02-01	B/Maryland/27/2015_EPI_ISL_207274	0.025783999999999998	1.18188	0.8470689999999987	0.06834529416436433	0.021888934531464444	1.0500059708316873	2016-09-01	ne_star-lbi	north	2016
2016-02-01	B/Montana/13/2015_EPI_ISL_199488	0.002813	1.18188	0.8470689999999987	0.2862002988357489	0.0027116592248965688	1.0500059708316873	2016-09-01	ne_star-lbi	north	2016
2016-02-01	B/Montana/16/2015_EPI_ISL_201588	0.005685	1.18188	0.8470689999999987	1.5807504041250318	0.011661520009264641	1.0500059708316873	2016-09-01	ne_star-lbi	north	2016
2016-02-01	B/Montana/18/2015_EPI_ISL_201599	0.00731	1.18188	0.8470689999999987	0.7565633900264355	0.009271367816946048	1.0500059708316873	2016-09-01	ne_star-lbi	north	2016
2016-02-01	B/Netherlands/2914/15_EPI_ISL_202951	0.016808	2.114643	1.847055999999997	-0.0738236747367465	0.013133289067002805	1.997472814563676	2016-09-01	ne_star-lbi	north	2016
2016-02-01	B/Netherlands/2914/2015_EPI_ISL_206928	0.016808	2.114643	1.847055999999997	-0.0738236747367465	0.013133289067002805	1.997472814563676	2016-09-01	ne_star-lbi	north	2016
2016-02-01	B/Nevada/21/2015_EPI_ISL_195490	1.1e-05	2.0582810000000005	1.789781999999997	-5.916390903028337	2.845137346445002e-07	1.9245854939163707	2016-09-01	ne_star-lbi	north	2016
2016-02-01	B/Nevada/22/2015_EPI_ISL_193227	1e-05	1.18188	0.8470689999999987	-8.555237746287121	5.548673725369959e-08	1.0500059708316873	2016-09-01	ne_star-lbi	north	2016
2016-02-01	B/Nevada/23/2015_EPI_ISL_193659	2.3e-05	1.18188	0.8470689999999987	-8.560246117310994	1.272471930911123e-07	1.0500059708316873	2016-09-01	ne_star-lbi	north	2016
2016-02-01	B/Nevada/27/2015_EPI_ISL_193660	4.8e-05	1.18188	0.8470689999999987	-8.564734967946544	2.648649029324356e-07	1.0500059708316873	2016-09-01	ne_star-lbi	north	2016
2016-02-01	B/Nevada/28/2015_EPI_ISL_203281	0.00515	2.1301490000000003	1.847055999999997	0.3383220691678446	0.005117726302327208	1.9845500551908934	2016-09-01	ne_star-lbi	north	2016
2016-02-01	B/Nevada/28/2015_EPI_ISL_203281__dup2	0.00515	3.119844	2.847042999999996	0.3383220691678446	0.005117726302327208	2.974314602586241	2016-09-01	ne_star-lbi	north	2016
2016-02-01	B/Nevada/29/2015_EPI_ISL_205695	0.025384	1.18188	0.8470689999999987	0.07080249596681498	0.021580270922399804	1.0500059708316873	2016-09-01	ne_star-lbi	north	2016
2016-02-01	B/New_Brunswick/RV2410/2015_EPI_ISL_206969	0.017175	1.18188	0.8470689999999987	-0.09976981514526595	0.013218465890408482	1.0500059708316873	2016-09-01	ne_star-lbi	north	2016
2016-02-01	B/New_Brunswick/RV2410/2015_EPI_ISL_206969__dup2	0.017175	2.1262749999999997	1.7781869999999964	-2.0717794961037925	0.004184033789156575	2.023305189408861	2016-09-01	ne_star-lbi	north	2016
2016-02-01	B/New_Zealand/427/2015_EPI_ISL_195696	6.8e-05	1.18188	0.8470689999999987	-8.498296024336199	3.9005300511755163e-07	1.0500059708316873	2016-09-01	ne_star-lbi	north	2016
2016-02-01	B/New_Zealand/537/2015_EPI_ISL_195703	0.000121	1.18188	0.8470689999999987	-8.554813255428929	6.715557906045037e-07	1.0500059708316873	2016-09-01	ne_star-lbi	north	2016
2016-02-01	B/New_Zealand/544/2015_EPI_ISL_197437	9.7e-05	1.18188	0.8470689999999987	-8.553260659140959	5.388424405774793e-07	1.0500059708316873	2016-09-01	ne_star-lbi	north	2016
2016-02-01	B/Newcastle/1005/2015_EPI_ISL_194588	8.6e-05	6.207890000000002	6.486963999999997	-7.018161731163514	1.1697366331033118e-06	6.162233511265312	2016-09-01	ne_star-lbi	north	2016
2016-02-01	B/Newcastle/1012/2015_EPI_ISL_202481	0.0005480000000000001	2.1807790000000007	1.8466899999999968	-2.059107519747237	0.00013448978357138706	2.0497369912645445	2016-09-01	ne_star-lbi	north	2016
2016-02-01	B/Newcastle/28/2015_EPI_ISL_202482	0.000198	6.242610000000004	6.513571999999996	-8.602194534605422	1.0689525274228214e-06	6.2253689008789275	2016-09-01	ne_star-lbi	north	2016
2016-02-01	B/Newcastle/7/2015_EPI_ISL_194590	1.4000000000000001e-05	3.058016	2.7800729999999967	-8.556996075800672	7.760179576306712e-08	2.924584059733986	2016-09-01	ne_star-lbi	north	2016
2016-02-01	B/Norway/2622/2015_EPI_ISL_203047	0.010318	1.18188	0.8470689999999987	1.9642610342759526	0.02647147884244376	1.0500059708316873	2016-09-01	ne_star-lbi	north	2016
2016-02-01	B/Norway/2684/2015_EPI_ISL_202542	0.017544	1.18188	0.8470689999999987	-0.1006097558674553	0.01349584675964218	1.0500059708316873	2016-09-01	ne_star-lbi	north	2016
2016-02-01	B/Norway/2695/2015_EPI_ISL_202548	0.017175	1.18188	0.8470689999999987	-0.09976981514526595	0.013218465890408482	1.0500059708316873	2016-09-01	ne_star-lbi	north	2016
2016-02-01	B/Norway/2698/2015_EPI_ISL_202550	0.019438	1.18188	0.8470689999999987	-0.10356683460426896	0.01492704890683434	1.0500059708316873	2016-09-01	ne_star-lbi	north	2016
2016-02-01	B/Norway/2720/2015_EPI_ISL_202552	0.017175	1.18188	0.8470689999999987	-0.02335619676209927	0.01382100302946704	1.0500059708316873	2016-09-01	ne_star-lbi	north	2016
2016-02-01	B/Ontario/RV2438/2015_EPI_ISL_206975	0.003147	6.221450000000004	6.464506999999998	0.14987765438938558	0.002801730476569424	6.20375637784566	2016-09-01	ne_star-lbi	north	2016
2016-02-01	B/Ontario/RV2438/2015_EPI_ISL_206975__dup2	0.003147	7.161779999999997	7.383800999999985	0.14987765438938558	0.002801730476569424	7.162906971904908	2016-09-01	ne_star-lbi	north	2016
2016-02-01	B/Paraguay/5133/2015_EPI_ISL_195719	1.7e-05	4.391343999999998	4.656391999999992	-10.491724910246672	3.0482561394658734e-08	4.303902424459553	2016-09-01	ne_star-lbi	north	2016
2016-02-01	B/Perth/201/2015_EPI_ISL_202485	0.00175	6.207890000000002	6.486963999999997	2.075195401237947	0.004789880400234404	6.162233511265312	2016-09-01	ne_star-lbi	north	2016
2016-02-01	B/Perth/24/2015_EPI_ISL_194593	1.1e-05	6.207890000000002	6.486963999999997	-6.461018529958299	2.0707521397172096e-07	6.162233511265312	2016-09-01	ne_star-lbi	north	2016
2016-02-01	B/Perth/25/2015_EPI_ISL_194594	1.1e-05	7.207862999999999	7.486825999999988	-8.597158043514941	5.9560982096830326e-08	7.162233392143348	2016-09-01	ne_star-lbi	north	2016
2016-02-01	B/Pto_Montt/80125/2015_EPI_ISL_207246	0.014685	2.0582810000000005	1.789781999999997	-0.07130433037200645	0.011491313196940594	1.9245854939163707	2016-09-01	ne_star-lbi	north	2016
2016-02-01	B/SHIZUOKA/30/2015_EPI_ISL_203512	0.017175	2.12221	1.7663629999999964	0.10704359875437482	0.01491333741668873	2.0091565648909318	2016-09-01	ne_star-lbi	north	2016
2016-02-01	B/Santiago/80460/2015_EPI_ISL_207272	0.016808	2.0582810000000005	1.789781999999997	0.7224009201945183	0.020897185903518693	1.9245854939163707	2016-09-01	ne_star-lbi	north	2016
2016-02-01	B/Sao_Paulo/70230/2015_EPI_ISL_202324	0.002507	1.6212409999999988	1.7051179999999968	0.5074181326541809	0.002749556796301717	1.5694954471404488	2016-09-01	ne_star-lbi	north	2016
2016-02-01	B/Sao_Paulo/78778/2015_EPI_ISL_205603	0.01239	2.3977279999999994	2.664953999999997	1.8929618667533556	0.030492368984060474	2.309506044176825	2016-09-01	ne_star-lbi	north	2016
2016-02-01	B/Sao_Paulo/88965/2015_EPI_ISL_207202	0.03331	2.3977279999999994	2.664953999999997	-0.19121796329154805	0.024304775267428424	2.309506044176825	2016-09-01	ne_star-lbi	north	2016
2016-02-01	B/Sao_Paulo/9-10819/2015_EPI_ISL_206950	0.030083	3.5008989999999995	3.7050919999999983	-2.0790612673976345	0.007297512178861792	3.540305398425001	2016-09-01	ne_star-lbi	north	2016
2016-02-01	B/Shanghai-Pudongxin/11739/2015_EPI_ISL_207854	0.01208	2.5058339999999997	2.7032529999999966	1.41933075546901	0.022552662659725775	2.453465128939948	2016-09-01	ne_star-lbi	north	2016
2016-02-01	B/Shanghai-Pudongxin/11845/2015_EPI_ISL_207763	0.019438	2.5058339999999997	2.7032529999999966	-0.07282861714403716	0.01519711423547051	2.453465128939948	2016-09-01	ne_star-lbi	north	2016
2016-02-01	B/South_Africa/5994/2015_EPI_ISL_207248	0.004197	1.18188	0.8470689999999987	2.182635571461043	0.012230502930228189	1.0500059708316873	2016-09-01	ne_star-lbi	north	2016
2016-02-01	B/South_Auckland/16/2015_EPI_ISL_202487	3.5e-05	1.18188	0.8470689999999987	-8.562924159429874	1.9333477104580232e-07	1.0500059708316873	2016-09-01	ne_star-lbi	north	2016
2016-02-01	B/South_Australia/1015/2015_EPI_ISL_194597	9.7e-05	1.18188	0.8470689999999987	-8.508582357053044	5.530705404781553e-07	1.0500059708316873	2016-09-01	ne_star-lbi	north	2016
2016-02-01	B/South_Australia/1036/2015_EPI_ISL_202488	0.000522	2.12221	1.7663629999999964	0.5974944544442085	0.0006033907660802637	2.0091565648909318	2016-09-01	ne_star-lbi	north	2016
2016-02-01	B/South_Australia/118/2015_EPI_ISL_202489	0.002813	2.1762490000000008	1.847055999999997	-2.0653503324492615	0.0006878550402199684	2.0486302607512474	2016-09-01	ne_star-lbi	north	2016
2016-02-01	B/South_Australia/48/2015_EPI_ISL_194629	1.3000000000000001e-05	6.246587000000003	6.5191329999999965	-8.603520317819074	7.012949452709102e-08	6.226169838440366	2016-09-01	ne_star-lbi	north	2016
2016-02-01	B/South_Australia/48/2015_EPI_ISL_194629__dup2	1.3000000000000001e-05	6.253786000000003	6.524770999999998	-8.603520317819074	7.012949452709102e-08	6.23194286875279	2016-09-01	ne_star-lbi	north	2016
2016-02-01	B/South_Australia/49/2015_EPI_ISL_194602	1.8e-05	1.18188	0.8470689999999987	-8.558637219100158	9.96782663654096e-08	1.0500059708316873	2016-09-01	ne_star-lbi	north	2016
2016-02-01	B/Sydney/1071/2015_EPI_ISL_202491	0.002412	1.18188	0.8470689999999987	1.8802934191954692	0.005892339459365956	1.0500059708316873	2016-09-01	ne_star-lbi	north	2016
2016-02-01	B/Sydney/11/2015_EPI_ISL_194606	1.4000000000000001e-05	2.1136320000000004	1.847055999999997	-10.451145964340274	2.5704595776008815e-08	1.9214326305542975	2016-09-01	ne_star-lbi	north	2016
2016-02-01	B/Sydney/137/2015_EPI_ISL_202492	0.000695	7.242119999999998	7.478012999999986	-2.080373670335592	0.00016846357287225716	7.225157480134039	2016-09-01	ne_star-lbi	north	2016
2016-02-01	B/Taiwan/341/2015_EPI_ISL_206982	0.0018989999999999999	10.224990000000007	10.50126699999997	-2.080410398727324	0.0004602956415393	10.224426901468162	2016-09-01	ne_star-lbi	north	2016
2016-02-01	B/Talca/80905/2015_EPI_ISL_207263	0.017175	2.3977279999999994	2.664953999999997	-0.1910641659442014	0.01253293206500703	2.309506044176825	2016-09-01	ne_star-lbi	north	2016
2016-02-01	B/Tasmania/2/2015_EPI_ISL_194610	3.5e-05	3.058016	2.7800729999999967	-8.562948204314504	1.9333205931599888e-07	2.924584059733986	2016-09-01	ne_star-lbi	north	2016
2016-02-01	B/Tasmania/30/2015_EPI_ISL_202495	0.001144	1.18188	0.8470689999999987	-0.17355652217556483	0.0008433683982613057	1.0500059708316873	2016-09-01	ne_star-lbi	north	2016
2016-02-01	B/Tasmania/5/2015_EPI_ISL_194612	8.1e-05	3.058016	2.7800729999999967	-8.567814465671542	4.4615733810551225e-07	2.924584059733986	2016-09-01	ne_star-lbi	north	2016
2016-02-01	B/Texas/94/2015_EPI_ISL_193667	4.5e-05	1.6212409999999988	1.7051179999999968	1.526918028927491	8.945392400481228e-05	1.5694954471404488	2016-09-01	ne_star-lbi	north	2016
2016-02-01	B/Townsville/7/2015_EPI_ISL_197385	0.000121	1.18188	0.8470689999999987	-8.554813255428929	6.715557906045037e-07	1.0500059708316873	2016-09-01	ne_star-lbi	north	2016
2016-02-01	B/Uruguay/102/2015_EPI_ISL_199486	0.0010019999999999999	1.6212409999999988	1.7051179999999968	2.3765247101802913	0.0032695850715340766	1.5694954471404488	2016-09-01	ne_star-lbi	north	2016
2016-02-01	B/Uruguay/98/2015_EPI_ISL_199485	0.000916	1.6212409999999988	1.7051179999999968	2.4410779784689356	0.0031036605691418017	1.5694954471404488	2016-09-01	ne_star-lbi	north	2016
2016-02-01	B/Utah/41/2015_EPI_ISL_194896	0.000258	1.18188	0.8470689999999987	1.0642957600005933	0.0003915674481997758	1.0500059708316873	2016-09-01	ne_star-lbi	north	2016
2016-02-01	B/Valparaiso/81181/2015_EPI_ISL_207261	0.017175	2.3977279999999994	2.664953999999997	-0.19107738136713986	0.01253283544904733	2.309506044176825	2016-09-01	ne_star-lbi	north	2016
2016-02-01	B/Victoria/1009/2015_EPI_ISL_202497	0.000575	1.18188	0.8470689999999987	-0.09389470100093306	0.00044405886643191303	1.0500059708316873	2016-09-01	ne_star-lbi	north	2016
2016-02-01	B/Victoria/524/2015_EPI_ISL_197400	0.000169	1.18188	0.8470689999999987	-8.044923267607125	1.2628686160199452e-06	1.0500059708316873	2016-09-01	ne_star-lbi	north	2016
2016-02-01	B/Victoria/525/2015_EPI_ISL_194621	0.000169	2.1301490000000003	1.847055999999997	-4.0110596853355025	1.3282839012937846e-05	1.9845500551908934	2016-09-01	ne_star-lbi	north	2016
2016-02-01	B/Victoria/557/2015_EPI_ISL_194624	7.7e-05	2.1301490000000003	1.847055999999997	5.757317500250057	0.0018055122655851088	1.9845500551908934	2016-09-01	ne_star-lbi	north	2016
2016-02-01	B/Victoria/700/2015_EPI_ISL_202500	0.0046549999999999	2.1687670000000008	1.846971999999997	-0.17829346813623886	0.00342224370982052	2.0422408921289676	2016-09-01	ne_star-lbi	north	2016
2016-02-01	B/Victoria/843/2015_EPI_ISL_202501	0.00045099999999999996	2.1301490000000003	1.847055999999997	-0.1417576176557605	0.0003387066520873087	1.9845500551908934	2016-09-01	ne_star-lbi	north	2016
2016-02-01	B/Victoria/847/2015_EPI_ISL_197387	0.000522	2.1301490000000003	1.847055999999997	2.3955173955789824	0.0017222928581184878	1.9845500551908934	2016-09-01	ne_star-lbi	north	2016
2016-02-01	B/Victoria/898/2015_EPI_ISL_202503	0.001048	1.18188	0.8470689999999987	-0.02107968269581506	0.000844463392460177	1.0500059708316873	2016-09-01	ne_star-lbi	north	2016
2016-02-01	B/WAKAYAMA-C/66/2015_EPI_ISL_203513	0.010886	2.0454310000000007	1.847055999999997	2.2960677161893317	0.03389303033033545	1.792859367390694	2016-09-01	ne_star-lbi	north	2016
2016-02-01	B/WAKAYAMA-C/68/2015_EPI_ISL_203514	0.01573	3.0139659999999986	2.847042999999996	-0.06305729406582294	0.012368405769871067	2.7681225558509532	2016-09-01	ne_star-lbi	north	2016
2016-02-01	B/WAKAYAMA-C/69/2015_EPI_ISL_203515	0.020603	2.0454310000000007	1.847055999999997	1.5646545095461382	0.041867540235529466	1.792859367390694	2016-09-01	ne_star-lbi	north	2016
2016-02-01	B/WAKAYAMA-C/70/2015_EPI_ISL_203516	0.020996	2.0454310000000007	1.847055999999997	1.472974425475621	0.04044431253246288	1.792859367390694	2016-09-01	ne_star-lbi	north	2016
2016-02-01	B/Washington/63/2015_EPI_ISL_195489	0.000121	3.0356089999999996	2.786646999999997	-8.570024137365486	6.656234242693162e-07	2.908327502174843	2016-09-01	ne_star-lbi	north	2016
2016-02-01	B/Washington/63/2015_EPI_ISL_195489__dup2	0.000121	3.0356089999999996	2.786646999999997	-8.570024137365486	6.656234242693162e-07	2.908327502174843	2016-09-01	ne_star-lbi	north	2016
2016-02-01	B/Washington/64/2015_EPI_ISL_200790	1.2e-05	1.18188	0.8470689999999987	-8.556111022222186	6.655017467959075e-08	1.0500059708316873	2016-09-01	ne_star-lbi	north	2016
2016-02-01	B/Washington/64/2015_EPI_ISL_200790__dup2	1.2e-05	1.18188	0.8470689999999987	-8.556111022222186	6.655017467959075e-08	1.0500059708316873	2016-09-01	ne_star-lbi	north	2016
2016-02-01	B/Wellington/14/2015_EPI_ISL_197389	0.000198	1.18188	0.8470689999999987	-8.561777218158275	1.0944544178762583e-06	1.0500059708316873	2016-09-01	ne_star-lbi	north	2016
2016-02-01	B/Wellington/36/2015_EPI_ISL_202507	0.000221	1.18188	0.8470689999999987	-8.431352110743802	1.3181549241726633e-06	1.0500059708316873	2016-09-01	ne_star-lbi	north	2016
2016-02-01	B/Wellington/38/2015_EPI_ISL_202508	0.00028700000000000004	2.136391	1.847055999999997	-7.9633024827933365	2.2492153857321785e-06	2.0174865359620586	2016-09-01	ne_star-lbi	north	2016
2016-02-01	B/Wisconsin/84/2015_EPI_ISL_200797	0.00515	1.18188	0.8470689999999987	-0.17393786570998448	0.003795787744046577	1.0500059708316873	2016-09-01	ne_star-lbi	north	2016
2016-02-01	B/Wisconsin/84/2015_EPI_ISL_200797__dup2	0.00515	1.18188	0.8470689999999987	-0.17393786570998448	0.003795787744046577	1.0500059708316873	2016-09-01	ne_star-lbi	north	2016
2016-02-01	B/YOKOHAMA/27/2015_EPI_ISL_194912	8.1e-05	1.18188	0.8470689999999987	-8.551865614703377	4.503275298964965e-07	1.0500059708316873	2016-09-01	ne_star-lbi	north	2016
2016-02-01	B/Yunnan-Mengzi/1871/2015_EPI_ISL_207861	0.004053	1.18188	0.8470689999999987	0.24226771277748463	0.003808133537432829	1.0500059708316873	2016-09-01	ne_star-lbi	north	2016
2016-02-01	B/Yunnan-Mengzi/1964/2015_EPI_ISL_207856	0.01239	1.18188	0.8470689999999987	-0.178155720974843	0.009109561069076668	1.0500059708316873	2016-09-01	ne_star-lbi	north	2016
2017-02-01	B/Alberta/RV3079/2016_EPI_ISL_240404	0.0028899999999999998	1.7330699999999963	3.5111289999999964	-0.5852274567007414	0.0016498658414141163	1.4120387409044974	2017-09-01	ne_star-lbi	north	2017
2017-02-01	B/Anhui-Baohe/1939/2016_EPI_ISL_242449	0.012148	1.7075449999999968	3.516282999999996	-0.5114717762511203	0.0072400359247042105	1.3964141086890336	2017-09-01	ne_star-lbi	north	2017
2017-02-01	B/Anhui-Langya/322/2016_EPI_ISL_242540	0.0005139999999999	0.738875999999998	2.518189999999997	1.521971999865208	0.001003109969670778	0.4153385527643177	2017-09-01	ne_star-lbi	north	2017
2017-02-01	B/Anhui-Yingjiang/11004/2016_EPI_ISL_225380	1.3000000000000001e-05	0.738875999999998	2.518189999999997	-3.1143391374496794	1.697355895421601e-06	0.4153385527643177	2017-09-01	ne_star-lbi	north	2017
2017-02-01	B/Antananarivo/2478/2016_EPI_ISL_230547	1.1e-05	0.738875999999998	2.518189999999997	-4.265020465717301	7.340242778098746e-07	0.4153385527643177	2017-09-01	ne_star-lbi	north	2017
2017-02-01	B/Antananarivo/3454/2016_EPI_ISL_238807	8e-05	1.7293759999999962	3.498556999999997	-9.30060065571713	2.8294476119808027e-07	1.4044723442216682	2017-09-01	ne_star-lbi	north	2017
2017-02-01	B/Antananarivo/3664/2016_EPI_ISL_238808	0.0005139999999999	1.736810999999997	3.5046829999999964	-0.3980299225010284	0.00032729414786708777	1.4140293761728493	2017-09-01	ne_star-lbi	north	2017
2017-02-01	B/Antananarivo/3664/2016_EPI_ISL_238808__dup2	0.0005139999999999	3.6335049999999933	5.447771999999997	-0.3980299225010284	0.00032729414786708777	3.2930449832763116	2017-09-01	ne_star-lbi	north	2017
2017-02-01	B/Arizona/33/2016_EPI_ISL_233713	3.8e-05	1.7387909999999966	3.5181809999999962	-10.891891773207389	5.312024204148007e-08	1.4153384465238334	2017-09-01	ne_star-lbi	north	2017
2017-02-01	B/Arizona/35/2016_EPI_ISL_243856__dup2	0.0041990000000000005	0.738875999999998	2.518189999999997	1.6522014770575542	0.008841448794277607	0.4153385527643177	2017-09-01	ne_star-lbi	north	2017
2017-02-01	B/Bangladesh/0001/2016_EPI_ISL_238833	0.0016460000000000001	2.7320099999999945	4.462819999999995	-0.501427361872327	0.0009867574298534237	2.4112103699105236	2017-09-01	ne_star-lbi	north	2017
2017-02-01	B/Bangladesh/0011/2016_EPI_ISL_238837	0.003805	1.7312569999999965	3.5181809999999962	-0.5872686912204146	0.0021696432333162302	1.4109992662976854	2017-09-01	ne_star-lbi	north	2017
2017-02-01	B/Bangladesh/0012/2016_EPI_ISL_233645	5.9999999999999995e-05	0.738875999999998	2.518189999999997	-6.25867778663123	1.2514080332993713e-06	0.4153385527643177	2017-09-01	ne_star-lbi	north	2017
2017-02-01	B/Bangladesh/0210/2016_EPI_ISL_233770	5.400000000000001e-05	0.738875999999998	2.518189999999997	-6.176026902757888	1.1818982636839624e-06	0.4153385527643177	2017-09-01	ne_star-lbi	north	2017
2017-02-01	B/Bangladesh/1009/2016_EPI_ISL_233647	5e-05	0.738875999999998	2.518189999999997	-6.146819797469919	1.1131549499581844e-06	0.4153385527643177	2017-09-01	ne_star-lbi	north	2017
2017-02-01	B/Bangladesh/1012/2016_EPI_ISL_235462	4e-05	1.7387869999999965	3.5181809999999962	-10.892517925651678	5.589562433578688e-08	1.4153384409730692	2017-09-01	ne_star-lbi	north	2017
2017-02-01	B/Bangladesh/1025/2016_EPI_ISL_238967	0.000386	1.7380949999999966	3.5181809999999962	-0.569291015666214	0.0002224208039591973	1.4148937111563995	2017-09-01	ne_star-lbi	north	2017
2017-02-01	B/Bangladesh/11003/2016_EPI_ISL_238795	0.00026000000000000003	0.738875999999998	2.518189999999997	3.4189441950712487	0.001534386494273607	0.4153385527643177	2017-09-01	ne_star-lbi	north	2017
2017-02-01	B/Bangladesh/11003/2016_EPI_ISL_238795__dup2	0.00026000000000000003	0.738875999999998	2.518189999999997	3.4189441950712487	0.001534386494273607	0.4153385527643177	2017-09-01	ne_star-lbi	north	2017
2017-02-01	B/Bangladesh/3003/2016_EPI_ISL_238827	0.001582	1.7356649999999967	3.5181809999999962	-0.5806694637328956	0.0009055490563240146	1.413527391853839	2017-09-01	ne_star-lbi	north	2017
2017-02-01	B/Bangladesh/3076/2016_EPI_ISL_238806	3.8e-05	0.738875999999998	2.518189999999997	-6.012291775281648	9.150616076600462e-07	0.4153385527643177	2017-09-01	ne_star-lbi	north	2017
2017-02-01	B/Bangladesh/3076/2016_EPI_ISL_238806__dup2	3.8e-05	0.738875999999998	2.518189999999997	-6.012291775281648	9.150616076600462e-07	0.4153385527643177	2017-09-01	ne_star-lbi	north	2017
2017-02-01	B/Bangladesh/4002/2016_EPI_ISL_233650	7.6e-05	0.738875999999998	2.518189999999997	-6.369914101513103	1.4855280105656469e-06	0.4153385527643177	2017-09-01	ne_star-lbi	north	2017
2017-02-01	B/Bangladesh/4004/2016_EPI_ISL_233652	0.000125	0.738875999999998	2.518189999999997	3.383456473470705	0.0007225718327127028	0.4153385527643177	2017-09-01	ne_star-lbi	north	2017
2017-02-01	B/Bangladesh/4024/2016_EPI_ISL_238820	0.0012929999999999999	0.738875999999998	2.518189999999997	1.1249073788463124	0.0020016687909237014	0.4153385527643177	2017-09-01	ne_star-lbi	north	2017
2017-02-01	B/Bangladesh/4027/2016_EPI_ISL_238822	0.001347	0.738875999999998	2.518189999999997	2.1874071295280597	0.0038755498401709786	0.4153385527643177	2017-09-01	ne_star-lbi	north	2017
2017-02-01	B/Bangladesh/427/2016_EPI_ISL_238971	0.00049	0.738875999999998	2.518189999999997	1.5415843072848374	0.00096727521405116	0.4153385527643177	2017-09-01	ne_star-lbi	north	2017
2017-02-01	B/Bangladesh/451/2016_EPI_ISL_238794	1.2e-05	1.7283859999999962	3.4938439999999966	-8.505750819279946	6.747749319851177e-08	1.41071613093665	2017-09-01	ne_star-lbi	north	2017
2017-02-01	B/Bangladesh/451/2016_EPI_ISL_238794__dup2	1.2e-05	1.7283859999999962	3.4938439999999966	-8.867268233123326	5.4647799588445574e-08	1.41071613093665	2017-09-01	ne_star-lbi	north	2017
2017-02-01	B/Bangladesh/5017/2016_EPI_ISL_241709	0.0012929999999999999	0.738875999999998	2.518189999999997	1.1249073788463124	0.0020016687909237014	0.4153385527643177	2017-09-01	ne_star-lbi	north	2017
2017-02-01	B/Bangladesh/5063/2016_EPI_ISL_238840	0.001403	0.738875999999998	2.518189999999997	2.0153387005644263	0.0036511683068256883	0.4153385527643177	2017-09-01	ne_star-lbi	north	2017
2017-02-01	B/Bangladesh/60711005/2016_EPI_ISL_233658	0.000132	0.738875999999998	2.518189999999997	3.903889084208976	0.0010336905259670651	0.4153385527643177	2017-09-01	ne_star-lbi	north	2017
2017-02-01	B/Bangladesh/613010/2016_EPI_ISL_235461	3.3e-05	0.738875999999998	2.518189999999997	-5.962155524406408	8.182426590929145e-07	0.4153385527643177	2017-09-01	ne_star-lbi	north	2017
2017-02-01	B/Bangladesh/710002/2016_EPI_ISL_238804	0.000118	0.738875999999998	2.518189999999997	4.000431882602161	0.0009775896944137239	0.4153385527643177	2017-09-01	ne_star-lbi	north	2017
2017-02-01	B/Bangladesh/710002/2016_EPI_ISL_238804__dup2	0.000118	0.738875999999998	2.518189999999997	4.000431882602161	0.0009775896944137239	0.4153385527643177	2017-09-01	ne_star-lbi	north	2017
2017-02-01	B/Bangladesh/711005/2016_EPI_ISL_238805	0.000118	0.738875999999998	2.518189999999997	4.000431882602161	0.0009775896944137239	0.4153385527643177	2017-09-01	ne_star-lbi	north	2017
2017-02-01	B/Bangladesh/711005/2016_EPI_ISL_238805__dup2	0.000118	0.738875999999998	2.518189999999997	4.000431882602161	0.0009775896944137239	0.4153385527643177	2017-09-01	ne_star-lbi	north	2017
2017-02-01	B/Bangladesh/711007/2016_EPI_ISL_233657	0.000118	2.7257349999999945	4.488814999999996	-2.1577996030992983	2.6917815311845316e-05	2.4092140082791067	2017-09-01	ne_star-lbi	north	2017
2017-02-01	B/Bangladesh/714003/2016_EPI_ISL_235460	0.000132	1.7385789999999963	3.5181809999999962	-0.5598001415128341	7.648326795452865e-05	1.4151854582716081	2017-09-01	ne_star-lbi	north	2017
2017-02-01	B/Bangladesh/8018/2016_EPI_ISL_241708	0.001347	0.738875999999998	2.518189999999997	1.0755784537478452	0.002026116323317145	0.4153385527643177	2017-09-01	ne_star-lbi	north	2017
2017-02-01	B/Bangladesh/9002/2016_EPI_ISL_238832	0.001782	0.738875999999998	2.518189999999997	1.9902274215900195	0.004570042397887407	0.4153385527643177	2017-09-01	ne_star-lbi	north	2017
2017-02-01	B/Bangladesh/903010/2016_EPI_ISL_241712	0.002078	1.718880999999997	3.5157969999999965	-0.5584889337427981	0.0012049533333123729	1.3956492941407563	2017-09-01	ne_star-lbi	north	2017
2017-02-01	B/Bangladesh/903010/2016_EPI_ISL_241712__dup2	0.002078	1.718880999999997	3.5157969999999965	2.056743283892798	0.005539991495253335	1.3956492941407563	2017-09-01	ne_star-lbi	north	2017
2017-02-01	B/Bangladesh/910001/2016_EPI_ISL_238834	0.001714	1.7245969999999964	3.4938889999999967	0.044868265326302836	0.0014131526526159452	1.4059955457298854	2017-09-01	ne_star-lbi	north	2017
2017-02-01	B/Bangladesh/914002/2016_EPI_ISL_238835	0.001582	1.7357029999999967	3.5181809999999962	-0.5806694637328956	0.0009055490563240146	1.4135274546516696	2017-09-01	ne_star-lbi	north	2017
2017-02-01	B/Bangladesh/984/2016_EPI_ISL_233690	0.000139	0.738875999999998	2.518189999999997	3.8524883313515437	0.0010563543328011597	0.4153385527643177	2017-09-01	ne_star-lbi	north	2017
2017-02-01	B/Bolivia/2229/2016_EPI_ISL_238848	0.0007740000000000001	1.7132389999999964	3.516334999999996	-0.28822644430355093	0.0005254525747595106	1.3997526171627526	2017-09-01	ne_star-lbi	north	2017
2017-02-01	B/Bolivia/2293/2016_EPI_ISL_241705	0.002412	0.738875999999998	2.518189999999997	1.963933427661543	0.006091560380338843	0.4153385527643177	2017-09-01	ne_star-lbi	north	2017
2017-02-01	B/Bolivia/2296/2016_EPI_ISL_241711	0.002595	0.738875999999998	2.518189999999997	1.7637139367968226	0.0058312990884067705	0.4153385527643177	2017-09-01	ne_star-lbi	north	2017
2017-02-01	B/Brazil/0498/2016_EPI_ISL_233153	1e-05	1.7366079999999966	3.2871659999999956	-9.27832995731315	3.583056813277129e-08	1.413807633402999	2017-09-01	ne_star-lbi	north	2017
2017-02-01	B/Brazil/0704/2016_EPI_ISL_233154	4.5e-05	0.738875999999998	2.518189999999997	-4.404174720223532	2.7687078382186286e-06	0.4153385527643177	2017-09-01	ne_star-lbi	north	2017
2017-02-01	B/Brazil/1149/2016_EPI_ISL_233155	3.8e-05	0.738875999999998	2.518189999999997	-6.012291775281648	9.150616076600462e-07	0.4153385527643177	2017-09-01	ne_star-lbi	north	2017
2017-02-01	B/Brazil/3522/2016_EPI_ISL_243830	0.001141	0.738875999999998	2.518189999999997	2.4829619193437615	0.0039005582392225317	0.4153385527643177	2017-09-01	ne_star-lbi	north	2017
2017-02-01	B/Brazil/4554/2016_EPI_ISL_233692	0.000302	0.738875999999998	2.518189999999997	2.791238681831161	0.001235794965946229	0.4153385527643177	2017-09-01	ne_star-lbi	north	2017
2017-02-01	B/Brazil/5247/2016_EPI_ISL_233691	0.000125	2.7005979999999945	4.101323999999996	-2.1169499054290566	2.9202270111377912e-05	2.390686124463701	2017-09-01	ne_star-lbi	north	2017
2017-02-01	B/Brazil/5472/2016_EPI_ISL_241732	0.000405	0.738875999999998	2.518189999999997	1.6791333885165858	0.0008662743857668049	0.4153385527643177	2017-09-01	ne_star-lbi	north	2017
2017-02-01	B/Brazil/5556/2016_EPI_ISL_238796	0.000386	0.738875999999998	2.518189999999997	2.4808949055374283	0.0013179677181247651	0.4153385527643177	2017-09-01	ne_star-lbi	north	2017
2017-02-01	B/Brazil/6505/2016_EPI_ISL_242399	0.0028899999999999998	1.7330869999999965	3.5181809999999962	-2.184229311901924	0.0006491723041048404	1.414040208156108	2017-09-01	ne_star-lbi	north	2017
2017-02-01	B/Brisbane/27/2016_EPI_ISL_239857	0.012687	1.6589739999999964	3.2092749999999954	-0.4603744701231455	0.007790041835227028	1.3781190125138123	2017-09-01	ne_star-lbi	north	2017
2017-02-01	B/Brisbane/60/2008_NIB-58_16/200_EPI_ISL_232491	0.001403	4.604139999999995	6.277392999999991	-2.153026993388509	0.00032094052468768016	4.312089681741702	2017-09-01	ne_star-lbi	north	2017
2017-02-01	B/California/84/2016_EPI_ISL_243908	0.023842	2.593907999999996	4.466464999999995	-0.5704609013691563	0.0137288578447988	2.33044792423834	2017-09-01	ne_star-lbi	north	2017
2017-02-01	B/Cambodia/AD07197/2016_EPI_ISL_237861	0.000212	0.738875999999998	2.518189999999997	3.417464610297161	0.001250035780978387	0.4153385527643177	2017-09-01	ne_star-lbi	north	2017
2017-02-01	B/Colombia/0085/2016_EPI_ISL_234650	0.000538	0.738875999999998	2.518189999999997	2.5156706254002366	0.0018746049989216689	0.4153385527643177	2017-09-01	ne_star-lbi	north	2017
2017-02-01	B/Colombia/0880/2016_EPI_ISL_243838	0.005734	1.7273989999999968	3.5181809999999962	-2.1892855528200124	0.0012842184017705879	1.4127701159607764	2017-09-01	ne_star-lbi	north	2017
2017-02-01	B/Colombia/1070/2016_EPI_ISL_243839	0.008475	1.7219169999999966	3.5181809999999962	-0.5931545244800813	0.0048159532688319545	1.405706646226654	2017-09-01	ne_star-lbi	north	2017
2017-02-01	B/Colombia/8952/2016_EPI_ISL_234994	6.4e-05	1.711362999999997	3.513412999999997	-8.267633288209586	4.1350616963686647e-07	1.3961948700028923	2017-09-01	ne_star-lbi	north	2017
2017-02-01	B/Colombia/8954/2016_EPI_ISL_234651	6.4e-05	0.738875999999998	2.518189999999997	-4.586921783400159	3.5395474041383113e-06	0.4153385527643177	2017-09-01	ne_star-lbi	north	2017
2017-02-01	B/Costa_Rica/6101/2016_EPI_ISL_237460	0.0012929999999999999	0.738875999999998	2.518189999999997	1.1249073788463124	0.0020016687909237014	0.4153385527643177	2017-09-01	ne_star-lbi	north	2017
2017-02-01	B/Delaware/37/2016_EPI_ISL_232268	1.1e-05	0.738875999999998	2.518189999999997	-3.24628316393514	1.3298288518851802e-06	0.4153385527643177	2017-09-01	ne_star-lbi	north	2017
2017-02-01	B/Distrito_Federal/373550/2016_EPI_ISL_238034	0.0014609999999999	1.711362999999997	3.513412999999997	-0.5536848948610429	0.000849555875684208	1.3961948700028923	2017-09-01	ne_star-lbi	north	2017
2017-02-01	B/Dominican_Republic/9777/2016_EPI_ISL_232223	1.6e-05	1.7351549999999965	3.5181809999999962	-10.882498265351648	2.2489311916672307e-08	1.4101211593743768	2017-09-01	ne_star-lbi	north	2017
2017-02-01	B/Dominican_Republic/9784/2016_EPI_ISL_232224	2.4e-05	1.7262229999999967	3.5181809999999962	-8.01636641789194	1.7954314171809914e-07	1.4120273735401805	2017-09-01	ne_star-lbi	north	2017
2017-02-01	B/Dominican_Republic/9785/2016_EPI_ISL_232225	2.4e-05	0.738875999999998	2.518189999999997	-3.9214004721998252	1.9569563407461815e-06	0.4153385527643177	2017-09-01	ne_star-lbi	north	2017
2017-02-01	B/Dominican_Republic/9852/2016_EPI_ISL_240428	0.000147	2.732535999999994	4.492273999999996	-0.5607844049882544	8.512565915861984e-05	2.4117342200773266	2017-09-01	ne_star-lbi	north	2017
2017-02-01	B/Dominican_Republic/9853/2016_EPI_ISL_240429	0.000147	2.708341999999995	3.6453439999999993	-0.24479966445121049	0.00010235559130111447	2.3952135344495553	2017-09-01	ne_star-lbi	north	2017
2017-02-01	B/Dominican_Republic/9890/2016_EPI_ISL_240430	0.000405	1.7340509999999967	3.513160999999996	-0.38649056364009726	0.0002596291834866619	1.4124154107284705	2017-09-01	ne_star-lbi	north	2017
2017-02-01	B/Dominican_Republic/9897/2016_EPI_ISL_240431	0.0005639999999999	1.7262229999999967	3.5181809999999962	-0.49775132907698416	0.0003388371020145001	1.4120273735401805	2017-09-01	ne_star-lbi	north	2017
2017-02-01	B/Dominican_Republic/9900/2016_EPI_ISL_240432	0.00059	1.7376869999999964	3.5181809999999962	-2.1718355773655293	0.00013349160706369032	1.41507156955019	2017-09-01	ne_star-lbi	north	2017
2017-02-01	B/Dominican_Republic/9929/2016_EPI_ISL_243836	0.00119	4.699357999999994	4.721265999999997	-0.2582272257355282	0.0008221280775997481	4.38909010781826	2017-09-01	ne_star-lbi	north	2017
2017-02-01	B/Dominican_Republic/9932/2016_EPI_ISL_240875	0.001049	4.699357999999994	4.721265999999997	-0.2964904665437895	0.0007087196225826004	4.38909010781826	2017-09-01	ne_star-lbi	north	2017
2017-02-01	B/Dominican_Republic/9935/2016_EPI_ISL_240433	0.001049	2.708341999999995	3.6453439999999993	-0.2964904665437895	0.0007087196225826004	2.3952135344495553	2017-09-01	ne_star-lbi	north	2017
2017-02-01	B/Dominican_Republic/9977/2016_EPI_ISL_240434	0.001925	1.7340509999999967	3.513160999999996	-0.4510586446401732	0.0011884246212299587	1.4124154107284705	2017-09-01	ne_star-lbi	north	2017
2017-02-01	B/Ecuador/2838/2016_EPI_ISL_233123	2.8999999999999997e-05	0.738875999999998	2.518189999999997	-3.9799057493674663	2.285315982124938e-06	0.4153385527643177	2017-09-01	ne_star-lbi	north	2017
2017-02-01	B/Ecuador/2908/2016_EPI_ISL_233124	0.000212	0.738875999999998	2.518189999999997	3.417464610297161	0.001250035780978387	0.4153385527643177	2017-09-01	ne_star-lbi	north	2017
2017-02-01	B/Ecuador/555/2016_EPI_ISL_233127	1.1e-05	1.711362999999997	3.513412999999997	-8.630735986483135	5.750516195988742e-08	1.3961948700028923	2017-09-01	ne_star-lbi	north	2017
2017-02-01	B/El_Salvador/1782/2016_EPI_ISL_240415__dup2	0.007018000000000001	0.738875999999998	2.518189999999997	0.9125239975140195	0.009598473733127017	0.4153385527643177	2017-09-01	ne_star-lbi	north	2017
2017-02-01	B/Florida/71/2016_EPI_ISL_233701	1.3000000000000001e-05	1.7060669999999967	3.5020929999999963	-8.832849678489362	6.040241864812897e-08	1.4080320014801873	2017-09-01	ne_star-lbi	north	2017
2017-02-01	B/Florida/73/2016_EPI_ISL_230586	2.6000000000000002e-05	1.7388149999999964	3.5181809999999962	-9.28901059326618	9.258086340380139e-08	1.415338367602591	2017-09-01	ne_star-lbi	north	2017
2017-02-01	B/Florida/76/2016_EPI_ISL_232306	4.5e-05	0.738875999999998	2.518189999999997	-5.129238591724889	1.813804915205425e-06	0.4153385527643177	2017-09-01	ne_star-lbi	north	2017
2017-02-01	B/Florida/83/2016_EPI_ISL_238800	0.002412	2.7173399999999948	4.512043999999997	-0.3076059503260229	0.001619050120379964	2.4008818828153853	2017-09-01	ne_star-lbi	north	2017
2017-02-01	B/Florida/83/2016_EPI_ISL_238800__dup2	0.002412	2.7173399999999948	4.512043999999997	-0.3076059503260229	0.001619050120379964	2.4008818828153853	2017-09-01	ne_star-lbi	north	2017
2017-02-01	B/Florida/85/2016_EPI_ISL_237456	0.0028899999999999998	0.738875999999998	2.518189999999997	1.7893336624655642	0.006591985738966792	0.4153385527643177	2017-09-01	ne_star-lbi	north	2017
2017-02-01	B/Florida/87/2016_EPI_ISL_238873	0.003933	0.738875999999998	2.518189999999997	1.6169739028494583	0.00811291655029735	0.4153385527643177	2017-09-01	ne_star-lbi	north	2017
2017-02-01	B/Florida/89/2016_EPI_ISL_238888__dup2	0.008698000000000001	1.6416009999999968	3.4664739999999954	-0.4651331227219426	0.0053259207986366824	1.3579056399279363	2017-09-01	ne_star-lbi	north	2017
2017-02-01	B/Florida/94/2016_EPI_ISL_240471__dup2	0.015801	0.738875999999998	2.518189999999997	0.3855040709958484	0.015891283657047842	0.4153385527643177	2017-09-01	ne_star-lbi	north	2017
2017-02-01	B/Florida/95/2016_EPI_ISL_240474	0.016093	1.6416009999999968	3.4664739999999954	-0.4989209765659748	0.00966167777475535	1.3579056399279363	2017-09-01	ne_star-lbi	north	2017
2017-02-01	B/Florida/99/2016_EPI_ISL_240497	0.018455000000000003	1.6645489999999972	3.5173109999999963	-0.5378782806194989	0.010830791728273665	1.3749034856159248	2017-09-01	ne_star-lbi	north	2017
2017-02-01	B/French_Guiana/7093/2016_EPI_ISL_240343	3.1e-05	0.738875999999998	2.518189999999997	-5.849987693289052	8.206279334515461e-07	0.4153385527643177	2017-09-01	ne_star-lbi	north	2017
2017-02-01	B/Fujian-Jiaocheng/1835/2016_EPI_ISL_242455	0.007215000000000001	0.738875999999998	2.518189999999997	0.4179380611453214	0.007394818497290593	0.4153385527643177	2017-09-01	ne_star-lbi	north	2017
2017-02-01	B/Fujian-Meilie/1456/2016_EPI_ISL_225367	1.6e-05	0.738875999999998	2.518189999999997	-3.471712089210568	1.695950743484138e-06	0.4153385527643177	2017-09-01	ne_star-lbi	north	2017
2017-02-01	B/Fujian-Yanping/1581/2016_EPI_ISL_242459	9e-05	0.738875999999998	2.518189999999997	1.9565161412249432	0.00022631569612303163	0.4153385527643177	2017-09-01	ne_star-lbi	north	2017
2017-02-01	B/Georgia/22/2016_EPI_ISL_243861	0.005078	0.738875999999998	2.518189999999997	1.4563343482068831	0.00953783013467159	0.4153385527643177	2017-09-01	ne_star-lbi	north	2017
2017-02-01	B/Georgia/NCDC1197/2016_EPI_ISL_232262	1e-05	0.738875999999998	2.518189999999997	-5.482540888709401	3.2799936668801284e-07	0.4153385527643177	2017-09-01	ne_star-lbi	north	2017
2017-02-01	B/Ghana/DILI-16-0739/2016_EPI_ISL_232910	0.00026000000000000003	2.7228199999999947	4.078259999999997	-2.1379934113039747	5.9999664172347456e-05	2.4050960446144196	2017-09-01	ne_star-lbi	north	2017
2017-02-01	B/Guangxi-Jinchengjiang/1555/2016_EPI_ISL_230736	1.4000000000000001e-05	1.7075449999999968	3.516282999999996	-7.584128217153936	1.3476843004653446e-07	1.3964141086890336	2017-09-01	ne_star-lbi	north	2017
2017-02-01	B/Guangxi-Qingxiu/1515/2016_EPI_ISL_232932	9.499999999999999e-05	1.7075449999999968	3.516282999999996	-0.2130579205801395	6.738438145559757e-05	1.3964141086890336	2017-09-01	ne_star-lbi	north	2017
2017-02-01	B/Guangxi-Xinning/33/2016_EPI_ISL_242447	0.010102	0.738875999999998	2.518189999999997	1.0500948085080375	0.014970908525451396	0.4153385527643177	2017-09-01	ne_star-lbi	north	2017
2017-02-01	B/Guangxi-Xixiangtang/11017/2016_EPI_ISL_242452	0.0028899999999999998	1.669820999999997	3.4875109999999956	-0.46398792746166195	0.001770774524073012	1.353593087869436	2017-09-01	ne_star-lbi	north	2017
2017-02-01	B/Guangxi-Yuzhou/1846/2016_EPI_ISL_242534	0.005565	0.738875999999998	2.518189999999997	1.4390606795314544	0.010347751038266654	0.4153385527643177	2017-09-01	ne_star-lbi	north	2017
2017-02-01	B/Guangxi-Yuzhou/1901/2016_EPI_ISL_242446	0.014358000000000001	0.738875999999998	2.518189999999997	0.8358565231060802	0.018778458854558238	0.4153385527643177	2017-09-01	ne_star-lbi	north	2017
2017-02-01	B/Hawaii/39/2016_EPI_ISL_235468	2.6000000000000002e-05	2.7303559999999947	3.900359999999997	-10.888012448467364	3.64277693999338e-08	2.4145535607514743	2017-09-01	ne_star-lbi	north	2017
2017-02-01	B/Hawaii/47/2016_EPI_ISL_240460	0.0068239999999999	0.738875999999998	2.518189999999997	0.926548628268242	0.009409809108222447	0.4153385527643177	2017-09-01	ne_star-lbi	north	2017
2017-02-01	B/Hawaii/52/2016_EPI_ISL_240484	0.014358000000000001	0.738875999999998	2.518189999999997	0.1762768144544065	0.012780947394711153	0.4153385527643177	2017-09-01	ne_star-lbi	north	2017
2017-02-01	B/Honduras/8827/2016_EPI_ISL_240435	0.0012929999999999999	0.738875999999998	2.518189999999997	1.1249073788463124	0.0020016687909237014	0.4153385527643177	2017-09-01	ne_star-lbi	north	2017
2017-02-01	B/Honduras/9056/2016_EPI_ISL_240438	0.0028899999999999998	1.7330869999999965	3.5181529999999963	-2.184229311901924	0.0006491723041048404	1.414040208156108	2017-09-01	ne_star-lbi	north	2017
2017-02-01	B/Honduras/9348/2016_EPI_ISL_240442	0.007018000000000001	0.738875999999998	2.518189999999997	0.515426912235005	0.007613813271440855	0.4153385527643177	2017-09-01	ne_star-lbi	north	2017
2017-02-01	B/Honduras/9610/2016_EPI_ISL_240448__dup2	0.013793000000000001	1.7112809999999967	3.5181809999999962	-2.1958301072748316	0.0030773858251156964	1.4091837811140862	2017-09-01	ne_star-lbi	north	2017
2017-02-01	B/Hong_Kong/1544/2016_EPI_ISL_237690	0.000333	0.738875999999998	2.518189999999997	3.0562207561129986	0.0015904274385619072	0.4153385527643177	2017-09-01	ne_star-lbi	north	2017
2017-02-01	B/Hong_Kong/1545/2016_EPI_ISL_234655	0.000317	0.738875999999998	2.518189999999997	3.089957253762809	0.0015441007729294855	0.4153385527643177	2017-09-01	ne_star-lbi	north	2017
2017-02-01	B/Hong_Kong/1546/2016_EPI_ISL_234656	0.00035	0.738875999999998	2.518189999999997	1.5407416605538888	0.0006905713375926529	0.4153385527643177	2017-09-01	ne_star-lbi	north	2017
2017-02-01	B/Hong_Kong/1547/2016_EPI_ISL_234657	0.000333	1.7382009999999963	3.5181809999999962	-0.568043959080307	0.00019202079456212467	1.4149545111751933	2017-09-01	ne_star-lbi	north	2017
2017-02-01	B/Hubei-Wuchang/1399/2016_EPI_ISL_230729	4e-05	1.7387869999999965	3.5181809999999962	-9.293516070450494	1.4205824970197275e-07	1.4153382686478182	2017-09-01	ne_star-lbi	north	2017
2017-02-01	B/Hunan-Jishou/11515/2016_EPI_ISL_230751	1.6e-05	0.738875999999998	2.518189999999997	-3.471712089210568	1.695950743484138e-06	0.4153385527643177	2017-09-01	ne_star-lbi	north	2017
2017-02-01	B/Hunan-Jishou/12261/2016_EPI_ISL_242453	0.001714	2.721079999999995	4.493879999999996	-0.3453535089643289	0.001125462164221246	2.4037444865314344	2017-09-01	ne_star-lbi	north	2017
2017-02-01	B/Iceland/10292/2016_EPI_ISL_224583	1.4999999999999999e-05	2.6474339999999956	4.360872999999996	-8.755327841617065	7.291913322853935e-08	2.364905432741403	2017-09-01	ne_star-lbi	north	2017
2017-02-01	B/Illinois/14/2016_EPI_ISL_240492	0.008698000000000001	1.649246999999997	3.517982999999996	-0.43772110113150586	0.00541176865383792	1.3608716536361671	2017-09-01	ne_star-lbi	north	2017
2017-02-01	B/Illinois/16/2016_EPI_ISL_243877	0.017863	1.649246999999997	3.517982999999996	-0.48499084209293863	0.010811824185576734	1.3608716536361671	2017-09-01	ne_star-lbi	north	2017
2017-02-01	B/Illinois/17/2016_EPI_ISL_243878__dup2	0.018159	1.649246999999997	3.517982999999996	-0.4924313050221729	0.010943381762724639	1.3608716536361671	2017-09-01	ne_star-lbi	north	2017
2017-02-01	B/Illinois/20/2016_EPI_ISL_243904	0.024355	0.738875999999998	2.518189999999997	-0.016142552559938378	0.019378047158870048	0.4153385527643177	2017-09-01	ne_star-lbi	north	2017
2017-02-01	B/Iowa/25/2016_EPI_ISL_236859	0.0027890000000000002	1.7266499999999965	3.5181029999999964	-0.5849616637171837	0.0015924530543283797	1.405357318800782	2017-09-01	ne_star-lbi	north	2017
2017-02-01	B/Iowa/25/2016_EPI_ISL_236859__dup2	0.0027890000000000002	1.7285749999999964	3.5181419999999965	1.8114031653008535	0.006444036389887173	1.400681881197719	2017-09-01	ne_star-lbi	north	2017
2017-02-01	B/Iowa/26/2016_EPI_ISL_238868	0.0041990000000000005	3.6098359999999934	4.281669000000001	-3.6875676238023822	0.00039242315088293	3.354920161607042	2017-09-01	ne_star-lbi	north	2017
2017-02-01	B/Irkutsk/2/2016_EPI_ISL_232336	1.3000000000000001e-05	2.708192999999994	4.5181609999999965	-9.038563408592923	5.3572156889239515e-08	2.4059621929943686	2017-09-01	ne_star-lbi	north	2017
2017-02-01	B/Irkutsk/3/2016_EPI_ISL_232337	2.8999999999999997e-05	0.738875999999998	2.518189999999997	-3.9799057493674663	2.285315982124938e-06	0.4153385527643177	2017-09-01	ne_star-lbi	north	2017
2017-02-01	B/Irkutsk/4/2016_EPI_ISL_232338	2.8999999999999997e-05	1.7388089999999965	3.5181809999999962	-9.29032737424536	1.0318398236050554e-07	1.415338346396353	2017-09-01	ne_star-lbi	north	2017
2017-02-01	B/Irkutsk/5/2016_EPI_ISL_232339	2.8000000000000013e-05	3.7301429999999938	5.500853999999999	-10.88867384322762	3.921477299550361e-08	3.410339363957549	2017-09-01	ne_star-lbi	north	2017
2017-02-01	B/Jamaica/1358/2016_EPI_ISL_234662	0.000302	1.7382629999999966	3.5181809999999962	-0.5671934165945489	0.00017423140829236474	1.414990089947733	2017-09-01	ne_star-lbi	north	2017
2017-02-01	B/Jiangsu-Beitang/1454/2016_EPI_ISL_230735	1.8e-05	1.7293759999999962	3.498556999999997	-9.284912924910644	6.424783251328175e-08	1.4044723442216682	2017-09-01	ne_star-lbi	north	2017
2017-02-01	B/Jiangsu-Gusu/11636/2016_EPI_ISL_242541	0.006083	2.6404209999999946	4.475704999999997	-0.3198031395636015	0.004054252463497403	2.3342169670412045	2017-09-01	ne_star-lbi	north	2017
2017-02-01	B/Jiangsu-Runzhou/1628/2016_EPI_ISL_232931	0.0005139999999999	1.7075449999999968	3.516282999999996	-0.3177454425436602	0.0003429867835942976	1.3964141086890336	2017-09-01	ne_star-lbi	north	2017
2017-02-01	B/Jiangsu-Tinghu/1822/2016_EPI_ISL_242546	0.006263	2.6572859999999947	4.432931999999996	-2.1899319767284124	0.001402167342186466	2.350788753185064	2017-09-01	ne_star-lbi	north	2017
2017-02-01	B/Jiangsu-Tinghu/1944/2016_EPI_ISL_242450	0.016681	1.6547949999999971	3.4882279999999954	-0.5393624623851078	0.009781202205970741	1.3426095566502834	2017-09-01	ne_star-lbi	north	2017
2017-02-01	B/Jiangxi-Donghu/11331/2016_EPI_ISL_242533	0.000425	0.738875999999998	2.518189999999997	3.0452095636155905	0.002016828630327249	0.4153385527643177	2017-09-01	ne_star-lbi	north	2017
2017-02-01	B/Jiangxi-Donghu/15/2017_EPI_ISL_242417	0.027291000000000003	1.6842509999999964	3.5181569999999964	-0.6032250161891524	0.015417386643323061	1.3845036191236872	2017-09-01	ne_star-lbi	north	2017
2017-02-01	B/Jiangxi-Zhushan/1528/2016_EPI_ISL_232930	9.499999999999999e-05	0.738875999999998	2.518189999999997	3.9725886473623833	0.0007743627449692547	0.4153385527643177	2017-09-01	ne_star-lbi	north	2017
2017-02-01	B/La_Reunion/2027/2016_EPI_ISL_237712	1e-05	0.738875999999998	2.518189999999997	-5.570691744428913	3.115595043078904e-07	0.4153385527643177	2017-09-01	ne_star-lbi	north	2017
2017-02-01	B/Laos/1625/2016_EPI_ISL_236874	1e-05	0.738875999999998	2.518189999999997	-5.482540888709401	3.2799936668801284e-07	0.4153385527643177	2017-09-01	ne_star-lbi	north	2017
2017-02-01	B/Laos/1628/2016_EPI_ISL_236875	1e-05	0.738875999999998	2.518189999999997	-5.482540888709401	3.2799936668801284e-07	0.4153385527643177	2017-09-01	ne_star-lbi	north	2017
2017-02-01	B/Laos/1919/2016_EPI_ISL_238819__dup2	3.8e-05	0.738875999999998	2.518189999999997	-6.012291775281648	9.150616076600462e-07	0.4153385527643177	2017-09-01	ne_star-lbi	north	2017
2017-02-01	B/Laos/2210/2016_EPI_ISL_236879	0.00019099999999999998	0.738875999999998	2.518189999999997	1.9358529752425544	0.00047453774143355336	0.4153385527643177	2017-09-01	ne_star-lbi	north	2017
2017-02-01	B/Laos/2287/2016_EPI_ISL_236880	0.000273	0.738875999999998	2.518189999999997	1.8531719753059683	0.0006463291784119763	0.4153385527643177	2017-09-01	ne_star-lbi	north	2017
2017-02-01	B/Laos/2326/2016_EPI_ISL_236881	0.00028700000000000004	1.7180889999999966	3.5181809999999962	-0.40731475478407864	0.00018176271986368637	1.4030547034808214	2017-09-01	ne_star-lbi	north	2017
2017-02-01	B/Laos/2392/2016_EPI_ISL_236882	0.000405	0.738875999999998	2.518189999999997	2.452668386164669	0.001360259065181344	0.4153385527643177	2017-09-01	ne_star-lbi	north	2017
2017-02-01	B/Laos/2545/2016_EPI_ISL_240419	0.000647	0.738875999999998	2.518189999999997	2.7801979214554544	0.00263055090462137	0.4153385527643177	2017-09-01	ne_star-lbi	north	2017
2017-02-01	B/Laos/2820/2016_EPI_ISL_240421	0.002412	0.738875999999998	2.518189999999997	1.963933427661543	0.006091560380338843	0.4153385527643177	2017-09-01	ne_star-lbi	north	2017
2017-02-01	B/Laos/2947/2016_EPI_ISL_240422	0.00321	0.738875999999998	2.518189999999997	1.7399166026524393	0.007113841875229429	0.4153385527643177	2017-09-01	ne_star-lbi	north	2017
2017-02-01	B/Laos/2995/2016_EPI_ISL_243834	0.0036799999999999997	0.738875999999998	2.518189999999997	0.9741538219714073	0.005217348411316922	0.4153385527643177	2017-09-01	ne_star-lbi	north	2017
2017-02-01	B/Laos/2995/2016_EPI_ISL_243834__dup2	0.0036799999999999997	1.7236409999999969	3.5181809999999962	0.9741538219714073	0.005217348411316922	1.4000904110132135	2017-09-01	ne_star-lbi	north	2017
2017-02-01	B/Laos/3179/2016_EPI_ISL_240425	0.0046240000000000005	1.7132389999999964	3.516334999999996	-0.4032599304244058	0.00293540469395756	1.3997526171627526	2017-09-01	ne_star-lbi	north	2017
2017-02-01	B/Laos/3428/2016_EPI_ISL_243841	0.007416	1.7132389999999964	3.516334999999996	-0.5458373854693195	0.004332110532065457	1.3997526171627526	2017-09-01	ne_star-lbi	north	2017
2017-02-01	B/Laos/3657/2016_EPI_ISL_243842	0.010102	0.738875999999998	2.518189999999997	1.0500651777975234	0.014970649761804665	0.4153385527643177	2017-09-01	ne_star-lbi	north	2017
2017-02-01	B/Laos/3697/2016_EPI_ISL_243843	0.010102	3.617357999999993	5.209126999999999	-2.1090559846536077	0.002370903067373709	3.3683670360915072	2017-09-01	ne_star-lbi	north	2017
2017-02-01	B/Laos/3709/2016_EPI_ISL_243846	0.010102	1.7180889999999966	3.5181809999999962	-0.5287815986747038	0.005960161921884481	1.4030547034808214	2017-09-01	ne_star-lbi	north	2017
2017-02-01	B/Laos/F2122/2016_EPI_ISL_235782	0.000132	0.738875999999998	2.518189999999997	3.903889084208976	0.0010336905259670651	0.4153385527643177	2017-09-01	ne_star-lbi	north	2017
2017-02-01	B/Laos/F2130/2016_EPI_ISL_235783	0.000125	0.738875999999998	2.518189999999997	3.383456473470705	0.0007225718327127028	0.4153385527643177	2017-09-01	ne_star-lbi	north	2017
2017-02-01	B/Laos/F2348/2016_EPI_ISL_235787	0.000368	0.738875999999998	2.518189999999997	2.6882812274483605	0.001418091375667468	0.4153385527643177	2017-09-01	ne_star-lbi	north	2017
2017-02-01	B/Laos/F2496/2016_EPI_ISL_239733	0.000708	3.649562999999994	5.485803999999996	-0.40654718649767974	0.0004485910745075216	3.313728557360713	2017-09-01	ne_star-lbi	north	2017
2017-02-01	B/Laos/F2595/2016_EPI_ISL_239734	0.001094	2.635569999999997	4.461278999999997	-0.15409215448970248	0.0008031400042044214	2.2943541598677846	2017-09-01	ne_star-lbi	north	2017
2017-02-01	B/Laos/F2678/2016_EPI_ISL_239735	0.001852	1.6524129999999972	3.485821999999995	1.9665217134537498	0.00468433498352524	1.3155229216587452	2017-09-01	ne_star-lbi	north	2017
2017-02-01	B/Laos/F2977/2016_EPI_ISL_239737	0.0036799999999999997	2.6450279999999955	4.485812999999997	0.9741538219714073	0.005217348411316922	2.3050882023468	2017-09-01	ne_star-lbi	north	2017
2017-02-01	B/Laos/F2983/2016_EPI_ISL_239738	0.0036799999999999997	2.6450439999999955	4.481749999999996	-2.102202791159068	0.0008671424166164547	2.313788636825513	2017-09-01	ne_star-lbi	north	2017
2017-02-01	B/Laos/F3032/2016_EPI_ISL_239739	0.003933	2.703713999999995	4.518171999999996	-0.4662116609495234	0.0024067224642352137	2.3908674246391195	2017-09-01	ne_star-lbi	north	2017
2017-02-01	B/Laos/F3032/2016_EPI_ISL_239739__dup2	0.003933	2.703713999999995	4.518171999999996	-0.4662116609495234	0.0024067224642352137	2.3908674246391195	2017-09-01	ne_star-lbi	north	2017
2017-02-01	B/Laos/F3034/2016_EPI_ISL_239740	0.003933	3.627694999999993	5.461269999999997	1.6169739028494583	0.00811291655029735	3.278128326767186	2017-09-01	ne_star-lbi	north	2017
2017-02-01	B/Lautaro/45995/2016_EPI_ISL_233118	5.9999999999999995e-05	1.7387469999999963	3.5177949999999965	-10.896744579483437	8.363697111051636e-08	1.4153383854903756	2017-09-01	ne_star-lbi	north	2017
2017-02-01	B/Liaoning-Huanggu/11111/2016_EPI_ISL_242458	0.016387	2.6732839999999953	4.502083999999996	-2.197201418525285	0.003653215239646512	2.4007255710008946	2017-09-01	ne_star-lbi	north	2017
2017-02-01	B/Linares/42161/2016_EPI_ISL_233114	2.8000000000000013e-05	0.738875999999998	2.518189999999997	-6.009572991516164	6.753261108776291e-07	0.4153385527643177	2017-09-01	ne_star-lbi	north	2017
2017-02-01	B/Linares/45438/2016_EPI_ISL_233117	4.8e-05	0.738875999999998	2.518189999999997	-4.449213149947398	2.8767087075452714e-06	0.4153385527643177	2017-09-01	ne_star-lbi	north	2017
2017-02-01	B/Lund/3/2016_EPI_ISL_235149	0.003439	0.738875999999998	2.518189999999997	1.6236875444855428	0.007121739136850721	0.4153385527643177	2017-09-01	ne_star-lbi	north	2017
2017-02-01	B/Malaysia/0983/2016_EPI_ISL_239864	0.012687	0.738875999999998	2.518189999999997	0.22080382729675987	0.01159066736817496	0.4153385527643177	2017-09-01	ne_star-lbi	north	2017
2017-02-01	B/Malaysia/1221/2016_EPI_ISL_239866	0.014931	0.738875999999998	2.518189999999997	0.2334793981606519	0.013741989347939203	0.4153385527643177	2017-09-01	ne_star-lbi	north	2017
2017-02-01	B/Managua/5842.01/2016_EPI_ISL_238856	0.0036799999999999997	0.738875999999998	2.518189999999997	0.9741538219714073	0.005217348411316922	0.4153385527643177	2017-09-01	ne_star-lbi	north	2017
2017-02-01	B/Managua/7805.01/2016_EPI_ISL_238855	0.00321	0.738875999999998	2.518189999999997	1.636793050285821	0.006698522907107955	0.4153385527643177	2017-09-01	ne_star-lbi	north	2017
2017-02-01	B/Mato_Grosso_do_Sul/373522/2016_EPI_ISL_238056	0.001141	1.7365849999999965	3.508890999999996	-0.5781283985500354	0.0006540860654624081	1.414030380633393	2017-09-01	ne_star-lbi	north	2017
2017-02-01	B/Mexico/4193/2016_EPI_ISL_238860	0.000147	1.7286149999999967	3.512340999999996	-0.3598941742085714	9.570920461555328e-05	1.4084693750987618	2017-09-01	ne_star-lbi	north	2017
2017-02-01	B/Mexico/4194/2016_EPI_ISL_238990	0.000155	1.7286149999999967	3.512340999999996	-0.3622481649779715	0.00010077938740260269	1.4084693750987618	2017-09-01	ne_star-lbi	north	2017
2017-02-01	B/Mexico/4227/2016_EPI_ISL_238861	0.000302	0.738875999999998	2.518189999999997	2.8115388762037536	0.001250515967528115	0.4153385527643177	2017-09-01	ne_star-lbi	north	2017
2017-02-01	B/Mexico/4260/2016_EPI_ISL_238859	0.0008089999999999	1.7308069999999967	3.5180369999999965	-0.26826488889062006	0.0005556459009283208	1.4098778689198446	2017-09-01	ne_star-lbi	north	2017
2017-02-01	B/Mexico/4260/2016_EPI_ISL_238859__dup2	0.0008089999999999	1.7308069999999967	3.5180369999999965	-0.26826488889062006	0.0005556459009283208	1.4098778689198446	2017-09-01	ne_star-lbi	north	2017
2017-02-01	B/Mississippi/21/2016_EPI_ISL_240475	0.010596	0.738875999999998	2.518189999999997	1.0199564227738893	0.015429346434688362	0.4153385527643177	2017-09-01	ne_star-lbi	north	2017
2017-02-01	B/Missouri/10/2016_EPI_ISL_238867	0.004064	2.708341999999995	3.6453439999999993	-0.3512793722319516	0.002659331832538429	2.3952135344495553	2017-09-01	ne_star-lbi	north	2017
2017-02-01	B/New_Caledonia/8/2016_EPI_ISL_233778	1.3000000000000001e-05	0.738875999999998	2.518189999999997	-3.1143391374496794	1.697355895421601e-06	0.4153385527643177	2017-09-01	ne_star-lbi	north	2017
2017-02-01	B/New_Jersey/20/2016_EPI_ISL_239344__dup2	0.001925	1.7245969999999964	3.4938889999999967	0.026847646964193117	0.001570520750310193	1.4059955457298854	2017-09-01	ne_star-lbi	north	2017
2017-02-01	B/New_Jersey/21/2016_EPI_ISL_238869__dup2	0.005734	2.714745999999995	4.518123999999996	-2.1466309739022846	0.001316572966912281	2.4093942276063562	2017-09-01	ne_star-lbi	north	2017
2017-02-01	B/New_York/51/2016_EPI_ISL_233128	4e-05	2.7352699999999945	4.518171999999996	-10.570783978643854	6.743500439961839e-08	2.413087358695858	2017-09-01	ne_star-lbi	north	2017
2017-02-01	B/New_Zealand/0650/2016_EPI_ISL_235454	0.0007740000000000001	0.738875999999998	2.518189999999997	2.227841384479585	0.0022800808272312894	0.4153385527643177	2017-09-01	ne_star-lbi	north	2017
2017-02-01	B/New_Zealand/0651/2016_EPI_ISL_235455	0.0007740000000000001	0.738875999999998	2.518189999999997	2.227841384479585	0.0022800808272312894	0.4153385527643177	2017-09-01	ne_star-lbi	north	2017
2017-02-01	B/New_Zealand/0792/2016_EPI_ISL_240344	0.002412	1.7340429999999964	3.5181809999999962	-0.5838738995594489	0.0013780691160413996	1.412582414532235	2017-09-01	ne_star-lbi	north	2017
2017-02-01	B/New_Zealand/0837/2016_EPI_ISL_235456	0.000883	1.7371009999999967	3.514612999999996	-2.1750989303986437	0.0001994049433868812	1.414939742877544	2017-09-01	ne_star-lbi	north	2017
2017-02-01	B/New_Zealand/1230/2016_EPI_ISL_240403	0.012148	2.6429159999999947	4.502358999999997	-2.1306763527863675	0.002815360072197027	2.3931834270000034	2017-09-01	ne_star-lbi	north	2017
2017-02-01	B/New_Zealand/2347/2016_EPI_ISL_241724	0.004064	0.738875999999998	2.518189999999997	1.6313840487922397	0.008453905827905095	0.4153385527643177	2017-09-01	ne_star-lbi	north	2017
2017-02-01	B/New_Zealand/2347/2016_EPI_ISL_241724__dup2	0.004064	1.6524129999999972	3.485821999999995	1.4056250286437688	0.0074107807710888695	1.3155229216587452	2017-09-01	ne_star-lbi	north	2017
2017-02-01	B/New_Zealand/2386/2016_EPI_ISL_240364	0.005734	1.7269389999999964	3.5181809999999962	-0.5902836976188296	0.003263830050356772	1.4086602406787434	2017-09-01	ne_star-lbi	north	2017
2017-02-01	B/Newcastle/11/2016_EPI_ISL_239868	0.012687	1.6589739999999964	3.2092749999999954	-0.4603744701231455	0.007790041835227028	1.3781190125138123	2017-09-01	ne_star-lbi	north	2017
2017-02-01	B/North_Carolina/25/2016_EPI_ISL_233664	0.000132	1.7366929999999965	3.5181809999999962	-0.2698740695975853	9.05765671902724e-05	1.4139894890657032	2017-09-01	ne_star-lbi	north	2017
2017-02-01	B/North_Carolina/25/2016_EPI_ISL_233664__dup2	0.000132	1.7366929999999965	3.5181809999999962	-0.2698740695975853	9.05765671902724e-05	1.4139894890657032	2017-09-01	ne_star-lbi	north	2017
2017-02-01	B/North_Carolina/26/2016_EPI_ISL_236901	0.001852	0.738875999999998	2.518189999999997	1.8499667203799492	0.00437643097838036	0.4153385527643177	2017-09-01	ne_star-lbi	north	2017
2017-02-01	B/North_Carolina/26/2016_EPI_ISL_236901__dup2	0.001852	1.7220329999999966	3.4936469999999966	-0.581872095693508	0.001059355711930276	1.394169790973356	2017-09-01	ne_star-lbi	north	2017
2017-02-01	B/Norway/4030/2016_EPI_ISL_232751	5.9999999999999995e-05	0.738875999999998	2.518189999999997	-3.973019521072959	4.747271343194238e-06	0.4153385527643177	2017-09-01	ne_star-lbi	north	2017
2017-02-01	B/Norway/4055/2016_EPI_ISL_232758	0.000125	0.738875999999998	2.518189999999997	3.383456473470705	0.0007225718327127028	0.4153385527643177	2017-09-01	ne_star-lbi	north	2017
2017-02-01	B/Nosybe/5221/2016_EPI_ISL_241710	0.002412	0.738875999999998	2.518189999999997	1.963933427661543	0.006091560380338843	0.4153385527643177	2017-09-01	ne_star-lbi	north	2017
2017-02-01	B/Nosybe/5221/2016_EPI_ISL_241710__dup2	0.002412	1.6524129999999972	3.485821999999995	1.963933427661543	0.006091560380338843	1.3155229216587452	2017-09-01	ne_star-lbi	north	2017
2017-02-01	B/OKINAWA/20/2016_EPI_ISL_242833	4.8e-05	2.7219279999999957	4.475034999999996	-9.071624822763807	1.9402660728290858e-07	2.3941694029201424	2017-09-01	ne_star-lbi	north	2017
2017-02-01	B/Ohio/12/2016_EPI_ISL_232238	4.2e-05	0.738875999999998	2.518189999999997	-5.090434594276002	1.7316411416205235e-06	0.4153385527643177	2017-09-01	ne_star-lbi	north	2017
2017-02-01	B/Oklahoma/05/2016_EPI_ISL_241727	0.007215000000000001	1.6645489999999972	3.5173109999999963	-0.4347008029407875	0.00449698369111564	1.3749034856159248	2017-09-01	ne_star-lbi	north	2017
2017-02-01	B/Oklahoma/05/2016_EPI_ISL_241727__dup2	0.007215000000000001	1.6645489999999972	3.5173109999999963	-0.4347008029407875	0.00449698369111564	1.3749034856159248	2017-09-01	ne_star-lbi	north	2017
2017-02-01	B/Oman/5452/2016_EPI_ISL_233697	7.6e-05	0.738875999999998	2.518189999999997	-6.369914101513103	1.4855280105656469e-06	0.4153385527643177	2017-09-01	ne_star-lbi	north	2017
2017-02-01	B/Paraguay/4589/2016_EPI_ISL_243827	0.004064	0.738875999999998	2.518189999999997	1.63090407965297	0.008451539217780852	0.4153385527643177	2017-09-01	ne_star-lbi	north	2017
2017-02-01	B/Paraguay/5024/2016_EPI_ISL_243818	5.9999999999999995e-05	1.6645489999999972	3.5173109999999963	-8.835229351053	2.783936753677633e-07	1.3749034856159248	2017-09-01	ne_star-lbi	north	2017
2017-02-01	B/Paraguay/5894/2016_EPI_ISL_243828	0.0054	0.738875999999998	2.518189999999997	1.457914238098435	0.0101519832766876	0.4153385527643177	2017-09-01	ne_star-lbi	north	2017
2017-02-01	B/Paraguay/7857/2016_EPI_ISL_243819	0.001141	0.738875999999998	2.518189999999997	2.4829619193437615	0.0039005582392225317	0.4153385527643177	2017-09-01	ne_star-lbi	north	2017
2017-02-01	B/Paraguay/8412/2016_EPI_ISL_243820	0.001403	0.738875999999998	2.518189999999997	2.0153387005644263	0.0036511683068256883	0.4153385527643177	2017-09-01	ne_star-lbi	north	2017
2017-02-01	B/Paraguay/9100/2016_EPI_ISL_243821	0.001582	0.738875999999998	2.518189999999997	1.9416263818674488	0.003943723848231657	0.4153385527643177	2017-09-01	ne_star-lbi	north	2017
2017-02-01	B/Pennsylvania/61/2016_EPI_ISL_243860__dup2	0.014643999999999999	0.738875999999998	2.518189999999997	0.8473801506525618	0.019281689990747444	0.4153385527643177	2017-09-01	ne_star-lbi	north	2017
2017-02-01	B/Pennsylvania/63/2016_EPI_ISL_240482__dup2	0.015801	0.738875999999998	2.518189999999997	0.21057150263574767	0.014349667382697532	0.4153385527643177	2017-09-01	ne_star-lbi	north	2017
2017-02-01	B/Pernambuco/143598-IEC/2016_EPI_ISL_243852	0.000538	0.738875999999998	2.518189999999997	2.7807439721609324	0.002188079216598043	0.4153385527643177	2017-09-01	ne_star-lbi	north	2017
2017-02-01	B/Peru/3216/2016_EPI_ISL_238845	0.00119	2.7239959999999943	4.517941999999996	-2.1774581247224587	0.0002683641528083482	2.4118941930857107	2017-09-01	ne_star-lbi	north	2017
2017-02-01	B/Peru/5016/2016_EPI_ISL_240408	0.0046240000000000005	1.6524129999999972	3.485821999999995	1.1538008270895397	0.0072799993371880515	1.3155229216587452	2017-09-01	ne_star-lbi	north	2017
2017-02-01	B/Peru/5016/2016_EPI_ISL_240408__dup2	0.0046240000000000005	0.738875999999998	2.518189999999997	1.1538008270895397	0.0072799993371880515	0.4153385527643177	2017-09-01	ne_star-lbi	north	2017
2017-02-01	B/Peru/6216/2016_EPI_ISL_240410	0.0036799999999999997	0.738875999999998	2.518189999999997	0.7514489268915165	0.004581736692978862	0.4153385527643177	2017-09-01	ne_star-lbi	north	2017
2017-02-01	B/Peru/6216/2016_EPI_ISL_240410__dup2	0.0036799999999999997	0.738875999999998	2.518189999999997	0.7514489268915165	0.004581736692978862	0.4153385527643177	2017-09-01	ne_star-lbi	north	2017
2017-02-01	B/Peru/63716/2016_EPI_ISL_238843	0.000618	0.738875999999998	2.518189999999997	1.3170113204267022	0.0010701618935177602	0.4153385527643177	2017-09-01	ne_star-lbi	north	2017
2017-02-01	B/Peru/6716/2016_EPI_ISL_233158	7.6e-05	0.738875999999998	2.518189999999997	-4.7158778435243205	3.898628230740393e-06	0.4153385527643177	2017-09-01	ne_star-lbi	north	2017
2017-02-01	B/Peru/9216/2016_EPI_ISL_233685	5.6999999999999996e-05	1.7387529999999967	3.5181809999999962	-9.297155321545594	2.0200371734012737e-07	1.4153381487568832	2017-09-01	ne_star-lbi	north	2017
2017-02-01	B/Prachuapkhirikhan/346/16_EPI_ISL_233784	0.000132	3.727791999999993	5.4938259999999985	-0.46357800995144094	8.08990089843817e-05	3.4103924673180805	2017-09-01	ne_star-lbi	north	2017
2017-02-01	B/Puerto_Rico/04/2016_EPI_ISL_230578	1.6e-05	1.7388349999999966	3.5181809999999962	-9.283496410150464	5.715639329282412e-08	1.415338438451531	2017-09-01	ne_star-lbi	north	2017
2017-02-01	B/Quebec/RV3119/2016_EPI_ISL_240406	0.007215000000000001	0.738875999999998	2.518189999999997	0.4179380611453214	0.007394818497290593	0.4153385527643177	2017-09-01	ne_star-lbi	north	2017
2017-02-01	B/Romania/3581-3570/2016_EPI_ISL_237563	0.010102	0.738875999999998	2.518189999999997	1.0500651777975234	0.014970649761804665	0.4153385527643177	2017-09-01	ne_star-lbi	north	2017
2017-02-01	B/Roraima/143102-IEC/2016_EPI_ISL_243851	0.000425	0.738875999999998	2.518189999999997	3.0452095636155905	0.002016828630327249	0.4153385527643177	2017-09-01	ne_star-lbi	north	2017
2017-02-01	B/Santiago/45998/2016_EPI_ISL_233119	8.499999999999999e-05	0.738875999999998	2.518189999999997	-6.26253064869941	1.7688480852078629e-06	0.4153385527643177	2017-09-01	ne_star-lbi	north	2017
2017-02-01	B/Santiago/47090/2016_EPI_ISL_233120	9e-05	1.649246999999997	3.517982999999996	-0.14366479393695208	6.647496193611422e-05	1.3608716536361671	2017-09-01	ne_star-lbi	north	2017
2017-02-01	B/Sao_Paulo/363461/2016_EPI_ISL_238057	0.005734	1.7272519999999962	3.493042999999996	-0.5902836976188296	0.003263830050356772	1.4087257670044455	2017-09-01	ne_star-lbi	north	2017
2017-02-01	B/Sao_Paulo/44554/2016_EPI_ISL_231637	0.000302	0.738875999999998	2.518189999999997	2.791238681831161	0.001235794965946229	0.4153385527643177	2017-09-01	ne_star-lbi	north	2017
2017-02-01	B/Shanghai-Hongkou/1710/2016_EPI_ISL_242544	0.001782	2.7134129999999956	4.478873999999996	-1.6014092816036127	0.0005623679500688215	2.3945673164297623	2017-09-01	ne_star-lbi	north	2017
2017-02-01	B/Sichuan-Gaoxin/1442/2016_EPI_ISL_225379	1.2e-05	0.738875999999998	2.518189999999997	-4.311323063449437	7.79414995418898e-07	0.4153385527643177	2017-09-01	ne_star-lbi	north	2017
2017-02-01	B/Sichuan-Jiangyang/11343/2016_EPI_ISL_242543	0.0028899999999999998	1.7075449999999968	3.516282999999996	-0.42483766081480867	0.0018116801794580157	1.3964141086890336	2017-09-01	ne_star-lbi	north	2017
2017-02-01	B/Sichuan-Qingyang/1952/2016_EPI_ISL_242535	0.00049	1.7378869999999964	3.5161929999999963	-2.1702969053535854	0.00011096546428197938	1.4151166218357536	2017-09-01	ne_star-lbi	north	2017
2017-02-01	B/Singapore/EN0592/2016_EPI_ISL_239048	8.499999999999999e-05	1.7386969999999964	3.5181809999999962	-9.301156758791034	3.0053130256961596e-07	1.4153379517017124	2017-09-01	ne_star-lbi	north	2017
2017-02-01	B/Singapore/GP1486/2016_EPI_ISL_239050	0.000125	0.738875999999998	2.518189999999997	3.383456473470705	0.0007225718327127028	0.4153385527643177	2017-09-01	ne_star-lbi	north	2017
2017-02-01	B/Singapore/GP2018/2016_EPI_ISL_239055	0.000446	2.658072999999995	4.209265999999996	-0.38341477498434284	0.0002864260794873127	2.377546160354839	2017-09-01	ne_star-lbi	north	2017
2017-02-01	B/Singapore/GP2269/2016_EPI_ISL_239056	0.0012929999999999999	0.738875999999998	2.518189999999997	2.3180998440889553	0.004014890868832288	0.4153385527643177	2017-09-01	ne_star-lbi	north	2017
2017-02-01	B/Singapore/GP2432/2016_EPI_ISL_239062	0.0033229999999999996	0.738875999999998	2.518189999999997	1.6442413426824285	0.0069645216790035856	0.4153385527643177	2017-09-01	ne_star-lbi	north	2017
2017-02-01	B/Singapore/INFKK-16-0575/2016_EPI_ISL_226474__dup2	1.2e-05	1.6547949999999971	3.4882279999999954	-8.259717225116079	7.789125636372719e-08	1.3426095566502834	2017-09-01	ne_star-lbi	north	2017
2017-02-01	B/Singapore/INFTT-16-0633/2016_EPI_ISL_226477	2e-05	0.738875999999998	2.518189999999997	-3.770392307731605	1.7809677886391666e-06	0.4153385527643177	2017-09-01	ne_star-lbi	north	2017
2017-02-01	B/Singapore/KK0813/2016_EPI_ISL_239052	0.000181	0.738875999999998	2.518189999999997	1.9592724277929008	0.0004558783988678389	0.4153385527643177	2017-09-01	ne_star-lbi	north	2017
2017-02-01	B/Singapore/KK0959/2016_EPI_ISL_239057	0.0007740000000000001	1.7373189999999965	3.510174999999996	-0.5750389332605458	0.0004445011549122764	1.4144495504544932	2017-09-01	ne_star-lbi	north	2017
2017-02-01	B/Singapore/KK1009/2016_EPI_ISL_239061	0.001782	1.7352309999999966	3.5181629999999964	-2.1805773960924206	0.00040113911377961	1.414536028770272	2017-09-01	ne_star-lbi	north	2017
2017-02-01	B/Singapore/KK1061/2016_EPI_ISL_240971	0.008698000000000001	0.738875999999998	2.518189999999997	0.4358330610617765	0.009008325666599386	0.4153385527643177	2017-09-01	ne_star-lbi	north	2017
2017-02-01	B/Singapore/TT1252/2016_EPI_ISL_239053	0.001925	3.6362579999999936	5.184841999999999	-3.7237538161477803	0.00017614573249602152	3.363515356722606	2017-09-01	ne_star-lbi	north	2017
2017-02-01	B/Singapore/TT1304/2016_EPI_ISL_239054	0.004064	0.738875999999998	2.518189999999997	1.6313840487922397	0.008453905827905095	0.4153385527643177	2017-09-01	ne_star-lbi	north	2017
2017-02-01	B/South-Africa/R4546/2016_EPI_ISL_232917	9e-05	0.738875999999998	2.518189999999997	4.073765527964283	0.0007782073865146425	0.4153385527643177	2017-09-01	ne_star-lbi	north	2017
2017-02-01	B/South-Africa/R4658/2016_EPI_ISL_232919	9e-05	1.7386869999999963	3.5181809999999962	-0.5562102377313267	5.225700012964485e-05	1.4152340387640583	2017-09-01	ne_star-lbi	north	2017
2017-02-01	B/South_Africa/4547/2016_EPI_ISL_233676	9e-05	0.738875999999998	2.518189999999997	4.073765527964283	0.0007782073865146425	0.4153385527643177	2017-09-01	ne_star-lbi	north	2017
2017-02-01	B/South_Africa/4717/2016_EPI_ISL_233679	0.000106	1.7386549999999963	3.5181809999999962	-0.5577768901853624	6.149091244842982e-05	1.4152155709394207	2017-09-01	ne_star-lbi	north	2017
2017-02-01	B/South_Africa/R3225/2016_EPI_ISL_231728	1.2e-05	1.7385789999999963	3.5181809999999962	-8.597034094153322	6.397840030566674e-08	1.4151854582716081	2017-09-01	ne_star-lbi	north	2017
2017-02-01	B/South_Africa/R3315/2016_EPI_ISL_233780	1.2e-05	4.738215999999994	6.515621999999994	-10.879586478905637	1.689565756450008e-08	4.415014821563122	2017-09-01	ne_star-lbi	north	2017
2017-02-01	B/South_Africa/R3352/2016_EPI_ISL_231731	1.4000000000000001e-05	1.7388389999999967	3.5134189999999963	-9.282053803286594	5.005394784491995e-08	1.415338452656422	2017-09-01	ne_star-lbi	north	2017
2017-02-01	B/South_Auckland/18/2016_EPI_ISL_239870	0.004772	0.738875999999998	2.518189999999997	1.4945302212836782	0.009165028191737626	0.4153385527643177	2017-09-01	ne_star-lbi	north	2017
2017-02-01	B/South_Australia/17/2016_EPI_ISL_227624	1.7e-05	2.6813179999999948	4.514621999999996	-8.807232323465339	8.017699206041709e-08	2.3828535929282904	2017-09-01	ne_star-lbi	north	2017
2017-02-01	B/South_Australia/37/2016_EPI_ISL_239872	0.004772	0.738875999999998	2.518189999999997	1.4822737640351085	0.009099735591730057	0.4153385527643177	2017-09-01	ne_star-lbi	north	2017
2017-02-01	B/Sydney/34/2016_EPI_ISL_239874	0.004772	0.738875999999998	2.518189999999997	1.4822737640351085	0.009099735591730057	0.4153385527643177	2017-09-01	ne_star-lbi	north	2017
2017-02-01	B/TOCHIGI/16286/2016_EPI_ISL_242824	0.0052380000000000005	0.738875999999998	2.518189999999997	1.3737913249338827	0.009375858830877905	0.4153385527643177	2017-09-01	ne_star-lbi	north	2017
2017-02-01	B/Taiwan/695/2016_EPI_ISL_242825	0.012417000000000001	0.738875999999998	2.518189999999997	0.19207396802797186	0.011155468284352987	0.4153385527643177	2017-09-01	ne_star-lbi	north	2017
2017-02-01	B/Talca/43761/2016_EPI_ISL_233115	4e-05	0.738875999999998	2.518189999999997	-5.6154514140949425	1.2141201036164137e-06	0.4153385527643177	2017-09-01	ne_star-lbi	north	2017
2017-02-01	B/Tanzania/2998/2016_EPI_ISL_235483	0.000618	0.738875999999998	2.518189999999997	1.3775519046955482	0.0011086302898066407	0.4153385527643177	2017-09-01	ne_star-lbi	north	2017
2017-02-01	B/Toamasina/5288/2016_EPI_ISL_238811	0.00321	0.738875999999998	2.518189999999997	1.538919099682766	0.006326795719965702	0.4153385527643177	2017-09-01	ne_star-lbi	north	2017
2017-02-01	B/Toamasina/5288/2016_EPI_ISL_238811__dup2	0.00321	0.738875999999998	2.518189999999997	1.7399166026524393	0.007113841875229429	0.4153385527643177	2017-09-01	ne_star-lbi	north	2017
2017-02-01	B/Uganda/0262/2016_EPI_ISL_235495	1.6e-05	1.7322129999999965	3.5181809999999962	-8.558105055376506	8.726384317915227e-08	1.4117734187442397	2017-09-01	ne_star-lbi	north	2017
2017-02-01	B/Uganda/1005/2016_EPI_ISL_235494	9.499999999999999e-05	0.738875999999998	2.518189999999997	3.9725886473623833	0.0007743627449692547	0.4153385527643177	2017-09-01	ne_star-lbi	north	2017
2017-02-01	B/Uganda/2183/2016_EPI_ISL_235500	4e-05	0.738875999999998	2.518189999999997	-5.638171546847535	1.1981350334911581e-06	0.4153385527643177	2017-09-01	ne_star-lbi	north	2017
2017-02-01	B/Uganda/2204/2016_EPI_ISL_235503	1.6e-05	1.7322129999999965	3.5181809999999962	-8.542268299929729	8.807373108557327e-08	1.4117734187442397	2017-09-01	ne_star-lbi	north	2017
2017-02-01	B/Uganda/2357/2016_EPI_ISL_235497	0.000273	2.7214479999999943	4.106091999999996	-2.0793765588265583	6.519105675522142e-05	2.4062646732050483	2017-09-01	ne_star-lbi	north	2017
2017-02-01	B/Uganda/4891/2016_EPI_ISL_235490	1.6e-05	1.7322129999999965	3.5181809999999962	-8.558105055376506	8.726384317915227e-08	1.4117734187442397	2017-09-01	ne_star-lbi	north	2017
2017-02-01	B/Uganda/4963/2016_EPI_ISL_235493	0.000139	1.7322129999999965	3.5181809999999962	-0.4633925084977981	8.519832668806772e-05	1.4117734187442397	2017-09-01	ne_star-lbi	north	2017
2017-02-01	B/Utah/62/2016_EPI_ISL_241655	0.02358	2.613005999999995	4.513077999999997	-2.155946767333172	0.0053848175999309	2.384053130490989	2017-09-01	ne_star-lbi	north	2017
2017-02-01	B/Venezuela/03/2016_EPI_ISL_236905	9.499999999999999e-05	1.6672209999999967	3.513108999999996	-0.3551267951048972	6.20251378322428e-05	1.3988141471443971	2017-09-01	ne_star-lbi	north	2017
2017-02-01	B/Venezuela/04/2016_EPI_ISL_236906	0.000132	0.738875999999998	2.518189999999997	3.8935545005567658	0.0010274776612263974	0.4153385527643177	2017-09-01	ne_star-lbi	north	2017
2017-02-01	B/Victoria/506/2016_EPI_ISL_237862	0.0007740000000000001	0.738875999999998	2.518189999999997	2.227841384479585	0.0022800808272312894	0.4153385527643177	2017-09-01	ne_star-lbi	north	2017
2017-02-01	B/Vologda/CRIE-321/2016_EPI_ISL_232504	1.9e-05	1.7362249999999964	3.513160999999996	-8.893491355484512	8.521218653938455e-08	1.4138364301067734	2017-09-01	ne_star-lbi	north	2017
2017-02-01	B/Vologda/CRIE-323/2016_EPI_ISL_232505	1.9e-05	0.738875999999998	2.518189999999997	-5.6781650495877125	5.559906457285148e-07	0.4153385527643177	2017-09-01	ne_star-lbi	north	2017
2017-02-01	B/Vologda/CRIE-324/2016_EPI_ISL_232506	1.9e-05	0.738875999999998	2.518189999999997	-5.6781650495877125	5.559906457285148e-07	0.4153385527643177	2017-09-01	ne_star-lbi	north	2017
2017-02-01	B/Vologda/CRIE-325/2016_EPI_ISL_232507	1.9e-05	0.738875999999998	2.518189999999997	-5.6781650495877125	5.559906457285148e-07	0.4153385527643177	2017-09-01	ne_star-lbi	north	2017
2017-02-01	B/Vologda/CRIE-327/2016_EPI_ISL_232508	1.9e-05	1.7185489999999968	3.312140999999996	-9.361801658125508	6.484264237236202e-08	1.404604241666534	2017-09-01	ne_star-lbi	north	2017
2017-02-01	B/Vologda/CRIE-328/2016_EPI_ISL_232509	1.9e-05	2.733013999999995	4.513151999999996	-10.604984681486593	3.139891541116913e-08	2.4120252691962953	2017-09-01	ne_star-lbi	north	2017
2017-02-01	B/Vologda/CRIE-330/2016_EPI_ISL_232510	1.9e-05	0.738875999999998	2.518189999999997	-5.6781650495877125	5.559906457285148e-07	0.4153385527643177	2017-09-01	ne_star-lbi	north	2017
2017-02-01	B/Washington/92/2016_EPI_ISL_238883__dup2	0.006083	0.738875999999998	2.518189999999997	1.382354975730017	0.010942911428469225	0.4153385527643177	2017-09-01	ne_star-lbi	north	2017
2017-02-01	B/Wisconsin/45/2016_EPI_ISL_233733	1.4000000000000001e-05	0.738875999999998	2.518189999999997	-3.465503028462912	1.4893414667990853e-06	0.4153385527643177	2017-09-01	ne_star-lbi	north	2017
2017-02-01	B/YAMAGATA/203/2016_EPI_ISL_236848	0.0007740000000000001	0.738875999999998	2.518189999999997	2.227841384479585	0.0022800808272312894	0.4153385527643177	2017-09-01	ne_star-lbi	north	2017
2017-02-01	B/YOKOHAMA/115/2016_EPI_ISL_242828	0.021376	0.738875999999998	2.518189999999997	0.09006674104748653	0.018094859401315028	0.4153385527643177	2017-09-01	ne_star-lbi	north	2017
2017-02-01	B/YOKOHAMA/117/2016_EPI_ISL_242829	0.023842	0.738875999999998	2.518189999999997	0.3948865864383251	0.024109824122590082	0.4153385527643177	2017-09-01	ne_star-lbi	north	2017
2017-02-01	B/YOKOHAMA/118/2016_EPI_ISL_242830	0.023046	0.738875999999998	2.518189999999997	0.42291767897502797	0.023689084094724144	0.4153385527643177	2017-09-01	ne_star-lbi	north	2017
2017-02-01	B/Yunnan-Chuxiong/1852/2016_EPI_ISL_242545	0.001714	7.605552999999992	9.146851999999997	-0.5176937798045332	0.0010178188336550668	7.33547083867079	2017-09-01	ne_star-lbi	north	2017
2017-02-01	B/Yunnan-Chuxiong/1995/2016_EPI_ISL_242456	0.0068239999999999	7.605552999999992	9.146851999999997	-0.5480555867108596	0.003981134684473363	7.33547083867079	2017-09-01	ne_star-lbi	north	2017
2017-02-01	B/Yunnan-Lushui/1687/2016_EPI_ISL_230737	1.4999999999999999e-05	1.7012079999999967	3.518169999999996	-8.455509071582352	8.685545895155362e-08	1.401971025829449	2017-09-01	ne_star-lbi	north	2017
2017-02-01	B/Yunnan-Maoshi/1809/2016_EPI_ISL_242542	0.005734	0.738875999999998	2.518189999999997	1.3200832698893101	0.009947110419445038	0.4153385527643177	2017-09-01	ne_star-lbi	north	2017
2017-02-01	B/Yunnan-Maoshi/1821/2016_EPI_ISL_242418	0.007018000000000001	1.7012079999999967	3.518169999999996	-0.591764944930803	0.003991241025931464	1.401971025829449	2017-09-01	ne_star-lbi	north	2017
2017-02-01	B/Yunnan-Maoshi/1909/2016_EPI_ISL_242463	0.015219	0.738875999999998	2.518189999999997	0.7198190003915143	0.018601816206664356	0.4153385527643177	2017-09-01	ne_star-lbi	north	2017
2017-02-01	B/Yunnan-Maoshi/1916/2016_EPI_ISL_242464	0.016093	0.738875999999998	2.518189999999997	0.16509358582064018	0.014232230468121655	0.4153385527643177	2017-09-01	ne_star-lbi	north	2017
2017-02-01	B/Yunnan-Maoshi/1929/2016_EPI_ISL_242465	0.017863	1.7031409999999967	3.516555999999996	0.17162466061848713	0.01585787269726567	1.3836228073697865	2017-09-01	ne_star-lbi	north	2017
2017-02-01	B/Yunnan-Wenshan/1936/2016_EPI_ISL_242461	0.015801	0.738875999999998	2.518189999999997	0.6956672445698335	0.01904299427153201	0.4153385527643177	2017-09-01	ne_star-lbi	north	2017
2017-02-01	B/Zhejiang-Dinghai/1466/2016_EPI_ISL_237891	2.4e-05	3.6999539999999933	5.4984509999999975	-9.36147379250618	8.192216214863312e-08	3.384927132239596	2017-09-01	ne_star-lbi	north	2017
2017-02-01	B/Zhejiang-Dinghai/1466/2016_EPI_ISL_237891__dup3	2.4e-05	1.7388189999999966	3.5181809999999962	-10.887344990079729	3.363872800603794e-08	1.4153384854868618	2017-09-01	ne_star-lbi	north	2017
2017-02-01	B/Zhejiang-Dinghai/1466/2016_EPI_ISL_237891__dup4	2.4e-05	3.6999539999999933	5.4984509999999975	-9.36147379250618	8.192216214863312e-08	3.384927132239596	2017-09-01	ne_star-lbi	north	2017
2017-02-01	B/Zhejiang-Dinghai/1466/2016_EPI_ISL_237891__dup5	2.4e-05	3.6999539999999933	5.4984509999999975	-9.36147379250618	8.192216214863312e-08	3.384927132239596	2017-09-01	ne_star-lbi	north	2017
2018-02-01	B/Alaska/12/2017_EPI_ISL_273760	8.4e-05	4.641298999999996	6.746719999999996	1.6601100801601374	0.00015968332329520813	4.893324658298916	2018-09-01	ne_star-lbi	north	2018
2018-02-01	B/Alaska/13/2017_EPI_ISL_276641	9.9e-05	4.641298999999996	6.746719999999996	1.5487966104793667	0.00017636625349324098	4.893324658298916	2018-09-01	ne_star-lbi	north	2018
2018-02-01	B/Alaska/14/2017_EPI_ISL_276642	9.9e-05	4.641298999999996	6.746719999999996	0.7820054905753915	0.00011276071403846042	4.893324658298916	2018-09-01	ne_star-lbi	north	2018
2018-02-01	B/Alaska/15/2017_EPI_ISL_276640	0.00011	4.641298999999996	6.746719999999996	0.7393269833996856	0.0001222090030093876	4.893324658298916	2018-09-01	ne_star-lbi	north	2018
2018-02-01	B/Alberta/RV2330/2017_EPI_ISL_285824	0.002635	5.2088899999999985	2.7972329999999985	0.12817198282072445	0.0020495667942370542	4.278006559581271	2018-09-01	ne_star-lbi	north	2018
2018-02-01	B/Analavory/2825/2017_EPI_ISL_274404	2.8000000000000013e-05	4.379768000000003	6.023735999999995	-0.12599688023942512	1.8777974408642895e-05	4.672480387189337	2018-09-01	ne_star-lbi	north	2018
2018-02-01	B/Analavory/2827/2017_EPI_ISL_276654	2.8000000000000013e-05	4.379768000000003	6.023735999999995	-0.12599688023942512	1.8777974408642895e-05	4.672480387189337	2018-09-01	ne_star-lbi	north	2018
2018-02-01	B/Anhui-Guichi/1658/2017_EPI_ISL_288719	0.001413	3.379888999999997	5.024020999999997	2.118014699636871	0.003508546879988646	3.672555499086973	2018-09-01	ne_star-lbi	north	2018
2018-02-01	B/Argentina/13339/2017_EPI_ISL_281642	0.000217	5.771252999999998	3.1002999999999994	4.809898510430398	0.002590612889540039	4.509962008200475	2018-09-01	ne_star-lbi	north	2018
2018-02-01	B/Argentina/2110/2017_EPI_ISL_277638	7.099999999999999e-05	5.771252999999998	3.1002999999999994	7.1446094839025145	0.0033088203714831603	4.509962008200475	2018-09-01	ne_star-lbi	north	2018
2018-02-01	B/Arizona/31/2017_EPI_ISL_270010	1.3000000000000001e-05	5.641264000000001	7.746706999999993	2.9747562980243027	5.32076479037663e-05	5.893218243003112	2018-09-01	ne_star-lbi	north	2018
2018-02-01	B/Arizona/34/2017_EPI_ISL_272617	2.9999999999999997e-05	4.641298999999996	6.746719999999996	4.761458307342114	0.000348170745200499	4.893324658298916	2018-09-01	ne_star-lbi	north	2018
2018-02-01	B/Arizona/35/2017_EPI_ISL_274413	7.099999999999999e-05	7.208587999999999	4.785443	-2.2638545906440406	1.3681934478739454e-05	6.277951831843356	2018-09-01	ne_star-lbi	north	2018
2018-02-01	B/Arizona/44/2017_EPI_ISL_276384	1e-05	4.641298999999996	6.746719999999996	3.2534943307104665	4.815548587957938e-05	4.893324658298916	2018-09-01	ne_star-lbi	north	2018
2018-02-01	B/Arizona/45/2017_EPI_ISL_276385	1.2e-05	4.641298999999996	6.746719999999996	2.85871015931437	4.5900033871958594e-05	4.893324658298916	2018-09-01	ne_star-lbi	north	2018
2018-02-01	B/Arizona/47/2017_EPI_ISL_276648	0.00022799999999999999	4.641298999999996	6.746719999999996	1.538068417207335	0.000403642863038793	4.893324658298916	2018-09-01	ne_star-lbi	north	2018
2018-02-01	B/Arizona/88/2017_EPI_ISL_290807	0.016035	5.2088899999999985	2.7972329999999985	-0.15466196189772558	0.010575422050345677	4.278006559581271	2018-09-01	ne_star-lbi	north	2018
2018-02-01	B/Bangladesh/031266/2017_EPI_ISL_286098	0.002292	4.375296000000003	6.015071999999995	-0.9802839241706636	0.0009338595644829105	4.670687779958006	2018-09-01	ne_star-lbi	north	2018
2018-02-01	B/Bangladesh/1003/2017_EPI_ISL_287734	2.9999999999999997e-05	4.368409000000003	6.024007999999995	0.45405773764809454	2.8220330961253128e-05	4.668245967658116	2018-09-01	ne_star-lbi	north	2018
2018-02-01	B/Bangladesh/1003/2017_EPI_ISL_287734__dup2	2.9999999999999997e-05	5.263840999999999	6.919436999999995	0.45405773764809454	2.8220330961253128e-05	5.607061261018815	2018-09-01	ne_star-lbi	north	2018
2018-02-01	B/Bangladesh/1011/2017_EPI_ISL_285828	0.0005610000000000001	3.379888999999997	5.024020999999997	-0.7884446956752433	0.00025564074320435256	3.672555499086973	2018-09-01	ne_star-lbi	north	2018
2018-02-01	B/Bangladesh/1139/2017_EPI_ISL_290786	0.001413	4.354282000000003	6.024007999999995	2.118014699636871	0.003508546879988646	4.649383160991574	2018-09-01	ne_star-lbi	north	2018
2018-02-01	B/Bangladesh/1139/2017_EPI_ISL_290786__dup2	0.001413	3.379888999999997	5.024020999999997	2.115538329541715	0.0035034822702419343	3.672555499086973	2018-09-01	ne_star-lbi	north	2018
2018-02-01	B/Bangladesh/1156/2017_EPI_ISL_290833	0.002546	4.692190999999995	5.647758999999999	-0.29997745464417197	0.0015426703843314199	4.769363454504302	2018-09-01	ne_star-lbi	north	2018
2018-02-01	B/Bangladesh/1156/2017_EPI_ISL_290833__dup2	0.002546	4.692190999999995	5.647758999999999	-0.29997745464417197	0.0015426703843314199	4.769363454504302	2018-09-01	ne_star-lbi	north	2018
2018-02-01	B/Bangladesh/1269/2017_EPI_ISL_289592	0.002635	4.697104999999994	5.647758999999999	-0.9806768881646419	0.0010733664697611756	4.773387403102105	2018-09-01	ne_star-lbi	north	2018
2018-02-01	B/Bangladesh/2005/2017_EPI_ISL_283267	0.000407	3.379888999999997	5.024020999999997	-0.8878216066082592	0.0001750191728765882	3.672555499086973	2018-09-01	ne_star-lbi	north	2018
2018-02-01	B/Bangladesh/2014/2017_EPI_ISL_285817	0.00042699999999999997	5.378162999999999	7.023950999999996	-1.86028214202485	0.00010412558402381749	5.672138996750874	2018-09-01	ne_star-lbi	north	2018
2018-02-01	B/Bangladesh/3015/2017_EPI_ISL_283271	0.000407	3.379888999999997	5.024020999999997	-0.8878216066082592	0.0001750191728765882	3.672555499086973	2018-09-01	ne_star-lbi	north	2018
2018-02-01	B/Bangladesh/3028/2017_EPI_ISL_283272	0.00049	3.379888999999997	5.024020999999997	-0.7794265602359933	0.00022446463716889017	3.672555499086973	2018-09-01	ne_star-lbi	north	2018
2018-02-01	B/Bangladesh/3029/2017_EPI_ISL_283273	0.00049	3.379888999999997	5.024020999999997	-0.8136822271661608	0.00022002379601781375	3.672555499086973	2018-09-01	ne_star-lbi	north	2018
2018-02-01	B/Bangladesh/4010/2017_EPI_ISL_283274	0.000407	3.379888999999997	5.024020999999997	-0.7645180798881657	0.00018807157048819978	3.672555499086973	2018-09-01	ne_star-lbi	north	2018
2018-02-01	B/Bangladesh/5006/2017_EPI_ISL_284140	1e-05	3.379888999999997	5.024020999999997	-2.2231589883173495	1.973326364605402e-06	3.672555499086973	2018-09-01	ne_star-lbi	north	2018
2018-02-01	B/Bangladesh/5006/2017_EPI_ISL_284140__dup2	1e-05	3.379888999999997	5.024020999999997	-2.2231589883173495	1.973326364605402e-06	3.672555499086973	2018-09-01	ne_star-lbi	north	2018
2018-02-01	B/Bangladesh/5009/2017_EPI_ISL_283275	0.000407	6.3774200000000025	8.006605999999993	-0.9804508834844201	0.0001658131882020205	6.6715606199577655	2018-09-01	ne_star-lbi	north	2018
2018-02-01	B/Bangladesh/5013/2017_EPI_ISL_283276	0.00049	3.379888999999997	5.024020999999997	-0.7794265602359933	0.00022446463716889017	3.672555499086973	2018-09-01	ne_star-lbi	north	2018
2018-02-01	B/Bangladesh/5029/2017_EPI_ISL_286095	0.000144	3.379888999999997	5.024020999999997	1.277947676124842	0.0002190414664203271	3.672555499086973	2018-09-01	ne_star-lbi	north	2018
2018-02-01	B/Bangladesh/702014/2017_EPI_ISL_286096	0.00011599999999999999	4.379648000000003	6.024007999999995	-0.3458285012519476	6.843163226025252e-05	4.672418635822451	2018-09-01	ne_star-lbi	north	2018
2018-02-01	B/Bangladesh/751/2017_EPI_ISL_289593	0.002212	4.370804000000003	6.024007999999995	-0.5940014773912199	0.001129047662467778	4.668690160948916	2018-09-01	ne_star-lbi	north	2018
2018-02-01	B/Bangladesh/8007/2017_EPI_ISL_286094	1.1e-05	3.379888999999997	5.024020999999997	-2.229974154013319	2.1620466478936377e-06	3.672555499086973	2018-09-01	ne_star-lbi	north	2018
2018-02-01	B/Bangladesh/8010/2017_EPI_ISL_283277	0.000407	3.379888999999997	5.024020999999997	-0.8878216066082592	0.0001750191728765882	3.672555499086973	2018-09-01	ne_star-lbi	north	2018
2018-02-01	B/Barbados/1540/2017_EPI_ISL_285831	0.00018600000000000002	5.771252999999998	3.1002999999999994	7.006251943472961	0.00799606842538165	4.509962008200475	2018-09-01	ne_star-lbi	north	2018
2018-02-01	B/Barbados/1906/2017_EPI_ISL_285800	7.900000000000001e-05	5.771252999999998	3.1002999999999994	6.769651993635489	0.002958358386701262	4.509962008200475	2018-09-01	ne_star-lbi	north	2018
2018-02-01	B/Barbados/2087/2017_EPI_ISL_285792	0.000468	5.448757999999996	3.476548999999998	1.409264738198288	0.0007685592606926538	4.406983371245818	2018-09-01	ne_star-lbi	north	2018
2018-02-01	B/Bolivia/0935/2017_EPI_ISL_281643	4.8e-05	6.189033000000004	7.941886999999994	-2.739885640039752	7.007021141031326e-06	6.475810164595527	2018-09-01	ne_star-lbi	north	2018
2018-02-01	B/Bolivia/1724/2017_EPI_ISL_285793	3.2e-05	4.3798160000000035	6.024007999999995	-1.0421156147459532	1.2576291399445827e-05	4.672530346504172	2018-09-01	ne_star-lbi	north	2018
2018-02-01	B/Bolivia/1728/2017_EPI_ISL_283286	3.2e-05	5.771252999999998	3.1002999999999994	7.6433417061588305	0.0019948620459270053	4.509962008200475	2018-09-01	ne_star-lbi	north	2018
2018-02-01	B/Bolivia/1855/2017_EPI_ISL_283288	0.000136	4.378536000000003	6.024007999999995	0.1842960152437872	0.00010930467578005376	4.671700490833059	2018-09-01	ne_star-lbi	north	2018
2018-02-01	B/Bolivia/1884/2017_EPI_ISL_283289	0.000196	4.378536000000003	6.024007999999995	0.09596372562926839	0.0001496159650572638	4.671700490833059	2018-09-01	ne_star-lbi	north	2018
2018-02-01	B/Bolivia/1919/2017_EPI_ISL_283290	0.000292	4.378536000000003	6.024007999999995	-0.4555775713086468	0.0001615764649778605	4.671700490833059	2018-09-01	ne_star-lbi	north	2018
2018-02-01	B/Brisbane/1012/2017_EPI_ISL_282371	0.000292	3.379888999999997	5.024020999999997	-0.846986706484075	0.00012859353037969782	3.672555499086973	2018-09-01	ne_star-lbi	north	2018
2018-02-01	B/Brisbane/14/2017_EPI_ISL_282298	2.9999999999999997e-05	4.2733240000000015	5.9720539999999955	0.8109858467119984	3.475247310172794e-05	4.603745145988033	2018-09-01	ne_star-lbi	north	2018
2018-02-01	B/Brisbane/46/2017_EPI_ISL_293748	0.0032229999999999997	3.379888999999997	5.024020999999997	0.47992694989509166	0.003077902225245071	3.672555499086973	2018-09-01	ne_star-lbi	north	2018
2018-02-01	B/Brisbane/46/2017_EPI_ISL_293748__dup2	0.0032229999999999997	4.2733240000000015	5.9720539999999955	-0.40881377023368143	0.0018327474549927729	4.603745145988033	2018-09-01	ne_star-lbi	north	2018
2018-02-01	B/California/46/2017_EPI_ISL_288614	0.006376	4.641298999999996	6.746719999999996	1.1581739747651152	0.009044173206147074	4.893324658298916	2018-09-01	ne_star-lbi	north	2018
2018-02-01	B/California/46/2017_EPI_ISL_288614__dup2	0.006376	4.641298999999996	6.746719999999996	1.2019916469540772	0.009278324811557137	4.893324658298916	2018-09-01	ne_star-lbi	north	2018
2018-02-01	B/California/52/2017_EPI_ISL_287650	0.007076000000000001	4.641298999999996	6.746719999999996	1.026318129381207	0.009294033459108966	4.893324658298916	2018-09-01	ne_star-lbi	north	2018
2018-02-01	B/California/52/2017_EPI_ISL_287650__dup2	0.007076000000000001	4.641298999999996	6.746719999999996	1.238699145850868	0.010519824840270607	4.893324658298916	2018-09-01	ne_star-lbi	north	2018
2018-02-01	B/California/59/2017_EPI_ISL_288598	0.012994	5.464918999999998	7.682217999999989	0.9869003553250464	0.016679123796427237	5.769529638286192	2018-09-01	ne_star-lbi	north	2018
2018-02-01	B/California/61/2017_EPI_ISL_292763__dup2	0.013227000000000001	4.641298999999996	6.746719999999996	0.9690876955456973	0.016802700705038094	4.893324658298916	2018-09-01	ne_star-lbi	north	2018
2018-02-01	B/California/63/2017_EPI_ISL_289594	0.004824	4.641298999999996	6.746719999999996	1.3396054532080324	0.007606614918636834	4.893324658298916	2018-09-01	ne_star-lbi	north	2018
2018-02-01	B/California/63/2017_EPI_ISL_289594__dup2	0.004824	4.641298999999996	6.746719999999996	1.3396054532080324	0.007606614918636834	4.893324658298916	2018-09-01	ne_star-lbi	north	2018
2018-02-01	B/California/64/2017_EPI_ISL_292736	0.004966	4.641298999999996	6.746719999999996	1.9224156070098142	0.011001174833466182	4.893324658298916	2018-09-01	ne_star-lbi	north	2018
2018-02-01	B/California/64/2017_EPI_ISL_292736__dup2	0.004966	4.641298999999996	6.746719999999996	1.9214416186381034	0.010994926182538944	4.893324658298916	2018-09-01	ne_star-lbi	north	2018
2018-02-01	B/California/65/2017_EPI_ISL_289596	0.005721	5.464918999999998	7.682217999999989	0.0542621860055473	0.004262154723676475	5.769529638286192	2018-09-01	ne_star-lbi	north	2018
2018-02-01	B/California/65/2017_EPI_ISL_289596__dup2	0.005721	4.641298999999996	6.746719999999996	0.3426204371862933	0.005042912619921859	4.893324658298916	2018-09-01	ne_star-lbi	north	2018
2018-02-01	B/California/66/2017_EPI_ISL_289597	0.006208	3.379888999999997	5.024020999999997	-0.2465705823946317	0.0038805784288071443	3.672555499086973	2018-09-01	ne_star-lbi	north	2018
2018-02-01	B/California/66/2017_EPI_ISL_289597__dup2	0.006208	3.379888999999997	5.024020999999997	-0.2465705823946317	0.0038805784288071443	3.672555499086973	2018-09-01	ne_star-lbi	north	2018
2018-02-01	B/California/67/2017_EPI_ISL_289598__dup2	0.009423	4.641298999999996	6.746719999999996	0.8565916557253548	0.011210045030021692	4.893324658298916	2018-09-01	ne_star-lbi	north	2018
2018-02-01	B/California/74/2017_EPI_ISL_290794	0.014165	5.612960000000001	7.746706999999993	-0.8848215703661533	0.006101938430543352	5.881120781437833	2018-09-01	ne_star-lbi	north	2018
2018-02-01	B/California/79/2017_EPI_ISL_291597	0.016951	4.641298999999996	6.746719999999996	0.46928094884350935	0.016087656939725303	4.893324658298916	2018-09-01	ne_star-lbi	north	2018
2018-02-01	B/California/83/2017_EPI_ISL_291601	0.017177	4.641298999999996	6.746719999999996	0.32937908371134983	0.015024577458286038	4.893324658298916	2018-09-01	ne_star-lbi	north	2018
2018-02-01	B/CastillaLaMancha/2439/2017_EPI_ISL_288741__dup2	0.015338	5.2088899999999985	2.7972329999999985	-0.13066852355781633	0.010258312811498657	4.278006559581271	2018-09-01	ne_star-lbi	north	2018
2018-02-01	B/Centre/1582/2017_EPI_ISL_291527	0.013694999999999999	3.379888999999997	5.024020999999997	-0.5557214001655719	0.00714804051224318	3.672555499086973	2018-09-01	ne_star-lbi	north	2018
2018-02-01	B/Chongqing-Banan/1618/2017_EPI_ISL_285911	0.000389	5.0482499999999995	7.022958999999996	0.3673405997507222	0.0003478737543510242	5.539402052805959	2018-09-01	ne_star-lbi	north	2018
2018-02-01	B/Chongqing-Jiulongpo/323/2017_EPI_ISL_292781	0.015338	5.0482499999999995	7.022958999999996	-0.37642351849797445	0.008888259979380109	5.539402052805959	2018-09-01	ne_star-lbi	north	2018
2018-02-01	B/Chongqing-Shapingba/37/2017_EPI_ISL_288709	0.005881	6.996831999999994	8.928909999999995	-0.8725819606845815	0.0025515447261099202	7.518152765524708	2018-09-01	ne_star-lbi	north	2018
2018-02-01	B/Chongqing-Yuzhong/11446/2017_EPI_ISL_285913	0.0008320000000000001	3.379888999999997	5.024020999999997	0.15984367476872563	0.0006592170634834507	3.672555499086973	2018-09-01	ne_star-lbi	north	2018
2018-02-01	B/Chongqing-Yuzhong/11452/2017_EPI_ISL_285910	0.000984	3.379888999999997	5.024020999999997	1.0356901240247016	0.0012995284519297945	3.672555499086973	2018-09-01	ne_star-lbi	north	2018
2018-02-01	B/Chongqing-Yuzhong/11544/2017_EPI_ISL_288713	0.0017109999999999	3.379888999999997	5.024020999999997	0.45616216912855134	0.001611476553260764	3.672555499086973	2018-09-01	ne_star-lbi	north	2018
2018-02-01	B/Clermont-Ferrand/1894/2017_EPI_ISL_291551	0.0017109999999999	5.771252999999998	3.1002999999999994	3.690107705222814	0.010629350628516252	4.509962008200475	2018-09-01	ne_star-lbi	north	2018
2018-02-01	B/Congo/094/2017_EPI_ISL_282236	6.3e-05	4.378968000000004	6.022281999999994	1.086695969008309	8.571424123843084e-05	4.671858044685698	2018-09-01	ne_star-lbi	north	2018
2018-02-01	B/Congo/095/2017_EPI_ISL_282235	6.3e-05	4.378968000000004	6.022281999999994	1.086695969008309	8.571424123843084e-05	4.671858044685698	2018-09-01	ne_star-lbi	north	2018
2018-02-01	B/Congo/096/2017_EPI_ISL_282234	6.3e-05	4.378968000000004	6.022281999999994	0.45591481690454394	5.932692885875529e-05	4.671858044685698	2018-09-01	ne_star-lbi	north	2018
2018-02-01	B/Congo/7097/2017_EPI_ISL_282233	6.3e-05	5.378832999999998	7.022268999999996	-1.111362952885155	2.3779359333622804e-05	5.671810485967029	2018-09-01	ne_star-lbi	north	2018
2018-02-01	B/Connecticut/52/2017_EPI_ISL_289603	0.009007	5.2088899999999985	2.7972329999999985	-0.0301736772422313	0.006387730366210515	4.278006559581271	2018-09-01	ne_star-lbi	north	2018
2018-02-01	B/Connecticut/52/2017_EPI_ISL_289603__dup2	0.009007	5.2088899999999985	2.7972329999999985	-0.0301736772422313	0.006387730366210515	4.278006559581271	2018-09-01	ne_star-lbi	north	2018
2018-02-01	B/Costa_Rica/8330/2017_EPI_ISL_282217	0.000371	3.379888999999997	5.024020999999997	-0.9166714881308338	0.00015687594077295268	3.672555499086973	2018-09-01	ne_star-lbi	north	2018
2018-02-01	B/Costa_Rica/9213/2017_EPI_ISL_282798	0.00044699999999999997	3.379888999999997	5.024020999999997	-0.799102720239856	0.00020242989318369135	3.672555499086973	2018-09-01	ne_star-lbi	north	2018
2018-02-01	B/Cote_D_Ivoire/1089/2017_EPI_ISL_287056	0.00042699999999999997	3.379888999999997	5.024020999999997	-0.12069053200667706	0.0002872518858384069	3.672555499086973	2018-09-01	ne_star-lbi	north	2018
2018-02-01	B/Cote_D_Ivoire/1106/2017_EPI_ISL_287057	0.000513	3.379888999999997	5.024020999999997	-0.8207932816202452	0.00022939789835992933	3.672555499086973	2018-09-01	ne_star-lbi	north	2018
2018-02-01	B/Cote_D_Ivoire/795/2017_EPI_ISL_287061	2.1e-05	3.379888999999997	5.024020999999997	-2.429922485525229	3.673136515552435e-06	3.672555499086973	2018-09-01	ne_star-lbi	north	2018
2018-02-01	B/Cote_D_Ivoire/798/2017_EPI_ISL_287062	2.2e-05	5.379782999999999	7.020560999999996	-4.503563300850367	1.147909130512079e-06	5.672550907450447	2018-09-01	ne_star-lbi	north	2018
2018-02-01	B/Darwin/108/2017_EPI_ISL_293828	0.005881	4.201000000000001	5.9781859999999964	1.7106311768460858	0.011514110473680447	4.417088232788985	2018-09-01	ne_star-lbi	north	2018
2018-02-01	B/Darwin/109/2017_EPI_ISL_293747	0.005881	5.094434999999998	6.9262189999999935	-1.8593336154990878	0.0014348980748827337	5.348277879690049	2018-09-01	ne_star-lbi	north	2018
2018-02-01	B/Darwin/109/2017_EPI_ISL_293747__dup2	0.005881	4.201000000000001	5.9781859999999964	1.7106311768460858	0.011514110473680447	4.417088232788985	2018-09-01	ne_star-lbi	north	2018
2018-02-01	B/England/103/2017_EPI_ISL_291088	0.012762	7.694474999999993	5.100274	0.43737520955413545	0.011888669733386687	6.438553083173633	2018-09-01	ne_star-lbi	north	2018
2018-02-01	B/England/103/2017_EPI_ISL_291088__dup2	0.012762	6.720007999999995	4.100286999999999	0.43737520955413545	0.011888669733386687	5.4623304226404095	2018-09-01	ne_star-lbi	north	2018
2018-02-01	B/England/65/2017_EPI_ISL_286845	0.001586	3.379888999999997	5.024020999999997	0.4844485868904703	0.0015185993217900194	3.672555499086973	2018-09-01	ne_star-lbi	north	2018
2018-02-01	B/England/66/2017_EPI_ISL_291552	0.0017109999999999	3.379888999999997	5.024020999999997	1.9672677944160566	0.0038908558798201533	3.672555499086973	2018-09-01	ne_star-lbi	north	2018
2018-02-01	B/England/66/2017_EPI_ISL_291552__dup2	0.0017109999999999	3.379888999999997	5.024020999999997	1.085549475082123	0.00232633360389447	3.672555499086973	2018-09-01	ne_star-lbi	north	2018
2018-02-01	B/England/71/2017_EPI_ISL_286859	0.004547	6.185303000000001	7.899531999999989	-1.849317779965081	0.0011159178485351839	6.544296807680111	2018-09-01	ne_star-lbi	north	2018
2018-02-01	B/FUKUI/12/2017_EPI_ISL_276811	1.8e-05	4.378968000000004	6.022281999999994	0.5352447960968552	1.775338439550266e-05	4.671858044685698	2018-09-01	ne_star-lbi	north	2018
2018-02-01	B/Finland/810/2017_EPI_ISL_289498	0.011386	5.771252999999998	3.1002999999999994	1.0705638834402902	0.01534605454606663	4.509962008200475	2018-09-01	ne_star-lbi	north	2018
2018-02-01	B/Finland/812/2017_EPI_ISL_289499	0.010937	7.723481999999993	5.100274	1.0973282118418706	0.014972840684153901	6.448453376069838	2018-09-01	ne_star-lbi	north	2018
2018-02-01	B/Florida/57/2017_EPI_ISL_268815	1e-05	5.771252999999998	3.1002999999999994	6.866443276877481	0.00039622752993775993	4.509962008200475	2018-09-01	ne_star-lbi	north	2018
2018-02-01	B/Florida/81/2017_EPI_ISL_270015	1.4000000000000001e-05	5.771252999999998	3.1002999999999994	7.07793805554709	0.0006275559357352366	4.509962008200475	2018-09-01	ne_star-lbi	north	2018
2018-02-01	B/Florida/83/2017_EPI_ISL_270080	1.8e-05	5.771252999999998	3.1002999999999994	7.17452037013123	0.0008536206739710407	4.509962008200475	2018-09-01	ne_star-lbi	north	2018
2018-02-01	B/Florida/87/2017_EPI_ISL_274423	0.00011	6.763310999999993	4.100286999999999	2.0492816765428556	0.000262400760699182	5.507187137567832	2018-09-01	ne_star-lbi	north	2018
2018-02-01	B/Florida/89/2017_EPI_ISL_274393	6.7e-05	6.763310999999993	4.100286999999999	2.4384252465355836	0.00020055441882365426	5.507187137567832	2018-09-01	ne_star-lbi	north	2018
2018-02-01	B/Florida/90/2017_EPI_ISL_274394	9.9e-05	5.771252999999998	3.1002999999999994	7.293025909071372	0.005030945626407575	4.509962008200475	2018-09-01	ne_star-lbi	north	2018
2018-02-01	B/Florida/94/2017_EPI_ISL_277267	0.000389	6.770128999999994	4.100286999999999	0.6186955847976494	0.00040280935293742257	5.509073928788607	2018-09-01	ne_star-lbi	north	2018
2018-02-01	B/Florida/96/2017_EPI_ISL_281648	0.000944	5.771252999999998	3.1002999999999994	3.340903201925852	0.004783676376222385	4.509962008200475	2018-09-01	ne_star-lbi	north	2018
2018-02-01	B/Florida/97/2017_EPI_ISL_290859	0.001648	5.771252999999998	3.1002999999999994	4.196245046269262	0.01375428374624202	4.509962008200475	2018-09-01	ne_star-lbi	north	2018
2018-02-01	B/Florida/97/2017_EPI_ISL_290859__dup2	0.001648	5.771252999999998	3.1002999999999994	4.203871501412261	0.013815609640367344	4.509962008200475	2018-09-01	ne_star-lbi	north	2018
2018-02-01	B/Florida/97/2017_EPI_ISL_290859__dup3	0.001648	6.715426999999995	4.038950999999998	-0.043589326358083214	0.0011596446284617892	5.477253054977207	2018-09-01	ne_star-lbi	north	2018
2018-02-01	B/Fujian-Licheng/1460/2017_EPI_ISL_278657	1.2e-05	3.379888999999997	5.024020999999997	-2.808260590613201	1.683260889175388e-06	3.672555499086973	2018-09-01	ne_star-lbi	north	2018
2018-02-01	B/Fujian-Siming/1524/2017_EPI_ISL_278529	5.9999999999999995e-05	4.2828490000000015	5.983908999999995	-0.9790195542881899	2.4464622665569528e-05	4.608001008666992	2018-09-01	ne_star-lbi	north	2018
2018-02-01	B/Fujian-Tongan/1517/2017_EPI_ISL_278531	4.2e-05	6.7673019999999955	8.853885999999996	1.3987350739448754	6.855091064976535e-05	7.3544223261539345	2018-09-01	ne_star-lbi	north	2018
2018-02-01	B/Galicia/2406/2017_EPI_ISL_288426	0.011613	6.699861999999992	4.100286999999999	0.26175148556886196	0.009764875413842022	5.457985051296508	2018-09-01	ne_star-lbi	north	2018
2018-02-01	B/Galicia/2407/2017_EPI_ISL_288427	0.011386	7.652895999999993	5.100274	-0.0295975996178669	0.008077622167709901	6.422166015745678	2018-09-01	ne_star-lbi	north	2018
2018-02-01	B/Galicia/2407/2017_EPI_ISL_288427__dup2	0.011386	7.652895999999993	5.100274	-0.0295975996178669	0.008077622167709901	6.422166015745678	2018-09-01	ne_star-lbi	north	2018
2018-02-01	B/Georgia/10/2017_EPI_ISL_282239	1.2e-05	4.379496000000003	6.023598999999995	-3.1413545555470055	1.3860085986513116e-06	4.672413052501696	2018-09-01	ne_star-lbi	north	2018
2018-02-01	B/Georgia/11/2017_EPI_ISL_282240	1.2e-05	4.379496000000003	6.023598999999995	-3.1413545555470055	1.3860085986513116e-06	4.672413052501696	2018-09-01	ne_star-lbi	north	2018
2018-02-01	B/Guangdong-Chikan/1504/2017_EPI_ISL_278669	1.3000000000000001e-05	3.379888999999997	5.024020999999997	-0.3630167524530293	7.592552739375083e-06	3.672555499086973	2018-09-01	ne_star-lbi	north	2018
2018-02-01	B/Guangxi-Babu/1676/2017_EPI_ISL_278534	0.000278	3.379888999999997	5.024020999999997	0.9952304994903127	0.00035857954467135916	3.672555499086973	2018-09-01	ne_star-lbi	north	2018
2018-02-01	B/Guangxi-Fangcheng/1841/2017_EPI_ISL_288718	0.004028	3.379888999999997	5.024020999999997	0.13832345606826252	0.0031516840736318607	3.672555499086973	2018-09-01	ne_star-lbi	north	2018
2018-02-01	B/Guangxi-Longan/1493/2017_EPI_ISL_278530	2.6000000000000002e-05	4.282093000000001	5.980054999999997	-0.9806771154923921	1.059109089678686e-05	4.607569449385844	2018-09-01	ne_star-lbi	north	2018
2018-02-01	B/Guangxi-Longan/1560/2017_EPI_ISL_278526	9.4e-05	4.328644000000003	6.024007999999995	-0.9734197688472619	3.8453313255696454e-05	4.624923913526913	2018-09-01	ne_star-lbi	north	2018
2018-02-01	B/Guangxi-Xinbin/1832/2017_EPI_ISL_288710	0.004282	4.371316000000003	6.024007999999995	-0.7013612793115203	0.0020529361899775454	4.668449626707016	2018-09-01	ne_star-lbi	north	2018
2018-02-01	B/Guangxi-Xinning/1449/2017_EPI_ISL_278672	1.2e-05	4.379856000000003	5.969543999999995	-4.518516397801786	6.206944771986972e-07	4.672554257698017	2018-09-01	ne_star-lbi	north	2018
2018-02-01	B/Guangxi-Yuzhou/1773/2017_EPI_ISL_288720	0.001306	10.009471999999997	11.887077999999995	-4.498172070760685	6.835870271778778e-05	10.358815118790723	2018-09-01	ne_star-lbi	north	2018
2018-02-01	B/Guangxi-Yuzhou/1773/2017_EPI_ISL_288720__dup2	0.001306	3.379888999999997	5.024020999999997	1.2309564906994688	0.001932868681270863	3.672555499086973	2018-09-01	ne_star-lbi	north	2018
2018-02-01	B/Guangxi-Yuzhou/1785/2017_EPI_ISL_285908	0.0017109999999999	4.2733240000000015	5.9720539999999955	-0.30336898656100336	0.0010346787910229854	4.603745145988033	2018-09-01	ne_star-lbi	north	2018
2018-02-01	B/Guizhou-Qixinguan/1729/2017_EPI_ISL_288708	0.0036659999999999996	3.379888999999997	5.024020999999997	0.17200338148306688	0.002925351762817313	3.672555499086973	2018-09-01	ne_star-lbi	north	2018
2018-02-01	B/HYOGO/1059/2017_EPI_ISL_277460	1.1e-05	4.375897000000003	6.024007999999995	-4.521308763536006	5.680439080739433e-07	4.671167211704792	2018-09-01	ne_star-lbi	north	2018
2018-02-01	B/Hawaii/35/2017_EPI_ISL_272629	1.8e-05	5.609911	7.746706999999993	-1.84415632553244	4.430853283515517e-06	5.870158962510434	2018-09-01	ne_star-lbi	north	2018
2018-02-01	B/Hawaii/51/2017_EPI_ISL_276638	6.7e-05	4.360969000000003	6.024007999999995	0.1795038508732968	5.369830721553234e-05	4.654349980679793	2018-09-01	ne_star-lbi	north	2018
2018-02-01	B/Hawaii/53/2017_EPI_ISL_277225	0.00010400000000000001	4.379672000000003	6.024007999999995	-0.9806772220813342	4.236436095306345e-05	4.672470770365065	2018-09-01	ne_star-lbi	north	2018
2018-02-01	B/Hawaii/55/2017_EPI_ISL_283379	0.00011599999999999999	4.360969000000003	6.024007999999995	0.0316440998568808	8.528746811760655e-05	4.654349980679793	2018-09-01	ne_star-lbi	north	2018
2018-02-01	B/Hawaii/55/2017_EPI_ISL_283379__dup2	0.00011599999999999999	5.263928999999998	6.983895999999995	-1.6230977435182177	3.2484448041797296e-05	5.589795490259811	2018-09-01	ne_star-lbi	north	2018
2018-02-01	B/Hawaii/65/2017_EPI_ISL_292750	0.007442	3.379888999999997	5.024020999999997	-0.05277352504168559	0.00520871587685227	3.672555499086973	2018-09-01	ne_star-lbi	north	2018
2018-02-01	B/Hawaii/65/2017_EPI_ISL_292750__dup2	0.007442	3.379888999999997	5.024020999999997	-0.05277352504168559	0.00520871587685227	3.672555499086973	2018-09-01	ne_star-lbi	north	2018
2018-02-01	B/Hawaii/67/2017_EPI_ISL_292749	0.010277	4.3368680000000035	6.024007999999995	-0.9806036360174812	0.004186511794502403	4.65352528482062	2018-09-01	ne_star-lbi	north	2018
2018-02-01	B/Hong_Kong/286/2017_EPI_ISL_290861	1.2e-05	6.506437000000001	5.989176999999999	-4.118848091738975	7.836627961568403e-07	6.366706842886506	2018-09-01	ne_star-lbi	north	2018
2018-02-01	B/Hong_Kong/286/2017_EPI_ISL_290861__dup2	1.2e-05	6.506437000000001	5.989176999999999	-4.118848091738975	7.836627961568403e-07	6.366706842886506	2018-09-01	ne_star-lbi	north	2018
2018-02-01	B/Hong_Kong/286/2017_EPI_ISL_290861__dup5	1.2e-05	8.225488999999998	7.820103999999995	-4.118848091738975	7.836627961568403e-07	8.181727116234482	2018-09-01	ne_star-lbi	north	2018
2018-02-01	B/Hong_Kong/286/2017_EPI_ISL_290861__dup6	1.2e-05	7.401868999999997	6.884605999999999	-4.118848091738975	7.836627961568403e-07	7.3055221362472125	2018-09-01	ne_star-lbi	north	2018
2018-02-01	B/Hong_Kong/296/2017_EPI_ISL_276543	1.9e-05	6.506437000000001	5.989176999999999	-4.147261502419376	1.2204033046736929e-06	6.366706842886506	2018-09-01	ne_star-lbi	north	2018
2018-02-01	B/Hong_Kong/296/2017_EPI_ISL_276543__dup2	1.9e-05	6.506437000000001	5.989176999999999	-4.147261502419376	1.2204033046736929e-06	6.366706842886506	2018-09-01	ne_star-lbi	north	2018
2018-02-01	B/Hong_Kong/348/2017_EPI_ISL_276544	0.00011599999999999999	5.0482499999999995	7.022958999999996	0.30622281597178047	0.0001001028788905117	5.539402052805959	2018-09-01	ne_star-lbi	north	2018
2018-02-01	B/Hong_Kong/714/2017_EPI_ISL_288608	0.00526	4.201000000000001	5.9781859999999964	1.7901865239891832	0.010787464634639162	4.417088232788985	2018-09-01	ne_star-lbi	north	2018
2018-02-01	B/Hong_Kong/714/2017_EPI_ISL_288608__dup2	0.00526	4.201000000000001	5.9781859999999964	0.9568316715414964	0.006634352762952541	4.417088232788985	2018-09-01	ne_star-lbi	north	2018
2018-02-01	B/Hong_Kong/718/2017_EPI_ISL_288582	0.005411	4.201000000000001	5.9781859999999964	1.3592426292778603	0.008630511137875333	4.417088232788985	2018-09-01	ne_star-lbi	north	2018
2018-02-01	B/Hong_Kong/718/2017_EPI_ISL_288582__dup2	0.005411	4.201000000000001	5.9781859999999964	1.3592426292778603	0.008630511137875333	4.417088232788985	2018-09-01	ne_star-lbi	north	2018
2018-02-01	B/Hong_Kong/726/2017_EPI_ISL_286109	0.006043	4.201000000000001	5.9781859999999964	1.08963596357667	0.008235876839197185	4.417088232788985	2018-09-01	ne_star-lbi	north	2018
2018-02-01	B/Hong_Kong/727/2017_EPI_ISL_288581	0.005881	4.285968000000001	6.023867999999995	-0.7916601673869093	0.002674876818507144	4.6460613274244835	2018-09-01	ne_star-lbi	north	2018
2018-02-01	B/Hong_Kong/727/2017_EPI_ISL_288581__dup2	0.005881	4.285968000000001	6.023867999999995	-0.7916601673869093	0.002674876818507144	4.6460613274244835	2018-09-01	ne_star-lbi	north	2018
2018-02-01	B/Hong_Kong/729/2017_EPI_ISL_288580	0.006043	5.167083999999997	6.9781729999999955	0.7612778032755239	0.006800237750770696	5.384820076525914	2018-09-01	ne_star-lbi	north	2018
2018-02-01	B/Hong_Kong/729/2017_EPI_ISL_288580__dup2	0.006043	5.167083999999997	6.9781729999999955	0.7612778032755239	0.006800237750770696	5.384820076525914	2018-09-01	ne_star-lbi	north	2018
2018-02-01	B/Hong_Kong/739/2017_EPI_ISL_289613	0.006548	3.379888999999997	5.024020999999997	-0.37920662216030315	0.003788363287456134	3.672555499086973	2018-09-01	ne_star-lbi	north	2018
2018-02-01	B/Hong_Kong/740/2017_EPI_ISL_289614	0.006548	4.201000000000001	5.9781859999999964	1.1735190667303839	0.009371664551683877	4.417088232788985	2018-09-01	ne_star-lbi	north	2018
2018-02-01	B/Hong_Kong/744/2017_EPI_ISL_286091	0.006548	4.201000000000001	5.9781859999999964	1.1735190667303839	0.009371664551683877	4.417088232788985	2018-09-01	ne_star-lbi	north	2018
2018-02-01	B/Hubei-Danjiangkou/31/2017_EPI_ISL_292773	0.009633	5.114292999999999	7.023217999999996	-0.934586135693952	0.004030932492528172	5.565636049881162	2018-09-01	ne_star-lbi	north	2018
2018-02-01	B/Hubei-Jiangan/1974/2017_EPI_ISL_292774	0.015338	7.758882999999998	6.610299999999997	-1.3919169496278478	0.004915336102910232	7.4452146326342215	2018-09-01	ne_star-lbi	north	2018
2018-02-01	B/Hubei-Maojian/11662/2017_EPI_ISL_288707	0.00526	9.709964999999993	8.596167	-1.4397958461580267	0.0016392329113862477	9.42761541833292	2018-09-01	ne_star-lbi	north	2018
2018-02-01	B/Hubei-Yingcheng/313/2017_EPI_ISL_278670	2.1e-05	4.379838000000003	6.024007999999995	-4.522400299134021	1.0837571813977712e-06	4.672553331572608	2018-09-01	ne_star-lbi	north	2018
2018-02-01	B/Hubei-Yunyang/310/2017_EPI_ISL_292775	0.013930000000000001	9.680846999999993	8.595972999999999	-1.0276087980693704	0.005521141327881101	9.414747686326656	2018-09-01	ne_star-lbi	north	2018
2018-02-01	B/Hunan-Jishou/11177/2017_EPI_ISL_278673	1.1e-05	3.379888999999997	5.024020999999997	-2.229974154013319	2.1620466478936377e-06	3.672555499086973	2018-09-01	ne_star-lbi	north	2018
2018-02-01	B/Idaho/26/2017_EPI_ISL_289615__dup2	0.009007	4.641298999999996	6.746719999999996	0.9150283941689579	0.011086707797531693	4.893324658298916	2018-09-01	ne_star-lbi	north	2018
2018-02-01	B/Indiana/24/2017_EPI_ISL_290820__dup2	0.013930000000000001	6.709481999999994	4.099214999999999	-0.5977752803822494	0.007094506980278555	5.479918391076307	2018-09-01	ne_star-lbi	north	2018
2018-02-01	B/Indiana/26/2017_EPI_ISL_292759__dup2	0.016951	6.709481999999994	4.099214999999999	-0.7439869887135327	0.007927301581801835	5.479918391076307	2018-09-01	ne_star-lbi	north	2018
2018-02-01	B/Jamaica/0584/2017_EPI_ISL_282034	6.3e-05	5.771252999999998	3.1002999999999994	7.0300017650708355	0.002746128466333773	4.509962008200475	2018-09-01	ne_star-lbi	north	2018
2018-02-01	B/Jamaica/1087/2017_EPI_ISL_272635	1.2e-05	5.771252999999998	3.1002999999999994	8.855341623816141	0.0015170165302750855	4.509962008200475	2018-09-01	ne_star-lbi	north	2018
2018-02-01	B/Jamaica/1101/2017_EPI_ISL_272636	1.3000000000000001e-05	5.771252999999998	3.1002999999999994	9.093917729983616	0.00188883020809073	4.509962008200475	2018-09-01	ne_star-lbi	north	2018
2018-02-01	B/Jamaica/1134/2017_EPI_ISL_272638	1.7e-05	7.768340999999992	5.100274	-0.7919860307381857	7.730702759716123e-06	6.508779572734468	2018-09-01	ne_star-lbi	north	2018
2018-02-01	B/Jamaica/1137/2017_EPI_ISL_272639	1.8e-05	6.771207999999993	4.040050999999999	0.04573813551223216	1.3343516559524006e-05	5.509935321167349	2018-09-01	ne_star-lbi	north	2018
2018-02-01	B/Jamaica/1181/2017_EPI_ISL_281653	2.6000000000000002e-05	5.771252999999998	3.1002999999999994	6.387141073942549	0.000778919038255558	4.509962008200475	2018-09-01	ne_star-lbi	north	2018
2018-02-01	B/Jamaica/1222/2017_EPI_ISL_281655	1.9e-05	5.771252999999998	3.1002999999999994	7.525680714908408	0.0011058811037340797	4.509962008200475	2018-09-01	ne_star-lbi	north	2018
2018-02-01	B/Jamaica/1263/2017_EPI_ISL_282035	7.5e-05	5.771252999999998	3.1002999999999994	6.846285368670684	0.002936967476894309	4.509962008200475	2018-09-01	ne_star-lbi	north	2018
2018-02-01	B/Jamaica/1273/2017_EPI_ISL_281658	9.4e-05	5.771252999999998	3.1002999999999994	8.477113715824718	0.009530534319023534	4.509962008200475	2018-09-01	ne_star-lbi	north	2018
2018-02-01	B/Jamaica/1283/2017_EPI_ISL_281659	9.9e-05	5.771252999999998	3.1002999999999994	7.291894842416686	0.005027627359216104	4.509962008200475	2018-09-01	ne_star-lbi	north	2018
2018-02-01	B/Jamaica/1289/2017_EPI_ISL_281660	0.00011599999999999999	5.771252999999998	3.1002999999999994	7.7444299391498514	0.00767061904673833	4.509962008200475	2018-09-01	ne_star-lbi	north	2018
2018-02-01	B/Jamaica/1308/2017_EPI_ISL_282036	0.000177	6.343495000000001	4.484959000000001	2.5612914778584095	0.0005691902330319899	5.35146209526495	2018-09-01	ne_star-lbi	north	2018
2018-02-01	B/Jamaica/1404/2017_EPI_ISL_292768	0.0017760000000000002	5.771252999999998	3.1002999999999994	2.741320629640219	0.006343594883976266	4.509962008200475	2018-09-01	ne_star-lbi	north	2018
2018-02-01	B/Jiangsu-Chongchuan/11602/2017_EPI_ISL_278532	0.000389	5.319370999999999	6.962658999999996	-0.9234509949367127	0.00016383795753144659	5.638746327654814	2018-09-01	ne_star-lbi	north	2018
2018-02-01	B/Jiangsu-Chongchuan/11803/2017_EPI_ISL_285909	0.0017109999999999	5.319370999999999	6.962658999999996	-1.269347029515861	0.0005889605002274107	5.638746327654814	2018-09-01	ne_star-lbi	north	2018
2018-02-01	B/Jiangsu-Gaoyou/1585/2017_EPI_ISL_278675	1.3000000000000001e-05	5.199280999999998	6.962612999999996	-4.904249553682833	5.369315804898602e-07	5.575945800063909	2018-09-01	ne_star-lbi	north	2018
2018-02-01	B/Jiangsu-Liangxi/1933/2017_EPI_ISL_278658	1.8e-05	5.149024999999998	6.9719949999999935	-1.9131870096469885	4.255976716305226e-06	5.53943902148161	2018-09-01	ne_star-lbi	north	2018
2018-02-01	B/Jiangsu-Qingpu/1932/2017_EPI_ISL_285914	1.8e-05	6.227244000000002	7.962386999999993	-4.519454251528843	9.30532499551896e-07	6.590979499695926	2018-09-01	ne_star-lbi	north	2018
2018-02-01	B/Jiangxi-Yuehu/1589/2017_EPI_ISL_278527	0.000206	5.219975	6.963917999999995	-1.6574130022041316	5.654462766049961e-05	5.600238953130997	2018-09-01	ne_star-lbi	north	2018
2018-02-01	B/KANAGAWA/ZC1701/2017_EPI_ISL_286973	0.002212	5.265859999999998	6.970585999999996	-1.8385823409704523	0.0005462759636768622	5.601762089230472	2018-09-01	ne_star-lbi	north	2018
2018-02-01	B/KANAGAWA/ZC1701/2017_EPI_ISL_286973__dup2	0.002212	4.363656000000003	6.014551999999996	-0.9589777358355736	0.0009125354758707328	4.6667481389316015	2018-09-01	ne_star-lbi	north	2018
2018-02-01	B/Kenya/106/2017_EPI_ISL_287641	0.000168	4.379496000000003	6.023598999999995	-0.9802629833783354	6.845127544032993e-05	4.672413052501696	2018-09-01	ne_star-lbi	north	2018
2018-02-01	B/Laos/2106/2017_EPI_ISL_284125	2.9999999999999997e-05	4.962260000000001	4.76576	1.4321047403632605	4.992740710211266e-05	4.857162994002337	2018-09-01	ne_star-lbi	north	2018
2018-02-01	B/Laos/2152/2017_EPI_ISL_284126	4.5e-05	5.955341999999994	5.765747000000003	0.07847049587615296	3.4001859852382704e-05	5.854392701666892	2018-09-01	ne_star-lbi	north	2018
2018-02-01	B/Laos/F1473/2017_EPI_ISL_286978	0.000337	5.378133999999999	7.023994999999996	-1.8544102637242714	8.246070598682402e-05	5.671822846910085	2018-09-01	ne_star-lbi	north	2018
2018-02-01	B/Laos/F1970/2017_EPI_ISL_286981	1.6e-05	5.942407999999993	5.765553000000002	-4.522397610855828	8.257210521190364e-07	5.849088656506238	2018-09-01	ne_star-lbi	north	2018
2018-02-01	B/Laos/F1971/2017_EPI_ISL_286982	1.6e-05	4.962260000000001	4.76576	-0.7518401407972177	7.448357853436822e-06	4.857162994002337	2018-09-01	ne_star-lbi	north	2018
2018-02-01	B/Madagascar/3832/2017_EPI_ISL_290784	0.001255	3.379888999999997	5.024020999999997	2.1990479088685277	0.003267064248694064	3.672555499086973	2018-09-01	ne_star-lbi	north	2018
2018-02-01	B/Madagascar/3832/2017_EPI_ISL_290784__dup2	0.001255	3.379888999999997	5.024020999999997	2.1990479088685277	0.003267064248694064	3.672555499086973	2018-09-01	ne_star-lbi	north	2018
2018-02-01	B/Madagascar/3833/2017_EPI_ISL_290785	0.001255	3.379888999999997	5.024020999999997	2.1990479088685277	0.003267064248694064	3.672555499086973	2018-09-01	ne_star-lbi	north	2018
2018-02-01	B/Madagascar/3833/2017_EPI_ISL_290785__dup2	0.001255	3.379888999999997	5.024020999999997	2.1990479088685277	0.003267064248694064	3.672555499086973	2018-09-01	ne_star-lbi	north	2018
2018-02-01	B/Mexico/2716/2017_EPI_ISL_291582	0.007819	4.641298999999996	6.746719999999996	0.1831836266052218	0.00628013868367975	4.893324658298916	2018-09-01	ne_star-lbi	north	2018
2018-02-01	B/NAGANO/2334/2017_EPI_ISL_277721	1.7e-05	3.379888999999997	5.024020999999997	1.3958279267614566	2.7699783029606135e-05	3.672555499086973	2018-09-01	ne_star-lbi	north	2018
2018-02-01	B/Neimenggu-Keerqin/1495/2017_EPI_ISL_288714	0.009423	5.342178999999999	7.022998999999996	-0.9806774911651963	0.0038384549096169055	5.6572016794485025	2018-09-01	ne_star-lbi	north	2018
2018-02-01	B/New_Caledonia/7/2017_EPI_ISL_289932	0.000513	5.598278000000001	7.746706999999993	-0.7258821196087359	0.00024245663937653617	5.874294444032569	2018-09-01	ne_star-lbi	north	2018
2018-02-01	B/New_Hampshire/14/2017_EPI_ISL_291592	0.014165	7.711244999999993	5.099908	-0.9775305056266035	0.005780708678832389	6.485482284438373	2018-09-01	ne_star-lbi	north	2018
2018-02-01	B/New_Zealand/1475/2017_EPI_ISL_285798	0.000321	3.379888999999997	5.024020999999997	-0.815272867745662	0.0001440043579377101	3.672555499086973	2018-09-01	ne_star-lbi	north	2018
2018-02-01	B/New_Zealand/2197/2017_EPI_ISL_286103	0.002058	4.375764000000004	6.023523999999994	-1.5116897426733753	0.0006150165504819661	4.6713254659860075	2018-09-01	ne_star-lbi	north	2018
2018-02-01	B/New_Zealand/290/2017_EPI_ISL_276470	1.8e-05	4.379358000000004	6.024007999999995	-2.8949892550357053	2.400330184472666e-06	4.672354541899627	2018-09-01	ne_star-lbi	north	2018
2018-02-01	B/New_Zealand/543/2017_EPI_ISL_276476	3.6e-05	4.379358000000004	6.024007999999995	-0.9803750216255269	1.4667171837710228e-05	4.672354541899627	2018-09-01	ne_star-lbi	north	2018
2018-02-01	B/New_Zealand/808/2017_EPI_ISL_285830	7.099999999999999e-05	3.379888999999997	5.024020999999997	0.09826132107728211	5.427030781436649e-05	3.672555499086973	2018-09-01	ne_star-lbi	north	2018
2018-02-01	B/North_Dakota/13/2017_EPI_ISL_286088	0.004282	5.771252999999998	3.1002999999999994	3.1094212931668115	0.01895802939970928	4.509962008200475	2018-09-01	ne_star-lbi	north	2018
2018-02-01	B/North_Dakota/13/2017_EPI_ISL_286088__dup2	0.004282	5.771252999999998	3.1002999999999994	2.1556368692383563	0.010868332761030337	4.509962008200475	2018-09-01	ne_star-lbi	north	2018
2018-02-01	B/Norway/2957/2017_EPI_ISL_291528	1.3000000000000001e-05	5.771252999999998	3.1002999999999994	9.093917729983616	0.00188883020809073	4.509962008200475	2018-09-01	ne_star-lbi	north	2018
2018-02-01	B/Norway/2977/2017_EPI_ISL_291529	2.9999999999999997e-05	5.771252999999998	3.1002999999999994	9.99527654100678	0.007374280689902643	4.509962008200475	2018-09-01	ne_star-lbi	north	2018
2018-02-01	B/Norway/2977/2017_EPI_ISL_291529__dup2	2.9999999999999997e-05	5.771252999999998	3.1002999999999994	9.99527654100678	0.007374280689902643	4.509962008200475	2018-09-01	ne_star-lbi	north	2018
2018-02-01	B/Norway/3574/2017_EPI_ISL_292083	0.012762	4.201000000000001	5.9781859999999964	0.5171708493070504	0.012455138638918565	4.417088232788985	2018-09-01	ne_star-lbi	north	2018
2018-02-01	B/OITA/11/2017_EPI_ISL_286977	0.000278	6.378194000000002	8.01393999999999	-2.739887834114517	4.058227883478342e-05	6.6723120054139695	2018-09-01	ne_star-lbi	north	2018
2018-02-01	B/OSAKA/11/2017_EPI_ISL_277725	3.2e-05	6.098868000000003	7.854934999999991	-0.13448909220894212	2.1354494042272674e-05	6.487533063446869	2018-09-01	ne_star-lbi	north	2018
2018-02-01	B/Oklahoma/15/2017_EPI_ISL_290777__dup2	0.010937	5.619416000000001	7.746706999999993	-1.751352114947702	0.0028419992002273005	5.887640659898465	2018-09-01	ne_star-lbi	north	2018
2018-02-01	B/Panama/322496/2017_EPI_ISL_276526	1.8e-05	3.379888999999997	5.024020999999997	-1.278025715190913	6.164672645431299e-06	3.672555499086973	2018-09-01	ne_star-lbi	north	2018
2018-02-01	B/Panama/322609/2017_EPI_ISL_276531	7.099999999999999e-05	4.641298999999996	6.746719999999996	3.321291442554477	0.00035569661560400426	4.893324658298916	2018-09-01	ne_star-lbi	north	2018
2018-02-01	B/Parana/967/2017_EPI_ISL_292744	0.008803	5.344610999999999	7.016611999999996	-1.8596356371948937	0.002147454949218575	5.663958672268954	2018-09-01	ne_star-lbi	north	2018
2018-02-01	B/Perth/11/2017_EPI_ISL_282369	0.000129	5.198120999999999	6.9781729999999955	1.3102311429457414	0.00019995496843596482	5.416551605446679	2018-09-01	ne_star-lbi	north	2018
2018-02-01	B/Perth/62/2017_EPI_ISL_293829	0.009007	3.379888999999997	5.024020999999997	-0.44860178993472016	0.005004292050457486	3.672555499086973	2018-09-01	ne_star-lbi	north	2018
2018-02-01	B/Peru/0017/2017_EPI_ISL_274426	1.3000000000000001e-05	4.641298999999996	6.746719999999996	4.990125416924705	0.00017240289141372736	4.893324658298916	2018-09-01	ne_star-lbi	north	2018
2018-02-01	B/Philippines/0838/2017_EPI_ISL_291575	0.002635	4.374610000000003	6.022584999999995	-0.9795274718147933	0.0010740863956524651	4.670407326295666	2018-09-01	ne_star-lbi	north	2018
2018-02-01	B/Philippines/0875/2017_EPI_ISL_291568	0.000984	5.339438999999999	7.021379999999996	-1.3698461226977587	0.0003194265225845825	5.6581349003027706	2018-09-01	ne_star-lbi	north	2018
2018-02-01	B/Philippines/0875/2017_EPI_ISL_291568__dup2	0.000984	4.375944000000003	6.024007999999995	-0.4902415175628801	0.000533591175841811	4.670849463690119	2018-09-01	ne_star-lbi	north	2018
2018-02-01	B/Puerto_Rico/29/2017_EPI_ISL_274422	1e-05	3.379888999999997	5.024020999999997	-2.7766862139955366	1.4287925930998488e-06	3.672555499086973	2018-09-01	ne_star-lbi	north	2018
2018-02-01	B/Puerto_Rico/39/2017_EPI_ISL_284123	0.0018440000000000002	5.344735999999999	7.014538999999996	-1.047504300151852	0.0007224343190685638	5.648542620524422	2018-09-01	ne_star-lbi	north	2018
2018-02-01	B/Puerto_Rico/39/2017_EPI_ISL_284123__dup2	0.0018440000000000002	5.344735999999999	7.014538999999996	-1.047504300151852	0.0007224343190685638	5.648542620524422	2018-09-01	ne_star-lbi	north	2018
2018-02-01	B/Qatar/47-VI-17-0044392/2017_EPI_ISL_291530	0.004547	4.368409000000003	6.024007999999995	-1.3231592729282728	0.0015168002913451102	4.668245967658116	2018-09-01	ne_star-lbi	north	2018
2018-02-01	B/Qinghai-Chengzhong/1510/2017_EPI_ISL_292778	0.0144	6.883725999999996	8.902730999999994	-2.3825386969042825	0.00258931210959462	7.497056672127354	2018-09-01	ne_star-lbi	north	2018
2018-02-01	B/Rancagua/90687/2017_EPI_ISL_289184	0.009423	5.609911	7.746706999999993	-0.7573753135365153	0.00437247636253459	5.870158962510434	2018-09-01	ne_star-lbi	north	2018
2018-02-01	B/SAITAMA/186/2017_EPI_ISL_277465	1.4999999999999999e-05	4.289190000000001	5.975877999999996	-4.375912854711185	8.431694340017848e-07	4.638218963749566	2018-09-01	ne_star-lbi	north	2018
2018-02-01	B/SAPPORO/35/2017_EPI_ISL_277726	6.3e-05	4.203509000000002	5.959518999999994	1.5716330383121264	0.00011373815771024264	4.548760479074245	2018-09-01	ne_star-lbi	north	2018
2018-02-01	B/SHIZUOKA/61/2017_EPI_ISL_286974	0.006376	3.379888999999997	5.024020999999997	-0.10967171492595329	0.0043169280657251435	3.672555499086973	2018-09-01	ne_star-lbi	north	2018
2018-02-01	B/Santiago/54067/2017_EPI_ISL_282019	8.9e-05	5.771252999999998	3.1002999999999994	8.548201521792176	0.00940564703614426	4.509962008200475	2018-09-01	ne_star-lbi	north	2018
2018-02-01	B/Santiago/54067/2017_EPI_ISL_282019__dup2	8.9e-05	5.771252999999998	3.1002999999999994	6.826054753956054	0.003444313612134622	4.509962008200475	2018-09-01	ne_star-lbi	north	2018
2018-02-01	B/Saskatchewan/RV2588/2017_EPI_ISL_289679	0.008402	6.594872999999996	4.035797999999999	0.13868825687717906	0.006575492859591763	5.38616698818774	2018-09-01	ne_star-lbi	north	2018
2018-02-01	B/Shanghai-Baoshan/1864/2017_EPI_ISL_288712__dup2	0.007629	4.878036999999997	6.884147999999995	-1.6137841314627113	0.002148051124592702	5.216455227221139	2018-09-01	ne_star-lbi	north	2018
2018-02-01	B/Shanghai-Chongming/1638/2017_EPI_ISL_278528	0.000144	5.149024999999998	6.9719949999999935	-1.6439628661769357	3.98376816670635e-05	5.53943902148161	2018-09-01	ne_star-lbi	north	2018
2018-02-01	B/Shanghai-Putuo/1473/2017_EPI_ISL_278563	1.9e-05	4.255590000000001	6.023961999999995	-2.2879073653797106	3.6103496670193863e-06	4.608249374580548	2018-09-01	ne_star-lbi	north	2018
2018-02-01	B/Shizuoka/63/2017_EPI_ISL_292711	0.006376	3.379888999999997	5.024020999999997	-0.10967171492595329	0.0043169280657251435	3.672555499086973	2018-09-01	ne_star-lbi	north	2018
2018-02-01	B/Shizuoka/63/2017_EPI_ISL_292711__dup2	0.006376	4.203509000000002	5.959518999999994	-0.18942867117042794	0.004120683972262154	4.548760479074245	2018-09-01	ne_star-lbi	north	2018
2018-02-01	B/Sichuan-Jiangyang/11400/2017_EPI_ISL_278536	0.000371	3.379888999999997	5.024020999999997	-0.7838335026503891	0.00016951545993050126	3.672555499086973	2018-09-01	ne_star-lbi	north	2018
2018-02-01	B/Sichuan-Jinjiang/8276/2017_EPI_ISL_292784	0.009633	6.883725999999996	8.902730999999994	-1.743286653867185	0.0025149571559079085	7.497056672127354	2018-09-01	ne_star-lbi	north	2018
2018-02-01	B/Sichuan-Qingyang/11469/2017_EPI_ISL_288716	0.001527	5.252527	7.023948999999996	-1.8521324396383483	0.00037413922757811033	5.607501096125391	2018-09-01	ne_star-lbi	north	2018
2018-02-01	B/Sichuan-Shunqing/1680/2017_EPI_ISL_278533	0.00022799999999999999	5.0482499999999995	7.022958999999996	0.08841673192911792	0.0001732785360714331	5.539402052805959	2018-09-01	ne_star-lbi	north	2018
2018-02-01	B/Singapore/EN0605/2017_EPI_ISL_283038	0.000292	3.379888999999997	5.024020999999997	-0.5155522398611949	0.00015602141518350292	3.672555499086973	2018-09-01	ne_star-lbi	north	2018
2018-02-01	B/Singapore/EN0729/2017_EPI_ISL_283014	0.001913	4.201000000000001	5.9781859999999964	2.8345993048230977	0.007215036351727427	4.417088232788985	2018-09-01	ne_star-lbi	north	2018
2018-02-01	B/Singapore/EN0730/2017_EPI_ISL_283015	0.002134	4.201000000000001	5.9781859999999964	1.6294761632639196	0.003984868024978919	4.417088232788985	2018-09-01	ne_star-lbi	north	2018
2018-02-01	B/Singapore/EN0958/2017_EPI_ISL_292457	0.0174	6.870232999999995	8.780466999999994	-0.2916357160719297	0.010594422154791444	7.36465410233807	2018-09-01	ne_star-lbi	north	2018
2018-02-01	B/Singapore/EN0958/2017_EPI_ISL_292457__dup2	0.0174	6.870232999999995	8.780466999999994	-0.7478576564800195	0.008118928485642076	7.36465410233807	2018-09-01	ne_star-lbi	north	2018
2018-02-01	B/Singapore/EN0958/2017_EPI_ISL_292457__dup3	0.0174	5.1511809999999985	6.9495399999999945	-0.2916357160719297	0.010594422154791444	5.549633828990099	2018-09-01	ne_star-lbi	north	2018
2018-02-01	B/Singapore/GP1799/2017_EPI_ISL_283035	0.000278	3.379888999999997	5.024020999999997	0.43362842268440344	0.00025841047419204873	3.672555499086973	2018-09-01	ne_star-lbi	north	2018
2018-02-01	B/Singapore/GP2125/2017_EPI_ISL_288121	0.00526	3.379888999999997	5.024020999999997	0.42860197939062017	0.004875034235166908	3.672555499086973	2018-09-01	ne_star-lbi	north	2018
2018-02-01	B/Singapore/GP2419/2017_EPI_ISL_292458	0.018488	5.0482499999999995	7.022958999999996	-0.4542774410003852	0.010237986588049369	5.539402052805959	2018-09-01	ne_star-lbi	north	2018
2018-02-01	B/Singapore/KK1092/2017_EPI_ISL_283036	0.000371	3.379888999999997	5.024020999999997	-0.7838335026503891	0.00016951545993050126	3.672555499086973	2018-09-01	ne_star-lbi	north	2018
2018-02-01	B/Singapore/KK1100/2017_EPI_ISL_283037	0.000513	3.379888999999997	5.024020999999997	-0.8207932816202452	0.00022939789835992933	3.672555499086973	2018-09-01	ne_star-lbi	north	2018
2018-02-01	B/Singapore/KK1212/2017_EPI_ISL_288119	0.004282	3.379888999999997	5.024020999999997	0.49126064751612475	0.004116351365850522	3.672555499086973	2018-09-01	ne_star-lbi	north	2018
2018-02-01	B/Singapore/KK1257/2017_EPI_ISL_288120	0.007629	4.275321000000001	5.919449999999996	-0.9806784593391431	0.003107668042772301	4.611370792447673	2018-09-01	ne_star-lbi	north	2018
2018-02-01	B/Singapore/NUH0012/2017_EPI_ISL_283029	1.4000000000000001e-05	3.379888999999997	5.024020999999997	-2.842697836559	1.9247482961013787e-06	3.672555499086973	2018-09-01	ne_star-lbi	north	2018
2018-02-01	B/Singapore/NUH0013/2017_EPI_ISL_283030	1.4000000000000001e-05	3.379888999999997	5.024020999999997	-2.842697836559	1.9247482961013787e-06	3.672555499086973	2018-09-01	ne_star-lbi	north	2018
2018-02-01	B/Singapore/TT1303/2017_EPI_ISL_283028	0.00010400000000000001	3.379888999999997	5.024020999999997	1.9452889127429798	0.00023348574917378057	3.672555499086973	2018-09-01	ne_star-lbi	north	2018
2018-02-01	B/Singapore/TT1498/2017_EPI_ISL_283016	0.002292	4.201000000000001	5.9781859999999964	1.5778743239334758	0.0041529950252395245	4.417088232788985	2018-09-01	ne_star-lbi	north	2018
2018-02-01	B/South_Australia/63/2017_EPI_ISL_282293	4.5e-05	3.379888999999997	5.024020999999997	1.6074011990961818	8.2954433926174e-05	3.672555499086973	2018-09-01	ne_star-lbi	north	2018
2018-02-01	B/Sri_Lanka/6/2017_EPI_ISL_289933	0.000206	4.379468000000004	6.023987999999995	-1.4205554117152546	6.492268654940282e-05	4.672425653713872	2018-09-01	ne_star-lbi	north	2018
2018-02-01	B/Suriname/2309/2017_EPI_ISL_290783	0.009633	5.771252999999998	3.1002999999999994	1.4376453111276823	0.016083588660084882	4.509962008200475	2018-09-01	ne_star-lbi	north	2018
2018-02-01	B/Suriname/2336/2017_EPI_ISL_290782	0.011613	6.342267	4.484959000000001	-0.6899880049306051	0.0056047274905494555	5.359489511278412	2018-09-01	ne_star-lbi	north	2018
2018-02-01	B/Suriname/2356/2017_EPI_ISL_290781	0.015803	5.771252999999998	3.1002999999999994	1.0452312444535559	0.02098685523019219	4.509962008200475	2018-09-01	ne_star-lbi	north	2018
2018-02-01	B/Sweden/5/2017_EPI_ISL_281226	1.3000000000000001e-05	5.609911	7.746706999999993	0.13410351494518974	1.0146762476851936e-05	5.870158962510434	2018-09-01	ne_star-lbi	north	2018
2018-02-01	B/Sydney/32/2017_EPI_ISL_282373	2.2e-05	3.379888999999997	5.024020999999997	-2.4489319394795697	3.8056130715809665e-06	3.672555499086973	2018-09-01	ne_star-lbi	north	2018
2018-02-01	B/Sydney/82/2017_EPI_ISL_293741	0.0037840000000000005	4.371947000000003	6.024007999999995	-1.857584424882774	0.0009241961148407999	4.669780628454335	2018-09-01	ne_star-lbi	north	2018
2018-02-01	B/Tennessee/40/2017_EPI_ISL_292765	0.015571000000000002	5.771252999999998	3.1002999999999994	1.0639554975686318	0.020905853587986013	4.509962008200475	2018-09-01	ne_star-lbi	north	2018
2018-02-01	B/Tianjin-Jinnan/1588/2017_EPI_ISL_292777	0.011161	6.883725999999996	8.902730999999994	-1.8158828915220169	0.0027930629287269576	7.497056672127354	2018-09-01	ne_star-lbi	north	2018
2018-02-01	B/Trinidad/1381/2017_EPI_ISL_285829	5.6999999999999996e-05	6.771129999999992	4.100286999999999	1.6172578384235439	0.00010568151042425203	5.50975064517962	2018-09-01	ne_star-lbi	north	2018
2018-02-01	B/Trinidad/1582/2017_EPI_ISL_285818	0.000151	5.771252999999998	3.1002999999999994	6.181685310369864	0.004012786687537258	4.509962008200475	2018-09-01	ne_star-lbi	north	2018
2018-02-01	B/Trinidad/1582/2017_EPI_ISL_285818__dup2	0.000151	5.771252999999998	3.1002999999999994	6.181685310369864	0.004012786687537258	4.509962008200475	2018-09-01	ne_star-lbi	north	2018
2018-02-01	B/Trinidad/1583/2017_EPI_ISL_285832	0.000177	5.771252999999998	3.1002999999999994	5.044178327482974	0.002422524286822789	4.509962008200475	2018-09-01	ne_star-lbi	north	2018
2018-02-01	B/Trinidad/2285/2017_EPI_ISL_285813	0.004028	6.763187999999992	4.100286999999999	3.187406194706663	0.018663477403099468	5.47263505339427	2018-09-01	ne_star-lbi	north	2018
2018-02-01	B/Trinidad/2326/2017_EPI_ISL_285814	0.00526	5.771252999999998	3.1002999999999994	2.037153362124092	0.01245906869456317	4.509962008200475	2018-09-01	ne_star-lbi	north	2018
2018-02-01	B/Ulaabaatar/1868/2017_EPI_ISL_283382	1.4999999999999999e-05	4.379850000000004	6.0229689999999945	-4.518909983974875	7.756899838887251e-07	4.672553947707003	2018-09-01	ne_star-lbi	north	2018
2018-02-01	B/Ulaabaatar/1868/2017_EPI_ISL_283382__dup2	1.4999999999999999e-05	3.379888999999997	5.024020999999997	1.4102490255768096	2.4647457347972813e-05	3.672555499086973	2018-09-01	ne_star-lbi	north	2018
2018-02-01	B/Uruguay/379/2017_EPI_ISL_276586	2.6000000000000002e-05	5.609911	7.746706999999993	0.15391140818918125	2.0529368521905852e-05	5.870158962510434	2018-09-01	ne_star-lbi	north	2018
2018-02-01	B/Uruguay/383/2017_EPI_ISL_276590	2.8000000000000013e-05	5.609911	7.746706999999993	1.005107533254214	3.632461159385962e-05	5.870158962510434	2018-09-01	ne_star-lbi	north	2018
2018-02-01	B/Uruguay/511/2017_EPI_ISL_276585	5e-05	5.609911	7.746706999999993	0.6942232284807748	5.4107068544803245e-05	5.870158962510434	2018-09-01	ne_star-lbi	north	2018
2018-02-01	B/Utah/30/2017_EPI_ISL_270017	1.3000000000000001e-05	4.641298999999996	6.746719999999996	3.6144947610697598	7.727596020168029e-05	4.893324658298916	2018-09-01	ne_star-lbi	north	2018
2018-02-01	B/Victoria/3/2017_EPI_ISL_282282	1.1e-05	5.771252999999998	3.1002999999999994	6.660455801369696	0.00038650292499123654	4.509962008200475	2018-09-01	ne_star-lbi	north	2018
2018-02-01	B/Victoria/513/2017_EPI_ISL_282326	0.000123	3.379888999999997	5.024020999999997	1.8499967624435043	0.00026121071334419714	3.672555499086973	2018-09-01	ne_star-lbi	north	2018
2018-02-01	B/Victoria/525/2017_EPI_ISL_289930	0.000252	4.376764000000003	6.000645999999994	-0.55910519478657	0.00013127083996003022	4.672156240001616	2018-09-01	ne_star-lbi	north	2018
2018-02-01	B/Victoria/531/2017_EPI_ISL_282374	0.000389	3.379888999999997	5.024020999999997	-0.795808232441021	0.00017650269646119586	3.672555499086973	2018-09-01	ne_star-lbi	north	2018
2018-02-01	B/Victoria/533/2017_EPI_ISL_282372	0.000407	3.379888999999997	5.024020999999997	-0.8878216066082592	0.0001750191728765882	3.672555499086973	2018-09-01	ne_star-lbi	north	2018
2018-02-01	B/Victoria/593/2017_EPI_ISL_293742	0.001413	4.3770200000000035	6.024007999999995	-0.9801670851948552	0.0005757563274789518	4.671388525026494	2018-09-01	ne_star-lbi	north	2018
2018-02-01	B/Victoria/859/2017_EPI_ISL_291285	0.003551	3.379888999999997	5.024020999999997	0.5720400979128057	0.003578334934197001	3.672555499086973	2018-09-01	ne_star-lbi	north	2018
2018-02-01	B/Victoria/859/2017_EPI_ISL_291285__dup2	0.003551	5.098940999999998	6.854947999999996	0.5720400979128057	0.003578334934197001	5.487575772434943	2018-09-01	ne_star-lbi	north	2018
2018-02-01	B/Victoria/877/2017_EPI_ISL_294297	0.004282	5.098940999999998	6.854947999999996	0.49126064751612475	0.004116351365850522	5.487575772434943	2018-09-01	ne_star-lbi	north	2018
2018-02-01	B/Victoria/877/2017_EPI_ISL_294297__dup2	0.004282	3.379888999999997	5.024020999999997	0.5283912179746041	0.004206482045041584	3.672555499086973	2018-09-01	ne_star-lbi	north	2018
2018-02-01	B/Vina_Del_Mar/51186/2017_EPI_ISL_276560	5.9999999999999995e-05	3.379888999999997	5.024020999999997	1.4645916755524295	0.00010176517825704098	3.672555499086973	2018-09-01	ne_star-lbi	north	2018
2018-02-01	B/VinadelMar/45053/2017_EPI_ISL_276053	1.4000000000000001e-05	3.379888999999997	5.024020999999997	-2.842697836559	1.9247482961013787e-06	3.672555499086973	2018-09-01	ne_star-lbi	north	2018
2018-02-01	B/VinadelMar/45053/2017_EPI_ISL_276053__dup2	1.4000000000000001e-05	3.379888999999997	5.024020999999997	-2.842697836559	1.9247482961013787e-06	3.672555499086973	2018-09-01	ne_star-lbi	north	2018
2018-02-01	B/Wellington/28/2017_EPI_ISL_282370	2.1e-05	4.379358000000004	6.024007999999995	-1.3313005371329705	6.972046078337972e-06	4.672354541899627	2018-09-01	ne_star-lbi	north	2018
2018-02-01	B/Wellington/42/2017_EPI_ISL_289931	0.00018600000000000002	5.378437	7.022268999999996	-0.9655394046214814	7.643904557162975e-05	5.671657087498352	2018-09-01	ne_star-lbi	north	2018
2018-02-01	B/Wisconsin/63/2017_EPI_ISL_272662	1.1e-05	4.641298999999996	6.746719999999996	4.834987512618356	0.0001332574450288297	4.893324658298916	2018-09-01	ne_star-lbi	north	2018
2018-02-01	B/Wisconsin/76/2017_EPI_ISL_292761	0.015338	6.178204999999998	3.796882	-0.5012695773210998	0.008263964490087282	5.261478630601095	2018-09-01	ne_star-lbi	north	2018
2018-02-01	B/Xinjiang-Tianshan/1873/2017_EPI_ISL_288706	0.0033299999999999996	4.359055000000003	6.023275999999994	-0.9801530898309048	0.0013568890467637225	4.664061012314612	2018-09-01	ne_star-lbi	north	2018
2018-02-01	B/Yunnan-Funing/37/2017_EPI_ISL_292780	0.010716	8.764469999999998	7.612901999999998	-0.7186239312264198	0.005086138699296648	8.440482988176221	2018-09-01	ne_star-lbi	north	2018
2018-02-01	B/Yunnan-Guandu/1676/2017_EPI_ISL_278535	0.000389	4.255590000000001	6.023961999999995	-0.43135773080638334	0.0002183135385245694	4.608249374580548	2018-09-01	ne_star-lbi	north	2018
2018-02-01	B/Yunnan-Wenshan/1619/2017_EPI_ISL_278537	0.000278	5.378759	7.021700999999996	-1.8602784825040226	6.779150855328793e-05	5.672284333052757	2018-09-01	ne_star-lbi	north	2018
2018-02-01	B/Yunnan-Wenshan/1662/2017_EPI_ISL_285907	0.000513	3.379888999999997	5.024020999999997	-0.15975981682385365	0.0003373297361895953	3.672555499086973	2018-09-01	ne_star-lbi	north	2018
2019-02-01	B/Anhui-Tianjiaan/1933/2018_EPI_ISL_337298	0.021733000000000002	8.726524999999997	8.075968999999994	1.0459765909091565	0.023181796651273272	7.521065118466181	2019-09-01	ne_star-lbi	north	2019
2019-02-01	B/Anhui-Tianjiaan/322/2018_EPI_ISL_336843	0.018340000000000002	6.8134669999999975	6.126372999999998	1.5315520646652832	0.025968189998543327	5.613792305071275	2019-09-01	ne_star-lbi	north	2019
2019-02-01	B/Argentina/13647/2018_EPI_ISL_329923	1.3000000000000001e-05	5.226115	6.704912000000001	0.7896235062178036	1.1940614340281347e-05	6.668740421550553	2019-09-01	ne_star-lbi	north	2019
2019-02-01	B/Argentina/13738/2018_EPI_ISL_329930	7.7e-05	5.226115	6.704912000000001	-0.9330577639844299	2.5891227783045965e-05	6.668740421550553	2019-09-01	ne_star-lbi	north	2019
2019-02-01	B/Argentina/258/2018_EPI_ISL_322839	0.000101	8.087435999999997	9.552087	-1.1139927676524866	3.0559447711920045e-05	9.61063753529809	2019-09-01	ne_star-lbi	north	2019
2019-02-01	B/Argentina/260/2018_EPI_ISL_322851	0.000133	6.089299000000002	7.554680999999998	-0.9330577102998788	4.472121302575017e-05	7.611218466445992	2019-09-01	ne_star-lbi	north	2019
2019-02-01	B/Argentina/330/2018_EPI_ISL_322847	0.000173	6.089310000000001	7.554680999999998	-0.9330577666588464	5.8171199993234886e-05	7.611231237183321	2019-09-01	ne_star-lbi	north	2019
2019-02-01	B/Argentina/42/2018_EPI_ISL_319675	1.1e-05	6.089432000000002	7.552882999999998	0.9419539329226182	1.1042493654449079e-05	7.611264375700576	2019-09-01	ne_star-lbi	north	2019
2019-02-01	B/Argentina/58/2018_EPI_ISL_319674	1.4000000000000001e-05	5.089661	6.554692000000002	-8.125743047970069	7.089346945934112e-08	6.611347579583306	2019-09-01	ne_star-lbi	north	2019
2019-02-01	B/Arizona/30/2018_EPI_ISL_315147	1.3000000000000001e-05	4.2263	5.710202999999997	4.391200982081132	9.759885415932803e-05	5.668816085234798	2019-09-01	ne_star-lbi	north	2019
2019-02-01	B/Arkhangelsk/RII-205S/2018_EPI_ISL_333364	0.018340000000000002	4.2263	5.710202999999997	-0.7054453161975482	0.007042457518231495	5.668816085234798	2019-09-01	ne_star-lbi	north	2019
2019-02-01	B/Beijing-Xicheng/12306/2018_EPI_ISL_334494	0.018094	4.2263	5.710202999999997	0.13112463844499397	0.011318655046091456	5.668816085234798	2019-09-01	ne_star-lbi	north	2019
2019-02-01	B/Bolivia/0752/2018_EPI_ISL_329926	1.3000000000000001e-05	5.089661	6.554692000000002	-8.12574298586932	6.58296525969532e-08	6.611347579583306	2019-09-01	ne_star-lbi	north	2019
2019-02-01	B/Brazil/2470/2018_EPI_ISL_329911	0.000212	6.088308000000001	7.554192999999997	0.34146279226940507	0.00014992803210562045	7.610680404227552	2019-09-01	ne_star-lbi	north	2019
2019-02-01	B/Brazil/2486/2018_EPI_ISL_329935	2.9999999999999997e-05	5.157933000000001	6.632442000000004	-5.657103925883956	6.412105409745874e-07	6.640080870593242	2019-09-01	ne_star-lbi	north	2019
2019-02-01	B/Brazil/4835/2018_EPI_ISL_330244	0.000462	7.087378999999994	8.545447999999993	-0.6460510064850342	0.00018365964577233773	8.610313084936005	2019-09-01	ne_star-lbi	north	2019
2019-02-01	B/Brisbane/23/2018_EPI_ISL_321458	2.9999999999999997e-05	6.161517000000001	7.677421999999995	-8.216213948818988	1.4410521319973702e-07	7.205217272746056	2019-09-01	ne_star-lbi	north	2019
2019-02-01	B/Cambodia/c0625449/2018_EPI_ISL_321460	1.4000000000000001e-05	6.393889	6.342673999999999	-8.216213949776446	6.724909945565089e-08	6.1642852230122545	2019-09-01	ne_star-lbi	north	2019
2019-02-01	B/Cote_D_Ivoire/1238/2018_EPI_ISL_330133	1.4000000000000001e-05	5.894727999999997	5.126384000000002	0.8350065135583054	1.3204094250978307e-05	4.712465515546083	2019-09-01	ne_star-lbi	north	2019
2019-02-01	B/Cote_D_Ivoire/1291/2018_EPI_ISL_330136	2.7000000000000002e-05	5.894727999999997	5.126384000000002	4.266689535682525	0.0001885044444616977	4.712465515546083	2019-09-01	ne_star-lbi	north	2019
2019-02-01	B/Cote_D_Ivoire/1334/2018_EPI_ISL_330337	3.4e-05	6.894654999999998	6.126372999999998	-0.5764035379535469	1.4076512340829986e-05	5.712437362521404	2019-09-01	ne_star-lbi	north	2019
2019-02-01	B/Cote_D_Ivoire/1391/2018_EPI_ISL_330137	4.6e-05	5.894727999999997	5.126384000000002	-0.6599592731266282	1.8138697570245814e-05	4.712465515546083	2019-09-01	ne_star-lbi	north	2019
2019-02-01	B/Cote_D_Ivoire/1404/2018_EPI_ISL_330138	5.2000000000000004e-05	5.480302000000001	6.730963999999997	-8.125746419358942	2.633180829956732e-07	6.338367853787521	2019-09-01	ne_star-lbi	north	2019
2019-02-01	B/Cote_D_Ivoire/1423/2018_EPI_ISL_330139	6.500000000000001e-05	5.894727999999997	5.126384000000002	-1.0577725699277054	2.032264456738856e-05	4.712465515546083	2019-09-01	ne_star-lbi	north	2019
2019-02-01	B/Cote_D_Ivoire/1456/2018_EPI_ISL_330142	6.500000000000001e-05	5.894727999999997	5.126384000000002	5.045437650777358	0.0007147563549780398	4.712465515546083	2019-09-01	ne_star-lbi	north	2019
2019-02-01	B/Cote_D_Ivoire/1478/2018_EPI_ISL_330143	7.7e-05	5.894727999999997	5.126384000000002	4.647999261762808	0.0006715045649323764	4.712465515546083	2019-09-01	ne_star-lbi	north	2019
2019-02-01	B/Cote_D_Ivoire/1564/2018_EPI_ISL_330144	0.000133	5.149192000000001	4.132287999999995	-0.9330577848888092	4.472121107992087e-05	3.996906007927325	2019-09-01	ne_star-lbi	north	2019
2019-02-01	B/Cote_D_Ivoire/1629/2018_EPI_ISL_330146	0.00019099999999999998	5.894727999999997	5.126384000000002	2.960843625774422	0.0006225442432157098	4.712465515546083	2019-09-01	ne_star-lbi	north	2019
2019-02-01	B/Cote_D_Ivoire/1662/2018_EPI_ISL_330147	0.000212	5.894727999999997	5.126384000000002	2.8875447653194137	0.0006620690643306349	4.712465515546083	2019-09-01	ne_star-lbi	north	2019
2019-02-01	B/Cote_D_Ivoire/1691/2018_EPI_ISL_330148	0.000223	6.8942489999999985	6.124540999999998	2.6656988488338094	0.0006118855505489006	5.711241609946789	2019-09-01	ne_star-lbi	north	2019
2019-02-01	B/Cote_d_Ivoire/1987/2018_EPI_ISL_338120	0.0019210000000000002	5.015712999999999	4.120649999999996	3.921735921758534	0.01096718531320855	3.8485415984965603	2019-09-01	ne_star-lbi	north	2019
2019-02-01	B/Cote_d_Ivoire/2279/2018_EPI_ISL_338122	0.008877	5.015712999999999	4.120649999999996	0.8586143345665053	0.00848843385066642	3.8485415984965603	2019-09-01	ne_star-lbi	north	2019
2019-02-01	B/Cote_d_Ivoire/2351/2018_EPI_ISL_338123	0.012564	5.015712999999999	4.120649999999996	0.5636770299356176	0.010115103187244779	3.8485415984965603	2019-09-01	ne_star-lbi	north	2019
2019-02-01	B/Delaware/7543/2018_EPI_ISL_376396	0.008254000000000001	4.175444999999999	5.677443999999997	-0.9330577847192134	0.0027754050848886103	5.209857422629173	2019-09-01	ne_star-lbi	north	2019
2019-02-01	B/Denmark/3938/2018_EPI_ISL_338125	0.015325	5.125087000000001	6.6473510000000005	-0.933057778159447	0.005153026785639942	6.61732913621109	2019-09-01	ne_star-lbi	north	2019
2019-02-01	B/El_Salvador/433/2018_EPI_ISL_319662	2.9999999999999997e-05	4.2263	5.710202999999997	-5.657103925883956	6.412105409745874e-07	5.668816085234798	2019-09-01	ne_star-lbi	north	2019
2019-02-01	B/El_Salvador/549/2018_EPI_ISL_331489	0.00019099999999999998	4.2263	5.710202999999997	-0.8677092282158915	6.671916220493218e-05	5.668816085234798	2019-09-01	ne_star-lbi	north	2019
2019-02-01	B/El_Salvador/602/2018_EPI_ISL_333581	0.00053	4.2263	5.710202999999997	4.181144148732421	0.003520154816119828	5.668816085234798	2019-09-01	ne_star-lbi	north	2019
2019-02-01	B/El_Salvador/602/2018_EPI_ISL_333581__dup2	0.00053	4.2263	5.710202999999997	4.103847216199856	0.003364956693023798	5.668816085234798	2019-09-01	ne_star-lbi	north	2019
2019-02-01	B/El_Salvador/634/2018_EPI_ISL_331484	0.000758	5.089661	6.554692000000002	-0.9330574138892834	0.00025487733334443857	6.611347579583306	2019-09-01	ne_star-lbi	north	2019
2019-02-01	B/El_Salvador/653/2018_EPI_ISL_331481	0.0009789999999999	5.089661	6.554692000000002	2.2852706369673124	0.002151646560839541	6.611347579583306	2019-09-01	ne_star-lbi	north	2019
2019-02-01	B/El_Salvador/688/2018_EPI_ISL_331482	0.001358	5.089661	6.554692000000002	1.9844355500106552	0.0025042340587551042	6.611347579583306	2019-09-01	ne_star-lbi	north	2019
2019-02-01	B/El_Salvador/733/2018_EPI_ISL_336454	0.0018510000000000002	5.166487	6.7043060000000025	0.852191023948227	0.0017633580140530884	6.626096827702515	2019-09-01	ne_star-lbi	north	2019
2019-02-01	B/El_Salvador/733/2018_EPI_ISL_336454__dup2	0.0018510000000000002	5.166487	6.7043060000000025	0.852191023948227	0.0017633580140530884	6.626096827702515	2019-09-01	ne_star-lbi	north	2019
2019-02-01	B/El_Salvador/746/2018_EPI_ISL_335701	0.002226	5.166487	6.7043060000000025	0.6940829158840013	0.0019337680233771882	6.626096827702515	2019-09-01	ne_star-lbi	north	2019
2019-02-01	B/El_Salvador/748/2018_EPI_ISL_335699	0.002226	4.2263	5.710202999999997	-0.9329297363931748	0.0007485477592544148	5.668816085234798	2019-09-01	ne_star-lbi	north	2019
2019-02-01	B/El_Salvador/763/2018_EPI_ISL_335698	0.002392	4.2263	5.710202999999997	-0.45026950508306157	0.0010659379484004386	5.668816085234798	2019-09-01	ne_star-lbi	north	2019
2019-02-01	B/El_Salvador/786/2018_EPI_ISL_335695	0.003052	4.2263	5.710202999999997	-0.352939266239762	0.0014395036465691031	5.668816085234798	2019-09-01	ne_star-lbi	north	2019
2019-02-01	B/El_Salvador/820/2018_EPI_ISL_335712	0.003722	4.2263	5.710202999999997	-0.04530230802351514	0.002100587991261755	5.668816085234798	2019-09-01	ne_star-lbi	north	2019
2019-02-01	B/El_Salvador/875/2018_EPI_ISL_336402	0.0055299999999999	5.089661	6.554692000000002	-0.9330572583559056	0.0018594614528667456	6.611347579583306	2019-09-01	ne_star-lbi	north	2019
2019-02-01	B/El_Salvador/890/2018_EPI_ISL_336401	0.006717	7.185982999999993	8.709968999999994	-1.1139928379221842	0.0020323544739297497	8.656621958391222	2019-09-01	ne_star-lbi	north	2019
2019-02-01	B/El_Salvador/901/2018_EPI_ISL_336397	0.006899	4.2263	5.710202999999997	-0.9326349187938808	0.0023203590278868596	5.668816085234798	2019-09-01	ne_star-lbi	north	2019
2019-02-01	B/El_Salvador/903/2018_EPI_ISL_336474	0.006899	5.212497	6.710192000000001	-0.933030907945507	0.0023198231015353365	6.6641764390317295	2019-09-01	ne_star-lbi	north	2019
2019-02-01	B/El_Salvador/919/2018_EPI_ISL_335710	0.008254000000000001	4.2263	5.710202999999997	0.8342253700204362	0.007781210261370114	5.668816085234798	2019-09-01	ne_star-lbi	north	2019
2019-02-01	B/El_Salvador/950/2018_EPI_ISL_335708	0.009746	5.089661	6.554692000000002	-0.07035882226936263	0.005420547296682015	6.611347579583306	2019-09-01	ne_star-lbi	north	2019
2019-02-01	B/Florida/39/2018_EPI_ISL_320267	3.2e-05	6.870590999999999	6.011138999999992	3.9320056094498503	0.0001837889946111429	5.6961983332189785	2019-09-01	ne_star-lbi	north	2019
2019-02-01	B/Florida/39/2018_EPI_ISL_320267__dup2	3.2e-05	5.894727999999997	5.126384000000002	3.9652608345898215	0.00018738910163450427	4.712465515546083	2019-09-01	ne_star-lbi	north	2019
2019-02-01	B/Florida/39/2018_EPI_ISL_320267__dup3	3.2e-05	5.894727999999997	5.126384000000002	3.9652608345898215	0.00018738910163450427	4.712465515546083	2019-09-01	ne_star-lbi	north	2019
2019-02-01	B/Florida/42/2018_EPI_ISL_321189	0.00020099999999999998	6.0888110000000015	7.554680999999998	-0.8677146409147539	7.021209037005092e-05	7.6110644893085455	2019-09-01	ne_star-lbi	north	2019
2019-02-01	B/Florida/43/2018_EPI_ISL_321182	0.000212	6.0888110000000015	7.554680999999998	-0.9330577161814304	7.12849408190299e-05	7.6110644893085455	2019-09-01	ne_star-lbi	north	2019
2019-02-01	B/Florida/58/2018_EPI_ISL_336421	0.02111	4.2263	5.710202999999997	-0.9328920512363732	0.007098917598259848	5.668816085234798	2019-09-01	ne_star-lbi	north	2019
2019-02-01	B/Fujian-Siming/1903/2018_EPI_ISL_334531	0.011119	4.2263	5.710202999999997	-0.5671973601319832	0.0046282217334849005	5.668816085234798	2019-09-01	ne_star-lbi	north	2019
2019-02-01	B/Fujian-Yanping/11766/2018_EPI_ISL_334539	0.006899	5.161582000000002	6.677433	-0.9330577848888092	0.002319786731130632	6.20521756095648	2019-09-01	ne_star-lbi	north	2019
2019-02-01	B/Ghana/3942/2018_EPI_ISL_338130	0.013306	4.149462999999998	3.1322989999999997	-0.3323222928640967	0.00635182948946263	2.9969954503494844	2019-09-01	ne_star-lbi	north	2019
2019-02-01	B/Ghana/3994/2018_EPI_ISL_338132	0.014816999999999999	4.149462999999998	3.1322989999999997	-0.3765371605087509	0.006893031562177848	2.9969954503494844	2019-09-01	ne_star-lbi	north	2019
2019-02-01	B/Ghana/4207/2018_EPI_ISL_338134__dup2	0.020677	4.9882670000000005	3.446765999999997	-0.9330577845737416	0.00695263520052236	3.4611061085050117	2019-09-01	ne_star-lbi	north	2019
2019-02-01	B/Guangdong-Yuexiu/11064/2018_EPI_ISL_334957	6.500000000000001e-05	5.174954000000001	6.677433	-8.125746418609806	3.291476038884278e-07	6.209752002031939	2019-09-01	ne_star-lbi	north	2019
2019-02-01	B/Guangdong-nanshan/39/2018_EPI_ISL_334589	0.011119	4.149462999999998	3.1322989999999997	1.7299766341335439	0.017675701199189823	2.9969954503494844	2019-09-01	ne_star-lbi	north	2019
2019-02-01	B/HK/1360/2018_EPI_ISL_319846	1.4000000000000001e-05	4.2263	5.710202999999997	-8.125562256922692	7.090094638127855e-08	5.668816085234798	2019-09-01	ne_star-lbi	north	2019
2019-02-01	B/HK/1361/2018_EPI_ISL_319847	1.6e-05	4.2263	5.710202999999997	-2.954181634645874	1.654830508055453e-06	5.668816085234798	2019-09-01	ne_star-lbi	north	2019
2019-02-01	B/Hawaii/25/2018_EPI_ISL_320938	1.9e-05	7.089161999999995	8.554669999999994	-8.125746293456706	9.62123835453113e-08	8.611205697702582	2019-09-01	ne_star-lbi	north	2019
2019-02-01	B/Hawaii/26/2018_EPI_ISL_320898	2.4e-05	6.151249000000001	7.608229999999994	-8.216213949776446	1.1528417049540151e-07	7.193773612550845	2019-09-01	ne_star-lbi	north	2019
2019-02-01	B/Hawaii/26/2018_EPI_ISL_320898__dup2	2.4e-05	5.175344000000002	6.677414	-8.125746419358942	1.2153142292107993e-07	6.209856948997981	2019-09-01	ne_star-lbi	north	2019
2019-02-01	B/Hawaii/38/2018_EPI_ISL_336400	0.018825	3.934709	5.133285999999999	-0.9330577848670081	0.006329900741279825	5.015384636116741	2019-09-01	ne_star-lbi	north	2019
2019-02-01	B/Honduras/2716/2018_EPI_ISL_336415	2.9999999999999997e-05	4.2263	5.710202999999997	-5.657103925883956	6.412105409745874e-07	5.668816085234798	2019-09-01	ne_star-lbi	north	2019
2019-02-01	B/Honduras/2850/2018_EPI_ISL_335716	8.6e-05	4.2263	5.710202999999997	0.4021225347272274	6.301049276496578e-05	5.668816085234798	2019-09-01	ne_star-lbi	north	2019
2019-02-01	B/Honduras/2870/2018_EPI_ISL_336433	0.000101	5.089661	6.554692000000002	-0.9330576710057575	3.396122270025484e-05	6.611347579583306	2019-09-01	ne_star-lbi	north	2019
2019-02-01	B/Honduras/2976/2018_EPI_ISL_336458	0.000212	5.089661	6.554692000000002	-0.9327867414864941	7.129620961843162e-05	6.611347579583306	2019-09-01	ne_star-lbi	north	2019
2019-02-01	B/Honduras/3446/2018_EPI_ISL_336473	0.007271	5.211753	6.694676000000001	-0.9330577772978795	0.0024448716330974585	6.6639263419686054	2019-09-01	ne_star-lbi	north	2019
2019-02-01	B/Honduras/3472/2018_EPI_ISL_336448	0.010195000000000001	4.2263	5.710202999999997	-0.3064227743016527	0.004940829712970123	5.668816085234798	2019-09-01	ne_star-lbi	north	2019
2019-02-01	B/Hong_Kong/1360/2018_EPI_ISL_321039	1.4000000000000001e-05	4.2263	5.710202999999997	-8.125562256922692	7.090094638127855e-08	5.668816085234798	2019-09-01	ne_star-lbi	north	2019
2019-02-01	B/Hong_Kong/1361/2018_EPI_ISL_321040	1.6e-05	4.2263	5.710202999999997	-2.954181634645874	1.654830508055453e-06	5.668816085234798	2019-09-01	ne_star-lbi	north	2019
2019-02-01	B/Hong_Kong/1362/2018_EPI_ISL_330234	2.2e-05	4.2263	5.710202999999997	-3.184861431166454	1.9889146899263177e-06	5.668816085234798	2019-09-01	ne_star-lbi	north	2019
2019-02-01	B/Indiana/17/2018_EPI_ISL_335706	0.020002000000000002	4.149462999999998	3.1322989999999997	-0.46587858788456327	0.008832624964927755	2.9969954503494844	2019-09-01	ne_star-lbi	north	2019
2019-02-01	B/Jiangsu-Chongchuan/11089/2018_EPI_ISL_334955	7.3e-05	6.067585000000002	7.6053889999999935	6.417877437282427	0.0017875545097476495	7.13515579921926	2019-09-01	ne_star-lbi	north	2019
2019-02-01	B/Jiangsu-Chongchuan/11552/2018_EPI_ISL_334623	0.00295	6.067585000000002	7.6053889999999935	-0.9330485299857804	0.0009919419919113496	7.13515579921926	2019-09-01	ne_star-lbi	north	2019
2019-02-01	B/Jiangsu-Chongchuan/11563/2018_EPI_ISL_334614	0.00295	6.067585000000002	7.6053889999999935	-0.9330485299857804	0.0009919419919113496	7.13515579921926	2019-09-01	ne_star-lbi	north	2019
2019-02-01	B/Jiangsu-Chongchuan/11613/2018_EPI_ISL_334612	0.0040950000000000005	6.067585000000002	7.6053889999999935	0.8120778229480371	0.003810884331439807	7.13515579921926	2019-09-01	ne_star-lbi	north	2019
2019-02-01	B/Jiangsu-Chongchuan/11616/2018_EPI_ISL_334625	0.004494	6.067585000000002	7.6053889999999935	0.4035364797099225	0.0032953815011807115	7.13515579921926	2019-09-01	ne_star-lbi	north	2019
2019-02-01	B/Jiangsu-Chongchuan/11618/2018_EPI_ISL_334615	0.004494	6.067585000000002	7.6053889999999935	-0.9322291550833316	0.001511836780917294	7.13515579921926	2019-09-01	ne_star-lbi	north	2019
2019-02-01	B/Jiangsu-Chongchuan/11647/2018_EPI_ISL_334616	0.00492	6.067585000000002	7.6053889999999935	0.35624927789259964	0.003509603607550624	7.13515579921926	2019-09-01	ne_star-lbi	north	2019
2019-02-01	B/Jiangsu-Hailing/11678/2018_EPI_ISL_334540	0.007271	5.977144000000001	7.644936999999995	-0.8413257166881487	0.002579261166728678	7.073281999966663	2019-09-01	ne_star-lbi	north	2019
2019-02-01	B/Jiangsu-Hailing/11678/2018_EPI_ISL_334540__dup2	0.007271	5.977144000000001	7.644936999999995	-0.8413257166881487	0.002579261166728678	7.073281999966663	2019-09-01	ne_star-lbi	north	2019
2019-02-01	B/Jiangsu-Hailing/11686/2018_EPI_ISL_334618	0.006899	5.977144000000001	7.644936999999995	0.8371773006560762	0.0065150337339341955	7.073281999966663	2019-09-01	ne_star-lbi	north	2019
2019-02-01	B/Jiangsu-Hailing/11700/2018_EPI_ISL_334619	0.007084	5.977144000000001	7.644936999999995	0.8123956019451387	0.00659372634968558	7.073281999966663	2019-09-01	ne_star-lbi	north	2019
2019-02-01	B/Jiangsu-Hailing/11708/2018_EPI_ISL_334620	0.006899	5.977144000000001	7.644936999999995	0.8371773006560762	0.0065150337339341955	7.073281999966663	2019-09-01	ne_star-lbi	north	2019
2019-02-01	B/Jiangsu-Hailing/11715/2018_EPI_ISL_334621	0.006717	5.977144000000001	7.644936999999995	0.9746392623666822	0.006872745658089669	7.073281999966663	2019-09-01	ne_star-lbi	north	2019
2019-02-01	B/Jiangsu-Nanjinggulou/12734/2018_EPI_ISL_334613	0.000826	4.175444999999999	5.677443999999997	-0.9330577848442524	0.00027774225829304324	5.209857422629173	2019-09-01	ne_star-lbi	north	2019
2019-02-01	B/Jiangsu-Qingjiangpu/11028/2018_EPI_ISL_334956	5.2000000000000004e-05	5.061431000000001	6.645659999999999	-8.125746419358942	2.633180829956732e-07	6.1365921235848635	2019-09-01	ne_star-lbi	north	2019
2019-02-01	B/Jiangsu-Qinhuai/1710/2018_EPI_ISL_334611	0.001109	5.173222000000002	6.677433	-0.9330577848888092	0.00037290092547091915	6.209111620778226	2019-09-01	ne_star-lbi	north	2019
2019-02-01	B/Jiangxi-Donghu/315/2018_EPI_ISL_336844	0.019772	5.1561010000000005	6.704740000000001	-0.9330577802089483	0.0066483292322260575	6.636059935380846	2019-09-01	ne_star-lbi	north	2019
2019-02-01	B/Jiangxi-Qingshanhu/39/2018_EPI_ISL_334492	0.015325	5.1561010000000005	6.704740000000001	0.15654820856217552	0.009729745694750979	6.636059935380846	2019-09-01	ne_star-lbi	north	2019
2019-02-01	B/Kentucky/27/2018_EPI_ISL_336440	0.008459	5.089661	6.554692000000002	-0.9330572217729688	0.0028443372089442345	6.611347579583306	2019-09-01	ne_star-lbi	north	2019
2019-02-01	B/Kentucky/27/2018_EPI_ISL_336440__dup2	0.008459	5.089661	6.554692000000002	-0.932946966544569	0.00284452014993884	6.611347579583306	2019-09-01	ne_star-lbi	north	2019
2019-02-01	B/Louisiana/14/2018_EPI_ISL_336425	0.007084	4.2263	5.710202999999997	1.316956284701482	0.0088502500143829	5.668816085234798	2019-09-01	ne_star-lbi	north	2019
2019-02-01	B/Louisiana/14/2018_EPI_ISL_336425__dup2	0.007084	4.2263	5.710202999999997	-0.5426940108407099	0.0029911253956758435	5.668816085234798	2019-09-01	ne_star-lbi	north	2019
2019-02-01	B/Maldives/1014/2018_EPI_ISL_331007	2.7000000000000002e-05	4.175444999999999	5.677443999999997	2.0357718392422735	5.130318973938707e-05	5.209857422629173	2019-09-01	ne_star-lbi	north	2019
2019-02-01	B/Maldives/929/2018_EPI_ISL_331000	1.1e-05	4.175444999999999	5.677443999999997	-8.1257464188883	5.5701902187454095e-08	5.209857422629173	2019-09-01	ne_star-lbi	north	2019
2019-02-01	B/Maldives/945/2018_EPI_ISL_331001	1.1e-05	4.175444999999999	5.677443999999997	-8.1257464188883	5.5701902187454095e-08	5.209857422629173	2019-09-01	ne_star-lbi	north	2019
2019-02-01	B/Maldives/992/2018_EPI_ISL_331004	1.7e-05	4.175444999999999	5.677443999999997	-8.12574641821015	8.608475796011943e-08	5.209857422629173	2019-09-01	ne_star-lbi	north	2019
2019-02-01	B/Manitoba/RV3816/2018_EPI_ISL_314974	1.9e-05	6.159684000000001	7.598894999999995	-8.125746419358942	9.621237647918829e-08	7.204887396123462	2019-09-01	ne_star-lbi	north	2019
2019-02-01	B/Maryland/27/2018_EPI_ISL_335843	0.0036030000000000003	4.175444999999999	5.677443999999997	-0.9330577848575926	0.0012115076956683386	5.209857422629173	2019-09-01	ne_star-lbi	north	2019
2019-02-01	B/Maryland/27/2018_EPI_ISL_335843__dup2	0.0036030000000000003	4.175444999999999	5.677443999999997	-0.9330577719874662	0.0012115077047638219	5.209857422629173	2019-09-01	ne_star-lbi	north	2019
2019-02-01	B/Maryland/27/2018_EPI_ISL_335843__dup4	0.0036030000000000003	4.175444999999999	5.677443999999997	-0.9330577848714956	0.0012115076956585133	5.209857422629173	2019-09-01	ne_star-lbi	north	2019
2019-02-01	B/Maryland/28/2018_EPI_ISL_332031__dup2	0.0036030000000000003	4.175444999999999	5.677443999999997	-0.9330577847399514	0.0012115076957514772	5.209857422629173	2019-09-01	ne_star-lbi	north	2019
2019-02-01	B/Maryland/29/2018_EPI_ISL_332030	0.0040950000000000005	4.175444999999999	5.677443999999997	-0.933057781316131	0.001376942554540882	5.209857422629173	2019-09-01	ne_star-lbi	north	2019
2019-02-01	B/Maryland/29/2018_EPI_ISL_332030__dup2	0.0040950000000000005	4.175444999999999	5.677443999999997	-0.933057772449938	0.0013769425616623544	5.209857422629173	2019-09-01	ne_star-lbi	north	2019
2019-02-01	B/Maryland/30/2018_EPI_ISL_336442__dup2	0.004494	4.175444999999999	5.677443999999997	-0.8029652544874061	0.0016302432956510195	5.209857422629173	2019-09-01	ne_star-lbi	north	2019
2019-02-01	B/Maryland/31/2018_EPI_ISL_336443	0.004775	4.175444999999999	5.677443999999997	-0.9330577846677712	0.0016055923528883926	5.209857422629173	2019-09-01	ne_star-lbi	north	2019
2019-02-01	B/Maryland/31/2018_EPI_ISL_336443__dup2	0.004775	4.175444999999999	5.677443999999997	-0.9330577846478529	0.001605592352907048	5.209857422629173	2019-09-01	ne_star-lbi	north	2019
2019-02-01	B/Maryland/32/2018_EPI_ISL_333837	0.013057	5.089661	6.554692000000002	-0.9330574057995414	0.004390413399977447	6.611347579583306	2019-09-01	ne_star-lbi	north	2019
2019-02-01	B/Mexico/2227/2018_EPI_ISL_332277	0.000223	4.2263	5.710202999999997	0.7707354513400001	0.0002025830530360081	5.668816085234798	2019-09-01	ne_star-lbi	north	2019
2019-02-01	B/Mexico/2559/2018_EPI_ISL_336472	0.00295	5.220395	6.700520000000003	-1.023525305324758	0.0009409467137573177	6.666934191807285	2019-09-01	ne_star-lbi	north	2019
2019-02-01	B/Michigan/118/2018_EPI_ISL_335692	0.018583000000000002	4.175444999999999	5.677443999999997	-0.9327819787472023	0.0062495336993402435	5.209857422629173	2019-09-01	ne_star-lbi	north	2019
2019-02-01	B/Michigan/119/2018_EPI_ISL_335703	0.020002000000000002	4.175444999999999	5.677443999999997	-0.9327966755677255	0.0067266911364382035	5.209857422629173	2019-09-01	ne_star-lbi	north	2019
2019-02-01	B/Montana/32/2018_EPI_ISL_333845	0.015071000000000001	4.2263	5.710202999999997	-0.6539972986751229	0.005963493295107006	5.668816085234798	2019-09-01	ne_star-lbi	north	2019
2019-02-01	B/Montana/33/2018_EPI_ISL_333844	0.015578999999999999	4.2263	5.710202999999997	0.8601681479127748	0.014910581012369705	5.668816085234798	2019-09-01	ne_star-lbi	north	2019
2019-02-01	B/Montana/38/2018_EPI_ISL_336398	0.021934	4.2263	5.710202999999997	-0.9328979922692983	0.007375988582676904	5.668816085234798	2019-09-01	ne_star-lbi	north	2019
2019-02-01	B/New_Caledonia/23/2018_EPI_ISL_323032	1.4000000000000001e-05	5.174954000000001	6.677433	-8.125746418409191	7.089333007657303e-08	6.209752002031939	2019-09-01	ne_star-lbi	north	2019
2019-02-01	B/Norway/3241/2018_EPI_ISL_338141	0.000758	5.089661	6.554692000000002	-0.9330574076671205	0.0002548773342695401	6.611347579583306	2019-09-01	ne_star-lbi	north	2019
2019-02-01	B/Norway/3241/2018_EPI_ISL_338141__dup2	0.000758	5.089661	6.554692000000002	-0.9330574076671205	0.0002548773342695401	6.611347579583306	2019-09-01	ne_star-lbi	north	2019
2019-02-01	B/Nunavut/RV3849/2018_EPI_ISL_316089	2.4e-05	6.159684000000001	7.598894999999995	-8.125746419358942	1.2153142292107993e-07	7.204887396123462	2019-09-01	ne_star-lbi	north	2019
2019-02-01	B/Oman/5030/2018_EPI_ISL_338142	0.00492	4.175444999999999	5.677443999999997	-0.9330577847529243	0.0016543485603808382	5.209857422629173	2019-09-01	ne_star-lbi	north	2019
2019-02-01	B/Oman/5030/2018_EPI_ISL_338142__dup2	0.00492	4.175444999999999	5.677443999999997	-0.9330577847529243	0.0016543485603808382	5.209857422629173	2019-09-01	ne_star-lbi	north	2019
2019-02-01	B/Oman/5112/2018_EPI_ISL_338143	0.005854	5.152024000000002	6.677433	-0.9330577848888092	0.001968405786931254	6.201983799481442	2019-09-01	ne_star-lbi	north	2019
2019-02-01	B/Oman/5112/2018_EPI_ISL_338143__dup2	0.005854	5.152024000000002	6.677433	-0.9330577848888092	0.001968405786931254	6.201983799481442	2019-09-01	ne_star-lbi	north	2019
2019-02-01	B/Oman/5214/2018_EPI_ISL_338144	0.006717	5.145342000000002	6.627622999999998	-0.5543188973653562	0.0028169970048671352	6.197105454216952	2019-09-01	ne_star-lbi	north	2019
2019-02-01	B/Oman/5214/2018_EPI_ISL_338144__dup2	0.006717	5.145342000000002	6.627622999999998	-0.5543188973653562	0.0028169970048671352	6.197105454216952	2019-09-01	ne_star-lbi	north	2019
2019-02-01	B/Oman/6001/2018_EPI_ISL_338147	0.010884999999999999	4.175444999999999	5.677443999999997	-0.9326510802594925	0.0036609465006144787	5.209857422629173	2019-09-01	ne_star-lbi	north	2019
2019-02-01	B/Oman/6001/2018_EPI_ISL_338147__dup2	0.010884999999999999	4.175444999999999	5.677443999999997	-0.9326510802594925	0.0036609465006144787	5.209857422629173	2019-09-01	ne_star-lbi	north	2019
2019-02-01	B/Oman/6271/2018_EPI_ISL_338150	0.01281	6.998999999999997	8.593616999999995	-1.0235253153063142	0.004085941468830061	8.153954788112799	2019-09-01	ne_star-lbi	north	2019
2019-02-01	B/Oman/6271/2018_EPI_ISL_338150__dup2	0.01281	6.998999999999997	8.593616999999995	-1.0235253153063142	0.004085941468830061	8.153954788112799	2019-09-01	ne_star-lbi	north	2019
2019-02-01	B/Papua_New_Guinea/1/2018_EPI_ISL_316413	2.2e-05	4.175444999999999	5.677443999999997	-8.12574641893325	1.1140380437198712e-07	5.209857422629173	2019-09-01	ne_star-lbi	north	2019
2019-02-01	B/Papua_New_Guinea/2/2018_EPI_ISL_316414	2.2e-05	4.175444999999999	5.677443999999997	-8.12574641893325	1.1140380437198712e-07	5.209857422629173	2019-09-01	ne_star-lbi	north	2019
2019-02-01	B/Para/155347-IEC/2018_EPI_ISL_338175	0.015578999999999999	6.742206999999999	7.7497249999999935	-1.0235253098410522	0.004969155530510516	7.940760848270043	2019-09-01	ne_star-lbi	north	2019
2019-02-01	B/Paraguay/5924/2018_EPI_ISL_322011	1.4000000000000001e-05	6.089506000000002	7.550826999999997	-8.216213918823968	6.724910066987456e-08	7.611346859057231	2019-09-01	ne_star-lbi	north	2019
2019-02-01	B/Paraguay/8729/2018_EPI_ISL_322001	5.2000000000000004e-05	5.089661	6.554692000000002	-8.12574363595329	2.6331851053329395e-07	6.611347579583306	2019-09-01	ne_star-lbi	north	2019
2019-02-01	B/Paraguay/8730/2018_EPI_ISL_322002	6.1e-05	6.089506000000002	7.550826999999997	-8.216213924912346	2.9301393759237005e-07	7.611346859057231	2019-09-01	ne_star-lbi	north	2019
2019-02-01	B/Puerto_Rico/17/2018_EPI_ISL_321179	1.2e-05	4.2263	5.710202999999997	5.322011242288471	0.00015505745060236746	5.668816085234798	2019-09-01	ne_star-lbi	north	2019
2019-02-01	B/Punta_Arenas/58278/2018_EPI_ISL_321158	0.000113	4.2263	5.710202999999997	0.03604427917759926	6.687305614054116e-05	5.668816085234798	2019-09-01	ne_star-lbi	north	2019
2019-02-01	B/Qatar/10-VI-18-0043316/2018_EPI_ISL_330341	0.00053	5.145342000000002	6.627622999999998	-0.17274723693430566	0.0002776858043922105	6.197105454216952	2019-09-01	ne_star-lbi	north	2019
2019-02-01	B/Qatar/10-VI-18-0043325/2018_EPI_ISL_330342	0.00053	5.145342000000002	6.627622999999998	-0.17274723693430566	0.0002776858043922105	6.197105454216952	2019-09-01	ne_star-lbi	north	2019
2019-02-01	B/Qatar/10-VI-18-0043448/2018_EPI_ISL_330343	0.0005549999999999	6.0640810000000025	7.627611999999994	-0.9330577848888092	0.00018661858758910982	7.098432243742144	2019-09-01	ne_star-lbi	north	2019
2019-02-01	B/Santiago/47361/2018_EPI_ISL_321157	1.2e-05	8.089367999999999	9.554659000000001	-5.076978337765829	3.597731598230797e-07	9.611283503948448	2019-09-01	ne_star-lbi	north	2019
2019-02-01	B/Santiago/47361/2018_EPI_ISL_321157__dup2	1.2e-05	6.089426000000003	7.554680999999998	-5.076978337765829	3.597731598230797e-07	7.611284943041088	2019-09-01	ne_star-lbi	north	2019
2019-02-01	B/Santiago/51375/2018_EPI_ISL_321180	3.4e-05	6.964310999999996	8.376594999999993	-8.12574630443805	1.7216952734662371e-07	8.543593448232489	2019-09-01	ne_star-lbi	north	2019
2019-02-01	B/Santiago/51375/2018_EPI_ISL_321180__dup2	3.4e-05	5.089661	6.554692000000002	-5.722411017804374	6.995415552257763e-07	6.611347579583306	2019-09-01	ne_star-lbi	north	2019
2019-02-01	B/Sichuan-Gaoxin/11061/2018_EPI_ISL_336864	0.021322	5.649427999999996	3.4398229999999996	2.5682083810191996	0.05527072861713196	2.9021065293752506	2019-09-01	ne_star-lbi	north	2019
2019-02-01	B/Sichuan-Gaoxin/1966/2018_EPI_ISL_334546	0.015325	5.649427999999996	3.4398229999999996	5.137982957874291	0.1778649753084561	2.9021065293752506	2019-09-01	ne_star-lbi	north	2019
2019-02-01	B/Sichuan-Gaoxin/51/2019_EPI_ISL_336857	0.023086000000000002	5.649427999999996	3.4398229999999996	2.7489877185747744	0.06649887510903442	2.9021065293752506	2019-09-01	ne_star-lbi	north	2019
2019-02-01	B/Sichuan-Gaoxin/512/2018_EPI_ISL_334498	0.016341	5.649427999999996	3.4398229999999996	4.562269374670554	0.1355558291169062	2.9021065293752506	2019-09-01	ne_star-lbi	north	2019
2019-02-01	B/Sichuan-Gaoxin/52/2019_EPI_ISL_336858	0.023086000000000002	5.649427999999996	3.4398229999999996	2.7489877185747744	0.06649887510903442	2.9021065293752506	2019-09-01	ne_star-lbi	north	2019
2019-02-01	B/Sichuan-Tianfuxin/55/2018_EPI_ISL_336865	0.020677	5.251847000000002	3.8402579999999955	0.9033594041171462	0.020294788182864586	3.2452654972854567	2019-09-01	ne_star-lbi	north	2019
2019-02-01	B/Sierra_Leone/187/2018_EPI_ISL_336408	0.011355	5.015712999999999	4.120649999999996	0.057463650168158534	0.006804343291727799	3.8485415984965603	2019-09-01	ne_star-lbi	north	2019
2019-02-01	B/Sierra_Leone/193/2018_EPI_ISL_336409	0.011594	5.015712999999999	4.120649999999996	0.8805199782334622	0.011229080274167066	3.8485415984965603	2019-09-01	ne_star-lbi	north	2019
2019-02-01	B/Sierra_Leone/197/2018_EPI_ISL_336410	0.011834	5.125790000000001	4.034240999999996	-0.9330577848888092	0.003979179036990854	3.9890370922755034	2019-09-01	ne_star-lbi	north	2019
2019-02-01	B/Singapore/KK0686/2018_EPI_ISL_331212	5.2000000000000004e-05	5.125087000000001	6.6473510000000005	-0.4879351980119162	2.266897710867102e-05	6.61732913621109	2019-09-01	ne_star-lbi	north	2019
2019-02-01	B/SouthAfrica/R09678/2018_EPI_ISL_321810	4.3e-05	5.226209000000001	6.710192000000001	-8.216213923512896	2.0655080863536945e-07	6.668815672133183	2019-09-01	ne_star-lbi	north	2019
2019-02-01	B/SouthAfrica/R09913/2018_EPI_ISL_321811	5.2000000000000004e-05	4.2263	5.710202999999997	-5.851763513340374	9.92128634697359e-07	5.668816085234798	2019-09-01	ne_star-lbi	north	2019
2019-02-01	B/SouthAfrica/R09996/2018_EPI_ISL_321812	6.500000000000001e-05	4.2263	5.710202999999997	-3.9209074636804195	3.825058414471618e-06	5.668816085234798	2019-09-01	ne_star-lbi	north	2019
2019-02-01	B/SouthAfrica/R10120/2018_EPI_ISL_321813	6.500000000000001e-05	4.2263	5.710202999999997	-3.9209074636804195	3.825058414471618e-06	5.668816085234798	2019-09-01	ne_star-lbi	north	2019
2019-02-01	B/SouthAfrica/R10359/2018_EPI_ISL_321814	7.7e-05	5.112286	6.678419000000002	-0.9330577639844299	2.5891227783045965e-05	6.595550786190495	2019-09-01	ne_star-lbi	north	2019
2019-02-01	B/South_Africa/VW0527/2018_EPI_ISL_331016	0.00020099999999999998	4.2263	5.710202999999997	-0.9330523526497144	6.758640534880987e-05	5.668816085234798	2019-09-01	ne_star-lbi	north	2019
2019-02-01	B/South_Africa/VW0610/2018_EPI_ISL_331029	0.000791	5.224511000000001	6.709418000000001	-1.0235253016932653	0.0002523013058165146	6.6682503637277435	2019-09-01	ne_star-lbi	north	2019
2019-02-01	B/South_Africa/VW0613/2018_EPI_ISL_332325	0.000826	4.2263	5.710202999999997	1.2554826973853914	0.0009955966143081298	5.668816085234798	2019-09-01	ne_star-lbi	north	2019
2019-02-01	B/South_Africa/VW0622/2018_EPI_ISL_331033	0.001064	4.2263	5.710202999999997	0.2121448792396421	0.0006977942851873495	5.668816085234798	2019-09-01	ne_star-lbi	north	2019
2019-02-01	B/Sri_Lanka/19/2018_EPI_ISL_323029	0.000246	4.2263	5.710202999999997	-0.06554040132841701	0.00013720581868887093	5.668816085234798	2019-09-01	ne_star-lbi	north	2019
2019-02-01	B/Suriname/0184/2018_EPI_ISL_331010	4.1e-05	5.089661	6.554692000000002	-5.7873181701321545	8.122224338377046e-07	6.611347579583306	2019-09-01	ne_star-lbi	north	2019
2019-02-01	B/Suriname/0208/2018_EPI_ISL_331012	9.1e-05	6.089341000000003	7.554680999999998	-0.487935140780804	3.967071126457364e-05	7.611223516947754	2019-09-01	ne_star-lbi	north	2019
2019-02-01	B/Suriname/0281/2018_EPI_ISL_331026	0.0005549999999999	5.089661	6.554692000000002	-0.9330573827826023	0.00018661863136273555	6.611347579583306	2019-09-01	ne_star-lbi	north	2019
2019-02-01	B/Sweden/60/2018_EPI_ISL_332348	0.010423	4.175444999999999	5.677443999999997	-0.9330577847340087	0.003504730700211329	5.209857422629173	2019-09-01	ne_star-lbi	north	2019
2019-02-01	B/Sweden/61/2018_EPI_ISL_334361	0.021934	5.979416999999998	5.1319950000000025	-0.10265161379160259	0.011971637682554997	4.842617506135775	2019-09-01	ne_star-lbi	north	2019
2019-02-01	B/Sydney/700/2018_EPI_ISL_323030	0.000164	6.174621000000001	7.677421999999995	-1.0235253153063142	5.231025768057221e-05	7.2096473815165805	2019-09-01	ne_star-lbi	north	2019
2019-02-01	B/Utah/25/2018_EPI_ISL_336451	0.014058000000000001	5.170063000000001	6.710192000000001	-0.9330377148014364	0.0047270537280753875	6.64990798097446	2019-09-01	ne_star-lbi	north	2019
2019-02-01	B/Utah/25/2018_EPI_ISL_336451__dup2	0.014058000000000001	6.068850000000001	7.647339999999994	-0.9330577791159375	0.004726998402095106	7.598421031950752	2019-09-01	ne_star-lbi	north	2019
2019-02-01	B/Valparaiso/55955/2018_EPI_ISL_321159	9.1e-05	7.089238999999994	8.554669999999994	-0.9330577053794035	3.0598724789655885e-05	8.611223745591507	2019-09-01	ne_star-lbi	north	2019
2019-02-01	B/Victoria/900/2018_EPI_ISL_331823	0.000791	4.149462999999998	3.1322989999999997	4.503114947519904	0.006339134411725027	2.9969954503494844	2019-09-01	ne_star-lbi	north	2019
2019-02-01	B/Virginia/20/2018_EPI_ISL_333840	0.009306	4.175444999999999	5.677443999999997	-0.9330577847128668	0.0031291397770861424	5.209857422629173	2019-09-01	ne_star-lbi	north	2019
2019-02-01	B/Washington/276/2018_EPI_ISL_333843	0.011355	7.056059999999997	8.672102999999995	-1.1139928457238193	0.0034356684452059244	8.172899646082616	2019-09-01	ne_star-lbi	north	2019
2019-02-01	B/Yunnan-Linxiang/1650/2018_EPI_ISL_334886	2.7000000000000002e-05	5.049272	6.677359	-8.125746419358942	1.3672285078621493e-07	6.079422753780569	2019-09-01	ne_star-lbi	north	2019
2019-02-01	B/Yunnan-Linxiang/1653/2018_EPI_ISL_334659	2.7000000000000002e-05	4.175444999999999	5.677443999999997	2.0357718392422735	5.130318973938707e-05	5.209857422629173	2019-09-01	ne_star-lbi	north	2019
2019-02-01	B/Yunnan-Linxiang/1653/2018_EPI_ISL_334659__dup2	2.7000000000000002e-05	4.175444999999999	5.677443999999997	2.3213753074440686	6.060363965087277e-05	5.209857422629173	2019-09-01	ne_star-lbi	north	2019
2019-02-01	B/Yunnan-Simao/1965/2018_EPI_ISL_334542	0.015071000000000001	5.113632000000002	6.676400999999999	-0.9330573155346092	0.005067620727203944	6.189074495104753	2019-09-01	ne_star-lbi	north	2019
2019-02-01	B/Yunnan-Simao/1987/2018_EPI_ISL_334541	0.015833	5.113632000000002	6.676400999999999	-0.9330573282105007	0.005323843035003387	6.189074495104753	2019-09-01	ne_star-lbi	north	2019
2020-02-01	B/AICHI/49/2019_EPI_ISL_395194	4.9e-05	3.052028999999994	3.0869569999999977	-1.511519017992845	1.2112565722484595e-05	2.382934497255495	2020-09-01	ne_star-lbi	north	2020
2020-02-01	B/AICHI/50/2019_EPI_ISL_395537	0.001115	3.049896999999994	3.121070999999999	1.9987005797386534	0.002135937389604106	2.3786868476077325	2020-09-01	ne_star-lbi	north	2020
2020-02-01	B/Abu_Dhabi/109/2019_EPI_ISL_404885	0.012449	2.593993999999995	2.6400519999999976	2.3513955861042968	0.029295392640274878	1.5393814971040896	2020-09-01	ne_star-lbi	north	2020
2020-02-01	B/Abudhabi/057/2019_EPI_ISL_400103	0.000802	2.052139999999997	2.1212809999999993	2.97406298072643	0.0027138436016288987	1.382958722386939	2020-09-01	ne_star-lbi	north	2020
2020-02-01	B/Abudhabi/061/2019_EPI_ISL_400102	0.00116	7.784342999999983	8.734895	1.5439111768238891	0.0017043390651774403	7.698539551922888	2020-09-01	ne_star-lbi	north	2020
2020-02-01	B/Al_Buraymi/6667/2019_EPI_ISL_401627	0.005439	6.793367999999985	7.753442999999994	-1.0060113477421693	0.0018056087631920837	6.7093342533667375	2020-09-01	ne_star-lbi	north	2020
2020-02-01	B/Alaska/04/2019_EPI_ISL_377550	1.2e-05	2.052139999999997	2.1212809999999993	-0.9773589462219602	4.050835394457717e-06	1.382958722386939	2020-09-01	ne_star-lbi	north	2020
2020-02-01	B/Alaska/07/2019_EPI_ISL_389959	0.000221	2.052139999999997	2.1212809999999993	2.8482656815391767	0.0006949177880607846	1.382958722386939	2020-09-01	ne_star-lbi	north	2020
2020-02-01	B/Anhui-Jinan/1751/2019_EPI_ISL_390640	8.2e-05	2.8702689999999946	2.392250999999999	2.5669142376875675	0.00021881539260207932	2.1075233533854076	2020-09-01	ne_star-lbi	north	2020
2020-02-01	B/Anhui-Xiangshan/1526/2019_EPI_ISL_402339	1e-05	8.180369999999984	8.805326999999998	-6.931806958308428	1.0468217397074832e-07	8.031905339760499	2020-09-01	ne_star-lbi	north	2020
2020-02-01	B/Antananarivo/3493/2019_EPI_ISL_387002	1.1e-05	7.810119999999979	8.428696999999996	-6.8838881235893155	1.1841455890466948e-07	7.6206378793625955	2020-09-01	ne_star-lbi	north	2020
2020-02-01	B/Antananarivo/3592/2019_EPI_ISL_389233	1.6e-05	8.03867599999998	8.670887999999996	-6.930392833529738	1.676297001010348e-07	8.042138542869434	2020-09-01	ne_star-lbi	north	2020
2020-02-01	B/Antananarivo/3624/2019_EPI_ISL_389235	1.4999999999999999e-05	8.03867599999998	8.670887999999996	-6.930379868402407	1.5715403239474927e-07	8.042138542869434	2020-09-01	ne_star-lbi	north	2020
2020-02-01	B/Antananarivo/3688/2019_EPI_ISL_389236	2.2e-05	8.03867599999998	8.670887999999996	-6.93045591366649	2.304823564820541e-07	8.042138542869434	2020-09-01	ne_star-lbi	north	2020
2020-02-01	B/Antananarivo/3745/2019_EPI_ISL_389238	2.4e-05	8.03867599999998	8.670887999999996	-6.930480350724014	2.5143171380831204e-07	8.042138542869434	2020-09-01	ne_star-lbi	north	2020
2020-02-01	B/Antananarivo/3779/2019_EPI_ISL_389239	3.3e-05	8.03867599999998	8.670887999999996	-6.9305395271199455	3.4570667263674197e-07	8.042138542869434	2020-09-01	ne_star-lbi	north	2020
2020-02-01	B/Antsirabe/3506/2019_EPI_ISL_377209	1e-05	8.809564999999985	9.428680999999996	-6.9302857226033545	1.0477510885136718e-07	8.62034959544351	2020-09-01	ne_star-lbi	north	2020
2020-02-01	B/Araras/1214818-IAL/2019_EPI_ISL_393628	5.2000000000000004e-05	8.034353999999981	8.643181999999996	-6.910883346190764	5.510320151641995e-07	8.041678844731814	2020-09-01	ne_star-lbi	north	2020
2020-02-01	B/Argentina/2801/2019_EPI_ISL_402615	0.008909	2.052139999999997	2.1212809999999993	0.19592989967840302	0.005962542448751171	1.382958722386939	2020-09-01	ne_star-lbi	north	2020
2020-02-01	B/Argentina/2842/2019_EPI_ISL_402611	0.008715	4.574277999999993	4.949460999999999	-2.337254403993146	0.0013308127008690204	4.201747179317585	2020-09-01	ne_star-lbi	north	2020
2020-02-01	B/Arizona/12/2019_EPI_ISL_365697	1.6e-05	2.052139999999997	2.1212809999999993	-1.2429595769742037	4.6259025656907765e-06	1.382958722386939	2020-09-01	ne_star-lbi	north	2020
2020-02-01	B/Arizona/16/2019_EPI_ISL_393674	0.000181	2.052139999999997	2.1212809999999993	3.279987224418323	0.0007321353816247884	1.382958722386939	2020-09-01	ne_star-lbi	north	2020
2020-02-01	B/Arkansas/06/2019_EPI_ISL_401102	0.012232999999999999	3.027660999999994	3.1212649999999984	-1.1001557152284263	0.003844033668458659	2.375270655050023	2020-09-01	ne_star-lbi	north	2020
2020-02-01	B/Bahia/735/2019_EPI_ISL_395519	7.3e-05	9.034194999999986	9.643165999999997	-6.929199662089235	7.653430128708926e-07	9.041677314045794	2020-09-01	ne_star-lbi	north	2020
2020-02-01	B/Bangkok/259/2019_EPI_ISL_386904	2.8000000000000013e-05	3.9544579999999954	3.9805859999999993	-3.512480318875122	2.1541585639790754e-06	3.354776075477423	2020-09-01	ne_star-lbi	north	2020
2020-02-01	B/Bangladesh/1006/2019_EPI_ISL_389986	1.9e-05	5.814580999999995	6.771991	4.449039292720594	0.0001519960345743114	5.724402001211468	2020-09-01	ne_star-lbi	north	2020
2020-02-01	B/Bangladesh/1017/2019_EPI_ISL_401053	0.000837	5.814580999999995	6.771991	1.968363439913409	0.001575264713758158	5.724402001211468	2020-09-01	ne_star-lbi	north	2020
2020-02-01	B/Bangladesh/1133/2019_EPI_ISL_401048	0.005589	7.761285999999983	8.762359	-0.47725415616160516	0.002525766686321137	7.690770746286786	2020-09-01	ne_star-lbi	north	2020
2020-02-01	B/Bangladesh/1190604018_/2019_EPI_ISL_391332	2.3e-05	2.052139999999997	2.1212809999999993	6.819775289856294	0.0007335083641637648	1.382958722386939	2020-09-01	ne_star-lbi	north	2020
2020-02-01	B/Bangladesh/1190609012/2019_EPI_ISL_389975	1.4999999999999999e-05	3.0351399999999944	3.1211789999999984	5.959667587131757	0.0002896477392844085	2.36596007916894	2020-09-01	ne_star-lbi	north	2020
2020-02-01	B/Bangladesh/1190614010/2019_EPI_ISL_389984	1.4999999999999999e-05	4.035002999999994	4.104009	-3.74096306381561	1.0100140881999639e-06	3.3659545854250306	2020-09-01	ne_star-lbi	north	2020
2020-02-01	B/Bangladesh/1696/2019_EPI_ISL_398470	4.4e-05	3.0351399999999944	3.1211789999999984	-0.46430139654345026	2.003517912916962e-05	2.36596007916894	2020-09-01	ne_star-lbi	north	2020
2020-02-01	B/Bangladesh/1730/2019_EPI_ISL_397148	0.00062	5.814580999999995	6.771991	2.277477305859533	0.0013974304533079906	5.724402001211468	2020-09-01	ne_star-lbi	north	2020
2020-02-01	B/Bangladesh/1733/2019_EPI_ISL_398471	0.000593	5.814580999999995	6.771991	2.709542846864357	0.001719697344677592	5.724402001211468	2020-09-01	ne_star-lbi	north	2020
2020-02-01	B/Bangladesh/1746/2019_EPI_ISL_397141	0.000593	6.813263999999986	7.771882999999994	-0.4074232775439372	0.0002791288079968984	6.723842819437863	2020-09-01	ne_star-lbi	north	2020
2020-02-01	B/Bangladesh/1771/2019_EPI_ISL_401054	0.004332	6.772476999999986	7.762374999999994	0.5686497871696878	0.0036034230367799776	6.69582227965943	2020-09-01	ne_star-lbi	north	2020
2020-02-01	B/Bangladesh/1783/2019_EPI_ISL_401274	0.006712	5.814580999999995	6.771991	-0.5712145610069903	0.0028714898526563757	5.724402001211468	2020-09-01	ne_star-lbi	north	2020
2020-02-01	B/Bangladesh/2002/2019_EPI_ISL_389983	1.2e-05	6.790170999999987	7.7521969999999945	-2.587208035502881	1.5838276721991014e-06	6.7152529073057305	2020-09-01	ne_star-lbi	north	2020
2020-02-01	B/Bangladesh/3026/2019_EPI_ISL_401286	0.002884	2.593993999999995	2.6400519999999976	5.3653418149661265	0.03937391247487139	1.5393814971040896	2020-09-01	ne_star-lbi	north	2020
2020-02-01	B/Bangladesh/341/2019_EPI_ISL_401237	5.2000000000000004e-05	5.814580999999995	6.771991	-1.0749425097091267	1.658230981793164e-05	5.724402001211468	2020-09-01	ne_star-lbi	north	2020
2020-02-01	B/Bangladesh/341/2019_EPI_ISL_401237__dup2	5.2000000000000004e-05	5.814580999999995	6.771991	3.419214965731842	0.0002281328909453642	5.724402001211468	2020-09-01	ne_star-lbi	north	2020
2020-02-01	B/Bangladesh/4004/2019_EPI_ISL_401291	0.006056000000000001	7.760351999999983	8.759347	-0.2894183501290962	0.0030537326971828483	7.689714814265063	2020-09-01	ne_star-lbi	north	2020
2020-02-01	B/Bangladesh/4014/2019_EPI_ISL_391334	3.7e-05	7.180348999999987	7.816496999999995	-7.180187017145347	3.350813362787798e-07	7.031905088326527	2020-09-01	ne_star-lbi	north	2020
2020-02-01	B/Bangladesh/4024/2019_EPI_ISL_401052	0.002274	6.772476999999986	7.762374999999994	1.266117470587766	0.0028412709000624338	6.69582227965943	2020-09-01	ne_star-lbi	north	2020
2020-02-01	B/Bangladesh/4026/2019_EPI_ISL_391333	2.6000000000000002e-05	5.814580999999995	6.771991	-0.3970940426549777	1.2312326053103569e-05	5.724402001211468	2020-09-01	ne_star-lbi	north	2020
2020-02-01	B/Bangladesh/458/2019_EPI_ISL_398899	4.9e-05	3.0351399999999944	3.1211789999999984	-0.5812777057396942	2.0840207396604892e-05	2.36596007916894	2020-09-01	ne_star-lbi	north	2020
2020-02-01	B/Bangladesh/524/2019_EPI_ISL_401289	0.00396	5.814580999999995	6.771991	0.5106701474777193	0.003184443272007166	5.724402001211468	2020-09-01	ne_star-lbi	north	2020
2020-02-01	B/Bangladesh/525/2019_EPI_ISL_401056	0.00396	5.814580999999995	6.771991	0.5106701474777193	0.003184443272007166	5.724402001211468	2020-09-01	ne_star-lbi	north	2020
2020-02-01	B/Bangladesh/8008/2019_EPI_ISL_401051	0.00396	5.814580999999995	6.771991	0.797625353634042	0.0037646993863902013	5.724402001211468	2020-09-01	ne_star-lbi	north	2020
2020-02-01	B/Belize/4744/2019_EPI_ISL_401230	0.0009480000000000001	7.0392309999999885	7.670903999999994	-2.0631279073844775	0.00016986529748171035	7.042426826788521	2020-09-01	ne_star-lbi	north	2020
2020-02-01	B/Bhutan/0221/2019_EPI_ISL_400174	0.001524	3.020084999999994	2.9848389999999982	0.24602083376010764	0.0010502131489313184	2.365496117998042	2020-09-01	ne_star-lbi	north	2020
2020-02-01	B/Bhutan/191/2019_EPI_ISL_400169	0.000737	2.593993999999995	2.6400519999999976	6.303365234389191	0.017390745533865222	1.5393814971040896	2020-09-01	ne_star-lbi	north	2020
2020-02-01	B/Bhutan/194/2019_EPI_ISL_400167	0.000737	2.593993999999995	2.6400519999999976	6.303365234389191	0.017390745533865222	1.5393814971040896	2020-09-01	ne_star-lbi	north	2020
2020-02-01	B/Bhutan/199/2019_EPI_ISL_400164	0.000496	3.050996999999994	3.1212649999999984	1.759365494850367	0.0008263471780689485	2.381299024655414	2020-09-01	ne_star-lbi	north	2020
2020-02-01	B/Bhutan/224/2019_EPI_ISL_400173	0.001524	3.020084999999994	2.9848389999999982	1.2260749121203174	0.0018602136652667045	2.365496117998042	2020-09-01	ne_star-lbi	north	2020
2020-02-01	B/Bhutan/230/2019_EPI_ISL_400178	8.2e-05	8.771075999999985	9.734878999999998	1.403248128974657	0.00011098812216806943	8.694988719404474	2020-09-01	ne_star-lbi	north	2020
2020-02-01	B/Bhutan/233/2019_EPI_ISL_400177	0.00116	2.052139999999997	2.1212809999999993	3.0081729159043227	0.004004144988272905	1.382958722386939	2020-09-01	ne_star-lbi	north	2020
2020-02-01	B/Bolivia/1110/2019_EPI_ISL_395030	1.2e-05	3.0516149999999937	3.1205909999999983	-3.585143438090142	8.848965883069555e-07	2.3829380430128495	2020-09-01	ne_star-lbi	north	2020
2020-02-01	B/Bolivia/1133/2019_EPI_ISL_395299	1.4999999999999999e-05	7.0392309999999885	7.670903999999994	-6.811825401200689	1.6840692023167768e-07	7.042426826788521	2020-09-01	ne_star-lbi	north	2020
2020-02-01	B/Bolivia/1372/2019_EPI_ISL_401036	8.7e-05	3.0516149999999937	3.1205909999999983	-4.477917932716424	3.811153338430545e-06	2.3829380430128495	2020-09-01	ne_star-lbi	north	2020
2020-02-01	B/Brisbane/19/2019_EPI_ISL_390749	0.00027	2.943559999999995	2.9472679999999998	1.1385556322904333	0.0003131624117756498	2.335407579663999	2020-09-01	ne_star-lbi	north	2020
2020-02-01	B/Brisbane/30/2019_EPI_ISL_397130	0.0014119999999999	2.943559999999995	2.9472679999999998	-0.12659540581079903	0.0007829412257354617	2.335407579663999	2020-09-01	ne_star-lbi	north	2020
2020-02-01	B/Brisbane/38/2019_EPI_ISL_401995	0.003841	2.9182859999999944	2.8536419999999993	1.0802119789603148	0.004305954946876613	2.3115839958780087	2020-09-01	ne_star-lbi	north	2020
2020-02-01	B/Brunei/16/2019_EPI_ISL_401996	0.001524	2.052139999999997	2.1212809999999993	2.6532635831048412	0.0042768556554954994	1.382958722386939	2020-09-01	ne_star-lbi	north	2020
2020-02-01	B/California/30/2019_EPI_ISL_393641	0.000453	2.052139999999997	2.1212809999999993	5.474920553475697	0.00659283224208132	1.382958722386939	2020-09-01	ne_star-lbi	north	2020
2020-02-01	B/California/31/2019_EPI_ISL_397052	0.002196	4.008058999999995	4.083733	-0.3674945281061094	0.0010580295338561156	3.369439050111147	2020-09-01	ne_star-lbi	north	2020
2020-02-01	B/California/34/2019_EPI_ISL_397050	0.0033909999999999	4.986819999999992	5.0902639999999995	-1.2117173059850015	0.000998433528443867	4.35744105689375	2020-09-01	ne_star-lbi	north	2020
2020-02-01	B/Canberra/45/2019_EPI_ISL_389352	1.9e-05	2.052139999999997	2.1212809999999993	1.0988438003047225	2.1532721927763134e-05	1.382958722386939	2020-09-01	ne_star-lbi	north	2020
2020-02-01	B/Canberra/66/2019_EPI_ISL_397128	0.001643	2.052139999999997	2.1212809999999993	1.0124526018863431	0.001770503062692561	1.382958722386939	2020-09-01	ne_star-lbi	north	2020
2020-02-01	B/Chile/5752/2019_EPI_ISL_402707	0.005589	7.973750999999979	8.650599999999997	-1.7722251134450315	0.0011866627192357588	8.022584220389499	2020-09-01	ne_star-lbi	north	2020
2020-02-01	B/Chile/6380/2019_EPI_ISL_404946	0.009106	7.973750999999979	8.650599999999997	-0.9564155476851507	0.0031116931513037877	8.022584220389499	2020-09-01	ne_star-lbi	north	2020
2020-02-01	B/Chile/8427/2019_EPI_ISL_404944	0.009706999999999999	7.973750999999979	8.650599999999997	-0.9946767643793285	0.003243852590089336	8.022584220389499	2020-09-01	ne_star-lbi	north	2020
2020-02-01	B/Chongqing-Banan/321/2019_EPI_ISL_402234	0.0083299999999999	2.8702689999999946	2.392250999999999	1.8649785781682975	0.014759842657224454	2.1075233533854076	2020-09-01	ne_star-lbi	north	2020
2020-02-01	B/Christchurch/505/2019_EPI_ISL_377396	1.2e-05	2.9182859999999944	2.8536419999999993	7.521327684639572	0.0005762204605163089	2.3115839958780087	2020-09-01	ne_star-lbi	north	2020
2020-02-01	B/Costa_Rica/6708/2019_EPI_ISL_391331	2.3e-05	7.0392309999999885	7.670903999999994	-6.791054188015	2.6137175716123355e-07	7.042426826788521	2020-09-01	ne_star-lbi	north	2020
2020-02-01	B/Costa_Rica/8858/2019_EPI_ISL_391336	8.2e-05	8.03146599999998	8.670887999999996	-6.842632315785891	9.042279999839155e-07	8.036538890181879	2020-09-01	ne_star-lbi	north	2020
2020-02-01	B/Cotia/1188939-IAL/2019_EPI_ISL_393626	1.4999999999999999e-05	9.034310999999986	9.643165999999997	-1.0835726764512992	4.759338424327072e-06	9.041669326054972	2020-09-01	ne_star-lbi	north	2020
2020-02-01	B/Darwin/175/2019_EPI_ISL_406837	0.008522	2.052139999999997	2.1212809999999993	0.911002477908039	0.008655644915186547	1.382958722386939	2020-09-01	ne_star-lbi	north	2020
2020-02-01	B/Darwin/176/2019_EPI_ISL_406838	0.0075879999999999	3.0368689999999945	3.1212649999999984	0.4489505783189539	0.0058861281506403795	2.3711855618576596	2020-09-01	ne_star-lbi	north	2020
2020-02-01	B/Darwin/189/2019_EPI_ISL_401908	0.013752	3.5664769999999955	3.640005999999999	2.1587948097604026	0.028922613774941902	2.4815362695542063	2020-09-01	ne_star-lbi	north	2020
2020-02-01	B/Delaware/11/2019_EPI_ISL_401331__dup2	0.005146	3.041802999999994	3.1212649999999984	1.3337763945159882	0.0066885591433182255	2.36958131218262	2020-09-01	ne_star-lbi	north	2020
2020-02-01	B/District_Of_Columbia/25/2019_EPI_ISL_404668	0.011162	3.9794539999999947	4.121217	-0.800885320908798	0.004176504199672928	3.357979716653404	2020-09-01	ne_star-lbi	north	2020
2020-02-01	B/Dunedin/3/2019_EPI_ISL_389500	1.3000000000000001e-05	2.052139999999997	2.1212809999999993	0.08044644108940681	8.133724854785954e-06	1.382958722386939	2020-09-01	ne_star-lbi	north	2020
2020-02-01	B/EHIME/6/2019_EPI_ISL_400560	0.002884	3.911151999999994	3.867229999999999	0.19977265193590188	0.001934511420327052	3.3221578640728917	2020-09-01	ne_star-lbi	north	2020
2020-02-01	B/El_Salvador/551/2019_EPI_ISL_395520	0.00062	7.0392309999999885	7.670903999999994	-2.0428238462530106	0.00011241695447964108	7.042426826788521	2020-09-01	ne_star-lbi	north	2020
2020-02-01	B/El_Salvador/562/2019_EPI_ISL_395521	0.000802	7.0392309999999885	7.670903999999994	-2.0452636192305924	0.0001452099600718499	7.042426826788521	2020-09-01	ne_star-lbi	north	2020
2020-02-01	B/El_Salvador/796/2019_EPI_ISL_401302	0.0062159999999999	7.839247999999981	8.637057999999998	-2.335934870351442	0.0009499370791569422	7.9270849448351	2020-09-01	ne_star-lbi	north	2020
2020-02-01	B/England/193940694/2019_EPI_ISL_399774	0.0021190000000000002	3.0048729999999946	3.1211849999999983	0.13652135864034892	0.0013698815424709016	2.366726410926045	2020-09-01	ne_star-lbi	north	2020
2020-02-01	B/England/287/2019_EPI_ISL_399794	0.00018999999999999998	3.0351399999999944	3.1211789999999984	2.7842592328729543	0.0005755452334494635	2.36596007916894	2020-09-01	ne_star-lbi	north	2020
2020-02-01	B/England/293/2019_EPI_ISL_399797	0.000343	2.052139999999997	2.1212809999999993	4.734723610744443	0.0032415117377437488	1.382958722386939	2020-09-01	ne_star-lbi	north	2020
2020-02-01	B/England/92840642/2019_EPI_ISL_399790	6.9e-05	2.052139999999997	2.1212809999999993	2.1483517973315513	0.00014423649112647297	1.382958722386939	2020-09-01	ne_star-lbi	north	2020
2020-02-01	B/England/93480276/2019_EPI_ISL_399771	0.000593	2.052139999999997	2.1212809999999993	1.6025643552712645	0.0009015956504871402	1.382958722386939	2020-09-01	ne_star-lbi	north	2020
2020-02-01	B/Eskilstuna/4/2019_EPI_ISL_404284	0.016901	2.052139999999997	2.1212809999999993	-0.7393760597199177	0.006554898433133865	1.382958722386939	2020-09-01	ne_star-lbi	north	2020
2020-02-01	B/Fes/93/2019_EPI_ISL_406052	0.008522	5.322109999999991	5.744333999999993	-0.531858259971718	0.0037305024724160686	5.053783612922031	2020-09-01	ne_star-lbi	north	2020
2020-02-01	B/Fes/97/2019_EPI_ISL_406054	0.008522	3.5206569999999955	3.862852000000001	-1.6479876515576768	0.0019453997000352108	3.18070128410967	2020-09-01	ne_star-lbi	north	2020
2020-02-01	B/Finland/124/2019_EPI_ISL_406237	0.00047400000000000003	2.052139999999997	2.1212809999999993	3.5379371498035637	0.00222863935755684	1.382958722386939	2020-09-01	ne_star-lbi	north	2020
2020-02-01	B/Finland/124/2019_EPI_ISL_406237__dup2	0.00047400000000000003	2.052139999999997	2.1212809999999993	3.5379371498035637	0.00222863935755684	1.382958722386939	2020-09-01	ne_star-lbi	north	2020
2020-02-01	B/Florida/34/2019_EPI_ISL_386893	0.00011999999999999999	5.051108999999992	5.117054999999999	-5.10606568355438	3.64405094433814e-06	4.382923466809075	2020-09-01	ne_star-lbi	north	2020
2020-02-01	B/Florida/35/2019_EPI_ISL_386892	0.000155	2.052139999999997	2.1212809999999993	4.853637608762497	0.0015700398093419611	1.382958722386939	2020-09-01	ne_star-lbi	north	2020
2020-02-01	B/Florida/43/2019_EPI_ISL_393661	0.000737	3.050652999999994	3.1176929999999987	2.470465882239581	0.0018590772146107055	2.379240567957719	2020-09-01	ne_star-lbi	north	2020
2020-02-01	B/Florida/44/2019_EPI_ISL_393660	0.000769	2.052139999999997	2.1212809999999993	1.6935163173004306	0.0012328921382105474	1.382958722386939	2020-09-01	ne_star-lbi	north	2020
2020-02-01	B/Florida/53/2019_EPI_ISL_395525	0.001524	7.0392309999999885	7.670903999999994	-1.9856157230503684	0.0002857051771659715	7.042426826788521	2020-09-01	ne_star-lbi	north	2020
2020-02-01	B/Florida/57/2019_EPI_ISL_395493	0.0030800000000000003	7.0392309999999885	7.670903999999994	-2.002961322208506	0.0005715964889859229	7.042426826788521	2020-09-01	ne_star-lbi	north	2020
2020-02-01	B/Fujian-Cangshan/1662/2019_EPI_ISL_391013__dup2	0.000327	2.052139999999997	2.1212809999999993	2.084214626912993	0.0006584539380031779	1.382958722386939	2020-09-01	ne_star-lbi	north	2020
2020-02-01	B/GIFU/4/2019_EPI_ISL_394178	2.2e-05	3.756615999999997	3.742613999999998	6.945848967827142	0.0007551604300810531	3.2002376096400664	2020-09-01	ne_star-lbi	north	2020
2020-02-01	B/Guangdong-Maonan/1658/2019_EPI_ISL_390638	0.000221	2.890469999999994	3.010252999999998	3.517172463820178	0.001026581029509597	2.271612336149	2020-09-01	ne_star-lbi	north	2020
2020-02-01	B/Guangdong-Rongcheng/1628/2019_EPI_ISL_390621	0.000312	3.8695759999999964	3.3922349999999986	1.0873144309425369	0.0003512198818860934	3.1068166053045085	2020-09-01	ne_star-lbi	north	2020
2020-02-01	B/Guangxi-Xinbin/1725/2019_EPI_ISL_390635	0.000327	2.8702689999999946	2.392250999999999	3.225436437287308	0.0012812703062912375	2.1075233533854076	2020-09-01	ne_star-lbi	north	2020
2020-02-01	B/Guangxi-Youjiang/1573/2019_EPI_ISL_377021	5.2000000000000004e-05	2.8702689999999946	2.392250999999999	0.3484060544946334	3.803942477431282e-05	2.1075233533854076	2020-09-01	ne_star-lbi	north	2020
2020-02-01	B/Guarda/171/2019_EPI_ISL_406061	0.012017	2.052139999999997	2.1212809999999993	-0.07184434704229946	0.0068795665172510815	1.382958722386939	2020-09-01	ne_star-lbi	north	2020
2020-02-01	B/Guarulhos/1353090-IAL/2019_EPI_ISL_402974	0.003725	2.052139999999997	2.1212809999999993	0.6727174069302526	0.0032924365107787168	1.382958722386939	2020-09-01	ne_star-lbi	north	2020
2020-02-01	B/Guatemala/436/2019_EPI_ISL_398527	7.3e-05	7.0392309999999885	7.670903999999994	-6.742902958324571	8.532027360202237e-07	7.042426826788521	2020-09-01	ne_star-lbi	north	2020
2020-02-01	B/Guatemala/440/2019_EPI_ISL_398466	1.2e-05	7.0392309999999885	7.670903999999994	-6.885960181935387	1.290234737549252e-07	7.042426826788521	2020-09-01	ne_star-lbi	north	2020
2020-02-01	B/Guyane/739/2019_EPI_ISL_368217	1.2e-05	9.114737999999988	9.576849999999997	-6.931807014622513	1.2561860463834147e-07	9.059482296289818	2020-09-01	ne_star-lbi	north	2020
2020-02-01	B/HIROSHIMA/15/2019_EPI_ISL_395540	0.002698	2.593993999999995	2.6400519999999976	1.9408141379030617	0.004996785823805148	1.5393814971040896	2020-09-01	ne_star-lbi	north	2020
2020-02-01	B/HK/655/2019_EPI_ISL_394115	4.7e-05	4.869022999999993	4.368564999999999	-2.3202915697363418	7.24844322548107e-06	4.10650176777525	2020-09-01	ne_star-lbi	north	2020
2020-02-01	B/HK/668/2019_EPI_ISL_381933	4.2e-05	3.020084999999994	2.9848389999999982	4.937479755621759	0.00044675425335521024	2.365496117998042	2020-09-01	ne_star-lbi	north	2020
2020-02-01	B/HK/671/2019_EPI_ISL_394122	5.5e-05	2.8702689999999946	2.392250999999999	5.431872531520281	0.0007806040378968784	2.1075233533854076	2020-09-01	ne_star-lbi	north	2020
2020-02-01	B/HK/672/2019_EPI_ISL_394123	5.5e-05	4.869022999999993	4.368564999999999	-2.451551861453268	7.856991703929008e-06	4.10650176777525	2020-09-01	ne_star-lbi	north	2020
2020-02-01	B/HK/865/2019_EPI_ISL_394154	0.000496	2.052139999999997	2.1212809999999993	1.762547768736074	0.0008278825728347419	1.382958722386939	2020-09-01	ne_star-lbi	north	2020
2020-02-01	B/HK/866/2019_EPI_ISL_394153	0.000496	2.8702689999999946	2.392250999999999	3.6939204742735754	0.0025542282502415887	2.1075233533854076	2020-09-01	ne_star-lbi	north	2020
2020-02-01	B/HK/917/2019_EPI_ISL_398590	0.001207	2.8702689999999946	2.392250999999999	3.0214677479684116	0.004198819134715922	2.1075233533854076	2020-09-01	ne_star-lbi	north	2020
2020-02-01	B/HK/927/2019_EPI_ISL_398591	0.001835	7.784342999999983	8.734895	1.0961224587294252	0.0020763089651170325	7.698539551922888	2020-09-01	ne_star-lbi	north	2020
2020-02-01	B/HK/928/2019_EPI_ISL_398592	0.001835	2.052139999999997	2.1212809999999993	0.17181560909146254	0.0012109592156170578	1.382958722386939	2020-09-01	ne_star-lbi	north	2020
2020-02-01	B/HK/977/2019_EPI_ISL_398595	0.0065450000000000005	5.895292999999995	6.787387	-0.8621220987498164	0.0023630174291079937	5.776397315957475	2020-09-01	ne_star-lbi	north	2020
2020-02-01	B/Hawaii/28/2019_EPI_ISL_368234	1.9e-05	2.052139999999997	2.1212809999999993	1.0988438003047225	2.1532721927763134e-05	1.382958722386939	2020-09-01	ne_star-lbi	north	2020
2020-02-01	B/Hawaii/33/2019_EPI_ISL_386898	0.00018999999999999998	3.048862999999994	3.1212649999999984	2.991924826246347	0.0006496645068904682	2.3797248819528325	2020-09-01	ne_star-lbi	north	2020
2020-02-01	B/Hawaii/40/2019_EPI_ISL_395507	0.0023539999999999998	3.047418999999994	3.1155589999999984	-0.896060980691349	0.0008332315555110494	2.381292259275918	2020-09-01	ne_star-lbi	north	2020
2020-02-01	B/Hong_Kong/576/2019_EPI_ISL_377216	2.3e-05	2.8702689999999946	2.392250999999999	10.346055380919488	0.005737826278080125	2.1075233533854076	2020-09-01	ne_star-lbi	north	2020
2020-02-01	B/Hong_Kong/588/2019_EPI_ISL_377228	2.4e-05	2.8702689999999946	2.392250999999999	13.689846196929135	0.042105766318736984	2.1075233533854076	2020-09-01	ne_star-lbi	north	2020
2020-02-01	B/Hong_Kong/734/2019_EPI_ISL_389952	0.000113	3.0519009999999938	3.1212649999999984	-2.8007706788925413	1.3167444467176505e-05	2.3829323874980055	2020-09-01	ne_star-lbi	north	2020
2020-02-01	B/Hong_Kong/744/2019_EPI_ISL_389948	0.00011999999999999999	2.8702689999999946	2.392250999999999	1.9790818735924434	0.00022726090104527774	2.1075233533854076	2020-09-01	ne_star-lbi	north	2020
2020-02-01	B/Hubei-Duodao/1857/2019_EPI_ISL_402240	0.0072310000000000004	2.052139999999997	2.1212809999999993	1.1269764164604696	0.008330494190867134	1.382958722386939	2020-09-01	ne_star-lbi	north	2020
2020-02-01	B/Hunan-Hecheng/1847/2019_EPI_ISL_390617	0.000327	2.8702689999999946	2.392250999999999	3.2670576820567	0.0013127590560432073	2.1075233533854076	2020-09-01	ne_star-lbi	north	2020
2020-02-01	B/Hunan-Heshan/1844/2019_EPI_ISL_402317	0.0042060000000000005	2.8702689999999946	2.392250999999999	3.048344172430849	0.014862709782307412	2.1075233533854076	2020-09-01	ne_star-lbi	north	2020
2020-02-01	B/Hunan-Heshan/1926/2019_EPI_ISL_402230	0.007955	4.748997999999995	4.218222000000002	-0.633790910395063	0.003281274223240889	4.052675940249061	2020-09-01	ne_star-lbi	north	2020
2020-02-01	B/Hunan-Suxian/11134/2019_EPI_ISL_402250	0.013969	4.838822999999995	4.867149999999999	-1.2027736403712013	0.004134494881248561	4.301781564323751	2020-09-01	ne_star-lbi	north	2020
2020-02-01	B/Hunan-Yuhu/1838/2019_EPI_ISL_402284	0.004864	3.736414999999998	3.1246119999999977	-0.05632175085696493	0.002809901199075768	3.0361486268764764	2020-09-01	ne_star-lbi	north	2020
2020-02-01	B/Ibra/6682/2019_EPI_ISL_401646	0.005439	2.052139999999997	2.1212809999999993	0.6707845605261566	0.004801981985527531	1.382958722386939	2020-09-01	ne_star-lbi	north	2020
2020-02-01	B/Idaho/16/2019_EPI_ISL_401029__dup2	0.012232999999999999	5.487022999999992	5.622067999999995	-1.4054222400440275	0.0032170027731875995	4.508407119597797	2020-09-01	ne_star-lbi	north	2020
2020-02-01	B/India/1326/2019_EPI_ISL_391335	5.5e-05	2.957847999999994	3.1047229999999986	0.6483119142528805	4.7925976651507686e-05	2.325968743787111	2020-09-01	ne_star-lbi	north	2020
2020-02-01	B/India/1591/2019_EPI_ISL_391340	0.000181	2.052139999999997	2.1212809999999993	3.5067956711398134	0.0008357005638321691	1.382958722386939	2020-09-01	ne_star-lbi	north	2020
2020-02-01	B/India/2244/2019_EPI_ISL_404936	0.000433	2.593993999999995	2.6400519999999976	3.387448841543193	0.0018647682926526427	1.5393814971040896	2020-09-01	ne_star-lbi	north	2020
2020-02-01	B/India/3764/2019_EPI_ISL_404933	0.001835	2.052139999999997	2.1212809999999993	0.038380610635384754	0.0011202766943281157	1.382958722386939	2020-09-01	ne_star-lbi	north	2020
2020-02-01	B/India/3991/2019_EPI_ISL_404935	0.005742000000000001	3.582413999999995	3.5950059999999993	-0.8326212969999596	0.0021090853231723397	2.5351626131417326	2020-09-01	ne_star-lbi	north	2020
2020-02-01	B/India/4673/2019_EPI_ISL_404687	0.010322	3.0276949999999947	2.7046659999999987	0.5222869027823227	0.008356899055759339	2.3613604876090584	2020-09-01	ne_star-lbi	north	2020
2020-02-01	B/India/4674/2019_EPI_ISL_404686	0.010322	3.020084999999994	2.9848389999999982	-1.2419459671985225	0.002986050439946024	2.365496117998042	2020-09-01	ne_star-lbi	north	2020
2020-02-01	B/India/4728/2019_EPI_ISL_404932	0.0019030000000000002	2.593993999999995	2.6400519999999976	4.735250972761534	0.01798978064425562	1.5393814971040896	2020-09-01	ne_star-lbi	north	2020
2020-02-01	B/Indiana/11/2019_EPI_ISL_397063	0.004593	2.593993999999995	2.6400519999999976	1.2593627121175899	0.005716199642047086	1.5393814971040896	2020-09-01	ne_star-lbi	north	2020
2020-02-01	B/Iowa/23/2019_EPI_ISL_395047	0.001835	2.052139999999997	2.1212809999999993	-0.1428045717564233	0.0010079155102175929	1.382958722386939	2020-09-01	ne_star-lbi	north	2020
2020-02-01	B/Iowa/35/2019_EPI_ISL_402599__dup2	0.016093	2.593993999999995	2.6400519999999976	0.9405866705853908	0.016629903408782842	1.5393814971040896	2020-09-01	ne_star-lbi	north	2020
2020-02-01	B/Israel/995/2019_EPI_ISL_406253	0.019081	2.593993999999995	2.6400519999999976	1.2065193606677285	0.023026335167633298	1.5393814971040896	2020-09-01	ne_star-lbi	north	2020
2020-02-01	B/Jiangxi-Yuanzhou/11244/2019_EPI_ISL_402343	0.000312	3.051502999999994	3.1212649999999984	2.246818764470868	0.0006907583135989942	2.381577205759742	2020-09-01	ne_star-lbi	north	2020
2020-02-01	B/KANAGAWA/AC1884/2019_EPI_ISL_370363	1.9e-05	2.890469999999994	3.010252999999998	-0.9124022116395517	6.661514678970202e-06	2.271612336149	2020-09-01	ne_star-lbi	north	2020
2020-02-01	B/KANAGAWA/AC1885/2019_EPI_ISL_370366	2.8000000000000013e-05	3.052070999999994	3.1212649999999984	-0.993579783720752	9.36293523922707e-06	2.3829399965164617	2020-09-01	ne_star-lbi	north	2020
2020-02-01	B/KANAGAWA/AC1886/2019_EPI_ISL_370367	2.8000000000000013e-05	2.593993999999995	2.6400519999999976	5.79283448503447	0.0004905368933796976	1.5393814971040896	2020-09-01	ne_star-lbi	north	2020
2020-02-01	B/KAWASAKI/12/2019_EPI_ISL_394180	0.0001629999999999	2.9182859999999944	2.8536419999999993	2.992727539540339	0.0005576047981782997	2.3115839958780087	2020-09-01	ne_star-lbi	north	2020
2020-02-01	B/KOBE/19294/2019_EPI_ISL_394189	0.000233	3.756615999999997	3.742613999999998	4.078543763700542	0.001501667617635885	3.2002376096400664	2020-09-01	ne_star-lbi	north	2020
2020-02-01	B/Kentucky/10209/2019_EPI_ISL_404356	0.012449	2.052139999999997	2.1212809999999993	-1.4080708351864375	0.003268751725798301	1.382958722386939	2020-09-01	ne_star-lbi	north	2020
2020-02-01	B/Kenya/125/2019_EPI_ISL_395010	1e-05	2.052139999999997	2.1212809999999993	-2.89339609201323	1.1039705129847693e-06	1.382958722386939	2020-09-01	ne_star-lbi	north	2020
2020-02-01	B/Kenya/129/2019_EPI_ISL_393821	5.5e-05	7.0392309999999885	7.670903999999994	-6.894353399380486	5.884693517973021e-07	7.042426826788521	2020-09-01	ne_star-lbi	north	2020
2020-02-01	B/Kenya/8839/2019_EPI_ISL_389966	0.000147	2.052139999999997	2.1212809999999993	4.8185881999715034	0.0014588711572629724	1.382958722386939	2020-09-01	ne_star-lbi	north	2020
2020-02-01	B/Khasab/5820/2019_EPI_ISL_401649	0.0026089999999999998	3.020084999999994	2.9848389999999982	0.7326450129927116	0.002388070686950074	2.365496117998042	2020-09-01	ne_star-lbi	north	2020
2020-02-01	B/LaReunion/2151/2019_EPI_ISL_402990	0.0007059999999999	3.050714999999994	3.1212649999999984	1.5458833042591917	0.001038490017210996	2.380881742352518	2020-09-01	ne_star-lbi	north	2020
2020-02-01	B/Laos/2464/2019_EPI_ISL_404938	0.001207	2.052139999999997	2.1212809999999993	1.794248918736171	0.002052227270891118	1.382958722386939	2020-09-01	ne_star-lbi	north	2020
2020-02-01	B/Laos/2471/2019_EPI_ISL_404937	0.001115	3.049896999999994	3.1212649999999984	2.071720358409761	0.0022288828137911553	2.3785009567593582	2020-09-01	ne_star-lbi	north	2020
2020-02-01	B/Laos/2809/2019_EPI_ISL_404637	0.0032840000000000005	2.052139999999997	2.1212809999999993	0.7800289400737871	0.0030901560942084784	1.382958722386939	2020-09-01	ne_star-lbi	north	2020
2020-02-01	B/Laos/F2336/2019_EPI_ISL_400619	0.000593	2.8702689999999946	2.392250999999999	3.4161272718693234	0.002596910737928858	2.1075233533854076	2020-09-01	ne_star-lbi	north	2020
2020-02-01	B/Latvia/10-010670/2019_EPI_ISL_406072	0.0032840000000000005	2.593993999999995	2.6400519999999976	5.063748359954864	0.037602026071438824	1.5393814971040896	2020-09-01	ne_star-lbi	north	2020
2020-02-01	B/Latvia/11-034080/2019_EPI_ISL_406076	0.009505	2.593993999999995	2.6400519999999976	2.036760463954632	0.018616918775133044	1.5393814971040896	2020-09-01	ne_star-lbi	north	2020
2020-02-01	B/Lebanon/454/2019_EPI_ISL_377610	1e-05	2.052139999999997	2.1212809999999993	-2.89339609201323	1.1039705129847693e-06	1.382958722386939	2020-09-01	ne_star-lbi	north	2020
2020-02-01	B/Limoges/1987/2019_EPI_ISL_398275	0.00777	2.052139999999997	2.1212809999999993	-0.10107079156397263	0.004373023887411885	1.382958722386939	2020-09-01	ne_star-lbi	north	2020
2020-02-01	B/Louisiana/23/2019_EPI_ISL_389962	0.000327	2.052139999999997	2.1212809999999993	1.2809510130811264	0.0004121239392170155	1.382958722386939	2020-09-01	ne_star-lbi	north	2020
2020-02-01	B/Louisiana/28/2019_EPI_ISL_401018	0.00279	3.040966999999994	3.1212649999999984	0.1508698151941601	0.0018188265134230445	2.3756834163332483	2020-09-01	ne_star-lbi	north	2020
2020-02-01	B/Louisiana/28/2019_EPI_ISL_401018__dup2	0.00279	3.040966999999994	3.1212649999999984	0.1508698151941601	0.0018188265134230445	2.3756834163332483	2020-09-01	ne_star-lbi	north	2020
2020-02-01	B/Louisiana/42/2019_EPI_ISL_400116	0.001582	3.048962999999994	3.1212649999999984	2.145103905005701	0.0033007278767331156	2.3763572666334745	2020-09-01	ne_star-lbi	north	2020
2020-02-01	B/Lulea/1/2019_EPI_ISL_391069	0.00025699999999999996	5.1489359999999875	5.465015999999994	-1.1174546830381795	7.994749063023105e-05	4.362853624913165	2020-09-01	ne_star-lbi	north	2020
2020-02-01	B/Lulea/1/2019_EPI_ISL_391069__dup2	0.00025699999999999996	5.1489359999999875	5.465015999999994	-1.1174546830381795	7.994749063023105e-05	4.362853624913165	2020-09-01	ne_star-lbi	north	2020
2020-02-01	B/Luxembourg/LNS6899252/2020_EPI_ISL_406585	0.0213	6.125852999999992	6.4437739999999994	0.6552902179948087	0.018636131164047758	5.280710892784826	2020-09-01	ne_star-lbi	north	2020
2020-02-01	B/MIE/10/2019_EPI_ISL_394160	0.001973	2.052139999999997	2.1212809999999993	0.8223673641347387	0.0019029628285515264	1.382958722386939	2020-09-01	ne_star-lbi	north	2020
2020-02-01	B/Madeira/70/2019_EPI_ISL_406082__dup2	0.012449	3.027228999999994	3.1212649999999984	-0.8634008929601751	0.004491255615501291	2.373976211155938	2020-09-01	ne_star-lbi	north	2020
2020-02-01	B/Malaysia/RP2124/2019_EPI_ISL_404093	1.4999999999999999e-05	3.049742999999994	3.1212649999999984	-2.856193547418889	1.6922852436622762e-06	2.382212458559423	2020-09-01	ne_star-lbi	north	2020
2020-02-01	B/Marilia/1216668-IAL/2019_EPI_ISL_393629	6.2e-05	9.987792999999984	10.640111999999997	-6.930660589247557	6.494636397006342e-07	10.009683426362615	2020-09-01	ne_star-lbi	north	2020
2020-02-01	B/Meknes/125/2019_EPI_ISL_406085	0.009909999999999999	4.483779999999994	4.8553619999999995	-0.6474885732888526	0.004055140002433849	4.165129999159972	2020-09-01	ne_star-lbi	north	2020
2020-02-01	B/Michigan/57/2019_EPI_ISL_395008	0.00091	2.052139999999997	2.1212809999999993	2.091876820503209	0.001840603176863546	1.382958722386939	2020-09-01	ne_star-lbi	north	2020
2020-02-01	B/Michigan/66/2019_EPI_ISL_402633__dup2	0.010115	2.593993999999995	2.6400519999999976	2.172807203787595	0.02144803154619412	1.5393814971040896	2020-09-01	ne_star-lbi	north	2020
2020-02-01	B/Moscow/RII-508S/2019_EPI_ISL_403246	0.016093	2.052139999999997	2.1212809999999993	-0.4318158449062437	0.007468053211336439	1.382958722386939	2020-09-01	ne_star-lbi	north	2020
2020-02-01	B/Muscat/5733/2019_EPI_ISL_401656	0.002884	2.593993999999995	2.6400519999999976	1.8570683477696817	0.005086605037117749	1.5393814971040896	2020-09-01	ne_star-lbi	north	2020
2020-02-01	B/Muscat/7322/2019_EPI_ISL_401661	0.0083299999999999	3.035466999999994	3.1212649999999984	1.0626430744262896	0.009243135012597123	2.3644724523617464	2020-09-01	ne_star-lbi	north	2020
2020-02-01	B/Myanmar/19M149/2019_EPI_ISL_370373	2e-05	4.037363999999994	4.1212029999999995	-4.3464301788404525	9.459715366311574e-07	3.378390966177675	2020-09-01	ne_star-lbi	north	2020
2020-02-01	B/NAGANO/2773/2019_EPI_ISL_400585	0.009505	2.593993999999995	2.6400519999999976	1.7121243371489683	0.015405116659748355	1.5393814971040896	2020-09-01	ne_star-lbi	north	2020
2020-02-01	B/Nebraska/06/2019_EPI_ISL_386903	0.000102	6.1362199999999945	6.811583	-6.931746575001134	1.067795785446505e-06	6.0699027256171405	2020-09-01	ne_star-lbi	north	2020
2020-02-01	B/New_Caledonia/17/2019_EPI_ISL_389347	0.0001629999999999	2.052139999999997	2.1212809999999993	4.790053121021069	0.0015909560232299162	1.382958722386939	2020-09-01	ne_star-lbi	north	2020
2020-02-01	B/New_Caledonia/4/2019_EPI_ISL_389344	1e-05	2.052139999999997	2.1212809999999993	0.5922679245422455	8.433545357059566e-06	1.382958722386939	2020-09-01	ne_star-lbi	north	2020
2020-02-01	B/New_Caledonia/9/2019_EPI_ISL_404111	6.2e-05	2.052139999999997	2.1212809999999993	2.264004442173249	0.00013864908535345946	1.382958722386939	2020-09-01	ne_star-lbi	north	2020
2020-02-01	B/New_York/9849/2019_EPI_ISL_393561	6.9e-05	4.7721369999999945	4.251556	-4.225721119334218	3.5016876940597657e-06	4.078387756825265	2020-09-01	ne_star-lbi	north	2020
2020-02-01	B/Newcastle/8/2019_EPI_ISL_390755	0.000312	2.052139999999997	2.1212809999999993	2.127928873776287	0.0006444759868448527	1.382958722386939	2020-09-01	ne_star-lbi	north	2020
2020-02-01	B/North_Dakota/09/2019_EPI_ISL_386902	0.000102	2.052139999999997	2.1212809999999993	1.4628289007058155	0.00014294103524619114	1.382958722386939	2020-09-01	ne_star-lbi	north	2020
2020-02-01	B/Norway/2115/2019_EPI_ISL_378141	1.6e-05	7.170098999999988	7.816496999999995	-7.167706034775001	1.459588422927648e-07	7.018528348284878	2020-09-01	ne_star-lbi	north	2020
2020-02-01	B/Norway/2116/2019_EPI_ISL_378142	1.1e-05	2.9182859999999944	2.8536419999999993	-0.6025428424261855	4.620738220466699e-06	2.3115839958780087	2020-09-01	ne_star-lbi	north	2020
2020-02-01	B/Norway/2116/2019_EPI_ISL_378142__dup2	1.1e-05	2.052139999999997	2.1212809999999993	0.9443385907199209	1.1391893238181075e-05	1.382958722386939	2020-09-01	ne_star-lbi	north	2020
2020-02-01	B/Norway/2210/2019_EPI_ISL_389165	0.000244	2.052139999999997	2.1212809999999993	3.7103125014408973	0.0012685879579049078	1.382958722386939	2020-09-01	ne_star-lbi	north	2020
2020-02-01	B/Norway/2211/2019_EPI_ISL_389166	0.00021099999999999998	2.052139999999997	2.1212809999999993	3.771010299001356	0.0011365545876255005	1.382958722386939	2020-09-01	ne_star-lbi	north	2020
2020-02-01	B/Norway/2211/2019_EPI_ISL_389166__dup2	0.00021099999999999998	2.052139999999997	2.1212809999999993	4.282111362348497	0.001531340784601053	1.382958722386939	2020-09-01	ne_star-lbi	north	2020
2020-02-01	B/Norway/2225/2019_EPI_ISL_389178	0.000181	7.0392309999999885	7.670903999999994	-2.0695340144651593	3.231111822268906e-05	7.042426826788521	2020-09-01	ne_star-lbi	north	2020
2020-02-01	B/Norway/2284/2019_EPI_ISL_397085	0.002884	3.5882129999999943	3.6258119999999994	-0.4807758469466807	0.0013006552478562299	2.536780186608378	2020-09-01	ne_star-lbi	north	2020
2020-02-01	B/OKINAWA/73/2019_EPI_ISL_394198	4.9e-05	3.052028999999994	3.1212649999999984	-4.492131253057061	2.1287882747543462e-06	2.3829544648103904	2020-09-01	ne_star-lbi	north	2020
2020-02-01	B/OSAKA/21/2019_EPI_ISL_394192	0.000312	5.9058759999999895	5.906916999999996	0.7064708500886165	0.0002812527456981981	5.322347906708242	2020-09-01	ne_star-lbi	north	2020
2020-02-01	B/Ohio/04/2019_EPI_ISL_377618	3.3e-05	8.84115899999999	9.639993999999996	-6.9305395271199455	3.4570667263674197e-07	8.914348501791185	2020-09-01	ne_star-lbi	north	2020
2020-02-01	B/Oman/4100/2019_EPI_ISL_393890	1.3000000000000001e-05	3.0374849999999936	3.1212449999999983	-2.527843733011483	1.776271276703499e-06	2.3783377626161695	2020-09-01	ne_star-lbi	north	2020
2020-02-01	B/Oman/4116/2019_EPI_ISL_393891	1.6e-05	4.052049999999994	4.120156999999999	-3.7344227577911915	1.0814664877646186e-06	3.382954396520991	2020-09-01	ne_star-lbi	north	2020
2020-02-01	B/Oman/4147/2019_EPI_ISL_389244	1.9e-05	2.052139999999997	2.1212809999999993	-1.3965989262627874	5.022354282974402e-06	1.382958722386939	2020-09-01	ne_star-lbi	north	2020
2020-02-01	B/Oman/4147/2019_EPI_ISL_389244__dup2	1.9e-05	2.052139999999997	2.1212809999999993	-1.3965989262627874	5.022354282974402e-06	1.382958722386939	2020-09-01	ne_star-lbi	north	2020
2020-02-01	B/Oman/4229/2019_EPI_ISL_389245	2.8999999999999997e-05	3.0351399999999944	3.1211789999999984	5.849100643195498	0.0005250081243597282	2.36596007916894	2020-09-01	ne_star-lbi	north	2020
2020-02-01	B/Oman/4234/2019_EPI_ISL_393894	2.8999999999999997e-05	7.784342999999983	8.734895	3.199556094421389	0.0001119269116801268	7.698539551922888	2020-09-01	ne_star-lbi	north	2020
2020-02-01	B/Oman/4241/2019_EPI_ISL_389246	3.1e-05	7.748435999999982	8.722501	0.6757425272731717	2.7448537220183895e-05	7.695810426832097	2020-09-01	ne_star-lbi	north	2020
2020-02-01	B/Oman/4241/2019_EPI_ISL_389246__dup2	3.1e-05	8.747880999999987	9.722484999999997	0.42704619922702	2.3741866760155506e-05	8.69552214291302	2020-09-01	ne_star-lbi	north	2020
2020-02-01	B/Oman/4324/2019_EPI_ISL_389248	5.2000000000000004e-05	2.052139999999997	2.1212809999999993	-2.1920575320979307	8.642449277053694e-06	1.382958722386939	2020-09-01	ne_star-lbi	north	2020
2020-02-01	B/Oman/4324/2019_EPI_ISL_389248__dup2	5.2000000000000004e-05	2.052139999999997	2.1212809999999993	-3.738322596951798	3.5067794100696465e-06	1.382958722386939	2020-09-01	ne_star-lbi	north	2020
2020-02-01	B/Oman/4332/2019_EPI_ISL_393897	4.7e-05	3.052032999999994	3.1212649999999984	3.0463313430883536	0.00016588864512655617	2.382626945096687	2020-09-01	ne_star-lbi	north	2020
2020-02-01	B/Oman/4357/2019_EPI_ISL_393898	5.9e-05	6.142842999999995	6.396737	-7.4291996707215695	4.6207880365863124e-07	5.359842412288463	2020-09-01	ne_star-lbi	north	2020
2020-02-01	B/Oman/4412/2019_EPI_ISL_393899	7.3e-05	4.863415999999994	5.087754999999999	-4.346952818894631	3.4517436035841616e-06	4.2691087361428215	2020-09-01	ne_star-lbi	north	2020
2020-02-01	B/Oman/4504/2019_EPI_ISL_389249	0.00011999999999999999	7.784342999999983	8.734895	1.132773027350165	0.00013871459390437516	7.698539551922888	2020-09-01	ne_star-lbi	north	2020
2020-02-01	B/Oman/4504/2019_EPI_ISL_389249__dup2	0.00011999999999999999	8.783787999999985	9.734878999999998	0.8720390550000088	0.00011914291319810343	8.698251268003816	2020-09-01	ne_star-lbi	north	2020
2020-02-01	B/Ontario/RV2502/2019_EPI_ISL_401293	0.006379	4.229076999999992	4.284825999999995	-0.6379119924207796	0.002624888840331713	3.376125291201723	2020-09-01	ne_star-lbi	north	2020
2020-02-01	B/Oregon/07/2019_EPI_ISL_401024__dup2	0.012232999999999999	2.593993999999995	2.6400519999999976	2.395303745273181	0.029533944663618694	1.5393814971040896	2020-09-01	ne_star-lbi	north	2020
2020-02-01	B/Osasco/1182530-IAL/2019_EPI_ISL_393632	1e-05	8.034353999999981	8.643181999999996	-6.90479143508407	1.0634493347798878e-07	8.041678844731814	2020-09-01	ne_star-lbi	north	2020
2020-02-01	B/Paris/2090/2019_EPI_ISL_390910	9.1e-05	2.052139999999997	2.1212809999999993	-0.6550151412234464	3.707377599049401e-05	1.382958722386939	2020-09-01	ne_star-lbi	north	2020
2020-02-01	B/Pennsylvania/25/2019_EPI_ISL_395499	0.0021190000000000002	3.047888999999994	3.1212649999999984	-0.006027489151793783	0.0012605785423877047	2.3804375653021648	2020-09-01	ne_star-lbi	north	2020
2020-02-01	B/Perth/48/2019_EPI_ISL_404104	0.000395	3.0351399999999944	3.1211789999999984	3.5934443777730847	0.0019183182777493802	2.36596007916894	2020-09-01	ne_star-lbi	north	2020
2020-02-01	B/Peru/7719/2019_EPI_ISL_401061	0.001257	2.052139999999997	2.1212809999999993	4.031627866332958	0.007882565200033716	1.382958722386939	2020-09-01	ne_star-lbi	north	2020
2020-02-01	B/Philippines/1103/2019_EPI_ISL_402647	0.0065450000000000005	4.025769999999994	4.121249	-1.462906848718705	0.0016644281370445258	3.376079033594428	2020-09-01	ne_star-lbi	north	2020
2020-02-01	B/Philippines/1275/2019_EPI_ISL_402643	0.002437	3.022766999999994	3.1212189999999986	-0.13209088383399173	0.00134696954993282	2.373829831769163	2020-09-01	ne_star-lbi	north	2020
2020-02-01	B/Pskov/1V/2019_EPI_ISL_403741	0.001973	2.052139999999997	2.1212809999999993	0.6682684781766021	0.001739366624821283	1.382958722386939	2020-09-01	ne_star-lbi	north	2020
2020-02-01	B/Qatar/10-VI-19-0045830/2019_EPI_ISL_401731	0.000297	5.814580999999995	6.771991	1.5686573670710584	0.00044271437121157166	5.724402001211468	2020-09-01	ne_star-lbi	north	2020
2020-02-01	B/Qatar/10-VI-19-0046169/2019_EPI_ISL_401733	0.000327	2.052139999999997	2.1212809999999993	1.3750599831337817	0.0004353807896398958	1.382958722386939	2020-09-01	ne_star-lbi	north	2020
2020-02-01	B/Qatar/10-VI-19-0046191/2019_EPI_ISL_401734	0.000327	2.593993999999995	2.6400519999999976	3.7711690346033264	0.0017615533899250242	1.5393814971040896	2020-09-01	ne_star-lbi	north	2020
2020-02-01	B/Qatar/10-VI-19-0048096/2019_EPI_ISL_401735	0.00062	6.812087999999987	7.771974999999994	-0.1630692703242247	0.0003365471537477369	6.723055812596474	2020-09-01	ne_star-lbi	north	2020
2020-02-01	B/Qatar/10-VI-19-0048096/2019_EPI_ISL_401735__dup2	0.00062	6.812087999999987	7.771974999999994	-0.1630692703242247	0.0003365471537477369	6.723055812596474	2020-09-01	ne_star-lbi	north	2020
2020-02-01	B/Qatar/10-VI-19-0049104/2019_EPI_ISL_401736	0.000802	7.765207999999984	8.732381	0.04110888844478461	0.0004904048748108986	7.705187577251132	2020-09-01	ne_star-lbi	north	2020
2020-02-01	B/Qatar/10-VI-19-0049104/2019_EPI_ISL_401736__dup2	0.000802	7.765207999999984	8.732381	0.04110888844478461	0.0004904048748108986	7.705187577251132	2020-09-01	ne_star-lbi	north	2020
2020-02-01	B/Qatar/16-VI-19-0047470/2019_EPI_ISL_401738	0.0005679999999999	3.988807999999996	4.051858	1.7656672212336577	0.0009497858106491848	3.3656984003413464	2020-09-01	ne_star-lbi	north	2020
2020-02-01	B/Qatar/24-VI-19-0057088/2019_EPI_ISL_406092	0.002884	5.814580999999995	6.771991	0.9841110162019829	0.00305685164196118	5.724402001211468	2020-09-01	ne_star-lbi	north	2020
2020-02-01	B/Rancagua/62246/2019_EPI_ISL_389990	5.5e-05	8.973627999999987	9.650583999999997	-6.459059369131858	7.585785586448371e-07	9.022582703232384	2020-09-01	ne_star-lbi	north	2020
2020-02-01	B/Rio_Grande_Do_Sul/844/2019_EPI_ISL_398468	0.0001629999999999	8.034353999999981	8.643181999999996	-2.0818175645531642	2.8890105138536254e-05	8.041678844731814	2020-09-01	ne_star-lbi	north	2020
2020-02-01	B/Romania/255663/2019_EPI_ISL_406474	0.017098	2.593993999999995	2.6400519999999976	1.5766882723937805	0.025606311278722746	1.5393814971040896	2020-09-01	ne_star-lbi	north	2020
2020-02-01	B/Russia/2147V/2019_EPI_ISL_403695	0.015886	2.052139999999997	2.1212809999999993	-1.0494717364644448	0.005141726428994471	1.382958722386939	2020-09-01	ne_star-lbi	north	2020
2020-02-01	B/SAITAMA/57/2019_EPI_ISL_394174	2.3e-05	2.9135329999999944	3.0560049999999976	-2.200581402529728	3.803661910544526e-06	2.293957066493719	2020-09-01	ne_star-lbi	north	2020
2020-02-01	B/Salalah/5670/2019_EPI_ISL_401672	0.0026089999999999998	3.046475999999994	3.118937999999998	2.4778751078699415	0.006609689540928061	2.3695558627412487	2020-09-01	ne_star-lbi	north	2020
2020-02-01	B/Santiago/62161/2019_EPI_ISL_389988	7.8e-05	8.839896999999988	9.382960999999996	1.1711754788284228	9.220709269964122e-05	8.951209493880574	2020-09-01	ne_star-lbi	north	2020
2020-02-01	B/Sao_Paulo/1190756-IAL/2019_EPI_ISL_393625	1.6e-05	9.034308999999986	9.643165999999997	-7.171859234639341	1.4560565582226116e-07	9.041678553520507	2020-09-01	ne_star-lbi	north	2020
2020-02-01	B/Sao_Paulo/1211465-IAL/2019_EPI_ISL_372956	6.9e-05	8.576207999999989	9.161952999999997	-6.930681324384204	7.227814372137069e-07	8.198101619448972	2020-09-01	ne_star-lbi	north	2020
2020-02-01	B/Sao_Paulo/1322071-IAL/2019_EPI_ISL_402976	0.0019030000000000002	8.034353999999981	8.643181999999996	-2.084516733469799	0.0003367568999908287	8.041678844731814	2020-09-01	ne_star-lbi	north	2020
2020-02-01	B/Sao_Paulo/1869778-IAL/2019_EPI_ISL_372939	2.2e-05	10.034169999999984	10.642498999999995	-7.172244808671848	2.001627514494073e-07	10.041677407415326	2020-09-01	ne_star-lbi	north	2020
2020-02-01	B/Scotland/306/2019_EPI_ISL_406101	0.0058969999999999995	6.802461999999986	7.771922999999994	-1.0594270009693787	0.0018975948111285205	6.720303020696004	2020-09-01	ne_star-lbi	north	2020
2020-02-01	B/Shaanxi-Xincheng/11453/2019_EPI_ISL_402233	0.007056000000000001	3.8561439999999965	3.386252999999998	-0.889845394400997	0.0025066429075963335	3.1025100675702157	2020-09-01	ne_star-lbi	north	2020
2020-02-01	B/Shanghai-Baoshan/1685/2019_EPI_ISL_402346	0.0010710000000000001	2.8702689999999946	2.392250999999999	3.195448205491935	0.00412368333338827	2.1075233533854076	2020-09-01	ne_star-lbi	north	2020
2020-02-01	B/Shanghai-Fengxian/1679/2019_EPI_ISL_391022	0.000312	3.863734999999996	3.3922089999999985	0.8386181028963853	0.0003037908932037916	3.1050181767878726	2020-09-01	ne_star-lbi	north	2020
2020-02-01	B/Shanghai-Minxing/1928/2019_EPI_ISL_402135	0.01053	4.714178999999995	4.1382	-1.3579562090466364	0.0028468973053381373	4.045547387808227	2020-09-01	ne_star-lbi	north	2020
2020-02-01	B/Shanghai-Pudongxin/11067/2019_EPI_ISL_377025	5.2000000000000004e-05	2.8702689999999946	2.392250999999999	0.3484060544946334	3.803942477431282e-05	2.1075233533854076	2020-09-01	ne_star-lbi	north	2020
2020-02-01	B/Shanghai-Pudongxin/11420/2019_EPI_ISL_402347	0.00116	8.778845999999987	9.734857999999997	0.8483816467760323	0.0011359301506786623	8.691191621091075	2020-09-01	ne_star-lbi	north	2020
2020-02-01	B/Sichuan-Cuiping/1974/2019_EPI_ISL_402239	0.009909999999999999	2.052139999999997	2.1212809999999993	0.08726054515937123	0.006225096008457052	1.382958722386939	2020-09-01	ne_star-lbi	north	2020
2020-02-01	B/Sichuan-Fucheng/1955/2019_EPI_ISL_377044	1e-05	2.052139999999997	2.1212809999999993	-2.85933706299911	1.1261232761074523e-06	1.382958722386939	2020-09-01	ne_star-lbi	north	2020
2020-02-01	B/Sichuan-Guangan/1829/2019_EPI_ISL_402236	0.0072310000000000004	3.8413319999999964	3.3922349999999986	-0.2075173371215651	0.003824654328130675	3.0932577042856675	2020-09-01	ne_star-lbi	north	2020
2020-02-01	B/Sichuan-Guangan/1829/2019_EPI_ISL_402236__dup2	0.0072310000000000004	4.702724999999995	4.3269589999999996	-0.4562136651677169	0.0033081702217398596	4.004256048392446	2020-09-01	ne_star-lbi	north	2020
2020-02-01	B/Sichuan-Qingyang/11651/2019_EPI_ISL_402316	0.003725	2.8702689999999946	2.392250999999999	2.5690855382227182	0.00995268749520233	2.1075233533854076	2020-09-01	ne_star-lbi	north	2020
2020-02-01	B/Sichuan-Shunqing/1725/2019_EPI_ISL_402231	0.004593	8.162037999999983	8.816480999999998	-2.3370535751642167	0.0007014502407663259	8.02909995752613	2020-09-01	ne_star-lbi	north	2020
2020-02-01	B/Sichuan-Tongchuan/1516/2019_EPI_ISL_390646	7.8e-05	8.180066999999983	8.782172999999998	-7.180503308269668	7.062573631509091e-07	8.031899155987283	2020-09-01	ne_star-lbi	north	2020
2020-02-01	B/Singapore/EN0525/2019_EPI_ISL_398637	7.8e-05	2.052139999999997	2.1212809999999993	-0.4807918412762704	3.5176894173285345e-05	1.382958722386939	2020-09-01	ne_star-lbi	north	2020
2020-02-01	B/Singapore/GP1176/2019_EPI_ISL_398634	6.2e-05	2.052139999999997	2.1212809999999993	2.018641633016497	0.00012015924081724021	1.382958722386939	2020-09-01	ne_star-lbi	north	2020
2020-02-01	B/Singapore/GP1260/2019_EPI_ISL_398635	9.1e-05	3.0498189999999936	3.1212649999999984	0.44924442980059714	7.060219887079124e-05	2.3818791938498376	2020-09-01	ne_star-lbi	north	2020
2020-02-01	B/Singapore/GP1472/2019_EPI_ISL_398636	0.00018999999999999998	3.0498189999999936	3.1212649999999984	0.1288902634642809	0.00012228478055883419	2.3818791938498376	2020-09-01	ne_star-lbi	north	2020
2020-02-01	B/Singapore/GP1602/2019_EPI_ISL_400652	0.000453	2.052139999999997	2.1212809999999993	5.474920553475697	0.00659283224208132	1.382958722386939	2020-09-01	ne_star-lbi	north	2020
2020-02-01	B/Singapore/GP1684/2019_EPI_ISL_400653	0.0008730000000000001	5.023649999999992	5.101454999999999	-0.6978977217434699	0.0003468772891215286	4.372036345365864	2020-09-01	ne_star-lbi	north	2020
2020-02-01	B/Singapore/KK1230/2019_EPI_ISL_398651	1.7e-05	2.052139999999997	2.1212809999999993	5.104708538192378	0.0001993580638240785	1.382958722386939	2020-09-01	ne_star-lbi	north	2020
2020-02-01	B/Singapore/KK1293/2019_EPI_ISL_398653	2.3e-05	2.052139999999997	2.1212809999999993	0.12734276430647	1.4789537829248522e-05	1.382958722386939	2020-09-01	ne_star-lbi	north	2020
2020-02-01	B/Singapore/KK1515/2019_EPI_ISL_398659	6.2e-05	2.052139999999997	2.1212809999999993	-3.862847956460442	3.8882101758126515e-06	1.382958722386939	2020-09-01	ne_star-lbi	north	2020
2020-02-01	B/Singapore/KK1535/2019_EPI_ISL_398661	7.3e-05	2.8702689999999946	2.392250999999999	5.883091943776799	0.0013480381702453983	2.1075233533854076	2020-09-01	ne_star-lbi	north	2020
2020-02-01	B/Singapore/KK2279/2019_EPI_ISL_400662	0.001973	2.052139999999997	2.1212809999999993	0.43279400069737045	0.0015161298345148953	1.382958722386939	2020-09-01	ne_star-lbi	north	2020
2020-02-01	B/Singapore/KK2657/2019_EPI_ISL_401437	0.011162	5.814580999999995	6.771991	-0.22000915133202542	0.005860992823330349	5.724402001211468	2020-09-01	ne_star-lbi	north	2020
2020-02-01	B/Singapore/KK2799/2019_EPI_ISL_401439	0.013752	6.768428999999989	7.732418999999995	-1.6009476138643652	0.0032266378837395968	6.707149196750379	2020-09-01	ne_star-lbi	north	2020
2020-02-01	B/Singapore/KK2800/2019_EPI_ISL_401440	0.013752	2.9182859999999944	2.8536419999999993	-0.25541822306856554	0.007073340352666014	2.3115839958780087	2020-09-01	ne_star-lbi	north	2020
2020-02-01	B/Singapore/MOH0106/2019_EPI_ISL_391745	1.8e-05	2.052139999999997	2.1212809999999993	-0.8572166711027059	6.517372031358364e-06	1.382958722386939	2020-09-01	ne_star-lbi	north	2020
2020-02-01	B/Singapore/TT0442/2019_EPI_ISL_398640	1.7e-05	3.050906999999994	3.1212649999999984	-2.1696000780184117	2.8626730774898914e-06	2.382393548974252	2020-09-01	ne_star-lbi	north	2020
2020-02-01	B/Singapore/TT0445/2019_EPI_ISL_398639	1.7e-05	5.814580999999995	6.771991	4.389343000440953	0.00013134217752267866	5.724402001211468	2020-09-01	ne_star-lbi	north	2020
2020-02-01	B/Singapore/TT0451/2019_EPI_ISL_398641	1.7e-05	5.814580999999995	6.771991	4.389343000440953	0.00013134217752267866	5.724402001211468	2020-09-01	ne_star-lbi	north	2020
2020-02-01	B/Smolensk/RII-602S/2019_EPI_ISL_403994	0.017485	2.052139999999997	2.1212809999999993	-0.542000638494567	0.00760890189367195	1.382958722386939	2020-09-01	ne_star-lbi	north	2020
2020-02-01	B/Sorocaba/869778-IAL/2019_EPI_ISL_393631	3.5e-05	9.034226999999985	9.642514999999998	-7.172826274426718	3.183327478665467e-07	9.04167780774082	2020-09-01	ne_star-lbi	north	2020
2020-02-01	B/South_Australia/120/2019_EPI_ISL_404080	0.0034990000000000004	2.052139999999997	2.1212809999999993	-0.32360610171559806	0.0017295296961999846	1.382958722386939	2020-09-01	ne_star-lbi	north	2020
2020-02-01	B/South_Australia/123/2019_EPI_ISL_401940	0.002884	2.052139999999997	2.1212809999999993	0.9056873040766021	0.0029201598143559857	1.382958722386939	2020-09-01	ne_star-lbi	north	2020
2020-02-01	B/South_Australia/127/2019_EPI_ISL_406839	0.005291	2.052139999999997	2.1212809999999993	0.34481394428550216	0.0038624097014330274	1.382958722386939	2020-09-01	ne_star-lbi	north	2020
2020-02-01	B/South_Australia/160/2019_EPI_ISL_401912	0.014616	3.5647359999999946	3.6399959999999996	-1.0910160167823317	0.004617407228216948	2.5301449063763797	2020-09-01	ne_star-lbi	north	2020
2020-02-01	B/South_Carolina/03/2019_EPI_ISL_395496	0.001973	2.052139999999997	2.1212809999999993	0.5993897376631506	0.0016708655288837167	1.382958722386939	2020-09-01	ne_star-lbi	north	2020
2020-02-01	B/South_Korea/9960/2019_EPI_ISL_403166	0.003725	3.0057159999999934	3.1182269999999983	0.9815567942227447	0.003942378339738823	2.3509646029450115	2020-09-01	ne_star-lbi	north	2020
2020-02-01	B/South_Korea/9965/2019_EPI_ISL_403171	0.0019030000000000002	3.0057159999999934	3.1182269999999983	0.5094491918632333	0.0015292123758448742	2.3509646029450115	2020-09-01	ne_star-lbi	north	2020
2020-02-01	B/South_Korea/9966/2019_EPI_ISL_403172	0.002437	3.9595639999999945	4.078655	0.2960793693847612	0.001729138439094647	3.333711798483927	2020-09-01	ne_star-lbi	north	2020
2020-02-01	B/South_Korea/9970/2019_EPI_ISL_403176	0.0058969999999999995	3.0057159999999934	3.1182269999999983	0.47169983833157103	0.0046355020870841295	2.3509646029450115	2020-09-01	ne_star-lbi	north	2020
2020-02-01	B/South_Korea/9974/2019_EPI_ISL_403179	0.004727	3.9595639999999945	4.078655	-0.20476058120314988	0.002504250809353219	3.333711798483927	2020-09-01	ne_star-lbi	north	2020
2020-02-01	B/Sri_Lanka/10/2019_EPI_ISL_389357	1.3000000000000001e-05	2.052139999999997	2.1212809999999993	0.08044644108940681	8.133724854785954e-06	1.382958722386939	2020-09-01	ne_star-lbi	north	2020
2020-02-01	B/Stockholm/3/2019_EPI_ISL_391068	0.00010700000000000001	6.768428999999989	7.732418999999995	-2.9641621369435844	1.133479033705676e-05	6.707149196750379	2020-09-01	ne_star-lbi	north	2020
2020-02-01	B/Stockholm/4/2019_EPI_ISL_391070	0.000593	9.74597999999998	10.694898999999994	-0.40377155928370745	0.0002797240332666798	9.694685554115676	2020-09-01	ne_star-lbi	north	2020
2020-02-01	B/Suriname/0729/2019_EPI_ISL_393815	2.8000000000000013e-05	3.051866999999994	3.1206969999999985	-2.086378392287683	4.949531770391164e-06	2.3829186124535404	2020-09-01	ne_star-lbi	north	2020
2020-02-01	B/Sweden/7/2019_EPI_ISL_404223	0.017293	4.4751849999999935	4.787889999999999	-1.8772237554617515	0.003453530830809304	4.170100434005114	2020-09-01	ne_star-lbi	north	2020
2020-02-01	B/Sydney/1048/2019_EPI_ISL_389350	0.000126	2.9171229999999952	2.8672459999999997	3.4817871319154556	0.0005733331336347111	2.326676551420437	2020-09-01	ne_star-lbi	north	2020
2020-02-01	B/Sydney/1062/2019_EPI_ISL_390754	0.000433	4.047772999999994	4.116594999999999	-0.5876083157634864	0.00018348056383559784	3.375615110590672	2020-09-01	ne_star-lbi	north	2020
2020-02-01	B/Sydney/26/2019_EPI_ISL_390740	1.9e-05	2.052139999999997	2.1212809999999993	-1.3965989262627874	5.022354282974402e-06	1.382958722386939	2020-09-01	ne_star-lbi	north	2020
2020-02-01	B/Sydney/28/2019_EPI_ISL_390741	2.3e-05	4.004813999999994	4.121168999999999	-3.4765526482857654	1.8069633033551984e-06	3.3667227969994404	2020-09-01	ne_star-lbi	north	2020
2020-02-01	B/Sydney/31/2019_EPI_ISL_390743	3.7e-05	4.001265999999995	4.120543	-4.1179203404614215	1.9995861743003006e-06	3.3663120456786597	2020-09-01	ne_star-lbi	north	2020
2020-02-01	B/Sydney/34/2019_EPI_ISL_390745	6.9e-05	2.052139999999997	2.1212809999999993	-1.0491408960427726	2.233712697458706e-05	1.382958722386939	2020-09-01	ne_star-lbi	north	2020
2020-02-01	B/Sydney/40/2019_EPI_ISL_402003	0.0002	2.9182859999999944	2.8536419999999993	2.7527690599175716	0.000594809895079683	2.3115839958780087	2020-09-01	ne_star-lbi	north	2020
2020-02-01	B/Sydney/504/2019_EPI_ISL_390756	0.000327	2.052139999999997	2.1212809999999993	1.2809510130811264	0.0004121239392170155	1.382958722386939	2020-09-01	ne_star-lbi	north	2020
2020-02-01	B/Sydney/8/2019_EPI_ISL_389351	1.7e-05	2.052139999999997	2.1212809999999993	5.104708538192378	0.0001993580638240785	1.382958722386939	2020-09-01	ne_star-lbi	north	2020
2020-02-01	B/TOKYO/19194/2019_EPI_ISL_395222	0.0007059999999999	3.0048729999999946	3.1211849999999983	0.9173906019169571	0.0007197488182036124	2.366726410926045	2020-09-01	ne_star-lbi	north	2020
2020-02-01	B/Taiwan/70443/2019_EPI_ISL_389992	1e-05	2.052139999999997	2.1212809999999993	-2.846000322522725	1.1349184185812838e-06	1.382958722386939	2020-09-01	ne_star-lbi	north	2020
2020-02-01	B/Talca/63221/2019_EPI_ISL_389987	5.9e-05	7.973750999999979	8.650599999999997	-1.71479769385238	1.2953698183823262e-05	8.022584220389499	2020-09-01	ne_star-lbi	north	2020
2020-02-01	B/Tennessee/07/2019_EPI_ISL_402629__dup2	0.014400999999999999	2.052139999999997	2.1212809999999993	-1.3424636161246988	0.003928809307568285	1.382958722386939	2020-09-01	ne_star-lbi	north	2020
2020-02-01	B/Texas/10122/2019_EPI_ISL_403915	0.010115	2.593993999999995	2.6400519999999976	2.172807203787595	0.02144803154619412	1.5393814971040896	2020-09-01	ne_star-lbi	north	2020
2020-02-01	B/Texas/37/2019_EPI_ISL_397064	0.005589	3.0226979999999934	3.116464999999998	0.5246977130628176	0.004531334911340921	2.3618718592439123	2020-09-01	ne_star-lbi	north	2020
2020-02-01	B/Texas/9983/2019_EPI_ISL_403187	0.0058969999999999995	2.593993999999995	2.6400519999999976	0.9741262693070237	0.006214135417391605	1.5393814971040896	2020-09-01	ne_star-lbi	north	2020
2020-02-01	B/Togo/1251/2019_EPI_ISL_401311	0.002698	3.9800459999999953	3.5776429999999997	0.6332616122096534	0.002330437217959074	3.3437683455845986	2020-09-01	ne_star-lbi	north	2020
2020-02-01	B/Togo/752/2019_EPI_ISL_393809	3.5e-05	6.568972999999994	6.869392	-7.408655509481399	2.774193218562965e-07	6.195246737050327	2020-09-01	ne_star-lbi	north	2020
2020-02-01	B/Togo/794/2019_EPI_ISL_393810	6.2e-05	3.9800459999999953	3.5776429999999997	1.6479018007117439	9.679089865656277e-05	3.3437683455845986	2020-09-01	ne_star-lbi	north	2020
2020-02-01	B/Togo/860/2019_EPI_ISL_393807	8.7e-05	3.9800459999999953	3.5776429999999997	3.399560279408076	0.00037733277128564947	3.3437683455845986	2020-09-01	ne_star-lbi	north	2020
2020-02-01	B/Togo/903/2019_EPI_ISL_395018	0.000221	3.9800459999999953	3.5776429999999997	1.9830623456814034	0.0004195117781243595	3.3437683455845986	2020-09-01	ne_star-lbi	north	2020
2020-02-01	B/Togo/951/2019_EPI_ISL_395019	0.000343	3.9800459999999953	3.5776429999999997	0.5281255000415611	0.00027864712261000925	3.3437683455845986	2020-09-01	ne_star-lbi	north	2020
2020-02-01	B/Togo/975/2019_EPI_ISL_395020	0.000377	3.9800459999999953	3.5776429999999997	3.1109046848078803	0.0013817168777283076	3.3437683455845986	2020-09-01	ne_star-lbi	north	2020
2020-02-01	B/Toulouse/2159/2019_EPI_ISL_402993	0.011375	2.052139999999997	2.1212809999999993	-0.011858089591017959	0.006743932947899661	1.382958722386939	2020-09-01	ne_star-lbi	north	2020
2020-02-01	B/Townsville/11/2019_EPI_ISL_401994	0.005589	7.0392309999999885	7.670903999999994	-2.0736714002979317	0.00099531228417076	7.042426826788521	2020-09-01	ne_star-lbi	north	2020
2020-02-01	B/Tula/CRIE/7/2019_EPI_ISL_395311	0.005004	2.052139999999997	2.1212809999999993	0.7552735594723566	0.004641123023541901	1.382958722386939	2020-09-01	ne_star-lbi	north	2020
2020-02-01	B/Victoria/10/2019_EPI_ISL_389547	6.6e-05	2.052139999999997	2.1212809999999993	-0.9952089675253993	2.2048811713479495e-05	1.382958722386939	2020-09-01	ne_star-lbi	north	2020
2020-02-01	B/Victoria/2070/2019_EPI_ISL_401925	0.0023539999999999998	5.025682999999993	5.121146999999999	-1.0928233644503453	0.0007428792570298834	4.36298686985558	2020-09-01	ne_star-lbi	north	2020
2020-02-01	B/Victoria/2103/2019_EPI_ISL_404084	0.003841	2.052139999999997	2.1212809999999993	0.6384198348954927	0.003327718226905934	1.382958722386939	2020-09-01	ne_star-lbi	north	2020
2020-02-01	B/Victoria/2105/2019_EPI_ISL_401986	0.0034990000000000004	2.9182859999999944	2.8536419999999993	0.04807727567510103	0.00214827420212845	2.3115839958780087	2020-09-01	ne_star-lbi	north	2020
2020-02-01	B/Victoria/2106/2019_EPI_ISL_404085	0.0033909999999999	3.9012859999999967	3.853539999999998	0.8499713890102779	0.0033237180104450635	3.2945853526600093	2020-09-01	ne_star-lbi	north	2020
2020-02-01	B/Victoria/2116/2019_EPI_ISL_401910	0.0075879999999999	2.052139999999997	2.1212809999999993	-0.0815082743031439	0.004319605553332028	1.382958722386939	2020-09-01	ne_star-lbi	north	2020
2020-02-01	B/Victoria/2546/2019_EPI_ISL_401988	0.008909	3.5574119999999945	3.638516999999999	-0.8120496894046411	0.0033118564124182113	2.518416652764498	2020-09-01	ne_star-lbi	north	2020
2020-02-01	B/Victoria/26/2019_EPI_ISL_389497	0.000283	3.0351399999999944	3.1211789999999984	2.1225960398911026	0.0005827570951737033	2.36596007916894	2020-09-01	ne_star-lbi	north	2020
2020-02-01	B/Victoria/29/2019_EPI_ISL_389354	0.000327	2.8637339999999956	3.0881909999999984	-0.24041383485939027	0.00016967100537125987	2.269122543117236	2020-09-01	ne_star-lbi	north	2020
2020-02-01	B/Victoria/42/2019_EPI_ISL_402052	0.001582	3.0466429999999938	3.1212439999999986	1.6946706213976352	0.0025380352652326064	2.3756107915551175	2020-09-01	ne_star-lbi	north	2020
2020-02-01	B/Victoria/47/2019_EPI_ISL_402073	0.003841	2.950593999999995	2.946919	-1.0486428578323483	0.0012437946991838706	2.336430084475434	2020-09-01	ne_star-lbi	north	2020
2020-02-01	B/Victoria/705/2018_19/176_EPI_ISL_397114	0.010115	5.433660999999987	5.695393999999996	-2.0851081116766164	0.0017893437593307444	5.143630884117234	2020-09-01	ne_star-lbi	north	2020
2020-02-01	B/Virginia/10423/2019_EPI_ISL_405548	0.014185	2.052139999999997	2.1212809999999993	-1.3296208828089622	0.0038989817093689214	1.382958722386939	2020-09-01	ne_star-lbi	north	2020
2020-02-01	B/Virginia/25/2019_EPI_ISL_404676	0.012232999999999999	2.052139999999997	2.1212809999999993	-1.07050925658308	0.003911089647184269	1.382958722386939	2020-09-01	ne_star-lbi	north	2020
2020-02-01	B/Wellington/108/2019_EPI_ISL_401920	0.001524	2.052139999999997	2.1212809999999993	3.728177945855963	0.008006481954642283	1.382958722386939	2020-09-01	ne_star-lbi	north	2020
2020-02-01	B/Wisconsin/30/2019_EPI_ISL_391345	0.000433	2.052139999999997	2.1212809999999993	4.374802169126512	0.0033171066542268327	1.382958722386939	2020-09-01	ne_star-lbi	north	2020
2020-02-01	B/YAMAGATA/162/2019_EPI_ISL_390420	1.6e-05	3.9181479999999964	3.836471999999998	-2.1236604188219026	2.7674583713529104e-06	3.311576744689815	2020-09-01	ne_star-lbi	north	2020
2020-02-01	B/Yunnan-Longchuan/345/2019_EPI_ISL_402148	0.012449	3.823001999999997	3.392154999999998	-1.2093561505591617	0.003670489662407552	3.0912910419245136	2020-09-01	ne_star-lbi	north	2020
2020-02-01	B/Yunnan-Yingjiang/364/2019_EPI_ISL_402242	0.0083299999999999	4.783949999999994	4.354665999999999	-1.281930534551556	0.0023542287440621876	4.080449934207827	2020-09-01	ne_star-lbi	north	2020
2020-02-01	B/Zhejiang-Dinghai/1804/2019_EPI_ISL_402318	0.003725	2.8702689999999946	2.392250999999999	1.786380753468542	0.006304507309962577	2.1075233533854076	2020-09-01	ne_star-lbi	north	2020
2020-02-01	B/Zhejiang-Nanxun/1917/2019_EPI_ISL_402191	0.009505	9.033809999999987	9.633922	-2.337254405194607	0.0014514486188060463	8.97854882129104	2020-09-01	ne_star-lbi	north	2020
2020-02-01	B/Zhejiang-Shangcheng/1582/2019_EPI_ISL_402340	8.7e-05	7.0392309999999885	7.670903999999994	-6.813136032912204	9.760136552631737e-07	7.042426826788521	2020-09-01	ne_star-lbi	north	2020
2021-02-01	B/Anhui-Baohe/1916/2020_EPI_ISL_768545	0.021112	6.3620990000000015	8.468044000000003	-1.9590483419742795	0.0030282090407920373	6.957235768635288	2021-09-01	ne_star-lbi	north	2021
2021-02-01	B/Clermont_Ferrand/2810/2020_oct_EPI_ISL_707786	0.012462	8.768686000000002	6.842496999999998	-1.0808689373112728	0.0029834641846363855	8.764038982926925	2021-09-01	ne_star-lbi	north	2021
2021-02-01	B/Guizhou-Douyun/11021/2020_EPI_ISL_768552	0.028439999999999997	1.4767589999999997	4.795963999999999	1.4930745886125851	0.03055916837385718	0.48116730094906396	2021-09-01	ne_star-lbi	north	2021
2021-02-01	B/Guizhou/13587/2020_EPI_ISL_768587	0.018256	2.4402529999999985	5.788980999999995	-0.6663309451362346	0.005566178382535875	1.4700349441839917	2021-09-01	ne_star-lbi	north	2021
2021-02-01	B/Henan-Shihe/1410/2020_EPI_ISL_768586	0.010033	6.3620990000000015	8.468044000000003	-1.388736665261102	0.0020071006966568498	6.957235768635288	2021-09-01	ne_star-lbi	north	2021
2021-02-01	B/Henan-Xigong/1449/2020_EPI_ISL_768551	0.010905	6.3620990000000015	8.468044000000003	-2.8868677731470243	0.0009103948869040815	6.957235768635288	2021-09-01	ne_star-lbi	north	2021
2021-02-01	B/Henan-Xigong/1449/2020_EPI_ISL_768551__dup2	0.010905	6.3620990000000015	8.468044000000003	-0.7200819358252895	0.003222255477371254	6.957235768635288	2021-09-01	ne_star-lbi	north	2021
2021-02-01	B/Jiangsu-tinghu/11755/2020_EPI_ISL_768546	0.015578999999999999	6.3620990000000015	8.468044000000003	-1.0535469198362892	0.003789608768146748	6.957235768635288	2021-09-01	ne_star-lbi	north	2021
2021-02-01	B/Jiangsu-tinghu/11755/2020_EPI_ISL_768546__dup2	0.015578999999999999	6.3620990000000015	8.468044000000003	-0.6878821708075615	0.004690631508048952	6.957235768635288	2021-09-01	ne_star-lbi	north	2021
2021-02-01	B/Jiangsu-tinghu/11755/2020_EPI_ISL_768546__dup3	0.015578999999999999	6.3620990000000015	8.468044000000003	-0.6878821708075615	0.004690631508048952	6.957235768635288	2021-09-01	ne_star-lbi	north	2021
2021-02-01	B/Jiangxi-Donghu/11264/2020_EPI_ISL_768590	0.000868	1.4767589999999997	4.795963999999999	9.620222346968468	0.1068195299114787	0.48116730094906396	2021-09-01	ne_star-lbi	north	2021
2021-02-01	B/Jiangxi-Donghu/11366/2020_EPI_ISL_768589	0.001678	1.4767589999999997	4.795963999999999	9.015545979495858	0.1451226236659627	0.48116730094906396	2021-09-01	ne_star-lbi	north	2021
2021-02-01	B/Jiangxi-Donghu/11421/2020_EPI_ISL_768548	0.00283	1.4767589999999997	4.795963999999999	7.414752770501673	0.09620267178505772	0.48116730094906396	2021-09-01	ne_star-lbi	north	2021
2021-02-01	B/Jiangxi-Donghu/11572/2020_EPI_ISL_768549	0.0059770000000000005	1.4767589999999997	4.795963999999999	-1.6144253460202624	0.001048204416442095	0.48116730094906396	2021-09-01	ne_star-lbi	north	2021
2021-02-01	B/Jiangxi-Guixi/1645/2020_EPI_ISL_768588	0.000147	1.4767589999999997	4.795963999999999	11.678764263762506	0.06011129522488073	0.48116730094906396	2021-09-01	ne_star-lbi	north	2021
2021-02-01	B/Jiangxi-Yuanzhou/11997/2020_EPI_ISL_768554	0.027137	1.4767589999999997	4.795963999999999	0.21469392561986136	0.013832822401136424	0.48116730094906396	2021-09-01	ne_star-lbi	north	2021
2021-02-01	B/Jiangxi-Yuanzhou/12007/2020_EPI_ISL_768555	0.027572000000000003	1.4767589999999997	4.795963999999999	-2.4307982729082362	0.0030033942784319645	0.48116730094906396	2021-09-01	ne_star-lbi	north	2021
2021-02-01	B/Jiangxi-Yushui/11038/2020_EPI_ISL_768563	0.027137	1.4767589999999997	4.795963999999999	1.2469846816778831	0.025259790186436048	0.48116730094906396	2021-09-01	ne_star-lbi	north	2021
2021-02-01	B/Jiangxi-Yushui/11104/2020_EPI_ISL_768565	0.030587	1.4767589999999997	4.795963999999999	1.2711513159408667	0.028875341216454735	0.48116730094906396	2021-09-01	ne_star-lbi	north	2021
2021-02-01	B/Jiangxi-Yushui/3102/2020_EPI_ISL_768578	0.031011	1.4767589999999997	4.795963999999999	-0.444231710253055	0.01076300494089618	0.48116730094906396	2021-09-01	ne_star-lbi	north	2021
2021-02-01	B/Jiangxi-Yushui/3103/2020_EPI_ISL_768579	0.031432	1.4767589999999997	4.795963999999999	1.2483816002213346	0.029281533219913777	0.48116730094906396	2021-09-01	ne_star-lbi	north	2021
2021-02-01	B/Jiangxi-Yushui/3107/2020_EPI_ISL_768581	0.031432	1.4767589999999997	4.795963999999999	1.1661079227001079	0.02790941461309044	0.48116730094906396	2021-09-01	ne_star-lbi	north	2021
2021-02-01	B/Jiangxi-Yushui/3109/2020_EPI_ISL_768583	0.031432	1.4767589999999997	4.795963999999999	1.2483816002213346	0.029281533219913777	0.48116730094906396	2021-09-01	ne_star-lbi	north	2021
2021-02-01	B/Jiangxi-Yushui/3118/2020_EPI_ISL_768585	0.03185	1.4767589999999997	4.795963999999999	-0.4989670102407403	0.010706823645812148	0.48116730094906396	2021-09-01	ne_star-lbi	north	2021
2021-02-01	B/Jiangxi-Yushui/340/2020_EPI_ISL_768553	0.013121	1.4767589999999997	4.795963999999999	-0.28243884034549954	0.00500464248840128	0.48116730094906396	2021-09-01	ne_star-lbi	north	2021
2021-02-01	B/Jiangxi-Yushui/366/2020_EPI_ISL_768556	0.027137	1.4767589999999997	4.795963999999999	0.21469392561986136	0.013832822401136424	0.48116730094906396	2021-09-01	ne_star-lbi	north	2021
2021-02-01	B/Jiangxi-Yushui/373/2020_EPI_ISL_768557	0.027137	1.4767589999999997	4.795963999999999	0.21469392561986136	0.013832822401136424	0.48116730094906396	2021-09-01	ne_star-lbi	north	2021
2021-02-01	B/Jiangxi-Yushui/374/2020_EPI_ISL_768558	0.027137	2.4224909999999986	5.795957999999996	-0.7840891187275663	0.007724682800314681	1.4657179353484342	2021-09-01	ne_star-lbi	north	2021
2021-02-01	B/Jiangxi-Yushui/375/2020_EPI_ISL_768559	0.027137	1.4767589999999997	4.795963999999999	0.21469392561986136	0.013832822401136424	0.48116730094906396	2021-09-01	ne_star-lbi	north	2021
2021-02-01	B/Jiangxi-Yushui/378/2020_EPI_ISL_768560	0.027137	1.4767589999999997	4.795963999999999	0.21469392561986136	0.013832822401136424	0.48116730094906396	2021-09-01	ne_star-lbi	north	2021
2021-02-01	B/Jiangxi-Yushui/379/2020_EPI_ISL_768561	0.027137	1.4767589999999997	4.795963999999999	0.21469392561986136	0.013832822401136424	0.48116730094906396	2021-09-01	ne_star-lbi	north	2021
2021-02-01	B/Jiangxi-Yushui/381/2020_EPI_ISL_768562	0.027137	1.4767589999999997	4.795963999999999	-0.2230018732277848	0.01071582535225528	0.48116730094906396	2021-09-01	ne_star-lbi	north	2021
2021-02-01	B/Jiangxi-Yushui/382/2020_EPI_ISL_768566	0.027137	1.4767589999999997	4.795963999999999	-0.2230018732277848	0.01071582535225528	0.48116730094906396	2021-09-01	ne_star-lbi	north	2021
2021-02-01	B/Jiangxi-Yushui/383/2020_EPI_ISL_768567	0.027137	1.4767589999999997	4.795963999999999	0.21469392561986136	0.013832822401136424	0.48116730094906396	2021-09-01	ne_star-lbi	north	2021
2021-02-01	B/Jiangxi-Yushui/384/2020_EPI_ISL_768568	0.027137	1.4767589999999997	4.795963999999999	0.21469392561986136	0.013832822401136424	0.48116730094906396	2021-09-01	ne_star-lbi	north	2021
2021-02-01	B/Jiangxi-Yushui/386/2020_EPI_ISL_768569	0.028873000000000003	1.4767589999999997	4.795963999999999	0.014679828850523534	0.013096933322395607	0.48116730094906396	2021-09-01	ne_star-lbi	north	2021
2021-02-01	B/Jiangxi-Yushui/386/2020_EPI_ISL_768569__dup2	0.028873000000000003	1.4767589999999997	4.795963999999999	0.05184993987398695	0.0133840094538468	0.48116730094906396	2021-09-01	ne_star-lbi	north	2021
2021-02-01	B/Jiangxi-Yushui/386/2020_EPI_ISL_768569__dup3	0.028873000000000003	1.4767589999999997	4.795963999999999	0.014679828850523534	0.013096933322395607	0.48116730094906396	2021-09-01	ne_star-lbi	north	2021
2021-02-01	B/Jiangxi-Yushui/389/2020_EPI_ISL_768572	0.030162	1.4767589999999997	4.795963999999999	-0.04355690437121317	0.013224651544125212	0.48116730094906396	2021-09-01	ne_star-lbi	north	2021
2021-02-01	B/Jiangxi-Yushui/394/2020_EPI_ISL_768575	0.031011	1.4767589999999997	4.795963999999999	1.2917344151162715	0.02962923941433255	0.48116730094906396	2021-09-01	ne_star-lbi	north	2021
2021-02-01	B/Jiangxi-Yushui/395/2020_EPI_ISL_768576	0.031011	1.4767589999999997	4.795963999999999	1.2917344151162715	0.02962923941433255	0.48116730094906396	2021-09-01	ne_star-lbi	north	2021
2021-02-01	B/Jiangxi-Zhushan/1769/2020_EPI_ISL_768550	0.006175	1.4767589999999997	4.795963999999999	5.5517529193628254	0.07080569166478107	0.48116730094906396	2021-09-01	ne_star-lbi	north	2021
2021-02-01	B/Kenya/113/2020_EPI_ISL_767041	0.002236	6.433206000000001	8.412259999999993	-3.004963926269597	0.00017424392407500985	6.977621814461638	2021-09-01	ne_star-lbi	north	2021
2021-02-01	B/Kenya/118/2020_EPI_ISL_767042	0.011824	6.433206000000001	8.412259999999993	-3.3223614744152683	0.0007656693504578953	6.977621814461638	2021-09-01	ne_star-lbi	north	2021
2021-02-01	B/Kenya/120/2020_EPI_ISL_767040	0.014497	6.433206000000001	8.412259999999993	-3.1921012557216684	0.0010128727850852047	6.977621814461638	2021-09-01	ne_star-lbi	north	2021
2021-02-01	B/Marseille/2777/2020_oct_EPI_ISL_707785	0.009753	7.793604	5.844254999999993	0.8014263771653795	0.00700050031034727	7.7700059112961934	2021-09-01	ne_star-lbi	north	2021
2021-02-01	B/Paris/9867/2020_EPI_ISL_710041	0.024961	5.218941	3.0409659999999983	-3.199517036290497	0.0017364410384354521	5.0089246128195	2021-09-01	ne_star-lbi	north	2021
2021-02-01	B/Togo/828/2020_EPI_ISL_882916	0.007017	7.793604	5.844254999999993	2.442328186955999	0.013117342216934988	7.7700059112961934	2021-09-01	ne_star-lbi	north	2021
2021-02-01	B/Togo/879/2020_EPI_ISL_882917	0.020281	7.793604	5.844254999999993	0.5633735722777324	0.012669873884367624	7.7700059112961934	2021-09-01	ne_star-lbi	north	2021
2021-02-01	B/Yunnan-Wenshan/1479/2020_EPI_ISL_522412	2.8000000000000013e-05	8.433106000000002	10.326849999999995	-44.15880963979527	8.184506201385776e-17	8.977621814461646	2021-09-01	ne_star-lbi	north	2021
2022-02-01	A/SouthAfrica/PET19999/2021_EPI_ISL_7869211	0.000562	3.4444249999999994	3.425843999999995	1.5258350191446417	0.0007294289750730324	1.449785457624783	2022-09-01	ne_star-lbi	north	2022
2022-02-01	B/Abu_Dhabi/3210361/2021_EPI_ISL_8809955	0.011173	3.251637999999999	2.0009939999999946	0.8131579934309396	0.009569031903017574	2.132720940986621	2022-09-01	ne_star-lbi	north	2022
2022-02-01	B/Abu_Dhabi/3330615/2021_EPI_ISL_8809959	0.013946	3.251637999999999	2.0009939999999946	0.34116650187093217	0.00906931054129982	2.132720940986621	2022-09-01	ne_star-lbi	north	2022
2022-02-01	B/Abu_Dhabi/3430298/2021_EPI_ISL_8809956	0.0165139999999999	4.210719000000002	2.988718999999991	0.11789224482796305	0.009427855955022197	3.111724342429465	2022-09-01	ne_star-lbi	north	2022
2022-02-01	B/Abu_Dhabi/3532886/2021_EPI_ISL_8809957	0.018719	3.251637999999999	2.0009939999999946	0.1759495749420355	0.011054814420697645	2.132720940986621	2022-09-01	ne_star-lbi	north	2022
2022-02-01	B/Alaska/01/2021_EPI_ISL_8544577	0.007451	4.174846000000001	3.000973999999992	0.14147373677600633	0.004312700708659651	3.0868619207867227	2022-09-01	ne_star-lbi	north	2022
2022-02-01	B/Alaska/01/2021_EPI_ISL_8544577__dup2	0.007451	4.174846000000001	3.000973999999992	0.3380284926374737	0.004836644829669679	3.0868619207867227	2022-09-01	ne_star-lbi	north	2022
2022-02-01	B/Alaska/02/2021_EPI_ISL_8544552__dup2	0.007451	4.174846000000001	3.000973999999992	0.3380284926374737	0.004836644829669679	3.0868619207867227	2022-09-01	ne_star-lbi	north	2022
2022-02-01	B/Alaska/03/2021_EPI_ISL_8544561	0.008019	4.174846000000001	3.000973999999992	0.08658610737622095	0.004495208325270276	3.0868619207867227	2022-09-01	ne_star-lbi	north	2022
2022-02-01	B/Alaska/03/2021_EPI_ISL_8544561__dup2	0.008019	4.174846000000001	3.000973999999992	0.06860762533461269	0.0044483114066792544	3.0868619207867227	2022-09-01	ne_star-lbi	north	2022
2022-02-01	B/Antananarivo/12208/2021_EPI_ISL_9140551	0.0067280000000000005	11.755121999999986	12.89085	-1.3905831115605227	0.001593279013511449	12.63002400186176	2022-09-01	ne_star-lbi	north	2022
2022-02-01	B/Antsirabe/11473/2021_EPI_ISL_9140549	0.0013599999999999999	13.746890000000002	14.884940999999996	-1.150108093909147	0.00037056664792846366	14.62788708341253	2022-09-01	ne_star-lbi	north	2022
2022-02-01	B/Antsirabe/12055/2021_EPI_ISL_9140552	0.007265000000000001	12.583288999999988	13.872633000000006	-0.9003205459399595	0.002290044011276002	13.579726167456153	2022-09-01	ne_star-lbi	north	2022
2022-02-01	B/Antsohihy/12903/2021_EPI_ISL_9140560	0.013475	10.637918999999998	11.890608999999992	-1.2805172008251184	0.0034026599841810367	11.596168654680126	2022-09-01	ne_star-lbi	north	2022
2022-02-01	B/Arizona/01/2021_EPI_ISL_5978318__dup2	0.003909	9.752674000000003	10.992033999999983	-0.5760053924996813	0.0014887966341676148	10.610001718937395	2022-09-01	ne_star-lbi	north	2022
2022-02-01	B/Arizona/02/2021_EPI_ISL_6307004	0.002921	9.752674000000003	10.992033999999983	-1.247920043926402	0.0007517604087655106	10.610001718937395	2022-09-01	ne_star-lbi	north	2022
2022-02-01	B/Arizona/02/2021_EPI_ISL_6307004__dup2	0.002921	9.752674000000003	10.992033999999983	-1.247920043926402	0.0007517604087655106	10.610001718937395	2022-09-01	ne_star-lbi	north	2022
2022-02-01	B/Austria/1359417/2021_21/224_EPI_ISL_5195882	0.004286	4.082385999999998	3.402015999999995	-1.0809837100453055	0.0012158820622758346	2.7074428453070847	2022-09-01	ne_star-lbi	north	2022
2022-02-01	B/Bahrain/0157/2021_EPI_ISL_6307047	0.000468	3.093701000000002	2.4274369999999936	-0.7912632246320109	0.0001572108355315891	1.710444712838617	2022-09-01	ne_star-lbi	north	2022
2022-02-01	B/Bahrain/0157/2021_EPI_ISL_6307047__dup2	0.000468	3.093701000000002	2.4274369999999936	0.12288421693098917	0.00026796074078787844	1.710444712838617	2022-09-01	ne_star-lbi	north	2022
2022-02-01	B/Bahrain/0377/2021_EPI_ISL_6307059	0.000265	3.251637999999999	2.0009939999999946	5.791846779600772	0.004142260111352074	2.132720940986621	2022-09-01	ne_star-lbi	north	2022
2022-02-01	B/Bahrain/0377/2021_EPI_ISL_6307059__dup2	0.000265	3.251637999999999	2.0009939999999946	2.411147666535241	0.0005764694556165954	2.132720940986621	2022-09-01	ne_star-lbi	north	2022
2022-02-01	B/Bahrain/1025/2021_EPI_ISL_5959410	0.000292	3.251637999999999	2.0009939999999946	5.229908482541465	0.0032886205654099917	2.132720940986621	2022-09-01	ne_star-lbi	north	2022
2022-02-01	B/Bahrain/2852/2021_EPI_ISL_6307054	0.00010400000000000001	3.093701000000002	2.4274369999999936	-0.42607302864501484	4.3230143731671006e-05	1.710444712838617	2022-09-01	ne_star-lbi	north	2022
2022-02-01	B/Bahrain/2852/2021_EPI_ISL_6307054__dup2	0.00010400000000000001	3.093701000000002	2.4274369999999936	0.48104375205506855	7.338279289362777e-05	1.710444712838617	2022-09-01	ne_star-lbi	north	2022
2022-02-01	B/Bahrain/5832/2021_EPI_ISL_6307052	5.9999999999999995e-05	4.093450999999997	3.427416999999995	-0.9249513315331308	1.8643160380884342e-05	2.710370140197093	2022-09-01	ne_star-lbi	north	2022
2022-02-01	B/Bahrain/5832/2021_EPI_ISL_6307052__dup2	5.9999999999999995e-05	4.093450999999997	3.427416999999995	-0.9249513315331308	1.8643160380884342e-05	2.710370140197093	2022-09-01	ne_star-lbi	north	2022
2022-02-01	B/Bahrain/7887/2021_EPI_ISL_6307050	1.3000000000000001e-05	3.093701000000002	2.4274369999999936	0.7998064564819958	1.1047375054681595e-05	1.710444712838617	2022-09-01	ne_star-lbi	north	2022
2022-02-01	B/Bahrain/7887/2021_EPI_ISL_6307050__dup2	1.3000000000000001e-05	3.093701000000002	2.4274369999999936	0.7998064564819958	1.1047375054681595e-05	1.710444712838617	2022-09-01	ne_star-lbi	north	2022
2022-02-01	B/Bangladesh/0004/2021_EPI_ISL_3535249	1.2e-05	3.4444249999999994	3.425843999999995	10.942423741315153	0.003784529644841194	1.449785457624783	2022-09-01	ne_star-lbi	north	2022
2022-02-01	B/Bangladesh/1001/2021_EPI_ISL_4876085	5.9999999999999995e-05	3.4444249999999994	3.425843999999995	5.326420378773598	0.0007148786735089354	1.449785457624783	2022-09-01	ne_star-lbi	north	2022
2022-02-01	B/Bangladesh/1001/2021_EPI_ISL_4876085__dup2	5.9999999999999995e-05	3.4444249999999994	3.425843999999995	5.326420378773598	0.0007148786735089354	1.449785457624783	2022-09-01	ne_star-lbi	north	2022
2022-02-01	B/Bangladesh/1018/2021_EPI_ISL_4876100__dup2	5.1e-05	3.4444249999999994	3.425843999999995	5.337245023779911	0.0006114959228520559	1.449785457624783	2022-09-01	ne_star-lbi	north	2022
2022-02-01	B/Bangladesh/1033/2021_EPI_ISL_4876088__dup2	3.6e-05	4.251556000000002	3.000517999999991	-0.6313034591983876	1.3275872787163035e-05	3.132694389241046	2022-09-01	ne_star-lbi	north	2022
2022-02-01	B/Bangladesh/1036/2021_EPI_ISL_4876106	4e-05	3.093701000000002	2.4274369999999936	-0.27872153999167704	1.8119371480515464e-05	1.710444712838617	2022-09-01	ne_star-lbi	north	2022
2022-02-01	B/Bangladesh/1639/2021_EPI_ISL_4539766	1.4000000000000001e-05	3.4444249999999994	3.425843999999995	10.555515193254237	0.00352322103429686	1.449785457624783	2022-09-01	ne_star-lbi	north	2022
2022-02-01	B/Bangladesh/1652/2021_EPI_ISL_4539804	3.2e-05	3.093701000000002	2.4274369999999936	-0.16327928022132193	1.5505260917858023e-05	1.710444712838617	2022-09-01	ne_star-lbi	north	2022
2022-02-01	B/Bangladesh/1657/2021_EPI_ISL_4539782	6.3e-05	4.093564999999998	3.427416999999995	-1.48326096977293	1.413407975571112e-05	2.7104164446791055	2022-09-01	ne_star-lbi	north	2022
2022-02-01	B/Bangladesh/1984/2021_EPI_ISL_4539792	1.3000000000000001e-05	4.418139000000001	4.41050599999999	-1.5208478138040726	2.853304673586147e-06	2.4377397633534126	2022-09-01	ne_star-lbi	north	2022
2022-02-01	B/Bangladesh/2033/2021_EPI_ISL_4876087	4.5e-05	4.290691	4.304282999999992	-1.1998953931718337	1.1910415087902102e-05	2.411219053529576	2022-09-01	ne_star-lbi	north	2022
2022-02-01	B/Bangladesh/2123/2021_EPI_ISL_4539805	2.9999999999999997e-05	3.093701000000002	2.4274369999999936	-1.279474346053088	7.5801051444170685e-06	1.710444712838617	2022-09-01	ne_star-lbi	north	2022
2022-02-01	B/Bangladesh/2131/2021_EPI_ISL_4539794	2.6000000000000002e-05	5.093093	4.42739699999999	-2.34035455534742	3.5380631281062236e-06	3.710339295016289	2022-09-01	ne_star-lbi	north	2022
2022-02-01	B/Bangladesh/2135/2021_EPI_ISL_4539799	6.7e-05	3.867788000000002	2.883643999999992	-0.1488399299887483	3.2738738857987275e-05	3.029534491489207	2022-09-01	ne_star-lbi	north	2022
2022-02-01	B/Bangladesh/2139/2021_EPI_ISL_4539790	7.900000000000001e-05	3.4444249999999994	3.425843999999995	4.867015118456841	0.0007199845326068487	1.449785457624783	2022-09-01	ne_star-lbi	north	2022
2022-02-01	B/Bangladesh/3004/2021_EPI_ISL_3535248	1.1e-05	5.093093	4.42739699999999	-2.1799332708954573	1.6437122581045148e-06	3.710339295016289	2022-09-01	ne_star-lbi	north	2022
2022-02-01	B/Bangladesh/3007/2021_EPI_ISL_4876093	6.7e-05	3.251637999999999	2.0009939999999946	5.670109105721114	0.0009754959309253004	2.132720940986621	2022-09-01	ne_star-lbi	north	2022
2022-02-01	B/Bangladesh/3007/2021_EPI_ISL_4876093__dup2	6.7e-05	3.251637999999999	2.0009939999999946	5.670109105721114	0.0009754959309253004	2.132720940986621	2022-09-01	ne_star-lbi	north	2022
2022-02-01	B/Bangladesh/3012/2021_EPI_ISL_5978296	0.000642	7.410404999999995	7.4085429999999945	-1.3229430372302804	0.00015815273706394877	5.435841930508646	2022-09-01	ne_star-lbi	north	2022
2022-02-01	B/Bangladesh/3012/2021_EPI_ISL_5978296__dup2	0.000642	7.410404999999995	7.4085429999999945	-1.3229430372302804	0.00015815273706394877	5.435841930508646	2022-09-01	ne_star-lbi	north	2022
2022-02-01	B/Bangladesh/3028/2021_EPI_ISL_4876095__dup2	4e-05	3.4444249999999994	3.425843999999995	1.0410324073457908	3.912799059169728e-05	1.449785457624783	2022-09-01	ne_star-lbi	north	2022
2022-02-01	B/Bangladesh/3210708007/2021_EPI_ISL_4876102	6.3e-05	3.4444249999999994	3.425843999999995	5.081081277789483	0.0006505307248411755	1.449785457624783	2022-09-01	ne_star-lbi	north	2022
2022-02-01	B/Bangladesh/3210810004/2021_EPI_ISL_4876110	0.000306	4.421223	4.249973999999994	-1.2714729645719545	7.767879128460244e-05	2.442419618264909	2022-09-01	ne_star-lbi	north	2022
2022-02-01	B/Bangladesh/3210810018/2021_EPI_ISL_5978303	0.000642	3.4444249999999994	3.425843999999995	2.689177271688299	0.0016424836071730546	1.449785457624783	2022-09-01	ne_star-lbi	north	2022
2022-02-01	B/Bangladesh/3210810018/2021_EPI_ISL_5978303__dup2	0.000642	3.4444249999999994	3.425843999999995	2.689177271688299	0.0016424836071730546	1.449785457624783	2022-09-01	ne_star-lbi	north	2022
2022-02-01	B/Bangladesh/4004/2021_EPI_ISL_4876099	0.000196	3.4444249999999994	3.425843999999995	4.979632246439044	0.0019075783951875956	1.449785457624783	2022-09-01	ne_star-lbi	north	2022
2022-02-01	B/Bangladesh/4005/2021_EPI_ISL_4876091	0.000468	3.093701000000002	2.4274369999999936	-0.026928916399190067	0.0002455374510594065	1.710444712838617	2022-09-01	ne_star-lbi	north	2022
2022-02-01	B/Bangladesh/4020/2021_EPI_ISL_4876108	0.00018600000000000002	3.4444249999999994	3.425843999999995	4.909996089713377	0.0017381920212712445	1.449785457624783	2022-09-01	ne_star-lbi	north	2022
2022-02-01	B/Bangladesh/4020/2021_EPI_ISL_4876108__dup2	0.00018600000000000002	3.4444249999999994	3.425843999999995	3.930560061647614	0.0009816777529972932	1.449785457624783	2022-09-01	ne_star-lbi	north	2022
2022-02-01	B/Bangladesh/4026/2021_EPI_ISL_9346204	0.0022140000000000003	3.4444249999999994	3.425843999999995	5.105520271484422	0.023189758031552165	1.449785457624783	2022-09-01	ne_star-lbi	north	2022
2022-02-01	B/Bangladesh/4034/2021_EPI_ISL_4876029	0.000265	3.4444249999999994	3.425843999999995	4.484297928569862	0.0019319014587952708	1.449785457624783	2022-09-01	ne_star-lbi	north	2022
2022-02-01	B/Bangladesh/4042/2021_EPI_ISL_5978311	0.000944	3.093701000000002	2.4274369999999936	-0.05957741633859368	0.0004859289392475811	1.710444712838617	2022-09-01	ne_star-lbi	north	2022
2022-02-01	B/Bangladesh/610010/2021_EPI_ISL_4876097__dup2	3.2e-05	4.424667000000001	4.419297999999991	3.4353241659400324	0.00012651548654900698	2.4433513670203313	2022-09-01	ne_star-lbi	north	2022
2022-02-01	B/Bangladesh/610050/2021_EPI_ISL_4876089__dup2	4e-05	3.4444249999999994	3.425843999999995	1.0410324073457908	3.912799059169728e-05	1.449785457624783	2022-09-01	ne_star-lbi	north	2022
2022-02-01	B/Bangladesh/613015/2021_EPI_ISL_3535264__dup2	1.2e-05	4.369326000000001	4.4255749999999905	-3.2297997785376724	9.719474919222765e-07	2.426877018772356	2022-09-01	ne_star-lbi	north	2022
2022-02-01	B/Bangladesh/643/2021_EPI_ISL_4539791	1.1e-05	4.429809	4.315957999999992	-1.6376488950361463	2.255315351013402e-06	2.4463528196256012	2022-09-01	ne_star-lbi	north	2022
2022-02-01	B/Bangladesh/8004/2021_EPI_ISL_3535246	1e-05	4.444395	4.42582399999999	-1.665893258436353	2.0167831659817287e-06	2.4497814240584503	2022-09-01	ne_star-lbi	north	2022
2022-02-01	B/Bangladesh/8042/2021_EPI_ISL_4876090	3.6e-05	3.4444249999999994	3.425843999999995	1.4342590011757423	4.4294465938403684e-05	1.449785457624783	2022-09-01	ne_star-lbi	north	2022
2022-02-01	B/Bangladesh/810002/2021_EPI_ISL_6307053	0.000292	4.418139000000001	4.41050599999999	-1.1645268927354275	7.889644521765858e-05	2.4377397633534126	2022-09-01	ne_star-lbi	north	2022
2022-02-01	B/Bangladesh/810002/2021_EPI_ISL_6307053__dup2	0.000292	4.418139000000001	4.41050599999999	-1.1645268927354275	7.889644521765858e-05	2.4377397633534126	2022-09-01	ne_star-lbi	north	2022
2022-02-01	B/Bangladesh/849/2021_EPI_ISL_5959630	0.00011	5.093093	4.42739699999999	-1.7459287021366532	2.117268019542079e-05	3.710339295016289	2022-09-01	ne_star-lbi	north	2022
2022-02-01	B/Bangladesh/9003/2021_EPI_ISL_4876101	5.9999999999999995e-05	4.429809	4.315957999999992	-1.2586468036904719	1.5345521171898135e-05	2.4463528196256012	2022-09-01	ne_star-lbi	north	2022
2022-02-01	B/Bangladesh/9003/2021_EPI_ISL_4876101__dup2	5.9999999999999995e-05	4.429809	4.315957999999992	-1.2586468036904719	1.5345521171898135e-05	2.4463528196256012	2022-09-01	ne_star-lbi	north	2022
2022-02-01	B/Bangladesh/9005/2021_EPI_ISL_6307062	7.900000000000001e-05	4.251312000000001	2.7623379999999917	0.5993431503112367	5.972522225657216e-05	3.1324820400975937	2022-09-01	ne_star-lbi	north	2022
2022-02-01	B/Bangladesh/9005/2021_EPI_ISL_6307062__dup3	7.900000000000001e-05	4.251312000000001	2.7623379999999917	0.5993431503112367	5.972522225657216e-05	3.1324820400975937	2022-09-01	ne_star-lbi	north	2022
2022-02-01	B/Bangladesh/9013/2021_EPI_ISL_3535223__dup2	1.1e-05	3.4444249999999994	3.425843999999995	9.294735440788264	0.001326785003583635	1.449785457624783	2022-09-01	ne_star-lbi	north	2022
2022-02-01	B/Beijing-Chaoyang/12409/2021_EPI_ISL_7189152	0.0046890000000000005	3.987359999999998	3.072563999999994	-0.6002115752982714	0.001760830628223815	2.664414608408204	2022-09-01	ne_star-lbi	north	2022
2022-02-01	B/California/01/2021_EPI_ISL_5069999	0.00116	3.251637999999999	2.0009939999999946	3.3276788506177843	0.004307060813670097	2.132720940986621	2022-09-01	ne_star-lbi	north	2022
2022-02-01	B/California/01/2021_EPI_ISL_5069999__dup2	0.00116	3.251637999999999	2.0009939999999946	3.3518847684910016	0.004368308417972112	2.132720940986621	2022-09-01	ne_star-lbi	north	2022
2022-02-01	B/Cameroon/8775/2021_EPI_ISL_8808693	0.011398	5.174345999999996	3.985873999999991	-1.452411673670547	0.0026035801609323476	4.115361618310614	2022-09-01	ne_star-lbi	north	2022
2022-02-01	B/Cameroon/8777/2021_EPI_ISL_8808691	0.011853	5.173435999999996	3.985873999999991	-1.5895236102863788	0.0024993947897964594	4.115569989052886	2022-09-01	ne_star-lbi	north	2022
2022-02-01	B/Chongqing-Fuling/1461/2021_EPI_ISL_4169581	7.900000000000001e-05	7.800166999999993	8.042285999999992	-1.224489675599558	2.0611556893964038e-05	7.36540707976117	2022-09-01	ne_star-lbi	north	2022
2022-02-01	B/Chongqing-Qianjiang/1852/2021_EPI_ISL_7189166	0.0018449999999999999	3.987359999999998	3.072563999999994	0.6989255048427927	0.0014782745253377192	2.664414608408204	2022-09-01	ne_star-lbi	north	2022
2022-02-01	B/Chongqing-Yuzhong/1781/2021_EPI_ISL_4520758	0.00042699999999999997	3.987359999999998	3.072563999999994	1.277699292335503	0.00047952610013004155	2.664414608408204	2022-09-01	ne_star-lbi	north	2022
2022-02-01	B/Darwin/4/2021_EPI_ISL_4760591	0.000984	4.418052000000001	4.405188999999991	-0.9781507091689421	0.00029640528021655414	2.437623904462216	2022-09-01	ne_star-lbi	north	2022
2022-02-01	B/Darwin/4/2021_EPI_ISL_4760591__dup2	0.000984	4.418052000000001	4.405188999999991	-0.9781507091689421	0.00029640528021655414	2.437623904462216	2022-09-01	ne_star-lbi	north	2022
2022-02-01	B/England/213781209/2021_EPI_ISL_5935300	0.0019149999999999998	3.251637999999999	2.0009939999999946	2.528579796419419	0.00446117519636668	2.132720940986621	2022-09-01	ne_star-lbi	north	2022
2022-02-01	B/England/213821269/2021_EPI_ISL_5935087	0.001778	4.248072000000001	3.000973999999992	2.60707064761135	0.004336077218125338	3.1240487865503694	2022-09-01	ne_star-lbi	north	2022
2022-02-01	B/England/214120822/2021_EPI_ISL_5935484	0.003788	3.251637999999999	2.0009939999999946	2.0787040958301137	0.006787653424257399	2.132720940986621	2022-09-01	ne_star-lbi	north	2022
2022-02-01	B/England/214681390/2021_EPI_ISL_8609240	0.011398	4.228548000000002	2.879163999999992	-0.19845907519618486	0.00541059913158857	3.121838278190266	2022-09-01	ne_star-lbi	north	2022
2022-02-01	B/England/214800290/2021_EPI_ISL_8929396	0.011853	4.226852000000002	3.000973999999992	-0.8085928202434952	0.003941619105361434	3.124426341091066	2022-09-01	ne_star-lbi	north	2022
2022-02-01	B/England/214881269/2021_EPI_ISL_8929407	0.0151199999999999	4.221388000000002	2.7672279999999927	-0.6725868235094851	0.005443192696356101	3.121834555593908	2022-09-01	ne_star-lbi	north	2022
2022-02-01	B/Ethiopia/3914/2021_EPI_ISL_9346210	2.5e-05	4.092226999999998	3.427416999999995	-3.2560892416717526	1.9940747499646993e-06	2.710126430500747	2022-09-01	ne_star-lbi	north	2022
2022-02-01	B/Fujian-Cangshan/1613/2021_EPI_ISL_3722686	2.8000000000000013e-05	8.712730999999994	8.854489999999988	-0.7488166747062643	9.641575295341204e-06	8.334917778913209	2022-09-01	ne_star-lbi	north	2022
2022-02-01	B/Fujian-Cangshan/1657/2021_EPI_ISL_4169582	6.3e-05	8.712730999999994	8.854489999999988	-0.8111340233635284	2.0919106692286906e-05	8.334917778913209	2022-09-01	ne_star-lbi	north	2022
2022-02-01	B/Fujian-Gulou/1920/2021_EPI_ISL_7189187	0.001778	3.987359999999998	3.072563999999994	-0.6885126640207869	0.0006341602946233038	2.664414608408204	2022-09-01	ne_star-lbi	north	2022
2022-02-01	B/Fujian-Meilie/11031/2021_EPI_ISL_7189161	0.0045520000000000005	3.987359999999998	3.072563999999994	-0.90782463232465	0.0014285958693775478	2.664414608408204	2022-09-01	ne_star-lbi	north	2022
2022-02-01	B/Fujian-Sanyuan/2644/2021_EPI_ISL_4169563	7.5e-05	4.987050000000001	4.072543999999995	-1.3163891472707334	1.8546557061691448e-05	3.664340422179956	2022-09-01	ne_star-lbi	north	2022
2022-02-01	B/Fujian-Tongan/1660/2021_EPI_ISL_4169541	6.7e-05	7.778604999999992	7.922296999999995	-1.341475946682489	1.6327563765872627e-05	7.354936206726532	2022-09-01	ne_star-lbi	north	2022
2022-02-01	B/Guangdong-Chikan/1649/2021_EPI_ISL_4520776	0.00044699999999999997	3.987359999999998	3.072563999999994	1.2790620377373203	0.0005023855440808967	2.664414608408204	2022-09-01	ne_star-lbi	north	2022
2022-02-01	B/Guangdong-Futian/1748/2021_EPI_ISL_4169534	7.5e-05	7.162477000000004	7.039646999999999	-1.7496395995626834	1.4404702822781528e-05	6.460565520092497	2022-09-01	ne_star-lbi	north	2022
2022-02-01	B/Guangdong-Huicheng/1722/2021_EPI_ISL_7189209	0.0014140000000000001	3.987359999999998	3.072563999999994	-0.48462800434133696	0.000568026402915001	2.664414608408204	2022-09-01	ne_star-lbi	north	2022
2022-02-01	B/Guangdong-Jinping/1723/2021_EPI_ISL_7189220	0.0018449999999999999	3.987359999999998	3.072563999999994	0.7270121956352747	0.0015026939280306467	2.664414608408204	2022-09-01	ne_star-lbi	north	2022
2022-02-01	B/Guangdong-Pengjiang/1961/2021_EPI_ISL_7189222	0.001778	4.983794000000001	4.072499999999995	-0.22382633050658648	0.0008316143244470891	3.6627513797593085	2022-09-01	ne_star-lbi	north	2022
2022-02-01	B/Guangdong-Yuexiu/11326/2021_EPI_ISL_4520697	0.000588	3.987359999999998	3.072563999999994	0.0028433200523844855	0.00031390025482515673	2.664414608408204	2022-09-01	ne_star-lbi	north	2022
2022-02-01	B/Guangdong-Zhenjiang/1516/2021_EPI_ISL_4169531	4.5e-05	3.987359999999998	3.072563999999994	1.1857752146201115	4.789707427451351e-05	2.664414608408204	2022-09-01	ne_star-lbi	north	2022
2022-02-01	B/Guangdong-Zhenjiang/1516/2021_EPI_ISL_4169531__dup4	4.5e-05	3.987359999999998	3.072563999999994	2.13856932937597	8.350036387471374e-05	2.664414608408204	2022-09-01	ne_star-lbi	north	2022
2022-02-01	B/Guangdong-Zhongshan/1595/2021_EPI_ISL_4169568	9.9e-05	7.466684000000001	8.042832999999995	-0.45397476263085434	4.0487406008019895e-05	6.732762989770856	2022-09-01	ne_star-lbi	north	2022
2022-02-01	B/Guangxi-Wanxiu/1889/2021_EPI_ISL_7189227	0.003909	6.801695000000002	7.0441270000000005	-1.420201731995567	0.0009098462051069405	6.36581886952289	2022-09-01	ne_star-lbi	north	2022
2022-02-01	B/Guangxi-Yuzhou/11130/2021_EPI_ISL_7189141	0.002461	7.793206999999992	8.042665999999993	-1.4517738165567338	0.0005623614064134704	7.346222545312018	2022-09-01	ne_star-lbi	north	2022
2022-02-01	B/Guizhou-Bijiang/1499/2021_EPI_ISL_4169551	3.4e-05	6.801695000000002	7.0441270000000005	-3.2751449348031447	2.681963128591777e-06	6.36581886952289	2022-09-01	ne_star-lbi	north	2022
2022-02-01	B/Guizhou-Nanming/11818/2021_EPI_ISL_4520756	0.000306	4.986738000000001	4.072543999999995	-1.1897196152927498	8.147300329192798e-05	3.664251662401619	2022-09-01	ne_star-lbi	north	2022
2022-02-01	B/Hainan-Dingan/323/2021_EPI_ISL_7745686__dup2	0.006215	7.466684000000001	8.042832999999995	-1.2564161744316253	0.0015916098913402606	6.732762989770856	2022-09-01	ne_star-lbi	north	2022
2022-02-01	B/Hainan-Wenchang/1779/2021_EPI_ISL_4520730	0.000306	9.461783999999998	9.989362999999997	-1.1952011928011883	8.121290235482395e-05	8.73119180106529	2022-09-01	ne_star-lbi	north	2022
2022-02-01	B/Hainan-Xiuying/1588/2021_EPI_ISL_4169474	0.00011	6.801695000000002	7.0441270000000005	-1.1427373860815675	3.0101448142183175e-05	6.36581886952289	2022-09-01	ne_star-lbi	north	2022
2022-02-01	B/Hainan-Xiuying/1762/2021_EPI_ISL_7189124	0.004032	11.685101000000001	11.853459000000003	-1.6233832735120508	0.0008335835673430005	11.329057987541521	2022-09-01	ne_star-lbi	north	2022
2022-02-01	B/Haiti/70747/2021_EPI_ISL_6600951	1.3000000000000001e-05	9.052929999999984	9.983785999999995	-3.380610760367147	9.642700760834837e-07	9.701626742174511	2022-09-01	ne_star-lbi	north	2022
2022-02-01	B/Hebei-Cixian/1729/2021_EPI_ISL_4520762	0.00044699999999999997	10.710922999999989	10.854449999999991	-1.093236689023268	0.00012590490717676373	10.334414159284494	2022-09-01	ne_star-lbi	north	2022
2022-02-01	B/Henan-Jinshui/1318/2021_EPI_ISL_3722693	1.3000000000000001e-05	6.801695000000002	7.0441270000000005	-3.323066218897337	9.971877492999107e-07	6.36581886952289	2022-09-01	ne_star-lbi	north	2022
2022-02-01	B/Henan-Jiyuan/1393/2021_EPI_ISL_7745703	0.004158	9.612454999999988	9.916224000000005	-1.7103286130313793	0.000817121257526042	9.319702473781653	2022-09-01	ne_star-lbi	north	2022
2022-02-01	B/Hubei-Danjiangkou/2380/2021_EPI_ISL_4520779	0.000562	4.985905000000002	4.070383999999995	-0.9274401420527872	0.00017437093225812728	3.6639738148350243	2022-09-01	ne_star-lbi	north	2022
2022-02-01	B/Hubei-Maojian/11727/2021_EPI_ISL_4520710	0.001114	8.766188999999995	9.037784999999987	-1.490457054715915	0.0002488795048211075	8.35826887787687	2022-09-01	ne_star-lbi	north	2022
2022-02-01	B/Hubei-Qiaokou/1425/2021_EPI_ISL_3722716	1.9e-05	3.987359999999998	3.072563999999994	1.0118523883232473	1.8272111397477208e-05	2.664414608408204	2022-09-01	ne_star-lbi	north	2022
2022-02-01	B/Hubei-Qiaokou/1555/2021_EPI_ISL_4520739	0.000292	3.987359999999998	3.072563999999994	1.0121581508383384	0.00028086359225213255	2.664414608408204	2022-09-01	ne_star-lbi	north	2022
2022-02-01	B/Hubei-Wuchang/717/2021_EPI_ISL_4520727	0.000278	3.987359999999998	3.072563999999994	0.1734019191179473	0.00016393368029053588	2.664414608408204	2022-09-01	ne_star-lbi	north	2022
2022-02-01	B/Hubei-Wujiagang/1782/2021_EPI_ISL_4520718	0.00116	3.987359999999998	3.072563999999994	-0.4279150759925878	0.00048166453238150577	2.664414608408204	2022-09-01	ne_star-lbi	north	2022
2022-02-01	B/Hubei-Xiantao/21187/2021_EPI_ISL_7189214	0.0019149999999999998	4.983520000000001	4.072543999999995	-1.0915898484545397	0.0005399096879701156	3.6633347890322625	2022-09-01	ne_star-lbi	north	2022
2022-02-01	B/Hubei-Yuanan/2101/2021_EPI_ISL_3722789	1.3000000000000001e-05	6.801695000000002	7.0441270000000005	-1.8909443201020444	2.2992620611077774e-06	6.36581886952289	2022-09-01	ne_star-lbi	north	2022
2022-02-01	B/Hubei-Yuanan/2101/2021_EPI_ISL_3722789__dup2	1.3000000000000001e-05	6.801695000000002	7.0441270000000005	-3.323066218897337	9.971877492999107e-07	6.36581886952289	2022-09-01	ne_star-lbi	north	2022
2022-02-01	B/Hubei-Zengdou/37/2021_EPI_ISL_7189207__dup3	0.0018449999999999999	3.987359999999998	3.072563999999994	0.7270121956352747	0.0015026939280306467	2.664414608408204	2022-09-01	ne_star-lbi	north	2022
2022-02-01	B/Hunan-Kaifu/1602/2021_EPI_ISL_4520748	0.000306	6.801695000000002	7.0441270000000005	-1.2590977659648057	7.824157293725577e-05	6.36581886952289	2022-09-01	ne_star-lbi	north	2022
2022-02-01	B/Jiangsu-Tianning/1770/2021_EPI_ISL_7189135	0.0032270000000000003	8.052965999999994	9.012451999999993	-1.3398085541822067	0.0007871689697882152	8.70162867071466	2022-09-01	ne_star-lbi	north	2022
2022-02-01	B/Jiangsu-Wujin/1752/2021_EPI_ISL_7189136	0.0028239999999999997	8.052965999999994	9.012451999999993	-1.326466867303266	0.0006942464298665071	8.70162867071466	2022-09-01	ne_star-lbi	north	2022
2022-02-01	B/Jiangxi-Anyuan/11044/2021_EPI_ISL_7189162	0.004286	3.987359999999998	3.072563999999994	0.1946895787511339	0.0025589897261488995	2.664414608408204	2022-09-01	ne_star-lbi	north	2022
2022-02-01	B/Jiangxi-Donghu/11455/2021_EPI_ISL_4520769	0.000321	4.9861460000000015	4.071463999999996	-1.0624806474578612	9.205170866230496e-05	3.66405613405862	2022-09-01	ne_star-lbi	north	2022
2022-02-01	B/Jiangxi-Donghu/11531/2021_EPI_ISL_4520768	0.000614	3.987359999999998	3.072563999999994	0.0009314471077750824	0.00032741484194971355	2.664414608408204	2022-09-01	ne_star-lbi	north	2022
2022-02-01	B/Jiangxi-Linchuan/11029/2021_EPI_ISL_4520771	0.000408	3.987359999999998	3.072563999999994	-0.6363998691081628	0.0001500132527429401	2.664414608408204	2022-09-01	ne_star-lbi	north	2022
2022-02-01	B/Kenya/172/2021_EPI_ISL_8544527	0.001114	13.129119999999988	13.578235000000012	-1.241384664723418	0.0002877986461921712	13.730055426734982	2022-09-01	ne_star-lbi	north	2022
2022-02-01	B/Kenya/177/2021_EPI_ISL_7261803	0.001778	11.14696	11.579066999999995	-1.4514117253045626	0.0004063753747094036	11.734353752046033	2022-09-01	ne_star-lbi	north	2022
2022-02-01	B/Kenya/180/2021_EPI_ISL_7261780	0.001986	13.131051999999988	13.57902700000001	-1.5898207924353138	0.0004187072995600028	13.730646455658606	2022-09-01	ne_star-lbi	north	2022
2022-02-01	B/Kenya/182/2021_EPI_ISL_8544508	0.002294	13.129119999999988	13.578235000000012	-1.3067041116031544	0.0005704913214340435	13.730055426734982	2022-09-01	ne_star-lbi	north	2022
2022-02-01	B/LaReunion/438/2021_jul_EPI_ISL_5134444	0.000206	9.052543999999985	10.012431999999995	-1.6222486126876228	4.2617041242165894e-05	9.701543436632178	2022-09-01	ne_star-lbi	north	2022
2022-02-01	B/Mahajanga/12522/2021_EPI_ISL_9140557	0.011853	11.578720999999991	12.890492	-1.4499912773937567	0.0027113386489692652	12.582363290861586	2022-09-01	ne_star-lbi	north	2022
2022-02-01	B/Mahajanga/12522/2021_EPI_ISL_9140557__dup2	0.011853	11.578720999999991	12.890492	-1.4499912773937567	0.0027113386489692652	12.582363290861586	2022-09-01	ne_star-lbi	north	2022
2022-02-01	B/Marseille/0488/2021_aug_EPI_ISL_5135301	0.000562	6.188033999999996	4.950229999999991	-1.6002982442928952	0.00011776419352368633	5.118387037792745	2022-09-01	ne_star-lbi	north	2022
2022-02-01	B/Marseille/0489/2021_aug_EPI_ISL_5135306	0.001026	5.189167999999994	3.9693099999999912	-1.6030205086144356	0.00021465185861025234	4.118622566179794	2022-09-01	ne_star-lbi	north	2022
2022-02-01	B/Murcia/9711/2021_EPI_ISL_6917472	0.009644	9.752674000000003	10.992033999999983	-1.330380703437557	0.0023654547206946224	10.610001718937395	2022-09-01	ne_star-lbi	north	2022
2022-02-01	B/Myanmar/I067/2021_EPI_ISL_9109671	0.00605	3.093701000000002	2.4274369999999936	-0.7115714030046337	0.0021290261700432746	1.710444712838617	2022-09-01	ne_star-lbi	north	2022
2022-02-01	B/Navarra/9659/2021_EPI_ISL_8808692	0.010288	4.019148000000001	3.0007699999999917	0.8712925538022159	0.009115004315691726	2.9342195883130673	2022-09-01	ne_star-lbi	north	2022
2022-02-01	B/Navarra/9659/2021_EPI_ISL_8808692__dup2	0.010288	4.019148000000001	3.0007699999999917	0.8712925538022159	0.009115004315691726	2.9342195883130673	2022-09-01	ne_star-lbi	north	2022
2022-02-01	B/Neimenggu-Xincheng/1358/2021_EPI_ISL_4169536	1.3000000000000001e-05	7.796012999999991	8.010368999999995	-3.2592123330137603	1.0350315274856541e-06	7.36431638320983	2022-09-01	ne_star-lbi	north	2022
2022-02-01	B/Nepal/21FL2500/2021_EPI_ISL_4760593	0.000408	3.251637999999999	2.0009939999999946	4.706881806554799	0.003386790350506953	2.132720940986621	2022-09-01	ne_star-lbi	north	2022
2022-02-01	B/Nepal/21FL2506/2021_EPI_ISL_5419109	0.000408	3.251637999999999	2.0009939999999946	4.757759903460563	0.003488812999117237	2.132720940986621	2022-09-01	ne_star-lbi	north	2022
2022-02-01	B/Nepal/21FL2506/2021_EPI_ISL_5419109__dup2	0.000408	4.250812000000002	3.000973999999992	4.757759903460563	0.003488812999117237	3.1257433149883855	2022-09-01	ne_star-lbi	north	2022
2022-02-01	B/Nepal/21FL2507/2021_EPI_ISL_5419111	0.000337	3.251637999999999	2.0009939999999946	5.4308653559216795	0.004267474356783749	2.132720940986621	2022-09-01	ne_star-lbi	north	2022
2022-02-01	B/Nepal/21FL2507/2021_EPI_ISL_5419111__dup2	0.000337	3.251637999999999	2.0009939999999946	5.036354649781029	0.003390206796551821	2.132720940986621	2022-09-01	ne_star-lbi	north	2022
2022-02-01	B/Nepal/21FL2614/2021_EPI_ISL_5419115	0.00042699999999999997	4.249066000000002	3.000973999999992	0.32996891214050994	0.0002758771348547274	3.1311582279285486	2022-09-01	ne_star-lbi	north	2022
2022-02-01	B/Nepal/21FL2614/2021_EPI_ISL_5419115__dup2	0.00042699999999999997	4.249066000000002	3.000973999999992	0.32996891214050994	0.0002758771348547274	3.1311582279285486	2022-09-01	ne_star-lbi	north	2022
2022-02-01	B/Nepal/21FL2614/2021_EPI_ISL_5419115__dup3	0.00042699999999999997	4.249066000000002	3.000973999999992	0.01521388637382369	0.00022960225932638404	3.1311582279285486	2022-09-01	ne_star-lbi	north	2022
2022-02-01	B/Netherlands/10007/2021_EPI_ISL_4256973	0.0015279999999999	3.251637999999999	2.0009939999999946	1.3604407266838723	0.0018008158982915892	2.132720940986621	2022-09-01	ne_star-lbi	north	2022
2022-02-01	B/Netherlands/10007/2021_EPI_ISL_4256973__dup2	0.0015279999999999	3.251637999999999	2.0009939999999946	1.3604407266838723	0.0018008158982915892	2.132720940986621	2022-09-01	ne_star-lbi	north	2022
2022-02-01	B/New_Mexico/01/2021_EPI_ISL_5978341	0.00206	9.752674000000003	10.992033999999983	-0.11716120775166988	0.0010253680992435793	10.610001718937395	2022-09-01	ne_star-lbi	north	2022
2022-02-01	B/New_Mexico/01/2021_EPI_ISL_5978341__dup2	0.00206	9.752674000000003	10.992033999999983	-0.11716120775166988	0.0010253680992435793	10.610001718937395	2022-09-01	ne_star-lbi	north	2022
2022-02-01	B/New_Mexico/02/2021_EPI_ISL_5978333	0.00206	9.752674000000003	10.992033999999983	-0.11716120775166988	0.0010253680992435793	10.610001718937395	2022-09-01	ne_star-lbi	north	2022
2022-02-01	B/New_Mexico/02/2021_EPI_ISL_5978333__dup2	0.00206	10.748544	11.99201399999999	-0.11716120775166988	0.0010253680992435793	11.607950982738908	2022-09-01	ne_star-lbi	north	2022
2022-02-01	B/North_Carolina/02/2021_EPI_ISL_7261751	0.008411	9.752674000000003	10.992033999999983	-1.1737306885998415	0.002260427291282399	10.610001718937395	2022-09-01	ne_star-lbi	north	2022
2022-02-01	B/North_Carolina/02/2021_EPI_ISL_7261751__dup2	0.008411	9.752674000000003	10.992033999999983	-0.8333382064093525	0.002756925593953642	10.610001718937395	2022-09-01	ne_star-lbi	north	2022
2022-02-01	B/Panama/M101762/2021_EPI_ISL_8809958	0.010072	9.752674000000003	10.992033999999983	-1.3363838400011612	0.0024617975171183776	10.610001718937395	2022-09-01	ne_star-lbi	north	2022
2022-02-01	B/Pennsylvania/01/2021_EPI_ISL_7261756	0.00605	3.251637999999999	2.0009939999999946	1.1799032181132785	0.006417475869610157	2.132720940986621	2022-09-01	ne_star-lbi	north	2022
2022-02-01	B/Pennsylvania/02/2021_EPI_ISL_7261763	0.009433	4.019148000000001	3.0007699999999917	0.9273724757071976	0.008635409912778716	2.9342195883130673	2022-09-01	ne_star-lbi	north	2022
2022-02-01	B/Pennsylvania/02/2021_EPI_ISL_7261763__dup2	0.009433	4.019148000000001	3.0007699999999917	0.9273724757071976	0.008635409912778716	2.9342195883130673	2022-09-01	ne_star-lbi	north	2022
2022-02-01	B/Qatar/10-VI-21-3001000/2021_EPI_ISL_4005797	3.4e-05	4.089422999999997	3.373998999999995	-1.2112465650117905	8.939590231640363e-06	2.7090359499377525	2022-09-01	ne_star-lbi	north	2022
2022-02-01	B/Qatar/10-VI-21-3001000/2021_EPI_ISL_4005797__dup2	3.4e-05	4.089422999999997	3.373998999999995	-1.2112465650117905	8.939590231640363e-06	2.7090359499377525	2022-09-01	ne_star-lbi	north	2022
2022-02-01	B/Qatar/10-VI-21-3067935/2021_EPI_ISL_5365848	4e-05	3.093701000000002	2.4274369999999936	-1.3733363463762052	9.568307258049938e-06	1.710444712838617	2022-09-01	ne_star-lbi	north	2022
2022-02-01	B/Qatar/10-VI-21-4125763/2021_EPI_ISL_8808690	0.000562	4.092566999999998	3.427416999999995	0.05399242422002521	0.0003091068948427406	2.709826499048931	2022-09-01	ne_star-lbi	north	2022
2022-02-01	B/Qatar/15-VI-21-3927143/2021_EPI_ISL_4005799	0.000408	4.089422999999997	3.373998999999995	-0.8269123517454136	0.0001342349147570105	2.7090359499377525	2022-09-01	ne_star-lbi	north	2022
2022-02-01	B/Qatar/15-VI-21-3927143/2021_EPI_ISL_4005799__dup2	0.000408	4.089422999999997	3.373998999999995	-0.8269123517454136	0.0001342349147570105	2.7090359499377525	2022-09-01	ne_star-lbi	north	2022
2022-02-01	B/Qatar/16-VI-21-3268554/2021_EPI_ISL_4005801	7.099999999999999e-05	4.089422999999997	3.373998999999995	-0.39217169855326145	3.010233601676757e-05	2.7090359499377525	2022-09-01	ne_star-lbi	north	2022
2022-02-01	B/Qatar/16-VI-21-3268554/2021_EPI_ISL_4005801__dup2	7.099999999999999e-05	4.089422999999997	3.373998999999995	-0.39217169855326145	3.010233601676757e-05	2.7090359499377525	2022-09-01	ne_star-lbi	north	2022
2022-02-01	B/Qatar/16-VI-21-3506748/2021_EPI_ISL_4005802	0.000136	5.088869	4.373978999999993	-1.0391562402419703	3.953435879207006e-05	3.7088778125025836	2022-09-01	ne_star-lbi	north	2022
2022-02-01	B/Qatar/16-VI-21-3506748/2021_EPI_ISL_4005802__dup2	0.000136	5.088869	4.373978999999993	-1.0391562402419703	3.953435879207006e-05	3.7088778125025836	2022-09-01	ne_star-lbi	north	2022
2022-02-01	B/Qatar/16-VI-21-3744979/2021_EPI_ISL_4005803	0.000265	4.089422999999997	3.373998999999995	-0.6130191611791632	9.877307424108112e-05	2.7090359499377525	2022-09-01	ne_star-lbi	north	2022
2022-02-01	B/Qatar/16-VI-21-3744979/2021_EPI_ISL_4005803__dup2	0.000265	4.089422999999997	3.373998999999995	-0.6130191611791632	9.877307424108112e-05	2.7090359499377525	2022-09-01	ne_star-lbi	north	2022
2022-02-01	B/Qatar/16-VI-21-6090042/2021_EPI_ISL_8808685	0.008019	4.235590000000002	3.000973999999992	-0.5092362122848999	0.0031754488519554246	3.1263700432827095	2022-09-01	ne_star-lbi	north	2022
2022-02-01	B/Rhode_Island/01/2021_EPI_ISL_7261746	0.008411	9.752674000000003	10.992033999999983	-1.1737306885998415	0.002260427291282399	10.610001718937395	2022-09-01	ne_star-lbi	north	2022
2022-02-01	B/Rhode_Island/02/2021_EPI_ISL_7604013	0.010948999999999999	4.019148000000001	3.0007699999999917	1.032804307079217	0.010659025855594447	2.9342195883130673	2022-09-01	ne_star-lbi	north	2022
2022-02-01	B/Rhode_Island/03/2021_EPI_ISL_7604014	0.010948999999999999	4.019148000000001	3.0007699999999917	1.034412363239572	0.010669029061973045	2.9342195883130673	2022-09-01	ne_star-lbi	north	2022
2022-02-01	B/Rhode_Island/03/2021_EPI_ISL_7604014__dup2	0.010948999999999999	4.019148000000001	3.0007699999999917	1.034412363239572	0.010669029061973045	2.9342195883130673	2022-09-01	ne_star-lbi	north	2022
2022-02-01	B/Rhode_Island/05/2021_EPI_ISL_8544522	0.0151199999999999	4.019148000000001	3.0007699999999917	0.409684573570154	0.010233746738990135	2.9342195883130673	2022-09-01	ne_star-lbi	north	2022
2022-02-01	B/Rhode_Island/06/2021_EPI_ISL_8544514	0.0151199999999999	4.019148000000001	3.0007699999999917	0.409684573570154	0.010233746738990135	2.9342195883130673	2022-09-01	ne_star-lbi	north	2022
2022-02-01	B/Romania/488575_B/2021_EPI_ISL_8829647	0.009857	4.2319140000000015	3.000973999999992	-0.5914015632600981	0.0037206089154432783	3.125279723155734	2022-09-01	ne_star-lbi	north	2022
2022-02-01	B/Saint-Etienne/454/2021_EPI_ISL_4005807	7.099999999999999e-05	4.4441310000000005	4.42582399999999	-0.631766127638106	2.6175905763623053e-05	2.4496807540017276	2022-09-01	ne_star-lbi	north	2022
2022-02-01	B/Saint_Petersburg/RII-4578S/2021_EPI_ISL_9260885	0.014650999999999999	3.093701000000002	2.4274369999999936	-0.9626528128041723	0.004453324263379742	1.710444712838617	2022-09-01	ne_star-lbi	north	2022
2022-02-01	B/Saint_Petersburg/RII-4579S/2021_EPI_ISL_9260886	0.014650999999999999	4.024166999999998	3.427416999999995	-0.9639571471931652	0.0044499371881015805	2.6905045346081455	2022-09-01	ne_star-lbi	north	2022
2022-02-01	B/Saint_Petersburg/RII-7762S/2021_EPI_ISL_9260887	0.020111	4.024166999999998	3.427416999999995	-1.1375164637131796	0.005520151927134104	2.6905045346081455	2022-09-01	ne_star-lbi	north	2022
2022-02-01	B/Shanghai-Fengxian/1635/2021_EPI_ISL_4169554	0.000151	4.987048000000001	4.072543999999995	-1.6112519104450014	3.143973734765915e-05	3.6643517289335077	2022-09-01	ne_star-lbi	north	2022
2022-02-01	B/Shanghai-Fengxian/1749/2021_EPI_ISL_4520693	0.0008320000000000001	4.486706999999998	3.3088549999999954	-1.0919455991519873	0.00023452305509830978	3.3535038866649125	2022-09-01	ne_star-lbi	north	2022
2022-02-01	B/Shanghai-Fengxian/1971/2021_EPI_ISL_7745712__dup2	0.008411	6.801695000000002	7.0441270000000005	-1.429100175688735	0.0019475814645663458	6.36581886952289	2022-09-01	ne_star-lbi	north	2022
2022-02-01	B/Shanghai-Huangpu/1922/2021_EPI_ISL_4169523	2.6000000000000002e-05	4.987243	4.072543999999995	-2.0497668622695424	4.191626840860791e-06	3.6644013178284354	2022-09-01	ne_star-lbi	north	2022
2022-02-01	B/Shanghai-Jiading/1899/2021_EPI_ISL_7745716	0.009433	3.987359999999998	3.072563999999994	-0.8301678017259317	0.0030976363503928054	2.664414608408204	2022-09-01	ne_star-lbi	north	2022
2022-02-01	B/Sichuan-Chuanshan/33/2021_EPI_ISL_7189146	0.002461	9.701002999999993	9.854470000000001	-1.3353396566646467	0.0006018839434311775	9.332111187305332	2022-09-01	ne_star-lbi	north	2022
2022-02-01	B/Sichuan-Gaoxin/1701/2021_EPI_ISL_3722683__dup2	4.8e-05	6.801695000000002	7.0441270000000005	-1.596037790719444	1.008318001642229e-05	6.36581886952289	2022-09-01	ne_star-lbi	north	2022
2022-02-01	B/Sichuan-Jingyang/11550/2021_EPI_ISL_4520783__dup2	9.9e-05	6.801695000000002	7.0441270000000005	-1.0367003602325227	2.8819945448102833e-05	6.36581886952289	2022-09-01	ne_star-lbi	north	2022
2022-02-01	B/Sichuan-Qingyang/11361/2021_EPI_ISL_3722690	1.4000000000000001e-05	6.801695000000002	7.0441270000000005	-3.3383208623109777	1.0643807957729396e-06	6.36581886952289	2022-09-01	ne_star-lbi	north	2022
2022-02-01	B/Sichuan-Qingyang/11361/2021_EPI_ISL_3722690__dup2	1.4000000000000001e-05	6.801695000000002	7.0441270000000005	-3.3383208623109777	1.0643807957729396e-06	6.36581886952289	2022-09-01	ne_star-lbi	north	2022
2022-02-01	B/Sichuan-Santai/1571/2021_EPI_ISL_4169533	5.400000000000001e-05	6.801695000000002	7.0441270000000005	-1.5922589678896817	1.1368609896932152e-05	6.36581886952289	2022-09-01	ne_star-lbi	north	2022
2022-02-01	B/Sichuan-Shizhong/1916/2021_EPI_ISL_7189145	0.002921	11.035410000000004	12.003847999999994	-1.7562512213238308	0.000558855614704311	11.698275537026435	2022-09-01	ne_star-lbi	north	2022
2022-02-01	B/Sichuan-Wenjiang/2160/2021_EPI_ISL_4169467	0.000292	7.466684000000001	8.042832999999995	-0.6877981068802993	0.00010419123037510015	6.732762989770856	2022-09-01	ne_star-lbi	north	2022
2022-02-01	B/Sichuan-Wuhou/2135/2021_EPI_ISL_4169537	7.5e-05	4.987050000000001	4.072543999999995	-1.3163891472707334	1.8546557061691448e-05	3.664340422179956	2022-09-01	ne_star-lbi	north	2022
2022-02-01	B/Singapore/GP1216/2021_EPI_ISL_6343352	6.7e-05	3.4444249999999994	3.425843999999995	4.990258651955451	0.0006561349980091039	1.449785457624783	2022-09-01	ne_star-lbi	north	2022
2022-02-01	B/Singapore/HAN4074/2021_EPI_ISL_8376944	0.000206	3.4444249999999994	3.425843999999995	3.8346805961662955	0.001028095054912506	1.449785457624783	2022-09-01	ne_star-lbi	north	2022
2022-02-01	B/Singapore/HAN8353/2021_EPI_ISL_8377199	0.000292	4.443831	4.42582399999999	-1.657915469570704	5.91647644392141e-05	2.4496671280959035	2022-09-01	ne_star-lbi	north	2022
2022-02-01	B/Singapore/HAN8357/2021_EPI_ISL_7834026	0.000292	3.4444249999999994	3.425843999999995	4.365511695164161	0.0019862267563468873	1.449785457624783	2022-09-01	ne_star-lbi	north	2022
2022-02-01	B/Singapore/HAN8909/2021_EPI_ISL_7834027	0.000306	3.4444249999999994	3.425843999999995	4.704895119122287	0.002537150751910385	1.449785457624783	2022-09-01	ne_star-lbi	north	2022
2022-02-01	B/Singapore/HAN8920/2021_EPI_ISL_7834028	0.000306	4.2520250000000015	4.367158999999991	4.704895119122287	0.002537150751910385	2.393165074813935	2022-09-01	ne_star-lbi	north	2022
2022-02-01	B/Singapore/HAN8938/2021_EPI_ISL_7834029	0.000306	3.4444249999999994	3.425843999999995	4.684182225926671	0.002506680026874256	1.449785457624783	2022-09-01	ne_star-lbi	north	2022
2022-02-01	B/Singapore/HAN9481/2021_EPI_ISL_7834030	0.000321	3.4444249999999994	3.425843999999995	4.622951872711112	0.0025372923139135675	1.449785457624783	2022-09-01	ne_star-lbi	north	2022
2022-02-01	B/Singapore/INFKK0008/2021_EPI_ISL_8640754	0.0018449999999999999	5.437024999999995	5.39546399999999	-0.8463049456876621	0.0006001900744981881	3.447384697326793	2022-09-01	ne_star-lbi	north	2022
2022-02-01	B/Singapore/INFTT0004/2021_EPI_ISL_8640766	0.0014140000000000001	3.4444249999999994	3.425843999999995	4.889178215994016	0.013054500208141357	1.449785457624783	2022-09-01	ne_star-lbi	north	2022
2022-02-01	B/Singapore/INFTT0005/2021_EPI_ISL_8640767	0.0014140000000000001	3.4444249999999994	3.425843999999995	5.198253165283579	0.015633665568558733	1.449785457624783	2022-09-01	ne_star-lbi	north	2022
2022-02-01	B/Singapore/KK0003/2021_EPI_ISL_7834031	0.000144	3.4444249999999994	3.425843999999995	5.242879140566017	0.0016341028045054862	1.449785457624783	2022-09-01	ne_star-lbi	north	2022
2022-02-01	B/Singapore/KK0004/2021_EPI_ISL_7834032	0.0013599999999999999	3.4444249999999994	3.425843999999995	5.239093746458887	0.015399151999013493	1.449785457624783	2022-09-01	ne_star-lbi	north	2022
2022-02-01	B/Singapore/KK0005/2021_EPI_ISL_7834033	0.0014140000000000001	3.4444249999999994	3.425843999999995	0.03565870487362709	0.0007694442353880814	1.449785457624783	2022-09-01	ne_star-lbi	north	2022
2022-02-01	B/Singapore/KK0009/2021_EPI_ISL_7834036	0.0019149999999999998	3.4444249999999994	3.425843999999995	4.903706128242268	0.017830359396172717	1.449785457624783	2022-09-01	ne_star-lbi	north	2022
2022-02-01	B/Singapore/KK0010/2021_EPI_ISL_7834037	0.001986	3.4444249999999994	3.425843999999995	4.8431855434409545	0.017850006225960384	1.449785457624783	2022-09-01	ne_star-lbi	north	2022
2022-02-01	B/Singapore/KK0011/2021_EPI_ISL_7834038	0.00206	4.440295000000001	4.42581199999999	5.176965053611738	0.022494975844219493	2.4047955059363435	2022-09-01	ne_star-lbi	north	2022
2022-02-01	B/Singapore/KK0015/2021_EPI_ISL_7834039	0.0026379999999999997	3.4444249999999994	3.425843999999995	2.3939635342348917	0.0056813535590179	1.449785457624783	2022-09-01	ne_star-lbi	north	2022
2022-02-01	B/Singapore/OHC2164/2021_EPI_ISL_7834040	0.00147	3.4444249999999994	3.425843999999995	0.14103519920224475	0.0008506305832007409	1.449785457624783	2022-09-01	ne_star-lbi	north	2022
2022-02-01	B/Singapore/SAR22113/2021_EPI_ISL_8377200	0.000408	3.4444249999999994	3.425843999999995	4.407572684248495	0.002844210957773375	1.449785457624783	2022-09-01	ne_star-lbi	north	2022
2022-02-01	B/Singapore/SAR24624/2021_EPI_ISL_8376948	0.000537	3.4444249999999994	3.425843999999995	3.7045209003119726	0.002484081727493436	1.449785457624783	2022-09-01	ne_star-lbi	north	2022
2022-02-01	B/Singapore/SAR24668/2021_EPI_ISL_8376940	0.000537	3.4444249999999994	3.425843999999995	2.2652410727020835	0.0010728548350769234	1.449785457624783	2022-09-01	ne_star-lbi	north	2022
2022-02-01	B/Singapore/SAR29660/2021_EPI_ISL_8376941	0.000984	3.4444249999999994	3.425843999999995	3.222615978825895	0.0034363836828390604	1.449785457624783	2022-09-01	ne_star-lbi	north	2022
2022-02-01	B/Singapore/SAR29726/2021_EPI_ISL_8376932	0.000984	3.4444249999999994	3.425843999999995	2.515788325433183	0.0022752809340985903	1.449785457624783	2022-09-01	ne_star-lbi	north	2022
2022-02-01	B/Singapore/SAR29739/2021_EPI_ISL_8376945	0.000984	3.4444249999999994	3.425843999999995	2.515788325433183	0.0022752809340985903	1.449785457624783	2022-09-01	ne_star-lbi	north	2022
2022-02-01	B/Singapore/SAR30882/2021_EPI_ISL_7834041	0.00107	4.430422	4.42582399999999	-0.5599385358469918	0.0004113616848310232	2.4450211151497587	2022-09-01	ne_star-lbi	north	2022
2022-02-01	B/Singapore/SAR31385/2021_EPI_ISL_7834042	0.001114	3.4444249999999994	3.425843999999995	1.6792650116044565	0.0015812538727537728	1.449785457624783	2022-09-01	ne_star-lbi	north	2022
2022-02-01	B/Singapore/SAR33277/2021_EPI_ISL_7834043	0.001257	3.4444249999999994	3.425843999999995	1.5862525603813935	0.001690005270472001	1.449785457624783	2022-09-01	ne_star-lbi	north	2022
2022-02-01	B/Singapore/SAR40076/2021_EPI_ISL_8376939	0.001713	3.4444249999999994	3.425843999999995	4.94982575776786	0.016384476020630236	1.449785457624783	2022-09-01	ne_star-lbi	north	2022
2022-02-01	B/Singapore/SAR40163/2021_EPI_ISL_8377196	0.001713	3.4444249999999994	3.425843999999995	4.94982575776786	0.016384476020630236	1.449785457624783	2022-09-01	ne_star-lbi	north	2022
2022-02-01	B/Singapore/SAR46126/2021_EPI_ISL_8376936	0.0022140000000000003	3.4444249999999994	3.425843999999995	5.049252183639997	0.022440955630978223	1.449785457624783	2022-09-01	ne_star-lbi	north	2022
2022-02-01	B/Singapore/SAR46131/2021_EPI_ISL_8376949	0.0022140000000000003	3.4444249999999994	3.425843999999995	5.105520271484422	0.023189758031552165	1.449785457624783	2022-09-01	ne_star-lbi	north	2022
2022-02-01	B/Singapore/SAR51629/2021_EPI_ISL_8376935	0.0028239999999999997	3.4444249999999994	3.425843999999995	4.696900362565118	0.023305807742566603	1.449785457624783	2022-09-01	ne_star-lbi	north	2022
2022-02-01	B/Singapore/SAR51638/2021_EPI_ISL_8376931	0.0028239999999999997	4.4343200000000005	4.42582399999999	-1.1591808553314615	0.0007654091218875972	2.4472340481380157	2022-09-01	ne_star-lbi	north	2022
2022-02-01	B/Singapore/SAR56861/2021_EPI_ISL_8376950	0.003556	4.434842000000001	4.42438299999999	3.9032716304016692	0.01847160139804321	2.4122798934222827	2022-09-01	ne_star-lbi	north	2022
2022-02-01	B/Singapore/SAR56916/2021_EPI_ISL_8376934	0.003556	3.4444249999999994	3.425843999999995	4.292008520809967	0.023173228749777605	1.449785457624783	2022-09-01	ne_star-lbi	north	2022
2022-02-01	B/Singapore/SAR62400/2021_EPI_ISL_8376937	0.004418	3.4444249999999994	3.425843999999995	1.6241462491838194	0.006072652378241262	1.449785457624783	2022-09-01	ne_star-lbi	north	2022
2022-02-01	B/Singapore/SAR69625/2021_EPI_ISL_8376947	0.005888	4.385227	4.4257269999999895	-1.288390118191686	0.0014800046113330938	2.435980093806239	2022-09-01	ne_star-lbi	north	2022
2022-02-01	B/Singapore/SAR69691/2021_EPI_ISL_8376933	0.005888	3.4444249999999994	3.425843999999995	1.3302104055957333	0.0068179727418976885	1.449785457624783	2022-09-01	ne_star-lbi	north	2022
2022-02-01	B/Singapore/SAR77450/2021_EPI_ISL_8376938	0.008611	3.4444249999999994	3.425843999999995	1.9967540360749358	0.01470964451066376	1.449785457624783	2022-09-01	ne_star-lbi	north	2022
2022-02-01	B/Singapore/SAR82314/2021_EPI_ISL_8377197	0.010506999999999999	3.4444249999999994	3.425843999999995	2.157482262344427	0.019712693055453638	1.449785457624783	2022-09-01	ne_star-lbi	north	2022
2022-02-01	B/Singapore/SAR84437/2021_EPI_ISL_8377195	0.011398	3.4444249999999994	3.425843999999995	2.0198686433194015	0.019734814990958714	1.449785457624783	2022-09-01	ne_star-lbi	north	2022
2022-02-01	B/Singapore/SAR90632/2021_EPI_ISL_8640755	0.015587	3.4444249999999994	3.425843999999995	-0.04486568471892583	0.00809264244267065	1.449785457624783	2022-09-01	ne_star-lbi	north	2022
2022-02-01	B/Singapore/SAR91249/2021_EPI_ISL_8640756	0.0165139999999999	3.4444249999999994	3.425843999999995	1.3463282774273093	0.019302920239604587	1.449785457624783	2022-09-01	ne_star-lbi	north	2022
2022-02-01	B/Singapore/SAR91965/2021_EPI_ISL_8640757	0.017419	3.4444249999999994	3.425843999999995	0.9045623524514196	0.015735395435446976	1.449785457624783	2022-09-01	ne_star-lbi	north	2022
2022-02-01	B/Singapore/SAR92597/2021_EPI_ISL_8640758	0.018078999999999998	3.4444249999999994	3.425843999999995	-0.6714811853859101	0.006512630269976127	1.449785457624783	2022-09-01	ne_star-lbi	north	2022
2022-02-01	B/Singapore/SAR93198/2021_EPI_ISL_8640759	0.018295	4.407825000000001	4.42582399999999	0.2025788643183867	0.010973557629514493	2.427838342365753	2022-09-01	ne_star-lbi	north	2022
2022-02-01	B/Singapore/SAR94214/2021_EPI_ISL_8640760	0.018927	3.4444249999999994	3.425843999999995	-0.5652486723348789	0.007253983790152872	1.449785457624783	2022-09-01	ne_star-lbi	north	2022
2022-02-01	B/Singapore/SAR94217/2021_EPI_ISL_8640761	0.018927	3.4444249999999994	3.425843999999995	-0.6470763126226174	0.0069158647814965245	1.449785457624783	2022-09-01	ne_star-lbi	north	2022
2022-02-01	B/Singapore/SAR94218/2021_EPI_ISL_8640762	0.018927	3.4444249999999994	3.425843999999995	-0.5652486723348789	0.007253983790152872	1.449785457624783	2022-09-01	ne_star-lbi	north	2022
2022-02-01	B/Singapore/SAR94570/2021_EPI_ISL_8640763	0.019334	3.4444249999999994	3.425843999999995	-0.5841878225106496	0.007328557471406955	1.449785457624783	2022-09-01	ne_star-lbi	north	2022
2022-02-01	B/Singapore/SAR94800/2021_EPI_ISL_8640764	0.019533000000000002	3.4444249999999994	3.425843999999995	-0.07180992194707686	0.009983222621599574	1.449785457624783	2022-09-01	ne_star-lbi	north	2022
2022-02-01	B/Singapore/SAR94803/2021_EPI_ISL_8640765	0.019533000000000002	3.4444249999999994	3.425843999999995	-0.5937150305118957	0.007362954652352821	1.449785457624783	2022-09-01	ne_star-lbi	north	2022
2022-02-01	B/Singapore/TT0003/2021_EPI_ISL_7834045	0.00044699999999999997	3.4444249999999994	3.425843999999995	4.291636364615365	0.002912312927843957	1.449785457624783	2022-09-01	ne_star-lbi	north	2022
2022-02-01	B/Singapore/WUH1312/2021_EPI_ISL_3102165	1e-05	4.444281	4.42582399999999	-3.3082863302024053	7.737094408930751e-07	2.4497752451369212	2022-09-01	ne_star-lbi	north	2022
2022-02-01	B/Singapore/WUH1312/2021_EPI_ISL_3102165__dup3	1e-05	5.444163999999995	5.425803999999989	-3.441972845546382	7.156653025491907e-07	3.4497619545571574	2022-09-01	ne_star-lbi	north	2022
2022-02-01	B/Singapore/WUH1818/2021_EPI_ISL_3102168__dup3	1.3000000000000001e-05	4.444281	4.42582399999999	-3.3103243317644404	1.0046272276949982e-06	2.4497752451369212	2022-09-01	ne_star-lbi	north	2022
2022-02-01	B/Singapore/WUH1964/2021_EPI_ISL_3102169	1.3000000000000001e-05	3.4444249999999994	3.425843999999995	5.794432209771383	0.00020351191174645467	1.449785457624783	2022-09-01	ne_star-lbi	north	2022
2022-02-01	B/Singapore/WUH2004/2021_EPI_ISL_3102170	1.3000000000000001e-05	3.4444249999999994	3.425843999999995	5.794432209771383	0.00020351191174645467	1.449785457624783	2022-09-01	ne_star-lbi	north	2022
2022-02-01	B/Singapore/WUH4618/2021_EPI_ISL_3102162	2.5e-05	3.4444249999999994	3.425843999999995	3.8076188783863376	0.0001228146811184415	1.449785457624783	2022-09-01	ne_star-lbi	north	2022
2022-02-01	B/Singapore/WUH4618/2021_EPI_ISL_3102162__dup2	2.5e-05	3.4444249999999994	3.425843999999995	6.647291095416097	0.0006436480185119118	1.449785457624783	2022-09-01	ne_star-lbi	north	2022
2022-02-01	B/Singapore/WUH4618/2021_fill_21/242_EPI_ISL_5049978	2.5e-05	3.4444249999999994	3.425843999999995	3.3483321761198175	9.394967989416503e-05	1.449785457624783	2022-09-01	ne_star-lbi	north	2022
2022-02-01	B/Singapore/WUH4855/2021_EPI_ISL_3102172	2.8000000000000013e-05	3.4444249999999994	3.425843999999995	5.868576057811302	0.00045770747001218706	1.449785457624783	2022-09-01	ne_star-lbi	north	2022
2022-02-01	B/Singapore/WUH5122/2021_EPI_ISL_3102177__dup2	2.9999999999999997e-05	3.4444249999999994	3.425843999999995	4.205732627074374	0.00018590413516534154	1.449785457624783	2022-09-01	ne_star-lbi	north	2022
2022-02-01	B/Singapore/WUH5127/2021_EPI_ISL_3102187	2.9999999999999997e-05	3.4444249999999994	3.425843999999995	4.201095135116224	0.00018540190624381718	1.449785457624783	2022-09-01	ne_star-lbi	north	2022
2022-02-01	B/Singapore/WUH5128/2021_EPI_ISL_3102198	2.9999999999999997e-05	3.4444249999999994	3.425843999999995	5.784521911809983	0.0004669356970973904	1.449785457624783	2022-09-01	ne_star-lbi	north	2022
2022-02-01	B/Singapore/WUH5489/2021_EPI_ISL_3102206	3.4e-05	4.444281	4.42582399999999	-3.320299556881531	2.612241959224405e-06	2.4497752451369212	2022-09-01	ne_star-lbi	north	2022
2022-02-01	B/Singapore/WUH5812/2021_EPI_ISL_3102207	3.8e-05	3.4444249999999994	3.425843999999995	1.540429030563603	4.974248939519378e-05	1.449785457624783	2022-09-01	ne_star-lbi	north	2022
2022-02-01	B/Singapore/WUH6286/2021_EPI_ISL_8640749	4.5e-05	3.4444249999999994	3.425843999999995	2.3864804238177837	9.649254917278942e-05	1.449785457624783	2022-09-01	ne_star-lbi	north	2022
2022-02-01	B/Singapore/WUH6524/2021_EPI_ISL_8640751	5.1e-05	3.4444249999999994	3.425843999999995	5.347998048610634	0.0006153436458369372	1.449785457624783	2022-09-01	ne_star-lbi	north	2022
2022-02-01	B/Singapore/WUH6527/2021_EPI_ISL_8640752	5.1e-05	3.4444249999999994	3.425843999999995	5.337245023779911	0.0006114959228520559	1.449785457624783	2022-09-01	ne_star-lbi	north	2022
2022-02-01	B/Singapore/WUH7007/2021_EPI_ISL_6343332	6.7e-05	3.4444249999999994	3.425843999999995	4.990258651955451	0.0006561349980091039	1.449785457624783	2022-09-01	ne_star-lbi	north	2022
2022-02-01	B/Singapore/WUH7097/2021_EPI_ISL_6343333	6.7e-05	3.4444249999999994	3.425843999999995	4.990258651955451	0.0006561349980091039	1.449785457624783	2022-09-01	ne_star-lbi	north	2022
2022-02-01	B/Singapore/WUH7100/2021_EPI_ISL_6343334	6.7e-05	3.4444249999999994	3.425843999999995	4.990258651955451	0.0006561349980091039	1.449785457624783	2022-09-01	ne_star-lbi	north	2022
2022-02-01	B/Singapore/WUH7377/2021_EPI_ISL_6343339	7.5e-05	4.286368000000001	4.363848999999992	4.928318031432825	0.0007084149594540635	2.4046961629217085	2022-09-01	ne_star-lbi	north	2022
2022-02-01	B/Singapore/WUH7381/2021_EPI_ISL_6343341	7.5e-05	3.4444249999999994	3.425843999999995	4.93097537177947	0.0007095139358021014	1.449785457624783	2022-09-01	ne_star-lbi	north	2022
2022-02-01	B/Singapore/WUH7382/2021_EPI_ISL_6343342	7.5e-05	3.4444249999999994	3.425843999999995	4.928318031432825	0.0007084149594540635	1.449785457624783	2022-09-01	ne_star-lbi	north	2022
2022-02-01	B/Singapore/WUH7660/2021_EPI_ISL_6343347	8.4e-05	4.409131000000001	4.418029999999989	-1.099458245019417	2.3574270407108995e-05	2.441571925543406	2022-09-01	ne_star-lbi	north	2022
2022-02-01	B/Singapore/WUH7663/2021_EPI_ISL_6343348	8.4e-05	3.4444249999999994	3.425843999999995	9.799058003221619	0.01359726150847953	1.449785457624783	2022-09-01	ne_star-lbi	north	2022
2022-02-01	B/Singapore/WUH7669/2021_EPI_ISL_6343350	8.4e-05	3.4444249999999994	3.425843999999995	1.975991630598894	0.0001417646527658966	1.449785457624783	2022-09-01	ne_star-lbi	north	2022
2022-02-01	B/Singapore/WUH7670/2021_EPI_ISL_6343351	8.4e-05	3.4444249999999994	3.425843999999995	4.476269325804537	0.0006095150432734157	1.449785457624783	2022-09-01	ne_star-lbi	north	2022
2022-02-01	B/Singapore/WUH7832/2021_EPI_ISL_8376942	9.4e-05	3.4444249999999994	3.425843999999995	10.266711443992554	0.019988242719560356	1.449785457624783	2022-09-01	ne_star-lbi	north	2022
2022-02-01	B/Singapore/WUH7991/2021_EPI_ISL_7834046	9.9e-05	3.4444249999999994	3.425843999999995	9.969935160860349	0.017705048166148662	1.449785457624783	2022-09-01	ne_star-lbi	north	2022
2022-02-01	B/Singapore/WUH8011/2021_EPI_ISL_7834047	9.9e-05	4.444217	4.42392099999999	-1.4009958945847378	2.3302530721935262e-05	2.449738852563338	2022-09-01	ne_star-lbi	north	2022
2022-02-01	B/Singapore/WUH8462/2021_EPI_ISL_7834048	0.00011	3.4444249999999994	3.425843999999995	4.499859572687733	0.0008092340429147408	1.449785457624783	2022-09-01	ne_star-lbi	north	2022
2022-02-01	B/South_Africa/10006/2021_EPI_ISL_4379932	5.6999999999999996e-05	5.372009999999995	5.42561699999999	-1.5806467366560435	1.2081762238132208e-05	3.431292749747579	2022-09-01	ne_star-lbi	north	2022
2022-02-01	B/South_Africa/10097/2021_EPI_ISL_4379868	7.099999999999999e-05	3.4444249999999994	3.425843999999995	4.652605732842383	0.0005710002298839099	1.449785457624783	2022-09-01	ne_star-lbi	north	2022
2022-02-01	B/South_Africa/10285/2021_EPI_ISL_5330494	7.5e-05	6.184359999999998	4.969289999999992	-0.3719392004321792	3.217575775775857e-05	5.117341185831375	2022-09-01	ne_star-lbi	north	2022
2022-02-01	B/South_Africa/10285/2021_EPI_ISL_5330494__dup2	7.5e-05	6.184359999999998	4.969289999999992	-0.3719392004321792	3.217575775775857e-05	5.117341185831375	2022-09-01	ne_star-lbi	north	2022
2022-02-01	B/South_Africa/10349/2021_EPI_ISL_4379768	9.9e-05	4.4420329999999995	4.42582399999999	-0.8763883977203613	3.164509021873014e-05	2.449240169964347	2022-09-01	ne_star-lbi	north	2022
2022-02-01	B/South_Africa/10349/2021_EPI_ISL_4379768__dup2	9.9e-05	4.4420329999999995	4.42582399999999	-0.8763883977203613	3.164509021873014e-05	2.449240169964347	2022-09-01	ne_star-lbi	north	2022
2022-02-01	B/South_Africa/10890/2021_EPI_ISL_4380022	0.00016	8.106339999999989	6.90488	-0.9589094647757086	4.873998230606489e-05	7.09771512870111	2022-09-01	ne_star-lbi	north	2022
2022-02-01	B/South_Africa/10890/2021_EPI_ISL_4380022__dup2	0.00016	8.106339999999989	6.90488	-0.9589094647757086	4.873998230606489e-05	7.09771512870111	2022-09-01	ne_star-lbi	north	2022
2022-02-01	B/South_Africa/8381/2021_EPI_ISL_4379754__dup2	1.1e-05	4.4376690000000005	4.42177599999999	-1.3805097393023977	2.620296945323948e-06	2.448146810375606	2022-09-01	ne_star-lbi	north	2022
2022-02-01	B/South_Africa/8462/2021_EPI_ISL_6307057	1.3000000000000001e-05	5.046993999999998	4.4114749999999905	-1.5562041059873675	2.7950593852985877e-06	3.6963899697113662	2022-09-01	ne_star-lbi	north	2022
2022-02-01	B/South_Africa/8462/2021_EPI_ISL_6307057__dup2	1.3000000000000001e-05	5.046993999999998	4.4114749999999905	-1.5562041059873675	2.7950593852985877e-06	3.6963899697113662	2022-09-01	ne_star-lbi	north	2022
2022-02-01	B/South_Africa/8709/2021_EPI_ISL_5330571	1.4000000000000001e-05	4.4443090000000005	4.42582399999999	-2.8636962183802575	1.4039049351191881e-06	2.4497735983416766	2022-09-01	ne_star-lbi	north	2022
2022-02-01	B/South_Africa/8887/2021_EPI_ISL_4379977__dup2	2.1e-05	4.4443090000000005	4.42582399999999	-2.8914070953224966	2.0720905458437727e-06	2.4497735983416766	2022-09-01	ne_star-lbi	north	2022
2022-02-01	B/South_Africa/8978/2021_EPI_ISL_6307055	1.6e-05	4.444383	4.42582399999999	-3.179310897892401	1.334665131898355e-06	2.449782788294518	2022-09-01	ne_star-lbi	north	2022
2022-02-01	B/South_Africa/8982/2021_EPI_ISL_4379698	2.3e-05	4.42292	4.274875999999994	6.739255057313863	0.0006247902897829785	2.4421868009547807	2022-09-01	ne_star-lbi	north	2022
2022-02-01	B/South_Africa/8987/2021_EPI_ISL_4379588__dup2	2.1e-05	4.437443	4.42574599999999	-1.8932620343609363	3.7091743650320056e-06	2.4480372958163237	2022-09-01	ne_star-lbi	north	2022
2022-02-01	B/South_Africa/9181/2021_EPI_ISL_6307060__dup2	3.2e-05	4.4376690000000005	4.42177599999999	-1.0440897068913078	9.275470158651432e-06	2.448146810375606	2022-09-01	ne_star-lbi	north	2022
2022-02-01	B/South_Africa/9239/2021_EPI_ISL_4379822	3.4e-05	6.184359999999998	4.969289999999992	-0.40523398908103553	1.4305781487362022e-05	5.117341185831375	2022-09-01	ne_star-lbi	north	2022
2022-02-01	B/South_Africa/9239/2021_EPI_ISL_4379822__dup2	3.4e-05	6.184359999999998	4.969289999999992	-0.40523398908103553	1.4305781487362022e-05	5.117341185831375	2022-09-01	ne_star-lbi	north	2022
2022-02-01	B/South_Africa/9342/2021_EPI_ISL_4379570	2.9999999999999997e-05	3.4444249999999994	3.425843999999995	4.206408139424782	0.0001859774049149139	1.449785457624783	2022-09-01	ne_star-lbi	north	2022
2022-02-01	B/South_Africa/9342/2021_EPI_ISL_4379570__dup2	2.9999999999999997e-05	3.4444249999999994	3.425843999999995	4.201095135116224	0.00018540190624381718	1.449785457624783	2022-09-01	ne_star-lbi	north	2022
2022-02-01	B/South_Africa/9371/2021_EPI_ISL_4379901	3.6e-05	4.367339	4.362861999999991	-2.9916429116020407	3.350413031013656e-06	2.4304484899753263	2022-09-01	ne_star-lbi	north	2022
2022-02-01	B/South_Africa/9407/2021_EPI_ISL_4379837	3.8e-05	5.380779999999997	5.239659999999989	-2.981841261405648	3.556825670943251e-06	3.4242995905342295	2022-09-01	ne_star-lbi	north	2022
2022-02-01	B/South_Africa/9407/2021_EPI_ISL_4379837__dup2	3.8e-05	5.380779999999997	5.239659999999989	-2.981841261405648	3.556825670943251e-06	3.4242995905342295	2022-09-01	ne_star-lbi	north	2022
2022-02-01	B/South_Africa/R11347/2021_EPI_ISL_9140583	0.000177	4.054737999999998	3.4147869999999942	0.2760416457421283	0.00011081517798016415	2.6980920310321013	2022-09-01	ne_star-lbi	north	2022
2022-02-01	B/South_Africa/R11951/2021_EPI_ISL_9140587	0.00044699999999999997	3.093701000000002	2.4274369999999936	-0.011020338109683156	0.00023670621864475635	1.710444712838617	2022-09-01	ne_star-lbi	north	2022
2022-02-01	B/South_Africa/R12061/2021_EPI_ISL_9140592	0.000468	3.4444249999999994	3.425843999999995	2.37977767525096	0.0009996064626767193	1.449785457624783	2022-09-01	ne_star-lbi	north	2022
2022-02-01	B/South_Africa/R12113/2021_EPI_ISL_9140548	0.00044699999999999997	7.164187000000001	5.96232199999999	-0.9616105756039096	0.0001359529427359633	6.110897657770739	2022-09-01	ne_star-lbi	north	2022
2022-02-01	B/South_Africa/R12283/2021_EPI_ISL_9140591	0.00049	3.4444249999999994	3.425843999999995	3.8093901865178714	0.002409656272904993	1.449785457624783	2022-09-01	ne_star-lbi	north	2022
2022-02-01	B/South_Africa/R12597/2021_EPI_ISL_9140590	0.0007639999999999	5.053199999999999	4.414766999999991	-0.47388151435152776	0.0003088410150792935	3.69747434900194	2022-09-01	ne_star-lbi	north	2022
2022-02-01	B/South_Africa/R13150/2021_EPI_ISL_9140567	0.00116	5.278526999999992	5.34867699999999	-1.3678996327123505	0.0002783623148783599	3.4034875683171104	2022-09-01	ne_star-lbi	north	2022
2022-02-01	B/South_Africa/R13233/2021_EPI_ISL_9140564	0.00107	3.4444249999999994	3.425843999999995	3.133544071547376	0.003547521111991194	1.449785457624783	2022-09-01	ne_star-lbi	north	2022
2022-02-01	B/South_Africa/R13429/2021_EPI_ISL_9140594	0.0014140000000000001	4.4376690000000005	4.42177599999999	-1.3813176072842823	0.000336668567299741	2.448146810375606	2022-09-01	ne_star-lbi	north	2022
2022-02-01	B/South_Africa/R13527/2021_EPI_ISL_9140578	0.0014140000000000001	8.158294999999992	6.7933999999999966	-1.49920820215134	0.000314294188370167	7.109344764020007	2022-09-01	ne_star-lbi	north	2022
2022-02-01	B/South_Africa/R13855/2021_EPI_ISL_9140546	0.001986	4.054737999999998	3.4147869999999942	-0.2582164239947446	0.0009104521294409574	2.6980920310321013	2022-09-01	ne_star-lbi	north	2022
2022-02-01	B/South_Africa/R13857/2021_EPI_ISL_9140593	0.0018449999999999999	5.046993999999998	4.4114749999999905	-1.5196815495422542	0.0004052253681735903	3.6963899697113662	2022-09-01	ne_star-lbi	north	2022
2022-02-01	B/South_Africa/R14063/2021_EPI_ISL_9140535	0.001986	7.0389899999999885	6.403182999999997	-1.5216471184576896	0.0004356939656418468	5.6946291090176775	2022-09-01	ne_star-lbi	north	2022
2022-02-01	B/South_Africa/R14652/2021_EPI_ISL_9140530	0.003909	3.4444249999999994	3.425843999999995	4.115328050967172	0.022978967497549945	1.449785457624783	2022-09-01	ne_star-lbi	north	2022
2022-02-01	B/South_Africa/R14750/2021_EPI_ISL_9140527	0.004032	5.026300999999998	4.401699999999992	-1.193559944617852	0.0010711244174404673	3.685452164012526	2022-09-01	ne_star-lbi	north	2022
2022-02-01	B/South_Africa/R14771/2021_EPI_ISL_9140525	0.004032	3.4444249999999994	3.425843999999995	4.061354082319722	0.02296739197676961	1.449785457624783	2022-09-01	ne_star-lbi	north	2022
2022-02-01	B/South_Africa/R15978/2021_EPI_ISL_9140544	0.008411	4.054737999999998	3.4147869999999942	-0.8111484355080679	0.002792843288308889	2.6980920310321013	2022-09-01	ne_star-lbi	north	2022
2022-02-01	B/South_Auckland/1/2021_EPI_ISL_4197194	1e-05	7.0389899999999885	6.403182999999997	-0.2819925450288414	4.521207780003851e-06	5.6946291090176775	2022-09-01	ne_star-lbi	north	2022
2022-02-01	B/St_Etienne/0454/2021_jul_EPI_ISL_5135073	7.099999999999999e-05	4.4441310000000005	4.42582399999999	-0.631766127638106	2.6175905763623053e-05	2.4496807540017276	2022-09-01	ne_star-lbi	north	2022
2022-02-01	B/Stockholm/5/2021_EPI_ISL_9208175	0.019729	4.210427000000001	2.7239799999999916	-0.9740486592436792	0.0059571031107810085	3.11978997149562	2022-09-01	ne_star-lbi	north	2022
2022-02-01	B/Texas/04/2021_EPI_ISL_7261748__dup2	0.005571	9.752674000000003	10.992033999999983	-0.9303318122165216	0.0017255929633768973	10.610001718937395	2022-09-01	ne_star-lbi	north	2022
2022-02-01	B/Texas/05/2021_EPI_ISL_8544571	0.013711000000000001	4.019148000000001	3.0007699999999917	0.7450460883543638	0.011285270422314173	2.9342195883130673	2022-09-01	ne_star-lbi	north	2022
2022-02-01	B/Toamasina/12618/2021_EPI_ISL_9140558__dup2	0.012775	11.59782899999999	12.872653000000001	-1.0729350164352436	0.003641155589436433	12.584306255478703	2022-09-01	ne_star-lbi	north	2022
2022-02-01	B/Victoria/2/2021_EPI_ISL_4197190	0.000371	3.251637999999999	2.0009939999999946	5.321451212122306	0.004407538550200311	2.132720940986621	2022-09-01	ne_star-lbi	north	2022
2022-02-01	B/Victoria/2/2021_EPI_ISL_4197190__dup2	0.000371	3.251637999999999	2.0009939999999946	5.321451212122306	0.004407538550200311	2.132720940986621	2022-09-01	ne_star-lbi	north	2022
2022-02-01	B/Wisconsin/01/2021_EPI_ISL_6307003	0.006554000000000001	9.752674000000003	10.992033999999983	-0.9713461919792067	0.0019820797310610735	10.610001718937395	2022-09-01	ne_star-lbi	north	2022
2022-02-01	B/YANAO/126-03V/2021_EPI_ISL_7752578	0.010288	3.093701000000002	2.4274369999999936	-0.8330298665905578	0.0033727681039677484	1.710444712838617	2022-09-01	ne_star-lbi	north	2022
2022-02-01	B/Yunnan-Chuxiong/1928/2021_EPI_ISL_4169503	0.000168	8.712730999999994	8.854489999999988	-0.9627922666662102	5.106119837983718e-05	8.334917778913209	2022-09-01	ne_star-lbi	north	2022
2022-02-01	B/Zhejiang-Haishu/11360/2021_EPI_ISL_4169545	7.099999999999999e-05	3.987359999999998	3.072563999999994	0.9552227344014752	6.60612844303809e-05	2.664414608408204	2022-09-01	ne_star-lbi	north	2022
2022-02-01	B/Zhejiang-Haishu/11642/2021_EPI_ISL_4520705	0.000588	4.986174000000001	4.072543999999995	-1.0687277033938691	0.00016800473753871836	3.6640785989331253	2022-09-01	ne_star-lbi	north	2022
2022-02-01	B/Zhejiang-Nanhu/1854/2021_EPI_ISL_7189224__dup4	0.0013599999999999999	3.987359999999998	3.072563999999994	-0.2754342818788368	0.0006172410975482079	2.664414608408204	2022-09-01	ne_star-lbi	north	2022
2022-02-01	B/Zhejiang-Nanhu/1854/2021_EPI_ISL_7189224__dup5	0.0013599999999999999	4.976045000000001	4.047142999999997	-1.6029879240275817	0.0002845341877265452	3.661412740876671	2022-09-01	ne_star-lbi	north	2022
2022-02-01	B/Zhejiang-Nanhu/1975/2021_EPI_ISL_7189163	0.0036710000000000002	3.987359999999998	3.072563999999994	-0.47865792168895244	0.0014798440460277052	2.664414608408204	2022-09-01	ne_star-lbi	north	2022
2022-02-01	B/Zhejiang-Ninghai/2531/2021_EPI_ISL_4520703	0.00042699999999999997	3.987359999999998	3.072563999999994	-0.536988532331219	0.0001663726957846778	2.664414608408204	2022-09-01	ne_star-lbi	north	2022
2023-02-01	B/Abu_Dhabi/0002743/2022_EPI_ISL_15927686	0.0019190000000000001	3.3459090000000002	2.650104999999997	0.6208479848438638	0.001484312655902585	3.430248336614803	2023-09-01	ne_star-lbi	north	2023
2023-02-01	B/Abu_Dhabi/0003437/2022_EPI_ISL_15927692	0.002706	2.3497569999999994	1.6501219999999992	1.8462950200434944	0.004277904229717263	2.433216961926605	2023-09-01	ne_star-lbi	north	2023
2023-02-01	B/Abu_Dhabi/0004024/2022_EPI_ISL_15927698	0.003945000000000001	3.0648910000000003	2.108479999999998	-0.7815641772089004	0.0013465190530156771	2.397373267964676	2023-09-01	ne_star-lbi	north	2023
2023-02-01	B/Abu_Dhabi/1732815/2022_EPI_ISL_14036090	2.7000000000000002e-05	3.072420000000001	2.4632939999999954	2.809046133011595	7.484605288950787e-05	2.3926076505511307	2023-09-01	ne_star-lbi	north	2023
2023-02-01	B/Abu_Dhabi/1862860/2022_EPI_ISL_14466300	5.7999999999999994e-05	5.03932599999999	4.003046999999993	-3.6209652376908585	3.778018078104722e-06	4.390683019239847	2023-09-01	ne_star-lbi	north	2023
2023-02-01	B/Abu_Dhabi/4177633/2022_EPI_ISL_14036086	2e-05	3.3497070000000004	2.650104999999997	-2.7722553192972	2.137356110642136e-06	3.4332126872143864	2023-09-01	ne_star-lbi	north	2023
2023-02-01	B/Alagoas/17450/2022_EPI_ISL_16023363	5.7999999999999994e-05	3.2470310000000002	2.6442809999999963	0.04930574183892619	3.214287982748265e-05	3.3942751352486313	2023-09-01	ne_star-lbi	north	2023
2023-02-01	B/Alagoas/17451/2022_EPI_ISL_16023364	6.2e-05	3.2470310000000002	2.6442809999999963	2.837725082538663	0.00017476815764635786	3.3942751352486313	2023-09-01	ne_star-lbi	north	2023
2023-02-01	B/Almaty/11395/2022_EPI_ISL_16027142	0.0053869999999999	5.141918999999999	4.837673999999992	0.8686324082789727	0.004814716415530966	5.774154743907575	2023-09-01	ne_star-lbi	north	2023
2023-02-01	B/Andalucia/4708/2022_EPI_ISL_16591793	0.0043100000000000005	3.341127	2.650104999999997	1.8175378754847802	0.006700315381057789	3.419816331164492	2023-09-01	ne_star-lbi	north	2023
2023-02-01	B/Argentina/3441/2022_EPI_ISL_16681618	0.002366	4.601265999999992	3.880642999999996	6.38519685585743	0.05281975122953154	2.3475545061623153	2023-09-01	ne_star-lbi	north	2023
2023-02-01	B/Argentina/3520/2022_EPI_ISL_16520543	0.002532	4.601265999999992	3.880642999999996	5.924969999842504	0.04321675510882117	2.3475545061623153	2023-09-01	ne_star-lbi	north	2023
2023-02-01	B/Argentina/3604/2022_EPI_ISL_16520540	0.002797	4.601265999999992	3.880642999999996	6.132736174441657	0.053890979889288766	2.3475545061623153	2023-09-01	ne_star-lbi	north	2023
2023-02-01	B/Argentina/3605/2022_EPI_ISL_16520539	0.002797	4.601265999999992	3.880642999999996	6.1266437578318245	0.05369979613982183	2.3475545061623153	2023-09-01	ne_star-lbi	north	2023
2023-02-01	B/Argentina/3658/2022_EPI_ISL_16520541	0.002706	4.601265999999992	3.880642999999996	6.2233014693526245	0.0549661194714867	2.3475545061623153	2023-09-01	ne_star-lbi	north	2023
2023-02-01	B/Argentina/4478/2022_EPI_ISL_16520531	0.0071200000000000005	5.587015999999997	4.880625999999991	2.0664023746501567	0.012798082771667678	3.3219583406189823	2023-09-01	ne_star-lbi	north	2023
2023-02-01	B/Argentina/4482/2022_EPI_ISL_16520533	0.006297	4.601265999999992	3.880642999999996	4.11796463539542	0.03745745038728974	2.3475545061623153	2023-09-01	ne_star-lbi	north	2023
2023-02-01	B/Argentina/4494/2022_EPI_ISL_16520534	0.005831	4.601265999999992	3.880642999999996	3.5104246574877447	0.024335166730106158	2.3475545061623153	2023-09-01	ne_star-lbi	north	2023
2023-02-01	B/Argentina/4494/2022_EPI_ISL_16520534__dup2	0.005831	4.601265999999992	3.880642999999996	4.225974139021499	0.036941159349497675	2.3475545061623153	2023-09-01	ne_star-lbi	north	2023
2023-02-01	B/Ashabat/4/2022_EPI_ISL_16714003	0.014511000000000001	3.946110999999997	3.1051669999999945	-1.3339976493853618	0.0035884772660386612	3.367055241347134	2023-09-01	ne_star-lbi	north	2023
2023-02-01	B/Ashabat/5/2022_EPI_ISL_16714004	0.014511000000000001	3.946110999999997	3.1051669999999945	-1.3339976493853618	0.0035884772660386612	3.367055241347134	2023-09-01	ne_star-lbi	north	2023
2023-02-01	B/Astrakhan/CRIE/146/2022_EPI_ISL_16044179	0.011477	2.3497569999999994	1.6501219999999992	0.5556268200534835	0.008545859899006051	2.433216961926605	2023-09-01	ne_star-lbi	north	2023
2023-02-01	B/Ayutthaya/P3823/2022_EPI_ISL_16608886	0.005984000000000001	3.2489310000000002	2.646452999999997	0.5083546629746549	0.004334541017659192	3.3719889439911954	2023-09-01	ne_star-lbi	north	2023
2023-02-01	B/Bahrain/1047/2022_EPI_ISL_14862207	9.1e-05	2.3497569999999994	1.6501219999999992	3.9498556964461984	0.0004907467750768408	2.433216961926605	2023-09-01	ne_star-lbi	north	2023
2023-02-01	B/Bahrain/2223/2022_EPI_ISL_15927710	0.00037	2.3497569999999994	1.6501219999999992	4.10987688576676	0.002190570858027661	2.433216961926605	2023-09-01	ne_star-lbi	north	2023
2023-02-01	B/Bahrain/3716/2022_EPI_ISL_14862209	1e-05	2.3497569999999994	1.6501219999999992	8.348681775523374	0.000701791062288068	2.433216961926605	2023-09-01	ne_star-lbi	north	2023
2023-02-01	B/Bahrain/4236/2022_EPI_ISL_15927709	0.000466	2.3497569999999994	1.6501219999999992	3.85991694069596	0.002384608204866056	2.433216961926605	2023-09-01	ne_star-lbi	north	2023
2023-02-01	B/Bahrain/6522/2022_EPI_ISL_14862202	4.4e-05	2.3497569999999994	1.6501219999999992	2.8680272818979478	0.00012624087823808844	2.433216961926605	2023-09-01	ne_star-lbi	north	2023
2023-02-01	B/Bahrain/7548/2022_EPI_ISL_15927711	0.0016600000000000002	4.341450999999995	3.6498999999999926	-1.4003041620376255	0.00039493257433148777	4.430890053024799	2023-09-01	ne_star-lbi	north	2023
2023-02-01	B/Bahrain/8077/2022_EPI_ISL_15927701	0.0008529999999999	5.141918999999999	4.837673999999992	0.8434696696879173	0.0007512735154198705	5.774154743907575	2023-09-01	ne_star-lbi	north	2023
2023-02-01	B/Bahrain/8466/2022_EPI_ISL_14862205	5.7999999999999994e-05	2.3497569999999994	1.6501219999999992	4.68822325677107	0.00048117266468791986	2.433216961926605	2023-09-01	ne_star-lbi	north	2023
2023-02-01	B/Bahrain/8572/2022_EPI_ISL_14862203	5.7999999999999994e-05	2.3497569999999994	1.6501219999999992	4.68822325677107	0.00048117266468791986	2.433216961926605	2023-09-01	ne_star-lbi	north	2023
2023-02-01	B/Bahrain/9233/2022_EPI_ISL_14862204	1.2e-05	2.3497569999999994	1.6501219999999992	8.44819508309866	0.0008924823288671827	2.433216961926605	2023-09-01	ne_star-lbi	north	2023
2023-02-01	B/Bahrain/9659/2022_EPI_ISL_14862201	8.6e-05	2.3497569999999994	1.6501219999999992	3.8542031644169894	0.00043861355519506426	2.433216961926605	2023-09-01	ne_star-lbi	north	2023
2023-02-01	B/Bahrain/9672/2022_EPI_ISL_14862206	8.6e-05	2.3497569999999994	1.6501219999999992	3.8542031644169894	0.00043861355519506426	2.433216961926605	2023-09-01	ne_star-lbi	north	2023
2023-02-01	B/Bangkok/6/2022_EPI_ISL_15025172	1.1e-05	4.661354999999998	4.303481999999996	2.1092324972410856	2.02725379898775e-05	5.095029180568439	2023-09-01	ne_star-lbi	north	2023
2023-02-01	B/Bangkok/NIC-P1725/2022_EPI_ISL_15967405	1.1e-05	4.661354999999998	4.303481999999996	1.4887190682044968	1.4115888329400082e-05	5.095029180568439	2023-09-01	ne_star-lbi	north	2023
2023-02-01	B/Bangkok/NIC-P2667/2022_EPI_ISL_15937196	0.000388	4.661354999999998	4.303481999999996	0.04946533484264054	0.00021504480115569662	5.095029180568439	2023-09-01	ne_star-lbi	north	2023
2023-02-01	B/Bangkok/NIC-P2995/2022_EPI_ISL_15937212	0.000965	4.661354999999998	4.303481999999996	0.5892597527483106	0.0007327827129798979	5.095029180568439	2023-09-01	ne_star-lbi	north	2023
2023-02-01	B/Bangkok/P3903/2022_EPI_ISL_16632533	0.0071200000000000005	4.215394999999997	3.6499129999999917	-0.7107963052971711	0.0025326414587644543	4.382141139415501	2023-09-01	ne_star-lbi	north	2023
2023-02-01	B/Barry/6713/2022_EPI_ISL_15573044	0.003715	2.3497569999999994	1.6501219999999992	1.558081854321695	0.004964169563813517	2.433216961926605	2023-09-01	ne_star-lbi	north	2023
2023-02-01	B/Berlin/6/2022_EPI_ISL_15929449	0.0016600000000000002	3.781854999999999	3.4450889999999927	0.5403079571651404	0.001225052266546521	4.162792680953861	2023-09-01	ne_star-lbi	north	2023
2023-02-01	B/Bishkek/S-63SARI/2022_EPI_ISL_16714013	0.011477	4.1883009999999965	3.5366419999999943	-0.9281590405872665	0.0035962987489831172	4.3752642875666545	2023-09-01	ne_star-lbi	north	2023
2023-02-01	B/Bolivia/2483/2022_EPI_ISL_16376445	0.005831	4.601265999999992	3.880642999999996	3.5104246574877447	0.024335166730106158	2.3475545061623153	2023-09-01	ne_star-lbi	north	2023
2023-02-01	B/Bolivia/2490/2022_EPI_ISL_16376441	0.005681	5.5898939999999975	4.880625999999991	2.3877278264600474	0.012316684064679482	3.3229211380329584	2023-09-01	ne_star-lbi	north	2023
2023-02-01	B/Bolivia/2574/2022_EPI_ISL_16376433	0.008176000000000001	4.601265999999992	3.880642999999996	2.969346622566532	0.02488606883175225	2.3475545061623153	2023-09-01	ne_star-lbi	north	2023
2023-02-01	B/Bolivia/2576/2022_EPI_ISL_16376435	0.008176000000000001	5.584903999999996	4.878797999999991	1.86816230281475	0.013091336065717357	3.321371834030883	2023-09-01	ne_star-lbi	north	2023
2023-02-01	B/Bordeaux/NOMS22.1.39/2022_EPI_ISL_16714006	0.002209	4.121009999999996	3.6341639999999926	-0.7688653893329357	0.0007595883627472908	4.361670393232874	2023-09-01	ne_star-lbi	north	2023
2023-02-01	B/Brisbane/1/2022_EPI_ISL_16014532	0.005681	2.3497569999999994	1.6501219999999992	0.1780282669134049	0.003393844540494707	2.433216961926605	2023-09-01	ne_star-lbi	north	2023
2023-02-01	B/Buraymi/72211194/2022_EPI_ISL_15926895	0.002366	6.137112999999996	5.837534999999988	0.9520841662191383	0.0022201382338766736	6.769682871417045	2023-09-01	ne_star-lbi	north	2023
2023-02-01	B/California/01/2022_EPI_ISL_15927681	0.003181	4.215394999999997	3.6499129999999917	-0.07969126906054223	0.001635085840417299	4.382141139415501	2023-09-01	ne_star-lbi	north	2023
2023-02-01	B/California/01/2022_EPI_ISL_15927681__dup2	0.003181	4.215394999999997	3.6499129999999917	-0.07969126906054223	0.001635085840417299	4.382141139415501	2023-09-01	ne_star-lbi	north	2023
2023-02-01	B/Cameroon/10514/2022_EPI_ISL_16714012	0.009297	4.174387999999996	3.637239999999992	-1.3206164950222503	0.0023171046509058886	4.380551818434086	2023-09-01	ne_star-lbi	north	2023
2023-02-01	B/Cameroon/10525/2022_EPI_ISL_16714027	0.01229	2.3497569999999994	1.6501219999999992	0.10027932052204251	0.007016527654048315	2.433216961926605	2023-09-01	ne_star-lbi	north	2023
2023-02-01	B/Cameroon/7718/2022_EPI_ISL_16714017	0.003082	3.1929920000000016	2.6372569999999973	-0.26853216083479475	0.0014189557900977038	3.3851860277358994	2023-09-01	ne_star-lbi	north	2023
2023-02-01	B/Catalonia/NSVH101984602/2022_EPI_ISL_16459597	0.01743	6.020714999999995	5.79759199999999	-0.29886837074659284	0.007884030376423925	6.716159372477106	2023-09-01	ne_star-lbi	north	2023
2023-02-01	B/Catalonia/NSVH101995127/2023_EPI_ISL_16740677	0.019465	5.141918999999999	4.837673999999992	-0.4521759992316465	0.008051310826661051	5.774154743907575	2023-09-01	ne_star-lbi	north	2023
2023-02-01	B/Catalonia/NSVH198259140/2022_EPI_ISL_15837646	0.008543	5.027651999999991	4.593549999999996	-1.3975802121137133	0.0020357074017221402	5.33093276654466	2023-09-01	ne_star-lbi	north	2023
2023-02-01	B/Catalonia/NSVH198260510/2022_EPI_ISL_16027604	0.011275	5.141918999999999	4.837673999999992	-0.2097758833960471	0.005372024748970382	5.774154743907575	2023-09-01	ne_star-lbi	north	2023
2023-02-01	B/Catalonia/NSVH534128932/2022_EPI_ISL_15210616	0.000662	12.391497999999997	12.220262999999978	-1.2094508001865607	0.00017604486102893054	13.031696116280413	2023-09-01	ne_star-lbi	north	2023
2023-02-01	B/Catalonia/NSVH534129036/2022_EPI_ISL_15081659	0.000722	12.391497999999997	12.220262999999978	-1.2133777647573145	0.00019156127060578556	13.031696116280413	2023-09-01	ne_star-lbi	north	2023
2023-02-01	B/Chanthaburi/NIC-P3531/2022_EPI_ISL_15610774	0.002706	3.331967000000001	2.648080999999997	-0.8312408485755907	0.0008972392773052788	3.427364485148745	2023-09-01	ne_star-lbi	north	2023
2023-02-01	B/Chanthaburi/P4317/2022_EPI_ISL_16645155	0.012494	4.047363999999997	3.463276999999993	-1.0975424099061255	0.0035466437091240793	3.3854833645981355	2023-09-01	ne_star-lbi	north	2023
2023-02-01	B/Chiang_Rai/NIC-P3056/2022_EPI_ISL_15937217	0.001005	3.3468890000000004	2.646573999999996	1.0624311288628878	0.001005741719801883	3.4309047876421963	2023-09-01	ne_star-lbi	north	2023
2023-02-01	B/Chiang_Rai/P4480/2022_EPI_ISL_16645166	0.01529	2.3497569999999994	1.6501219999999992	-0.41354151506742504	0.006468554935367517	2.433216961926605	2023-09-01	ne_star-lbi	north	2023
2023-02-01	B/Colorado/01/2022_EPI_ISL_15927684	0.004436	6.093903999999994	5.83580899999999	-0.6566710651784416	0.0016285356124385373	6.760270430952096	2023-09-01	ne_star-lbi	north	2023
2023-02-01	B/Colorado/04/2022_EPI_ISL_16198557	0.0052439999999999995	6.093903999999994	5.83580899999999	-0.8247150048248446	0.0017454057998810793	6.760270430952096	2023-09-01	ne_star-lbi	north	2023
2023-02-01	B/Costa_Rica/2253/2022_EPI_ISL_16376426	0.005103	11.486091999999994	11.515777999999981	-1.1411743742520086	0.0014121732305081769	12.138719667447358	2023-09-01	ne_star-lbi	north	2023
2023-02-01	B/Costa_Rica/4328/2022_EPI_ISL_16376428	0.0083579999999999	3.2470310000000002	2.6442809999999963	-0.561160828887985	0.003244176726671133	3.3942751352486313	2023-09-01	ne_star-lbi	north	2023
2023-02-01	B/Costa_Rica/4925/2022_EPI_ISL_16376440	0.009297	3.2470310000000002	2.6442809999999963	-0.6569623086752645	0.0034125165819773907	3.3942751352486313	2023-09-01	ne_star-lbi	north	2023
2023-02-01	B/Costa_Rica/5405/2022_EPI_ISL_16376444	0.00949	11.486091999999994	11.515777999999981	-1.271756697860848	0.0024335882261591357	12.138719667447358	2023-09-01	ne_star-lbi	north	2023
2023-02-01	B/Costa_Rica/5721/2022_EPI_ISL_16376439	0.010872	3.2470310000000002	2.6442809999999963	-0.8082318961651677	0.0036535830234804005	3.3942751352486313	2023-09-01	ne_star-lbi	north	2023
2023-02-01	B/Costa_Rica/5724/2022_EPI_ISL_16376436	0.010671	2.3497569999999994	1.6501219999999992	0.39248354565209753	0.007224404310351045	2.433216961926605	2023-09-01	ne_star-lbi	north	2023
2023-02-01	B/Cote_D_Ivoire/1573/2022_EPI_ISL_14862141	1.2e-05	4.121009999999996	3.6341639999999926	-3.363994094585834	9.080671284400889e-07	4.361670393232874	2023-09-01	ne_star-lbi	north	2023
2023-02-01	B/Cote_D_Ivoire/1585/2022_EPI_ISL_14862140	1.2e-05	4.121009999999996	3.6341639999999926	-3.3691871892732403	9.053204782561104e-07	4.361670393232874	2023-09-01	ne_star-lbi	north	2023
2023-02-01	B/Cote_D_Ivoire/1726/2022_EPI_ISL_14862181	2.2e-05	4.121009999999996	3.6341639999999926	-2.958545672313578	2.108992636690453e-06	4.361670393232874	2023-09-01	ne_star-lbi	north	2023
2023-02-01	B/Cote_D_Ivoire/1747/2022_EPI_ISL_14862185	2.4e-05	5.10536699999999	4.631292999999997	-3.757991190164862	1.443222655578361e-06	5.357391946363188	2023-09-01	ne_star-lbi	north	2023
2023-02-01	B/Cote_D_Ivoire/1782/2022_EPI_ISL_14862186	2.6000000000000002e-05	4.121009999999996	3.6341639999999926	1.10852023495014	2.672821121337293e-05	4.361670393232874	2023-09-01	ne_star-lbi	north	2023
2023-02-01	B/Cote_D_Ivoire/1965/2022_EPI_ISL_14862180	5.7999999999999994e-05	5.0898059999999905	4.632536999999995	1.0283209718720094	5.689930783162928e-05	5.353117829161474	2023-09-01	ne_star-lbi	north	2023
2023-02-01	B/Darwin/10/2022_EPI_ISL_16003455	0.003082	2.3497569999999994	1.6501219999999992	1.6817809953202953	0.0044264765943799285	2.433216961926605	2023-09-01	ne_star-lbi	north	2023
2023-02-01	B/Darwin/13/2022_EPI_ISL_16003444	0.007639	4.685143999999997	4.302583999999997	-1.0175532870274444	0.0022720448009674876	5.117063303102201	2023-09-01	ne_star-lbi	north	2023
2023-02-01	B/Darwin/26/2022_EPI_ISL_16613699	0.016582	3.31148	2.649316999999997	0.46374774113245415	0.011702746419439537	3.4028645858145796	2023-09-01	ne_star-lbi	north	2023
2023-02-01	B/Delaware/01/2022_EPI_ISL_15724385	0.000753	5.340847999999989	4.643968999999996	3.6490011392573036	0.0034071637908488703	5.411397902787196	2023-09-01	ne_star-lbi	north	2023
2023-02-01	B/Delaware/01/2022_EPI_ISL_15724385__dup2	0.000753	2.3497569999999994	1.6501219999999992	4.820248781482558	0.006747067753563035	2.433216961926605	2023-09-01	ne_star-lbi	north	2023
2023-02-01	B/Denmark/10/2022_EPI_ISL_13795262	1.2e-05	2.9030590000000003	2.4851709999999962	-3.9289339209296616	6.531260049522117e-07	3.2207880523843224	2023-09-01	ne_star-lbi	north	2023
2023-02-01	B/Denmark/11/2022_EPI_ISL_13795277	1.6e-05	2.3497569999999994	1.6501219999999992	7.397198551962701	0.0006445855012463739	2.433216961926605	2023-09-01	ne_star-lbi	north	2023
2023-02-01	B/Denmark/11/2022_EPI_ISL_13795277__dup2	1.6e-05	2.3497569999999994	1.6501219999999992	7.397198551962701	0.0006445855012463739	2.433216961926605	2023-09-01	ne_star-lbi	north	2023
2023-02-01	B/Denmark/13/2022_EPI_ISL_14459046	5.7999999999999994e-05	3.3371370000000002	2.650104999999997	-0.012838866929104013	3.099853474604385e-05	3.4296083211479913	2023-09-01	ne_star-lbi	north	2023
2023-02-01	B/England/224000565/2022_EPI_ISL_15803234	0.002448	2.3497569999999994	1.6501219999999992	2.0301641245111983	0.004308199365617825	2.433216961926605	2023-09-01	ne_star-lbi	north	2023
2023-02-01	B/England/224180767/2022_EPI_ISL_16616038	0.004064	5.141918999999999	4.837673999999992	2.1887094994277265	0.007845194540350223	5.774154743907575	2023-09-01	ne_star-lbi	north	2023
2023-02-01	B/England/224340231/2022_EPI_ISL_16616040	0.002209	4.121009999999996	3.6341639999999926	0.3939566943256642	0.0014968071334023416	4.361670393232874	2023-09-01	ne_star-lbi	north	2023
2023-02-01	B/Extremadura/4576/2022_EPI_ISL_16591846	0.010872	3.3280030000000003	2.6461939999999964	0.07507683096816499	0.006116388209847378	3.420984185506913	2023-09-01	ne_star-lbi	north	2023
2023-02-01	B/Finland/301/2022_EPI_ISL_16740752	0.003082	4.121009999999996	3.6341639999999926	-0.29546638499730454	0.0013968359054195563	4.361670393232874	2023-09-01	ne_star-lbi	north	2023
2023-02-01	B/Ghana/4590/2022_EPI_ISL_15364164	9.6e-05	7.095843999999997	6.617667999999988	-1.4158604651883235	2.2633154677484005e-05	7.355160005991628	2023-09-01	ne_star-lbi	north	2023
2023-02-01	B/Ghana/4825/2022_EPI_ISL_15393554	0.000188	4.121009999999996	3.6341639999999926	0.716017175679066	0.000153715718735197	4.361670393232874	2023-09-01	ne_star-lbi	north	2023
2023-02-01	B/Guangdong-Doumen/21/2022_EPI_ISL_14818931	8.6e-05	3.836078999999997	3.4821959999999925	-0.9309398399701232	2.690427838896437e-05	4.203141250710339	2023-09-01	ne_star-lbi	north	2023
2023-02-01	B/Guangdong-Doumen/22/2022_EPI_ISL_14818830	0.000118	4.798930999999996	4.464296999999994	-1.0316984398699347	3.480798450104971e-05	5.192530455234486	2023-09-01	ne_star-lbi	north	2023
2023-02-01	B/Guangdong-Doumen/24/2022_EPI_ISL_16093974	0.000241	4.798930999999996	4.464296999999994	-1.0824444534860984	6.901730483732812e-05	5.192530455234486	2023-09-01	ne_star-lbi	north	2023
2023-02-01	B/Guangdong-Haizhu/1601/2022_EPI_ISL_16093970	0.000241	6.819718999999991	6.475193999999987	-0.863294675561071	7.842906912997883e-05	7.197426452383776	2023-09-01	ne_star-lbi	north	2023
2023-02-01	B/Guangdong-Huicheng/1921/2022_EPI_ISL_16559067	0.010872	3.836078999999997	3.4821959999999925	-1.2792951083444257	0.002775751336901428	4.203141250710339	2023-09-01	ne_star-lbi	north	2023
2023-02-01	B/Guangdong-Jinping/8139/2022_EPI_ISL_14818933	8.6e-05	10.58143599999998	10.47488399999999	-1.4082542364252657	2.036569614554387e-05	11.1635405006813	2023-09-01	ne_star-lbi	north	2023
2023-02-01	B/Guangdong-Liwan/1508/2022_EPI_ISL_14818932	5.7999999999999994e-05	5.832352999999993	5.475578999999989	-0.2738900426668082	2.6619927370910584e-05	6.200528385581122	2023-09-01	ne_star-lbi	north	2023
2023-02-01	B/Guangdong-Liwan/1547/2022_EPI_ISL_14818823	0.000125	5.832352999999993	5.475578999999989	-0.6789803518864049	4.529642590244325e-05	6.200528385581122	2023-09-01	ne_star-lbi	north	2023
2023-02-01	B/Guangdong-Maonan/1616/2022_EPI_ISL_14818935	5.7999999999999994e-05	3.836078999999997	3.4821959999999925	-0.743044839481952	2.024659139319768e-05	4.203141250710339	2023-09-01	ne_star-lbi	north	2023
2023-02-01	B/Guangdong-Pengjiang/1561/2022_EPI_ISL_14818827	1.2e-05	4.768852999999995	4.377071999999995	-3.8529879856429616	6.827111588189252e-07	4.265261570730896	2023-09-01	ne_star-lbi	north	2023
2023-02-01	B/Guangdong-Xiangzhou/11323/2022_EPI_ISL_16093971	0.000466	8.589562999999997	8.080306999999983	-1.3803984865949785	0.0001121614609981156	9.057184488117928	2023-09-01	ne_star-lbi	north	2023
2023-02-01	B/Guangdong-Zhongshan/1809/2022_EPI_ISL_16093978	0.001485	5.680150999999996	5.46098399999999	-1.0768531334072522	0.00042666193955784266	6.1622124286169475	2023-09-01	ne_star-lbi	north	2023
2023-02-01	B/Guangdong-Zhongshan/1853/2022_EPI_ISL_16093977	0.002448	5.680150999999996	5.46098399999999	-1.3845071705350387	0.0005877982204042563	6.1622124286169475	2023-09-01	ne_star-lbi	north	2023
2023-02-01	B/Guangxi-Jiangzhou/1485/2022_EPI_ISL_14818927	2.4e-05	4.798930999999996	4.464296999999994	-0.35215126396727614	1.0523580754599637e-05	5.192530455234486	2023-09-01	ne_star-lbi	north	2023
2023-02-01	B/Guatemala/256/2022_EPI_ISL_15393545	0.000662	12.340256000000002	12.231295999999977	-1.3537422835986144	0.00016183362847145563	12.616722386087995	2023-09-01	ne_star-lbi	north	2023
2023-02-01	B/Guatemala/421/2022_EPI_ISL_16447670	0.009106	11.486091999999994	11.515777999999981	-1.1952495665402418	0.0024416911383187455	12.138719667447358	2023-09-01	ne_star-lbi	north	2023
2023-02-01	B/HK/3/2022_EPI_ISL_14387918	1.4999999999999999e-05	3.7875539999999983	2.9216519999999964	-3.3754749681530196	1.127507452301899e-06	2.356763956589198	2023-09-01	ne_star-lbi	north	2023
2023-02-01	B/HK/6/2022_EPI_ISL_16494715	0.007639	3.072420000000001	2.4632939999999954	-0.7086222677917862	0.002720702123456816	2.3926076505511307	2023-09-01	ne_star-lbi	north	2023
2023-02-01	B/HK/8/2022_EPI_ISL_16494717	0.008543	3.2489310000000002	2.646452999999997	0.6170628164744706	0.006593285675969849	3.3719889439911954	2023-09-01	ne_star-lbi	north	2023
2023-02-01	B/HK/9/2022_EPI_ISL_16494716	0.010671	4.227578999999997	3.6464359999999925	0.2472069435059042	0.006637398520381979	4.358714146950433	2023-09-01	ne_star-lbi	north	2023
2023-02-01	B/Hayma/72211271/2022_EPI_ISL_15929447	0.002984	2.3497569999999994	1.6501219999999992	1.7330705632334726	0.004415887250036639	2.433216961926605	2023-09-01	ne_star-lbi	north	2023
2023-02-01	B/Honduras/5753/2022_EPI_ISL_16376442	0.00988	3.2470310000000002	2.6442809999999963	-0.6674835278541068	0.003604320937415166	3.3942751352486313	2023-09-01	ne_star-lbi	north	2023
2023-02-01	B/HongKong/7/2022_EPI_ISL_16713999	0.0083579999999999	3.072420000000001	2.4632939999999954	-0.8852505560967259	0.0026853451626862412	2.3926076505511307	2023-09-01	ne_star-lbi	north	2023
2023-02-01	B/HongKong/9/2022_EPI_ISL_16714036	0.010671	3.2489310000000002	2.646452999999997	0.2472069435059042	0.006637398520381979	3.3719889439911954	2023-09-01	ne_star-lbi	north	2023
2023-02-01	B/Hong_Kong/3/2022_EPI_ISL_14759188	1.4999999999999999e-05	3.7875539999999983	2.9216519999999964	-3.3754749681530196	1.127507452301899e-06	2.356763956589198	2023-09-01	ne_star-lbi	north	2023
2023-02-01	B/Hong_Kong/4/2022_EPI_ISL_15724384	1.4999999999999999e-05	3.7875539999999983	2.9216519999999964	-3.3754749681530196	1.127507452301899e-06	2.356763956589198	2023-09-01	ne_star-lbi	north	2023
2023-02-01	B/Hong_Kong/4/2022_EPI_ISL_15724384__dup2	1.4999999999999999e-05	3.7875539999999983	2.9216519999999964	-3.3754749681530196	1.127507452301899e-06	2.356763956589198	2023-09-01	ne_star-lbi	north	2023
2023-02-01	B/Hubei-Shashi/1848/2022_EPI_ISL_16559069	0.012087	5.631763999999993	5.322746999999988	-1.3968988922826142	0.0028813504005092273	5.6627439413269345	2023-09-01	ne_star-lbi	north	2023
2023-02-01	B/Hunan-Beihu/1675/2022_EPI_ISL_14818934	5.5e-05	6.823304999999991	6.437937999999986	-3.7163290948670147	3.388748950627221e-06	7.200079824308794	2023-09-01	ne_star-lbi	north	2023
2023-02-01	B/Ibra/72211782/2022_EPI_ISL_15929435	0.004829	3.072420000000001	2.4632939999999954	-0.5728157197985381	0.0018616871924544167	2.3926076505511307	2023-09-01	ne_star-lbi	north	2023
2023-02-01	B/Jiangsu-Guangling/11004/2022_EPI_ISL_14818826	1.8e-05	5.833574999999993	5.450256999999989	-3.8577853149253842	1.0212049529118026e-06	6.200886452838833	2023-09-01	ne_star-lbi	north	2023
2023-02-01	B/Jiangxi-Zhanggong/1556/2022_EPI_ISL_14818925	1e-05	5.792622999999995	5.464279999999991	-2.2894692181973713	1.416299731961948e-06	6.191027260050524	2023-09-01	ne_star-lbi	north	2023
2023-02-01	B/Krabi_/FS002/2022_EPI_ISL_16632529	0.00614	28.980208999999974	28.64875399999996	-1.4082018051337257	0.0014540604522663314	29.343895045651823	2023-09-01	ne_star-lbi	north	2023
2023-02-01	B/Laos/F1451/2022_EPI_ISL_15534253	6.2e-05	4.661354999999998	4.303481999999996	-2.315708532462147	8.647676510708485e-06	5.095029180568439	2023-09-01	ne_star-lbi	north	2023
2023-02-01	B/Laos/F1517/2022_EPI_ISL_15503753	1.6e-05	5.661280999999994	5.30346499999999	-3.4661844233744947	1.1406908346947345e-06	6.095024617805107	2023-09-01	ne_star-lbi	north	2023
2023-02-01	B/Laos/F1517/2022_EPI_ISL_15503753__dup2	1.6e-05	5.661280999999994	5.30346499999999	-3.4661844233744947	1.1406908346947345e-06	6.095024617805107	2023-09-01	ne_star-lbi	north	2023
2023-02-01	B/Laos/F1601/2022_EPI_ISL_15503755	2.4e-05	4.661354999999998	4.303481999999996	0.8205203483513216	2.0856736004443997e-05	5.095029180568439	2023-09-01	ne_star-lbi	north	2023
2023-02-01	B/Laos/F1601/2022_EPI_ISL_15503755__dup2	2.4e-05	4.661354999999998	4.303481999999996	0.8818826725240905	2.1616818693607036e-05	5.095029180568439	2023-09-01	ne_star-lbi	north	2023
2023-02-01	B/Laos/F1666/2022_EPI_ISL_15534256	3.9e-05	4.661354999999998	4.303481999999996	0.5426920320893209	2.8821402796262877e-05	5.095029180568439	2023-09-01	ne_star-lbi	north	2023
2023-02-01	B/Laos/F1676/2022_EPI_ISL_15503757	3.7e-05	6.594216999999992	6.265114999999988	-3.123809762731111	3.22096761722402e-06	7.077369495023988	2023-09-01	ne_star-lbi	north	2023
2023-02-01	B/Laos/F1676/2022_EPI_ISL_15503757__dup2	3.7e-05	6.594216999999992	6.265114999999988	-3.123809762731111	3.22096761722402e-06	7.077369495023988	2023-09-01	ne_star-lbi	north	2023
2023-02-01	B/Laos/F1800/2022_EPI_ISL_15503759	5.5e-05	4.661354999999998	4.303481999999996	0.2500629914812359	3.426723086685656e-05	5.095029180568439	2023-09-01	ne_star-lbi	north	2023
2023-02-01	B/Laos/F1800/2022_EPI_ISL_15503759__dup2	5.5e-05	4.661354999999998	4.303481999999996	0.30406545487506226	3.536388020959214e-05	5.095029180568439	2023-09-01	ne_star-lbi	north	2023
2023-02-01	B/Laos/F1857/2022_EPI_ISL_15503761	8.1e-05	4.661354999999998	4.303481999999996	1.148899827768787	8.525331375869207e-05	5.095029180568439	2023-09-01	ne_star-lbi	north	2023
2023-02-01	B/Laos/F1857/2022_EPI_ISL_15503761__dup2	8.1e-05	4.661354999999998	4.303481999999996	-2.3879657109498846	1.0831466061152065e-05	5.095029180568439	2023-09-01	ne_star-lbi	north	2023
2023-02-01	B/Laos/F1894/2022_EPI_ISL_15503762	8.6e-05	3.8630079999999976	3.4841729999999926	0.6861659762881093	6.910292418418605e-05	4.193978006691218	2023-09-01	ne_star-lbi	north	2023
2023-02-01	B/Laos/F1894/2022_EPI_ISL_15503762__dup2	8.6e-05	3.8630079999999976	3.4841729999999926	0.6861659762881093	6.910292418418605e-05	4.193978006691218	2023-09-01	ne_star-lbi	north	2023
2023-02-01	B/Laos/F1992/2022_EPI_ISL_15503768	0.000138	3.8630079999999976	3.4841729999999926	-0.4490642314015768	5.718466773019571e-05	4.193978006691218	2023-09-01	ne_star-lbi	north	2023
2023-02-01	B/Laos/F1992/2022_EPI_ISL_15503768__dup2	0.000138	3.8630079999999976	3.4841729999999926	-0.4490642314015768	5.718466773019571e-05	4.193978006691218	2023-09-01	ne_star-lbi	north	2023
2023-02-01	B/Laos/F2093/2022_EPI_ISL_15503773	0.00016999999999999999	3.8630079999999976	3.4841729999999926	0.6855010393870749	0.0001365458299695938	4.193978006691218	2023-09-01	ne_star-lbi	north	2023
2023-02-01	B/Laos/F2093/2022_EPI_ISL_15503773__dup2	0.00016999999999999999	3.8630079999999976	3.4841729999999926	0.6855010393870749	0.0001365458299695938	4.193978006691218	2023-09-01	ne_star-lbi	north	2023
2023-02-01	B/Laos/F2095/2022_EPI_ISL_15503775	0.00016999999999999999	3.8630079999999976	3.4841729999999926	0.6855010393870749	0.0001365458299695938	4.193978006691218	2023-09-01	ne_star-lbi	north	2023
2023-02-01	B/Laos/F2095/2022_EPI_ISL_15503775__dup2	0.00016999999999999999	3.8630079999999976	3.4841729999999926	0.6855010393870749	0.0001365458299695938	4.193978006691218	2023-09-01	ne_star-lbi	north	2023
2023-02-01	B/Laos/F2117/2022_EPI_ISL_15503777	0.00017900000000000001	3.8630079999999976	3.4841729999999926	0.5501623820102808	0.00013286055607118804	4.193978006691218	2023-09-01	ne_star-lbi	north	2023
2023-02-01	B/Laos/F2117/2022_EPI_ISL_15503777__dup2	0.00017900000000000001	3.8630079999999976	3.4841729999999926	0.5501623820102808	0.00013286055607118804	4.193978006691218	2023-09-01	ne_star-lbi	north	2023
2023-02-01	B/Laos/F2231/2022_EPI_ISL_15534262	0.000241	2.3497569999999994	1.6501219999999992	4.42669389079504	0.0017164634203391802	2.433216961926605	2023-09-01	ne_star-lbi	north	2023
2023-02-01	B/Laos/F2548/2022_EPI_ISL_16717076	0.000466	5.660412999999995	5.29656599999999	-0.9542840592419392	0.00014381190040560092	6.0947415567676355	2023-09-01	ne_star-lbi	north	2023
2023-02-01	B/Lipetsk/CRIE/206/2022_EPI_ISL_13500141	1.7e-05	2.9030590000000003	2.4851709999999962	-3.9292906107778514	9.250693419980059e-07	3.2207880523843224	2023-09-01	ne_star-lbi	north	2023
2023-02-01	B/Madagascar/5178/2022_EPI_ISL_14727229	5.5e-05	3.3492830000000002	2.5330629999999976	-3.8924790772807047	3.057833491088494e-06	3.433191150810393	2023-09-01	ne_star-lbi	north	2023
2023-02-01	B/Madagascar/5180/2022_EPI_ISL_14727227	5.5e-05	3.3492830000000002	2.5330629999999976	-3.8924790772807047	3.057833491088494e-06	3.433191150810393	2023-09-01	ne_star-lbi	north	2023
2023-02-01	B/Madagascar/5182/2022_EPI_ISL_14727230	5.7999999999999994e-05	3.3492830000000002	2.5330629999999976	-3.8928710697070845	3.223887143211249e-06	3.433191150810393	2023-09-01	ne_star-lbi	north	2023
2023-02-01	B/Massachusetts/01/2022_EPI_ISL_16198554__dup2	0.00614	3.2470310000000002	2.6442809999999963	-0.45263485109229284	0.002539009416084244	3.3942751352486313	2023-09-01	ne_star-lbi	north	2023
2023-02-01	B/Mato_Grosso_do_Sul_/IAL/C10297/2022_EPI_ISL_16567331	0.009684	6.505117000000003	5.85652899999999	1.6220919424172864	0.013432559919901634	4.271020672152322	2023-09-01	ne_star-lbi	north	2023
2023-02-01	B/Nadym/CRIE/195/2022_EPI_ISL_16182348	0.011477	6.094780999999996	5.835333999999988	-0.37633384413568016	0.004961971901712924	6.758468099303124	2023-09-01	ne_star-lbi	north	2023
2023-02-01	B/Nakhon_Phanom/NIC-P3418/2022_EPI_ISL_15969724	0.002209	3.331967000000001	2.648080999999997	-0.6982876482475389	0.0007915135571087951	3.427364485148745	2023-09-01	ne_star-lbi	north	2023
2023-02-01	B/Nakhon_Phanom/NIC-P3460/2022_EPI_ISL_15969725	0.002448	3.331967000000001	2.648080999999997	-0.74670671479941	0.0008527223465965601	3.427364485148745	2023-09-01	ne_star-lbi	north	2023
2023-02-01	B/Nakhon_Phanom/P3759/2022_EPI_ISL_16608874	0.004695	4.661354999999998	4.303481999999996	-0.6649431213513839	0.001715322124731464	5.095029180568439	2023-09-01	ne_star-lbi	north	2023
2023-02-01	B/Netherlands/01140/2022_EPI_ISL_13499656	1.2e-05	5.349278999999989	4.650070999999996	-2.973748766262917	1.1402027928772452e-06	5.433110883260974	2023-09-01	ne_star-lbi	north	2023
2023-02-01	B/Netherlands/01146/2022_EPI_ISL_14620547	2.4e-05	12.391497999999997	12.220262999999978	-2.689774961663791	2.691247125624356e-06	13.031696116280413	2023-09-01	ne_star-lbi	north	2023
2023-02-01	B/Netherlands/01157/2022_EPI_ISL_14620552	0.000118	3.072420000000001	2.4632939999999954	2.015599838460099	0.0002059096463267421	2.3926076505511307	2023-09-01	ne_star-lbi	north	2023
2023-02-01	B/Netherlands/01398/2022_EPI_ISL_16147000	0.012699	4.121009999999996	3.6341639999999926	-1.0772618417595696	0.003647736268528601	4.361670393232874	2023-09-01	ne_star-lbi	north	2023
2023-02-01	B/Netherlands/01670/2022_EPI_ISL_16333961	0.0160419999999999	3.1929920000000016	2.6372569999999973	-1.3623799251972741	0.0039019441367107582	3.3851860277358994	2023-09-01	ne_star-lbi	north	2023
2023-02-01	B/Netherlands/11678/2022_EPI_ISL_16458976	4.4e-05	12.391497999999997	12.220262999999978	-2.39306902428317	5.866269831284047e-06	13.031696116280413	2023-09-01	ne_star-lbi	north	2023
2023-02-01	B/Netherlands/11678/2022_EPI_ISL_16458976__dup2	4.4e-05	12.391497999999997	12.220262999999978	-2.39306902428317	5.866269831284047e-06	13.031696116280413	2023-09-01	ne_star-lbi	north	2023
2023-02-01	B/Netherlands/11692/2022_EPI_ISL_14570075	0.000218	3.0648910000000003	2.108479999999998	0.991729459171321	0.00020934637557872766	2.397373267964676	2023-09-01	ne_star-lbi	north	2023
2023-02-01	B/Netherlands/11726/2022_EPI_ISL_14918902	0.000819	6.748234999999992	6.445037999999987	-0.8986092898074489	0.00026109428755148665	7.13154409414463	2023-09-01	ne_star-lbi	north	2023
2023-02-01	B/Netherlands/11769/2022_EPI_ISL_15544305	0.002706	3.344335	2.619810999999997	-1.4064159113070538	0.0006414965414815398	3.4319339688436448	2023-09-01	ne_star-lbi	north	2023
2023-02-01	B/Netherlands/11783/2022_EPI_ISL_15774535	0.003829	2.3497569999999994	1.6501219999999992	1.825972414503539	0.00598191357879849	2.433216961926605	2023-09-01	ne_star-lbi	north	2023
2023-02-01	B/Netherlands/11841/2022_EPI_ISL_16028368	0.012087	3.1929920000000016	2.6372569999999973	-1.3312273783611897	0.002993871771051834	3.3851860277358994	2023-09-01	ne_star-lbi	north	2023
2023-02-01	B/Netherlands/12010/2022_EPI_ISL_16350779	0.01567	3.0648910000000003	2.108479999999998	-1.2441730453816593	0.0040835500164547135	2.397373267964676	2023-09-01	ne_star-lbi	north	2023
2023-02-01	B/Netherlands/12062/2022_EPI_ISL_16390286	0.017747	3.781854999999999	3.4450889999999927	-1.0655801470763504	0.005132610165781151	4.162792680953861	2023-09-01	ne_star-lbi	north	2023
2023-02-01	B/Netherlands/12068/2022_EPI_ISL_16390292	0.017747	2.3497569999999994	1.6501219999999992	0.06030862499882026	0.009898495584272813	2.433216961926605	2023-09-01	ne_star-lbi	north	2023
2023-02-01	B/New_Zealand/2727/2022_EPI_ISL_16447668	4.1e-05	2.3497569999999994	1.6501219999999992	1.5107630501843756	5.329469409349705e-05	2.433216961926605	2023-09-01	ne_star-lbi	north	2023
2023-02-01	B/Niger/1061/2022_EPI_ISL_15927720	4.1e-05	4.121009999999996	3.6341639999999926	0.7533725274493326	3.4261615297521216e-05	4.361670393232874	2023-09-01	ne_star-lbi	north	2023
2023-02-01	B/Niger/1223/2022_EPI_ISL_15927719	0.000146	5.12070799999999	4.634146999999996	0.3671533264763585	9.739410265185575e-05	5.361475605027564	2023-09-01	ne_star-lbi	north	2023
2023-02-01	B/Norway/29315/2022_EPI_ISL_14794758	0.000241	5.779369999999995	5.412582999999989	-0.19595689269669037	0.00011575489849605301	6.15845581449612	2023-09-01	ne_star-lbi	north	2023
2023-02-01	B/Norway/29626/2022_EPI_ISL_14794770	0.00035299999999999996	3.349041	2.650104999999997	5.739047471020312	0.0054058231571302295	3.4224053156123473	2023-09-01	ne_star-lbi	north	2023
2023-02-01	B/Norway/30129/2022_EPI_ISL_15728557	0.000425	6.057880999999992	5.831232999999988	1.1982669902307928	0.00046038565200411634	6.745261956326987	2023-09-01	ne_star-lbi	north	2023
2023-02-01	B/Norway/30216/2022_EPI_ISL_15728555	0.000582	6.057880999999992	5.831232999999988	0.38437370454054515	0.0003921618776171326	6.745261956326987	2023-09-01	ne_star-lbi	north	2023
2023-02-01	B/Norway/30216/2022_EPI_ISL_15728555__dup2	0.000582	6.057880999999992	5.831232999999988	0.38437370454054515	0.0003921618776171326	6.745261956326987	2023-09-01	ne_star-lbi	north	2023
2023-02-01	B/Norway/30216/2022_EPI_ISL_15728555__dup3	0.000582	6.057880999999992	5.831232999999988	0.8042135923257657	0.0005009875792501996	6.745261956326987	2023-09-01	ne_star-lbi	north	2023
2023-02-01	B/Norway/30217/2022_EPI_ISL_15728556	0.000532	6.057880999999992	5.831232999999988	0.9958319716558531	0.000512106053030132	6.745261956326987	2023-09-01	ne_star-lbi	north	2023
2023-02-01	B/Norway/30217/2022_EPI_ISL_15728556__dup2	0.000532	6.057880999999992	5.831232999999988	0.9958319716558531	0.000512106053030132	6.745261956326987	2023-09-01	ne_star-lbi	north	2023
2023-02-01	B/Norway/30217/2022_EPI_ISL_15728556__dup3	0.000532	6.057880999999992	5.831232999999988	0.8906791319797432	0.0004816378976039797	6.745261956326987	2023-09-01	ne_star-lbi	north	2023
2023-02-01	B/Norway/31899/2022_EPI_ISL_15728536	0.002797	6.127020999999996	5.837656999999988	0.49464025632688263	0.0020098776093588314	6.764069109318697	2023-09-01	ne_star-lbi	north	2023
2023-02-01	B/Norway/33355/2022_EPI_ISL_16458981__dup2	0.006619	4.121009999999996	3.6341639999999926	-0.9699144706159142	0.002024144466386381	4.361670393232874	2023-09-01	ne_star-lbi	north	2023
2023-02-01	B/Norway/34279/2022_EPI_ISL_16095985	0.0043100000000000005	6.127020999999996	5.837656999999988	-0.001500327215728728	0.002318798071601723	6.764069109318697	2023-09-01	ne_star-lbi	north	2023
2023-02-01	B/Nosy_Be/04869/2022_EPI_ISL_14759185	2.7000000000000002e-05	3.3492830000000002	2.5330629999999976	-3.8874852121164767	1.5054975243634095e-06	3.433191150810393	2023-09-01	ne_star-lbi	north	2023
2023-02-01	B/Nosy_Be/05052/2022_EPI_ISL_14653413	3.7e-05	3.3492830000000002	2.5330629999999976	-3.889632638578988	2.0605064575141948e-06	3.433191150810393	2023-09-01	ne_star-lbi	north	2023
2023-02-01	B/Ohio/01/2022_EPI_ISL_15286751	0.0006349999999999	4.780574999999998	4.445071999999995	-0.7190163410753816	0.00022479414347863382	5.162343092666898	2023-09-01	ne_star-lbi	north	2023
2023-02-01	B/Oman/0184/2022_EPI_ISL_14862195	0.000118	3.349511	2.650104999999997	1.39124812020523	0.00014305544659361564	3.432930851033421	2023-09-01	ne_star-lbi	north	2023
2023-02-01	B/Oman/0190/2022_EPI_ISL_14862191	0.000125	3.072420000000001	2.4632939999999954	1.8990155906630943	0.0002037836918987082	2.3926076505511307	2023-09-01	ne_star-lbi	north	2023
2023-02-01	B/Oman/0240/2022_EPI_ISL_14862190	0.000138	4.065983999999999	3.463276999999993	-0.8109461797691506	4.630213223231031e-05	3.3910595695346673	2023-09-01	ne_star-lbi	north	2023
2023-02-01	B/Oman/3653/2022_EPI_ISL_14862192	1.8e-05	3.349711	2.650104999999997	2.2690311891663626	3.641422702142642e-05	3.433144133472565	2023-09-01	ne_star-lbi	north	2023
2023-02-01	B/Oman/4869/2022_EPI_ISL_14862194	3.9e-05	2.3497569999999994	1.6501219999999992	4.367958708941573	0.00026841219105540846	2.433216961926605	2023-09-01	ne_star-lbi	north	2023
2023-02-01	B/Oman/5161/2022_EPI_ISL_14862193	4.4e-05	2.3497569999999994	1.6501219999999992	2.8680272818979478	0.00012624087823808844	2.433216961926605	2023-09-01	ne_star-lbi	north	2023
2023-02-01	B/Oman/9591/2022_EPI_ISL_14862189	1.7e-05	3.072420000000001	2.4632939999999954	1.5649819492827441	2.2807872164584006e-05	2.3926076505511307	2023-09-01	ne_star-lbi	north	2023
2023-02-01	B/Oman/9662/2022_EPI_ISL_14862196	2.7000000000000002e-05	2.3497569999999994	1.6501219999999992	1.470025183950314	3.4272312835683214e-05	2.433216961926605	2023-09-01	ne_star-lbi	north	2023
2023-02-01	B/Oman/9810/2022_EPI_ISL_14862188	5.2000000000000004e-05	3.072420000000001	2.4632939999999954	2.3854547849320324	0.00011258914134506418	2.3926076505511307	2023-09-01	ne_star-lbi	north	2023
2023-02-01	B/Orebro/4/2022_EPI_ISL_15190795	0.000337	6.127020999999996	5.837656999999988	2.348592145568462	0.0007141416134755883	6.764069109318697	2023-09-01	ne_star-lbi	north	2023
2023-02-01	B/Orebro/5/2022_EPI_ISL_15190798	0.000487	2.3497569999999994	1.6501219999999992	4.147536424528101	0.0029473054829712597	2.433216961926605	2023-09-01	ne_star-lbi	north	2023
2023-02-01	B/Para/183191-IEC/2022_EPI_ISL_14276604	2e-05	3.2470310000000002	2.6442809999999963	3.548993731361476	8.536745015851035e-05	3.3942751352486313	2023-09-01	ne_star-lbi	north	2023
2023-02-01	B/Parana/22941/2022_EPI_ISL_16157526	0.0036030000000000003	5.5758309999999955	4.880073999999991	3.038874560118011	0.011420727704220455	3.3170183917594334	2023-09-01	ne_star-lbi	north	2023
2023-02-01	B/Paris/55383/2022_EPI_ISL_16458983	0.00206	4.0634169999999985	3.460953999999993	-0.9693815745317739	0.0006301607479070957	3.3866798437686523	2023-09-01	ne_star-lbi	north	2023
2023-02-01	B/Paris/55383/2022_EPI_ISL_16458983__dup2	0.00206	4.0634169999999985	3.460953999999993	-0.9693815745317739	0.0006301607479070957	3.3866798437686523	2023-09-01	ne_star-lbi	north	2023
2023-02-01	B/Pennsylvania/01/2022_EPI_ISL_15927679	0.002448	5.161412999999989	4.531668999999998	0.33197993674973697	0.001599854349214348	5.362758271796578	2023-09-01	ne_star-lbi	north	2023
2023-02-01	B/Pennsylvania/01/2022_EPI_ISL_15927679__dup2	0.002448	5.161412999999989	4.531668999999998	0.33197993674973697	0.001599854349214348	5.362758271796578	2023-09-01	ne_star-lbi	north	2023
2023-02-01	B/Perth/1/2022_EPI_ISL_16014506	0.000662	5.7721829999999965	5.4450549999999875	-0.8636970228438169	0.00021538530882008906	6.159791016335227	2023-09-01	ne_star-lbi	north	2023
2023-02-01	B/Qatar/10-VI-22-1935954/2022_EPI_ISL_15937884	0.0008529999999999	4.215394999999997	3.6499129999999917	1.2098183410715644	0.0009302684298275323	4.382141139415501	2023-09-01	ne_star-lbi	north	2023
2023-02-01	B/Qatar/10-VI-22-2087027/2022_EPI_ISL_15937879	0.004564	5.141918999999999	4.837673999999992	0.8389040475600376	0.004009018274492663	5.774154743907575	2023-09-01	ne_star-lbi	north	2023
2023-02-01	B/Qatar/39-VI-22-2065654/2022_EPI_ISL_15937889	0.0033880000000000004	2.3497569999999994	1.6501219999999992	1.708674752293687	0.004942903844311098	2.433216961926605	2023-09-01	ne_star-lbi	north	2023
2023-02-01	B/Qatar/39-VI-22-2084463/2022_EPI_ISL_15937877	0.0043100000000000005	3.332584	2.650104999999997	0.650363575111827	0.0033916038509044645	3.4223366570221665	2023-09-01	ne_star-lbi	north	2023
2023-02-01	B/Qatar/47-VI-22-2073123/2022_EPI_ISL_15937887	0.003829	5.141918999999999	4.837673999999992	2.126559122133212	0.007128371158763613	5.774154743907575	2023-09-01	ne_star-lbi	north	2023
2023-02-01	B/Rheinland-Pfalz/1/2022_EPI_ISL_16103550	0.0052439999999999995	5.141918999999999	4.837673999999992	0.6309626353951617	0.004080144354610931	5.774154743907575	2023-09-01	ne_star-lbi	north	2023
2023-02-01	B/Roraima/27058/2022_EPI_ISL_16744586	0.001541	4.206979999999997	3.6432829999999923	-0.42943632505086304	0.000645915427468487	4.367465089555527	2023-09-01	ne_star-lbi	north	2023
2023-02-01	B/Roraima/27059/2022_EPI_ISL_16744587	0.0016	4.2421149999999965	3.644169999999993	-0.3158092881745227	0.0007166037866645124	4.392416420283155	2023-09-01	ne_star-lbi	north	2023
2023-02-01	B/Roraima/27061/2022_EPI_ISL_16744589	0.001989	4.206979999999997	3.6432829999999923	-0.637321153431288	0.0007384865370126321	4.367465089555527	2023-09-01	ne_star-lbi	north	2023
2023-02-01	B/S._Petersburg/RII-13/2022_EPI_ISL_15364172	1e-05	3.349695	2.6500029999999968	-3.91056684928366	5.50134416590257e-07	3.4332141028195844	2023-09-01	ne_star-lbi	north	2023
2023-02-01	B/Saint-Petersburg/RII-46V/2022_EPI_ISL_16744151	0.012494	7.005030999999997	6.783055999999997	-1.2501820179731553	0.0032445022574641466	7.258194260793007	2023-09-01	ne_star-lbi	north	2023
2023-02-01	B/Santa_Catarina/22299/2022_EPI_ISL_15807548	0.007464	4.601265999999992	3.880642999999996	3.6286619839117518	0.03337466969082106	2.3475545061623153	2023-09-01	ne_star-lbi	north	2023
2023-02-01	B/Sao_Paulo/IAL/C10312/2022_EPI_ISL_16567338	0.01759	3.3145670000000003	2.650104999999997	0.31611534076543507	0.011389791136011492	3.410437379654585	2023-09-01	ne_star-lbi	north	2023
2023-02-01	B/Sergipe/21856/2022_EPI_ISL_15807726	0.001541	4.243938999999996	3.612025999999993	-0.48854882125507576	0.0006240224145816961	4.39302709041947	2023-09-01	ne_star-lbi	north	2023
2023-02-01	B/Singapore/GP8440/2022_EPI_ISL_16433731	0.001324	3.2489310000000002	2.646452999999997	2.4214876181169425	0.002927585924948082	3.3719889439911954	2023-09-01	ne_star-lbi	north	2023
2023-02-01	B/Singapore/KK0039/2022_EPI_ISL_13835115	1e-05	4.348602999999995	3.546741999999993	-3.348139723194248	7.637535299848195e-07	4.432951453136518	2023-09-01	ne_star-lbi	north	2023
2023-02-01	B/Singapore/KK0042/2022_EPI_ISL_16433733	2.8999999999999997e-05	2.3497569999999994	1.6501219999999992	4.755636156101986	0.0002502356782163487	2.433216961926605	2023-09-01	ne_star-lbi	north	2023
2023-02-01	B/Singapore/KK0499/2022_EPI_ISL_16433737	0.002134	4.251796999999996	3.6117459999999943	0.10063545975962736	0.0012185826690080722	4.39330191767772	2023-09-01	ne_star-lbi	north	2023
2023-02-01	B/Singapore/KK0742/2022_EPI_ISL_16433739	0.004829	4.251796999999996	3.6117459999999943	-0.6411641845067333	0.0017889220496183295	4.39330191767772	2023-09-01	ne_star-lbi	north	2023
2023-02-01	B/Singapore/KK0812/2022_EPI_ISL_16520270	0.006297	3.3127700000000004	2.6322229999999966	1.6973226100084537	0.009126337380280113	3.4079677340895387	2023-09-01	ne_star-lbi	north	2023
2023-02-01	B/Singapore/KK0835/2022_EPI_ISL_16520269	0.006784	2.3497569999999994	1.6501219999999992	1.0853190908037003	0.006880256732816573	2.433216961926605	2023-09-01	ne_star-lbi	north	2023
2023-02-01	B/Singapore/KK0868/2022_EPI_ISL_16520271	0.007464	4.251796999999996	3.6117459999999943	-0.7748181720905287	0.0025576796534357406	4.39330191767772	2023-09-01	ne_star-lbi	north	2023
2023-02-01	B/Singapore/SAR53363/2022_EPI_ISL_16433758	0.003829	4.251796999999996	3.6117459999999943	-0.09449096405332873	0.0019512500316561316	4.39330191767772	2023-09-01	ne_star-lbi	north	2023
2023-02-01	B/Sohar/52222888/2022_EPI_ISL_15929445	0.003181	3.072420000000001	2.4632939999999954	-0.40215176687389176	0.0013547180448501477	2.3926076505511307	2023-09-01	ne_star-lbi	north	2023
2023-02-01	B/Sohar/52223391/2022_EPI_ISL_15929439	0.003945000000000001	3.0648910000000003	2.108479999999998	-0.7815641772089004	0.0013465190530156771	2.397373267964676	2023-09-01	ne_star-lbi	north	2023
2023-02-01	B/SouthAfrica/PET25017/2022_EPI_ISL_15724972	4.4e-05	2.9030590000000003	2.4851709999999962	-3.9301515908262994	2.393094914524716e-06	3.2207880523843224	2023-09-01	ne_star-lbi	north	2023
2023-02-01	B/SouthAfrica/PET25082/2022_EPI_ISL_15724830	8.1e-05	3.781854999999999	3.4450889999999927	0.5332737742570822	5.95318693565221e-05	4.162792680953861	2023-09-01	ne_star-lbi	north	2023
2023-02-01	B/SouthAfrica/PET25547/2022_EPI_ISL_15726030	0.000532	4.780293999999998	4.445039999999996	-0.5093591375424205	0.00021283209987786516	5.1622510999753946	2023-09-01	ne_star-lbi	north	2023
2023-02-01	B/SouthAfrica/PET25810/2022_EPI_ISL_15724860	0.001324	3.781854999999999	3.4450889999999927	-0.2877419018456823	0.0006027783554128667	4.162792680953861	2023-09-01	ne_star-lbi	north	2023
2023-02-01	B/South_Africa/R011410/2022_EPI_ISL_16522438	0.001485	3.781854999999999	3.4450889999999927	-0.24285406266067538	0.0006940135237291546	4.162792680953861	2023-09-01	ne_star-lbi	north	2023
2023-02-01	B/South_Africa/R07847/2022_EPI_ISL_14951384	2.7000000000000002e-05	3.781854999999999	3.4450889999999927	1.3794086364329032	3.2507738527489535e-05	4.162792680953861	2023-09-01	ne_star-lbi	north	2023
2023-02-01	B/South_Africa/R07930/2022_EPI_ISL_14951382__dup2	2.8999999999999997e-05	3.781854999999999	3.4450889999999927	1.3311233776868094	3.3945990014380806e-05	4.162792680953861	2023-09-01	ne_star-lbi	north	2023
2023-02-01	B/South_Africa/R08092/22_EPI_ISL_16014512	3.9e-05	3.781854999999999	3.4450889999999927	1.0961977462300792	3.9805161787630055e-05	4.162792680953861	2023-09-01	ne_star-lbi	north	2023
2023-02-01	B/South_Africa/R08117/2022_EPI_ISL_14951385__dup2	4.1e-05	4.781762999999998	4.440722999999994	-2.3041452487236986	5.7573287236958655e-06	5.162781166296408	2023-09-01	ne_star-lbi	north	2023
2023-02-01	B/South_Africa/R08304/2022_EPI_ISL_14951387__dup2	6.500000000000001e-05	4.773516999999998	4.445071999999995	0.2616203643139626	4.07715858963754e-05	5.1602217869528655	2023-09-01	ne_star-lbi	north	2023
2023-02-01	B/South_Africa/R08331/2022_EPI_ISL_14951386	4.4e-05	3.781854999999999	3.4450889999999927	0.5137922351636635	3.197287978371848e-05	4.162792680953861	2023-09-01	ne_star-lbi	north	2023
2023-02-01	B/South_Africa/R08331/2022_EPI_ISL_14951386__dup2	4.4e-05	3.781854999999999	3.4450889999999927	0.5137922351636635	3.197287978371848e-05	4.162792680953861	2023-09-01	ne_star-lbi	north	2023
2023-02-01	B/South_Africa/R08694/2022_EPI_ISL_14951388	0.000118	4.780614999999998	4.413769999999994	0.2763754593816848	7.46559262553073e-05	5.162094488083959	2023-09-01	ne_star-lbi	north	2023
2023-02-01	B/South_Africa/R08694/2022_EPI_ISL_14951388__dup2	0.000118	4.780614999999998	4.413769999999994	0.3012061162807443	7.574515317872163e-05	5.162094488083959	2023-09-01	ne_star-lbi	north	2023
2023-02-01	B/South_Africa/R08908/2022_EPI_ISL_14871413	0.000138	4.780614999999998	4.413769999999994	0.18837088158075063	8.294045701736134e-05	5.162094488083959	2023-09-01	ne_star-lbi	north	2023
2023-02-01	B/South_Africa/R09209/2022_EPI_ISL_14871412	0.000146	3.781854999999999	3.4450889999999927	1.419850253228737	0.0001799787643982742	4.162792680953861	2023-09-01	ne_star-lbi	north	2023
2023-02-01	B/South_Africa/R09679/2022_EPI_ISL_16458995	0.000487	4.7808709999999985	4.445071999999995	-0.8775346887682122	0.0001571742643135864	5.162478332425228	2023-09-01	ne_star-lbi	north	2023
2023-02-01	B/South_Africa/R10160/22_EPI_ISL_16014511	0.000753	3.781854999999999	3.4450889999999927	0.5004324379583261	0.0005429245801572942	4.162792680953861	2023-09-01	ne_star-lbi	north	2023
2023-02-01	B/South_Africa/R10373/22_EPI_ISL_16014510	0.000889	3.781854999999999	3.4450889999999927	0.03976993951604979	0.0004899398519781956	4.162792680953861	2023-09-01	ne_star-lbi	north	2023
2023-02-01	B/South_Africa/R10905/2022_EPI_ISL_16459155	0.0011330000000000001	5.7773029999999945	5.441755999999987	-1.3574972525533129	0.0002763690552748854	6.161687204732756	2023-09-01	ne_star-lbi	north	2023
2023-02-01	B/South_Africa/R11231/2022_EPI_ISL_16459147	0.001485	3.781854999999999	3.4450889999999927	-0.08487293261048785	0.0007610104625226141	4.162792680953861	2023-09-01	ne_star-lbi	north	2023
2023-02-01	B/South_Africa/R11992/2022_EPI_ISL_16458972	0.002618	7.4471459999999885	6.885513999999992	-1.0407557824802927	0.0007681958182262158	7.1123318411026615	2023-09-01	ne_star-lbi	north	2023
2023-02-01	B/South_Africa/R12994/22_EPI_ISL_16014526	0.004965	3.781854999999999	3.4450889999999927	-0.47385983342665683	0.002027860561966957	4.162792680953861	2023-09-01	ne_star-lbi	north	2023
2023-02-01	B/South_Australia/2/2022_EPI_ISL_14115536	2.2e-05	3.2039210000000002	2.365639999999997	-3.044972502824394	2.0053021727107156e-06	2.911219680567236	2023-09-01	ne_star-lbi	north	2023
2023-02-01	B/South_Australia/6/2022_EPI_ISL_16454677	0.010872	4.235993999999996	3.578559999999993	-0.9156385264614637	0.0034316955506975364	4.393034799249206	2023-09-01	ne_star-lbi	north	2023
2023-02-01	B/South_Australia/9/2022_EPI_ISL_16613709	0.013511000000000002	2.3497569999999994	1.6501219999999992	0.5355305381090621	0.009943143796544795	2.433216961926605	2023-09-01	ne_star-lbi	north	2023
2023-02-01	B/St.Petersburg/CRIE/36/2022_EPI_ISL_15839928	0.008543	5.161412999999989	4.531668999999998	-0.7026442169962098	0.0030532991866037114	5.362758271796578	2023-09-01	ne_star-lbi	north	2023
2023-02-01	B/St._Petersburg/RII-16/2022_EPI_ISL_14862215	1.6e-05	3.349695	2.6500029999999968	-3.9121177655416477	8.79419095073471e-07	3.4332141028195844	2023-09-01	ne_star-lbi	north	2023
2023-02-01	B/St._Petersburg/RII-17/2022_EPI_ISL_14862216	1.4000000000000001e-05	2.9030590000000003	2.4851709999999962	-3.9291147071102235	7.618999859641039e-07	3.2207880523843224	2023-09-01	ne_star-lbi	north	2023
2023-02-01	B/Stockholm/7/2022_EPI_ISL_14755422	1.1e-05	2.3497569999999994	1.6501219999999992	8.676304243881656	0.0009345442843010681	2.433216961926605	2023-09-01	ne_star-lbi	north	2023
2023-02-01	B/Sur/72211536/2022_EPI_ISL_15929437	0.004185	3.072420000000001	2.4632939999999954	-0.48655398995081495	0.0016966739061033357	2.3926076505511307	2023-09-01	ne_star-lbi	north	2023
2023-02-01	B/Surat_Thani/P3859/2022_EPI_ISL_16608890	0.00614	5.642878999999994	5.30334299999999	-0.737694777300794	0.0021500456067158275	6.08924445408493	2023-09-01	ne_star-lbi	north	2023
2023-02-01	B/Surat_Thani/P4420/2022_EPI_ISL_16645161	0.013913	2.3497569999999994	1.6501219999999992	0.4554884906299699	0.00977190605835917	2.433216961926605	2023-09-01	ne_star-lbi	north	2023
2023-02-01	B/Surat_Thani/P4519/2022_EPI_ISL_16645173	0.015481	7.908129999999995	7.46689799999999	-1.1800385694522721	0.004188086298718779	8.254856983850662	2023-09-01	ne_star-lbi	north	2023
2023-02-01	B/Surat_Thani/P4596/2022_EPI_ISL_16645179	0.01693	2.3497569999999994	1.6501219999999992	0.12908106603019145	0.009829329775216233	2.433216961926605	2023-09-01	ne_star-lbi	north	2023
2023-02-01	B/Sydney/13/2022_EPI_ISL_16003452	0.005831	2.3497569999999994	1.6501219999999992	0.15938106612240843	0.0034457688787163454	2.433216961926605	2023-09-01	ne_star-lbi	north	2023
2023-02-01	B/Sydney/15/2022_EPI_ISL_16003443	0.005681	2.3497569999999994	1.6501219999999992	0.1780282669134049	0.003393844540494707	2.433216961926605	2023-09-01	ne_star-lbi	north	2023
2023-02-01	B/Sydney/16/2022_EPI_ISL_16454678	0.012087	3.3252770000000003	2.649920999999997	-1.361372174899624	0.002941686310127934	3.4272517714882715	2023-09-01	ne_star-lbi	north	2023
2023-02-01	B/Timor-Leste/101/2022_EPI_ISL_14991636	4.6e-05	5.838236999999993	5.399398999999991	-3.696175214020774	2.8677434149023233e-06	6.201342218161779	2023-09-01	ne_star-lbi	north	2023
2023-02-01	B/Timor-Leste/102/2022_EPI_ISL_14991637	4.6e-05	17.660548999999975	17.396339999999984	0.3609412472788959	3.057481781743374e-05	18.14784573051441	2023-09-01	ne_star-lbi	north	2023
2023-02-01	B/Timor-Leste/104/2022_EPI_ISL_16003448	0.000188	7.835396999999993	7.399364999999989	-1.2223884980479998	4.961872443399357e-05	8.200131598833819	2023-09-01	ne_star-lbi	north	2023
2023-02-01	B/Timor-Leste/107/2022_EPI_ISL_14991638	4.6e-05	6.835806999999995	6.399381999999987	0.3609412472788959	3.057481781743374e-05	7.2002331166882625	2023-09-01	ne_star-lbi	north	2023
2023-02-01	B/Timor-Leste/109/2022_EPI_ISL_14991639	4.6e-05	6.835806999999995	6.399381999999987	0.3609412472788959	3.057481781743374e-05	7.2002331166882625	2023-09-01	ne_star-lbi	north	2023
2023-02-01	B/Timor-Leste/110/2022_EPI_ISL_14991640	4.6e-05	6.837950999999997	6.399381999999987	-3.696175214020774	2.8677434149023233e-06	7.201325011701284	2023-09-01	ne_star-lbi	north	2023
2023-02-01	B/Timor-Leste/111/2022_EPI_ISL_14991641	5.5e-05	6.835806999999995	6.399381999999987	0.5806142213718225	4.155471863071841e-05	7.2002331166882625	2023-09-01	ne_star-lbi	north	2023
2023-02-01	B/Timor-Leste/117/2022_EPI_ISL_14991642	1e-05	6.835806999999995	6.399381999999987	0.338206335648536	6.559132725447762e-06	7.2002331166882625	2023-09-01	ne_star-lbi	north	2023
2023-02-01	B/Timor-Leste/119/2022_EPI_ISL_14991643	1e-05	5.838236999999993	5.399398999999991	-3.6348084918331454	6.46143544375136e-07	6.201342218161779	2023-09-01	ne_star-lbi	north	2023
2023-02-01	B/Timor-Leste/43/2022_EPI_ISL_14991625	0.000131	6.835806999999995	6.399381999999987	0.01369355346578353	7.110598389891054e-05	7.2002331166882625	2023-09-01	ne_star-lbi	north	2023
2023-02-01	B/Timor-Leste/49/2022_EPI_ISL_14991626	8.1e-05	7.835634999999993	7.399364999999989	-2.7153952545743603	8.948222015905473e-06	8.200215220244242	2023-09-01	ne_star-lbi	north	2023
2023-02-01	B/Timor-Leste/62/2022_EPI_ISL_14991627	0.00020800000000000001	6.835806999999995	6.399381999999987	-0.5334197168972893	8.205279190121018e-05	7.2002331166882625	2023-09-01	ne_star-lbi	north	2023
2023-02-01	B/Timor-Leste/73/2022_EPI_ISL_14991628	0.000188	6.835806999999995	6.399381999999987	-0.12983004097183581	9.384965039415024e-05	7.2002331166882625	2023-09-01	ne_star-lbi	north	2023
2023-02-01	B/Timor-Leste/76/2022_EPI_ISL_14991630	0.000188	6.835806999999995	6.399381999999987	-0.12983004097183581	9.384965039415024e-05	7.2002331166882625	2023-09-01	ne_star-lbi	north	2023
2023-02-01	B/Timor-Leste/86/2022_EPI_ISL_14991631	4.6e-05	6.837950999999997	6.399381999999987	-3.696175214020774	2.8677434149023233e-06	7.201325011701284	2023-09-01	ne_star-lbi	north	2023
2023-02-01	B/Timor-Leste/90/2022_EPI_ISL_14991632	4.6e-05	6.835806999999995	6.399381999999987	0.3609412472788959	3.057481781743374e-05	7.2002331166882625	2023-09-01	ne_star-lbi	north	2023
2023-02-01	B/Timor-Leste/91/2022_EPI_ISL_14991633	4.6e-05	5.838236999999993	5.399398999999991	-3.696175214020774	2.8677434149023233e-06	6.201342218161779	2023-09-01	ne_star-lbi	north	2023
2023-02-01	B/Timor-Leste/92/2022_EPI_ISL_14991634	1.2e-05	5.838236999999993	5.399398999999991	-3.640249345086746	7.729152538192159e-07	6.201342218161779	2023-09-01	ne_star-lbi	north	2023
2023-02-01	B/Timor-Leste/95/2022_EPI_ISL_14991635	4.6e-05	6.837950999999997	6.399381999999987	-3.696175214020774	2.8677434149023233e-06	7.201325011701284	2023-09-01	ne_star-lbi	north	2023
2023-02-01	B/Victoria/1/2022_EPI_ISL_14809229	6.2e-05	4.3406299999999955	3.649075999999992	-3.101944529156422	5.466578995605192e-06	4.430271590511192	2023-09-01	ne_star-lbi	north	2023
2023-02-01	B/Victoria/11/2022_EPI_ISL_16003456	0.0052439999999999995	2.3497569999999994	1.6501219999999992	1.2987187742654167	0.006023429510033136	2.433216961926605	2023-09-01	ne_star-lbi	north	2023
2023-02-01	B/Victoria/12/2022_EPI_ISL_16003450	0.005103	3.3229590000000004	2.649316999999997	1.5899626995386438	0.006946883273148972	3.4076204489608704	2023-09-01	ne_star-lbi	north	2023
2023-02-01	B/Victoria/13/2022_EPI_ISL_16003449	0.004829	3.1481040000000013	2.4694309999999957	-0.6759345064184533	0.0017530033969933008	3.3342681358038373	2023-09-01	ne_star-lbi	north	2023
2023-02-01	B/Victoria/17/2022_EPI_ISL_16003451	0.005533	2.3497569999999994	1.6501219999999992	0.2339688353861482	0.0034150708863759983	2.433216961926605	2023-09-01	ne_star-lbi	north	2023
2023-02-01	B/Victoria/18/2022_EPI_ISL_16014530	0.006784	2.3497569999999994	1.6501219999999992	1.0853190908037003	0.006880256732816573	2.433216961926605	2023-09-01	ne_star-lbi	north	2023
2023-02-01	B/Victoria/20/2022_EPI_ISL_16014531	0.008543	3.328351	2.650104999999997	-0.19854818772689584	0.0040970972026324985	3.4216311636704386	2023-09-01	ne_star-lbi	north	2023
2023-02-01	B/Victoria/22/2022_EPI_ISL_16454668	0.003715	4.215394999999997	3.6499129999999917	-0.1529788004164156	0.0018296547908892517	4.382141139415501	2023-09-01	ne_star-lbi	north	2023
2023-02-01	B/Victoria/23/2022_EPI_ISL_16014505	0.00614	3.3372750000000004	2.633659999999996	-1.1071236870408556	0.0017332337043230828	3.429705228208607	2023-09-01	ne_star-lbi	north	2023
2023-02-01	B/Victoria/28A/2022_EPI_ISL_16613700	0.013511000000000002	4.235993999999996	3.578559999999993	-1.2229137355311421	0.003564857525811143	4.393034799249206	2023-09-01	ne_star-lbi	north	2023
2023-02-01	B/Victoria/29/2022_EPI_ISL_16613701	0.013511000000000002	3.322725	2.650104999999997	-0.20582827418170133	0.006452217955784559	3.4203125260150387	2023-09-01	ne_star-lbi	north	2023
2023-02-01	B/Victoria/6/2022_EPI_ISL_16613705	0.001046	2.3497569999999994	1.6501219999999992	3.3117543236368983	0.0038876945452129726	2.433216961926605	2023-09-01	ne_star-lbi	north	2023
2023-02-01	B/Yunnan-Maoshi/1822/2022_EPI_ISL_14818929	8.6e-05	6.768369999999994	6.394195999999985	-1.357429878820149	2.0978528575535065e-05	7.177479770654041	2023-09-01	ne_star-lbi	north	2023
2023-02-01	B/Yunnan-Yingjiang/351/2022_EPI_ISL_14818930	6.2e-05	4.690242999999998	4.197713999999995	-3.5833979029752605	4.128050275509443e-06	4.681143969350956	2023-09-01	ne_star-lbi	north	2023
2023-02-01	B/Zambia/4494/2022_EPI_ISL_15286761	0.000487	12.517103999999998	12.51795599999998	-1.3995049371755095	0.0001159167787042443	13.146401429095734	2023-09-01	ne_star-lbi	north	2023
2023-02-01	B/Zhejiang-Shangcheng/1685/2022_EPI_ISL_14818928	1.9e-05	4.8360309999999975	4.482178999999996	-2.21885391326462	2.804131303729763e-06	5.203135642447722	2023-09-01	ne_star-lbi	north	2023
2024-02-01	B/Abu_Dhabi/10999/2023_EPI_ISL_18527638	0.002508	3.0887029999999904	3.255038000000002	-0.45197075372051976	0.0014870424267140413	3.1147071207961585	2024-09-01	ne_star-lbi	north	2024
2024-02-01	B/Abu_Dhabi/11480/2023_EPI_ISL_18527613	0.0032450000000000005	3.586238999999993	3.4656889999999994	-0.5587246653086443	0.001807863589999486	3.7832134214279303	2024-09-01	ne_star-lbi	north	2024
2024-02-01	B/Abu_Dhabi/16245/2023_EPI_ISL_18786376	0.011382999999999999	2.2425999999999946	2.2578249999999986	1.171288679089172	0.017397489708744884	1.4642915294146577	2024-09-01	ne_star-lbi	north	2024
2024-02-01	B/Abu_Dhabi/16659/2023_EPI_ISL_18786295	0.012553	2.625398999999994	2.4813629999999995	-0.0798499122639211	0.009247319703368565	2.808373138331277	2024-09-01	ne_star-lbi	north	2024
2024-02-01	B/Abu_Dhabi/16845/2023_EPI_ISL_18786311	0.013134999999999999	2.625398999999994	2.4813629999999995	-0.10108299726655182	0.009556948903666047	2.808373138331277	2024-09-01	ne_star-lbi	north	2024
2024-02-01	B/Abu_Dhabi/17062/2023_EPI_ISL_18786344	0.013519999999999999	2.625398999999994	2.4813629999999995	-0.6577438921905173	0.00710955259654491	2.808373138331277	2024-09-01	ne_star-lbi	north	2024
2024-02-01	B/Abu_Dhabi/7156/2023_EPI_ISL_18108982	2.2e-05	2.1321449999999973	2.2552079999999983	-16.440466484192076	1.161228851280356e-09	2.14651594334497	2024-09-01	ne_star-lbi	north	2024
2024-02-01	B/Abu_Dhabi/7273/2023_EPI_ISL_18108988	2.6000000000000002e-05	2.1321449999999973	2.2552079999999983	-16.29123107536359	1.497185290154951e-09	2.14651594334497	2024-09-01	ne_star-lbi	north	2024
2024-02-01	B/Abu_Dhabi/7278/2023_EPI_ISL_18109019	2.6000000000000002e-05	2.1321449999999973	2.2552079999999983	-16.29123107536359	1.497185290154951e-09	2.14651594334497	2024-09-01	ne_star-lbi	north	2024
2024-02-01	B/Abu_Dhabi/7582/2023_EPI_ISL_18109017	4.7e-05	2.995938999999994	3.1026669999999945	-16.624817363611985	2.2278699158728615e-09	2.6908230999748275	2024-09-01	ne_star-lbi	north	2024
2024-02-01	B/Abu_Dhabi/7881/2023_EPI_ISL_18108999	7.4e-05	2.625398999999994	2.4813629999999995	-11.994549667740298	5.224545571284284e-08	2.808373138331277	2024-09-01	ne_star-lbi	north	2024
2024-02-01	B/Abu_Dhabi/7991/2023_EPI_ISL_18108987	8.7e-05	2.625398999999994	2.4813629999999995	-15.176193254282985	9.600711225253563e-09	2.808373138331277	2024-09-01	ne_star-lbi	north	2024
2024-02-01	B/Ajman/10551/2023_EPI_ISL_18527623	0.002345	1.9960429999999945	2.116449999999999	0.442182423654364	0.0023424053562166574	1.6908231044305666	2024-09-01	ne_star-lbi	north	2024
2024-02-01	B/Ajman/7330/2023_EPI_ISL_18108994	1.8e-05	2.1321449999999973	2.2552079999999983	-13.558661111976406	5.103166540136618e-09	2.14651594334497	2024-09-01	ne_star-lbi	north	2024
2024-02-01	B/Ajman/8129/2023_EPI_ISL_18109000	7e-05	5.436344999999987	5.5324550000000015	-15.314477023228903	7.126062039364913e-09	5.308146754247271	2024-09-01	ne_star-lbi	north	2024
2024-02-01	B/Amazonas/2023-035690-IEC/2023_EPI_ISL_18384585	6.2e-05	5.504475999999988	5.544709999999999	-16.745860649623538	2.738537815916463e-09	5.392413369809847	2024-09-01	ne_star-lbi	north	2024
2024-02-01	B/Antananarivo/01738/2023_EPI_ISL_18167596__dup2	1e-05	5.10915099999999	5.244850000000001	-16.893606052540918	4.052261485307263e-10	5.135915848759346	2024-09-01	ne_star-lbi	north	2024
2024-02-01	B/Antananarivo/01767/2023_EPI_ISL_18167592__dup2	1.4000000000000001e-05	4.109180999999991	4.247154999999998	-16.47345036471815	7.248816188777379e-10	4.1359158495698045	2024-09-01	ne_star-lbi	north	2024
2024-02-01	B/Antananarivo/01778/2023_EPI_ISL_18271058	1.4999999999999999e-05	3.1243829999999906	3.253524000000002	-16.73713104971609	6.659319550907104e-10	3.1433892465048774	2024-09-01	ne_star-lbi	north	2024
2024-02-01	B/Antananarivo/40656/2023_EPI_ISL_18167595	3.5e-05	4.109180999999991	4.247154999999998	-13.921476035064627	8.030088125293047e-09	4.1359158495698045	2024-09-01	ne_star-lbi	north	2024
2024-02-01	B/Antofagasta/53865/2023_EPI_ISL_18304162	5.9e-05	7.425937999999976	7.507734999999997	-13.75818985398921	1.488918569442193e-08	7.348620047790174	2024-09-01	ne_star-lbi	north	2024
2024-02-01	B/Antsirabe/01813/2023_EPI_ISL_18271055	1.6e-05	4.109180999999991	4.247154999999998	-15.81066905048173	1.2194584956200069e-09	4.1359158495698045	2024-09-01	ne_star-lbi	north	2024
2024-02-01	B/Antsirabe/01813/2023_EPI_ISL_18271055__dup2	1.6e-05	4.109180999999991	4.247154999999998	-15.81066905048173	1.2194584956200069e-09	4.1359158495698045	2024-09-01	ne_star-lbi	north	2024
2024-02-01	B/Arkhangelsk/CRIE/257/2023_EPI_ISL_18673616	0.013519999999999999	3.8847079999999896	4.102548999999997	-0.9416041046666699	0.006024618705306207	3.625731317816336	2024-09-01	ne_star-lbi	north	2024
2024-02-01	B/Auckland/57/2023_EPI_ISL_18786382	0.0009630000000000001	4.1282729999999885	4.255175999999999	-0.853686383006402	0.000451702090520165	4.144709134982889	2024-09-01	ne_star-lbi	north	2024
2024-02-01	B/Bahrain/0489/2023_EPI_ISL_18143224	0.000133	2.8754099999999925	2.8559440000000005	-0.8070923985456362	6.410346454042554e-05	2.9760060552804988	2024-09-01	ne_star-lbi	north	2024
2024-02-01	B/Bahrain/0979/2023_EPI_ISL_18586622	0.0006349999999999	2.2425999999999946	2.2578249999999986	4.4883568199016635	0.006719616249945057	1.4642915294146577	2024-09-01	ne_star-lbi	north	2024
2024-02-01	B/Bahrain/2228/2023_EPI_ISL_18586618	0.002345	2.1321449999999973	2.2552079999999983	-0.4606439443048782	0.0013833797742743373	2.14651594334497	2024-09-01	ne_star-lbi	north	2024
2024-02-01	B/Bahrain/3635/2023_EPI_ISL_18786360	0.011382999999999999	2.1321449999999973	2.2552079999999983	-0.7129147641251559	0.005796227361447235	2.14651594334497	2024-09-01	ne_star-lbi	north	2024
2024-02-01	B/Bahrain/3693/2023_EPI_ISL_18586616	0.00035499999999999996	3.9476209999999896	4.100759999999997	1.7456974571720012	0.0007585392076955048	3.6598759017358145	2024-09-01	ne_star-lbi	north	2024
2024-02-01	B/Bahrain/3957/2023_EPI_ISL_18586619	0.0021899999999999997	3.2382099999999885	3.2414459999999985	1.453858010112089	0.00394693198891423	2.4563976654368265	2024-09-01	ne_star-lbi	north	2024
2024-02-01	B/Bahrain/5293/2023_EPI_ISL_18143238	1.4999999999999999e-05	2.1321449999999973	2.2552079999999983	-16.42099003700403	8.007934803413273e-10	2.14651594334497	2024-09-01	ne_star-lbi	north	2024
2024-02-01	B/Bahrain/6192/2023_EPI_ISL_18143232	0.000126	2.9568829999999937	3.100775999999994	0.6906106432667621	0.00014548766376724643	2.6656633875272204	2024-09-01	ne_star-lbi	north	2024
2024-02-01	B/Bahrain/6643/2023_EPI_ISL_18143247	0.000242	3.1255569999999904	3.2402220000000015	-0.8536816183869789	0.00011351215962989232	3.142569896144128	2024-09-01	ne_star-lbi	north	2024
2024-02-01	B/Bahrain/7210/2023_EPI_ISL_18586614	0.000407	5.436344999999987	5.5324550000000015	1.4216873860416634	0.0007198796243924322	5.308146754247271	2024-09-01	ne_star-lbi	north	2024
2024-02-01	B/Bahrain/7212/2023_EPI_ISL_18586617	0.000407	2.9568829999999937	3.100775999999994	1.6713231424494472	0.0008327261757958971	2.6656633875272204	2024-09-01	ne_star-lbi	north	2024
2024-02-01	B/Bahrain/8586/2023_EPI_ISL_18143219	4.4e-05	2.625398999999994	2.4813629999999995	-11.95698644672216	3.175306749542396e-08	2.808373138331277	2024-09-01	ne_star-lbi	north	2024
2024-02-01	B/Bahrain/8761/2023_EPI_ISL_18586620	0.000323	2.1321449999999973	2.2552079999999983	-0.452931341780195	0.00019140575686658196	2.14651594334497	2024-09-01	ne_star-lbi	north	2024
2024-02-01	B/Bahrain/8867/2023_EPI_ISL_18586615	0.000852	5.436344999999987	5.5324550000000015	1.1604288052064557	0.001293952171013072	5.308146754247271	2024-09-01	ne_star-lbi	north	2024
2024-02-01	B/Baleares/1863/2023_EPI_ISL_18118806	5.9e-05	1.9960429999999945	2.116449999999999	-16.25459603010062	3.4708454889978465e-09	1.6908231044305666	2024-09-01	ne_star-lbi	north	2024
2024-02-01	B/Bangkok/360/2023_EPI_ISL_18786383	0.003779	1.9960429999999945	2.116449999999999	-0.6909115302754328	0.0019491256370500383	1.6908231044305666	2024-09-01	ne_star-lbi	north	2024
2024-02-01	B/Bangkok/P2862/2023_EPI_ISL_18133601	0.000147	2.2425999999999946	2.2578249999999986	6.157489910322047	0.004118543595131698	1.4642915294146577	2024-09-01	ne_star-lbi	north	2024
2024-02-01	B/Bangkok/P2866/2023_EPI_ISL_18133602	0.000147	3.6232569999999926	3.4813469999999986	-0.4589687819347591	8.680411077512222e-05	3.8070332893425314	2024-09-01	ne_star-lbi	north	2024
2024-02-01	B/Bangkok/P3476/2023_EPI_ISL_18292904	0.000784	4.5554449999999935	4.478663000000002	0.6842589048141133	0.0009019086414839384	4.720230914741471	2024-09-01	ne_star-lbi	north	2024
2024-02-01	B/Bangkok/P3904/2023_EPI_ISL_18506285	0.001477	1.9960429999999945	2.116449999999999	-0.47791968487371705	0.0008625861104085632	1.6908231044305666	2024-09-01	ne_star-lbi	north	2024
2024-02-01	B/Bangkok/P4139/2023_EPI_ISL_18506325	0.0021899999999999997	4.616618999999995	4.480311000000003	-1.5943603242456126	0.000666850900017398	4.805705734731203	2024-09-01	ne_star-lbi	north	2024
2024-02-01	B/Bangkok/P5816/2023_EPI_ISL_18819767	0.015885	2.2425999999999946	2.2578249999999986	0.9485457960570193	0.02132002626296421	1.4642915294146577	2024-09-01	ne_star-lbi	north	2024
2024-02-01	B/Bangladesh/0002/2023_EPI_ISL_18742923	5e-05	5.436344999999987	5.5324550000000015	-15.222981895911365	5.369091395887121e-09	5.308146754247271	2024-09-01	ne_star-lbi	north	2024
2024-02-01	B/Bangladesh/0018/2023_EPI_ISL_18742925	3.3e-05	5.436344999999987	5.5324550000000015	-15.11983955709177	3.7633503626061775e-09	5.308146754247271	2024-09-01	ne_star-lbi	north	2024
2024-02-01	B/Bangladesh/1581/2023_EPI_ISL_18742994	0.0001629999999999	3.0630859999999904	3.151174999999999	0.031186131290661986	0.00012811077164035038	3.068715590477494	2024-09-01	ne_star-lbi	north	2024
2024-02-01	B/Bangladesh/1599/2023_EPI_ISL_18742995	0.000308	2.1321449999999973	2.2552079999999983	-0.3968363344989746	0.00018858806829133564	2.14651594334497	2024-09-01	ne_star-lbi	north	2024
2024-02-01	B/Bangladesh/1718/2023_EPI_ISL_18742933	7.8e-05	2.1321449999999973	2.2552079999999983	-16.500019723133445	3.9765149018980245e-09	2.14651594334497	2024-09-01	ne_star-lbi	north	2024
2024-02-01	B/Bangladesh/1731/2023_EPI_ISL_18742937	0.00014	2.9568829999999937	3.100775999999994	0.6621718763855869	0.0001589933747144331	2.6656633875272204	2024-09-01	ne_star-lbi	north	2024
2024-02-01	B/Bangladesh/1733/2023_EPI_ISL_18742974	0.000147	2.2425999999999946	2.2578249999999986	4.206940420114572	0.0013200624797014495	1.4642915294146577	2024-09-01	ne_star-lbi	north	2024
2024-02-01	B/Bangladesh/2230711039/2023_EPI_ISL_18786095	0.0001629999999999	6.404067999999989	6.520130999999995	-1.1795035669397038	6.322246114090802e-05	6.288931147529083	2024-09-01	ne_star-lbi	north	2024
2024-02-01	B/Bangladesh/2312/2023_EPI_ISL_18742976	0.0009630000000000001	2.994106999999994	3.116433999999995	-0.853686383006402	0.000451702090520165	2.6899197002495274	2024-09-01	ne_star-lbi	north	2024
2024-02-01	B/Bangladesh/2423/2023_EPI_ISL_18742978	0.000426	2.1321449999999973	2.2552079999999983	0.42067291489443326	0.00042022280652654335	2.14651594334497	2024-09-01	ne_star-lbi	north	2024
2024-02-01	B/Bangladesh/3030/2023_EPI_ISL_18742918	0.00010700000000000001	5.436344999999987	5.5324550000000015	-11.820128414913	8.363502461958142e-08	5.308146754247271	2024-09-01	ne_star-lbi	north	2024
2024-02-01	B/Bangladesh/3034/2023_EPI_ISL_18742917	2.3e-05	2.1321449999999973	2.2552079999999983	-16.443610130529745	1.2117877733575807e-09	2.14651594334497	2024-09-01	ne_star-lbi	north	2024
2024-02-01	B/Bangladesh/3040/2023_EPI_ISL_18742915	2.8000000000000013e-05	1.9960429999999945	2.116449999999999	-16.195141702210368	1.7053101128905248e-09	1.6908231044305666	2024-09-01	ne_star-lbi	north	2024
2024-02-01	B/Bangladesh/3054/2023_EPI_ISL_18742990	3.3e-05	2.2425999999999946	2.2578249999999986	-9.29287659193141	1.1265965196494414e-07	1.4642915294146577	2024-09-01	ne_star-lbi	north	2024
2024-02-01	B/Bangladesh/3061/2023_EPI_ISL_18742920	0.00020899999999999998	1.9960429999999945	2.116449999999999	1.2943244967979846	0.0003431988639658329	1.6908231044305666	2024-09-01	ne_star-lbi	north	2024
2024-02-01	B/Bangladesh/3130/2023_EPI_ISL_18742947	0.000533	3.241523999999988	3.2578089999999986	1.9812487434025856	0.0013066253715427621	2.4616782786715694	2024-09-01	ne_star-lbi	north	2024
2024-02-01	B/Bangladesh/3209/2023_EPI_ISL_18742982	0.000294	3.98830199999999	4.114368999999997	-0.625846706256632	0.00015750476383990006	3.687586262969149	2024-09-01	ne_star-lbi	north	2024
2024-02-01	B/Bangladesh/3270/2023_EPI_ISL_18742996	0.0010429999999999999	2.2425999999999946	2.2578249999999986	4.0709744077657515	0.008651990668935568	1.4642915294146577	2024-09-01	ne_star-lbi	north	2024
2024-02-01	B/Bangladesh/3274/2023_EPI_ISL_18742927	0.00165	3.973608999999989	4.1070889999999975	-1.06801464026614	0.0006829865788793541	3.680333325010079	2024-09-01	ne_star-lbi	north	2024
2024-02-01	B/Bangladesh/3291/2023_EPI_ISL_18742941	0.0017739999999999	1.9960429999999945	2.116449999999999	0.08626866719046863	0.0014398133044141558	1.6908231044305666	2024-09-01	ne_star-lbi	north	2024
2024-02-01	B/Bangladesh/8008/2023_EPI_ISL_18742924	1.9e-05	2.1321449999999973	2.2552079999999983	-16.270524831457596	1.1073922815744902e-09	2.14651594334497	2024-09-01	ne_star-lbi	north	2024
2024-02-01	B/Barbados/5003/2023_EPI_ISL_18320061	9.2e-05	4.0979459999999905	4.242867999999998	-15.680451927691166	7.565260240674116e-09	4.126472364499855	2024-09-01	ne_star-lbi	north	2024
2024-02-01	B/Barbados/8295/2023_EPI_ISL_18320065	0.00035499999999999996	2.1321449999999973	2.2552079999999983	-0.4092464618195014	0.00021579823396732025	2.14651594334497	2024-09-01	ne_star-lbi	north	2024
2024-02-01	B/Bhutan/0325/2023_EPI_ISL_18431480	1.4999999999999999e-05	1.9960429999999945	2.116449999999999	-15.658956055560456	1.249030474621774e-09	1.6908231044305666	2024-09-01	ne_star-lbi	north	2024
2024-02-01	B/Bhutan/0329/2023_EPI_ISL_18451824	0.000231	2.9636059999999946	3.104125999999994	-1.0034953542672174	9.928540713705542e-05	2.6715714272011204	2024-09-01	ne_star-lbi	north	2024
2024-02-01	B/Bhutan/1607/2023_EPI_ISL_18607736	0.0044979999999999	2.625398999999994	2.4813629999999995	0.3148803459700557	0.004171460597788395	2.808373138331277	2024-09-01	ne_star-lbi	north	2024
2024-02-01	B/Bhutan/1653/2023_EPI_ISL_18607746	0.0044979999999999	3.6098949999999927	3.4711489999999987	-0.6736370839877934	0.0023434660942187762	3.7957237273577418	2024-09-01	ne_star-lbi	north	2024
2024-02-01	B/Bhutan/2436/2023_EPI_ISL_18431493	0.00035499999999999996	2.2425999999999946	2.2578249999999986	5.200511391419339	0.005691349200544552	1.4642915294146577	2024-09-01	ne_star-lbi	north	2024
2024-02-01	B/Bhutan/2442/2023_EPI_ISL_18431501	0.000371	2.2425999999999946	2.2578249999999986	5.132594569921678	0.005716824335599097	1.4642915294146577	2024-09-01	ne_star-lbi	north	2024
2024-02-01	B/Bhutan/2494/2023_EPI_ISL_18607738	0.000533	3.241523999999988	3.2578089999999986	2.3515843887358168	0.0016217030908413635	2.461048123232972	2024-09-01	ne_star-lbi	north	2024
2024-02-01	B/Bhutan/2527/2023_EPI_ISL_18607758	0.0008880000000000001	2.2425999999999946	2.2578249999999986	4.10889291464283	0.007530969962573257	1.4642915294146577	2024-09-01	ne_star-lbi	north	2024
2024-02-01	B/Brisbane/151/2023_EPI_ISL_18242390	8.2e-05	3.603432999999993	3.4791889999999985	-14.920793239708741	1.0502692492389743e-08	3.7894743940184514	2024-09-01	ne_star-lbi	north	2024
2024-02-01	B/Brisbane/163/2023_EPI_ISL_18465656	0.000242	2.625398999999994	2.4813629999999995	0.4249315074169276	0.00023931187586604657	2.808373138331277	2024-09-01	ne_star-lbi	north	2024
2024-02-01	B/Brunei/75/2023_EPI_ISL_18778055	0.000308	2.1321449999999973	2.2552079999999983	-0.5583489837356527	0.00017163144076570605	2.14651594334497	2024-09-01	ne_star-lbi	north	2024
2024-02-01	B/Buri_Ram/THIS89/2023_EPI_ISL_18540013	0.004756	2.2425999999999946	2.2578249999999986	2.4672759374127518	0.015480860555254375	1.4642915294146577	2024-09-01	ne_star-lbi	north	2024
2024-02-01	B/Canarias/1817/2023_EPI_ISL_18118807	1e-05	5.436344999999987	5.5324550000000015	-13.326684637307679	3.2459049374437565e-09	5.308146754247271	2024-09-01	ne_star-lbi	north	2024
2024-02-01	B/Canberra/55/2023_EPI_ISL_18465699	0.000389	1.9960429999999945	2.116449999999999	1.017491902647723	0.000543521611433659	1.6908231044305666	2024-09-01	ne_star-lbi	north	2024
2024-02-01	B/Canberra/71/2023_EPI_ISL_18666949	0.002116	3.603432999999993	3.4791889999999985	0.5788744751875893	0.002289097130297878	3.7894743940184514	2024-09-01	ne_star-lbi	north	2024
2024-02-01	B/Cardiff/3561/2023_EPI_ISL_18052126	4.2e-05	2.995764999999994	3.116433999999995	-16.508589827169676	2.1305226967220067e-09	2.6908230896791467	2024-09-01	ne_star-lbi	north	2024
2024-02-01	B/CastillaLaMancha/1949/2023_EPI_ISL_18501238	0.000338	2.9211159999999943	3.0579849999999964	-0.8536828149962693	0.0001585416660075323	2.643376356103445	2024-09-01	ne_star-lbi	north	2024
2024-02-01	B/Catalonia/NSVH102132276/2023_EPI_ISL_18281203	0.00018899999999999999	1.9960429999999945	2.116449999999999	1.31716323197538	0.0003145192920090831	1.6908231044305666	2024-09-01	ne_star-lbi	north	2024
2024-02-01	B/Catalonia/NSVH102136388/2023_EPI_ISL_18281204	0.000267	1.9960429999999945	2.116449999999999	0.6641193955858345	0.0003035677521141742	1.6908231044305666	2024-09-01	ne_star-lbi	north	2024
2024-02-01	B/Chanthaburi/P2421/2023_EPI_ISL_18133600	2.6000000000000002e-05	2.625398999999994	2.4813629999999995	-12.832982720598888	1.1255967273948049e-08	2.808373138331277	2024-09-01	ne_star-lbi	north	2024
2024-02-01	B/Chanthaburi/P3090/2023_EPI_ISL_18246508	0.000267	3.5833929999999934	3.462707999999999	-1.2240176134439722	0.00010090621955872945	3.7821451242556416	2024-09-01	ne_star-lbi	north	2024
2024-02-01	B/Chiang_Rai/P4497/2023_EPI_ISL_18540006	0.003667	2.625398999999994	2.4813629999999995	0.3290949584359061	0.0034291044389332405	2.808373138331277	2024-09-01	ne_star-lbi	north	2024
2024-02-01	B/Chiang_Rai/P4565/2023_EPI_ISL_18540008	0.003145	2.625398999999994	2.4813629999999995	0.42545326219058	0.0031110122083239274	2.808373138331277	2024-09-01	ne_star-lbi	north	2024
2024-02-01	B/Chiang_Rai/P5414/2023_EPI_ISL_18693449	0.011578	1.9960429999999945	2.116449999999999	-0.12050709192611231	0.008329172607557974	1.6908231044305666	2024-09-01	ne_star-lbi	north	2024
2024-02-01	B/Chongqing-Liangjiangxin/2577/2023_EPI_ISL_18613728	0.004372	2.2425999999999946	2.2578249999999986	2.5614553664856547	0.015034627638463263	1.4642915294146577	2024-09-01	ne_star-lbi	north	2024
2024-02-01	B/Colombia/6378/2023_EPI_ISL_18108995	3.7e-05	3.97240499999999	4.252663999999998	-14.408635656252853	6.389071213769944e-09	4.069178611781093	2024-09-01	ne_star-lbi	north	2024
2024-02-01	B/Costa_Rica/550/2023_EPI_ISL_18109013	5e-05	1.9960429999999945	2.116449999999999	-16.239831948739447	2.9668362915648974e-09	1.6908231044305666	2024-09-01	ne_star-lbi	north	2024
2024-02-01	B/Costa_Rica/INC-0082-797396/2023_EPI_ISL_18259343	1.6e-05	2.1321449999999973	2.2552079999999983	-16.424310620090505	8.525267618574409e-10	2.14651594334497	2024-09-01	ne_star-lbi	north	2024
2024-02-01	B/Costa_Rica/INC-0125-798308/2023_EPI_ISL_18287954	2.5e-05	3.1320849999999902	3.255192000000002	-16.082064426894295	1.6264179781381895e-09	3.146515940092131	2024-09-01	ne_star-lbi	north	2024
2024-02-01	B/Costa_Rica/INC-0129-798604/2023_EPI_ISL_18287958	2.6000000000000002e-05	5.722566999999986	5.705518999999997	-16.56523982233368	1.2760232890519287e-09	5.513622108796115	2024-09-01	ne_star-lbi	north	2024
2024-02-01	B/Costa_Rica/INC-0177-799696/2023_EPI_ISL_18288469	3.5e-05	3.1320649999999906	3.255192000000002	-16.13654474121596	2.2057599333174897e-09	3.1465159389334474	2024-09-01	ne_star-lbi	north	2024
2024-02-01	B/Costa_Rica/INC-0240-801082/2023_EPI_ISL_18323772	6.6e-05	4.737150999999989	4.705844999999998	-16.96563631611255	2.5644448411496457e-09	4.519585848919526	2024-09-01	ne_star-lbi	north	2024
2024-02-01	B/Costa_Rica/INC-0359-802253/2023_EPI_ISL_18329920	0.00011899999999999999	5.116412999999989	5.242348	-1.9646859191474997	2.9195362825894902e-05	5.1400765839605045	2024-09-01	ne_star-lbi	north	2024
2024-02-01	B/Costa_Rica/INC-0385-802770/2023_EPI_ISL_18602062	0.000231	2.625398999999994	2.4813629999999995	0.43201209530035245	0.0002293795255430505	2.808373138331277	2024-09-01	ne_star-lbi	north	2024
2024-02-01	B/Costa_Rica/INC-0391-803006/2023_EPI_ISL_18602068	0.000294	3.128286999999991	3.251679000000002	-0.7311685176969959	0.0001481192927324189	3.1449569257610497	2024-09-01	ne_star-lbi	north	2024
2024-02-01	B/Costa_Rica/INC-0393-803956/2023_EPI_ISL_18602070	0.000308	2.625398999999994	2.4813629999999995	0.9111660775128534	0.0004044655275840916	2.808373138331277	2024-09-01	ne_star-lbi	north	2024
2024-02-01	B/Costa_Rica/INC-0416-804395/2023_EPI_ISL_18602094	0.00035499999999999996	2.625398999999994	2.4813629999999995	0.5228481110421253	0.0003716920553698274	2.808373138331277	2024-09-01	ne_star-lbi	north	2024
2024-02-01	B/Costa_Rica/INC-0444-804883/2023_EPI_ISL_18607595	0.0006349999999999	2.994762999999994	3.116433999999995	-0.9952173289345265	0.0002742485300917383	2.690274607370384	2024-09-01	ne_star-lbi	north	2024
2024-02-01	B/Costa_Rica/INC-0449-805988/2023_EPI_ISL_18607600	0.000784	3.623449999999993	3.438869999999998	-0.9398468733847588	0.0003497148797700961	3.807425405389375	2024-09-01	ne_star-lbi	north	2024
2024-02-01	B/Costa_Rica/INC-0456-806330/2023_EPI_ISL_18608323	0.0008880000000000001	2.1321449999999973	2.2552079999999983	-0.038939722110527916	0.0006699546928475201	2.14651594334497	2024-09-01	ne_star-lbi	north	2024
2024-02-01	B/Costa_Rica/INC-0458-806166/2023_EPI_ISL_18608325	0.000924	4.650194999999996	4.629347999999997	-1.0768592860287125	0.0003805042463574092	4.4696745304330765	2024-09-01	ne_star-lbi	north	2024
2024-02-01	B/Costa_Rica/INC-0475-807194/2023_EPI_ISL_18608882	0.000924	2.1321449999999973	2.2552079999999983	-0.0518925118387379	0.0006918676098882884	2.14651594334497	2024-09-01	ne_star-lbi	north	2024
2024-02-01	B/Costa_Rica/INC-0508-808358/2023_EPI_ISL_18615452	0.001973	2.1321449999999973	2.2552079999999983	0.03971561058121909	0.0015584252385368634	2.14651594334497	2024-09-01	ne_star-lbi	north	2024
2024-02-01	B/Costa_Rica/INC-0520-809915/2023_EPI_ISL_18615477	0.001477	2.625398999999994	2.4813629999999995	0.7159984839119445	0.0017308834938173138	2.808373138331277	2024-09-01	ne_star-lbi	north	2024
2024-02-01	B/Costa_Rica/INC-0521-809918/2023_EPI_ISL_18615478	0.001905	1.9960429999999945	2.116449999999999	0.06848392553314274	0.0015301781209169543	1.6908231044305666	2024-09-01	ne_star-lbi	north	2024
2024-02-01	B/Cote_D_Ivoire/2415/2023_EPI_ISL_18451830	0.000608	3.652052999999992	3.629363999999995	-0.6923730007945499	0.0003133258846410452	3.470435538925793	2024-09-01	ne_star-lbi	north	2024
2024-02-01	B/Croatia/HZJZ_5613/2023_EPI_ISL_18466667	0.002508	1.9960429999999945	2.116449999999999	0.4180939562036576	0.0024702687398446646	1.6908231044305666	2024-09-01	ne_star-lbi	north	2024
2024-02-01	B/Darwin/763/2023_EPI_ISL_18082882	2.6000000000000002e-05	4.122974999999989	4.2455339999999975	-17.156777149567333	9.036483347357283e-10	4.14087972880169	2024-09-01	ne_star-lbi	north	2024
2024-02-01	B/Darwin/798/2023_EPI_ISL_18082892	7e-05	3.1319429999999904	3.255192000000002	-16.786450736289957	3.019548873474077e-09	3.146515935498573	2024-09-01	ne_star-lbi	north	2024
2024-02-01	B/Darwin/804/2023_EPI_ISL_18126966	0.00010700000000000001	3.9395279999999895	4.087884999999997	-16.50360939783635	5.443552134947605e-09	3.658652879313179	2024-09-01	ne_star-lbi	north	2024
2024-02-01	B/Darwin/854/2023_EPI_ISL_18485114	0.0017739999999999	3.603432999999993	3.4791889999999985	0.40542879521988984	0.0017344497165212018	3.7894743940184514	2024-09-01	ne_star-lbi	north	2024
2024-02-01	B/Darwin/875/2023_EPI_ISL_18604350	0.007317000000000001	2.625398999999994	2.4813629999999995	0.1606935814538245	0.0062021221317733145	2.808373138331277	2024-09-01	ne_star-lbi	north	2024
2024-02-01	B/Denmark/1862/2023_EPI_ISL_18577192	0.000662	4.061721999999991	4.151158999999997	-1.2237769773030538	0.00025022207783787637	4.068215144573779	2024-09-01	ne_star-lbi	north	2024
2024-02-01	B/Denmark/1864/2023_EPI_ISL_18577195	0.0022670000000000004	2.2425999999999946	2.2578249999999986	3.188166612417561	0.011236578690423901	1.4642915294146577	2024-09-01	ne_star-lbi	north	2024
2024-02-01	B/Denmark/1867/2023_EPI_ISL_18577151	0.003145	2.625398999999994	2.4813629999999995	0.42545326219058	0.0031110122083239274	2.808373138331277	2024-09-01	ne_star-lbi	north	2024
2024-02-01	B/Dubai/11448/2023_EPI_ISL_18527653	0.002859	3.205025999999988	3.223334999999999	0.9210253531707919	0.003776093029684061	2.446918022965995	2024-09-01	ne_star-lbi	north	2024
2024-02-01	B/Dubai/17201/2023_EPI_ISL_18786317	0.013328	2.625398999999994	2.4813629999999995	-0.4540209749000501	0.007892987437471901	2.808373138331277	2024-09-01	ne_star-lbi	north	2024
2024-02-01	B/Dunedin/09/2023_EPI_ISL_18786377	0.0008880000000000001	2.1321449999999973	2.2552079999999983	0.0734449614612558	0.0007153470571663568	2.14651594334497	2024-09-01	ne_star-lbi	north	2024
2024-02-01	B/England/233140223/2023_EPI_ISL_18130621	0.00022	5.436344999999987	5.5324550000000015	0.12231036717891994	0.00018235009585665564	5.308146754247271	2024-09-01	ne_star-lbi	north	2024
2024-02-01	B/England/233580504/2023_EPI_ISL_18516499	0.000817	5.436344999999987	5.5324550000000015	1.0948448257180483	0.001194223854149736	5.308146754247271	2024-09-01	ne_star-lbi	north	2024
2024-02-01	B/England/234640203/2023_EPI_ISL_18660201	0.008906	2.625398999999994	2.4813629999999995	-0.34022990089430244	0.005636204889588521	2.808373138331277	2024-09-01	ne_star-lbi	north	2024
2024-02-01	B/Fianarantsoa/01942/2023_EPI_ISL_18271053	5e-05	3.1243829999999906	3.253524000000002	-16.74536846923125	2.209132401065811e-09	3.1433892465048774	2024-09-01	ne_star-lbi	north	2024
2024-02-01	B/Fianarantsoa/01942/2023_EPI_ISL_18271053__dup2	5e-05	1.9960429999999945	2.116449999999999	-16.239831948739447	2.9668362915648974e-09	1.6908231044305666	2024-09-01	ne_star-lbi	north	2024
2024-02-01	B/Fujian-Cangshan/1881/2023_EPI_ISL_18613733	0.0017109999999999	2.2425999999999946	2.2578249999999986	3.528317158572288	0.010342030121032325	1.4642915294146577	2024-09-01	ne_star-lbi	north	2024
2024-02-01	B/Fujian-Cangshan/1927/2023_EPI_ISL_18820412	0.0021899999999999997	2.2425999999999946	2.2578249999999986	3.1971292571195606	0.010911822046033035	1.4642915294146577	2024-09-01	ne_star-lbi	north	2024
2024-02-01	B/Gansu-Anding/11011/2023_EPI_ISL_18820547	0.012747	2.2425999999999946	2.2578249999999986	1.068954252945335	0.018353233651041443	1.4642915294146577	2024-09-01	ne_star-lbi	north	2024
2024-02-01	B/Gavle/SE23-13465/2023_EPI_ISL_18640927	0.0038929999999999998	2.2425999999999946	2.2578249999999986	2.5277137700995427	0.013126498196152412	1.4642915294146577	2024-09-01	ne_star-lbi	north	2024
2024-02-01	B/Georgia/28/2023_EPI_ISL_17981438__dup2	1e-05	5.504475999999988	5.544709999999999	-16.73257021602422	4.451373445563492e-10	5.392413369809847	2024-09-01	ne_star-lbi	north	2024
2024-02-01	B/Guangdong-Dongwanbendi/1859/2023_EPI_ISL_18820376__dup2	0.005732	3.2311259999999886	3.2578089999999986	1.2187814581968266	0.00900674321560031	2.4462780429834545	2024-09-01	ne_star-lbi	north	2024
2024-02-01	B/Guangdong-Sihui/2507/2023_EPI_ISL_18613859	0.0044979999999999	3.233593999999988	3.2578089999999986	0.6465552202761248	0.005061906787319336	2.454167715840016	2024-09-01	ne_star-lbi	north	2024
2024-02-01	B/Guangdong-Yuncheng/11476/2023_EPI_ISL_18613891	0.001369	3.239851999999988	3.2578089999999986	1.7445869190707293	0.0029232892315872124	2.4584449509514807	2024-09-01	ne_star-lbi	north	2024
2024-02-01	B/Guangdong-Zhongshan/1796/2023_EPI_ISL_18613836	0.001369	2.2425999999999946	2.2578249999999986	3.5685721231348078	0.008471442494868898	1.4642915294146577	2024-09-01	ne_star-lbi	north	2024
2024-02-01	B/Guangxi-Dongxin/2396/2023_EPI_ISL_18613841	0.0017109999999999	3.1075129999999906	3.246016000000002	-0.7290163112583558	0.0008630968774430344	3.1311920917514904	2024-09-01	ne_star-lbi	north	2024
2024-02-01	B/Guangxi-Qinnan/11128/2023_EPI_ISL_18820405	0.004625	3.15074599999999	3.1923429999999984	0.6295591299174954	0.005153480847791744	2.396820875214584	2024-09-01	ne_star-lbi	north	2024
2024-02-01	B/Guangxi-Xixiangtang/1935/2023_EPI_ISL_18820419	0.0053	3.1075129999999906	3.246016000000002	-0.3172402352680223	0.003399414459647584	3.1311920917514904	2024-09-01	ne_star-lbi	north	2024
2024-02-01	B/Guangxi-Xixiangtang/1935/2023_EPI_ISL_18820419__dup2	0.0053	3.1075129999999906	3.246016000000002	-0.3172402352680223	0.003399414459647584	3.1311920917514904	2024-09-01	ne_star-lbi	north	2024
2024-02-01	B/Guangxi-Yuzhou/2196/2023_EPI_ISL_18613842	0.00165	4.227883999999992	4.2528349999999975	1.258331514822956	0.002653170094921307	3.4506153564661117	2024-09-01	ne_star-lbi	north	2024
2024-02-01	B/HIROSHIMA/6/2023_EPI_ISL_18284486	0.000126	2.2425999999999946	2.2578249999999986	6.3613888420284175	0.003976054389719764	1.4642915294146577	2024-09-01	ne_star-lbi	north	2024
2024-02-01	B/HIROSHIMA/7/2023_EPI_ISL_18584704	0.002345	3.9370529999999895	4.093452999999998	0.48254989080512456	0.002398218141555966	3.6491253023912997	2024-09-01	ne_star-lbi	north	2024
2024-02-01	B/HIROSHIMA/8/2023_EPI_ISL_18584705	0.002679	3.9363849999999894	4.102572999999997	0.6908735105653118	0.003093819218622484	3.6477341002371664	2024-09-01	ne_star-lbi	north	2024
2024-02-01	B/HIROSHIMA/9/2023_EPI_ISL_18799183	0.006658	3.92842699999999	4.102572999999997	0.2938330582282065	0.006099305662257082	3.641723127349897	2024-09-01	ne_star-lbi	north	2024
2024-02-01	B/HK/15/2023_EPI_ISL_18215644	1.9e-05	1.9960429999999945	2.116449999999999	-14.44642306666562	3.2093464501068407e-09	1.6908231044305666	2024-09-01	ne_star-lbi	north	2024
2024-02-01	B/HK/16/2023_EPI_ISL_18215643	1.7e-05	4.131988999999988	4.248981999999998	-16.786473551310575	7.333092526261402e-10	4.146515937478495	2024-09-01	ne_star-lbi	north	2024
2024-02-01	B/HK/17/2023_EPI_ISL_18215659	9.2e-05	2.1321449999999973	2.2552079999999983	-16.511057980946223	4.6601449347630104e-09	2.14651594334497	2024-09-01	ne_star-lbi	north	2024
2024-02-01	B/Hainan-Xiuying/1898/2023_EPI_ISL_18820434	0.0038929999999999998	4.186456999999994	4.2391539999999965	0.7339024253749968	0.004610069805810831	3.4262035817418943	2024-09-01	ne_star-lbi	north	2024
2024-02-01	B/Haiti/0754/2023_EPI_ISL_18527634	7.4e-05	5.436344999999987	5.5324550000000015	-14.249645661264191	1.4019935095460959e-08	5.308146754247271	2024-09-01	ne_star-lbi	north	2024
2024-02-01	B/Hawaii-TAMC/96/2023_EPI_ISL_18535236	8.7e-05	2.1321449999999973	2.2552079999999983	-14.478374691698864	1.4424065253840814e-08	2.14651594334497	2024-09-01	ne_star-lbi	north	2024
2024-02-01	B/Heilongjiang-Daowai/1890/2023_EPI_ISL_18820399	0.0078319999999999	2.2425999999999946	2.2578249999999986	1.6315266347387474	0.015656637647221083	1.4642915294146577	2024-09-01	ne_star-lbi	north	2024
2024-02-01	B/HongKong/15/2023_EPI_ISL_18271052	1.9e-05	3.1243829999999906	3.253524000000002	-16.73890095558581	8.426433775038318e-10	3.1433892465048774	2024-09-01	ne_star-lbi	north	2024
2024-02-01	B/HongKong/2394/2023_EPI_ISL_18271051__dup2	5.600000000000001e-05	2.2425999999999946	2.2578249999999986	-9.883770884421244	1.3543978307520465e-07	1.4642915294146577	2024-09-01	ne_star-lbi	north	2024
2024-02-01	B/HongKong/6952/2023_EPI_ISL_18271050	8.2e-05	2.2425999999999946	2.2578249999999986	-10.59109009147356	1.3127466687935252e-07	1.4642915294146577	2024-09-01	ne_star-lbi	north	2024
2024-02-01	B/HongKong/6952/2023_EPI_ISL_18271050__dup2	8.2e-05	2.2425999999999946	2.2578249999999986	-10.59109009147356	1.3127466687935252e-07	1.4642915294146577	2024-09-01	ne_star-lbi	north	2024
2024-02-01	B/HongKong/8442/2023_EPI_ISL_18271049	9.2e-05	2.1321449999999973	2.2552079999999983	-15.847956855435193	6.8610160253048234e-09	2.14651594334497	2024-09-01	ne_star-lbi	north	2024
2024-02-01	B/HongKong/8442/2023_EPI_ISL_18271049__dup2	9.2e-05	2.1321449999999973	2.2552079999999983	-16.511057980946223	4.6601449347630104e-09	2.14651594334497	2024-09-01	ne_star-lbi	north	2024
2024-02-01	B/Hong_Kong/16/2023_EPI_ISL_18143183	1.7e-05	4.131988999999988	4.248981999999998	-16.786473551310575	7.333092526261402e-10	4.146515937478495	2024-09-01	ne_star-lbi	north	2024
2024-02-01	B/Hong_Kong/19/2023_EPI_ISL_18215661	0.000171	2.625398999999994	2.4813629999999995	-0.20933758911654265	0.00011680468083577044	2.808373138331277	2024-09-01	ne_star-lbi	north	2024
2024-02-01	B/Hong_Kong/67/2023_EPI_ISL_18786353	0.010031	3.2193829999999886	3.2577449999999986	1.3067375188666719	0.01659160812605926	2.4296331315065975	2024-09-01	ne_star-lbi	north	2024
2024-02-01	B/Hong_Kong/7574/2023_EPI_ISL_18304063	8.7e-05	1.9960429999999945	2.116449999999999	-11.959994049278135	6.267441966782463e-08	1.6908231044305666	2024-09-01	ne_star-lbi	north	2024
2024-02-01	B/Hong_Kong/7592/2023_EPI_ISL_18304065	8.7e-05	2.1321449999999973	2.2552079999999983	-15.872470311131446	6.3960177183953575e-09	2.14651594334497	2024-09-01	ne_star-lbi	north	2024
2024-02-01	B/Hong_Kong/7720/2023_EPI_ISL_18304064	9.2e-05	2.1321449999999973	2.2552079999999983	-16.511057980946223	4.6601449347630104e-09	2.14651594334497	2024-09-01	ne_star-lbi	north	2024
2024-02-01	B/Hunan-Hongjiang/2642/2023_EPI_ISL_18820452	0.012163	2.2425999999999946	2.2578249999999986	1.2729049881904815	0.019724857626857155	1.4642915294146577	2024-09-01	ne_star-lbi	north	2024
2024-02-01	B/Hunan-Qiyang/2469/2023_EPI_ISL_18613895	0.001369	2.2425999999999946	2.2578249999999986	3.5685721231348078	0.008471442494868898	1.4642915294146577	2024-09-01	ne_star-lbi	north	2024
2024-02-01	B/Hunan-Wuling/12342/2023_EPI_ISL_18820433	0.00909	2.2425999999999946	2.2578249999999986	1.3969961216062008	0.015847987091047244	1.4642915294146577	2024-09-01	ne_star-lbi	north	2024
2024-02-01	B/India/Pune-NIV2314941/2023_EPI_ISL_18272596	0.000488	2.625398999999994	2.4813629999999995	1.9998602348788994	0.001209368649632312	2.808373138331277	2024-09-01	ne_star-lbi	north	2024
2024-02-01	B/Indonesia/BIOKES-IBPP1646/2023_EPI_ISL_18798546	0.0008880000000000001	5.07470899999999	5.1714160000000025	-1.224021759937998	0.00033559740162385373	5.1226480812981885	2024-09-01	ne_star-lbi	north	2024
2024-02-01	B/Iowa/41/2023_EPI_ISL_18304090__dup2	0.00022	2.625398999999994	2.4813629999999995	0.4438670524082515	0.00021997264021926966	2.808373138331277	2024-09-01	ne_star-lbi	north	2024
2024-02-01	B/Iowa/44/2023_EPI_ISL_18338001	0.00046699999999999997	2.625398999999994	2.4813629999999995	2.0270277782337973	0.0011758132451389854	2.808373138331277	2024-09-01	ne_star-lbi	north	2024
2024-02-01	B/Iowa/50/2023_EPI_ISL_18431731	0.001318	3.6227529999999932	3.4200459999999975	-1.2238283004762434	0.0004981613674223211	3.807376815596433	2024-09-01	ne_star-lbi	north	2024
2024-02-01	B/Iowa/53/2023_EPI_ISL_18486634	0.002345	2.625398999999994	2.4813629999999995	1.1790923344033117	0.0036003909832458963	2.808373138331277	2024-09-01	ne_star-lbi	north	2024
2024-02-01	B/Iowa/53/2023_EPI_ISL_18486634__dup2	0.002345	2.625398999999994	2.4813629999999995	0.5361954805634612	0.0024744528015211106	2.808373138331277	2024-09-01	ne_star-lbi	north	2024
2024-02-01	B/Iowa/60/2023_EPI_ISL_18669743	0.008183	3.586238999999993	3.4656889999999994	-0.6393915867467012	0.0043493812270678	3.7832134214279303	2024-09-01	ne_star-lbi	north	2024
2024-02-01	B/Iran/4A10/2023_EPI_ISL_18798275	0.00011899999999999999	2.1321449999999973	2.2552079999999983	-0.5023845794869508	6.851269140777694e-05	2.14651594334497	2024-09-01	ne_star-lbi	north	2024
2024-02-01	B/Ireland/70317/2023_EPI_ISL_18802210	0.0078319999999999	2.625398999999994	2.4813629999999995	0.1328064221282108	0.006531531838399053	2.808373138331277	2024-09-01	ne_star-lbi	north	2024
2024-02-01	B/KANAGAWA/AC2217/2023_EPI_ISL_18284481	0.0006349999999999	1.9960429999999945	2.116449999999999	0.8418293550813294	0.0008008272893885996	1.6908231044305666	2024-09-01	ne_star-lbi	north	2024
2024-02-01	B/KAWASAKI/2/2023_EPI_ISL_18632803	0.00165	3.1288349999999907	3.255192000000002	-0.15764760501359582	0.0011615639936157932	3.1441928153577354	2024-09-01	ne_star-lbi	north	2024
2024-02-01	B/Kenya/109/2023_EPI_ISL_18527574	0.000338	5.436344999999987	5.5324550000000015	1.507752557840495	0.0006286165191430222	5.308146754247271	2024-09-01	ne_star-lbi	north	2024
2024-02-01	B/Kyiv/2021/2023_EPI_ISL_18044356	1.4000000000000001e-05	2.1321449999999973	2.2552079999999983	-16.24390477395366	8.287428813401691e-10	2.14651594334497	2024-09-01	ne_star-lbi	north	2024
2024-02-01	B/Kyiv/2021/2023_EPI_ISL_18044356__dup2	1.4000000000000001e-05	2.1321449999999973	2.2552079999999983	-16.24390477395366	8.287428813401691e-10	2.14651594334497	2024-09-01	ne_star-lbi	north	2024
2024-02-01	B/Louisiana/EVTL-100051/2023_EPI_ISL_18777877	0.012163	2.9716569999999938	3.116013999999995	-0.7456271251580356	0.0060763402530652644	2.6786704217676514	2024-09-01	ne_star-lbi	north	2024
2024-02-01	B/Luxembourg/LNS5685311/2023_EPI_ISL_18799996	0.01685	2.625398999999994	2.4813629999999995	-0.5528588655943859	0.00941969616909757	2.808373138331277	2024-09-01	ne_star-lbi	north	2024
2024-02-01	B/Luxembourg/LNS8991816/2023_EPI_ISL_18799995	0.001369	2.973396999999993	3.101826999999995	-0.7849380493183884	0.0006684144925306685	2.6812474117259466	2024-09-01	ne_star-lbi	north	2024
2024-02-01	B/Madagascar/1943/2023_EPI_ISL_18709786	5e-05	3.1243829999999906	3.253524000000002	-16.74536846923125	2.209132401065811e-09	3.1433892465048774	2024-09-01	ne_star-lbi	north	2024
2024-02-01	B/Madagascar/2452/2023_EPI_ISL_18607744	0.0017739999999999	6.052728999999985	6.2283409999999915	-1.1897765608573088	0.0006839665535383216	6.114508353930857	2024-09-01	ne_star-lbi	north	2024
2024-02-01	B/Madagascar/2492/2023_EPI_ISL_18607733	0.001838	4.109180999999991	4.247154999999998	-0.8197528215864958	0.0008793626110213938	4.1359158495698045	2024-09-01	ne_star-lbi	north	2024
2024-02-01	B/Maldives/1747/2023_EPI_ISL_18786268	0.0032450000000000005	4.09073699999999	4.242208999999998	-1.2038957309032379	0.001240849248293096	4.122238907176592	2024-09-01	ne_star-lbi	north	2024
2024-02-01	B/Maldives/1842/2023_EPI_ISL_18786276	0.0044979999999999	1.9960429999999945	2.116449999999999	-0.589441900269239	0.0024614360196013067	1.6908231044305666	2024-09-01	ne_star-lbi	north	2024
2024-02-01	B/Maldives/1876/2023_EPI_ISL_18786314	0.0051600000000000005	5.929598999999992	5.758609999999996	-1.2042736482864007	0.0019726874489608298	5.970003949233584	2024-09-01	ne_star-lbi	north	2024
2024-02-01	B/Maldives/1986/2023_EPI_ISL_18786391	0.007317000000000001	4.481412999999993	4.3188650000000015	-1.0726391711920058	0.003020575593484312	4.6831260371366765	2024-09-01	ne_star-lbi	north	2024
2024-02-01	B/Maldives/1999/2023_EPI_ISL_18786364	0.008362	2.1321449999999973	2.2552079999999983	-0.6907212094450575	0.004313415759370012	2.14651594334497	2024-09-01	ne_star-lbi	north	2024
2024-02-01	B/Maldives/941/2023_EPI_ISL_18109026	1.7e-05	3.556339999999993	3.377329999999999	-14.910990170415493	2.18987443379467e-09	3.7305727854638047	2024-09-01	ne_star-lbi	north	2024
2024-02-01	B/Massachusetts/10/2023_EPI_ISL_18527614	0.001973	2.1321449999999973	2.2552079999999983	-0.4422464308299854	0.001176485171008466	2.14651594334497	2024-09-01	ne_star-lbi	north	2024
2024-02-01	B/Massachusetts/14/2023_EPI_ISL_18709350	0.009276000000000001	3.97240499999999	4.252663999999998	-0.6783907379619247	0.004819430036125651	4.069178611781093	2024-09-01	ne_star-lbi	north	2024
2024-02-01	B/Mauritius/P42169/2023_EPI_ISL_18812120	6.2e-05	1.9960429999999945	2.116449999999999	-16.266070518674237	3.6229974588630335e-09	1.6908231044305666	2024-09-01	ne_star-lbi	north	2024
2024-02-01	B/Mauritius/P49967/2023_EPI_ISL_18812131	0.000371	3.1313929999999903	3.255192000000002	-0.24429383307735403	0.00024830318236231433	3.1460193369802423	2024-09-01	ne_star-lbi	north	2024
2024-02-01	B/Mauritius/P52809/2023_EPI_ISL_18812121	0.001369	1.9960429999999945	2.116449999999999	0.6788704244118455	0.0015699463962609269	1.6908231044305666	2024-09-01	ne_star-lbi	north	2024
2024-02-01	B/Michigan/17/2023_EPI_ISL_18092019__dup2	1.4999999999999999e-05	1.9960429999999945	2.116449999999999	-15.658956055560456	1.249030474621774e-09	1.6908231044305666	2024-09-01	ne_star-lbi	north	2024
2024-02-01	B/Michigan/24/2023_EPI_ISL_18709339	0.005732	2.625398999999994	2.4813629999999995	-0.1510441999425771	0.004050776437558421	2.808373138331277	2024-09-01	ne_star-lbi	north	2024
2024-02-01	B/Michigan/MIS-L366401635/2023_EPI_ISL_18388338	2.1e-05	2.625398999999994	2.4813629999999995	-10.389872531691697	3.780615508377857e-08	2.808373138331277	2024-09-01	ne_star-lbi	north	2024
2024-02-01	B/Michigan/MISAPPHIREL366130861/2023_EPI_ISL_18104930	1e-05	1.9960429999999945	2.116449999999999	-14.302949441201642	1.8365822661204715e-09	1.6908231044305666	2024-09-01	ne_star-lbi	north	2024
2024-02-01	B/Michigan/MISAPPHIREL367147323/2023_EPI_ISL_18169057	6.6e-05	1.9960429999999945	2.116449999999999	-15.76333669807337	5.1710898181551835e-09	1.6908231044305666	2024-09-01	ne_star-lbi	north	2024
2024-02-01	B/Moramanga/01789/2023_EPI_ISL_18271057	1.6e-05	4.651878999999996	4.629328999999997	-16.382592311461092	8.735280846406785e-10	4.470435532049845	2024-09-01	ne_star-lbi	north	2024
2024-02-01	B/Moramanga/01821/2023_EPI_ISL_18337225	1.7e-05	3.1243829999999906	3.253524000000002	-16.73802407865706	7.543298243540159e-10	3.1433892465048774	2024-09-01	ne_star-lbi	north	2024
2024-02-01	B/Moscow/CRIE/4/2023_EPI_ISL_18412824	0.000608	3.621817999999993	3.4520009999999988	0.08108929260830335	0.0004919761067070525	3.805773048794397	2024-09-01	ne_star-lbi	north	2024
2024-02-01	B/Moscow/CRIE/5/2023_EPI_ISL_18412825	0.0006349999999999	3.621817999999993	3.4520009999999988	0.07234919446421359	0.0005112107225265712	3.805773048794397	2024-09-01	ne_star-lbi	north	2024
2024-02-01	B/Nakhon_Phanom/P3125/2023_EPI_ISL_18292896	0.000323	2.2425999999999946	2.2578249999999986	5.179646274575628	0.005115681128369579	1.4642915294146577	2024-09-01	ne_star-lbi	north	2024
2024-02-01	B/Nakhon_Phanom/P4425/2023_EPI_ISL_18540004	0.003145	2.625398999999994	2.4813629999999995	0.42545326219058	0.0031110122083239274	2.808373138331277	2024-09-01	ne_star-lbi	north	2024
2024-02-01	B/Nakhon_Phanom/P4427/2023_EPI_ISL_18540005	0.0032450000000000005	2.2425999999999946	2.2578249999999986	2.7940747370678407	0.012780818119371987	1.4642915294146577	2024-09-01	ne_star-lbi	north	2024
2024-02-01	B/Nakhon_Phanom/P48/2024_EPI_ISL_18819778	0.017734	2.2425999999999946	2.2578249999999986	0.8345369862900786	0.022270214774687908	1.4642915294146577	2024-09-01	ne_star-lbi	north	2024
2024-02-01	B/Nakhon_Phanom/P5294/2023_EPI_ISL_18693438	0.010222	4.087820999999994	4.156699999999998	1.5136198450860308	0.01907617839829137	3.2530720491882144	2024-09-01	ne_star-lbi	north	2024
2024-02-01	B/Nakhon_Phanom/P5547/2023_EPI_ISL_18693465	0.012163	3.135808999999988	3.1572259999999996	1.3049473232429267	0.020097009259137436	2.3223155284651895	2024-09-01	ne_star-lbi	north	2024
2024-02-01	B/Nakhon_Ratchasima/THIS094/2023_EPI_ISL_18604051	0.005586	1.9960429999999945	2.116449999999999	-0.5976430763003258	0.0030422321993449045	1.6908231044305666	2024-09-01	ne_star-lbi	north	2024
2024-02-01	B/Nelson_Marlborough/05/2023_EPI_ISL_18786306	0.001533	4.089908999999991	4.239517999999997	-0.8383136910108223	0.000725541840196345	4.11990514276123	2024-09-01	ne_star-lbi	north	2024
2024-02-01	B/Nepal/S1516/2023_EPI_ISL_18231475	3.7e-05	2.625398999999994	2.4813629999999995	-11.742593592829266	3.025859001280241e-08	2.808373138331277	2024-09-01	ne_star-lbi	north	2024
2024-02-01	B/Nepal/S1730/2023_EPI_ISL_18231476	0.00020899999999999998	2.2425999999999946	2.2578249999999986	5.717440261909094	0.004529926170615727	1.4642915294146577	2024-09-01	ne_star-lbi	north	2024
2024-02-01	B/Nepal/S1730/2023_EPI_ISL_18231476__dup2	0.00020899999999999998	2.2425999999999946	2.2578249999999986	3.8833139445698857	0.0015539477415548626	1.4642915294146577	2024-09-01	ne_star-lbi	north	2024
2024-02-01	B/Netherlands/01627/2023_EPI_ISL_18101700	1e-05	2.1321449999999973	2.2552079999999983	-15.447897447051817	9.41783410110386e-10	2.14651594334497	2024-09-01	ne_star-lbi	north	2024
2024-02-01	B/Netherlands/01639/2023_EPI_ISL_18101714	9.2e-05	2.1321449999999973	2.2552079999999983	-16.511057980946223	4.6601449347630104e-09	2.14651594334497	2024-09-01	ne_star-lbi	north	2024
2024-02-01	B/Netherlands/01786/2023_EPI_ISL_18566796	0.00909	2.625398999999994	2.4813629999999995	0.4217755697358758	0.008972495473831162	2.808373138331277	2024-09-01	ne_star-lbi	north	2024
2024-02-01	B/Netherlands/01787/2023_EPI_ISL_18566797	0.009276000000000001	2.625398999999994	2.4813629999999995	-0.21234149159399263	0.006325048684165874	2.808373138331277	2024-09-01	ne_star-lbi	north	2024
2024-02-01	B/Netherlands/10051/2024_EPI_ISL_18842193	0.018646	2.2425999999999946	2.2578249999999986	0.7145098518448755	0.021832119168837497	1.4642915294146577	2024-09-01	ne_star-lbi	north	2024
2024-02-01	B/New_Mexico/19/2023_EPI_ISL_18709413	0.0108	3.497660999999992	3.495168999999998	-0.745029551099459	0.005397299549408797	3.00533589085491	2024-09-01	ne_star-lbi	north	2024
2024-02-01	B/New_York/29/2023_EPI_ISL_18527603__dup2	0.001973	1.9960429999999945	2.116449999999999	0.3189202739509752	0.0018340841129580153	1.6908231044305666	2024-09-01	ne_star-lbi	north	2024
2024-02-01	B/New_York/30/2023_EPI_ISL_18558642	0.006498	2.1321449999999973	2.2552079999999983	-0.3928294143077008	0.003988029016220564	2.14651594334497	2024-09-01	ne_star-lbi	north	2024
2024-02-01	B/North_Carolina/07/2023_EPI_ISL_18709353	0.007317000000000001	4.481998999999989	4.471324000000003	-1.0947474034371698	0.002981870947626096	4.000891485862884	2024-09-01	ne_star-lbi	north	2024
2024-02-01	B/Norway/00646/2024_EPI_ISL_18845766	0.019208000000000003	3.1991579999999886	3.2576549999999984	-0.04773667128964068	0.014417368847690052	2.4324827068658466	2024-09-01	ne_star-lbi	north	2024
2024-02-01	B/Norway/07673/2023_EPI_ISL_18101792	1e-05	1.9960429999999945	2.116449999999999	-14.302949441201642	1.8365822661204715e-09	1.6908231044305666	2024-09-01	ne_star-lbi	north	2024
2024-02-01	B/Norway/08262/2023_EPI_ISL_18244160	0.00018	4.719730999999989	4.693355999999997	-1.5408463223692555	5.654761416819687e-05	4.511487412124723	2024-09-01	ne_star-lbi	north	2024
2024-02-01	B/Norway/08387/2023_EPI_ISL_18244143	0.000338	5.436344999999987	5.5324550000000015	1.507752557840495	0.0006286165191430222	5.308146754247271	2024-09-01	ne_star-lbi	north	2024
2024-02-01	B/Norway/10769/2023_EPI_ISL_18567841__dup2	0.005732	2.1321449999999973	2.2552079999999983	-0.7114290890439846	0.0029212668952184884	2.14651594334497	2024-09-01	ne_star-lbi	north	2024
2024-02-01	B/Norway/10978/2023_EPI_ISL_18567820	0.005586	2.9568829999999937	3.100775999999994	-0.21577176303310486	0.003801325372436793	2.6656633875272204	2024-09-01	ne_star-lbi	north	2024
2024-02-01	B/Norway/11253/2023_EPI_ISL_18567839__dup2	0.006658	2.948134999999993	3.116433999999995	-0.6365713723237413	0.0035446485697897736	2.6662758905061086	2024-09-01	ne_star-lbi	north	2024
2024-02-01	B/Norway/13952/2023_EPI_ISL_18802251	0.017291	3.9135429999999896	4.099499999999997	-0.7277027454152758	0.008728958392439246	3.648817973721224	2024-09-01	ne_star-lbi	north	2024
2024-02-01	B/Oman/3028/2023_EPI_ISL_18304079	0.000113	2.2425999999999946	2.2578249999999986	-7.033271948211114	1.4413771796516277e-06	1.4642915294146577	2024-09-01	ne_star-lbi	north	2024
2024-02-01	B/Oman/3042/2023_EPI_ISL_18304081	0.000147	5.436344999999987	5.5324550000000015	2.080326060784123	0.00038180473180385684	5.308146754247271	2024-09-01	ne_star-lbi	north	2024
2024-02-01	B/Oman/CPHL_7233230/2023_EPI_ISL_18377842	0.000582	3.624224999999993	3.4804099999999987	-0.5507626382425955	0.00032575495419790405	3.807721628422882	2024-09-01	ne_star-lbi	north	2024
2024-02-01	B/Oman/CPHL_7233781/2023_EPI_ISL_18377843	0.000294	2.1321449999999973	2.2552079999999983	0.16759510719421644	0.0002502090484525405	2.14651594334497	2024-09-01	ne_star-lbi	north	2024
2024-02-01	B/Paraguay/2102/2023_EPI_ISL_18109031	2.5e-05	3.0586249999999904	3.255144000000002	-16.786475266778428	1.0783948806052628e-09	3.108208957744734	2024-09-01	ne_star-lbi	north	2024
2024-02-01	B/Parana/10615/2023_EPI_ISL_18743790	0.000924	2.994114999999993	3.108573999999995	-0.372531483214721	0.0005738426456017374	2.6896754161196585	2024-09-01	ne_star-lbi	north	2024
2024-02-01	B/Parana/8388/2023_EPI_ISL_18288450	5e-05	1.9960429999999945	2.116449999999999	-16.239831948739447	2.9668362915648974e-09	1.6908231044305666	2024-09-01	ne_star-lbi	north	2024
2024-02-01	B/Parana/9388/2023_EPI_ISL_18463846	0.000662	1.9960429999999945	2.116449999999999	0.9641311300590799	0.0008966167956916725	1.6908231044305666	2024-09-01	ne_star-lbi	north	2024
2024-02-01	B/Parana/9390/2023_EPI_ISL_18463857	0.00046699999999999997	2.9584689999999934	3.081959999999995	-0.9800342538065498	0.00020348571218070806	2.6734495979819077	2024-09-01	ne_star-lbi	north	2024
2024-02-01	B/Pennsylvania/19/2023_EPI_ISL_18586706__dup2	0.005732	2.9540369999999943	3.0977949999999947	-1.0738046893237922	0.002364653793217281	2.6645950903549305	2024-09-01	ne_star-lbi	north	2024
2024-02-01	B/Pennsylvania/21/2023_EPI_ISL_18607727__dup2	0.007658	3.97240499999999	4.252663999999998	-0.42468126712891796	0.004613437756224757	4.069178611781093	2024-09-01	ne_star-lbi	north	2024
2024-02-01	B/Perth/331/2023_EPI_ISL_18485047	0.0006349999999999	2.1321449999999973	2.2552079999999983	-0.5065454696145771	0.0003647066471525158	2.14651594334497	2024-09-01	ne_star-lbi	north	2024
2024-02-01	B/Perth/369/2023_EPI_ISL_18484969	0.0010019999999999999	2.9933679999999936	3.106185999999995	-0.7708109328993409	0.0004932749631621418	2.6897195025751603	2024-09-01	ne_star-lbi	north	2024
2024-02-01	B/Peru/01237Aaefb/2023_EPI_ISL_18786194	0.0032450000000000005	5.436344999999987	5.5324550000000015	-0.3301863639154798	0.0020656807234701066	5.308146754247271	2024-09-01	ne_star-lbi	north	2024
2024-02-01	B/Peru/02885Aahnc/2023_EPI_ISL_18786098	0.001905	7.425937999999976	7.507734999999997	-0.4029047763715555	0.001162307675950894	7.348620047790174	2024-09-01	ne_star-lbi	north	2024
2024-02-01	B/Peru/2885/2023_EPI_ISL_18786174	0.000817	7.425937999999976	7.507734999999997	-0.30080475575578597	0.0005290711047760708	7.348620047790174	2024-09-01	ne_star-lbi	north	2024
2024-02-01	B/Philippines/12/2023_EPI_ISL_18127103	1.3000000000000001e-05	2.1321449999999973	2.2552079999999983	-15.629991355690281	1.1009383496959098e-09	2.14651594334497	2024-09-01	ne_star-lbi	north	2024
2024-02-01	B/Philippines/13/2023_EPI_ISL_18127104	1.3000000000000001e-05	2.1321449999999973	2.2552079999999983	-15.629991355690281	1.1009383496959098e-09	2.14651594334497	2024-09-01	ne_star-lbi	north	2024
2024-02-01	B/Phra_Nakhon_Si_Ayutthaya/BOE32/2024_EPI_ISL_18819774	0.018546	2.9589409999999936	3.0984739999999946	-0.853696474848361	0.008699083753617639	2.6734249369233325	2024-09-01	ne_star-lbi	north	2024
2024-02-01	B/Phra_Nakhon_Si_Ayutthaya/P3137/2023_EPI_ISL_18292898	0.000323	1.9960429999999945	2.116449999999999	1.2483476765893142	0.0005163621275709647	1.6908231044305666	2024-09-01	ne_star-lbi	north	2024
2024-02-01	B/Phra_Nakhon_Si_Ayutthaya/P3639/2023_EPI_ISL_18320373	0.0008880000000000001	3.6236129999999935	3.4813469999999986	-0.9475224655819062	0.00039433605890151584	3.807584466213475	2024-09-01	ne_star-lbi	north	2024
2024-02-01	B/Phra_Nakhon_Si_Ayutthaya/P4025/2023_EPI_ISL_18506310	0.001838	2.9922099999999943	3.116433999999995	-0.3357353997136628	0.0011662407671963729	2.6884038187853996	2024-09-01	ne_star-lbi	north	2024
2024-02-01	B/Phra_Nakhon_Si_Ayutthaya/P4605/2023_EPI_ISL_18540010	0.0038929999999999998	4.5696149999999935	4.480227000000002	-0.8711313246112746	0.0018075517614127216	4.735514555531473	2024-09-01	ne_star-lbi	north	2024
2024-02-01	B/Primorsky_Krai/81-5V/2023_EPI_ISL_18666829	0.0078319999999999	2.2425999999999946	2.2578249999999986	1.6315266347387474	0.015656637647221083	1.4642915294146577	2024-09-01	ne_star-lbi	north	2024
2024-02-01	B/Qatar/16-VI-23-0092030/2023_EPI_ISL_18613589	0.001085	4.483693999999991	4.3279	-0.5895215358866467	0.0005937158784135972	4.349302249073989	2024-09-01	ne_star-lbi	north	2024
2024-02-01	B/Qatar/21-VI-23-0095608/2023_EPI_ISL_18613592	0.0017739999999999	2.2425999999999946	2.2578249999999986	3.431517218936209	0.010134125023269457	1.4642915294146577	2024-09-01	ne_star-lbi	north	2024
2024-02-01	B/Qatar/32-VI-23-0088240/2023_EPI_ISL_18613590	0.000582	3.624224999999993	3.4659289999999987	-0.9210982835758265	0.0002624646215848942	3.807848209088108	2024-09-01	ne_star-lbi	north	2024
2024-02-01	B/Qinghai-Maqin/1568/2023_EPI_ISL_18820460	0.014275999999999999	2.2425999999999946	2.2578249999999986	0.5581729747388894	0.015258456744071062	1.4642915294146577	2024-09-01	ne_star-lbi	north	2024
2024-02-01	B/Rak/17402/2023_EPI_ISL_18786386	0.013134999999999999	6.4008829999999906	6.396003000000005	-1.8859498348057515	0.00337399061275397	6.717477185287674	2024-09-01	ne_star-lbi	north	2024
2024-02-01	B/Ranong/P3956/2023_EPI_ISL_18506291	0.00159	4.8684199999999915	4.845178000000001	-1.139181134099505	0.000631387734071827	4.973282553083364	2024-09-01	ne_star-lbi	north	2024
2024-02-01	B/Rhode_Island/24/2023_EPI_ISL_18607713__dup2	0.0063409999999999	5.902139999999983	6.188581999999991	-1.0582093522068259	0.0026397939855032737	6.036763491709668	2024-09-01	ne_star-lbi	north	2024
2024-02-01	B/Rio_Grande_do_Sul/8831/2023_EPI_ISL_18288458	7.4e-05	5.436344999999987	5.5324550000000015	-15.327849892202083	7.474728399664451e-09	5.308146754247271	2024-09-01	ne_star-lbi	north	2024
2024-02-01	B/Rio_Grande_do_Sul/8837/2023_EPI_ISL_18288459	0.00010700000000000001	3.652052999999992	3.629363999999995	-12.27972949419273	6.39666438438695e-08	3.470435538925793	2024-09-01	ne_star-lbi	north	2024
2024-02-01	B/Rio_de_Janeiro/8989/2023_EPI_ISL_18743797	7.8e-05	2.1321449999999973	2.2552079999999983	-16.500019723133445	3.9765149018980245e-09	2.14651594334497	2024-09-01	ne_star-lbi	north	2024
2024-02-01	B/Roraima/2023-036339-IEC/2023_EPI_ISL_18384589	0.000155	4.725918999999989	4.700905999999999	-1.1690198065714048	6.0488307313197175e-05	4.51121602303677	2024-09-01	ne_star-lbi	north	2024
2024-02-01	B/Roraima/2023-037872-IEC/2023_EPI_ISL_18455206	0.000784	3.1303829999999904	3.255192000000002	-0.7270137061562617	0.0003959432425735549	3.1457240417293	2024-09-01	ne_star-lbi	north	2024
2024-02-01	B/SAO_PAULO/CEVI_2300638/2023_EPI_ISL_18746428	1e-05	3.1321149999999904	3.255192000000002	-16.782613976710508	4.323306462245854e-10	3.146515942480306	2024-09-01	ne_star-lbi	north	2024
2024-02-01	B/SAO_PAULO/CEVI_2300652/2023_EPI_ISL_18746430	1.4000000000000001e-05	2.1321449999999973	2.2552079999999983	-16.24390477395366	8.287428813401691e-10	2.14651594334497	2024-09-01	ne_star-lbi	north	2024
2024-02-01	B/Sao_Paulo_/IAL/357404316/2023_EPI_ISL_18729439	0.012747	4.9195309999999886	5.082858999999999	-0.15962920069908723	0.008963242955024354	4.637043646700421	2024-09-01	ne_star-lbi	north	2024
2024-02-01	B/Shaanxi-Linwei/11230/2023_EPI_ISL_18820457	0.012941999999999999	3.1963419999999885	3.2179719999999983	-0.02799089446043057	0.009826698294846151	2.4382887508250817	2024-09-01	ne_star-lbi	north	2024
2024-02-01	B/Shanghai-Fengxian/1960/2023_EPI_ISL_18820423__dup2	0.006498	3.2250959999999886	3.248332999999999	0.7925018346984678	0.007962478785098087	2.44602310575024	2024-09-01	ne_star-lbi	north	2024
2024-02-01	B/Shanghai-Putuo/1995/2023_EPI_ISL_18820439	0.014275999999999999	3.2000719999999885	3.2578089999999986	0.2683205928165525	0.012884864575776252	2.4319709713679236	2024-09-01	ne_star-lbi	north	2024
2024-02-01	B/Sichuan-Longquanyi/32/2023_EPI_ISL_18820567	0.012941999999999999	2.2425999999999946	2.2578249999999986	1.0512351797643222	0.018442384859708873	1.4642915294146577	2024-09-01	ne_star-lbi	north	2024
2024-02-01	B/Singapore/GP10236/2023_EPI_ISL_18830833	9.2e-05	3.625120999999993	3.4813469999999986	-16.308318833832075	5.245187827701386e-09	3.8083731235798566	2024-09-01	ne_star-lbi	north	2024
2024-02-01	B/Singapore/GP10556/2023_EPI_ISL_18830857	0.000126	3.1315569999999906	3.255192000000002	1.1452647090702095	0.00018967387872187232	3.1456733741207086	2024-09-01	ne_star-lbi	north	2024
2024-02-01	B/Singapore/GP10673/2023_EPI_ISL_18830858	0.000133	2.1321449999999973	2.2552079999999983	0.49968080645143076	0.0001373843924185427	2.14651594334497	2024-09-01	ne_star-lbi	north	2024
2024-02-01	B/Singapore/GP10845/2023_EPI_ISL_18830868	0.0001629999999999	3.1315569999999906	3.255192000000002	1.0463223531810517	0.0002316107334074984	3.1456733741207086	2024-09-01	ne_star-lbi	north	2024
2024-02-01	B/Singapore/GP11319/2023_EPI_ISL_18830852	0.000231	2.1321449999999973	2.2552079999999983	0.1466473847260275	0.00019420517449102168	2.14651594334497	2024-09-01	ne_star-lbi	north	2024
2024-02-01	B/Singapore/GP11436/2023_EPI_ISL_18830847	0.000254	2.1321449999999973	2.2552079999999983	0.12776688082729837	0.00021120265650245425	2.14651594334497	2024-09-01	ne_star-lbi	north	2024
2024-02-01	B/Singapore/GP11582/2023_EPI_ISL_18830849	0.000267	1.9960429999999945	2.116449999999999	0.6641193955858345	0.0003035677521141742	1.6908231044305666	2024-09-01	ne_star-lbi	north	2024
2024-02-01	B/Singapore/GP11934/2023_EPI_ISL_18830848	0.000371	3.1306089999999904	3.2304160000000017	-0.24429383307735403	0.00024830318236231433	3.1456696221004723	2024-09-01	ne_star-lbi	north	2024
2024-02-01	B/Singapore/GP16543/2023_EPI_ISL_18830914	0.004756	2.625398999999994	2.4813629999999995	0.29325550748221363	0.00435544102535336	2.808373138331277	2024-09-01	ne_star-lbi	north	2024
2024-02-01	B/Singapore/GP8706/2023_EPI_ISL_17967676	2.3e-05	4.128388999999989	4.2354819999999975	-16.365594842502556	1.268209021444013e-09	4.145173543592802	2024-09-01	ne_star-lbi	north	2024
2024-02-01	B/Singapore/GP8708/2023_EPI_ISL_17967677	2.3e-05	4.128388999999989	4.2354819999999975	-16.365594842502556	1.268209021444013e-09	4.145173543592802	2024-09-01	ne_star-lbi	north	2024
2024-02-01	B/Singapore/KK1475/2023_EPI_ISL_17967679	1e-05	3.6227239999999936	3.471098999999999	-16.110097966361412	6.400150465441932e-10	3.8072695364758693	2024-09-01	ne_star-lbi	north	2024
2024-02-01	B/Singapore/KK1486/2023_EPI_ISL_17967680	1.3000000000000001e-05	3.1321089999999905	3.255192000000002	-16.378011311839415	7.11640711883314e-10	3.146515941921686	2024-09-01	ne_star-lbi	north	2024
2024-02-01	B/Singapore/KK1515/2023_EPI_ISL_17967681	1.6e-05	2.625398999999994	2.4813629999999995	-12.879379585074844	6.741791959730457e-09	2.808373138331277	2024-09-01	ne_star-lbi	north	2024
2024-02-01	B/Singapore/KK1672/2023_EPI_ISL_18830853	8.7e-05	5.970447999999986	6.15403999999999	-16.786398057714326	3.752983209887333e-09	6.041610747722106	2024-09-01	ne_star-lbi	north	2024
2024-02-01	B/Singapore/KK2557/2023_EPI_ISL_18830882	0.008906	4.589728999999995	4.476510000000002	-0.34022990089430244	0.005636204889588521	4.785828317869272	2024-09-01	ne_star-lbi	north	2024
2024-02-01	B/Singapore/NUH0600/2023_EPI_ISL_18830836	7.4e-05	5.436344999999987	5.5324550000000015	-15.327849892202083	7.474728399664451e-09	5.308146754247271	2024-09-01	ne_star-lbi	north	2024
2024-02-01	B/Singapore/NUH0764/2023_EPI_ISL_18830872	0.00020899999999999998	2.1321449999999973	2.2552079999999983	0.21742253012030377	0.00018311552605689612	2.14651594334497	2024-09-01	ne_star-lbi	north	2024
2024-02-01	B/Singapore/SAR22463/2023_EPI_ISL_18830887	0.0148289999999999	5.436344999999987	5.5324550000000015	-0.11970719080654743	0.01067290952336067	5.308146754247271	2024-09-01	ne_star-lbi	north	2024
2024-02-01	B/Singapore/SAR6785/2023_EPI_ISL_18830854	2.2e-05	5.970447999999986	6.15403999999999	-16.78637168858892	9.49044835068722e-10	6.041610747722106	2024-09-01	ne_star-lbi	north	2024
2024-02-01	B/Singapore/SAR7025/2023_EPI_ISL_18830856	3.3e-05	5.970447999999986	6.15403999999999	-16.786379984763716	1.4235603633581406e-09	6.041610747722106	2024-09-01	ne_star-lbi	north	2024
2024-02-01	B/Singapore/SAR9179/2023_EPI_ISL_18830906	0.001129	5.436344999999987	5.5324550000000015	-0.16519848109654972	0.0007912982617400289	5.308146754247271	2024-09-01	ne_star-lbi	north	2024
2024-02-01	B/Singapore/SAR9478/2023_EPI_ISL_18830900	0.00159	5.436344999999987	5.5324550000000015	-0.21510699844961062	0.0010824295697504929	5.308146754247271	2024-09-01	ne_star-lbi	north	2024
2024-02-01	B/Singapore/SAR9616/2023_EPI_ISL_18830901	0.001905	5.436344999999987	5.5324550000000015	0.7919376346940652	0.002333568897132355	5.308146754247271	2024-09-01	ne_star-lbi	north	2024
2024-02-01	B/Singapore/SAR9669/2023_EPI_ISL_18830886	0.0020440000000000002	3.603432999999993	3.4791889999999985	0.5924754877119337	0.002228820576046368	3.7894743940184514	2024-09-01	ne_star-lbi	north	2024
2024-02-01	B/Slovakia/8714/2023_EPI_ISL_18474305	0.003145	2.625398999999994	2.4813629999999995	0.42545326219058	0.0031110122083239274	2.808373138331277	2024-09-01	ne_star-lbi	north	2024
2024-02-01	B/Sohar/52325649/2023_EPI_ISL_18557986	0.001268	2.8754099999999925	2.8559440000000005	-0.8242006580925314	0.0006050829766808496	2.9760060552804988	2024-09-01	ne_star-lbi	north	2024
2024-02-01	B/South_Africa/R07850/2023_EPI_ISL_18234620	5.600000000000001e-05	5.504475999999988	5.544709999999999	-16.745111969775987	2.474598522512592e-09	5.392413369809847	2024-09-01	ne_star-lbi	north	2024
2024-02-01	B/South_Africa/R11478/2023_EPI_ISL_18725132	0.006658	2.2425999999999946	2.2578249999999986	1.7094045253812273	0.013928330917627855	1.4642915294146577	2024-09-01	ne_star-lbi	north	2024
2024-02-01	B/South_Australia/144/2023_EPI_ISL_18465701	0.000852	2.625398999999994	2.4813629999999995	0.4828585040201027	0.0008714924222847808	2.808373138331277	2024-09-01	ne_star-lbi	north	2024
2024-02-01	B/South_Australia/173/2023_EPI_ISL_18604343	0.0038929999999999998	2.1321449999999973	2.2552079999999983	-0.6029060306919303	0.0021136959842652254	2.14651594334497	2024-09-01	ne_star-lbi	north	2024
2024-02-01	B/South_Australia/182/2023_EPI_ISL_18778041	0.006658	3.1188189999999905	3.255192000000002	-1.2240281722632678	0.0025162152501964396	3.1414835128445744	2024-09-01	ne_star-lbi	north	2024
2024-02-01	B/South_Australia/184/2023_EPI_ISL_18604322	0.007317000000000001	2.1321449999999973	2.2552079999999983	-0.3519852319778254	0.004598953932410454	2.14651594334497	2024-09-01	ne_star-lbi	north	2024
2024-02-01	B/South_Australia/187/2023_EPI_ISL_18666876	0.007658	2.9422029999999944	3.098148999999993	-0.5210058267117406	0.004361360150616481	2.659756481168594	2024-09-01	ne_star-lbi	north	2024
2024-02-01	B/South_Australia/191/2023_EPI_ISL_18778043	0.006983	3.0896169999999907	3.255192000000002	-0.8536926793534456	0.0032754144475895417	3.114195385298236	2024-09-01	ne_star-lbi	north	2024
2024-02-01	B/South_Australia/76/2023_EPI_ISL_18160793	5.3e-05	3.603432999999993	3.4791889999999985	-12.016843780695103	3.693556234716271e-08	3.7894743940184514	2024-09-01	ne_star-lbi	north	2024
2024-02-01	B/South_Australia/89/2023_EPI_ISL_18242404	0.000133	3.603432999999993	3.4791889999999985	0.2915896960644928	0.00012168020101919668	3.7894743940184514	2024-09-01	ne_star-lbi	north	2024
2024-02-01	B/St.Petersburg/CRIE/23/2023_EPI_ISL_18478075	0.005442	2.972013999999994	3.116433999999995	-0.8536919528026342	0.0025526010279702444	2.6823439117618735	2024-09-01	ne_star-lbi	north	2024
2024-02-01	B/Stockholm/15/2023_EPI_ISL_18462056	9.7e-05	2.2425999999999946	2.2578249999999986	-6.401496517971607	1.7886441213924265e-06	1.4642915294146577	2024-09-01	ne_star-lbi	north	2024
2024-02-01	B/Surat_Thani/P5147/2023_EPI_ISL_18604042	0.00909	4.087820999999994	4.156699999999998	1.035657408785915	0.012836100837300128	3.2530720491882144	2024-09-01	ne_star-lbi	north	2024
2024-02-01	B/Surat_Thani/P5850/2023_EPI_ISL_18819770	0.016696000000000003	4.102406999999994	4.156521999999998	0.4453045304865548	0.016707927849090864	3.2888996727670086	2024-09-01	ne_star-lbi	north	2024
2024-02-01	B/Suriname/0484/2023_EPI_ISL_18304132	6.6e-05	1.9960429999999945	2.116449999999999	-15.76333669807337	5.1710898181551835e-09	1.6908231044305666	2024-09-01	ne_star-lbi	north	2024
2024-02-01	B/Swansea/5117/2023_EPI_ISL_18496584	0.002425	2.9422029999999944	3.098148999999993	-0.36705230216598517	0.0015108476695009688	2.659756481168594	2024-09-01	ne_star-lbi	north	2024
2024-02-01	B/Sydney/689/2023_EPI_ISL_18214613	3.5e-05	3.1302169999999903	3.247332000000002	-16.7863622712589	1.5098523500554524e-09	3.1453682550340596	2024-09-01	ne_star-lbi	north	2024
2024-02-01	B/Sydney/730/2023_EPI_ISL_18214647	5e-05	1.9960429999999945	2.116449999999999	-16.239831948739447	2.9668362915648974e-09	1.6908231044305666	2024-09-01	ne_star-lbi	north	2024
2024-02-01	B/Sydney/736/2023_EPI_ISL_18127113	3.3e-05	1.9960429999999945	2.116449999999999	-12.670449761280121	1.5707217636068535e-08	1.6908231044305666	2024-09-01	ne_star-lbi	north	2024
2024-02-01	B/Sydney/885/2023_EPI_ISL_18465689	0.000323	1.9960429999999945	2.116449999999999	1.2501186433083609	0.0005168958382855013	1.6908231044305666	2024-09-01	ne_star-lbi	north	2024
2024-02-01	B/Sydney/943/2023_EPI_ISL_18604369	0.003145	2.9797119999999935	3.1163699999999954	-0.8536901721656853	0.0014751816559391974	2.67128113299263	2024-09-01	ne_star-lbi	north	2024
2024-02-01	B/Tasmania/89/2023_EPI_ISL_18127130	3.3e-05	1.9960429999999945	2.116449999999999	-12.623273388718584	1.6145475884241674e-08	1.6908231044305666	2024-09-01	ne_star-lbi	north	2024
2024-02-01	B/Tennessee/06/2023_EPI_ISL_18786202	0.015366	1.9960429999999945	2.116449999999999	-0.340126672594489	0.009725032517043904	1.6908231044305666	2024-09-01	ne_star-lbi	north	2024
2024-02-01	B/Texas/07/2023_EPI_ISL_18092053__dup2	4e-05	6.5006179999999905	6.541180999999994	-16.7474565931323	1.7651545250517268e-09	6.390854352225931	2024-09-01	ne_star-lbi	north	2024
2024-02-01	B/Thueringen/22/2023_EPI_ISL_18839536	0.015366	4.557082999999995	4.442834000000002	-1.5943667570060942	0.00467890067538091	4.781641830531851	2024-09-01	ne_star-lbi	north	2024
2024-02-01	B/Trinidad/1157/2023_EPI_ISL_18234655	5e-05	4.119761999999989	4.254335999999998	-16.786478428359516	2.1567857835425223e-09	4.140439594464762	2024-09-01	ne_star-lbi	north	2024
2024-02-01	B/Tsiroanomandidy/01848/2023_EPI_ISL_18271054	2.2e-05	3.1243829999999906	3.253524000000002	-16.739761972640203	9.752024037122371e-10	3.1433892465048774	2024-09-01	ne_star-lbi	north	2024
2024-02-01	B/UAE/AbuDhabi/23390310/2023_EPI_ISL_17974888	1.3000000000000001e-05	2.1321449999999973	2.2552079999999983	-16.233910101707412	7.740466980375954e-10	2.14651594334497	2024-09-01	ne_star-lbi	north	2024
2024-02-01	B/Uppsala/5/2023_EPI_ISL_18462058	0.000199	2.2425999999999946	2.2578249999999986	3.9269428969796403	0.0015177354949435435	1.4642915294146577	2024-09-01	ne_star-lbi	north	2024
2024-02-01	B/Uppsala/6/2023_EPI_ISL_18462060	0.00046699999999999997	2.625398999999994	2.4813629999999995	0.6658939918687516	0.0005315092504121753	2.808373138331277	2024-09-01	ne_star-lbi	north	2024
2024-02-01	B/Utah/08/2023_EPI_ISL_18527556	0.003452	3.512356999999992	3.494613999999998	-0.6866698426621294	0.001784877075135755	3.0125607358034556	2024-09-01	ne_star-lbi	north	2024
2024-02-01	B/Valdivia/87947/2023_EPI_ISL_18786291	0.008542000000000001	8.408488999999989	8.507718999999994	-0.7444099335440095	0.0042704073760076915	8.339320693830462	2024-09-01	ne_star-lbi	north	2024
2024-02-01	B/Venezuela/0971/2023_EPI_ISL_18786242	0.003047	2.9894549999999938	3.1014639999999947	-0.40250896356338267	0.001859511440789515	2.686877057229729	2024-09-01	ne_star-lbi	north	2024
2024-02-01	B/Venezuela/6618/2023_EPI_ISL_18786326	0.0029519999999999998	1.9960429999999945	2.116449999999999	-0.6785643455347422	0.0015335830918702447	1.6908231044305666	2024-09-01	ne_star-lbi	north	2024
2024-02-01	B/Venezuela/7513/2023_EPI_ISL_18786331	0.006658	3.97240499999999	4.252663999999998	-0.4002761993763974	0.004068514202143287	4.069178611781093	2024-09-01	ne_star-lbi	north	2024
2024-02-01	B/Victoria/1247/2023_EPI_ISL_18778061	0.003452	2.1321449999999973	2.2552079999999983	-0.5976427101204852	0.0018800192974170742	2.14651594334497	2024-09-01	ne_star-lbi	north	2024
2024-02-01	B/Victoria/1256/2023_EPI_ISL_18485003	0.0033469999999999997	2.625398999999994	2.4813629999999995	-0.017414046888026613	0.002557063195222025	2.808373138331277	2024-09-01	ne_star-lbi	north	2024
2024-02-01	B/Victoria/1270/2023_EPI_ISL_18604341	0.0038929999999999998	4.452128999999991	4.334061999999999	-0.5551884863556826	0.0021733577038655833	4.326308158168974	2024-09-01	ne_star-lbi	north	2024
2024-02-01	B/Victoria/1285/2023_EPI_ISL_18485079	0.0041270000000000005	2.625398999999994	2.4813629999999995	0.28574439004684987	0.0037628933169813984	2.808373138331277	2024-09-01	ne_star-lbi	north	2024
2024-02-01	B/Victoria/438/2023_EPI_ISL_18160842	1.7e-05	2.1321449999999973	2.2552079999999983	-16.25855886006177	9.977649717941896e-10	2.14651594334497	2024-09-01	ne_star-lbi	north	2024
2024-02-01	B/Victoria/443/2023_EPI_ISL_18485101	1.1e-05	3.1321129999999906	3.255192000000002	-16.419046897854518	5.879145746103332e-10	3.146515942169138	2024-09-01	ne_star-lbi	north	2024
2024-02-01	B/Victoria/538/2023_EPI_ISL_18214580	1.4999999999999999e-05	3.13078099999999	3.255192000000002	-16.27098670086716	8.740215504489575e-10	3.1460154974412484	2024-09-01	ne_star-lbi	north	2024
2024-02-01	B/Victoria/569/2023_EPI_ISL_18465678	3.7e-05	4.603348999999993	4.450369000000003	-16.091464517175794	2.3939356785366115e-09	4.789474389230574	2024-09-01	ne_star-lbi	north	2024
2024-02-01	B/Victoria/586/2023_EPI_ISL_18074095	6.2e-05	3.603432999999993	3.4791889999999985	-14.833686945543478	8.354988577062984e-09	3.7894743940184514	2024-09-01	ne_star-lbi	north	2024
2024-02-01	B/Victoria/603/2023_EPI_ISL_18074097	5e-05	1.9960429999999945	2.116449999999999	-16.239831948739447	2.9668362915648974e-09	1.6908231044305666	2024-09-01	ne_star-lbi	north	2024
2024-02-01	B/Victoria/629/2023_EPI_ISL_18127126	9.7e-05	2.1321449999999973	2.2552079999999983	-15.856483245675669	7.198007223722341e-09	2.14651594334497	2024-09-01	ne_star-lbi	north	2024
2024-02-01	B/Victoria/785/2023_EPI_ISL_18465655	0.000242	3.5924349999999925	3.4683799999999985	-0.18177673106233472	0.00016798160545882906	3.7874182920022053	2024-09-01	ne_star-lbi	north	2024
2024-02-01	B/Victoria/796/2023_EPI_ISL_18485049	1.7e-05	3.1321009999999907	3.255192000000002	-16.786473551310575	7.333092526261402e-10	3.146515941878349	2024-09-01	ne_star-lbi	north	2024
2024-02-01	B/Victoria/800/2023_EPI_ISL_18484991	1.9e-05	2.1321449999999973	2.2552079999999983	-16.268107715798283	1.1089547884183546e-09	2.14651594334497	2024-09-01	ne_star-lbi	north	2024
2024-02-01	B/Victoria/908/2023_EPI_ISL_18242465	0.000389	3.5924349999999925	3.4683799999999985	-0.24257474923930694	0.0002606114469135358	3.7874182920022053	2024-09-01	ne_star-lbi	north	2024
2024-02-01	B/Victoria/909/2023_EPI_ISL_18242466	0.00035499999999999996	2.625398999999994	2.4813629999999995	0.5228481110421253	0.0003716920553698274	2.808373138331277	2024-09-01	ne_star-lbi	north	2024
2024-02-01	B/Vina_Del_Mar/52217/2023_EPI_ISL_18304118	4.2e-05	7.425937999999976	7.507734999999997	-13.092286358495848	1.5630295296701804e-08	7.348620047790174	2024-09-01	ne_star-lbi	north	2024
2024-02-01	B/Wisconsin/10/2023_EPI_ISL_17981460	1.3000000000000001e-05	3.1735409999999877	3.1537919999999984	-10.662359682385539	1.9964346428313867e-08	2.3864911765471826	2024-09-01	ne_star-lbi	north	2024
2024-02-01	B/YOKOHAMA/4/2023_EPI_ISL_18799182	0.0038929999999999998	4.098092999999989	4.235610999999998	-1.2240264847540192	0.0014712579771164985	4.1285704178816465	2024-09-01	ne_star-lbi	north	2024
2024-02-01	B/Zambia/1690/2023_EPI_ISL_18742909	0.000126	2.1321449999999973	2.2552079999999983	0.5126032719484364	0.00013113845384330372	2.14651594334497	2024-09-01	ne_star-lbi	north	2024
2024-02-01	B/Zambia/1696/2023_EPI_ISL_18742913	0.000133	2.1321449999999973	2.2552079999999983	0.3131921345034149	0.0001232232464976176	2.14651594334497	2024-09-01	ne_star-lbi	north	2024
2024-02-01	B/Zambia/1705/2023_EPI_ISL_18742914	0.000155	2.1321449999999973	2.2552079999999983	-0.3963618355021692	9.493260593113932e-05	2.14651594334497	2024-09-01	ne_star-lbi	north	2024
2024-02-01	B/Zambia/1712/2023_EPI_ISL_18742904	0.000171	5.014052999999992	5.218176999999998	-0.8536803428399213	8.020906503937833e-05	5.067105726551892	2024-09-01	ne_star-lbi	north	2024
2024-02-01	B/Zambia/1754/2023_EPI_ISL_18742930	0.000308	3.640081999999992	3.6245979999999953	-1.1706935171477255	0.00012007882638792749	3.464255381381383	2024-09-01	ne_star-lbi	north	2024
2024-02-01	B/Zambia/1755/2023_EPI_ISL_18742912	0.000308	2.1321449999999973	2.2552079999999983	0.15794617106230455	0.00026065253368695633	2.14651594334497	2024-09-01	ne_star-lbi	north	2024
2024-02-01	B/Zambia/1759/2023_EPI_ISL_18742907	0.000323	2.1321449999999973	2.2552079999999983	-0.452931341780195	0.00019140575686658196	2.14651594334497	2024-09-01	ne_star-lbi	north	2024
2024-02-01	B/Zhejiang-Haishu/12386/2023_EPI_ISL_18820554	0.011578	2.2425999999999946	2.2578249999999986	0.6790487769131418	0.013278838987388339	1.4642915294146577	2024-09-01	ne_star-lbi	north	2024
2024-02-01	B/Zhejiang-Nanhu/1949/2023_EPI_ISL_18613844	0.0022670000000000004	4.0404399999999905	4.136551999999998	-0.7304078111471723	0.0011426376646432952	4.0591398977728765	2024-09-01	ne_star-lbi	north	2024
2024-02-01	B/Zhejiang-Pinghu/3145/2023_EPI_ISL_18820467	0.013519999999999999	2.2425999999999946	2.2578249999999986	1.1929191656834415	0.02092600756181652	1.4642915294146577	2024-09-01	ne_star-lbi	north	2024
